date_only,09:15:00,09:20:00,09:25:00,09:30:00,09:35:00,09:40:00,09:45:00,09:50:00,09:55:00,10:00:00,10:05:00,10:10:00,10:15:00,10:20:00,10:25:00,10:30:00,10:35:00,10:40:00,10:45:00,10:50:00,10:55:00,11:00:00,11:05:00,11:10:00,11:15:00,11:20:00,11:25:00,11:30:00,11:35:00,11:40:00,11:45:00,11:50:00,11:55:00,12:00:00,12:05:00,12:10:00,12:15:00,12:20:00,12:25:00,12:30:00,12:35:00,12:40:00,12:45:00,12:50:00,12:55:00,13:00:00,13:05:00,13:10:00,13:15:00,13:20:00,13:25:00,13:30:00,13:35:00,13:40:00,13:45:00,13:50:00,13:55:00,14:00:00,14:05:00,14:10:00,14:15:00,14:20:00,14:25:00,14:30:00,14:35:00,14:40:00,14:45:00,14:50:00,14:55:00,15:00:00,15:05:00,15:10:00,15:15:00,15:20:00,15:25:00
2015-01-14,0.0,-0.030696078726404914,-0.02467723976044145,-0.08185620993709437,0.030094194829817327,0.07884679045411264,0.1348219928375904,0.16311053597760117,0.12820126997501743,0.06199404134941931,-0.051160131210689457,-0.039724337175350115,-0.03611303379578079,-0.11736735983628759,-0.19019531132443676,-0.039724337175350115,-0.13060880556141158,-0.07643925486774039,-0.10352403021457598,-0.0024075355863941448,-0.013241445725124004,-0.03370549820938665,-0.11977489542268173,-0.2010292214631885,-0.2052424087393454,-0.27626470853773183,-0.3057570194709397,-0.21487255108490008,-0.252189352673878,-0.30034006440158567,-0.2251045773270424,-0.18176893677210104,-0.2431610942249328,-0.2810797797104982,-0.4068735140991215,-0.3611303379578079,-0.3912245327876253,-0.3797887387522859,-0.3936320683740194,-0.7385115411237216,-0.7547624063318273,-0.7174456047428496,-0.6458214210478754,-0.6801288031538716,-0.7571699419181996,-0.6711005447049264,-0.6741099641879081,-0.671702428601514,-0.5904481025610072,-0.5904481025610072,-0.6000782449065619,-0.6235517168738063,-0.7361040055373275,-0.6440157693580908,-0.5778085407324927,-0.6488308405308573,-0.6987872039483496,-0.6085046194588977,-0.665081705738963,-0.4189111920310485,-0.3087664389539214,-0.18237082066868862,-0.18598212404827985,-0.2648289145023925,-0.2955249932287974,-0.4797014655872926,-0.5537331848686388,-0.6241536007704157,-0.5651689789039782,-0.5224352222456244,-0.32020223298926076,-0.43335640554936955,-0.4116885852719098,-0.3268229558518118,-0.2636251467091954
2015-01-21,0.0,-0.12385818238116522,-0.011468350220479035,-0.04472656585986406,-0.033258215639385025,0.12615185242526936,0.12099109482606632,0.12615185242526936,0.10894932709455082,0.1932417012150759,0.20069612885838306,0.021216447907890384,-0.038992390749624545,0.023510117951994536,0.10264173447329569,0.09346705429689994,0.02408353546301014,0.06938351883391067,-0.021789865418905992,-0.05906200363546285,-0.1324594450465245,-0.18693410859379989,-0.21331131410091422,-0.1989758763253154,-0.16973158326308135,-0.2511568698284867,-0.1703050007741178,-0.09518730682996764,-0.06250250870159822,-0.03727213821655686,-0.13704678513471194,-0.0957607243410041,-0.0344050506614371,-0.0011468350220520756,0.03555188568348917,0.06766326630082213,0.0028670875551197587,-0.013188602753546715,0.04128606079372869,0.04243289581578077,0.0034405050661562267,-0.015482272797650867,0.004587340088187441,-0.09404047180791555,-0.14278096024495146,-0.049887323459087966,-0.11066957962761849,-0.05963542114647846,0.0011468350220520756,0.0005734175110364681,0.01261518524253111,-0.0223632829299216,0.049887323459087966,0.13475311509062865,0.08773287918666044,0.04816707092602028,0.06594301376775444,0.06192909119058261,0.05562149856932748,-0.02465695297402575,-0.05218099350317126,-0.15310247544339928,-0.07397085892207725,-0.1112429971386341,0.005734175110239517,0.0034405050661562267,0.018349360352770627,0.1295923574914256,0.0963341418520197,0.04013922577167661,0.07970503403233763,0.12041767731502985,0.13360628006857656,0.08486579163154068,0.1295923574914256
2015-01-28,0.0,-0.04156019207549047,-0.09435286849568544,0.020218471820496728,0.1583780292606258,0.014040605430906182,-0.14714554491590087,-0.008985987475771784,-0.08873662632332296,0.0022464968689531618,0.04156019207549047,0.10558535284041039,0.0831203841509605,-0.00954761169302029,0.00954761169302029,0.04324506472719512,0.04324506472719512,0.03257420459969825,-0.044929937378899776,0.0011232484344765809,0.07750414197859803,0.13085844261604151,0.1668023925191695,0.290921344528372,0.29148296874562046,0.4622167307854274,0.4695178456094945,0.6104855241358048,0.559377720367294,0.558254471932838,0.5824043132739924,0.6413748560837984,0.5543231024121801,0.5829659374912205,0.5649939625396566,0.6099238999185563,0.5897054280980596,0.6222796326977579,0.7615624385723431,0.8278340962062366,0.9092696077054924,0.6256493780011876,0.45997023391649466,0.261155261014855,0.2549773946252644,0.28698997500771417,0.184212743253485,0.2561006430597206,0.2853051023560095,0.3324815366038624,0.2650866305355128,0.11850270983684,0.21397882676700203,0.08929825054057149,0.06009379124428253,0.04043694364101389,-0.10333885597147766,-0.023026592906677964,0.17803487686389446,0.10221560753700108,0.05672404594085279,-0.13142006683329002,-0.23082755328408944,-0.13591306057117591,-0.12299570357474632,-0.24486815871499562,-0.285866726573258,-0.18814411277414284,-0.04942293111678567,-0.047176434247852936,0.08255875993373242,0.1269270730953837,0.19656847603268654,0.12018758248856506,0.09435286849568544
2015-02-04,0.0,-0.2110556766012558,-0.20934902692523893,-0.19740247919310017,-0.26851288236064197,-0.22982882303748267,-0.33962328552818377,-0.21617562562932707,-0.3663607971191629,-0.31117912426116706,-0.3271078545706923,-0.4653464783283894,-0.5410079472986498,-0.6087050511141578,-0.6126872336915443,-0.4841196247646163,-0.5159770853836875,-0.4926528731447213,-0.7623035219560481,-0.7520636238999262,-0.6542157091413846,-0.6621800742961368,-0.504030537651528,-0.40845815579435596,-0.4909462234687045,-0.5091504866795993,-0.35498313261235626,-0.3771695784006376,-0.29581927717697387,-0.45112439769488105,-0.4431600325401081,-0.40788927256902396,-0.4061826228929864,-0.3510009500349905,-0.40163155709026777,-0.48468850798996904,-0.46932866090577585,-0.49322175637007404,-0.47615525960986405,-0.4972039389474398,-0.4721730770324776,-0.5131326692569858,-0.46420871187770457,-0.48639515766598596,-0.4670531280044063,-0.3345033365001125,-0.3976493745128813,-0.28614826234618407,-0.20195354499581872,-0.24405090367099103,-0.38001399452733925,-0.36124084809111234,-0.3595341984150955,-0.40959592224504077,-0.35498313261235626,-0.3566897822883938,-0.2895615616982178,-0.27078841526199093,-0.24973973592439438,-0.3032147591063941,-0.338485519077499,-0.31971237264127206,-0.2810283133181128,-0.32995227069739397,-0.3401921687535159,-0.2906993281489026,-0.2924059778249195,-0.3117480074864991,-0.30549029200776373,-0.47956855896189776,-0.48980845701801967,-0.556936677608175,-0.7372726600410652,-0.789041033547048,-0.9062309779671487
2015-02-11,0.0,0.09356874687621136,0.12320853625934658,0.058117234084595445,0.09473109155790749,0.0836888170818259,0.07845826601420386,-0.08136412771843363,-0.01975985958874977,0.04823730429023114,0.05056199365360227,0.06625364685644727,0.07555240430997408,0.26617693210746407,0.24234886613276724,0.228400729952477,0.16912115118618545,0.19701742354678703,0.05986075110715023,0.004068206385925911,0.01220461915777773,0.05521137238036568,0.049980821312764774,0.1115850894424275,0.0517243383352984,0.04242558088177159,-0.005230551067600905,0.007555240431014323,0.14006253414388772,0.1150721234875159,0.08078295537759614,0.10693571071566409,0.08717585112689318,0.08891936814944795,0.23944300442853747,0.17435170225378635,0.174932874594645,0.1673776341636518,0.17435170225378635,0.2144525937721657,0.271407483175065,0.23305010867924045,0.16505294480025953,0.15749770436926636,0.14471191287065113,0.1877186660932602,0.20457266397778023,0.4469215301105475,0.40217125986540475,0.4794671811979125,0.40914532795556047,0.39171015773018175,0.19062452779749,0.12378970860020522,0.18132577034394204,0.22375135122569248,0.2196831448397877,0.23769948740600386,0.21038438738623977,0.24176769379192975,0.28709913637791,0.2818685853102879,0.28709913637791,0.4289051875443314,0.33359292364558635,0.3765996768681954,0.45389559820070313,0.4399474620203918,0.4800483535387711,0.3655574023921139,0.3609080236653504,0.271407483175065,0.2580405193356123,0.28593679169621383,0.3022096172398963
2015-02-18,0.0,0.24059331218685395,0.20314246642192868,0.16966368005629803,0.25477923861296514,0.26442566858272487,0.2286771339889288,0.2576164238981874,0.3398947971696323,0.3353553007132808,0.4187685480988187,0.42784754101152156,0.44146603038059656,0.42047085926994787,0.4108244293001882,0.47267506851804114,0.4658658238335037,0.5175025960245401,0.44600552683694805,0.5112607883970595,0.5192049071956694,0.3960710658170408,0.4233080445551702,0.44089859332353976,0.4891307431723178,0.529418774222486,0.4511124603503357,0.4789168761455218,0.48742843200118857,0.5441721377056333,0.5004794843132068,0.4658658238335037,0.4465729638939842,0.4431683415517258,0.3694015241359476,0.4340893486390022,0.32400655957239183,0.32400655957239183,0.3268437448576141,0.38642463584728104,0.37450845764933527,0.385289761733188,0.4051500587297437,0.4085546810720021,0.38642463584728104,0.4789168761455218,0.44884271212217025,0.4709727573468913,0.4760796908602996,0.5282839001083929,0.5237444036520414,0.4664332608905398,0.2882580249785958,0.3642945906225394,0.3586202200520949,0.41309417752837424,0.46416351266237454,0.5691393682155973,0.6752500978828924,0.6270179480341144,0.658226986171559,0.6814919055103937,0.600915843410078,0.6190738292355045,0.8142721768587821,0.815407050972875,0.7819282646072651,0.9232200918113199,0.8244860438855985,0.830160414456043,0.6911383354801535,0.6769524090540422,0.662766482627931,0.5566557529606153,0.5827578575846516
2015-02-25,0.0,0.056801076948418946,0.17040323084525683,0.2902535032064332,0.35898280631401186,0.30047769705714444,0.2896854924369366,0.22095618932935798,0.20789194163122576,0.21868414625141297,0.23742850164438703,0.12893844467291515,0.1510908646828068,0.1266664015949701,0.2567408678068578,0.24367662010872554,0.25617285703738185,0.1868755431603066,0.16813118776733246,0.161883069302994,0.18119543546546468,0.11928226159167979,0.13745860621517797,0.15336290776073117,0.16813118776733246,0.18971559700772755,0.2237962431767789,0.17381129546217436,0.2294763508716208,0.24935672780356744,0.26014893242375464,0.23799651241388364,0.2652610293491206,0.20732393086172915,0.22834032933264828,0.2249322647157514,0.19993979085843883,0.2289083401021242,0.15449892929970366,0.2289083401021242,0.16131505853351807,0.14086667083207485,0.1766513493095953,0.2607169431932512,0.22550027548522733,0.27434920166085935,0.24481264164769806,0.20618790932275663,0.06929731387707525,0.11814624005270727,0.1459787677574408,0.107922046201996,0.16699516622835994,0.14654677852691675,0.1686991985368084,0.15449892929970366,0.04714489386718359,-0.09883387389023655,-0.2595809216542787,-0.18573952162133409,-0.3550067309276184,-0.33399033245669923,-0.28684543858951567,-0.2726451693524109,-0.39931157094738107,-0.35898280631401186,-0.3959035063304842,-0.36920700016472313,-0.5549465217860572,-0.3930634524830633,-0.43566426019437743,-0.45156856173993065,-0.351030655541225,-0.3902233986356423,-0.4436164109671437
2015-03-04,0.0,-0.29530746557032916,-0.2964052628401113,-0.4429611983555037,-0.49126427822574004,-0.39246252394570297,-0.34525724134522884,-0.393011422580584,-0.46272154921150316,-0.43747221200661274,-0.3304369782032392,-0.2728026215398842,-0.30573653963322994,-0.30463874236344773,-0.3540396195034663,-0.36885988264547587,-0.38477794305724766,-0.334828167282348,-0.29805195874477464,-0.3458061399801299,-0.38038675397813887,-0.4687594341952752,-0.5527409253333228,-0.513769122256185,-0.4753462178139483,-0.44790128606949353,-0.5099268318119573,-0.6136686738060042,-0.6043373970128857,-0.5560343171426494,-0.5790880598079953,-0.6142175724408854,-0.6262933424084495,-0.7366219680211695,-0.9649638001350251,-0.8332281277616423,-0.756382318877169,-0.6745964222786859,-0.7706536833842775,-0.7596757106864956,-0.6861232936113688,-0.6954545704044874,-0.7289373871327143,-0.7371708666560507,-0.7036880499278239,-0.588968235235995,-0.5582299116822137,-0.6625206523111417,-0.7091770362767148,-0.7624202038609411,-0.68173210453226,-0.7399153598304962,-0.7174105158000512,-0.635075720566687,-0.6229999505991229,-0.6323312273922416,-0.670205233199577,-0.6131197751711231,-0.5955550188546681,-0.7712025820191785,-0.9265408956927885,-0.8787867144574332,-0.8721999308387601,-1.2399620162144538,-1.362915310429619,-1.4364677275047657,-1.7164060312982041,-1.8064254074200037,-2.255973389394181,-1.9881108555683062,-1.8108165964991128,-1.9255364111909412,-2.078679130325007,-2.0951460893716796,-2.1802253777794895
2015-03-11,0.0,-0.059573249319784936,-0.016611771444946043,0.03551482170987099,0.038378920234860246,-0.11742803952455964,-0.045825576399828157,-0.10138908778462397,0.020621509379914332,0.112845481884581,0.13690390949449496,0.11227266217957065,0.1271659745095273,0.09279679220965618,-0.08076757840468879,-0.21423456966920496,-0.17127309179436606,-0.0842044966346884,-0.019475869969935302,-0.02348560790490359,-0.021767148789914204,-0.06301016754976371,-0.1002434483746241,-0.20277817556924793,-0.18215666618931275,-0.22454532435916214,-0.3127595589288188,-0.31676929686380795,-0.45768294429329204,-0.375196906773593,-0.2749534583989689,-0.2709437204639798,-0.3356723471287329,-0.37634254618359286,-0.31104109981382944,-0.20392381497922693,-0.20564227409423716,-0.2348560790491193,-0.20564227409423716,-0.08477731633967792,-0.09795216955462434,-0.15007876270944137,-0.2004868967492482,-0.19590433910926952,-0.082486037519699,-0.09680653014464531,-0.16898181297436632,-0.17871974795933399,-0.15007876270944137,-0.1844479450093125,-0.38149792352856104,-0.3568666762136576,-0.304167263353851,-0.2875554919089258,-0.15466132034942004,-0.14263210654447347,0.011456394099957039,-0.1002434483746241,-0.11399112129458087,-0.06014606902477446,-0.018903050264924944,0.0412430187598495,0.26865244164400087,0.21767148789918372,0.05842760990978507,0.08706859515967766,-0.06301016754976371,-0.036087641414860504,-0.04754403551481754,-0.1059716454246026,-0.2921380495489045,-0.20335099527423744,-0.38493484175856063,-0.37576972647858253,-0.380352284118582
2015-03-18,0.0,-0.351142069565006,-0.2819430623706052,-0.301387411499621,-0.305962552471148,-0.32311933111439,-0.5249974264831994,-0.610209427077976,-0.5924807558132802,-0.4575140971531185,-0.42777568083816164,-0.4546546340459115,-0.36543938510104096,-0.35743288840087384,-0.42034107675942767,-0.5009779363826565,-0.6479543400931,-0.6033467156206751,-0.5810429033844522,-0.5564515206624763,-0.613068890185183,-0.6022029303777882,-0.5907650779489602,-0.5284287822118394,-0.5164190371615784,-0.5890494000846401,-0.5312882453190464,-0.41176268743780664,-0.46609248647473955,-0.5135595740543714,-0.4060437612233927,-0.33455718354321795,-0.2018780953688094,-0.23619165265529327,-0.23962300838393336,-0.2647862837273632,-0.22932894119799238,-0.27107710256321027,-0.2876619885850191,-0.31396904917131513,-0.21331594779763738,-0.19959052488303547,-0.30539065984969416,-0.33341339830033095,-0.35857667364376083,-0.31911608276429604,-0.2933809147994331,-0.3168285122785221,-0.23447597479097326,-0.28423063285637906,-0.29967173363528016,-0.4374978554026696,-0.5227098559974255,-0.5375790641549143,-0.5215660707545593,-0.6090656418350892,-0.7497512267096648,-0.647382447471667,-0.5558796280410432,-0.5930526484347342,-0.4998341511397695,-0.5015498290041104,-0.5261412117260863,-0.5615985542554572,-0.633085131935632,-0.6222191721282371,-0.7955026364249767,-0.7057154948586729,-0.7611890791384927,-0.7434604078738176,-0.7777739651603015,-0.607349963970769,-0.621647279506804,-0.6548170515504009,-0.6765489711651699
2015-03-25,0.0,-0.021589702295514754,-0.17155060742917888,-0.12953821377306732,-0.11203304974968041,-0.1353732684475296,-0.22464960496679856,-0.182053705843228,-0.13945780671963623,-0.17738566210364118,-0.17330112383153456,-0.22756713230402972,-0.2509073510018789,-0.24915683459954446,-0.2970042829301183,-0.22990115417380186,-0.15812998167791983,-0.11261655521711815,-0.10444747867286244,-0.1563794652755854,-0.16804957462451,-0.20481041907361824,-0.1983918589317182,-0.1797196839734346,-0.15462894887325096,-0.18905577145256577,-0.23865373618549535,-0.21414650655277065,-0.25032384553441994,-0.25557539474144453,-0.31450944695350525,-0.28650118451609047,-0.2713300423624969,-0.18847226598512806,-0.25382487833911005,-0.31625996335586093,-0.2643279767531379,-0.3034228430720396,-0.4177899146914922,-0.3390166765862511,-0.3016723266697051,-0.3506867859351757,-0.3792785538400495,-0.33318162191178885,-0.31625996335586093,-0.3115919196162741,-0.3325981164443511,-0.3255960508349921,-0.3827795866447184,-0.41020434361469543,-0.4043692889402331,-0.5368250300505316,-0.5082332621456578,-0.4487157044661382,-0.42770950763808235,-0.38336309211217734,-0.45688478101039387,-0.40611980534256753,-0.41545589282172,-0.35185379687007245,-0.3641074116864348,-0.3273465672373265,-0.26899602049270355,-0.29758778839757727,-0.3699424663608971,-0.39444969599364305,-0.45688478101039387,-0.4469651880638037,-0.5111507894828891,-0.42304146389851677,-0.3594393679468692,-0.48722706531760207,-0.4347115732474413,-0.42479198030085125,-0.4848930434478087
2015-04-01,0.0,-0.06718766575905238,-0.030647005433954093,0.063651472824353,0.028878908966593685,-0.02062779211900468,-0.13909025543101583,-0.019449061140792992,0.01768096467343258,-0.015323502716987767,0.04655987364002627,0.048917335596492514,0.01885969565164427,0.10019213314945129,0.14969883423504965,0.04007685325977623,-0.02593208152104303,0.013555406249627356,0.0141447717387332,0.001178730978211686,0.08015370651955246,0.03948748777064894,0.06836639673726407,0.04597050815092042,0.06600893478079782,0.025342716031915746,0.06306210733522571,0.005893654891144193,-0.02239588858636509,-0.03889812228156454,-0.015323502716987767,0.057757817933208805,0.07956434103044661,0.12966040760517228,0.12140929075756181,-0.023574619564576772,-0.010608578804076702,0.04302368070534832,-0.005304289402038351,0.01944906114077155,0.017091599184305296,0.035951294835971,0.07956434103044661,0.31943609509999815,0.3418319836863632,0.39605360868487266,0.3188467296108923,0.3695321616747238,0.344189445642808,0.34713627308838013,0.5109798790621844,0.5569503872131263,0.5109798790621844,0.41196647689096627,0.5251246508009391,0.4756179497153193,0.49565637634521814,0.6630361752537218,0.5174628994424559,0.5321970366703164,0.670697926612205,0.672466023079544,0.5598972146586984,0.5439843464526047,0.6200124945483521,0.6158869361245682,0.7308132065018801,0.7260982825889475,0.9270719143769774,1.0337470679066787,1.0832537689922985,1.161639379044512,1.1575138206207067,1.256527222791925,1.3296085434421214
2015-04-08,0.0,0.015519114375856222,0.045982561113697626,0.1390972473689186,0.15116766966127676,0.18565459049655,0.13277464521579352,0.07759557187936475,-0.0011495640278466226,0.04023474097448542,0.09311468625522097,0.11093292868679133,-0.04483299708587191,-0.09196512222739525,-0.19657544876106153,-0.0971381603526946,-0.029313882709994785,-0.013219986320204795,-0.02529040861254206,-0.05632863736429632,-0.04253386903017867,0.00919651222273116,0.01092085826449064,0.08104426396288371,0.06437558555915995,0.05805298340603489,0.09656337833876083,0.006897384167037915,-0.12817638910444887,-0.010346076250598694,0.06437558555915995,0.12932595313227457,0.18048155237125063,0.1868041545243966,0.21037021709515827,0.2971623011972542,0.3069335954339191,0.3023353393225535,0.2689979825151269,0.2621005983480681,0.27876927675179186,0.243132791888672,0.16841113007891337,0.105759890561492,0.03161301076566712,0.1069094545893386,0.14484506750813078,0.21554325522045764,0.16036418188400794,0.07069818771230592,0.11668074882600354,0.14024681139676523,0.1781824243155783,0.18910328258006895,0.1971502307749744,0.1649624379953735,0.10518510854757913,0.22129107535966983,0.2735962386264925,0.1868041545243966,0.13219986320188065,0.12415291500697523,0.12357813299306236,0.07472166180975864,0.21266934515085154,0.1965754487610406,0.20462239695594608,0.20634674299770556,0.18622937251046284,0.2011737048724271,0.10231119847797304,0.15863983584224844,0.20232326890025285,0.17875720632949116,0.17645807827379792
2015-04-15,0.0,-0.23347183357358475,-0.27473925209869443,-0.19390033635772222,-0.1266287910907683,-0.11475734192599718,-0.2227309986150058,-0.2888719296757881,-0.24082082591366938,-0.2543881963876876,-0.3431414115718405,-0.4064558071172246,-0.3770598377568655,-0.3855394443031218,-0.38723536561236893,-0.3538822465304194,-0.36179654597360017,-0.40815172842647185,-0.449984454054657,-0.4318946267559934,-0.4556375250854945,-0.3668843099013621,-0.4058905000141285,-0.3776251448599411,-0.38214760168460693,-0.42284971310664105,-0.42906809124057466,-0.4454619972299911,-0.43528646937448773,-0.46807428135334106,-0.5008620933321944,-0.5189519206308786,-0.4771191950026934,-0.4256762486220598,-0.4205884846943184,-0.4064558071172246,-0.36179654597360017,-0.35557816783968715,-0.4041945787048814,-0.3634924672828473,-0.29226377229430295,-0.29113315808813134,-0.33466180502558424,-0.3250515842731564,-0.3295740410978223,-0.337488340541003,-0.34483733288108764,-0.3182678990361473,-0.3425761044687444,-0.44433138302381947,-0.40475988580795697,-0.34483733288108764,-0.32279035586081317,-0.34992509680884964,-0.3787557590661127,-0.3193985132423189,-0.31770259193307177,-0.22668814833657563,-0.1995534073885597,-0.18089827298680008,-0.21933915599649098,-0.2216003844088342,-0.22838406964584332,-0.22216569151190974,-0.1888125724299808,-0.13454309053392846,-0.16337375279121205,-0.15545945334803132,-0.21933915599649098,-0.3742333022414468,-0.8394810480793691,-1.0164221713445787,-1.245936855196594,-1.1096978433533977,-1.181491845445038
2015-04-22,0.0,0.17499166706348182,0.1690395695443161,0.07737726774915481,-0.053568877672491785,0.02202276082091762,-0.15118327698679718,-0.038688633874577404,0.03214132660350374,0.02916527784392086,-0.033926955859249125,-0.012499404790239423,-0.0922575115470692,-0.17439645731155226,-0.13689824294081235,-0.11606590162373222,-0.18927670110946665,-0.2499880958049617,-0.315461168515785,-0.27141564687394976,-0.0946383505547225,-0.018451502309405177,-0.054759297176329276,-0.06428265320698581,-0.055354506928237186,-0.06666349221466078,0.03095090709966625,0.04702157040141812,-0.05654492643207467,-0.1178515308794776,-0.1172563211275697,-0.03154611685157417,-0.03630779486690244,-0.03630779486690244,-0.08213894576448308,-0.11308985286414934,-0.1333269844292999,-0.08511499452406596,-0.05833055568782006,-0.07440121898957193,-0.11070901385647437,-0.08987667253939423,-0.12380362839864337,-0.1416599209561406,-0.2612970810913636,-0.4243845531165139,-0.3273653635541165,-0.41426598733392783,-0.3827198704823537,-0.41367077758202,-0.5118803866482549,-0.4737869625255854,-0.74758344840721,-0.7422265606399738,-0.8463882672253746,-1.0850673777439126,-1.2755344983572168,-1.1433979334317328,-1.1666111137564878,-1.0594733584115044,-1.086853006999658,-1.139826674920242,-0.9916194466930061,-0.9338841007570939,-0.5541402790343231,-0.47735822103709785,-0.23391743250320984,-0.013689824294076905,-0.09106709204323171,-0.11844674063138552,0.1291605161659012,0.413075567830112,0.4785486405409353,0.373791724203605,0.413075567830112
2015-04-29,0.0,-0.1299125054381979,-0.1287040170155126,-0.05196500217527038,0.03867162952579794,0.12145308647944474,-0.0018127326340169698,-0.033233431623725045,-0.07553052641755693,-0.09305360854641694,-0.12326581911343971,-0.12084884226809109,-0.15226954125777717,-0.3268961183351776,-0.254386812974323,-0.32870885096919455,-0.4827911248610107,-0.6036399671291018,-0.5691980470826914,-0.5510707207424778,-0.5178372891187527,-0.538381592304337,-0.4447237395465664,-0.41934548267026284,-0.40242664475273454,-0.4175327500362459,-0.4163242616135606,-0.5299221733455618,-0.5649683376033259,-0.5287136849228985,-0.46889350800018464,-0.48943781118576885,-0.37704838787643097,-0.39638420263932994,-0.466476531154814,-0.42901339005172334,-0.34441920046405955,-0.39336298158262767,-0.43505583216512783,-0.41874123845893124,-0.27613960458257053,-0.2966839077681548,-0.2900372214434186,-0.16193744863923765,-0.07613477062888858,0.21329820660319834,0.2042345434330915,0.0459225600618878,-0.005438197902050909,0.06948808430415236,0.08036448010829816,0.09063663170106831,0.18489872867019255,0.17643930971141739,0.2441146613815528,0.3105815246290029,0.25136559191764263,0.1909411707835971,-0.13051674964952958,0.04048436215981491,0.07613477062891058,-0.043505583216495204,0.06707110745880374,0.11903610963407411,-0.018731570551545326,-0.4477449606032686,-0.4960844975105051,-0.3407937351960037,-0.2852032677526774,-0.320853676221773,-0.38913327210324006,-0.48641659012906663,-0.4211582153042798,-0.39880117948470056,-0.42538792478366744
2015-05-06,0.0,-0.11903903037298459,-0.1581174999398749,-0.09438953418464713,-0.2675372147271721,-0.4996032032321031,-1.1843782314888296,-1.2607315489502966,-1.3262631363778599,-1.5709544765889971,-1.6154438111728393,-2.001418849048899,-1.781978212250207,-1.8300747901786873,-1.70863093090927,-1.8643436019527233,-2.055527499218439,-2.0212586874443925,-1.9100353509847818,-1.7952047711805326,-1.6310751989995975,-1.69360075030662,-1.793401149508219,-1.9905971190149843,-1.94670899165525,-2.080778202630885,-1.9881922901185622,-1.9948055695837308,-2.060337157011283,-2.0182526513238623,-1.9972103984801524,-2.2118413774860004,-2.243104153139506,-2.2695572710001684,-2.283986244378721,-2.2761705504653365,-2.1907991246422904,-2.1763701512637375,-2.241901738691301,-2.232883630329711,-2.481783421109595,-2.436091672077536,-2.3290767861866715,-2.286992280499251,-2.3615419762883936,-2.3380948945482616,-2.207632926917254,-2.298415217757263,-2.3290767861866715,-2.3362912728759366,-2.333886443979515,-2.326671957290239,-2.3146478128081185,-2.1511194478512916,-2.1294759877834735,-2.2172522425029526,-2.264146405983216,-2.156530312868244,-2.0915999326647996,-2.0849866531996315,-1.9569295144650458,-2.2262703508645427,-2.3531250751509116,-2.2845874516028184,-2.4060313108722355,-2.3705600846499837,-2.306832118894745,-2.296010388860841,-2.3495178318062733,-2.5130461967631,-2.582786234759399,-2.5388981073996653,-2.618257460981651,-2.720462689079672,-2.723468725200202
2015-05-13,0.0,0.496238487817094,0.6019641754924078,0.4510147832623469,0.4473479964065422,0.4882937829628837,0.5579627332229289,0.765747321717774,0.7205236171630048,0.8054708459888473,0.7345796334435339,0.8085265017020069,0.7651361905751288,0.791414829708296,0.6557437160440325,0.6667440766114022,0.5769077986445089,0.6386320440503216,0.5781300609297771,0.40640220985020065,0.18089481821904385,-0.3972352427107333,-0.4510147832623469,-0.8910292059573129,-0.7131900434514287,-0.44918138983444456,-0.4161803081323244,-0.5414621923718632,-0.6184647163434847,-0.46629306182814434,-0.6019641754924189,-0.6300762080534884,-0.6636884208982428,-0.759024879148821,-0.5872970280692555,-0.7406909448698641,-0.6557437160440325,-0.4815713403939418,-0.5805745855003025,-0.62090924091401,-0.5316840940897507,-0.5047943238139494,-0.5946306017808428,-0.5665185692197733,-0.6380209129076987,-0.5310729629471166,-0.3336776038770182,-0.19739535907010952,-0.1375045070921769,0.1258930153821731,0.12467075309690484,0.4345142424112812,0.3984575049959904,0.36484529215123607,0.38256809528756996,0.4277917998423171,0.4999052746728987,0.6337429949092709,0.6337429949092709,0.5860747657839873,0.5115167663828915,0.47729342239551403,0.6294650769108432,0.6325207326240027,0.6019641754924078,0.48523812724972426,0.641076568620858,0.5151835532386961,0.4308474555554765,0.4827936026791878,0.7480245185814401,0.6948561091724605,0.6441322243340176,0.6013530443497849,0.6667440766114022
2015-05-20,0.0,0.3473277212799252,0.3657962622056291,0.3270719022001481,0.4730329514515764,0.40869093790401234,0.3872436000548099,0.39498847205590176,0.496267567454852,0.5522689496166332,0.4748202296056712,0.4337128320613827,0.3574556308198245,0.3580513902045372,0.38009448743840907,0.5111615520723447,0.5057997176100604,0.5171191459193418,0.3699665778985314,0.3657962622056291,0.37830720928431427,0.43609586960019026,0.46409656068108085,0.476607507759766,0.5129488302264612,0.4974590862242558,0.5177149053040545,0.38783935943952264,0.4027333440570153,0.36758354035972385,0.42537220067559983,0.41464853175100946,0.40213758467230254,0.41822308805919906,0.38069024682312175,0.3377955711247385,0.19004724371921536,0.26153836988318024,0.26511292619136984,0.22877160372469638,0.24247406957278528,0.21268610033779992,0.2949008954263552,0.32171006773784205,0.31098639881325163,0.35626411205042074,0.3854563219007151,0.3753284123608157,0.28000691080886253,0.3026457674274471,0.3246888646613406,0.24247406957278528,0.17455749971700996,0.257963813574969,0.21209034095310886,0.24783590403509134,0.30383728619685085,0.30205000804275606,0.26928324188427216,0.379498728053718,0.31813551142965246,0.28656026404057233,0.34673196189523414,0.36222170589741787,0.33958284927883325,0.3258803834307443,0.27821963265476773,0.2925178578875694,0.3717538560526262,0.4074994191346086,0.38426480313131134,0.3509022775881364,0.3574556308198245,0.40452062221111,0.36281746528213055
2015-05-27,0.0,-0.12224865255487201,-0.20836469844327812,-0.2390774141097873,-0.10418234922163906,-0.09575140766614348,-0.10358013911054005,0.12224865255487201,0.3589172262202195,0.15296136822138118,0.2673812893318567,0.24750835566528287,0.2180000602210155,0.24750835566528287,0.2264310017765111,0.29448074433170607,0.30110505555388273,0.34386197344252534,0.20776248833217908,0.22763542199873096,0.1427237963325448,0.20535364788773924,0.19210502544338595,0.18186745355454956,0.09695582788834149,0.11201108066603563,0.08551383577730708,0.14332600644364382,0.15115473788804037,0.16681220077685543,0.1547679985547001,0.13489506488814823,0.07407184366625078,0.11381771099937645,0.1427237963325448,0.15597241877692003,0.16018788955465688,0.1306795941103895,0.0981602481105614,0.09274035711060465,0.16440336033241562,0.13850832555478607,0.10056908855500123,0.09213814699948374,0.174640932221252,0.2330553129987096,0.3119448375538182,0.32097798922043463,0.4173316069976771,0.38421005088675,0.262563608442977,0.2264310017765111,0.14814368733250155,0.17283430188793308,0.1198398121104541,0.10418234922163906,0.15657462888801904,0.0770828942217896,0.0993646683327813,0.11803318177711326,0.10538676944385895,0.2167956399987956,0.1872873445545063,0.18307187377676948,0.20414922766554128,0.23606636355424848,0.27761886122067114,0.2601547679985591,0.23486194333202856,0.22883984222095088,0.33362440155371087,0.32459124988709437,0.32158019933155557,0.38962994188672867,0.4353979103309101
2015-06-03,0.0,-0.22411311335022657,-0.34315422504843635,-0.481630620289239,-0.35165716159831795,-0.31886012062022845,-0.5757702749485335,-0.3880983182406298,-0.5119982508244877,-0.5569423440166701,-0.5927761480482856,-0.7093878493036768,-0.6031011424302674,-0.6535114091188052,-0.7245716645713067,-0.7622275264350333,-0.7154613754107287,-0.5599791070701962,-0.6340761255762346,-0.7148540228000213,-0.5848805641091114,-0.5083541351602544,-0.555120286184559,-0.49074090944981696,-0.6863084500968837,-0.7585834107707999,-0.7883436886953523,-0.9140656791113326,-0.9353230204860145,-0.9517215409750482,-0.9347156678753071,-0.8624407072013909,-1.050720016520002,-1.243250794113543,-1.3616845532010564,-1.5809388456656346,-1.218956689685335,-1.5262771107021669,-1.4357815717070948,-1.2863728294736139,-1.2104537531354644,-1.1697611282182228,-1.225030215792387,-1.211668458356879,-1.292446355580666,-1.2104537531354644,-1.0926273466586585,-1.1649023073325746,-1.182515533043023,-1.0100273916027493,-1.052542074352113,-0.9602244775249298,-0.9195318526076771,-1.115099393254755,-1.1758346543252747,-1.1551846655612894,-1.2049875796391198,-1.2347478575636723,-1.2553978463276467,-1.4430698030355615,-1.4266712825465167,-1.4582536183031913,-1.310666933901822,-1.4193830512180499,-1.436388924317802,-1.2657228407096395,-1.3878007154613863,-1.3592551427582378,-1.4284933403786277,-1.385978657629264,-1.17461994910386,-1.2110611057461718,-1.2626860776561135,-1.209846400524757,-1.0695479474518652
2015-06-10,0.0,0.6573905024208172,0.8542960936672443,0.8567885695058043,0.8673815918196989,0.829371335281621,1.0281462834069655,0.8617735211829359,0.8424568334340755,0.8804670899721534,0.8480649040708385,0.8474417851111957,0.9066380862770512,0.992005383747816,1.0680258968239718,1.023784450689488,0.9876435510303273,0.9290703688241145,0.9452714617747721,0.9060149673174197,0.9053918483577768,0.8829595658107136,0.8972913018824423,0.9259547740259116,0.8792208520528677,0.8231401456852151,0.828748216321978,0.8767283762143077,0.8997837777210138,0.9583569599272266,0.950879532411535,0.9546182461693808,1.000105930223139,0.9552413651290236,0.9845279562321243,1.0256538075684052,1.0050908819002704,0.9938747406267332,1.0063371198195448,0.9782967666357185,0.9346784394608775,0.9134923948330999,0.9664575064025497,0.9733118149585983,1.0225382127702023,0.956487603048298,1.0300156402858938,1.1191216515144928,1.0536941607522314,1.0543172797118745,1.0131914283755934,1.0050908819002704,1.0399855436401455,1.0113220714966762,0.8966681829228109,0.9172311085909457,0.9826585993532071,1.0057140008599132,1.0580559934697202,1.0225382127702023,1.081111394976415,1.0904581793710237,1.230036826330524,1.2100970196220207,1.4369123209311914,1.4506209380432888,1.4674451499535777,1.5677673024557142,1.411987562545568,1.455605889720409,1.283625056859605,1.2256749936130353,1.2225593988148324,1.2076045437834606,1.1783179526803487
2015-06-17,0.0,0.0,-0.11503921229064325,-0.22389352069468166,-0.17688825115657927,-0.23007842458127528,-0.34511763687191854,-0.34882857920387694,-0.2888350115039145,-0.3624353677543874,-0.30367878083174815,-0.3148116078276121,-0.2647138863462017,-0.23688181885653048,-0.24925162662971767,-0.12740902006383045,-0.23502634769055689,-0.2511070977957025,-0.15214863561020486,-0.13792335667103284,-0.13544939511639764,-0.13977882783701767,-0.09772148140817442,-0.12679052967516885,-0.09153657752158081,-0.08040375052571683,-0.04205734642883199,-0.013606788550499176,-0.05628262536800403,-0.062467529254597635,-0.04576828876079041,-0.04082036565152003,0.0006184903886616102,-0.06494149080923282,-0.06123054847727441,-0.04082036565152003,-0.007421884663905572,0.05442715420203045,0.010514336607213624,-0.018554711659780808,-0.062467529254597635,-0.05875658692263922,0.011132826995875235,0.025976596323697632,0.03154300982162962,0.012369807773187204,-0.10576185646075284,-0.20657578981222408,-0.09462902946487763,-0.2078127705895473,-0.15833353949679846,-0.08968110635560723,-0.0358724425422384,0.025976596323697632,0.10452487568342964,0.26718784790084815,0.22698597263798972,0.31110066549566495,0.3834640409688033,0.29192746344722253,0.3847010217461266,0.3296553771554458,0.35501348309047054,0.3908859256327201,0.399544791073949,0.4935553301501762,0.5374681477449819,0.486751935874921,0.6370451003191411,0.440365156725469,-0.05813809653397761,0.06061205808862405,0.06927092352985285,0.10205091412879444,0.062467529254597635
2015-06-24,0.0,-0.11429387813415678,-0.15655880181917323,-0.20596709288757858,-0.1702502559706559,-0.08869681167701156,-0.10536466890492611,-0.026787627687691978,0.07976760244780257,0.07024311260327687,0.148820153820511,0.1006024239826741,0.11191275567301995,0.08631568921589639,0.03095459199467062,-0.00476224492225202,-0.038097959378037824,-0.02143010215014492,0.00595280615282044,0.03095459199467062,0.03631211753221768,0.022025382765439958,0.022025382765439958,0.027382908302987015,0.05655165845179418,0.08810153106173818,0.09226849536871681,0.0756006381408239,0.04047908183917466,-0.012500892920914263,-0.039288520608606235,-0.00476224492225202,0.044050765530879915,0.025001785841850182,0.07500535752555053,0.0744100769102555,0.03869323999333286,0.04583660737672172,0.0559563778365208,0.08631568921589639,0.09643545967569546,0.10238826582851589,0.12322308736338744,0.1339381384384599,0.14762959258994257,0.1601304855108785,0.15001071505107944,0.19763316427364291,0.1881086744291389,0.1035788270590843,0.1035788270590843,0.11429387813415678,0.1315570159773447,0.12024668428697721,0.11488915874943016,0.148820153820511,0.08274400552421278,0.15715408243446827,0.2059670928876002,0.20120484796532653,0.18275114889159183,0.1952520418125061,0.2529942614948687,0.13096173536204966,0.09643545967569546,0.11667500059529361,0.12203252613281902,0.1035788270590843,-0.0035716836916836014,-0.1797747458151816,-0.14167678643712212,-0.2857346953353811,-0.6440936257351759,-0.6756434983451199,-0.6506417125032697
2015-07-01,0.0,0.15102223548723637,0.03999403074168469,0.11819131472914056,0.1408744963438206,0.3366661692284821,0.2793612893597927,0.33547231756454693,0.3724817191464047,0.44112818982242324,0.4488882256379688,0.4942545888673289,0.5497686912401047,0.5593195045515638,0.5360393971049053,0.6518430085061975,0.6775108192807044,0.6828831517684015,0.6775108192807044,0.5378301746007972,0.6387106402029548,0.7467542157886795,0.7282495149977616,0.7324279958215235,0.7533203999403117,0.7109386658707569,0.713326369198627,0.7013878525593196,0.7073571108789733,0.6070735711087941,0.519325473809879,0.46619907476495176,0.5551410237278018,0.5784211311744603,0.5623041337113907,0.6219967169079286,0.6536337860020893,0.6363229368750846,0.7181017758543458,0.686464706760185,0.724667960005978,0.7055663333830815,0.7348156991493721,0.7616773615878141,0.8022683181614771,0.8422623489031401,0.7825697657066023,0.8213699447843519,0.8464408297269022,0.8362930905834863,0.8930010446201974,0.880465602148933,0.8052529473213041,0.8136099089688064,0.7849574690344724,0.7539173257722684,0.7598865840919222,0.8004775406655636,0.9216534845545528,0.9204596328906177,0.8339053872556379,0.8637516788539067,0.8738994179973225,0.9574690344724754,1.0326816893001045,1.0344724667959964,1.0380540217878016,1.1341590807342188,1.0440232801074554,1.0517833159230008,0.9664229219519562,0.9150873004029206,0.8339053872556379,0.8315176839277676,0.9097149679152452
2015-07-08,0.0,-0.1706322874206258,-0.002369892880850407,-0.034955919992424964,-0.029623661010522318,-0.11020001895915597,0.0337709735519782,0.08768603659114177,0.069319366764605,0.07346667930608243,0.16293013555787278,0.15937529623659716,0.1356763674281793,0.09005592947197061,0.0918333491326192,0.10723765285808218,0.20025594843112657,0.08353872404966432,-0.008294625082954872,-0.1392312067494549,-0.22573229690019303,-0.41473125414731254,-0.4816807280311102,-0.6937861408664457,-0.5711441842828789,-0.5604796663190952,-0.6351312920656029,-0.822352829652117,-0.8513840174424159,-0.8187979903308412,-0.7447388378045354,-0.8786377855721093,-1.0297184567257731,-0.9349227414921017,-1.0267560906247208,-0.9070765001422063,-0.8958195089581993,-0.9769883401270348,-1.09192814484787,-1.1144421272158627,-1.001872215375878,-0.8845625177742138,-0.8466442316807367,-0.9319603753910494,-0.9467722058963106,-0.9118162859038856,-1.0771163143426088,-1.0516399658735425,-1.0048345814769302,-1.0107593136790347,-1.0279410370651245,-0.8810076784529383,-0.7334818466205499,-0.6357237652858263,-0.8140582045691621,-0.6612001137548711,-0.2873495118020665,-0.4650914778652005,-0.5385581571713044,-0.7417764717034833,-0.723409801876968,-0.6363162385060281,-0.5195990141245659,-0.5160441748033118,-0.6209119347805652,-0.40939899516543143,-0.3015688690871259,-0.4763484690492076,-0.609654943596558,-0.6049151578348787,-0.6730495781590801,-0.7897668025405422,-0.9603990899611466,-0.9929851170727212,-0.9669162953834529
2015-07-15,0.0,0.15064867547321406,0.26703216201527,0.3651014958527263,0.44662901434412994,0.4714417373632303,0.41886239572749406,0.5376089987475483,0.5393813361060524,0.6025947018928562,0.5718741876787065,0.5571047096911365,0.51929484604297,0.5204764042819799,0.615001063402428,0.5872344447857921,0.6090932722074,0.588416003024802,0.615001063402428,0.6350875534655104,0.629770541389998,0.6906207906987821,0.6823498830257344,0.7089349434033604,0.7207505257934164,0.6534017061701101,0.665217288560166,0.6486754732140705,0.6214996337169502,0.6439492402580523,0.6734881962331923,0.6699435215161842,0.6628541720821463,0.6847129995037542,0.7325661081834723,0.7172058510764081,0.7000732566108183,0.7201597466739221,0.7177966301959023,0.7426093532150243,0.7053902686863521,0.7810099959827064,0.7319753290639782,0.6197272963584461,0.6279982040314724,0.7089349434033604,0.6522201479311002,0.6368598908240144,0.5730557459177164,0.59432379421983,0.5866436656662765,0.5760096415152304,0.6959378027742945,0.6977101401328201,0.7278398752274543,0.7538341564855862,0.7733298674291742,0.7544249356050803,0.7727390883096585,0.7621050641586125,0.6817591039062402,0.6811683247867245,0.6811683247867245,0.7130703972398843,0.7201597466739221,0.6811683247867245,0.6486754732140705,0.6693527423966685,0.5358366613890442,0.615001063402428,0.6114563886853983,0.6811683247867245,0.7479263652905581,0.7508802608880721,0.7130703972398843
2015-07-22,0.0,0.035243325795177534,0.006461276395774001,0.017621662897588767,0.035243325795177534,0.039942435901196935,0.011160386501814768,0.15742018855178871,0.3524332579517754,0.4857705072102013,0.47108578812887736,0.5063291139240549,0.679021410320412,0.6696231901083732,0.6925313518752472,0.5985491497547737,0.612646480072832,0.6202825339951161,0.6931187406384917,0.7383476754089737,0.7665423360451115,0.7424593967517488,0.8000234955505343,0.8258686011336518,0.7970865517342696,0.8981174190137828,0.8423154865047516,0.9838761784487063,0.9897500660812358,0.897530030250517,0.882845311169193,0.8452524303210165,0.8728597021938884,0.9010543628300477,0.8681605920878691,0.916326470674616,1.1178008164703765,1.126611647919171,1.1765396927956726,1.1295485917354358,1.0913683221239934,1.1207377602866413,1.1136890951276017,1.1189755939968868,1.0990043760462778,1.041440277247492,1.0849070457282195,1.0038473963993153,1.0461393873535114,1.2064965197215862,1.1606801961878384,1.1536315310288199,1.174777526505918,1.209433463537851,1.268172339863147,1.2464389556227833,1.2987165555522837,1.4755205732914372,1.4349907486269746,1.4203060295456504,1.3227994948456678,1.3222121060824021,1.3551058768245807,1.4549619665775837,1.3668536520896397,1.378601427354699,1.3862374812769833,1.4960791800052906,1.449088078945054,1.423830362125181,1.414432141913121,1.4614232429733576,1.4220681958354051,1.482569238450477,1.35158154424505
2015-07-29,0.0,-0.19843167256383717,-0.20022472984603615,-0.27374007841636744,-0.26417710624462515,-0.13627235344744712,-0.129697810079377,-0.10459500812852633,-0.058573204551970404,-0.02928660227599607,-0.010160657932489766,0.013149086736161946,-0.061561633355642575,-0.07291766280960557,-0.022712058907904228,-0.03048197379746929,-0.03765420292626513,-0.03825188868701262,-0.07530840585255201,-0.05080328966242707,-0.07889452041694993,-0.03406808836186721,-0.04901023238022812,-0.13627235344744712,-0.14045615377259252,-0.09562972171750979,-0.10997417997514497,-0.20978770201780017,-0.2175576169073435,-0.18707564310987418,-0.1805010997418041,-0.14822606866213583,-0.17691498517740617,-0.22891364636128472,-0.19723630104236398,-0.2390743042937745,-0.21098307353925164,-0.14523763985846366,-0.07291766280960557,-0.04841254661950238,0.045424117815808455,-0.02928660227599607,-0.06634311944153547,-0.014344458257635166,-0.013149086736161946,0.02868891651524859,0.03884957444773835,0.16436358420196998,0.10997417997512322,0.10339963660705312,0.08068757769914889,0.07650377737400349,-0.01912594434350631,-0.08726212106724074,-0.10579037964999956,-0.1063880654107253,-0.0782968346562242,-0.14045615377259252,-0.16555895572344317,-0.1326862388830492,-0.0627570048771158,-0.09084823563163866,-0.016137515539834127,0.017332887061285607,0.06873386248446016,0.1470306971406626,0.08248063498134785,0.0693315482451859,-0.016735201300559867,-0.056780147269771444,0.10877880845367174,0.09144592139236439,0.09622740747823554,0.13985846801184504,0.12372095247203264
2015-08-05,0.0,0.29307157732177147,0.3597585230596439,0.20123078363011826,0.33460467510588443,0.3299248894400722,0.28371200599012564,0.37672274609823725,0.2971663897793439,0.29190163090531307,0.3837424245969662,0.4381449329620789,0.3966118351779446,0.38081755855583094,0.3825724781805079,0.3726279336406435,0.23106441724968999,0.2345742564990651,0.3112057467768019,0.3223202377331246,0.335189648314103,0.3737978800571019,0.2977513629875837,0.28605189882304244,0.31822542527553094,0.3363595947305613,0.32290521094134317,0.3386994875634781,0.4059714065095904,0.38608231742986177,0.2989213094040421,0.32407515735780157,0.3474740856868841,0.3597585230596439,0.3363595947305613,0.2802021667407718,0.21936495308514872,0.2948264969464484,0.3123756931932603,0.3773077193064558,0.3691180943912897,0.3603434962678837,0.39427194234504914,0.4457495846690264,0.3223202377331246,0.3831574513887264,0.3966118351779446,0.3515688981444778,0.29073168448885467,0.3340197018976659,0.4124061118000796,0.3737978800571019,0.3568336570185086,0.3936869691368093,0.3872522638463201,0.4270304420057562,0.47031845941456735,0.3884222102627785,0.21176030137820115,0.18192666775862942,0.2158551138357948,0.17256709642698367,0.30360109506985433,0.2603130776610431,0.26440789011863686,0.2029857032547952,0.26382291691041826,0.2971663897793439,0.31179071998502045,0.29599644336290676,0.2825420595736673,0.26499286332685534,0.25797318482814763,0.24627372066360637,0.1947960783396078
2015-08-12,0.0,-0.3421454532539507,-0.21310097434501046,-0.2930138397243894,-0.3403696118010584,-0.4522476233321975,-0.585435732297829,-0.6250961914120435,-0.6351592929783401,-0.6434465530917443,-0.43271336735057586,-0.4374489445582384,-0.4486959404264559,-0.38535759527390684,-0.3729267051037683,-0.3368179288953168,-0.4031160098026577,-0.381213965217194,-0.3119561485550613,-0.24210638474197882,-0.2835426853090642,-0.2722956894408467,-0.2225721287603572,-0.2533533806101963,-0.3427374004049004,-0.39364485538731103,-0.37411059940568936,-0.37766228231145244,-0.38358175382103604,-0.28117489670522217,-0.2663762179312631,-0.22730770596801975,-0.1716646737779251,-0.2284916002699408,-0.28946215681864784,-0.29656552263015246,-0.30130109983781506,-0.335042087442446,-0.31373199000793206,-0.332674298838604,-0.28887020966769805,-0.3391857174991589,-0.39009317248156944,-0.44987983472835547,-0.5167698627866676,-0.6641647033752869,-0.6150330898457471,-0.7121124226029272,-0.631607610072577,-0.587803520901671,-0.4682301964080776,-0.5487350089384062,-0.5487350089384062,-0.6120733540909553,-0.6197686670534097,-0.5872115737506998,-0.6404868173369523,-0.6233203499591727,-0.6807392236021168,-0.8381971657570539,-0.9482993358353009,-0.8571394745877259,-0.9565865959487265,-0.9855920063456733,-0.9512590715900927,-0.9465234943824301,-0.8464844258704582,-0.8666106290030512,-0.9074549824191867,-0.8967999337019189,-1.079119656197112,-1.212899712313693,-1.199284927841655,-1.2111238708608223,-1.1116767494998216
2015-08-19,0.0,-0.37021510265053403,-0.28341826040233586,-0.13698549252777847,-0.13816640194612584,-0.1322618548544105,-0.21020187646505717,-0.21020187646505717,-0.28341826040233586,-0.19898323699078946,-0.17182232036890752,-0.13167140014524759,-0.09742502701330295,-0.10805321177838624,-0.01180909418343066,-0.036608191968617865,-0.019485005402656293,-0.02243727894851396,0.05845501620799036,0.08502547812070935,0.1287191265994114,0.3241596353351803,0.2739709850555999,0.27338053034643695,0.3040841752233395,0.35309191608459395,0.4812205879747994,0.5839597073706548,0.39206192688990654,0.31707417882511757,0.40387102107333717,0.42512739060350374,0.3324260012635903,0.3595869178854722,0.4062328399100319,0.45701194489877517,0.5125146875609079,0.4977533198316195,0.4700019485005532,0.5243237817443385,0.5131051422700708,0.4936201368674145,0.4310319376952192,0.36135828201298253,0.3584060084671249,0.4363460300777715,0.4322128471135665,0.4759064955922685,0.4416601224603239,0.41863238880262554,0.41272784171091026,0.48535377093900445,0.36549146497718754,0.41981329822097285,0.5001151386682927,0.5491228795295258,0.4640974014088379,0.4209942076393203,0.36903419323220815,0.46586876553634815,0.45642149018961226,0.4233560264759935,0.38910965334404884,0.34010191248281596,0.19721187286330066,0.3200264523709752,0.38851919863488593,0.34541600486534685,0.3584060084671249,0.45642149018961226,0.4209942076393203,0.30349372051417656,0.27574234918311025,0.2544859796529436,0.3330164559727532
2015-08-26,0.0,-0.6967356409522925,-0.5193731922062281,-0.20215504910841534,-0.15956263310130234,0.0063570770159880495,-0.25428308063952193,-0.2784399733002719,-0.22885477257556974,-0.11951304790057068,0.08518483201423754,0.18753377197164742,0.3350179587425748,0.06484218556308272,0.2250405263659746,0.37506754394329483,0.4767807761991037,0.8022631194176963,0.6935571024442984,0.49267346873907375,0.5765868853501207,0.45961666825593134,0.5111089920854368,0.5327230539397938,0.5931152855916803,0.6280792091796146,0.5327230539397938,0.6051937319220668,0.6617717173643581,0.6153650551476385,0.30068974285623007,0.3089539429770215,0.32993229712977745,0.35154635898413444,0.22122628015637946,-0.05403515463589841,0.12078446330377292,-0.17291249483487953,0.024792600362351078,-0.006992784717589166,-0.005085661612785813,-0.1067988938685946,-0.25174024983312904,-0.10743460157019571,0.0279711388703451,-0.1843552334636534,-0.047678077619910365,-0.03559963128953539,0.03750675439432718,-0.08327770890944576,-0.15701980229490944,-0.1398556943517371,0.08772766282063044,0.0019071231047917893,0.21105495693080784,0.17545532564127247,0.008899907822380955,-0.020978354152755934,-0.0743778010870648,-0.005721369314386931,-0.11379167858618375,-0.13731286354534417,-0.0063570770159880495,-0.09662757064302296,0.05912081624868423,-0.6217221321636266,-0.39477448269286014,-0.8028988271192858,-0.6350719938972038,-0.49140205333587156,-0.8467626585296126,-1.0012396300181177,-0.9993325069133259,-1.0037824608245105,-0.9357617367534454
2015-09-02,0.0,-0.44923515487795795,-0.6643080760518187,-0.753391534526201,-0.7782076408155023,-0.5421364758583873,-0.5987681030313852,-0.4810506757616659,-0.6649443864694953,-0.5338644404286164,-0.624856830156028,-0.6293110030797401,-0.6038585863727738,-0.547226959199776,-0.4371452569421513,-0.30415637964825454,-0.2907938608770949,-0.41551070274123225,-0.4180559444119265,-0.32515462343149715,-0.5224108529104862,-0.7737534678917787,-0.8163862658759519,-0.9869174578126216,-0.9379215556517069,-1.0626383975158442,-0.9379215556517069,-1.1899004810506757,-0.9900990099009923,-0.841838682582918,-1.0168240474433117,-0.966555524447044,-0.8386571304945474,-0.9366489348163655,-0.7203033928071516,-0.8087505408638572,-0.7120313573773807,-0.7673903637150371,-0.8093868512815338,-0.9054697243503339,-0.6560360406220594,-0.6165847947262569,-0.6566723510397358,-0.7495736720201652,-0.784570744992244,-0.7584820178676012,-0.9283768993865944,-0.8908345847438215,-0.8838351701494034,-0.799205884598745,-1.0142788057726058,-1.0575479141744555,-1.3884293313650178,-1.3903382626180354,-1.3012548041436534,-1.2280791061111251,-1.3617042938226984,-1.2987095624729592,-1.3597953625696806,-1.3438876021278265,-1.2923464582962176,-1.2465321082236736,-1.1377230268014018,-1.1682659268497566,-1.3038000458143477,-1.403700781389195,-1.4208811626664022,-1.4202448522487257,-1.597139148362137,-1.6798595026597776,-1.870752627962025,-1.8281198299778634,-1.7447631652625462,-1.6391356359286335,-1.6639517422179235
2015-09-09,0.0,-0.0467583044029739,-0.000640524717851192,0.10120290542011551,-0.027542562867508044,0.04996092799220656,0.07045771896337479,-0.10376500429152026,-0.17870639627984175,-0.2350725714505369,-0.16973905022994837,-0.14411806151599388,-0.06213089763134425,-0.12810494356977237,-0.10824867731646695,-0.12938599300547474,-0.1338696660304214,-0.32410550723152637,-0.3932821767592104,-0.4778314395152532,-0.45221045080129874,-0.2677393320608312,-0.24532096693612107,-0.2011247614045519,-0.23251047257914378,-0.1582096053086735,-0.12234022110913492,-0.041634106660176015,0.1434775367981427,0.15308540756587563,0.023058889842549703,0.08967346049884065,0.045477254967259864,0.10376500429150862,0.13386966603040978,0.251726214114598,0.3689422374809351,0.3465238723562249,0.3138571117459423,0.3708638116344886,0.356772267841809,0.3631775150202976,0.27670667811070127,0.24660201637181178,0.3324323285635569,0.3401186251777363,0.42402736321593953,0.3913606026056452,0.4189031654731532,0.3618964655846069,0.3144976364637818,0.35613174312395784,0.2094515827365708,0.04996092799220656,0.13899386377319603,0.20368686027593336,0.23443204673267407,0.03843148307093171,-0.05572565045285563,-0.2703014309322243,-0.09992185598442477,-0.0736603425526191,-0.15052330869448252,0.058287749324237095,0.11081077618784842,0.1678174760763948,0.2094515827365708,0.2972034690818695,0.2760661533928501,0.23058889842559024,0.2747851039571594,0.2171378793507618,0.2863145488784342,0.14219648736244034,0.0
2015-09-16,0.0,-0.13124191625877427,-0.27136009738530137,-0.23078288656133267,-0.15977276761937884,-0.09763891354517788,-0.0989069513834316,-0.03613907839009224,-0.048185437853467857,-0.18449950546524538,-0.1566026730237561,-0.14836042707514163,-0.23585503791432447,-0.21303035682584998,-0.33856610281250565,-0.27136009738530137,-0.30749917577540514,-0.19083969465649087,-0.2618498135984332,-0.2675559838705518,-0.36265882173923375,-0.36329284065836065,-0.3271537622682684,-0.252339529811565,-0.26692196495143644,-0.1768912784357462,-0.20415409195809708,-0.1984479216859785,-0.1749892216783772,-0.20034997844335908,-0.1737211838401235,-0.12426770814841345,-0.10461312165555021,0.019654586492863255,-0.0190205675737364,0.07544825137581875,0.04628338109609883,0.19844792168599001,0.12997387842053207,0.22317465953184507,0.2815044000912964,0.2415612081864546,0.20542212979635083,0.190205675737364,0.2339529811569554,0.28721057036342656,0.31510740280490435,0.2637518703558137,0.20161801628161274,0.190205675737364,0.165478937891509,0.13758210545003124,0.11729350003804113,0.15787071086200982,0.16864903248713173,0.25614364332631456,0.24346326494382362,0.27072607846618607,0.1857675433034991,0.24916943521595378,0.1464583703177726,-0.03487104055185007,-0.0044381324338649076,0.02345870000761284,-0.015850472978113667,0.051355532449090587,0.0760822702949456,0.04311328650047609,0.03867515406659965,0.050721513529963735,0.15533463518551394,0.25741168116456825,0.19654586492860948,0.09700489462606257,0.11792751895716799
2015-09-23,0.0,-0.058805663437742656,0.12859700026494625,0.10533322132254112,0.15896915610640946,0.32633912127537207,0.36705073442457214,0.24039238240482147,0.275934266900159,0.22359076427975044,0.13118186459187753,0.18869509586614866,0.4258563978623149,0.4924166542808513,0.5092182724059224,0.4181018048815093,0.5408828604108571,0.5221425940405906,0.45041260896817975,0.49823259901644973,0.5182652975501878,0.6093817650746008,0.5796558253148617,0.3664045183428364,0.3702818148332392,0.4439504481508456,0.4568747697855138,0.47367638791058486,0.5111569206511178,0.6830503983922073,0.6946822878634158,0.8866084641382315,0.8626984691141024,0.7321628206039488,0.7211771472144761,0.761888760363688,0.7851525393060931,0.8814387354843689,1.0578557257975851,0.9266738612057075,1.1832216456538642,1.0565632936341254,0.8045390217580954,0.9266738612057075,1.0391154594273186,1.1341092234421346,1.0804732886582544,1.1076143640910623,1.2575364950532064,1.0972749067833254,1.1580192184662637,1.1431562485864,1.1302319269517316,1.2271643392117433,1.6155402043335252,1.3757940380104277,1.4481702391645623,1.4636794251261738,1.5619042695496448,1.4384769979385612,1.4682029376983006,1.6620677622183235,1.6161864204152487,1.8249142148151474,1.826852863060343,1.6239410133960548,1.6640064104635306,1.7163499130839275,1.7195809934925945,1.5431640031793783,1.475957530679106,1.42878375671256,1.3628697163757593,1.3997040330345565,1.4326610532029629
2015-09-30,0.0,-0.0978010537274821,-0.2454490961289689,-0.21642426728081063,-0.23409155440578203,-0.36785815692336354,-0.32179701549042494,-0.38678739312868265,-0.470707006972271,-0.607628482190739,-0.4189670946777275,-0.3735369277849685,-0.31548727008865196,-0.31611824462883154,-0.22462693630312247,-0.19181626021389808,-0.20506672555762376,-0.2650093068744676,-0.3167492191690111,-0.45934946524907266,-0.40697857841436097,-0.3710130296242501,-0.38931129128940106,-0.4839574723159966,-0.46376628703031836,-0.3653342587626566,-0.43095561094109397,-0.4782787014543917,-0.3003438811243989,-0.2454490961289689,-0.2574376123923354,-0.44483705082499925,-0.391835189450108,-0.4442060762848196,-0.37479887686531616,-0.38615641858851457,-0.4170741710572002,-0.3943590876108149,-0.3312616335930845,-0.319273117329718,-0.23535350348612974,-0.2132693945799241,-0.28330756853960715,-0.14070732245953416,-0.06057355585702346,-0.07697889390163566,-0.17604189670946546,-0.1331356279774134,-0.13818342429882724,-0.11673028993280121,-0.2763668485976545,-0.32305896457078415,-0.41391929835631364,-0.37290595324478887,-0.35019086979840364,-0.3016058302047466,-0.3886803167492215,-0.23156765624507508,-0.20380477647726458,-0.264378332334288,-0.17162507492823123,-0.06940719941950342,-0.1173612644729808,-0.09464618102659558,-0.19055431113355034,-0.15774363504432598,-0.10915859545066897,0.09149130832570906,0.07887181752216299,0.10347982458907554,0.23787740164684812,0.2826765939994275,0.39751396031170144,0.2965580338833328,0.35965548790106316
2015-10-07,0.0,-0.11170852667500741,0.006137831135989787,0.13012202008298795,0.23630649873560677,0.22034813778203113,0.1417838992413663,0.08040558788146844,0.17001792246692154,0.24244432987159656,0.17492818737570892,0.22771353514522333,0.3516977240922215,0.3394220618202419,0.35047015786501906,0.30443642434509566,0.308732906140293,0.38975227713535143,0.3320566644570497,0.38177309665856923,0.4271930470648914,0.38668336156735655,0.41246225233851813,0.43087574574648746,0.36888365127298844,0.28847806339152,0.28172644914192896,0.2890918465051212,0.35415285654661516,0.3320566644570497,0.3615182539097962,0.2976848100955047,0.14976307971814856,0.17922466917090624,0.236920281849208,0.2135965235324513,0.07365397363187744,0.010434312931187104,0.023937541430357936,0.04296481795192851,0.08715720213105944,0.1417838992413663,0.03559942058874746,0.014117011612783207,-0.10311556308462395,-0.05769561267830177,0.0171859271807781,0.16326630821733057,0.32100856841227254,0.26208538950676835,0.2442856792124002,0.278043750460344,0.21114139107804644,0.18904519898849212,0.18229358473890114,0.1583560433085432,0.2792713166875353,0.3105742554810854,0.3032088581178932,0.25410620902997494,0.22832731825882455,0.2792713166875353,0.11416365912941227,0.13932876678697262,0.13932876678697262,0.09390881638065045,0.1835211509660924,0.18536250030689602,0.1951830301244819,0.14730794726375487,0.3068915567994894,0.3388082787066407,0.33696692936583705,0.4284206132920938,0.43087574574648746
2015-10-14,0.0,0.09565067140600317,0.2641192733017445,0.2104314770932092,0.14193325434439177,0.23758392575039494,0.27460999210110587,0.3350859004739404,0.30546504739336494,0.2270932069510336,0.23141291469194314,0.334468799368093,0.3486621248025277,0.3529818325434484,0.29744273301738205,0.28942041864139917,0.2382010268562424,0.2696731832543489,0.266587677725123,0.3085505529225908,0.32768068720379373,0.37890007898895056,0.38075138230648164,0.27769549763033174,0.33632010268562407,0.22030509478673435,0.27337578988942224,0.2628850710900496,0.28510071090047845,0.2628850710900496,0.2104314770932092,0.18883293838862786,0.22339060031596028,0.20981437598736177,0.18883293838862786,0.22030509478673435,0.23079581358610696,0.20549466824645227,0.19870655608215299,0.22771030805688103,0.12465442338073118,0.12588862559242603,0.11971761453397423,0.1845132306477183,0.1672343996840465,0.16106338862559466,0.06788112164296999,0.035791864139027275,0.04443127962085757,0.14193325434439177,0.17155410742496724,0.1499555687203859,0.28571781200632584,0.3178070695102686,0.2560969589257504,0.250543048973146,0.27090738546604376,0.33693720379147146,0.3542160347551433,0.24560624012638904,0.22153929699842922,0.20672887045813584,0.1851303317535545,0.2499259478672986,0.2579482622432927,0.28571781200632584,0.21968799368088693,0.23079581358610696,0.22153929699842922,0.21783669036335587,0.08269154818326332,0.054921998420230156,0.049985189573461965,0.0654127172195915,0.08639415481832544
2015-10-21,0.0,0.168919941634817,0.2100903933594527,0.2591316667372978,0.2518662929035373,0.2464172625282334,0.2494445016256318,0.2203830062905896,0.22280479756851715,0.2597371145567687,0.2318865148607123,0.28698226643335417,0.36205779604884314,0.397779217398153,0.37719399153583505,0.3269418225190262,0.34147257018652527,0.37719399153583505,0.3929356348422979,0.3511597352982133,0.36266324386831394,0.33905077890861973,0.30877838793463586,0.3566087656735172,0.3729558567994729,0.36508503514624147,0.33299630071382297,0.33117995725538835,0.3366289876306922,0.26155345801522534,0.22764838012435018,0.2106958411789236,0.1931378544140041,0.193743302233497,0.14228023757772437,-0.0108980607506298,-0.1604436721621147,-0.04843582555837425,-0.10595336840894366,-0.22098845411008253,-0.2464172625282334,-0.2379409930555091,-0.34086712236705435,-0.45892944716559164,-0.38385391755012477,-0.42986795183057147,-0.31241107485152714,-0.25307718854250105,-0.2797168925996157,-0.21856666283217702,-0.19313785441402614,-0.21735576719321323,-0.22341024538801005,-0.1331985202855292,-0.07265373833756138,-0.15438919396731793,-0.2246211410269738,-0.21977755847111874,-0.2524717407230302,-0.42986795183057147,-0.3669013786046981,-0.27608420568274644,-0.09021172510248085,-0.13683120720242048,0.0024217912779054968,-0.1338039681050221,-0.1325930724660583,-0.11987866825697187,0.0024217912779054968,-0.04843582555837425,-0.08900082946351709,-0.04661948209993962,-0.03814321262721532,-0.0557011993921348,-0.13198762464656544
2015-10-28,0.0,0.22530498601766696,0.1740160461111993,0.1160106974074662,0.14776099354004035,0.07388049677003128,0.13982341950690236,0.19966051606443314,0.1880594463236776,0.21065100318724128,0.15691973280905083,0.17767954181881684,0.17523721134707182,0.19904993344650798,0.1898911941774975,0.15691973280905083,0.13799167165310472,0.11662128002541358,0.04884660943472261,0.1135683669357434,0.11417894955366856,0.11417894955366856,0.13493875856343457,0.07937574033142425,0.10746254075640307,0.13005409761994452,0.0775439924776266,0.03236087875051039,0.09341914054390256,0.05739476608580795,0.007937574033149089,0.059837096557530764,0.06594292273687109,0.06472175750102079,0.03785612231191447,0.02930796566084023,0.050067774670595123,0.02625505257117007,0.04884660943472261,0.04640427896299981,0.08242865342109441,0.0903662274542324,0.07388049677003128,0.028697383042903975,0.000610582617936254,-0.17462662872912446,-0.2063769248616986,-0.2869738304289954,-0.31445004823602685,-0.30345956111320754,-0.4097009366337271,-0.4127538497233972,-0.2863632478110591,-0.3181135439436221,-0.38833054500603587,-0.35963316196314304,-0.28331033472138895,-0.23263197743285755,-0.23934838623013416,-0.33093577892023907,-0.30468072634908006,-0.3181135439436221,-0.33643102248164314,-0.39138345809570607,-0.36451782290661083,-0.5086153207390448,-0.6142461136416281,-0.6215731050568408,-0.5373127037819487,-0.5012883293238319,-0.35047442269413254,-0.17706895920086949,-0.21858857722037925,-0.09158739269010491,-0.11845302787920012
2015-11-04,0.0,0.07032782637664534,0.028377894853732707,-0.008019839849962816,-0.11289466865722757,-0.11844686547643345,-0.14374020654171718,-0.14065565275326822,-0.1967945317030416,-0.15484460018012897,-0.1875408703376947,-0.20419746079531237,-0.20481437155300442,-0.16348135078779502,-0.2800774839911636,-0.29611716369110047,-0.23134153413367226,-0.23997828474132707,-0.2153018544337354,-0.238744463225943,-0.3207935939986922,-0.36027588249083664,-0.2948833421757164,-0.3127737541487181,-0.29241569914495946,-0.23997828474132707,-0.27329146565657364,-0.26403780429122675,-0.20666510382608053,-0.2720576441411896,-0.2763760194450226,-0.2708238226258167,-0.2621870720181618,-0.25478414292587986,-0.30968920036026915,-0.32387814778714114,-0.33189798763710393,-0.3504053103677977,-0.3281965230909629,-0.25355032141049577,-0.22764006958753122,-0.19556071018765753,-0.18692395958000266,-0.2621870720181618,-0.249848856864366,-0.22085405125294127,-0.19556071018765753,-0.21653567594910822,-0.2819282162642285,-0.26650544732198367,-0.24491357080284093,-0.2479981245912899,-0.26527162580661084,-0.2942664314180244,-0.35657441794469563,-0.3522560426408626,-0.5132697503979007,-0.4639168897827173,-0.47810583720958927,-0.44726029932509964,-0.48550876630186,-0.39852434946759707,-0.3158583079371671,-0.3522560426408626,-0.39420597416377523,-0.3763155621907735,-0.3824846697676714,-0.47872274796727005,-0.499697713728732,-0.5601549679823272,-0.6138262039013437,-0.7736060901429977,-0.7964317881775133,-0.8106207356043853,-0.835914076669669
2015-11-18,0.0,0.1611871561980346,0.006396315722144046,0.18421389279774386,0.20724062939746474,0.2558526288857618,0.2756812076244107,0.24433926058590716,0.18165536650888855,0.13240373544838638,0.009594473583216068,0.07483689394908997,0.09786363054879924,0.024945631316359452,0.042855315338369754,0.07227836766022305,0.09850326212101597,0.11705257771523138,0.12728668287066416,0.051810157349369085,0.11769220928744811,0.07675578866572855,-0.011513368299854627,0.0287834207496482,0.015990789305360114,0.03517973647179225,0.03198157861072023,0.0940258411155221,0.14839452475374648,0.11129589356530406,0.13432263016502494,0.18421389279774386,0.1592682614813844,0.16822310349238373,0.13688115645388024,0.1567097351925291,0.18165536650888855,0.1611871561980346,-0.04221568376615302,-0.09018805168223336,-0.02238710502750416,-0.1151336829985928,-0.06908020979915103,-0.11129589356530406,-0.07867468338236709,-0.017909684021998672,-0.047332736343863605,-0.037098631188430806,-0.10873736727644875,-0.5398490469489551,-0.637712677497766,-0.6556223615197646,-0.8500703594729413,-0.7215044134578437,-0.7605219393629247,-0.6946398874248456,-0.7061532557247002,-0.6748113086861968,-0.7720353076627909,-0.7176666240245665,-0.7643597287962134,-0.9920685685045437,-1.059869515159273,-1.0937699884866319,-0.9338620954330307,-0.9281054112831033,-0.9095560956888878,-0.9875911474990382,-1.0157349366764696,-1.069463988742489,-1.1411027248304955,-1.0560317257259841,-1.0835358833311988,-1.0790584623257051,-1.0969681463477037
2015-12-02,0.0,-0.1391561620479707,-0.22001717512990132,-0.2313001071878523,-0.142917139400621,-0.1542000714585606,-0.10530736587414061,-0.2432098688045688,-0.31090746115222895,-0.31090746115222895,-0.31842941585752965,-0.2689098807143327,-0.2808196423310492,-0.41872214526147744,-0.3754709057060272,-0.4024245767333336,-0.71207837876802,-0.6669466505362505,-0.7264954586198444,-0.6725881165652202,-0.6055173537763255,-0.6349783430387398,-0.6613051845072807,-0.688258855534587,-0.7114515492092546,-0.807356471701775,-0.7415393680304343,-0.6656929914186965,-0.7158393561206704,-0.6857515372994907,-0.6913930033284604,-0.633724683921186,-0.654410059360757,-0.6556637184782995,-0.6525295706844261,-0.7039295945039539,-0.6920198328872373,-0.6876320259758101,-0.7164661856794474,-0.6813637303880633,-0.6826173895056173,-0.6418734681852635,-0.633724683921186,-0.6776027530354131,-0.7590905956761206,-0.7421661975892112,-0.7277491177373869,-0.7666125503814213,-0.7127052083267971,-0.7221076517084172,-0.7290027768549409,-0.7478076636181811,-0.7998345169964745,-0.7283759472961638,-0.4632270439344815,-0.5165075564303288,-0.5754295349551458,-0.5334319545172381,-0.5553709890743517,-0.6356051725975168,-0.663812502742377,-0.688885685093364,-0.6569173775958533,-0.6274563883334391,-0.6399929795089326,-0.5829514896604464,-0.6124124789228492,-0.5654002620147487,-0.5710417280437186,-0.465734362169578,-0.5315514658409187,-0.4481831345238916,-0.5158807268715518,-0.5842051487779889,-0.6274563883334391
2015-12-09,0.0,-0.08121629523747645,-0.13124553310376666,-0.012994607237996232,-0.01169514651419188,-0.12799688129426762,0.006497303618998116,0.07601845234228267,-0.03833409135208652,-0.06562276655188333,-0.14488987070365325,-0.16763043337014666,-0.16763043337014666,-0.22155805340783813,-0.2910792021311108,-0.3066727308167158,-0.38204145279708446,-0.46520693912026745,-0.49769345721525804,-0.4060814761873822,-0.3547527775972995,-0.264440257293228,-0.18842180495094535,-0.30537327009291143,-0.22610616594112967,-0.30017542719771767,-0.30082515755960804,-0.28718081995972145,-0.36644792411149135,-0.4086803976349791,-0.4528620622441734,-0.469755051653559,-0.36904684555908823,-0.43466961211097155,-0.32811383275940487,-0.35020466506399606,-0.3813917224351941,-0.34630628289259485,-0.3495549347020939,-0.3943863296731904,-0.389838217139887,-0.41387824053018474,-0.442466376453774,-0.3677473848352957,-0.39698525112078725,-0.41062958872068567,-0.43921772464427494,-0.4379182639204706,-0.411279319082576,-0.43207069066337467,-0.41387824053018474,-0.41192904944447817,-0.457410174777465,-0.43921772464427494,-0.39698525112078725,-0.37164576700669694,-0.38269118315898665,-0.4164771619777816,-0.5997011240335214,-0.7335455785848849,-0.6828666103567044,-0.6640244298616121,-0.7692807484893746,-0.7627834448703764,-0.764732635956083,-0.7653823663179733,-0.8953284386979357,-0.9544539016308208,-1.0766032096679925,-0.8621921902410546,-1.0155285556494007,-1.0662075238775932,-1.077252940029883,-1.0584107595347907,-1.0954453901630847
2015-12-16,0.0,0.015533477880972372,0.022652988576421475,-0.05113103135820612,0.022652988576421475,0.0763729329147877,-0.014886249635929404,-0.005825054205363168,0.21617423384356257,0.3630950454677866,0.4692404776544448,0.4187566745412817,0.39739814245493443,0.4284650982168909,0.42264004401151595,0.4239345005016019,0.4278178699718479,0.4498236303032264,0.42911232646192204,0.3682728714281068,0.3514449370570485,0.3695673279181927,0.3255558072554239,0.38639526228925103,0.38898417526941115,0.44205689136273435,0.3417365133814393,0.37409792563346994,0.3896314035144541,0.3948092294747743,0.4084010226206295,0.39998705543509444,0.4103427073557466,0.4439985760978633,0.46147373871395275,0.5216659655027368,0.5365522151386662,0.5592052037150878,0.6109834633183369,0.6206918869939461,0.6472282450406135,0.5922138442121614,0.5074269441118386,0.4174622180511957,0.47182939063460494,0.4990129769263154,0.4731238471246909,0.4116371638458326,0.4951296074560694,0.45500145626354666,0.431701239442094,0.4601792822238786,0.4543542280185154,0.2763664606323467,0.15857092003495032,0.2297660269894178,0.15274586582958716,0.2899582537781902,0.3300864049707129,0.2899582537781902,0.31714184006990065,0.3702145561632357,0.34756156758681417,0.33526423093103314,0.45564868450858953,0.4660043364292417,0.42975955470696503,0.42975955470696503,0.3721562408983528,0.45564868450858953,0.42328727225655893,0.3799229798388449,0.2918999385133191,0.26342189573153446,0.34108928513640807
2015-12-23,0.0,0.11365885740922356,0.19475253657197225,0.27201501829397007,0.16984975320703385,0.2637140905056612,0.21965531993691062,0.19411400366517656,0.16474148995269167,0.19539106947876794,0.2407269058610982,0.3109655256083669,0.303303130726842,0.40610692872057397,0.37290321756731504,0.4035527970934029,0.3792885466352485,0.37034908594014393,0.3805656124488399,0.3531086974567304,0.3780114808216688,0.3716261517537353,0.38120414535563557,0.38567387570318207,0.4029142641866072,0.4067454616273696,0.41632345522926983,0.4144078565088829,0.4067454616273696,0.32309765083743824,0.3224591179306426,0.326290315371405,0.3269288482782007,0.34927750001596797,0.38311974407601096,0.37034908594014393,0.32054351921026714,0.30458019654043333,0.3064957952608088,0.2771232815483123,0.2764847486415282,0.2388113071407112,0.2624370246920698,0.3403380393208634,0.35438576327031013,0.35438576327031013,0.3282059140917804,0.3403380393208634,0.3396995064140677,0.3428921709480344,0.3358683089733053,0.3965289351186737,0.37034908594014393,0.39780600093226504,0.3907821389575359,0.37865001372846446,0.4329253108058994,0.42398585011078316,0.45208129800969993,0.45399689673007537,0.4788996800950137,0.49869420020560995,0.3633252239654147,0.3690720201265642,0.44633450184855045,0.46868315358631774,0.44633450184855045,0.4329253108058994,0.38758947442356906,0.408661060347745,0.46485195614556696,0.5018868647395768,0.4667675548659424,0.44250330440779967,0.44186477150100395
2015-12-30,0.0,-0.05604286964681314,-0.02015024526627118,-0.061080430963375204,-0.0503756131656665,-0.060450735798802085,-0.10012153116677133,-0.11271543445818795,-0.15805348630728094,-0.15175653466157263,-0.0931948843564899,-0.11334512962274962,-0.1271984232433125,-0.08060098106507327,-0.07178524876108393,-0.09193549402734365,-0.07808220040679223,-0.07745250524221911,-0.05793195514052106,-0.046597442178250674,-0.07934159073592703,-0.0667476874445104,-0.08626823754620846,-0.10893726347076067,-0.13223598455987454,-0.1838709880546873,-0.18450068321926041,-0.1624613524592813,-0.1498674491678647,-0.1271984232433125,-0.13664385071187496,-0.12656872807873937,-0.15931287663642718,-0.13727354587644808,-0.1271984232433125,-0.12971720390159353,-0.15112683949699948,-0.12656872807873937,-0.11271543445818795,-0.08563854238163535,-0.13097659423073976,-0.11271543445818795,-0.139162631370156,-0.1656098282821355,-0.1278281184078856,-0.13034689906616664,-0.12027177643303105,-0.11586391028104212,-0.05856165030509418,-0.08689793271078158,-0.12656872807873937,-0.13601415554730184,-0.1712770847632707,-0.22983873506835342,-0.22669025924549924,-0.2833628240568741,-0.24369202868891626,-0.2122072704603747,-0.16686921861127027,-0.16057226696556195,-0.17379586542155173,-0.4137097231230407,-0.3236633145894164,-0.32807118074140534,-0.2449514190180625,-0.24747019967634354,-0.33247904689340574,-0.31925544843741605,-0.3671122809448015,-0.3910406971984885,-0.5453160125183422,-0.5365002802143528,-0.5579099158097588,-0.5717632094303217,-0.5352408898852066
2016-01-06,0.0,-0.10785755099159026,-0.29211420060220467,-0.25230962821246067,-0.2625817759259355,-0.19131875116364874,-0.2683598590147796,-0.2593717297654717,-0.25230962821246067,-0.2805580344245397,-0.25102560974827054,-0.23882743433851045,-0.22534524046456023,-0.11106759715205404,-0.11684568024088653,-0.028890415444174086,-0.0513607385674206,-0.08089316324368978,-0.03852055392556544,-0.016050230802318936,-0.04558265547858812,0.03466849853300657,-0.019902286194877817,-0.012198175409760056,0.023112332355341603,0.08602923710042717,-0.049434710871146995,-0.11812969870506505,-0.03338448006882806,-0.05457078472788439,-0.02182831389115142,-0.07190503399439352,-0.03723653546138694,-0.02760639697999558,0.0019260276962736011,0.040446581621839055,0.016050230802318936,-0.0019260276962852793,-0.0256803692837103,-0.03787854469347036,-0.025038360051615208,-0.04173060008602923,-0.05521279395997948,-0.07768311708322599,-0.13546394797157416,-0.09116531095717624,-0.07190503399439352,-0.1020794679027461,0.036594526229280167,0.0513607385674206,0.10978357868786386,0.08217718170786828,0.0487927016390519,0.0025680369283686945,-0.04173060008602923,-0.030174433908364273,-0.07062101553020332,-0.5277315887802513,-0.6426512413248525,-0.7607809400299176,-0.8307599463280259,-0.6747517029294905,-0.5617580780811627,-0.6105507797202147,-0.6009206412388234,-0.525805561083966,-0.5604740596169843,-0.5450658380467488,-0.48407496099793684,-0.44106034244772907,-0.4641726748030707,-0.5977105950783596,-0.6362311490039251,-0.6054147058634773,-0.6465032967174114
2016-01-13,0.0,0.016528269952927485,0.021817316337859473,-0.051568202253140974,0.18379436187654885,0.09123605014015491,0.20032263182947632,0.16329930713491633,0.2816417199978868,0.21552864018617685,0.2366848257259168,0.17123287671232634,0.17387739990479234,0.20230602422383484,0.23999047971650228,0.22875125614851885,0.2472629184957928,0.1414819907970569,0.08330248056275694,0.15404347596127937,0.08660813455334243,-0.01322261596234199,-0.30808695192257074,-0.6307187814037105,-1.0703707621515817,-0.9282276405564052,-0.7748452953932454,-1.0426032686306705,-1.0683873697572353,-1.29184957952081,-1.1920188290051374,-1.1073940868461416,-1.0042576823398717,-1.0948326016819192,-1.1252446183953082,-1.1272280107896546,-1.1642513354842146,-1.1126831332310856,-1.2197863225260486,-1.2356534616808565,-1.3943248532289603,-1.4260591315385884,-1.421431215951764,-1.4531654942613919,-1.707700851536475,-1.6706775268419152,-1.760591315385843,-1.6620828264663858,-1.496800126937111,-1.437298355106572,-1.283916009943412,-1.2422647696620275,-1.1259057491934277,-0.9196329401808877,-0.6003067646903335,-0.4859311366160681,-0.37948907811921273,-0.5831173639392865,-0.7325329243137535,-0.5771671867562351,-0.3391600994340792,-0.4032897868514307,-0.2558576188713223,-0.011900354366115007,0.001983392394346488,0.07999682657217144,0.20296715502194232,0.16726609192362135,0.16924948431797987,0.1289205056328344,-0.013883746760461495,0.08396361136086442,0.08925265774580843,0.001983392394346488,-0.09189718093827443
2016-01-20,0.0,-0.41972218065060835,-0.5721010598495283,-0.34897484387968253,-0.4802655746180349,-0.5748221112637922,-0.6448891851811615,-0.6238010367205938,-0.4999931973714643,-0.40747744928641416,-0.44149059196474505,-0.37890640943661125,-0.47822478605734,-0.4360484891362047,-0.41223928926137304,-0.49046951742153416,-0.5469313342675709,-0.5326458143426694,-0.48706820315370103,-0.4734629460823687,-0.38502877511870837,-0.39795376933647164,-0.5067958259071306,-0.5095168773214069,-0.5210813458320319,-0.4469326947932731,-0.39795376933647164,-0.446252431939704,-0.49863267166433856,-0.5829852655065967,-0.6707391736166879,-0.6578141793989247,-0.7251602019020174,-0.7700575502374167,-0.7197180990734894,-0.6251615624277319,-0.6176786710384967,-0.6666575964952858,-0.6503312880096893,-0.7122352076842541,-0.7442075618018901,-0.7510101903375562,-0.7544115046053894,-0.6503312880096893,-0.5972707854314981,-0.7387654589733498,-0.6843444306880203,-0.6911470592236865,-0.7312825675841145,-0.6816233792737563,-0.821077264254913,-0.7496496646304182,-0.7727786016516807,-0.7761799159195137,-0.742847036094752,-0.8537298812261057,-0.8714167154188404,-0.9693745663324309,-1.1925007823022888,-1.2108678793485803,-1.0680126800995904,-1.2156297193235515,-1.2149494564699823,-1.1959020965701221,-1.1836573652059155,-1.420388838247106,-1.379573067033109,-1.2959007360444075,-1.0979442456565316,-0.7625746588481813,-0.6135970939170945,-0.6870654821022842,-0.4918300431286723,-0.5040747744928664,-0.5122379287356709
2016-01-27,0.0,-0.48431981162367305,-0.5839933640158359,-0.5204431124906299,-0.5712833137107971,-0.6528952156694755,-0.6950390666809353,-0.5425184630204335,-0.6047308145135372,-0.6268061650433407,-0.4100663598415878,-0.4562239109493666,-0.45087231082093304,-0.517767312426413,-0.5445253130686051,-0.5063951621534766,-0.4736166113667938,-0.5498769131970387,-0.5672696136144658,-0.5130846623140246,-0.46425131114202906,-0.40672160976131383,-0.4562239109493666,-0.42143851011452427,-0.4575618109814811,-0.4461896607085446,-0.47896821149522734,-0.5084020122016484,-0.43615541046772255,-0.4930161618323806,-0.5170983624103559,-0.4167558600021358,-0.46023761104569777,-0.3913357593920582,-0.2542010061008242,-0.2020229048485424,-0.1451621534838844,-0.08361875200685005,-0.07157765171785635,-0.060205501444932044,-0.02675800064219202,0.004013700096331236,-0.0675639516215251,-0.13445895322700516,-0.1451621534838844,-0.08696350208712406,-0.18529915444717243,-0.1939955046558921,-0.14449320346782715,-0.19198865460772044,-0.21005030504120487,-0.3023654072567625,-0.3210960077063042,-0.42277641014662654,-0.4328106603874486,-0.5244568125869611,-0.5398426629562166,-0.5324842127796113,-0.4348175104356203,-0.43147276035534626,-0.32310285775446373,-0.3719362089264593,-0.42277641014662654,-0.4321417103713914,-0.40471475971315424,-0.397356309536549,-0.33514395804344527,-0.3632398587177518,-0.3110617574654822,-0.41809376003425025,-0.4669271112062458,-0.5037193620892598,-0.48632666167183264,-0.4595686610296406,-0.5150915123621963
2016-02-03,0.0,-0.12242220102943115,-0.24349167055576973,-0.020290972546314144,-0.17720782690446948,-0.07913479293061779,0.14541863658191803,-0.05208016286886559,0.06696020940283422,0.10416032573774348,0.06222564914203497,0.037200116334909265,-0.014203680782422361,-0.10010213122847819,-0.0886039134522409,-0.11092398325318154,-0.1400077105695602,-0.24416803630731598,-0.27595722662986744,-0.22320069800945558,-0.15285865984890235,-0.09942576547693194,-0.1481240995880908,-0.1866769474260926,-0.1866769474260926,-0.2617535458474451,-0.18938241043226534,-0.07845842717908383,-0.05613835737813089,-0.14541863658191803,-0.09942576547693194,-0.0635783806451152,-0.10889488599855504,-0.06696020940283422,-0.09469120521613267,-0.17247326664367024,-0.14136044207265275,-0.11160034900472779,-0.1481240995880908,-0.1731496323952165,-0.05613835737813089,-0.011498217776237302,-0.041258310844174556,0.08792754770069464,0.018938241043233918,0.06696020940283422,0.02908372731639099,-0.006763657515438049,0.015556412285514892,0.2685172033628955,0.1697678036374975,0.30165912518853943,0.2272588925187209,0.16435687762515197,0.04937469986270514,-0.06628384365128796,0.08386935319142934,0.05884382038431594,-0.001352731503080228,0.01285094927932983,0.024349167055579435,0.0033818287577190246,0.25296079107738056,0.2678408376113492,0.1846478501714661,0.13865497906647997,0.15691685435816766,0.19479333644462318,0.07845842717908383,0.08048752443371032,-0.27595722662986744,-0.43016861798186234,-0.489012438366166,-0.4836015123538205,-0.47142692882602455
2016-02-10,0.0,0.004820637839257399,0.07988485562189922,-0.10398804481816115,-0.17836360005233587,-0.17216563711615673,-0.30645483406675894,-0.40355625340027385,-0.42421612985421264,-0.20040080160320892,-0.4001129406579507,-0.342265286586912,-0.2740876942889165,-0.40424491594872847,-0.3939149777217591,-0.4414326935658283,-0.5536846889655574,-0.5282041746723612,-0.45520594453512087,-0.5295814997692956,-0.5233835368331164,-0.4283481051449904,-0.5151195862515359,-0.4634698951166889,-0.5853631661949329,-0.5020349978307105,-0.5041009854760994,-0.5199402240907933,-0.28579495761282014,-0.2981908834851784,-0.42697078004806865,-0.38289637694633505,-0.2913042580005321,-0.33262401090840976,-0.38151905184940077,-0.4510739692443306,-0.46553588276209024,-0.3484632495231037,-0.38702835223711274,-0.339510636393056,-0.36636847578317394,-0.4324800804357806,-0.3746324263647545,-0.2720217066435276,-0.30163419622750154,-0.2706443815465933,-0.4118202039818418,-0.4297254302419246,-0.4283481051449904,-0.48619575921602903,-0.45382861943818664,-0.41388619162724327,-0.41595217927263217,-0.5144309237030688,-0.5894951414857231,-0.9847874443044163,-1.0116452836945344,-0.9434676913965387,-0.925562465136456,-0.8642714983231067,-0.7313596264694262,-0.619107631069697,-0.4255934549511344,-0.41250886653030905,-0.17492028731001272,-0.2940589081943882,-0.184561562988515,-0.3877170147855799,-0.5709012526771732,-0.6170416434243081,-0.5998250797126925,-0.8456776095145567,-0.7423782272448627,-0.5777878781618194,-0.5640146271925269
2016-02-17,0.0,-0.46825301247493,-0.24368991874641116,-0.4399169754113936,-0.6446448431954549,-0.6772312858185116,-0.993886500003537,-0.8281206831818511,-0.9457152369955301,-1.0852702195334396,-1.1908219575951102,-1.2418268243094812,-1.2212831974384197,-1.0796030121207374,-0.8607071258049206,-1.0640181917357872,-0.876291946189858,-0.81182746187031,-0.7863250285131373,-1.0172637305809493,-0.7969510424119635,-0.7416957701380597,-0.75940579330277,-0.5433435106933042,-0.3350736382763137,-0.26352514469088156,-0.11546935103390601,-0.12963736956567426,-0.3811196985045605,-0.27910996507583175,-0.19693545759157338,-0.3428660484687888,-0.37049368460573434,-0.30390399750642616,-0.5057982615841237,-0.4562101967229348,-0.32515602530407856,-0.4880882384194133,-0.4016633253756219,-0.42433215502645616,-0.6184340089116785,-0.6510204515347481,-0.6361440320763888,-0.8068686553841986,-0.7509049821837167,-0.5157158745563588,-0.7303613553126425,-0.7218605441935892,-0.7480713784773527,-0.765073000715485,-0.825995480402078,-0.7480713784773527,-0.6772312858185116,-0.410872537421279,-0.5830139625822579,-0.5093402662170656,-0.5128822708500077,-0.5206746810424828,-0.1608070103355618,-0.24014791411346909,-0.1955186557383914,0.0035420046329420604,-0.15726500570261975,0.07509049821837424,0.37545249109185835,0.3272812280838515,0.47250341803447593,0.3811196985045734,0.5412183079135571,0.5164242754829627,0.5773467551695558,0.6864404978641815,0.7424041710646635,0.7416957701380725,0.7813662220270261
2016-02-24,0.0,-0.07208480565371539,-0.0176678445229682,-0.13851590106007325,-0.2318021201413376,-0.22261484098939927,-0.2749116607773826,-0.23533568904593127,-0.17173144876324573,-0.17385159010600965,-0.12296819787985609,-0.12438162544169869,0.0028268551236723407,-0.1759717314487607,-0.15477031802119884,-0.13780918727915195,-0.06784452296820045,-0.15618374558304143,-0.18374558303886926,-0.13427561837455831,-0.2409893992932888,-0.26925795053003787,-0.3752650176678471,-0.38233215547703436,-0.4127208480565346,-0.5081272084805628,-0.5469964664310928,-0.519434628975265,-0.38091872791519177,-0.4431095406360475,-0.467844522968203,-0.46431095406360934,-0.37950530035336205,-0.2339222614841015,-0.26431095406360167,-0.27349823321555283,-0.3780918727915194,-0.30600706713780407,-0.2982332155477083,-0.33144876325088085,-0.1964664310954012,-0.11448763250883906,-0.10954063604240283,-0.16395759717315003,-0.09257950530035593,0.03957597173145133,0.06572438162543656,0.10459363957596658,0.05512367491165563,0.10176678445229426,0.06077738515901317,0.02332155477031288,-0.13074204946996465,-0.21413427561836942,-0.20565371024735238,-0.3194346289752702,-0.22685512367491423,-0.20848056537102472,-0.26501766784452296,-0.2303886925795079,-0.11731448763251141,-0.040282685512372636,-0.022614840989404434,-0.22544169611307163,-0.4077738515901112,-0.4424028268551263,-0.4445229681978773,-0.52367491166078,-0.650883392226151,-0.8473498233215523,-0.7844522968197879,-0.8388692579505351,-0.8289752650176627,-0.7618374558303835,-0.7533568904593666
2016-03-02,0.0,0.02799896198970433,-0.016389636286652253,0.012292227214998508,-0.0573637270032891,0.029364765013597194,-0.03755958315691711,-0.0273160604777579,0.12497097668574984,0.2854528319925775,0.29023314257617766,0.3851564527363839,0.4896403840638153,0.512859035469907,0.6473906333228696,0.6432932242512035,0.376961634593064,0.43842277066801927,0.3585232937705724,0.46369012660993786,0.43842277066801927,0.467787535681604,0.4452517857874587,0.38720515727222315,0.42544764194108675,0.4575440130024448,0.46027561905021813,0.4554953084666179,0.46027561905021813,0.5190051490774,0.5613450428179297,0.526517065708786,0.4903232855757617,0.5080787248862944,0.5251512626848931,0.5456383080432116,0.5859294972479143,0.47188494475327014,0.4889574825518689,0.4889574825518689,0.4937377931354815,0.4910061870876958,0.5394921944357185,0.6453419287870303,0.5681740579373693,0.6180258683092725,0.6159771637734456,0.7354849283636363,0.7081688678858785,0.6781212013603473,0.5859294972479143,0.7300217162680773,0.565442451889596,0.546321209555158,0.41793572530970086,0.37627873308111753,0.3851564527363839,0.44934919485912483,0.5750030730568088,0.5627108458418103,0.622806178892885,0.7040714588142124,0.7225097996367039,0.7238756026605844,0.7300217162680773,0.7764590190802733,0.6125626562137259,0.5968559214390076,0.5797833836404089,0.5968559214390076,0.4916890885996421,0.5319802778043327,0.6596828605378557,0.7587035797697281,0.6992911482305997
2016-03-09,0.0,0.031602587377784784,-0.13649628165302438,0.0013447909522391348,0.027568214521042914,0.05446403356597239,0.15465095950834443,0.1290999314156541,0.07329110689743035,0.09951453046623411,0.1264103495111636,0.2467691397372205,0.21583894783554916,0.3207326421107765,0.26895819044929464,0.1425478409381188,0.14725460927098638,0.1526337730799674,0.11094525356033405,0.0853942254676437,0.08068745713478839,0.08942859832438557,0.01882707333144573,-0.03630935571066456,-0.004034372856741865,-0.05244684713761979,-0.019499468807583648,0.004034372856729635,0.08741141189602077,0.11901399927380554,0.11430723094095023,0.09615255308561795,0.10623848522746648,0.10960046260808268,0.33149096972875075,0.25954465378355956,0.31804306020628603,0.3361977380616183,0.5063137935207923,0.4612632966205305,0.5917080189884483,0.5547262678016701,0.5480023130404379,0.5970871827974292,0.4760559970952466,0.4747112061429953,0.4612632966205305,0.5453127311359351,0.5661569908957579,0.48076276542811414,0.514382539234276,0.43571226852785244,0.4410914323368334,0.434367477575601,0.5345544035179731,0.7066876454055119,0.7591344925431317,0.8283912265838201,0.974973440378693,0.8989927515767601,0.8821828646736791,0.9171474294320923,0.8720969325318305,0.7994782211105259,0.9366468982396637,0.9137854520514761,0.9453880394292609,1.0200239372789426,0.9931281182340131,1.0798671346539082,1.2318285122577621,1.2957060824894695,1.332015438200122,1.2788961955863887,1.30982638748806
2016-03-16,0.0,0.027480813700193462,0.024799758705055314,-0.14611749723515716,-0.22118703709909848,-0.22118703709909848,-0.21180334461610886,-0.22923020208452513,-0.33714266563892403,-0.22386809209423664,-0.278159455745836,-0.3324508193974353,-0.28017024699218657,-0.236603103321152,-0.28553235698247503,-0.28419182948489985,-0.37802875431482047,-0.3947853480344491,-0.4383524917054836,-0.4135527330004406,-0.4055095680150139,-0.34250477562921255,-0.3170347531753696,-0.36462347933911754,-0.31971580817052,-0.35792084185126605,-0.3585911056000536,-0.41824457924192926,-0.4758872616374543,-0.5469352190086824,-0.6293776601092506,-0.5891618351821417,-0.6722745400314976,-0.5777673514528016,-0.5878213076845787,-0.6514963638191676,-0.6447937263313163,-0.5274975702939155,-0.5543081202453214,-0.563691812728311,-0.6092697476456962,-0.6689232212875718,-0.6850095512584251,-0.6012265826602816,-0.5643620764770987,-0.5864807801870037,-0.6387613525922401,-0.6548476825630934,-0.5127517678206375,-0.5415731090183938,-0.565032340225874,-0.5449244277623196,-0.4068500955125891,-0.4122122055028654,-0.3840611280538843,-0.4061798317638015,-0.44907671168604846,-0.4363417004591331,-0.16689567344749914,-0.17292804718656304,-0.24330574080900347,-0.1695767284426373,-0.04557793491738511,-0.013405274975702939,0.3069807969435924,0.3042997419484543,0.4383524917054836,0.3498776768658516,0.35926136934884123,0.38875297429538525,0.4745467341398792,0.48795200911558206,0.47990884413016766,0.5851402526894284,0.5154328228157755
2016-03-23,0.0,-0.2340386909392572,-0.24700482340126645,-0.20486489289973644,-0.3215600850578195,-0.2904413671490021,-0.18671230745292824,-0.1076188994346672,-0.14522068357450105,-0.11345365904258078,-0.16985633525231386,-0.178932627975718,-0.16402157564441205,-0.0868730874954595,-0.04732638348632898,-0.1374410040972908,-0.1439240703282954,-0.20356827965354257,-0.3079456459727193,-0.304704112857217,-0.4369586639697088,-0.4369586639697088,-0.4602977024013278,-0.431123904361807,-0.4369586639697088,-0.39546704009128153,-0.4855816607022434,-0.5309631243192757,-0.48687827394843725,-0.4123230122918841,-0.4648358487630239,-0.36305170893625854,-0.3494372698511465,-0.3624034023131557,-0.3280431512888241,-0.304704112857217,-0.37601784139826777,-0.30405580623411416,-0.3436025102432447,-0.40324671956848007,-0.4298272911156013,-0.4622426222706244,-0.5173486852341637,-0.46289092889372724,-0.4213993050153001,-0.45186971630101463,-0.3922255069757793,-0.33971267050463955,-0.3721280016596626,-0.3008142731186118,-0.365644935428658,-0.3818526010061695,-0.20616150614594206,-0.28655152741039697,-0.2243140915927503,-0.2651574088480864,-0.19578860017633232,-0.11215704579637514,-0.08168663451064873,-0.10372905969607386,-0.21199626575384387,-0.28395830091799745,-0.23468699756236003,-0.19578860017633232,-0.15818681603651027,-0.26839894196358877,-0.23533530418546286,-0.14846221669000337,-0.07650018152584975,-0.0927078471033613,0.027228878170224107,0.08363155437996898,0.12966132462009233,0.13030963124319514,0.026580571547121287
2016-03-30,0.0,0.11959064709649117,0.0960646181594732,0.024833030544622815,0.10325312700134145,-0.08560860529858688,-0.04901256028544915,0.0542405667158923,0.029407536171269486,0.03463554260171264,0.06600358118439534,0.028100534563652756,0.06992458600723366,0.10194612539372472,0.0627360771653654,0.13135366156499423,0.09083661172903004,0.06927108520342529,0.018298022506562928,-0.000653500803808366,0.015030518487532986,0.07123158761485038,0.14899818326776065,0.27250983518709015,0.34896942923239554,0.23918129419298234,0.25290481107291046,0.322829397080156,0.2966893649279165,0.3195618930611261,0.2940753617126949,0.2849263504594015,0.2966893649279165,0.3274039027067908,0.28296584804798836,0.2966893649279165,0.314333886630671,0.39732848871403637,0.38425847263791657,0.455490060252767,0.4378455385500124,0.46856007632888674,0.5339101567094856,0.5633176928807551,0.5972997346786713,0.5744272065454616,0.689443348015318,0.6802943367620247,0.6953248552495696,0.593378729855833,0.7018598632876294,0.7136228777561325,0.7547934283959169,0.6855223431924797,0.6979388584647911,0.7809334605481565,0.9031381108598693,0.8868005907647195,0.8260250160107672,0.8247180144031505,0.8109944975232224,0.8528185489668152,0.9109801205055458,0.9671811896328631,0.9978957274117375,1.0083517402726359,1.0580178013618933,1.086118335925546,1.1142188704892106,1.0397197788553185,1.0867718367293544,1.059324802969498,1.0462547868933783,1.133170393799582,1.1272888865653303
2016-04-06,0.0,-0.15710816242365525,-0.21275063661536647,-0.4052081355843418,-0.39604349277629763,-0.24809997316068652,-0.2854131617363094,-0.22453374879714774,-0.14336119821158302,-0.21929681004968543,-0.22322451411027922,-0.31028862078671676,-0.3305817584331079,-0.39211578871570385,-0.430083594634761,-0.2834493097060185,-0.3672403296652965,-0.3201078809381952,-0.2808308403322814,-0.24089918238294517,-0.3672403296652965,-0.34432872264518016,-0.34694719201890534,-0.43728438541251424,-0.43401129869535476,-0.35807568685725233,-0.2886862484534689,-0.1839474735043654,-0.14467043289845158,-0.14074272883785782,-0.0877187240198718,-0.1158672697874505,-0.11324880041372531,-0.13746964212069834,-0.08248178527242139,-0.12110420853490092,-0.16561818788827704,-0.21864219270625118,-0.2291160702011639,-0.18001976944377165,-0.2860677790797437,-0.30046936063523827,-0.3037424473523978,-0.24417226910010467,-0.20620446318104754,-0.257919233312165,-0.1669274225751337,-0.16823665726200226,-0.16889127460543654,-0.2003129070901628,-0.13157808602981363,-0.15383507570649577,-0.2566099986253083,-0.22780683551430725,-0.30963400344329434,-0.46608754852351536,-0.46936063524067484,-0.5380954563010241,-0.4484128802508493,-0.4772160433618504,-0.4405574721296737,-0.45103134962457453,-0.44644902822055843,-0.29065010048375983,-0.24286303441323612,-0.25530076393843976,-0.35545721748352715,-0.34629257467547103,-0.29523242188778787,-0.2742846668979624,-0.262501554716193,-0.3083247687564258,-0.39407964074600665,-0.3397464012411521,-0.2808308403322814
2016-04-13,0.0,0.31698879930043383,0.2899836683255556,0.36199735092524254,0.5163123850674438,0.5921839435206998,0.5156694057585157,0.47323277136941966,0.4603731851909029,0.5606779573833244,0.6596967709579129,0.6886308398595756,0.6526239985597263,0.6391214330722814,0.6256188675848364,0.6879878605506474,0.7336393914843843,0.8172267016447434,0.7799339017270378,0.799223280994813,0.7709321914020784,0.7310674742486717,0.7677172948574491,0.7169219294523103,0.6989185088023797,0.6905597777863485,0.7407121638825592,0.7053483018916381,0.6957036122577506,0.7092061777451955,0.718850867379083,0.7265666190861978,0.7342823707933008,0.7336393914843843,0.700204467420236,0.6744852950632025,0.6622686881936138,0.6918457364042049,0.7259236397772696,0.7040623432737935,0.6931316950220495,0.7284955570129706,0.7966513637591118,0.8217275568072172,0.8095109499376286,0.7799339017270378,0.7921505085966263,0.8056530740840713,0.8448748119285497,0.8963131566426169,0.8487326877821071,0.848089708473179,0.7953654051412555,0.7767190051824086,0.8551624808713656,0.885382508390873,0.8808816532283992,0.7882926327430807,0.8011522189215975,0.6918457364042049,0.7882926327430807,0.8005092396126692,0.7895785913609253,0.8892403842444304,0.9927600529814926,1.0056196391600094,1.0699175700525934,1.1117112251327728,1.0094775150135669,1.0069055977778658,1.0255519977367127,1.01719326672067,0.9226753083085786,0.9040289083497317,0.9246042462353514
2016-04-20,0.0,-0.4838912660458069,-0.31147747294236094,-0.24918197835389105,-0.2051346589479006,-0.23219229801157587,-0.09942109237351668,-0.035867102944882504,-0.05852001006795415,-0.17115529826328169,-0.2139441228290964,-0.1529071230807908,-0.1944374528064412,-0.331613390385104,-0.30455575132141727,-0.2869368235590257,-0.36181726654920715,-0.45368738988170376,-0.5033979360684621,-0.5103196576894058,-0.49647621444751844,-0.5858293480996751,-0.6292474200855777,-0.784042285426632,-0.7488044299018375,-0.7733450792851726,-0.6959476466146512,-0.7129373269569549,-0.6758117291719081,-0.6342813994462576,-0.7009816259753312,-0.7060156053360227,-0.5310848225522252,-0.5789076264787314,-0.6072237603825825,-0.6374276365466855,-0.6185502139441182,-0.5776491316385557,-0.5820538635791593,-0.5291970802919731,-0.4845205134658948,-0.5650641832368442,-0.5921218223005309,-0.7915932544676522,-0.8148754090108231,-0.6909136672539596,-0.7223760382582386,-0.6204379562043819,-0.6412031210672013,-0.6305059149257534,-0.5600302038761641,-0.5128366473697458,-0.47634029700478686,-0.37377296753083084,-0.3819531839919502,-0.39642587465391393,-0.4687893279637554,-0.5059149257488021,-0.4505411527812759,-0.4083815756355376,-0.4033475962748575,-0.49773470928769425,-0.5908633274603552,-0.5317140699723131,-0.40901082305562547,-0.43480996727913646,-0.447394915680848,-0.33224263780518043,-0.4360684621193008,-0.4593506166624716,-0.37754845205134663,-0.41593254467656915,-0.4354392146992243,-0.42285426629751277,-0.3486030707274077
2016-04-27,0.0,0.273230924200451,0.39032989171493326,0.3437421304457339,0.19138755980861014,0.2763787459078295,0.3286325862503193,0.38592294132459876,0.40103248552002474,0.37836816922689726,0.4916897506925231,0.44195416771594515,0.4677663057164397,0.5231679677663079,0.4658776126920171,0.4910601863510451,0.3462603878116343,0.256232686980614,0.3355577940065429,0.2159405691261601,0.21468144044321558,0.23671619239486508,0.28834046839586547,0.32926215059178593,0.3808864265927978,0.34437169478721186,0.2757491815663515,0.28582221102996497,0.28834046839586547,0.2650465877612715,0.30974565600604836,0.3626290606900048,0.3557038529337698,0.3626290606900048,0.41488290103248326,0.3670360110803278,0.39095945605641125,0.4054394359103477,0.4432132963988897,0.528834046839587,0.47028456308235156,0.4809871568874316,0.45265676152102513,0.40103248552002474,0.3865525056660768,0.39536640644673426,0.4192898514228177,0.4369176529841327,0.47469151347267463,0.4432132963988897,0.5565348778645155,0.5949383026945354,0.5741626794258419,0.5313523042054875,0.4583228405943041,0.3563334172752478,0.4281037522034752,0.41803072273986175,0.3280030219088414,0.3191891211281839,0.34311256610425583,0.3034500125912914,0.43314026693527624,0.42621505917905267,0.3657768823973833,0.3538151599093473,0.4451019894233237,0.42117854444724023,0.41299420800806075,0.42999244522789776,0.45706371191135964,0.523797532107786,0.4784688995215311,0.4608410979602161,0.4784688995215311
2016-05-04,0.0,0.07897564701770303,-0.0012946827379879892,0.13399966338249283,-0.07250223332771598,-0.07768096427970327,-0.09451183987362954,-0.018772899700925934,-0.09839588808761707,-0.0718548919587161,-0.059555405947765434,0.07509159880371552,0.11134271546757939,0.03107238571188837,0.014241510117950308,-0.06538147826874083,-0.13399966338248107,-0.1980864589132339,-0.12882093243050555,-0.05696604047177768,-0.10681132588459198,0.0453138958298269,0.08156501249369079,0.005178730951987283,-0.01165214464195078,-0.09969057082561683,-0.051139968150802295,-0.07120755058972798,0.09774854671862895,0.12687890832351767,0.23174821010112182,0.29065627467989913,0.24469503748107235,0.24210567200508457,0.12558422558552967,0.01877289970093771,0.09904322945662872,-0.009062779165963025,-0.012299486010950662,-0.05049262678180241,0.037545799401863644,0.07897564701770303,0.1249368842165298,0.1204054946335424,0.09386449850464144,0.24145833063608468,0.2233327723041469,0.18319760742630725,0.17931355921231976,0.27512008182394904,0.1916130452232704,0.14629914939344352,0.1560092699284064,0.15536192855940653,0.021362265176925462,0.01488885148695019,0.06214477142376496,-0.04596123719881501,-0.09645386398062919,-0.2142699931381721,-0.09904322945661695,-0.07768096427970327,-0.04919794404380265,-0.11975815326454252,-0.1670140732013573,-0.1074586672535801,-0.21297531040018408,-0.18060824195030772,-0.1255842255855179,-0.08609640207666641,-0.14500446665544375,-0.12428954284751814,-0.2731780577169494,-0.2686466681339738,-0.24663706158804843
2016-05-11,0.0,0.21910015183256604,0.46895120216794306,0.52404656198549,0.45934154638581315,0.47856085795007286,0.6637068926857731,0.751475082162564,0.7085519530023792,0.8174613851998512,0.6502533745907889,0.6925358600321627,0.6726759047490919,0.7316151268794933,0.7783821183525206,0.8462903525462409,0.7662098876951584,0.8571812957659927,0.8328368344512567,0.8603845143600359,0.8969012063321226,0.9564810721813348,1.0256705938126653,1.0327176747195628,0.9276521048349452,0.968012659119886,0.944949485242772,0.9712158777139294,0.9769816711832049,0.9942790515910435,1.009654500842449,1.0833285285054446,1.1121574958518343,1.0955007591628068,1.012857719436492,0.9609655782129886,0.9404649792111184,0.8757599636114414,0.7476312198497097,0.6765197670619463,0.6271902007136865,0.5387813675180845,0.5676103348644742,0.48240472026292713,0.447809959447262,0.4324345101958448,0.22614723273946363,0.24856976289776667,0.34274438956263253,0.34146310212502223,0.23447560108397153,0.3171186408102862,0.3760578629406875,0.3389005272497899,0.4753576393560296,0.4446067408532186,0.41641841722562833,0.5663290474268639,0.6316747067453401,0.64128436252747,0.6156586137751237,0.6579410992164975,0.6361592127770054,0.5913141524603992,0.5304529991735766,0.6047676705553834,0.5618445413951986,0.4343564413522778,0.42218421069491563,0.39912103681780153,0.46959184588675396,0.5368594363616632,0.5695322660209071,0.579141921803037,0.6387217876522377
2016-05-18,0.0,-0.18160384872718005,-0.03377194379838323,-0.07901360435849006,-0.2019944563035698,-0.1268040908656427,-0.07582757192467987,-0.08920890814668493,-0.16312486061108333,-0.18160384872718005,-0.3568356325867397,-0.3020358747252024,-0.32497530824863796,-0.36257049096759575,-0.33134737311625834,-0.3746774142160721,-0.3160544174339718,-0.32497530824863796,-0.29247777742377185,-0.2631662790327159,-0.30904514607958705,-0.31669162392073613,-0.3007614617516853,-0.2663523114665261,-0.26953834390033626,-0.2574314206518599,-0.28610571255615147,-0.31031955905311576,-0.30267308121196673,-0.2644406920062446,-0.2663523114665261,-0.3033102876987311,-0.30522190715901254,-0.3714913817822619,-0.4071749450409382,-0.2778220282282497,-0.22557109631375816,-0.2421384649695734,-0.0681810940835424,-0.14910631790231393,-0.11087392869659181,-0.08347404976582894,-0.1223436454583154,-0.17268295791251387,-0.12170643897155105,0.23831522604899885,0.14910631790231393,0.16312486061108333,0.014655749195522174,0.08092522381878312,0.016567368655815234,0.04906489948068135,0.10004141842164416,0.10705068977601728,0.12170643897155105,0.11278554815688487,0.10386465734220712,-0.09621817950106963,-0.04906489948068135,0.05288813840124429,0.010832510274959236,0.07327874597763405,0.08984611463344928,0.08219963679230023,-0.002548825947045823,0.022302227036671233,0.0057348583808559984,0.0669066811100137,0.042055628126296644,0.07327874597763405,0.2644406920062446,0.2689011374135835,0.2631662790327159,0.2829196801223413,0.3976168477395077
2016-05-25,0.0,0.3891548682761929,0.3085076422847417,0.30722752758647176,0.44932025909520795,0.5664507539875573,0.5958933920479298,0.5203666248495818,0.5030850764228498,0.5754115568754937,0.611254768427251,0.6874215929747283,0.65093832407383,0.6650195857548813,0.698302567910087,0.6810210194833434,0.6368570623927904,0.6419775211858936,0.7187844030825116,0.7117437722419859,0.6855014209273174,0.6714201592462661,0.6855014209273174,0.7847103100437822,0.759748073427372,0.7603881307765129,0.7200645177807931,0.721984689828204,0.7706290483627309,0.7930310555825779,0.8416754141171049,0.8224736936429503,0.8999206328887092,0.9703269412939423,1.02089147187588,0.9920888911646484,0.9895286617680967,0.944724647328403,0.9831280882767119,1.0253718733198425,0.8992805755395683,0.907601321078364,0.9549655649146094,0.976727514785327,0.9479249340740953,0.967766711897379,0.9805678588801486,0.9952891779103407,1.070815945108677,1.0279321027164057,0.978647686832738,0.9748073427379047,1.0215315292250209,1.075296346552651,1.0944980670268056,1.13994213881564,1.2154689060139765,1.1866663253027447,1.216749020712258,1.186026267953604,1.1809058091605007,1.2199493074579504,1.2237896515527722,1.3229985406692368,1.36588238306152,1.4382088635141639,1.440769092910727,1.4446094370055487,1.5502188996133983,1.584781996466886,1.5726209068332453,1.5009344837297423,1.5610998745487572,1.6513479607772856,1.5873422258634373
2016-06-01,0.0,0.09842038341158282,0.01650528169014529,-0.02689749608763471,0.036067097026601845,0.11125782472613903,0.13937793427230713,0.14182316118936283,0.25797143974960207,0.28120109546167,0.35089006259780686,0.2934272300469595,0.23596439749608988,0.3154342723004717,0.36433881064162976,0.33927523474179516,0.3930702269170646,0.3154342723004717,0.32643779342722784,0.3967380672926425,0.3900136932707422,0.3521126760563402,0.37595363849766367,0.3900136932707422,0.4034624413145651,0.39734937402192033,0.3710631846635301,0.2310739436619785,0.2854802425665035,0.30381944444443776,0.23779831768387885,0.25246967918623514,0.1558832159624413,0.05012715179969146,0.08374902190923762,0.10758998435054995,0.13387617370891797,0.1155369718309837,0.1308196400625956,0.08497163536775991,0.13387617370891797,-0.02567488262910131,0.017116588419411993,-0.015893974960878594,0.05501760563380282,0.10331083724569419,0.07152288732394811,0.06602112676057006,0.22007042253522238,0.22129303599373357,0.22312695618154477,0.16994327073553095,0.1607736697965638,0.2445226917058014,0.22985133020344511,0.2322965571205119,0.19745207355243233,0.1705545774647865,0.22496087636933373,0.17727895148670908,0.16199628325509718,0.08619424882629331,0.1473249217527409,0.11125782472613903,-0.011614827856022816,0.12776310641627323,0.0580741392801252,0.08313771517997093,0.11186913145540572,0.09719776995304942,-0.0580741392801252,0.0006113067292666996,-0.02506357589984573,0.031176643192490486,0.04584800469483568
2016-06-08,0.0,-0.10379578782210323,-0.18164262868866418,-0.1526763623197108,-0.2051777201134512,-0.24319594472270398,-0.19431537022509643,-0.13879669301792288,-0.19914308128658498,-0.19974654516926285,-0.25586868625913617,-0.2069881117615067,-0.1683664232695761,-0.1870738036328526,-0.12672741536419047,-0.12672741536419047,-0.12371009595075735,-0.18647033975017474,-0.24983404743226995,-0.2069881117615067,-0.18043570092330852,-0.1973326896385295,-0.19069458692896352,-0.25345483072838093,-0.2619033250860024,-0.2854384165107674,-0.27759338603584577,-0.20276386458269596,-0.21241928670569504,-0.22026431718061676,-0.15146943455433315,-0.15146943455433315,-0.182246092571364,-0.12672741536419047,-0.10922696276626967,-0.0621567799167176,-0.13517590972181193,-0.16414217609076537,-0.17319413433106468,-0.17440106209644232,-0.22086778106329458,-0.16715949550419848,-0.22328163659404981,-0.21966085329793889,-0.25586868625913617,-0.19491883410777425,-0.16957335103493176,-0.1526763623197108,-0.17319413433106468,-0.15388329008508841,-0.13457244583911215,-0.08629533522418244,-0.10620964335283656,-0.14845211514090004,-0.14603825961016673,-0.13638283748716762,-0.141814012431356,-0.1303481986603014,-0.14603825961016673,-0.23595437813046014,-0.20336732846539574,-0.2244885643594275,-0.3427674853659965,-0.29690423028182206,-0.2872488081588229,-0.2389716975438932,-0.18526341198479712,-0.19250497857704096,-0.2275058837728606,-0.22026431718061676,-0.175607989861798,-0.14845211514090004,-0.12793434312956808,-0.12250316818537971,-0.15388329008508841
2016-06-15,0.0,-0.0362563755914683,-0.03748540527253957,-0.13949486880108602,-0.027038652983467318,-0.009832237448536618,-0.06268051373441116,-0.10876912677441608,-0.017206415534930696,-0.019664474897073236,0.005530633564798354,0.022737049099740232,-0.017820930375466334,0.0380999201130752,-0.0036870890432026287,-0.01659190069440624,-0.04670312788054055,-0.0411724943157422,-0.05223376144533891,-0.057149880169601625,-0.04424506851840919,-0.050390216923743174,-0.10569655257174908,-0.06390954341547125,-0.020278989737597692,-0.03564186075093267,-0.058993424691208524,-0.050390216923743174,-0.004301603883738263,-0.028267682664538586,-0.039943464634670925,-0.05284827628587454,-0.029496712345598673,-0.0190499600565376,-0.04485958335893365,-0.017820930375466334,0.06083696921280426,0.08050144410987749,0.10016591900693955,0.09463528544214118,0.06206599889387552,0.11061267129601181,0.18373993731948401,0.11921587906347714,0.11307073065814316,0.0915627112394742,0.07374178086400787,0.08971916671787847,0.1530141952928141,0.11491427517975007,0.1327352055552164,0.11061267129601181,0.14748356172801574,0.18865605604375793,0.16776255146561342,0.11429976033921442,0.18251090763842392,0.21323664966509387,0.4203281509248426,0.3791556566091116,0.5020586247157913,0.4793215756160511,0.4418361703435116,0.4510538929515125,0.568426227493394,0.6864130768758111,0.6618324832544751,0.7060775517728842,0.7497081054507466,0.796411233331276,0.908252934308359,0.9168561420758355,0.8050144410987525,0.8031708965771569,0.8449579057334236
2016-06-22,0.0,0.10285749064241169,0.015824229329591582,-0.013998356714642113,0.08520738869784851,0.056602051063566375,0.1326800766866454,0.20814947810474863,0.19354249718510863,0.17710964365051912,0.19962873923495494,0.1971942424150297,0.19841149082498125,0.1722406500106465,0.1503301786312086,0.11929034417697906,-0.021910471379437906,-0.0018258726149494684,0.0712090319832064,0.03590882809410215,0.0073034904598200156,0.01278110830466842,-0.02617084081433476,0.028605337634282142,0.031648458659205306,0.023127719789411597,0.020693222969486353,0.03103983445420739,0.06634003834333377,0.022519095584435822,-0.020693222969486353,-0.013389732509666338,-0.009129363074769484,-0.03103983445420739,-0.026779465019332677,-0.03225708286418108,-0.01156385989471687,-0.018258726149538967,0.0036517452298989368,0.009129363074769484,0.0073034904598200156,0.03347433127415478,0.008520738869793707,-0.07364352880313164,-0.04442956696387373,-0.15459054806610545,-0.1795441404704665,-0.10407473905236327,-0.12172484099692644,-0.10772648428228433,-0.09007638233772114,-0.13024557986672014,-0.12233346520190223,-0.19232524877513493,-0.5775843705304138,-0.45159916009860157,-0.44551291804875526,-0.43820942758893516,-0.3749125102705357,-0.5082012111621679,-0.48446486716776943,-0.3657831471957662,-0.42360244666930624,-0.3834332491403183,-0.23249444630413393,-0.25379629347859606,-0.22275645902436655,-0.25805666291349294,-0.27570676485803397,-0.18563038252031283,-0.2038891086698518,-0.13754907032651803,-0.1795441404704665,-0.1564164206810549,-0.12233346520190223
2016-06-29,0.0,-0.0789217695606666,-0.06790942962196195,-0.11073519605023184,-0.06240325965261518,-0.004282576642820313,0.004894373306094666,-0.007953356622388531,0.03731959645892314,0.0422139697650178,0.10461722941763299,0.06240325965262631,0.08136895621371949,0.11991214599915796,0.14499580919286112,0.10889980606046443,0.04037857977522813,0.03609600313240782,0.0880987195095927,0.07708637957088806,0.0483319363976278,-0.006729763295862082,-0.009788746612167075,-0.038543189785438456,-0.0887105161728448,-0.141936825876545,-0.1088998060604533,-0.07096841293826693,-0.09911105944827509,-0.1290890959480618,-0.05873247967304696,-0.10094644943806476,-0.1290890959480618,-0.0758627862443616,-0.0006117966632520958,-0.05444990303022665,0.002447186653052897,0.047108343071101344,0.028142646510008158,-0.007341559959125306,0.0226364765406614,0.03976678311196491,0.02936623983653461,0.08075715955045626,0.06423864964240486,0.06790942962197306,0.02691905318349284,0.002447186653052897,0.012847729928483197,0.044661156418059574,0.08075715955045626,0.08748692284632947,0.09788746612175979,0.12174753598894762,0.07769817623415128,0.07525098958110951,0.05077912305066956,0.07158020960154128,0.15661994579481786,0.1859861856313525,0.23003554538613769,0.3010039583244158,0.28020287177353287,0.3218050448752986,0.3120162982631093,0.29916856833463723,0.28020287177353287,0.3224168415385507,0.32302863820180283,0.4141863410277005,0.47230702403749536,0.40745657773183847,0.35423026802812707,0.35545386135465357,0.36340721797704206
2016-07-13,0.0,-0.254084972103352,-0.2095908295230515,-0.12177344285138902,-0.16743848392064925,-0.17446387485438652,-0.11884619662900027,-0.06849756160390101,-0.061472170670163744,-0.14343506489704874,-0.277502941882462,-0.16743848392064925,-0.21485987272333848,-0.16743848392064925,-0.13523877547437302,-0.18734375823288,-0.1680239331651185,-0.2013945401003545,-0.20666358330066278,-0.33136427237441923,-0.3717602702433712,-0.36649122704308423,-0.4519668167368272,-0.4560649614481757,-0.31555714277351576,-0.36063673459830675,-0.46835939558219997,-0.45782130918160474,-0.4478686720254787,-0.4256216007353285,-0.3904946460666635,-0.38756739984427474,-0.39283644304458304,-0.36824757477651326,-0.382883805888457,-0.312629896551127,-0.29389552072783476,-0.359465836109347,-0.47187209104907923,-0.4543086137147467,-0.431476093180106,-0.40805812340099595,-0.453137715225787,-0.4390869333583125,-0.40688722491203616,-0.39752003700040073,-0.3893237475777037,-0.42679249922428825,-0.41801076055712194,-0.4115708188678752,-0.2710630001932153,-0.28218653583827974,-0.33546241708576774,-0.31145899806216726,-0.30384815788396075,-0.28979737601648625,-0.25876856605916976,-0.30384815788396075,-0.26345216001498745,-0.24413233494722597,-0.2517431751254325,-0.2681357539708265,-0.183831062766022,-0.21895801743468699,-0.31145899806216726,-0.3056045056173897,-0.3834692551329262,-0.3337060693523175,-0.30150636090604127,-0.31145899806216726,-0.20080909085588527,-0.180318367299164,-0.24881592890304374,-0.240619639480368,-0.2921391729944058
2016-07-20,0.0,0.4427246945258196,0.4327428380179385,0.405733108643692,0.500267161453576,0.4121919569723097,0.3793105472993121,0.4233481495399453,0.4568167272428308,0.3934025800163232,0.4133662930320641,0.4556423911830763,0.40925611682293406,0.3399702892976755,0.31765790416242556,0.36110833837319223,0.38048488335906655,0.43156850195820534,0.41630213318143966,0.42217381348019073,0.36815435473167646,0.39868709228518645,0.3763747071499365,0.3575853301939288,0.38518222759806314,0.3904667398669477,0.4180636372710608,0.38870523577730526,0.44624770270508307,0.44859637482457065,0.5495892759630938,0.5560481242917115,0.502615833573085,0.5542866202020904,0.5443047636942092,0.571314493068477,0.5184693703797172,0.5660299807995925,0.5507636120228482,0.5396074194552126,0.5102490179614572,0.4803034484378351,0.3740260350304276,0.4063202766735586,0.4174764692411942,0.41982514136070315,0.4268711577191874,0.436265846197202,0.41043045288268853,0.4251096536295663,0.5161206982602082,0.474431768139084,0.45799106330258527,0.4562295592129428,0.41630213318143966,0.42217381348019073,0.37696187517980306,0.38400789153830867,0.4532937190635673,0.4773676082884596,0.4714959279897085,0.5149463622004538,0.48969813691582836,0.5120105220510782,0.537258747335725,0.5971498863829691,0.5795348454867159,0.5918653741141059,0.5965627183531025,0.5525251161124693,0.6165264313688648,0.6065445748609837,0.591278206084218,0.5824706856360914,0.5901038700244848
2016-07-27,0.0,0.36165313859106873,0.36281601041934003,0.38491057515641053,0.4529385771100394,0.4913133474428449,0.4761960136753812,0.555852733911681,0.6558597111426336,0.6942344814754603,0.7035374561015886,0.7058631997581312,0.7064446356722562,0.6384166337186273,0.6366723259762309,0.6262064795218314,0.527943810033254,0.5395725283159248,0.451194269367643,0.4535200130241645,0.49945345024072296,0.5075935530385799,0.4651487313068354,0.46224155173616766,0.4494499616252255,0.23431867339581408,0.10640277228643437,-0.0005814359141250833,-0.1831523129520664,-0.039537642161076775,-0.084889643463489,-0.051747796357872744,-0.053492104100290296,-0.056980719585083106,-0.07035374561015038,-0.10291415680164155,-0.24885457124915272,-0.23955159662302447,-0.17617508198245968,-0.13954461939205062,-0.05814359141335442,0.10640277228643437,0.07849384840802848,0.006977230969606761,0.022676000651216686,0.0407005139893481,-0.015698769681609923,-0.10756564411470568,-0.15873200455845335,-0.12966020885177612,-0.07035374561015038,-0.06860943786775399,-0.03430471893386642,-0.08779682303415672,-0.05988789915575082,-0.08023815615042487,0.0040700513989390405,-0.08023815615042487,-0.052910668186144066,-0.04477056538828714,-0.13605600390723666,-0.06453938646881495,-0.055236411842686704,-0.04767774495895486,-0.06919087378187908,-0.10349559271576664,-0.17326790241179194,-0.06744656603948267,-0.07791241249388224,-0.13373026025071516,0.012791590110942204,0.22559713468381093,0.2849035979254367,0.24827313533502762,0.22559713468381093
2016-08-03,0.0,-0.42908762420958807,-0.43893173974474364,-0.481782595603738,-0.5831190790540426,-0.6914043499409437,-0.7493109119125463,-0.7394667963773697,-0.690825284321215,-0.7336761401802094,-0.6068607694623912,-0.6416047066453527,-0.33296273133671506,-0.4563037083362244,-0.4748338081671415,-0.48641512056146197,-0.5692215041808496,-0.6473953628425131,-0.6589766752368336,-0.7134088434901484,-0.7024065967155355,-0.7076181872929882,-0.6607138720959985,-0.7313598777013369,-0.7209366965464526,-0.7487318462928176,-0.837907951729094,-0.83038009867279,-0.8616496421374428,-0.9241887290667904,-0.9745674379820679,-0.8767053482500721,-0.8280638361939174,-0.8610705765177352,-0.8274847705742099,-0.8037430801658401,-0.7585759618279942,-0.7898455052926681,-0.7933198990109559,-0.8326963611516416,-0.8176406550390332,-0.7446783869548224,-0.7163041715887286,-0.8813378732077961,-0.8906029231232441,-0.9085539573344535,-0.9004470386584208,-0.9172399416301938,-1.0104695064044658,-0.9102911541935974,-0.8280638361939174,-0.7840548490955079,-0.8500683297431222,-0.8280638361939174,-0.7898455052926681,-0.6363931160679211,-0.6462372316030979,-0.6792439719268946,-0.7226738934055964,-0.6844555625043471,-0.7157251059690211,-0.7689991429828785,-0.757417830588558,-0.6856136937437834,-0.7423621244759498,-0.6734533157297342,-0.7753688647997675,-0.7394667963773697,-0.6861927593634911,-0.7487318462928176,-0.8205359831376133,-0.9305584508836583,-1.1025409399393222,-1.1401802052208638,-1.1083315961364826
2016-08-10,0.0,-0.12490358824410147,-0.21872517757030863,-0.09151921903600593,-0.1916723266603135,-0.15771236487965196,-0.20951569640946188,-0.23484176960182182,-0.3390240252339867,-0.29585458229247846,-0.29873254515524567,-0.6256691263655976,-0.8133123050180328,-0.8150390827356888,-0.7977713055590856,-0.8225217861788795,-0.9163433755050866,-1.0095893722587486,-0.8795054508616788,-0.8420919336457049,-0.9324599675365789,-0.9105874497795522,-0.8881393394499804,-0.9785073733408544,-0.9163433755050866,-0.8536037850967739,-0.9295820046738117,-1.0038334465332142,-1.0999574061496435,-1.0585147409257913,-1.0297351122981193,-1.0049846316783253,-0.961815188736817,-0.9295820046738117,-0.921523708658076,-0.9376403006895682,-0.948000966995526,-0.9865656693566109,-1.0032578539606691,-1.0631194815062148,-0.9848388916389548,-0.934762337826801,-0.9416694486974466,-0.9330355601091448,-0.9387914858346792,-0.9543324852936264,-1.0234035940000397,-0.9313087823914887,-0.9664199293172403,-1.026857149435352,-1.0326130751608864,-1.042398148894299,-1.042398148894299,-1.0441249266119552,-1.1287370347773158,-1.1074401095928341,-1.2093199949347977,-1.2081688097896868,-1.1408244788009296,-1.1724820702913692,-1.1909010326130833,-1.173057662863935,-1.0769337032475057,-1.1097424798830562,-1.0769337032475057,-1.211622365224999,-1.1316149976400829,-1.1684529222834907,-1.276088733350989,-1.1897498474679724,-1.186871884605205,-1.1166495907536809,-1.2864493996569466,-1.3065951396963171,-1.3267408797356879
2016-08-17,0.0,0.08276229280488513,0.09491619594405624,0.14874062413184722,0.09780998240576569,0.16147328456337284,0.1661033429021037,0.0,0.028359107324739657,0.02315029169367534,-0.005787572923418835,-0.00810260209279479,0.026622835447718218,0.07408093341975687,0.06597833132696208,0.04687934067968414,0.08276229280488513,0.01215390313917113,-0.0052088156310853735,0.028937864617094175,0.06597833132696208,0.09549495323641077,0.14931938142420173,0.1261690897305264,0.15915825539401796,0.13485044911565464,0.14179553662376146,0.13485044911565464,0.038197981294555886,0.06019075840354325,0.040513010463931846,0.10996388554495785,0.07060838966569294,0.08854986572830396,-0.004630058338751912,0.023729048986008798,0.1475831095471803,0.16552458560977026,0.2419205481989031,0.21240392628945437,0.1637883137327488,0.10649134179089392,-0.012153903139192186,-0.034146680248179545,-0.03183165107880359,-0.07234466154273543,0.005208815631064318,-0.03761922400222242,-0.03819798129457694,-0.11112140012964583,-0.27664598573943716,-0.23323918881379585,-0.299217520140758,-0.316001481618681,-0.2280303731827105,-0.24134179090656963,-0.20603759607372313,-0.2679646263543089,-0.22860913047504397,-0.2372904898601722,-0.2691221409389758,-0.2882211315862748,-0.2494443929993644,-0.3119501805722836,-0.3333642003889375,-0.30732012223355276,-0.20488008148903517,-0.18867487730346663,-0.25465320863042873,-0.2494443929993644,-0.1302203907769238,-0.12559033243819293,-0.20256505231965924,-0.18867487730346663,-0.18230854708769328
2016-08-24,0.0,-0.018500317974219388,-0.0641729779730505,-0.13817424986992805,-0.14222119442677078,-0.042203850378674176,-0.07053246227669958,-0.05550095392263713,-0.06359484303636469,-0.02312539746776898,-0.04798519974561642,-0.06879805746662113,-0.07689194658032765,-0.08672024050413366,-0.07978262126379877,-0.08903278025091897,-0.0780482164537203,-0.05145400936579439,-0.05145400936579439,-0.06359484303636469,-0.06359484303636469,-0.08151702607387723,-0.06706365265652162,-0.08614210556744785,-0.08151702607387723,-0.08036075620050562,-0.07631381164364183,-0.00751575417702071,-0.04278198531538102,-0.06995432733999274,-0.07053246227669958,-0.08151702607387723,-0.07284500202346386,-0.059547898479500906,-0.06590738278315,-0.058391628606108255,-0.141643059490085,-0.21159738683007773,-0.26189512632247947,-0.2526449673353803,-0.24339480834826005,-0.289645603283798,-0.28386425391685577,-0.20350349771637122,-0.20697230733652816,-0.16129964733769703,-0.11736139214892334,-0.08440770075734835,-0.06879805746662113,-0.11909579695900181,-0.13065849569288632,-0.15320575822396948,-0.15089321847718418,-0.21275365670347038,-0.19540960860264367,-0.19309706885587938,-0.20639417239984234,-0.250332427588595,-0.2694108804995002,-0.28502052379024845,-0.21737873619701997,-0.16014337746430438,-0.171127941261482,-0.14048678961669234,-0.017922183037512546,-0.04393825518875265,-0.017344048100826733,0.005203214430256433,0.05492281898595132,0.10868936809850999,0.05781349366942245,0.020812857720983666,0.021969127594376324,0.0005781349366858115,0.027172342024632756
2016-08-31,0.0,0.14450454361125942,0.2987188786904514,0.3918186439419593,0.360404612722124,0.33584455195025686,0.3015746997104364,0.4180921973258134,0.4877742302134524,0.5328962023292243,0.3786818672500324,0.3021458639144251,0.4152363763058283,0.3569776274981295,0.22389636796683096,0.29700538607844373,0.28329744518252803,0.3050016849344101,0.32499243207430534,0.27415881791856345,0.3421273581942156,0.37811070304602284,0.38439350929000243,0.3478390002341857,0.3541218064781444,0.3518371496621689,0.2855821019985036,0.28329744518252803,0.2558815633906758,0.31756729742234846,0.32385010366630723,0.3415561939902269,0.296434221874455,0.2947207292624682,0.31699613321833897,0.2747299821225729,0.21475774070288714,0.22275403955883277,0.18848418731901237,0.21761356172287216,0.28843792301848864,0.31014216277039147,0.376397210434036,0.3375580445622437,0.3581199559061276,0.3541218064781444,0.4095247342658583,0.4083824058578601,0.4449369149136769,0.4940570364574112,0.4872030660094637,0.5717353682010166,0.5940107721568875,0.5683083829770221,0.6551253419845714,0.6551253419845714,0.669975611288506,0.6802565669604479,0.7208092254442272,0.6385615800686706,0.46492766205357217,0.5774470102409868,0.6242824749687454,0.6191419971327641,0.6659774618605228,0.6939645078563637,0.6631216408405378,0.6357057590486855,0.6305652812127042,0.6414174010886556,0.5317538739212261,0.3672585831700922,0.29015141563049623,0.2844397735905262,0.3187096258303466
2016-09-07,0.0,-0.12264876737988784,-0.17616822950930558,-0.4967275078885579,-0.4928250471082847,-0.3696187853312236,-0.3328241551172451,-0.34453153745806475,-0.3462040206496046,-0.4671803048379526,-0.3785386956861164,-0.37407874050867,-0.42871319143243414,-0.39303355001282236,-0.3768662124945766,-0.3501064814298778,-0.39359104441001586,-0.35456643660732423,-0.3417440654721582,-0.36069887497631054,-0.37742370689174976,-0.3556814254016909,-0.2436250515682358,-0.2291301972415299,-0.2937995473145535,-0.29045458093147375,-0.25365995071749525,-0.24529753475977567,-0.2408375795823292,-0.3021619632722732,-0.337841604691885,-0.33226666072007194,-0.3043919408610065,-0.2692697938385881,-0.23972259078796254,-0.2419525683766959,-0.24975748993724237,-0.30160446887509995,-0.3004894800807333,-0.31052437922999276,-0.33951408788342485,-0.3462040206496046,-0.35122147022422423,-0.4270407082408943,-0.42815569703526096,-0.3239042447623523,-0.3021619632722732,-0.3411865710749647,-0.34007158228059803,-0.36348634696221704,-0.3417440654721582,-0.3501064814298778,-0.2854371313568339,-0.28264965937092734,-0.337841604691885,-0.28766710894556724,-0.1901055894388383,-0.21463534291480368,-0.2051579381627377,-0.16278836397694607,-0.27874719859065417,-0.31554182880463266,-0.2865521201512006,-0.3055069296553732,-0.3205592783792523,-0.4315006634183407,-0.5541494307982285,-0.4448805289507003,-0.47331274320693884,-0.5179122949814435,-0.4532429449084199,-0.5530344420038619,-0.4967275078885579,-0.589271577820647,-0.5552644195925952
2016-09-14,0.0,0.22906548172643873,0.22619498696796217,0.18026707083233703,0.2629373198764706,0.27614159576545866,0.12515357146959522,-0.013204275888988051,-0.05109480670087044,0.021241661212730804,-0.014352473792382857,-0.08094795218903096,-0.11711618614583157,-0.04305742137714857,-0.09242993122293724,-0.16648869599164112,-0.16648869599164112,-0.11769028509753941,-0.059132192024613194,-0.03444593710171886,-0.016074770647464622,-0.0866889417059841,-0.08152205114071792,-0.1016155144500539,-0.11367159243566806,-0.08955943646446067,-0.07291056686528821,-0.04994660879747563,-0.05568759831442877,-0.10276371235344872,-0.09587452493310078,-0.051668905652578284,-0.022963958067812568,0.020667562261043843,0.04937250984580956,0.06831777525175074,0.11194929558058628,0.09702272283651646,0.12630176937296914,0.14122834211705984,0.22906548172643873,0.2359546691467867,0.15443261800604788,0.1257276704212822,0.06889187420343772,0.10391191025686441,0.09357812912635294,0.021241661212730804,-0.006889187420327062,-0.007463286372034908,-0.012630176937280206,0.05453940041105485,0.007463286372055794,0.02181576016443865,0.12400537356620041,0.15271032115096614,0.20897201841710275,0.16361820123316456,0.14983982639248955,0.18830445615607977,0.16247000332979064,0.12687586832467698,0.09185583227125027,0.13950604526197807,0.004018692661871377,-0.01779706750254639,0.037316431860195426,0.03846462976359023,0.045927916135625135,0.17165558655690732,0.10046731654668,0.2083979194654158,0.2560481324561227,0.25891862721459924,0.2342323722917049
2016-09-21,0.0,-0.0802120784599405,-0.03982159923542529,-0.029581759432034355,-0.017635279661415048,-0.03583943931189932,0.04664815910433878,0.07964319847085058,0.16156191689799876,0.16554407682154543,0.136531197378601,0.18773039639557637,0.18261047649387055,0.15416647703999536,0.11320711782641091,0.13710007736767021,0.19114367633003312,0.267373594866427,0.26225367496472113,0.381718472670997,0.3566877531515785,0.3248304737632466,0.36920311291128777,0.3532744732171218,0.3521367132389627,0.3299503936649524,0.2980931142765998,0.2980931142765998,0.33734583352295583,0.3993537523323914,0.3771674327583811,0.376029672780222,0.3674964729440594,0.3703408728894469,0.36806535293312864,0.3350703135666375,0.2980931142765998,0.26282255495379037,0.32824375369770337,0.36294543303144355,0.3248304737632466,0.3566877531515785,0.34303463341373086,0.3151595139489249,0.2850088745278213,0.2912665544076656,0.2372229554453027,0.20707231602419912,0.1820415965048013,0.17066399672325125,0.22925863559823006,0.19683247622080818,0.0728166386019164,0.04607927911526956,-0.03982159923542529,0.022755199563100164,0.0011377599781384517,-0.022755199563100164,0.018204159650463576,-0.03811495926819691,-0.05859463887499948,-0.2901287944295271,-0.285008874527842,-0.23210303554363826,-0.24291175533609843,-0.26452919492103943,-0.11206935784827247,-0.13539343740046256,-0.050061439038836926,-0.05063031902790614,-0.1297046375096875,-0.20138351613344474,-0.10808719792472579,-0.13254903745507504,-0.13994447731307844
2016-09-28,0.0,0.015497290843954275,0.0,0.02468087060335701,-0.024106896868403473,0.036734319037548306,0.07461658554504545,0.12914409036642482,0.08093029662961787,0.11766461566718706,0.16989622554871053,0.2020387547065679,0.16300854072916368,0.1348838277160437,0.1343098539810693,0.1308660115713063,0.07519055927999899,0.025254844338310548,0.05108366241159551,-0.0022958949398559046,0.004591789879690929,-0.04821379373680695,0.018941133253738134,0.04706584626685812,0.06371108458076123,0.10274129855816544,0.09987142988335601,0.06428505831571477,0.038456240242429794,0.10905500964275873,0.1142207732574032,0.09355771879878358,0.0958536137386186,0.09355771879878358,0.11938653687206854,0.1429194600054976,0.13775369639085316,0.1302920378363319,0.16817430434382905,0.15899072458442629,0.3036321057948263,0.3983377720635378,0.3702130590504178,0.3248691339884203,0.2732114978418504,0.3248691339884203,0.3116677380843011,0.3019101845899448,0.27837726145651576,0.27550739278170633,0.23647717880428118,0.27550739278170633,0.30535402699970776,0.32142529157865735,0.3616034530259895,0.35012397832675174,0.37652677013499025,0.4706584626687482,0.4654926990540829,0.3977637983285843,0.44540361833041686,0.4815639636330116,0.484433832307821,0.4907475433924143,0.606690237854699,0.5768436036366975,0.49476535953713086,0.4235926164018692,0.3696390853154434,0.33060887133803923,0.3931720084488934,0.36849113784551546,0.3696390853154434,0.43162824869132316,0.4253145376067507
2016-10-05,0.0,-0.1731704962896092,-0.264581807445776,-0.22483775911701318,-0.3395277271514264,-0.4536499230668861,-0.4059570650723625,-0.5024783252993578,-0.4695475423983871,-0.4723864029932987,-0.4661409096845014,-0.5104271349651186,-0.561526625673528,-0.7784155751247803,-0.6739455052320242,-0.6410147223310535,-0.6512346204727312,-0.6938175293964056,-0.675081049469993,-0.6245493308805578,-0.6648611513283152,-0.6989274784672548,-0.5853730546707897,-0.5672043468633512,-0.5473323226989697,-0.5126982234410355,-0.5666365747443564,-0.613761660619906,-0.561526625673528,-0.5405190572711777,-0.5632299420304707,-0.5882119152657014,-0.5910507758606129,-0.6455568992829079,-0.750026969175664,-0.6887075803255563,-0.6677000119232269,-0.7063085160140209,-0.7568402346034354,-0.7091473766089325,-0.7386715267960176,-0.8056686368359277,-0.7301549450112826,-0.7358326662011059,-0.721070591107553,-0.7131217814418129,-0.5967284970504363,-0.6126261163819372,-0.6086517115490568,-0.6251171029995525,-0.6438535829259651,-0.668835556161175,-0.652937936829674,-0.6421502665690223,-0.5791275613619717,-0.539383513033209,-0.5791275613619717,-0.5444934621040581,-0.5331380197244117,-0.6324981405463186,-0.7029018833001145,-0.6120583442629425,-0.613761660619906,-0.5456290063420269,-0.5302991591295,-0.5813986498379093,-0.5689076632202941,-0.5904830037416183,-0.5791275613619717,-0.5978640412883843,-0.6359047732602043,-0.6512346204727312,-0.6506668483537571,-0.7693312212210507,-0.7647890442691962
2016-10-19,0.0,-0.1753619355358026,-0.22768303761368944,-0.3012775548221532,-0.2897784115083301,-0.1857111645182392,-0.18973586467808148,-0.24033209525889904,-0.26793003921207037,-0.26390533905222807,-0.31277669813597636,-0.3719972862021612,-0.3507238710716052,-0.33749985626069184,-0.39097087266998615,-0.38752112967582664,-0.39499557282980746,-0.3714223290364784,-0.32772558444395894,-0.3806216436875286,-0.3760219863620035,-0.36049814288833815,-0.3478490852431494,-0.34382438508330715,-0.3639478858824976,-0.3817715580189151,-0.39442061566412473,-0.42546830261145546,-0.44789163207339805,-0.4214436024516132,-0.3742971148649342,-0.35014891390590147,-0.39787035865826326,-0.351298828237288,-0.3346250704322361,-0.3093269551418378,-0.30070259765647045,-0.3242758414497995,-0.34669917091176294,-0.3311753274380975,-0.35762335705988235,-0.43811736025664416,-0.49101341950023475,-0.45996573255292483,-0.5628830652116292,-0.5950806664903465,-0.5122868346308117,-0.5439094787438253,-0.542184607246756,-0.6134792957924468,-0.6502765543966891,-0.6054298954727831,-0.5812816945137504,-0.5174614491220405,-0.43409266009682285,-0.39499557282980746,-0.28460379701712224,-0.20640962248311248,-0.2840288398514185,-0.19433552200360657,-0.15351356323952192,-0.19491047916928933,-0.21215919414002402,-0.1454641629198583,-0.1425893770914025,-0.2690799535434568,-0.42316847394868246,-0.5117118774651289,-0.40017018732103626,-0.43926727458803067,-0.3214010556213437,-0.38464634384737084,-0.44501684624494225,-0.44789163207339805,-0.46859009003829216
2016-10-26,0.0,-0.18134984348467661,-0.27549004886048245,-0.25585344160419116,-0.3996627123929926,-0.2864634470331313,-0.22755362526421527,-0.25469834705969846,-0.34710591061877577,-0.28588589976089546,-0.23217400344216496,-0.27375740704375395,-0.2610513670543766,-0.2650941979600905,-0.2835757106719101,-0.30956533792290064,-0.3124530742841218,-0.26740438704907576,-0.23910457070909996,-0.2587411779654123,-0.25412079978746266,-0.20329663982995327,-0.2431474016148138,-0.2437249488870496,-0.24488004343154227,-0.23852702343686413,-0.27144721795478965,-0.2968592979335233,-0.2778002379494678,-0.2795328797661963,-0.26740438704907576,-0.30032458156700126,-0.3043674124726941,-0.2489228743372561,-0.22004551072504447,-0.24603513797603493,-0.22813117253647214,-0.27202476522702546,-0.2951266561167948,-0.3164959051898356,-0.2951266561167948,-0.34710591061877577,-0.3384427015351123,-0.36500987605833857,-0.4216095087382903,-0.4233421505550188,-0.3112979797396291,-0.27317985977151815,-0.25007796888174877,-0.21946796345280864,-0.2206230579972803,-0.21369249073036628,-0.19463343074628978,-0.27029212341029696,-0.24256985434257797,-0.27375740704375395,-0.2806879743106889,-0.2922389197555736,-0.2951266561167948,-0.2298638143532006,-0.27029212341029696,-0.284153257944146,-0.39273214512607857,-0.37136289605303774,-0.3967749760317715,-0.5192149977475531,-0.4932253704965626,-0.6422325667355706,-0.5423168886373224,-0.49149272867983407,-0.4585725341619086,-0.4192993196493049,-0.4239196978272546,-0.4493317778060092,-0.5440495304540509
2016-11-02,0.0,-0.10947195878703155,-0.13698630136987153,0.050930804355466146,-0.12527807048355846,-0.019903992506740752,-0.018147757873776753,0.0070249385317921065,0.023416461772626157,0.014635288607891348,-0.05034539281113772,-0.04214963119073134,-0.040978808102095775,-0.022831050228319022,0.05561409670998712,0.062053623697450794,0.026343519494204423,-0.07903055848261328,-0.08371385083713424,-0.12469265893923001,-0.2002107481559579,-0.18323381337079542,-0.13230300901532926,-0.10478866643251056,-0.11825313195176636,-0.0690785622292429,-0.10654490106545328,-0.11181360496428137,-0.1551340592436483,-0.12644889357217273,-0.11298442805291695,-0.0913242009132335,-0.13054677438238657,-0.260508137220466,-0.21074815595363539,-0.22479803301721962,-0.24236037934668922,-0.2160168598524848,-0.1808921671935456,-0.16976934785153963,-0.06849315068493576,-0.04975998126683059,-0.08254302774849868,-0.06322444678608637,-0.015220700152198483,-0.06263903524177923,-0.07961597002692042,-0.08312843929282711,-0.022831050228319022,0.0725910314951496,0.027514342582839992,-0.10069078562229673,-0.09308043554619749,-0.07551808921672787,-0.16040276314249768,-0.0983491394450256,-0.052687038988408846,0.005854115443156539,-0.022831050228319022,-0.10244702025523943,-0.07493267767239944,-0.004097880810213837,0.014049877063584213,-0.018733169418105183,-0.0327830464816681,-0.020489404051047887,0.0035124692658854047,-0.0983491394450256,-0.08956796628029079,-0.1709401709401752,-0.2318229715489904,-0.3559302189439133,-0.3489052804121212,-0.2821683643601494,-0.3202201147406669
2016-11-09,0.0,2.0070647686567695,2.0132728254729053,1.7990948653162142,3.515001769296186,2.929582011534567,3.1418975546464223,2.991662579695927,3.2238439046194216,3.5826695885920774,3.099061962615075,2.6489778434452163,2.6067630570954963,2.2311756197192696,2.0784574220423333,1.899665385737599,1.602299464244699,1.6674840608141266,1.9232560016389337,1.917668750504402,1.9536754800379867,2.2119306435892567,2.154195715199174,2.093977564082673,2.1827527765534134,2.188960833369549,2.1784071367821136,2.314984386737105,2.318709220826778,2.1970313072305214,2.598692583234524,2.4645985560059733,2.540957654844464,2.887367225184847,2.7098168002433445,2.4726690298669682,2.4130716844320492,2.4323166605620843,2.463356944642764,2.4304542435172256,2.6024174173241965,2.7346490275078885,2.7029879377456036,2.8401859933822,2.830873908157996,3.0667800671711634,2.7663101172701956,3.0394646171801787,3.447333950000317,3.8421663635065566,3.8564448941836647,3.848374420322692,3.835337501008816,4.132082616820111,4.5356063098689505,4.490287495111162,4.343156548568735,4.4995995803353654,4.651696972330697,4.823660146137646,4.859046069989626,4.652317778012302,4.625002328021295,4.808140004097306,5.21538853123584,5.008660239258517,4.75537152116015,4.552368063272522,4.4244820928601065,4.430690149676243,4.454280765577555,4.4933915235192305,4.625623133702922,4.794482279101825,4.960858201774265
2016-11-16,0.0,-0.5429185987703506,-0.8353999987813187,-0.7604516400285126,-0.6641765125249066,-0.8902402612833751,-1.0718224637901912,-0.9548299037857996,-0.9536112312857604,-1.1473801587930224,-1.0139355200380205,-0.9682353012863066,-0.8232132737808616,-0.8183385837806832,-0.8195572562807334,-0.6708792112751492,-0.888412252533311,-0.888412252533311,-0.789699780029605,-0.6903779712758848,-0.692815316275974,-0.6964713337761133,-0.6343190362737781,-0.5532773150207435,-0.6136016037730034,-0.6282256737735495,-0.6556458050245779,-0.5861814725219752,-0.596540188772368,-0.6989086787762024,-0.6379750537739174,-0.6203043025232571,-0.6257883287734604,-0.6123829312729644,-0.4953903712685727,-0.5240291750196511,-0.5161078037693475,-0.4917343537684334,-0.4094739600153487,-0.3802258200142563,-0.2815133475105501,-0.20169029875755454,-0.2717639675101823,-0.39302188126473836,-0.5118424500191942,-0.7208447837770273,-0.6038522237726356,-0.4978277162686619,-0.5611986862710361,-0.5447466075204258,-0.41617665876560217,-0.42105134876578054,-0.44969015251685895,-0.49417169876852257,-0.6970806700261383,-0.8098078762803657,-0.9980927775374241,-0.7275474825272809,-0.7208447837770273,-0.7592329675284625,-0.620913638773282,-0.5733854112714931,-0.4704075850176337,-0.5587613412709469,-0.6093362500228502,-0.7598423037784875,-0.7147514212767988,-0.7385155350276877,-0.7994491600299728,-0.8445400425316614,-1.1096013112916012,-1.021247555038288,-1.2174538275456501,-1.1942990500447863,-1.266200727547478
2016-11-23,0.0,-0.5607859697933182,-0.4682531796502363,-0.3365957869634273,-0.3589527027026982,-0.4738424085850511,-0.5340818759936407,-0.6564238871224098,-0.7160423290937952,-0.7942915341812379,-0.7390202702702703,-0.6502136327503907,-0.7458515500794936,-0.9191176470588236,-0.8371422893481673,-0.8172694753577129,-0.8166484499205087,-0.7806289745627913,-0.6936854133545243,-0.6943064387917284,-0.7135582273449897,-0.5166931637519805,-0.4167080683624824,-0.37758346581875546,-0.41049781399046337,-0.4216762718600931,-0.4278865262321122,-0.3359747615262344,-0.368889109697931,-0.36764705882352267,-0.37323628775834883,-0.4446542130365682,-0.449622416534179,-0.4167080683624824,-0.4247813990461027,-0.5024095786963412,-0.5284926470588258,-0.512345985691574,-0.5912162162162095,-0.5328398251192323,-0.5111039348171655,-0.47570548489666364,-0.501788553259137,-0.47260035771065406,-0.45459062003178974,-0.4222972972972973,-0.36392090620032025,-0.4080137122416467,-0.4018034578696276,-0.42353934817169436,-0.3738573131955417,-0.3446691176470588,-0.4055296104928413,-0.25275735294116974,-0.1658137917329026,-0.22232710651827847,-0.16332968998409725,-0.07203895071542357,-0.10681637519872136,-0.17140302066772883,-0.25772555643879175,-0.24344197138314108,-0.2502732511923643,-0.15774046104928233,-0.2105276232114445,-0.104332273449916,-0.0558922893481717,-0.17450814785373833,-0.10743740063592552,-0.161466613672496,-0.13786764705881674,-0.1428358505564388,-0.1906548092209789,-0.30989169316374976,-0.31672297297297297
2016-11-30,0.0,-0.27654901097017864,-0.17804372166442456,-0.2049644218473719,-0.3726069638956679,-0.297963204297516,-0.20374075365723385,-0.1119656393972166,-0.09299878245014415,-0.07525559369320971,-0.04772305941520452,0.04772305941521565,0.036710045704006905,-0.004282838665460795,0.08137393464388865,0.03732187979907591,0.10401179616135289,0.18232656032990763,0.1382745054850949,0.18722123309043742,0.12053131672816045,0.11747214625282654,0.11013013711202072,0.15234668967163753,0.137050837294968,0.09238694835508626,0.14867568510123463,0.07647926188334771,0.035486377513880014,0.009177511426001726,0.06913725274255302,0.06791358455241499,0.10707096663668679,0.08504493921429157,0.1058472984465599,0.003671004570402916,-0.0012236681901268858,-0.003059170475333909,0.01590768647173855,-0.059347907221471145,-0.036710045704006905,0.011013013711208748,0.0018355022852070229,-0.007953843235863711,-0.03976921617934081,-0.06546624817213896,0.0006118340950690075,0.011013013711208748,0.1052354643514909,0.03303904113361512,0.03732187979907591,0.0630189117918852,0.12053131672816045,0.11502480987256164,0.11013013711202072,0.21536560146351164,0.28817385877646756,0.2539111494527144,0.26920700182938395,0.3683241252302071,0.3285549090508662,0.36954779342034505,0.4154353505503537,0.4233891937862174,0.5341311649932959,0.48396076919783765,0.5989855790703882,0.5751240493627748,0.6044920859259758,0.6870896887599914,0.7121748866577429,0.6797476796192079,0.7152340571330768,0.7029973752317411,0.5586045287959672
2016-12-07,0.0,-0.08814455707359849,-0.09365359189069629,-0.053866118211640425,-0.10222320160618303,-0.08814455707359849,-0.0716174526222939,-0.09120513197198739,-0.11997453601683651,-0.09671416678908522,-0.09548993682972519,-0.17078007933009914,-0.20873120807011497,-0.17628911414719697,-0.15241662993976565,-0.1830223789236548,-0.20322217325301717,-0.19097987365946154,-0.15486508985847455,-0.11997453601683651,-0.1169139611184476,-0.09793839674844523,-0.09916262670779412,-0.061211497967778264,-0.03489055384162693,-0.04162381861808477,-0.10773223642328085,-0.12242299593555653,-0.08141129229714064,-0.11752607609812761,-0.09426570687037632,-0.08079917731746064,-0.047744968414862594,-0.029993634004209128,-0.06304784290680716,-0.08998090201262739,-0.06978110768326501,-0.09181724695166742,-0.09916262670779412,-0.04407227853679368,-0.05447823319132043,-0.05202977327261153,-0.04162381861808477,-0.01836344939033348,-0.04101170363840476,0.05876303804906936,0.03550266882131808,0.0012242299593600192,0.1107928113216809,0.15180451496009678,0.1738406542284992,0.2552519465256399,0.1548650898584857,0.2050585181920572,0.1622104696146124,0.20444640321238833,0.1554772048381657,0.10283531658587418,0.13772587042750112,0.16465892953333247,0.1609862396552635,0.1971010234562505,0.14323490524461005,0.12303511091523656,-0.8618578913863136,-0.5833455756329224,-0.6831203173203966,-0.6941383869546034,-0.8716517310611605,-0.7816708290485218,-0.8177856128495089,-0.8306400274227445,-0.9071543998824674,-0.8624700063659936,-0.70332011164977
2016-12-14,0.0,-0.21872930425853804,-0.29163907234471736,-0.24242497888655518,-0.35118204961509275,-0.36029577062586515,-0.3688019102359283,-0.39857339887112697,-0.39675065466895487,-0.35057446821438343,-0.29467697934830817,-0.31351200277058444,-0.312904421369853,-0.38277628245244155,-0.35908060782444656,-0.31776507257559383,-0.3189802353770346,-0.31411958417129376,-0.36637158463304675,-0.3991809802718363,-0.3809535382502915,-0.40829470128260875,-0.3815611196510008,-0.34146074720361097,-0.38520660805532303,-0.3329546075935479,-0.32262572378135684,-0.30804377016411216,-0.22602028106716038,-0.24242497888655518,-0.26612065351455017,-0.2837405141353857,-0.26733581631599096,-0.24728563009229604,-0.25093111849659616,-0.2612600023088093,-0.35361237521797423,-0.3220181423806254,-0.30136037475622124,-0.3359925145971387,-0.3214105609799161,-0.35847302642371515,-0.39189000346321395,-0.4234842363005628,-0.38885209645962315,-0.4125477710876403,-0.40464921287830863,-0.6987186108258854,-0.6179102845303743,-0.5650507026678899,-0.6051510751152908,-0.5285958186248002,-0.5474308420470655,-0.4769513995637565,-0.42956005030774436,-0.3839914452538823,-0.2381719090815236,-0.23877949048223293,-0.2290581880707512,-0.32019539817847537,-0.2612600023088093,-0.2782722815289134,-0.2557917697023591,-0.22480511826571964,-0.18713507142118924,-0.28556325833753576,-0.2527538626987683,-0.3378152587993109,-0.40829470128260875,-0.407079538481168,-0.5577597258592786,-0.545000516444195,-0.5966449355052387,-0.6264164241404264,-0.5699113538736418
2016-12-21,0.0,-0.12521820660387925,-0.18135050611596226,-0.3281580586860152,-0.2559879593133354,-0.27017524380540653,-0.2498195747515683,-0.10486253755004102,-0.13508762190270887,-0.19121992141478067,-0.2035566905383149,-0.19492095215184319,-0.1782663138350787,-0.1665463831677122,-0.1295360757971095,-0.15482645250035693,-0.13138659116564635,-0.0474965611256113,-0.04132817656384418,-0.04934707649413694,-0.07093642246032186,-0.13693813727123452,-0.14557387565770624,-0.18443469839684581,-0.21836081348656494,-0.17333160618565827,-0.17271476772947933,-0.18135050611596226,-0.16901373699242803,-0.18566837530919253,-0.18381785994066685,-0.15174226021947335,-0.1461907141138852,-0.1511254217632944,-0.13015291425328845,-0.13508762190270887,-0.19553779060802215,-0.17271476772947933,-0.15482645250035693,-0.0949931222512226,-0.1258350450600582,-0.13817181418359245,-0.1511254217632944,-0.1523590986756523,-0.11473195284887065,-0.13200342962182532,-0.14002232955211807,-0.161611675518303,-0.23316493643480382,-0.19985565980126363,-0.1511254217632944,-0.06045016870532449,-0.05859965333678762,-0.12398452969152132,-0.1141151143926917,-0.09684363761974825,-0.13138659116564635,-0.10424569909387327,-0.07155326091650083,-0.08697422232091861,-0.016654638316775706,-0.020355669053838222,-0.03577663045825602,-0.04194501502002314,-0.11719930667357524,-0.08882473768945548,-0.09560996070739033,-0.14495703720152728,-0.24796905938304264,-0.2559879593133354,-0.4712645805190169,-0.4934707649413695,-0.5940154332981802,-0.582295502630825,-0.6112869100711237
2016-12-28,0.0,0.025473591341466435,0.03976365477691742,0.03479319792980698,-0.16899553280191318,-0.09381737298929714,-0.05716025374182657,0.05094718268292156,0.2106231088964942,0.33985498692147864,0.2584637560499802,0.2802095047561082,0.17334468254313198,0.19571173835515157,0.15967592621356133,0.21000180179060254,0.2665407484265375,0.2199427154848347,0.24293107840274594,0.20751657336704732,0.16651030437834666,0.12985318513087607,0.14787109120166553,0.19571173835515157,0.20130350230815364,0.23299016470851378,0.235475393132069,0.17210206833134872,0.17210206833134872,0.1776938322843621,0.2547359134146417,0.33799106560381503,0.34420413666270877,0.42186752489888,0.4299445172754373,0.4802703928524785,0.47654255021714004,0.48710477101726385,0.4641164080993527,0.38458909854551776,0.31313878136824025,0.3417189082391535,0.39390870513385834,0.4541754944051317,0.46598032941702755,0.4641164080993527,0.5045013699821617,0.5616616237239883,0.5001522202409429,0.4541754944051317,0.4454771949226715,0.5548272455592029,0.5312175755354114,0.4989096060291597,0.5790582226888861,0.6250349485247085,0.6082596566656909,0.5914843648066735,0.6206857987834784,0.3404762940273703,0.2913930326621123,0.08449776640095659,0.07766338823617125,0.18266428913147253,-0.03976365477691742,0.03852104056513416,0.09630260141285236,0.08822560903628376,0.01118352790600414,-0.0248522842355748,-0.09568129430696072,-0.17272337543725166,-0.2236705581201732,-0.17645121807257882,-0.15594808357823414
2017-01-04,0.0,0.08962540239977032,0.009145449224465906,0.038410886742774555,-0.0006096966149555215,0.015852111989087547,-0.02377816798359805,0.09816115500928072,0.13962052482685505,0.16583747927031955,0.2127841186225823,0.09084479562970355,0.19266413032876176,0.17010535557507475,0.12254901960785645,0.1316944688323224,0.1188908399180568,0.07499268364063819,-0.012193932299287875,-0.001829089844888745,0.02072968490879826,-0.05243390888692899,-0.004267876304733013,0.019510291678865036,-0.00365817968977749,0.0890157057848148,0.07194420056581621,0.0938932787045255,0.004267876304755192,0.005487269534688416,-0.045727246122329535,-0.05487269534679544,-0.026216954443464495,-0.07316359379572725,-0.1414496146717327,-0.1493756706662654,-0.1896156472539176,-0.1420593112866993,-0.09328358208954782,-0.08047995317528224,-0.057921178421617404,-0.014023022144176622,-0.06401814457126134,-0.05487269534679544,-0.03719149351281915,-0.06645693103110561,0.0134133255292211,0.02743634767339772,-0.014023022144176622,-0.02438786459857575,0.12011023314799,0.059140571651550636,0.02438786459857575,0.05853087503659511,0.0134133255292211,0.04511754950737401,-0.05670178519168418,-0.04267876304750757,-0.060969661496439384,0.018290898448931812,-0.007926055994532683,-0.03902058335770789,-0.04206906643252986,-0.012803628914243397,-0.02377816798359805,-0.18778655740902883,-0.09084479562968135,-0.12559750268265624,-0.12254901960783426,-0.14815627743634327,-0.13352355867718893,-0.18717686079406223,-0.1493756706662654,-0.0835284362501042,-0.1054775143888357
2017-01-11,0.0,-0.07203010858538868,-0.0006002509048913413,0.006002509048782391,0.09243863935123571,0.13025444635858224,0.14886222440979893,0.1632682461268854,0.17767426784395002,0.1290539445488214,0.11284717011710457,0.1350564535976038,0.09904139930490945,0.09664039568538776,0.06242609410732376,0.04261781424634624,0.03241354886341181,0.03541480338780301,0.04261781424634624,0.02881204343415111,0.04922057420001997,0.08403512668295347,0.08883713392197501,0.10204265382930064,0.09183838844636621,0.10564415925856134,0.0984411484000181,0.1350564535976038,0.13085469726345175,0.14285971536101655,0.13685720631223416,0.1236516864049085,0.1320551990732126,0.17167175879516766,0.16807025336590695,0.1950815440854277,0.17767426784395002,0.15906648979273336,0.1956817949902972,0.27191365990983796,0.2995252015342282,0.31273072144155384,0.30312670696351074,0.36915430650011705,0.3859613318367034,0.3931643426952466,0.36615305197572584,0.399166851744029,0.4417846659903752,0.40817061531720256,0.4213761352245282,0.42497764065378885,0.4273786442733106,0.4225766370342672,0.46339369856600493,0.5462283234391976,0.5108135200513727,0.5294212981026112,0.5756406177782182,0.5282207962928503,0.557633090631871,0.5966493994489566,0.5894463885904352,0.5666368542050446,0.6014514066879999,0.5924476431148263,0.5444275707245672,0.5822433777318919,0.5882458867806744,0.6614764971758238,0.6764827697977798,0.6314639519319118,0.5990504030684782,0.5966493994489566,0.5468285743440671
2017-01-18,0.0,0.1920572723110452,0.23486880050422465,0.3145458113081765,0.3514112939189705,0.47925127394025735,0.5054138745027619,0.5357387069729189,0.5000624334786063,0.524441220366378,0.5268196385993409,0.5446577753464971,0.5131437337598587,0.5226574066916667,0.5904423263308692,0.5874693035396765,0.5630905166518833,0.5214681975751853,0.4863865286391242,0.5167113611092813,0.5077922927357031,0.42692607281526984,0.4191962135581731,0.3847091491803203,0.43108830472294396,0.4370343503053294,0.42573686369878844,0.4637915554260639,0.4459534186789076,0.43941276853827055,0.4287098864899811,0.408493331509862,0.398979658578054,0.4233584454658256,0.44060197765475206,0.42514225914055853,0.22059829110649098,0.2122738272911427,0.13675904839486497,0.14627272132667302,0.1956248996604678,0.22535512757239495,0.21108461817468288,0.2425986597613214,0.20454396803404593,0.18670583128688967,0.11238026150707171,0.16946229909798488,0.1647054626320592,0.1593540216079253,0.17481374012211878,0.109407238715879,0.12129932988064987,0.09751514755110814,0.035676273494312606,0.011297486606519346,-0.03805469172727543,-0.06481189684800988,0.005351441024133912,0.032703250703119885,0.03686548261077238,-0.009513672931829673,-0.02973022791192717,-0.05232520112500912,0.04162231907669804,0.030919437028386954,0.0903798928522413,0.010108277490037933,0.04043310996021662,0.04875757377554325,0.11059644783236042,0.13259681648719085,0.1569756033749625,0.09692054299287825,0.06600110596446968
2017-01-25,0.0,0.03294330809639767,-0.04176740847938503,0.13530287253881135,0.152362799945866,0.1541276200224549,0.21824941613868276,0.152362799945866,0.152362799945866,0.14706833971609926,0.15353934666359906,0.007059280306355644,0.09706510421262551,0.11236021154309127,0.13765596597425608,0.1823647412479631,0.24354517056984754,0.1747171875827088,0.18530610804228506,0.1917771149897849,0.202954308808217,0.19883639529616193,0.22119078293300473,0.25236927095281353,0.2947249527910544,0.2653112848478345,0.26001682461804637,0.25942855125919057,0.22825006323938177,0.24119207713440277,0.2700174717187454,0.2623699180535125,0.2635464647712456,0.2841360323314995,0.2853125790492326,0.30237250645628727,0.34884610180658315,0.3388454547058841,0.28943049256126624,0.3017842330974314,0.3141379736335752,0.3329627211172402,0.34708128172999425,0.3370806346292952,0.365317755854782,0.3953196971568577,0.4717952338092293,0.48120760755107256,0.5376818500020462,0.5835671719934648,0.5918029990175748,0.5576831442034441,0.5982740059650747,0.6582778885692474,0.6206283936019389,0.6100394731423626,0.6182753001664727,0.6035684661948628,0.602980192836007,0.580037531840287,0.5876850855055198,0.6188635735253286,0.59592091252963,0.6765143626940566,0.752401625987551,0.8377012630228886,0.8488784568413207,0.8224061556924228,0.8377012630228886,0.9359429139532471,1.1559571501685402,1.238315420409556,1.2518457076634326,1.3012606698080291,1.2930248427839404
2017-02-01,0.0,0.08226035109417085,0.019252422596505815,-0.01050132141627397,-0.07000880944185477,-0.16510410893370323,-0.061841115006984436,-0.14760190657323954,-0.17385521011393507,-0.17093817638719114,-0.12076519628720372,-0.07584287689534266,-0.1260158569953513,-0.2812020512581209,-0.19894170016395,-0.18960719223835665,-0.1388508053930077,-0.17735565058604055,-0.050172980100008646,-0.11551453557905611,-0.16568751567906476,-0.06650836896977051,-0.03733803170233103,-0.011084728161635493,-0.05950748802558079,-0.05775726778953867,0.02625330354069554,0.08692760505695693,0.036171218211629205,-0.13593377166626375,-0.3022046940906688,-0.1866901585116127,-0.19894170016395,-0.18785697200231455,-0.10968046812556821,-0.3162064559790483,-0.2712841365871872,-0.27245095007788905,-0.18902378549301635,-0.27361776356859085,-0.2403635790837056,-0.15693641449883292,-0.2286954441767298,-0.1382673986476674,-0.23102907115813345,0.4766433109499655,0.7870156994755045,0.8762769315138863,0.5682381699697084,0.7537615149906405,0.6633334694615781,0.8430227470290012,0.8214366974510917,0.6539989615359848,0.8634419831162088,1.1061391891812968,1.083969732858047,1.2280711989592024,1.3785901392591857,1.2467402148103677,1.3371682603394301,1.3914250876568635,1.3657551908615082,1.3062477028359274,1.2875786869847832,1.3149988040161593,1.3739228852963996,1.4340137800673207,1.4970217085649857,1.5962008552742804,1.7047145099091678,1.7163826448161434,1.7187162717975257,1.6714603254242826,1.6831284603312582
2017-02-08,0.0,-0.006837957502077541,0.03248029813495124,-0.017094893755235315,-0.01823455333890108,-0.03418978751047063,-0.007977617085764041,0.01823455333892181,-0.03305012792678413,-0.05299417064122533,0.025642340632852968,-0.05071485147385232,-0.060971787726989364,-0.005698297918411771,-0.04729587272281355,0.026212170424706586,-0.023932851257312853,0.027921659800225967,0.05356400043307894,0.05641314939228482,-0.0188043831307547,-0.013675915004175813,-0.0039888085428716556,-0.03931825563702878,0.04558638334729417,0.009687106461304155,-0.012536255420489311,-0.0034189787510387707,0.0,0.0022793191673730006,-0.05242434084937171,-0.054133830224911826,-0.05584331960043121,-0.07464770273118591,-0.0968710646130001,-0.10826766044982365,-0.08946327731904821,-0.12023408607848007,-0.12650221378872473,-0.09915038378035237,-0.11681510732744131,-0.1139659583682354,-0.13334017129082298,-0.12536255420505896,-0.10712800086613715,-0.12308323503768595,-0.16297132046656837,-0.18348519297284244,-0.14986523525422543,-0.18975332068310782,-0.1743679163033919,-0.19260246964231373,-0.2165353208996473,-0.18063604401363656,-0.19773093776887188,-0.14245744796029428,-0.16809978859314723,-0.18576451214021544,-0.17151876734418603,-0.11567544774375481,-0.13903846920923477,-0.14929540546237183,-0.17094893755235313,-0.307138257802382,-0.5812263876780006,-0.42395336512982335,-0.27750710862663663,-0.2564234063285297,-0.3191046834310592,-0.3424677048965391,-0.19716110797703898,-0.16012217150736247,0.004558638334746001,0.15442387358897142,-0.00455863833472527
2017-02-15,0.0,0.20905367609782075,0.14069825067074176,0.17145819211293561,0.09171019578134343,0.17031893502248013,0.1509515644847995,0.11392570904513166,0.11905236595217089,0.1264575370401003,0.12759679413055577,0.06721616833662354,0.0843050246933933,0.016519227811552382,0.0786087392411367,0.022215513263808967,0.010822942359295798,0.023354770354264427,0.06835542542707901,0.05126656907030925,0.07063393960798993,0.05696285452256583,-0.006265913997473953,-0.006835542542712045,-0.15379970721092776,-0.13557159376370254,-0.205066276281237,-0.24949730280883423,-0.328675670595209,-0.43861397982375694,-0.4181073521956208,-0.367980040215767,-0.42494289473833285,-0.37994223966551827,-0.4346265800071732,-0.3936133247509217,-0.43291769437150035,-0.4773487208990975,-0.4967160914367783,-0.5001338627081239,-0.6180469715698393,-0.6049455150296533,-0.5781729734040433,-0.485323520532265,-0.5081086623412915,-0.6077936577557816,-0.5935529441251401,-0.5479826605070874,-0.5491219175975223,-0.553109317414106,-0.5895655443085565,-0.5565270886854724,-0.47563983526342474,-0.615198828843711,-0.6448195131954495,-0.5907048013990118,-0.6704527977306041,-0.716592709893874,-0.6391232277431929,-0.4369050941880841,-0.39930961020317823,-0.3873474107534477,-0.34633415549719615,-0.46937392126593,-0.3850688965725368,-0.40443626711021746,-0.4038666385649793,-0.45912060745187233,-0.5639322597734018,-0.5622233741377289,-0.546273774871394,-0.6288699139291144,-0.5827300017658443,-0.6112114290271273,-0.601527743758287
2017-02-22,0.0,-0.04198646356414691,0.06437924413169194,0.035268629393879335,0.019033863482401048,-0.04926411724861535,-0.048704297734414495,-0.06046050753238786,-0.07277653684452132,-0.03302935133713705,0.03470880987967849,0.030790073280374405,0.044785561135090045,0.08173364907153118,0.07893455150058805,0.035828448908059814,0.0520632148195381,0.07053725878775867,0.12427993214985858,0.11364336138028691,0.0923702198411232,0.12931830777756437,0.12651921020662124,0.14779235174578492,0.13771560049039372,0.08957112227018009,0.0733363563587018,0.12427993214985858,0.10580588818163801,0.09740859546880863,0.09404967838368503,0.13043794680594567,0.15339054688767118,0.17970206405454064,0.23624383498758367,0.22168852761868754,0.18977881530993185,0.22952600081733646,0.26815354729633945,0.2737517424382257,0.23568401547340323,0.1948171909376376,0.15562982494443384,0.051503395305337256,0.10972462478096247,0.10356661012489574,-0.015674946397297808,-0.18921899579577173,-0.09628895644044767,-0.11924155652219352,-0.1819413421113033,-0.1830609811396846,-0.11364336138030728,-0.032469531822956574,-0.025751697652688997,0.0016794585425618032,-0.02855079522363212,-0.08173364907155155,-0.05598195141886255,-0.1640271176572836,-0.18418062016806594,-0.17298422988429343,-0.14555307368904263,-0.11476300040866823,-0.03694808793646151,-0.1802618835687415,-0.21553051296262082,-0.24576076672881475,-0.15730928348701598,-0.07277653684452132,-0.06941761975939771,-0.05710159044724388,-0.0005598195142008452,-0.0291106147378126,-0.06158014656074881
2017-03-01,0.0,0.09377386460626616,0.1510489196352447,0.15666412110867356,0.41889402991780567,0.32792776604825397,0.38127218004582825,0.3958717038767351,0.35488073312070845,0.32624320560622944,0.31276672206999195,0.2796370333767535,0.3470194510578999,0.3756569785723994,0.3700417770989705,0.35431921297337376,0.32736624590089886,0.3588113741521127,0.32736624590089886,0.3447733704685406,0.32961232649027855,0.3840797807825427,0.34758097120525505,0.34926553164727964,0.34421185032118545,0.33578904811104215,0.30209783927046896,0.26222990880913216,0.29367503706032566,0.2947980773550155,0.32905080634294387,0.35431921297337376,0.303782399712514,0.341404249584471,0.30209783927046896,0.30602848030187324,0.3155743228067064,0.33466600781637273,0.3301738466376133,0.336912088405732,0.35431921297337376,0.35207313238399407,0.3588113741521127,0.36835721665694593,0.3284892861955887,0.3183819235434208,0.278513993082084,0.28132159381879845,0.2919904766183011,0.2700911908719408,0.3077130407438978,0.3049054400071834,0.32287408472215984,0.3706032972463052,0.3419657697318262,0.31445128251201654,0.3722878576883298,0.40260994564485386,0.3481424913525898,0.3790260994564485,0.4037329859395437,0.4009253852028293,0.4132788284443769,0.4351781141907372,0.4789766856834783,0.5261443780602889,0.5834194330892675,0.5974574367728396,0.5559049458694578,0.5968959166254845,0.5121063743767167,0.5059296527559531,0.49133012892502587,0.4267553119805939,0.3840797807825427
2017-03-08,0.0,-0.052509859564064565,0.06256493905502972,0.032958316109342384,-0.0731786340733249,-0.07876478934609686,-0.02178600556381878,-0.01564123476377775,0.002234462109096591,-0.06256493905505003,-0.06424078563687756,-0.08379232909157942,-0.10278525701901223,-0.09719910174624026,-0.06535801669143601,-0.08435094461886881,-0.0703855564369389,-0.08490956014613787,-0.10948864334634265,-0.09719910174624026,-0.21283251589262392,-0.3435485492754757,-0.48878858636754663,-0.4290167249489029,-0.4731473516037892,-0.6033047694593718,-0.5167193627314064,-0.5021953590222075,-0.48878858636754663,-0.583194610477401,-0.6250907750231907,-0.5971599986593308,-0.5435329080407282,-0.5697878378227401,-0.5323605974951842,-0.5049884366585935,-0.5446501390952663,-0.5507949098953276,-0.5949255365502139,-0.5893393812774419,-0.5513535254225966,-0.5172779782586958,-0.5245399801132953,-0.5318019819678949,-0.5418570614588802,-0.45024411498543226,-0.5150435161495789,-0.4854368932038916,-0.4792921224038506,-0.31841085054800183,-0.3212039281843878,-0.3161763884389052,-0.3463416269118616,-0.26422514440213,-0.2659009909839576,-0.2659009909839576,-0.31170746422069173,-0.32902454556627664,-0.27763191705677054,-0.3463416269118616,-0.355838090875578,-0.3776240964393968,-0.3334934697844902,-0.37538963433027983,-0.37147932563933544,-0.3675690169484113,-0.3502519356028061,-0.37147932563933544,-0.4256650317852276,-0.41169964360329764,-0.31785223502073273,-0.2703699152021711,-0.281542225747715,-0.3128246952752298,-0.25417006491112426
2017-03-15,0.0,0.008803930955163476,-0.03356498676660329,0.031364004027802414,0.0374167065594748,-0.0962929948221881,-0.04842162025343916,0.023660564442019357,0.07428316743425939,0.13040822727348161,0.12435552474178921,0.161772231301264,0.12710675316528028,0.1650737054094653,0.16397321404006487,0.13260921001226247,0.09519250345278767,0.1370111754898442,0.13591068412046378,0.12655650748059008,0.04567039182994807,0.07648415017304025,0.07703439585775049,0.03246449539718284,0.0715319390107683,0.09574274913747786,0.07428316743425939,0.04346940909114719,0.05062260299224003,0.0027512284234910886,0.04897186593812937,0.0005502456846902105,-0.01650737054094653,-0.04897186593814938,-0.03356498676660329,-0.007153193901072827,0.03576596950538415,0.01650737054094653,0.02696203855020066,0.05722555120860263,0.04952211162283959,0.05227334004633069,0.057775796893312865,0.03961768929827568,0.04126842635236633,0.04126842635236633,0.05392407710042133,0.08583832681291395,0.06712997353318657,-0.0027512284234910886,0.02586154718082024,-0.04071818066767612,-0.01650737054094653,-0.011555159378674582,0.030263512658401975,0.02916302128900154,0.02200982738792871,0.04126842635236633,0.08969004660580548,0.11390085673253507,0.14581510644502768,0.1122501196784244,0.08748906386700461,0.13150871864286204,0.19643770943726774,0.136460929805154,0.11830282221011681,0.017057616225636743,0.04677088319934851,0.06657972784847634,-0.01760786191034697,-0.01760786191034697,0.04181867203705654,0.00220098273878086,-0.09464225776809745
2017-03-22,0.0,0.24759041471394064,0.21608895569899272,0.21829958440180386,0.2359846140242124,0.17132372446723845,0.16524449553451795,0.12711115041117693,0.12766380758686965,0.10942612078874829,-0.023211601379436328,-0.08068794765232437,-0.06742417543549786,-0.06852948978690343,0.015474400919617519,-0.016579715271023077,-0.0016579715271183922,-0.022658944203743602,-0.024869572906534618,-0.046975859934565385,-0.06797683261121071,-0.09174109116633976,-0.08621451940933207,-0.05305508886728591,-0.08013529047661154,-0.02431691573084189,-0.013816429392519232,-0.01713237244673591,0.05416040321867137,0.03260677336633332,0.07460871871960385,0.04034397382615214,0.010500486338302552,0.05637103192146239,0.014921743743904686,-0.006079228932720525,0.0397913166504393,0.09450437704482349,0.06576620390837948,0.08345123353080812,0.04310725970465598,0.07239809001679273,0.09726766292332735,0.1586126094261047,0.14700680873639657,0.1702184101158329,0.17519232469712778,0.17353435317002947,0.1718763816429312,0.12600583605977136,0.10555752055883888,0.14313820850648717,0.1188212927756654,0.14258555133079445,0.07847731894949314,0.09947829162613847,0.11771597842425982,0.10887346361303546,0.1265584932354641,0.1608232381289158,0.1486647802634949,0.10666283491024445,0.08345123353080812,0.049186488637356404,-0.08897780528783591,-0.1453488372093184,-0.11274206384296497,-0.14479618003360556,-0.2746706163232863,-0.28019718808029404,-0.18624546821116325,-0.11605800689716153,-0.1851401538597577,-0.1829295251569667,-0.20337784065789918
2017-03-29,0.0,-0.050390526581006755,-0.1571965340081322,-0.1451466254778884,-0.1780100123785424,-0.2043007218990815,-0.15500564154810054,-0.18567813598870295,-0.136383055637722,-0.07996757479160331,-0.08051529790660623,-0.1018764993920393,-0.11283096169225727,-0.060249542651198966,-0.06244043511125053,-0.09201748332184709,-0.07777668233155174,-0.08763569840174394,-0.07120400495141695,-0.09968560693198773,-0.09968560693198773,-0.0827061903666578,-0.0783244054465746,-0.07229945118144274,-0.037792894935760046,-0.021361201485433055,0.020265755255387347,0.03998378739579169,0.0679176662613396,0.05203369592603547,0.04655646477592647,0.07394262052647146,0.0607972657662019,0.06408360445625932,0.03505427936068562,0.010406739185195137,0.003834061805060356,-0.023552093945484628,-0.031220217555625266,-0.07668123610152595,-0.046008741660923544,-0.013693077875272491,-0.006024954265131852,-0.021908924600435985,-0.036697448705734256,-0.010954462300217993,0.004381784920083212,0.03341111001565691,-0.0016431693450486397,-0.02957704821059655,-0.049842803466003824,-0.04381784920087197,-0.0021908924600515687,0.025195263290493413,0.0471041878909294,0.0262907095205192,0.0651790506862851,0.12268997776242957,0.10954462300217993,-0.031220217555625266,0.03943606428076883,0.018074862795355705,0.058058650191147386,-0.06134498888122475,-0.08654025217173808,-0.10571056119711958,-0.03888834116578583,-0.012049908530243778,0.006024954265111925,-0.024647540175490486,0.08434935971166659,0.15555336466308356,0.19115536713879203,0.22073241534938856,0.20210982943901
2017-04-05,0.0,-0.4317602866888304,-0.29899399853200326,-0.3151850092828344,-0.24934156556280346,-0.2892793920815085,-0.29629549674019806,-0.3216614135831708,-0.31302620784940205,-0.2822632874228189,-0.3529640343681071,-0.35242433400975387,-0.32975691895858633,-0.32597901645005517,-0.3124865074910292,-0.25150036699623585,-0.2828029877811721,-0.2984542981736501,-0.31194680713267603,-0.2979145978152969,-0.28712059064807616,-0.26931047882214615,-0.24826216484607747,-0.23584905660377753,-0.19159362721816847,-0.21048313976080482,-0.1888951254263633,-0.17648201718406334,-0.14841759854928543,-0.15759250464142702,-0.13816329174041786,-0.14841759854928543,-0.16838651180864778,-0.1581322049997802,-0.15057639998271782,-0.17216441431715934,-0.19699063080177887,-0.1387029920987907,-0.08149475411250888,-0.0798756530374297,-0.08581235697939325,-0.07447864945381931,-0.11009887310563997,-0.14625879711583342,-0.17702171754241652,-0.17108501360045295,-0.13654419066533868,-0.10740037131383477,-0.13924269245714388,-0.13816329174041786,-0.15057639998271782,-0.11279737489744515,-0.11387677561417117,-0.12413108242303873,-0.15705280428305418,-0.11225767453909197,-0.11333707525581797,-0.09012995984629726,-0.03831872544362584,-0.04641423081904141,-0.07393894909546612,-0.1316868874400815,-0.07555805017054532,-0.04641423081904141,0.009714606450494757,0.0037779025085311925,-0.07447864945381931,-0.029683519709857088,0.004857303225257195,0.00539700358361038,0.07825655196235051,0.0539700358361038,0.06908164587020893,-0.03022322006821027,-0.06530374336167774
2017-04-12,0.0,-0.017852312685957654,-0.02109818771978066,-0.009196645929135664,-0.032458750338111984,-0.3299972951041385,-0.33540708682715714,-0.4771436299702501,-0.57506086015688,-0.566405193400058,-0.7882066540438233,-0.7011090073032109,-0.6535028401406506,-0.6296997565593803,-0.5972410062212684,-0.626994860697871,-0.5739789018122723,-0.5642412767108427,-0.6302407357316744,-0.5772247768460954,-0.566946172572352,-0.5929131728428376,-0.6405193400054177,-0.5680281309169597,-0.5523397349201976,-0.6264538815255574,-0.6010278604273657,-0.5999459020827776,-0.6145523397349123,-0.626994860697871,-0.6464701109007303,-0.6843386529618609,-0.6313226940762819,-0.619421152285637,-0.5739789018122723,-0.5279956721666137,-0.530700568028123,-0.5209629429266934,-0.49175006762240436,-0.4208817960508481,-0.43548823370300244,-0.45929131728429246,-0.4035704625371845,-0.2629158777386992,-0.24830944008656453,-0.25209629429266184,-0.2867189613199892,-0.3034893156613392,-0.24993237760346623,-0.2726535028401485,-0.23153908574519488,-0.21909656478225586,-0.2261292940221762,-0.28780091966459687,-0.27535839870165785,-0.2418176900189382,-0.2488504192588585,-0.23640789829591952,-0.34893156613470383,-0.480930484176367,-0.3748985664051894,-0.39220989991885313,-0.4068163375710075,-0.43548823370300244,-0.4852583175547781,-0.4987827968623247,-0.4868812550716798,-0.5853394644306233,-0.652420881796043,-0.5842575060860157,-0.4057343792263998,-0.39058696240195145,-0.3781444414390125,-0.41763592101704483,-0.41330808763863375
2017-04-19,0.0,0.02853317530342337,-0.15638374925923487,-0.23375255152434196,-0.04225104804548148,-0.08614824082000355,-0.08779438554904413,-0.18052720528522997,-0.3325212352670166,-0.24582427953733954,-0.18601435438204522,-0.10480454774918341,-0.08559952591033,-0.07572265753606654,-0.07627137244574007,-0.06035864006496784,-0.08889181536841118,-0.03017932003248392,-0.12455828449771035,-0.11468141612344689,-0.05816378042625372,0.013169157832344642,-0.03292289458089155,-0.02633831566472921,-0.008779438554916391,-0.026887030574402754,-0.09437896446522642,-0.2068655209499392,-0.254603718092236,-0.18711178420141228,-0.20357323149185805,-0.2787471741182311,-0.21015781040804038,-0.2068655209499392,-0.17174776673033354,-0.2227782533307115,-0.18711178420141228,-0.15528631943988777,-0.20082965694345045,-0.20192708676281748,-0.1657119027238248,-0.0982199688330011,-0.09876868374267464,-0.15693246416892837,-0.18381949474331116,-0.1574811790786019,-0.2633831566471324,-0.223326968240385,-0.18711178420141228,-0.20467066131122513,-0.16296832817541718,-0.17668620091745532,-0.18107592019490354,-0.12455828449771035,-0.14595816597529784,-0.20247580167249102,-0.1673580474528654,-0.12236342485899623,-0.18272206492396406,-0.21729110423389622,-0.19479379293694168,-0.19369636311759458,-0.1487017405237055,-0.1470555957946649,-0.17668620091745532,-0.28697789776345395,-0.35008011237682946,-0.2875266126731275,-0.181624635104597,-0.1849169245626782,-0.2403371304405243,-0.18217335001427057,-0.13772744233007497,-0.09328153464585939,0.02139988147756753
2017-04-26,0.0,-0.10229001092522752,-0.07122812279087268,0.00374884856792426,-0.02891968895268661,0.013924294680911638,0.03588183629312294,0.09854116235726428,0.05355497954199781,0.09639896317559607,0.09479231378932054,0.04766393179236637,0.1028255607206202,0.14352734517255025,0.16709153617101757,0.1633426876030933,0.2051155716458477,0.17780253207941715,0.08890126603970858,0.0664081746320656,0.13174524967330684,0.1253186521282632,0.13870739701376264,0.1890490777832484,0.16602043658019322,0.1906557271695044,0.22546646387180297,0.2404618581435585,0.27366594545960105,0.2597416507786894,0.20725777082751592,0.2276086630534907,0.25438615282448956,0.19547567532829202,0.1735181337160612,0.15102504230841823,0.19012017737409223,0.16173603821681778,0.18369357982904858,0.22332426469011527,0.16923373535270528,0.18744242839699232,0.16280713780766165,0.17940918146569265,0.09211456481222065,0.06158822647329748,0.09961226194810813,0.08836571624429639,0.11567875581070747,0.14406289496796243,0.14352734517255025,0.08140356890382108,0.1371007476275066,0.20725777082751592,0.1686981855572931,0.20458002185041604,0.1890490777832484,0.2565283520061578,0.2838413915725884,0.27098819648250116,0.058374927700765925,0.009104346522124041,-0.10603885949317127,-0.08461686767637212,-0.3191876780703186,-0.18958462757868003,-0.23564190998479037,-0.2093999700092231,-0.11942760437867071,-0.040701784451930026,0.12746085130995088,0.17084038473896132,0.22707311325805904,0.20993551980461583,0.1815513806473609
2017-05-03,0.0,-0.15463310753690035,-0.14714223035517457,-0.09149571414813842,-0.17443042580287318,-0.1359059145826054,-0.19208749344549023,-0.2996350872687191,-0.25897032542511506,-0.19529786938050445,-0.15998373409527034,-0.18459661626376447,-0.15891360878359245,-0.15837854612776323,-0.1712200498678395,-0.24184832043832719,-0.19904330797136735,-0.20011343328304523,-0.17978105236124314,-0.15784348347191454,-0.1696148619003324,-0.19101736813381234,-0.19262255610131945,-0.2017186212505523,-0.2488041349642043,-0.3242479694372327,-0.3151519042879999,-0.2798377690027658,-0.29802989930121204,-0.3386946611448356,-0.3627724806575005,-0.35367641550826767,-0.2616456387043001,-0.29588964867787576,-0.28786370884032075,-0.3472556636382198,-0.3809646109559468,-0.32264278146972564,-0.3285284706839248,-0.31996746819054067,-0.4178839342087075,-0.43875137778633877,-0.39862167859856384,-0.3761490470534255,-0.4157436835853517,-0.4093229317153039,-0.4050424304686117,-0.3788243603326105,-0.3386946611448356,-0.3654477939366855,-0.36491273128083684,-0.33548428520980195,-0.30284546320375283,-0.33173884661893904,-0.2627157640159779,-0.22526137810738803,-0.2712767665093621,-0.2627157640159779,-0.29642471133370496,-0.32317784412555484,-0.2718118291652108,-0.40290217984527543,-0.3868503001701655,-0.3665179192483439,-0.41841899686453665,-0.35046603957323397,-0.322107718813877,-0.34993097691740477,-0.3429751623915277,-0.35528160347577475,-0.28251308228195077,-0.32692328271641774,-0.35902704206663766,-0.353141352852419,-0.3756139843975768
2017-05-10,0.0,0.1316965839191093,0.13544404768914936,0.18683783653563815,0.20343374751730525,0.2714234473454612,0.20985797112311877,0.2569689442323856,0.4041907351988565,0.44487748470232924,0.48235212240288544,0.5101904246947117,0.4539784681438773,0.4973419774831041,0.4582612838810994,0.45558452404534533,0.4684329712569529,0.46307945158544483,0.487170290107231,0.4753925468299095,0.4973419774831041,0.5364226710851088,0.5235742238734817,0.5380287269865573,0.5203621120705848,0.4903824019101475,0.5096550727275687,0.5026954971546121,0.45130170830812333,0.3950897517572889,0.41382707060756707,0.4475542445380833,0.44487748470232924,0.4903824019101475,0.43470579732645614,0.42399875798344017,0.4400593169979642,0.4245341099505831,0.46682691535550436,0.44327142880086123,0.36243328176109774,0.41650383044332107,0.45933198781538537,0.47057437912556394,0.46307945158544483,0.4475542445380833,0.44916030043953176,0.555159989935387,0.4769986027313774,0.4935945137130446,0.5176853522348307,0.5080490168261201,0.43202903749070215,0.42560481388488863,0.45504917207818285,0.4132917186404241,0.44916030043953176,0.4223927020819916,0.5123318325633227,0.5407054868223113,0.55569534190253,0.5230388719063388,0.5155439443662196,0.5894225158330461,0.5894225158330461,0.6086951866504673,0.5744326607528081,0.6188668740263403,0.6252910976321344,0.5755033646871135,0.6943515013945958,0.6750788305771747,0.7093413564748143,0.7687654248285652,0.7992804869561455
2017-05-17,0.0,-0.21644111960998952,-0.16705892241741233,-0.1906993359670467,-0.08458014625536996,-0.1786164579305707,-0.12555686307473235,-0.07932672102211788,-0.08615617382534176,-0.06041439018239892,-0.11084727242163035,-0.08405480373203328,-0.036248634109446995,-0.011032192989840836,-0.024691098596288596,-0.09088425653525715,-0.06041439018239892,-0.09088425653525715,-0.07670000840549183,-0.11189795746826547,-0.1050685046650416,-0.0478061696226054,-0.04885685466924052,-0.1034924770950698,-0.10822055980500432,-0.13448768597126473,-0.2106623518534199,-0.16075481213752513,-0.14079179625115193,-0.16653357989409476,-0.19490207615366364,-0.16495755232412296,-0.15024796167102095,-0.13081028830798444,-0.14184248129780616,-0.11820206774817181,-0.13921576868118013,-0.1906993359670467,-0.19437673363032695,-0.18649659578044883,-0.2973438682020792,-0.27685550979238843,-0.21381440699336346,-0.1906993359670467,-0.182293855593851,-0.15865344204421664,-0.0935109691518832,-0.10244179204841555,-0.045179457005979355,-0.034147264016138525,0.004202740186597842,0.0031520551399436035,-0.012608220559812637,0.04150205934267997,0.10034042195510709,0.06093973270571649,0.0772253509288094,0.10034042195510709,0.06041439018239892,0.080377406068753,0.06776918550894037,0.11505001260820907,0.07144658317222065,0.0919349415819114,0.057262335042436205,0.065667815415651,0.015234933176419566,0.002101370093289365,0.002101370093289365,-0.02731781121291464,0.08983357148860292,0.14236782382112373,0.12608220559804992,0.09140959905857474,0.05305959485583837
2017-05-24,0.0,-0.17267211425049678,0.010094677448498313,0.0031877928784823065,-0.09297729228872903,-0.07703832789637548,-0.13920028902655818,-0.16204613798892775,-0.21623861692293367,-0.09722768279335277,-0.0435665026724369,-0.07650702908328542,-0.02390844658853032,-0.013813769140032009,0.030284032345475605,0.11794833650342013,0.014876366766192781,0.04144130742011536,0.04409780148550762,0.12857431276498915,0.1795789988205128,0.154607954605841,0.1306995080173107,0.1259178186995969,0.10891625668108258,0.052067283681684395,0.03347182522393859,0.046754295550899876,0.05684897299939819,0.07969482196176773,-0.024439745401601043,-0.020720653710048016,-0.05738027181246891,-0.06853754688710866,-0.03134662997161705,-0.010094677448478983,-0.04197260623318608,-0.06109936350402193,-0.09138339584949753,-0.0908520970364075,-0.12698041632573834,-0.1838293893251365,-0.19286146914747407,-0.0791635231486777,-0.26193031484767276,-0.31506019615551795,-0.4404467160420248,-0.5530820644146603,-0.497295689041423,-0.52917361782613,-0.5918668777693835,-0.4606360709390214,-0.3634083881456493,-0.2959334388847014,-0.2358966730068209,-0.37562826084646916,-0.3782847549118614,-0.3750969620333791,-0.48454451752755173,-0.5158911474991688,-0.580178303881673,-0.501014780732976,-0.5429873869661814,-0.6088684397878978,-0.5057964700506898,-0.558926351358535,-0.69387624988045,-0.6561540341518878,-0.6715616997311513,-0.5753966145639593,-0.5631767418631587,-0.5403308929007892,-0.5350179047700047,-0.5233293308822748,-0.5057964700506898
2017-05-31,0.0,-0.1758928247142277,-0.2106563033450693,-0.12867675672309734,-0.047734925881135315,-0.15980823012384762,-0.13697848296328985,-0.1151864515827609,-0.10688472534256838,-0.09131898864219323,-0.1094790147926309,-0.16447795113394884,-0.1058470095625396,-0.1841945509544391,-0.13438419351322733,-0.1587705143438188,-0.12296931993294848,-0.16862881425406395,-0.1805625457243478,-0.179524829944319,-0.1395727724133524,-0.15669508278376126,-0.1364596250732849,-0.16707224058401135,-0.1805625457243478,-0.1712231037041265,-0.18367569306441528,-0.2635798081263485,-0.207024298114978,-0.207024298114978,-0.0897624149721595,-0.07990411506191437,-0.10325272011247708,-0.1058470095625396,-0.1618836616838863,-0.13127104617315985,-0.0954698517622895,-0.06537609414156802,-0.05344236267128419,-0.018678884040442614,-0.06122523102147176,-0.07679096772184689,-0.07886639928188559,-0.11051673057265968,-0.09339442020225082,-0.06226294680150054,-0.0487726416611641,-0.07264010460175063,-0.05032921533119784,-0.03113147340075027,-0.04098977331097653,-0.039433199640942794,-0.0031131473400674765,-0.00985829991022626,-0.018160026150437658,-0.1266013251630398,-0.09962071488238576,-0.0684892414816355,-0.021273173490505136,0.0005188578900238301,0.025942894500625226,0.07056467304171193,0.0980641412123709,0.07730982561187072,0.0840549781820295,0.0747155361618082,0.05084807322124055,0.01919774193046644,-0.08820584130212576,-0.1561762248937563,-0.17070424581410265,-0.21636374013519927,-0.1234881778229723,-0.14009163030337624,-0.17537396682422274
2017-06-07,0.0,-0.03518230123294776,-0.12572498822946573,-0.04501265010684413,-0.06415596107182599,-0.03259536731876153,-0.016038990267965906,0.025869339141862284,-0.02328240522767605,-0.0020695471313565113,0.04759958402101153,0.05018651793519777,0.12417282788093895,0.1112381583100078,0.08433404560246727,0.10709906404729479,0.11279031865851577,0.05432561219791079,0.07605585707706004,0.11485986578985347,0.06622550820316367,0.0993382623047361,0.07243414959721439,0.13296840318915706,0.08226449847111075,0.07967756455692453,0.08433404560246727,0.0988208755219064,0.08226449847111075,0.08950791343083972,0.08329927203678901,0.07450369672855207,0.03725184836426662,0.013452056353760856,0.010865122439574628,0.03207798053589417,-0.007760801742558684,-0.03776923514713399,-0.1148598657898723,-0.20902426026625476,-0.16866809120495335,-0.31767548466207635,-0.28404534377765533,-0.2643846460298438,-0.2017808453065258,-0.22144154305435618,-0.17642889294751204,-0.20798948670057651,-0.1940200435639671,-0.2059199395692388,-0.24472394828203223,-0.22713279766555833,-0.2462761086305402,-0.27369760812091043,-0.24161962758499747,-0.21781983557449167,-0.22506325053420184,-0.22299370340286415,-0.2121285809632707,-0.23282405227676053,-0.2726628345552322,-0.2602455517671496,-0.2623150988984873,-0.24161962758499747,-0.23696314653947353,-0.300601720828451,-0.27214544777240246,-0.1169294129212288,-0.041908329409828186,-0.1609072894623947,-0.026904112707540534,-0.02535195235903256,0.011382509222404346,0.024834565576184024,0.016556377050776803
2017-06-14,0.0,-0.10185469077226925,-0.25931372803757097,-0.15849837084461446,-0.13407403173085042,-0.11224802656535873,-0.15901803763426137,-0.2296927210272622,-0.34609808190987185,-0.27698239888583065,-0.29776907047200957,-0.24216472397897712,-0.22917305423761528,-0.2567153940892986,-0.22709438707898982,-0.26606939630307536,-0.2572350608789644,-0.29569040331338414,-0.31855574205818854,-0.2655497295134284,-0.2406057236100175,-0.230212387816928,-0.26658906309274116,-0.2993280708409692,-0.28165939999270956,-0.3092017398444118,-0.3476570822788315,-0.362207752389153,-0.3710420878132828,-0.3575307512822741,-0.3258310771133398,-0.3154377413202503,-0.26606939630307536,-0.27906106604443714,-0.3143984077409565,-0.3092017398444118,-0.3398620804340144,-0.33882274685470165,-0.3476570822788315,-0.3596094184408806,-0.3731207549719083,-0.3154377413202503,-0.20163071438593197,-0.0997760236136438,-0.09457935571709906,-0.10861035903777365,-0.11536602730327801,-0.15538037010667627,-0.14602636789289952,-0.15953770442390827,-0.15849837084461446,-0.18604071069629777,-0.16577370589976573,-0.14706570147221223,-0.17200970737562318,-0.10289402435158199,-0.08002868560677759,-0.0997760236136438,-0.05924201402059864,-0.07950901881713068,-0.13199536457222497,-0.10445302472054162,-0.12939703062395258,-0.08470568671367541,-0.0020786671586065513,-0.032219340958562236,-0.04365201033096444,-0.0613206811792241,-0.03741600885510697,-0.08106801918609031,-0.020267004796513128,0.006236001475857464,-0.04780934464819645,-0.04780934464819645,-0.045730677489589894
2017-06-21,0.0,-0.16531752365751523,-0.240461852592746,-0.21403177827758454,-0.36017454213783023,-0.3482550968584526,-0.31094205076647213,-0.31042381401520225,-0.3415180190918494,-0.32597091655352584,-0.3083508670100849,-0.26222779614640285,-0.24460774660296186,-0.2715560576693932,-0.2922855277204913,-0.30524144650242774,-0.3213067857920212,-0.3228614960458498,-0.30316849949731034,-0.32078854904075127,-0.3083508670100849,-0.3254526798022371,-0.3404815455892907,-0.33478094132524633,-0.3720939874172079,-0.3384085985841734,-0.3114602875177609,-0.3124967610203007,-0.32441620629969725,-0.34462743959950665,-0.31042381401520225,-0.2668919269078886,-0.24408950985169192,-0.26792840041044724,-0.26792840041044724,-0.27259253117195187,-0.2560089551310696,-0.24771716711061903,-0.2586001388874569,-0.24616245685679045,-0.25393600812595224,-0.2886578704615454,-0.2896943439641041,-0.282957266197501,-0.2974678952332659,-0.3197520755381926,-0.33581741482778615,-0.3130149977715895,-0.28762139695898675,-0.2990226054870945,-0.31456970802541806,-0.31456970802541806,-0.31716089178180534,-0.39645111472725203,-0.3684663301582808,-0.3731304609197666,-0.3705392771633793,-0.3948964044734234,-0.3316715208175703,-0.23372477482614287,-0.1865652304598833,-0.09431908873250032,-0.1129756117784811,-0.0720349084275736,-0.05130543837647544,-0.09017319472228447,-0.145106290357687,-0.11971268954510308,-0.11453032203232855,-0.12593153056041745,-0.11971268954510308,-0.15598926213452485,-0.19330230822648642,-0.15702573563706465,-0.14925218436790286
2017-06-28,0.0,-0.3791937144177681,-0.3019894540030671,-0.06722547845635023,-0.04831831264049456,-0.050419108842262673,-0.2211088002353006,-0.1985252410663794,-0.171740089493922,-0.27205310812799577,-0.28938467679251584,-0.2573475347156572,-0.22636079073970178,-0.17384088569569012,-0.19379844961241072,-0.138127350265766,-0.09611142623055664,-0.12552257305519554,-0.12552257305519554,-0.10556500913847494,-0.08560744522175433,-0.10556500913847494,-0.13182496166048077,-0.17121489044348953,-0.1601857103842356,-0.12552257305519554,-0.14285414171971558,-0.11291779584462511,-0.08350664901998621,-0.07615386231381693,-0.08980903762527144,-0.07720426041470099,-0.019432364866288142,0.014705573412319449,-0.014705573412338555,-0.08875863952438738,-0.09401063002878854,-0.14968172937543328,-0.20220163441944497,-0.1449549379214837,-0.11291779584462511,-0.14653053507280023,-0.17436608474612258,-0.23371357744585197,-0.2127056154282473,-0.23161278124410298,-0.2788806957837135,-0.32299741602067183,-0.27467910338019635,-0.2914854729942648,-0.2914854729942648,-0.30671624545703585,-0.327199008424208,-0.45429717863070096,-0.39337408877965513,-0.33035020272684107,-0.3366525913321263,-0.3329761979790417,-0.31039263881012047,-0.36291254385413213,-0.264175122371394,-0.23633957269805256,-0.19957563916724436,-0.2841326862881146,-0.2998886578013181,-0.3056658473561518,-0.24999474800950702,-0.2731035062288607,-0.34295497993741153,-0.3387533875338753,-0.3907480935274545,-0.2778302976828294,-0.2820318900863465,-0.29096027394383234,-0.2604987290183094
2017-07-05,0.0,0.004158112217049676,-0.03794277398060902,-0.0914784687751685,-0.012994100678292056,-0.07692507601548519,-0.08004366017828662,-0.038462538007752047,-0.03430442579068346,0.03378466176355934,0.055614750903093785,0.07796460406975234,0.07640531198836106,0.0956365809922371,0.1289014787286534,0.12942124275579645,0.09979469320928677,0.13929675927128704,0.09095870474804438,0.13253982691857896,0.10187374931780215,0.10083422126355392,0.13305959094570308,0.1543699160581134,0.1408560513526783,0.13513864705423737,0.0842017723953363,0.10759115361626201,0.06964837963565298,0.08472153642246041,0.09927492918214374,0.10707138958911896,0.11434808596897009,0.12110501832167818,0.08524130044960346,0.018711504976732997,0.05925309909301933,0.009875516515509527,0.00883598846124238,-0.04002183008914331,0.02650796538370823,0.03586371787209364,0.016632448868217613,0.0046778762441927035,0.04469970633331711,0.06133215520153472,0.06289144728292599,0.0914784687751685,0.09043894072092026,0.07692507601548519,0.07536578393409392,0.08264248031394503,0.07276696379843552,0.03950206606200029,0.05509498687595075,0.03378466176355934,-0.03326489773643523,0.02027079705814317,0.05769380701160916,0.09615634501936121,0.09251799682943565,0.0914784687751685,0.0868005925309947,0.10447256945346056,0.1169469061046285,0.07900413212401948,0.11382832194184597,0.041061358143410456,0.027547493437975374,0.005717404298440941,0.11174926583331168,0.12006549026741103,0.20478702668989035,0.23285428415498988,0.21570207125964813
2017-07-12,0.0,0.0010196486290861278,0.07188522835032161,0.1264364300062347,0.12898555157894073,0.14886869984603676,0.10604345742458635,0.06627716089035719,0.04027612084876294,-0.008157189032651928,0.019883148267114577,-0.06678698520489099,-0.129495375893456,-0.07851294443933507,-0.12235783548989018,-0.06678698520489099,-0.047413661252328744,0.027020688670698925,0.03517787770335085,0.06780663383399566,0.03925647221967681,0.04129576947784907,0.0,-0.010196486290824182,-0.04486453967962269,-0.05353155302682696,-0.039256472219658264,-0.026001040041594245,0.009176837661756603,-0.028550161614300296,-0.08259153895566104,-0.10247468722277561,-0.1340837947243343,-0.16467325359680685,-0.17130096968583886,-0.17283044262945876,-0.14784905121695066,-0.14377045670060615,-0.09176837661741764,-0.06627716089035719,-0.014784905121683936,-0.027530512985214167,-0.01682420237985619,-0.029059985928834083,-0.04996278282503479,-0.027530512985214167,-0.03109928318700634,-0.0025491215727060455,-0.029059985928834083,-0.05404137734136075,-0.09074872798833152,-0.059139620486772834,-0.0514922557686547,-0.01988314826709603,0.010196486290824182,0.038236823590590684,-0.01784385100894232,0.007647364718118136,-0.006117891774479672,0.019373323952580786,0.026001040041612796,-0.004588418830859754,-0.005098243145412091,0.02396174278344054,0.031099283187024887,0.0423154181069352,0.014275080807168694,0.01682420237987474,0.020392972581648364,-0.0035687702017736258,0.032118931816111015,0.06219856637403122,0.07290487697940774,0.1320444974661806,0.12592660569168238
2017-07-19,0.0,0.008624232062850814,0.04819423799836647,0.012682694210096438,0.1785723344781431,0.11668078673288723,0.07406693418695581,0.022321541809758656,0.07406693418695581,0.10552001582799868,0.10602732359639515,0.0948665526915066,0.08218385848141015,0.11465155565926442,0.13190001978500296,0.17096271795208523,0.15269963828955374,0.18668925877261588,0.1973427219090895,0.20190849182473164,0.16588964026804665,0.16081656258400806,0.14204617515308013,0.15625079266838443,0.17147002572050016,0.20596695397195877,0.1973427219090895,0.21509849380322452,0.23082503462375517,0.239449266686606,0.25365388420192875,0.2191569559504517,0.21966426371886663,0.21357657049801662,0.21205464719280873,0.19835733744590092,0.22930311131852885,0.24705888321266387,0.29677504451625664,0.28409235030616026,0.32264774070484603,0.3302573572309039,0.27445350270647956,0.25517580750713664,0.23133234239215164,0.20698156950877017,0.19429887529867376,0.21814234041365876,0.19632810637227807,0.19074772091984304,0.1856746432358045,0.19531349083548513,0.16538233249965018,0.19937195298271232,0.16183117812081949,0.10501270805958374,0.08928616723907155,0.0791400118709944,0.19024041315144657,0.19480618306707023,0.21053272388760086,0.1973427219090895,0.21966426371886663,0.220678879255678,0.2201715714872631,0.29677504451625664,0.2917019668322181,0.32264774070484603,0.4276604487644482,0.38403198068170535,0.3972219826602168,0.4768693022996261,0.419036216701579,0.4580989148686797,0.4748400712260033
2017-07-26,0.0,-0.10767605034230968,-0.002504094194007202,0.03856305058771455,-0.009515557937216436,-0.009515557937216436,-0.0020032753551948294,0.011018014453635332,0.03205240568329947,0.03856305058771455,0.047076970847342685,-0.0030049130328013546,-0.01252047097003601,0.010016376776028808,0.003004913032819574,0.02554176077888439,0.03505731871610083,0.07011463743220166,0.0886449344678586,0.10316868079310763,0.106173593825909,0.10366949963190181,0.07612446349782258,0.06610808672179377,0.06510644904418725,0.05509007226815844,0.05809498530097802,0.06811136207700683,0.08363674607984418,0.08814411562906443,0.10567277498711486,0.12921126041076797,0.13171535460477515,0.1517481081568328,0.16727349215968837,0.14223255021961634,0.1742849559028976,0.22086110791144611,0.1993258978429696,0.2504094194007202,0.23288076004266975,0.24339795565751096,0.19481852829376758,0.1567562965448472,0.18930952106694082,0.20583654274740293,0.17779068777451132,0.11969570247355153,0.12119815898995222,0.11318505756913647,0.12270061550635289,0.106173593825909,0.04106714478172176,0.11268423873032407,0.19031115874454735,0.1567562965448472,0.1807956008073309,0.17478577474170998,0.17879232545211785,0.11819324595715086,0.15124728931803863,0.1617644849328616,0.2048349050697964,0.1722816805477028,0.16126366609406745,0.17278249938649692,0.21435046300701285,0.2869691946332217,0.2834634627616262,0.31351259308971263,0.34556499877299385,0.40215752755755296,0.3831264116831019,0.3931427884591307,0.4086681724619862
2017-08-02,0.0,-0.1509426516578956,-0.206682911910647,-0.18004597338279255,-0.21901482789576976,-0.25847695904816265,-0.22049465781398092,-0.21753499797755863,-0.22246776437160773,-0.2683424918362609,-0.2579836824087649,-0.2747550881485211,-0.2742618115091234,-0.30089875003699573,-0.2683424918362609,-0.24959797953887786,-0.2801811311819859,-0.36551798979903194,-0.3645314365202186,-0.37637007586594357,-0.37143730947189446,-0.4271775697246459,-0.37637007586594357,-0.3645314365202186,-0.355159180371536,-0.3778499057841547,-0.36897092627486994,-0.3571322869291449,-0.3709440328324788,-0.3758767992265279,-0.3724238627507079,-0.3600919467655851,-0.36551798979903194,-0.3507196906168846,-0.31717687913735426,-0.3536793504533069,-0.3610785000443806,-0.3694642029142676,-0.36157177668379625,-0.35269279717451146,-0.3512129672562823,-0.36847764963545426,-0.38130284225999267,-0.403007014393798,-0.39215492832690435,-0.4197784201335722,-0.4444422521038177,-0.4533212316131025,-0.4543077848919159,-0.42619101644583246,-0.418298590215361,-0.4104061639848717,-0.38376922545701725,-0.37439696930831673,-0.36058522340498284,-0.37834318242355247,-0.39708769472095345,-0.3985675246391646,-0.38771543857225294,-0.39314148160569984,-0.4321103361186949,-0.45973382792536277,-0.44542880538263113,-0.4266842930852481,-0.5297791107208637,-0.34628020086223327,-0.48834387301086196,-0.6239949488472125,-0.6294209918806594,-0.5810798812189817,-0.5366849836725397,-0.39314148160569984,-0.44148259226739545,-0.510541321784083,-0.5731874549884923
2017-08-09,0.0,-0.21132098201512148,-0.25699843893526714,-0.2509750380227183,-0.14456162190108207,-0.08482956285166782,-0.09637441460072746,-0.05621840851709254,-0.087339313231895,-0.08131591231936437,-0.1455655220531766,-0.11143291688209056,-0.04718330714826008,0.0060234009125488906,0.031120904714820718,0.03965405600759679,-0.1154485174904504,-0.06826521034217208,-0.10239781551325809,-0.12046801825090477,-0.1325148200759843,-0.13201286999994616,-0.1154485174904504,-0.12900116954368085,-0.11394266726231775,-0.1822078776044898,-0.20178393057026914,-0.22035608338393567,-0.16263182463871048,-0.1671493753231267,-0.2178463330037085,-0.2298931348288063,-0.29765639509494024,-0.24193993665390404,-0.24896723771852922,-0.22186193361208661,-0.2042936809504963,-0.18722737836494419,-0.18421567790867885,-0.13653042068436239,-0.17618447669194093,-0.1666474252470886,-0.23792433604552596,-0.21985413330789755,-0.2605120894675706,-0.19224687912539853,-0.21232488216721598,-0.19877223011398557,-0.28309984288961526,-0.25950818931549435,-0.2805900925093881,-0.2876173935740315,-0.37696450711011553,-0.3558826039162035,-0.37445475672988837,-0.42314391410629937,-0.41712051319375043,-0.4542648188211201,-0.41159906235725796,-0.43920631653975695,-0.31020514699607615,-0.37294890650175566,-0.23039508490484442,-0.17869422707216812,-0.19074102889726588,-0.0060234009125488906,-0.14857722250944191,-0.1726708261596192,-0.18521957806075512,-0.27707644197708464,-0.38148205779453176,-0.4346887658553408,-0.4969305752849822,-0.6424960973381587,-0.6575545996195219
2017-08-16,0.0,-0.10787870769450342,-0.021881058636144823,-0.16538009434298306,-0.3902970226494437,-0.4727326389065651,-0.41726669957306495,-0.4294793834630157,-0.41523125225808544,-0.35620328012334807,-0.38673498984820653,-0.45441361307163897,-0.36841596401329885,-0.3129500246797987,-0.30022847896110766,-0.29717530798862923,-0.2727499402087462,-0.24221823048388783,-0.24272709231262804,-0.231023270251436,-0.21117765893027066,-0.24374481597012704,-0.1836991201779092,-0.17708391640417506,-0.23763847402515165,-0.34449945806215604,-0.30582595907734283,-0.35162352366463046,-0.38011978607449093,-0.38622612801946626,-0.3419551489184179,-0.2539220525450798,-0.22135489550522344,-0.18827887663662685,-0.15011423948055383,-0.12212683889943363,-0.15774716691176843,-0.13484838461812462,-0.08345333991462038,-0.0569925248197394,0.012721545718691003,0.005597480116216636,0.006106341944975384,0.07073179419591087,0.06360772859345502,0.07785585979838523,0.18726115297912788,0.17301302177419764,0.22746123745019886,0.30277278810484587,0.33126905051470634,0.3984388119093985,0.45746678404411734,0.4818921518240189,0.46051995501661436,0.3302513268572073,0.38724385167694675,0.37706661510199396,0.3333044978297043,0.2829271767836805,0.41472239042932674,0.3948767791081613,0.43813003455171073,0.4757858098790435,0.47069719159156714,0.5454998804174739,0.5856999648885264,0.6289532203320758,0.6508342789682207,0.720548349506651,0.7251281059653872,0.7312344479103626,0.7103711129316982,0.7454825791152928,0.748026888259031
2017-08-23,0.0,-0.055084897047343796,-0.014281269604864163,-0.06783603062311869,-0.06477575856492158,0.03060272058185973,-0.04233376347156892,-0.024992221808507645,0.07650680145464933,0.04131367278552177,0.03774335538430109,-0.03315294729701471,-0.02346208577941837,-0.0056104987733335285,0.005610498773352084,-0.011220997546667057,-0.04692417155883674,0.025502267151549775,-0.060185350477653755,-0.02958262989579403,-0.008160725488488505,0.007650680145464933,0.022441995093371223,0.04386389950067675,0.027032403180657603,0.02856253920974688,0.008670770831530634,0.01428126960488272,-0.017851587006084843,-0.04539403552974747,-0.012241088232732759,-0.01683149632001914,0.050494488960075974,0.08211730022800141,0.07854698282678073,0.10353920463530694,0.08568761762922208,0.14332274139172088,0.15403369359536437,0.128021381100791,0.08772779900133494,0.09792870586195483,0.07650680145464933,0.052024624989165255,0.039783536756432494,0.008670770831530634,-0.008160725488488505,-0.06171548650674303,-0.0030602720581785507,-0.052534670332188824,-0.02244199509335267,-0.032642901953972576,-0.08109720954191714,-0.07650680145464933,-0.08823784434435851,-0.02805249386670475,-0.023972131122441946,-0.013261178918798461,-0.021931949750329093,-0.035193128669127556,-0.021421904407286967,-0.11833051958317611,-0.04692417155883674,0.10812961272257475,0.2162592254451495,0.30041670704526374,0.3356098357144099,0.46567139818731373,0.3983454129072186,0.45802071804184874,0.5222864312637467,0.5156558418043476,0.5243266126358782,0.4881133932806664,0.4707718516176237
2017-08-30,0.0,0.029413256250313262,0.019270754095031553,0.056290886961806105,0.16228003448450734,0.18307216390282746,0.16126578426897548,0.16785841066990487,0.15873015873015506,0.14909478168264848,0.20487854353669785,0.22820629849383844,0.17901516304071846,0.13895227952736677,0.1313454029109055,0.11106039860034207,0.1313454029109055,0.1455449059282962,0.13844515441959163,0.13641665398854635,0.1455449059282962,0.15518028297580277,0.1916932907348206,0.221613672092909,0.1881434149804683,0.21806379633855671,0.25102692834322227,0.2525483036665108,0.25406967898979943,0.24088442618794056,0.27689030883918325,0.33216694558547594,0.4046858359957365,0.40671433642680016,0.4244637151985432,0.4092499619656206,0.4204067143364342,0.4508342208022793,0.4777118515137721,0.4701049748973109,0.455398346772145,0.44373446929357474,0.3904863329783458,0.39860033470256373,0.39150058319387765,0.39302195851716615,0.37983670571530737,0.39150058319387765,0.3255743191845465,0.3656372026978982,0.3702013286677823,0.36056595162025734,0.34890207414168706,0.3336883209087645,0.3732440793143595,0.3823723312541278,0.394036208732698,0.39555758405598657,0.37222982909884605,0.3636087022668529,0.4031644606724479,0.3012323140118741,0.2621836807140358,0.21704954612302485,0.1739439119630776,0.1896647903037753,0.23733455043358828,0.23429179978701115,0.15163040722146892,0.17191541153203233,0.27232618286931753,0.24849130280440185,0.2332775495714793,0.25508392920533124,0.26573355646838814
2017-09-06,0.0,-0.01464757431119254,-0.009091597848318167,0.04798343308836528,-0.07727858171073199,0.04141727908680318,0.059600474783439515,0.1141500618733669,0.004040710154806033,0.04394272293355925,-0.0015152663080499652,-0.026264616006266776,0.006061065232218237,0.030305326161072812,-0.024749349698216808,0.009596686617680407,-0.007071242770924338,-0.019193373235342436,-0.04798343308836528,-0.010606864156368133,0.01767810692729247,0.04646816678031532,0.08637017955905014,0.07222769401721986,0.07525822663333816,0.042427456625509286,0.03485112508524108,0.07576331540268202,0.1171805944894852,0.14698083188119576,0.09798722125414278,0.08839053463646235,0.1141500618733669,0.13334343510872773,0.14344521049575198,0.11869586079753516,0.0924312447912684,0.12677728110714723,0.2070863954339975,0.19496426496956107,0.15152663080536405,0.09394651109931836,0.14799100941990187,0.1106144404879231,0.16566911634719436,0.1954693537389233,0.24850367452080072,0.26517160390938704,0.22981539005480214,0.25203929590626284,0.27426320175770524,0.30810414930424024,0.2974972851478721,0.3040634391494342,0.2676970477561431,0.22678485743870222,0.22072379220648397,0.25102911836755676,0.2409273429805325,0.2843649771447295,0.2621410712932871,0.23789681036441418,0.2091067505114097,0.24042225421117025,0.31921610222997054,0.27577846806575523,0.2636563376013371,0.25810036113846274,0.2591105386771688,0.190923554814755,0.24042225421117025,0.18637775589060512,0.12526201479909727,0.1575876960375823,0.17728615804226858
2017-09-13,0.0,-0.06089561106022365,-0.0336658662771952,0.01435750179469493,0.05445948956605688,0.035151125083538605,0.09802708121889878,0.10050251256281045,0.19159838601876736,0.17179493526747394,0.20546080154466914,0.15347674332252395,0.14555536302201377,0.16486372750451406,0.11832561823898534,0.09307621853107544,0.12377156719558383,0.11882070450776047,0.13416837884000565,0.12575191227072036,0.0910958734559569,0.06287595613536018,0.07871871673639852,0.07772854419883024,0.09010570091838863,0.07475802658612543,0.031190434933283523,0.003465603881479949,0.06634156001684013,0.052974230759713484,0.0757481991236937,0.07525311285491856,0.0826794068866536,0.06139069732901679,0.08713518330568382,0.12525682600192722,0.12426665346435894,0.08862044211204523,0.10396811644429041,0.12872242988340718,0.18961804094363083,0.1881327821372874,0.2217986484144826,0.21140183677006077,0.19159838601876736,0.19456890363145418,0.22625442483353084,0.24358244424091258,0.25397925588533443,0.2455627893160311,0.2663564126048928,0.25051365200385445,0.29754684753817634,0.28665494962497934,0.30101245141965627,0.30200262395722455,0.21684778572665925,0.22229373468327576,0.2955665024630578,0.2955665024630578,0.2658613263361177,0.21684778572665925,0.17724088422407244,0.0490135406094584,0.09852216748769194,0.03762655642745028,-0.16337846869817066,-0.025249399707891897,-0.08614501076813355,-0.13812906899027874,-0.12426665346435894,-0.14357501794687724,-0.29061563977523447,-0.2217986484144826,-0.16387355496694578
2017-09-20,0.0,-0.0270643985060452,-0.04281095763683872,-0.08611399524650747,-0.021159438832013298,0.003936639782693904,0.03296935818007711,-0.008365359538235733,-0.010825759402421661,0.004920799728371854,-0.06101791663181815,-0.11908335342660248,-0.08611399524650747,-0.17714879022138677,-0.18452998981394456,-0.12449623312782224,-0.11170215383404468,-0.1545131114708834,-0.19387950929785824,-0.16287847100911912,-0.19732406910772213,-0.1604180711449332,-0.15549727141656136,-0.15598935138939138,-0.1933874293250282,-0.15894183122642522,-0.20027654894473806,-0.18994286951516434,-0.15795767128074728,-0.17321215043869287,-0.16140223109061116,-0.16140223109061116,-0.15205271160669748,-0.1367982324487519,-0.1372903124215819,-0.15746559130789933,-0.15992599117208528,-0.1933874293250282,-0.15697351133506932,-0.15352895152520543,-0.16484679090045712,-0.15746559130789933,-0.13975071228576783,-0.14024279225859787,-0.1564814313622393,-0.15894183122642522,-0.15549727141656136,-0.1564814313622393,-0.1761646302757267,-0.18994286951516434,-0.19633990916204414,-0.24997662620130454,-0.21799142796688747,-0.17124383054735487,-0.12646455301916024,-0.1274487129648382,-0.1387665523400899,-0.13778239239441192,-0.17075175057450692,-0.15746559130789933,-0.1367982324487519,-0.11859127345377243,-0.0521604771207524,-0.0521604771207524,-0.07233575600706985,-0.05314463706643035,-0.09054271500204929,-0.10579719415999489,-0.1835458298682845,-0.20175278886324605,-0.15894183122642522,-0.1392586323129378,-0.19240326937935026,-0.1835458298682845,-0.22291222769525934
2017-09-27,0.0,-0.3538092454085475,-0.34624921879725384,-0.4238654920065429,-0.5836340543918678,-0.5972421022922001,-0.6012741164848863,-0.6002661129367285,-0.6330262282523345,-0.5634739834284179,-0.551881942624438,-0.684938410983214,-0.8079148438602466,-0.7474346309698973,-0.8174908775678927,-0.946515331733964,-0.942987319315375,-1.0221155978469005,-1.0362276475213303,-0.9817954559200012,-0.9802834505977461,-1.1304759792754433,-0.9928834949499022,-1.0115315605910968,-0.9268592625446114,-0.9258512589964354,-0.8628510372356547,-0.9213152430296517,-1.0029635304316271,-0.9812914541459222,-0.9681874080196872,-0.9339152873818078,-1.0145555712356071,-0.9722194222123735,-1.0488276918734865,-0.9933874967239994,-1.0316916315545468,-1.0276596173618604,-1.112331915408346,-1.1561800697538527,-1.3058685966574712,-1.293772554079394,-1.3018365824647664,-1.1697881176541851,-1.1697881176541851,-1.2000282240993598,-1.2428683748966904,-1.3119166179464914,-1.2413563695744172,-1.1168679313751295,-1.1985162187770864,-1.1400520129830893,-1.170796121202343,-1.2438763784448483,-1.2262363163518297,-1.1738201318468713,-1.1697881176541851,-1.1965002116807524,-1.2907485434348838,-1.4117089692155824,-1.4233010100195624,-1.43842106324215,-1.7040299981856046,-1.6339737515876092,-1.667237868677294,-1.8340624558998522,-1.7312460939862508,-1.7755982501058365,-1.9192387557204162,-1.8285184363848923,-1.799790335261991,-1.8612785517004984,-1.957542890550982,-1.9046227042719264,-1.8285184363848923
2017-10-04,0.0,-0.26708888293109445,-0.19272890984233754,-0.19323475999939665,-0.1173572364394256,-0.07486582324583443,-0.020739856439736463,-0.0662663705757191,-0.006070201884801366,0.022763257067991316,0.11331043518287907,0.07435997308877533,0.1800826559156573,0.2165038672244471,0.19829326157006139,0.253430928690296,0.253430928690296,0.3045217945540209,0.2721473845017592,0.21498631675325136,0.18362360701512628,0.18817625842873192,0.2139746164391147,0.27518248544415064,0.2984515926692195,0.2938989412556139,0.2772058860724239,0.2842877882713619,0.28732288921375343,0.29339309109855477,0.30755689549641235,0.3207089995801333,0.2787234365436197,0.2974398923550829,0.31109784659588136,0.31210954691001797,0.34903660837586686,0.3546009601035907,0.3368962046062642,0.29086384031322243,0.3202031494230742,0.3454956572763979,0.3571302108889231,0.394057272354772,0.34347225664812464,0.3318377030355994,0.3389196052345374,0.3616828623025288,0.34802490806173025,0.3358845042921275,0.3773642171715821,0.3849519695275792,0.3925397218835763,0.3723057156009173,0.39506897266890867,0.39304557204065377,0.2509016779049636,0.2519133782191002,0.24280807539190738,0.27417078513003246,0.23572617319296943,0.30755689549641235,0.3272850516220122,0.2954164917268096,0.14619069539219987,0.45223004041741643,0.5114145087941976,0.4704406460718206,0.456276841673963,0.47094649622887974,0.4067035262814339,0.22965597130816806,0.26961813371642684,0.27771173622948303,0.39203387172651716
2017-10-11,0.0,-0.018421524306458128,0.02987274211857487,0.127954912074566,0.09957580706191622,0.05775396809590417,0.146376436381006,0.13094218628641624,0.17973433174675155,0.2006452512297576,0.20213888833568272,0.1702746300758804,0.1877003963117157,0.2384840579132785,0.16778523489933247,0.1777428156055241,0.17724493657020365,0.19765797701790733,0.20761555772409895,0.20313464640630546,0.20213888833568272,0.20263676737100317,0.19218130762949107,0.1727640252524283,0.1219803636508474,0.15085734769879947,0.15782765419314085,0.1100312668034102,0.0980821699559911,0.09758429092067067,0.11550793619182645,0.15533825901659296,0.16430008165216178,0.14787007348694922,0.1523509848047246,0.14687431541632645,0.14787007348694922,0.12048672654492226,0.10654611355623951,0.13940612988668272,0.14488279927508088,0.15434250094597016,0.14189552506323064,0.13343158146296413,0.10654611355623951,0.12895067014517064,0.14787007348694922,0.11899308943897904,0.09111186346164973,-0.0004978790353204488,-0.04082608089538928,-0.17575129946427853,-0.1234740007567725,-0.2623822516081529,-0.2514289128313385,-0.259892856431605,-0.23151375141895525,-0.2165773803596678,-0.4062692928126291,-0.6333021329137909,-0.4112480831657249,-0.6452512297612281,-0.854360424591252,-0.6382809232668867,-0.6606854798558178,-0.4734829625794226,-0.527751777428156,-0.5148069225101142,-0.6318084958078657,-0.5820205922769076,-0.502857825662677,-0.5506542130524077,-0.5914802939477788,-0.6417660765140574,-0.6318084958078657
2017-10-18,0.0,-0.031343663682478,-0.04162830332830529,-0.18365427938958215,-0.051423198229083006,-0.047505240268775485,-0.03868983485806128,-0.06954375379552534,-0.10137716222305292,-0.059748858894747625,-0.08521558563675542,-0.06954375379552534,-0.11166180186886238,-0.19638764276058607,-0.17434912923383622,-0.13859776284600112,-0.10676435441847353,-0.14692342351166573,-0.1645542343330585,-0.0930515015573883,-0.10235665171311643,-0.1243951652398663,-0.17092091601856044,-0.18365427938958215,-0.1155797598291699,-0.11802848355436434,-0.1253746547299476,-0.18708249260485793,-0.1772875977040802,-0.17190040550864177,-0.20079534546594313,-0.2948263365134128,-0.31784433953022617,-0.24830058573471864,-0.2458518620095242,-0.22430309322780612,-0.239974925069054,-0.2688698650263376,-0.2546672674202206,-0.26201343859580384,-0.17385938448880445,-0.08864379885203119,-0.032323153172559335,-0.08031813818636657,-0.023507747761862954,0.007835915920632862,0.052402687719164336,0.025466726742025624,0.04309753756341838,0.0773796697161404,0.040159069093192196,0.020569279291636766,0.08031813818638439,0.11655924931925124,0.1586772973926061,0.13223108116049914,0.20569279291633202,0.23311849863852033,0.22577232746293702,0.21205947460183394,0.0700334985405571,0.13663878386585623,0.03820009011302952,0.10039767273297157,0.14349521029638995,0.13565929437577492,0.16504397907810806,0.08717456461691811,0.1528003604521359,0.13272082590554873,0.07199247752071977,-0.021059024036668525,-0.05632064567947186,0.020079534546605007,0.05191294297413258
2017-10-25,0.0,-0.37205156402144757,-0.39094480750691896,-0.6128193079259578,-0.43890457943154854,-0.5290108175930043,-0.5416063132499734,-0.6341347621146763,-0.6946900296962927,-0.5716417259704587,-0.576486147376988,-0.6530280056001476,-0.6782189969141036,-0.7479786651681152,-0.6665923855384261,-0.6578724270066769,-0.6491524684749278,-0.6283214564268552,-0.6820945340393235,-0.5837527794867821,-0.5832683373461185,-0.5324019125775608,-0.5813305687835174,-0.5832683373461185,-0.5760017052363245,-0.576486147376988,-0.5304641440149596,-0.5319174704369148,-0.5047887105603578,-0.5154464376547082,-0.5159308797953717,-0.4926776570440345,-0.49025544634076984,-0.5188375326392822,-0.5537173667662968,-0.5357930075621348,-0.5324019125775608,-0.5479040610784581,-0.5474196189378121,-0.5348241232808254,-0.5493573875004133,-0.551779598203678,-0.5750328209550327,-0.5479040610784581,-0.4534378436511365,-0.39094480750691896,-0.4408423479941673,-0.4016025346012694,-0.27370980946890605,-0.3318428663472578,-0.3347495191911684,-0.373020448302757,-0.3948203446321389,-0.2829142101413012,-0.2940563793763327,-0.2867897472665388,-0.2659587352184486,-0.25626989240539,-0.16471032782199657,-0.11771944017865874,-0.13515935724215722,-0.16616365424395185,-0.11965720874127751,-0.19765239338639237,-0.1899013191359525,-0.29454082151697863,-0.27661646231281667,-0.23786109106058215,-0.2683809459217133,-0.27419425160955196,-0.2698342723436861,-0.25239435528017007,-0.19813683552703823,-0.2281722482475235,-0.2751631358908614
2017-11-01,0.0,0.022135924198889087,0.17804982507807723,0.1616884898006253,0.17564374636080593,0.2699620320778345,0.21365979009368216,0.3060532128369041,0.2930603877636355,0.3450316880567099,0.3363698046745192,0.40422122450158077,0.40277757727122154,0.40662730321885204,0.4061460874753873,0.3599493761037851,0.42154499126592726,0.38304773178958623,0.34358804082633315,0.35465600292579524,0.34551290380015726,0.37005490671631763,0.36524274928177497,0.40662730321885204,0.3893035364544881,0.42683836444393464,0.4528240145904543,0.420101344035568,0.39989028281048544,0.39363447814558344,0.40903338193612343,0.43165052187847724,0.42106377552248,0.44849307289937645,0.459561034998821,0.46533562392027567,0.4802533119673508,0.4576361720249969,0.4788096647369915,0.4865091166322527,0.4783284489935267,0.5278936705693299,0.5192317871871391,0.5014268046793453,0.5644660670718468,0.5134571982657019,0.4990207259620741,0.4648544081768109,0.4913212740667953,0.4903588425798833,0.4725538600720896,0.4427184839779218,0.49805829447516203,0.4407936210040977,0.3536935714388832,0.3532123556954184,0.38112286881577967,0.40951459767957066,0.4369438950564672,0.450417935873183,0.43934997377373847,0.3816040845592269,0.3888223207110409,0.39604055686285483,0.4614858979726275,0.4725538600720896,0.5283748863127771,0.5226002973913224,0.5331870437473197,0.5586914781503921,0.4764035860197202,0.4518615831035423,0.48891519534952405,0.505276530626976,0.4634107609464516
2017-11-08,0.0,-0.02509180221869787,0.16599192236981367,0.13945251617696386,0.10953536737774786,0.08733877310737141,0.11339564464217641,0.08492609981711234,-0.027021940850912148,-0.13462716959646326,-0.2658765965865604,-0.24898788355474685,-0.16695699168593836,-0.1090528327197206,-0.05259627772765481,-0.05500895101791388,-0.04970106977935094,-0.03136475277336795,0.04005037661829709,-0.04198051525051138,-0.05066613909544053,-0.07045006007557546,-0.1495857439960625,-0.14379532809945478,-0.18818851664020766,-0.1022973475069882,-0.07817061460439746,-0.0057904158966252854,0.0077205545288220115,0.01930138632207258,0.03860277264414516,0.06562471349503975,0.012063366451295363,-0.05790415896621775,-0.03619009935388609,-0.10326241682309532,-0.09409425832010383,-0.13028435767398994,-0.11146550600997969,-0.13945251617698143,-0.13655730822867757,-0.11291310998413162,-0.15730629852490208,-0.19976934843345825,-0.20266455638176212,-0.17516008087282273,-0.2624988539801941,-0.2678067352187571,-0.23933719039371054,-0.2711844778251233,-0.3271584981591443,-0.24705774492253257,-0.2692543391929265,-0.17467754621476037,-0.1582713678410092,-0.14283025878334762,-0.12063366451295363,-0.20362962569786927,-0.317507804998108,-0.4144972712665157,-0.42221782579533773,-0.5298230545409064,-0.6050984611969824,-0.49990590574169036,-0.6297077287576179,-0.5940001640617942,-0.6996752541751311,-0.659624877556834,-0.6215046395707512,-0.6716882440081294,-0.7025704621234524,-0.6123364810677596,-0.5322357278311655,-0.5225850346701292,-0.47577917283909965
2017-11-15,0.0,-0.01966191339910243,-0.11747993255964417,-0.1278024370941658,-0.0693082447318468,-0.14844744616322694,-0.20497544718564645,-0.16319388121255377,-0.16860090739731765,-0.14844744616322694,-0.06832514906188811,-0.11600528905471508,-0.048171687827815265,-0.031459061438571044,-0.05308716617759087,-0.05701954885740778,-0.16614316822242986,-0.21284021254529814,-0.24724856099372738,-0.22611200408967796,-0.1681093595623294,-0.14107422863856353,-0.0727490795766933,-0.11158135853990987,-0.14844744616322694,-0.14697280265829785,-0.15631221152287864,-0.173024837912105,-0.15483756801793166,-0.1371418459587466,-0.126819341424225,-0.11108981070493947,-0.11502219338475639,-0.15188828100807344,-0.1327179154439414,-0.15434602018296126,-0.1867881772914731,-0.21923033440000286,-0.1946529426511248,-0.1926867513112074,-0.2325021259444006,-0.2556048741883316,-0.2924709618116487,-0.31360751871569814,-0.2713344049076171,-0.34064264963946395,-0.2973864401614243,-0.26691047439282983,-0.18334734244664447,-0.23299367377937097,-0.2428246304789222,-0.24380772614888088,-0.29148786614170785,-0.35882991953361937,-0.3740679024179345,-0.310658231705822,-0.31606525789058587,-0.28214845727712706,-0.39274672014707823,-0.4060185116914759,-0.4532071038493147,-0.4944971219874369,-0.5918235933129904,-0.5701954885739705,-0.5893658541381025,-0.678336012269034,-0.6557248118600733,-0.5987052630026833,-0.6085362197022346,-0.628198133101337,-0.5893658541381025,-0.6385206376358586,-0.4871239044627735,-0.4930224784825078,-0.44583388632465126
2017-11-22,0.0,0.10385670672798239,0.11206863237624497,0.09081423658076145,0.025601885844586465,0.013525524597146649,-0.014491633496927775,-0.04733933608996055,-0.041059628241295366,-0.05941569733740037,-0.14105189937008294,-0.19998454225759274,-0.29224794218804345,-0.30287514008577643,-0.28065463539049423,-0.2429763882984855,-0.24249333384857738,-0.30384124898557513,-0.22317115585267366,-0.17245043861342646,-0.17583181976271312,-0.2168914480040085,-0.2801715809406036,-0.23428140820033239,-0.22945086370135645,-0.20288286895698884,-0.2381458437995096,-0.22800170035164957,-0.18887428990995164,-0.20481508675656868,-0.19467094330872628,-0.10723808787725148,-0.0937125632801224,-0.06569540518606555,-0.0700428952351509,-0.10337365227807424,-0.07583954863390796,-0.10095838002858629,-0.11641612242531277,-0.07294122193452944,-0.041542682691185925,0.0028983266993960993,-0.011593306797531676,0.008694980098170725,-0.015457742396708902,-0.01980523244579426,-0.020771341345592963,-0.023186613595080924,-0.032847702593032775,-0.06231402403677888,-0.07825482088339593,-0.0376782470920087,-0.0560343161881137,-0.012076361247439812,0.052652935038844606,0.005313598948884062,-0.010144143447842412,-0.0038644355991772255,0.017389960196323873,-0.02463577694477019,-0.03236464814312464,-0.15844185956640683,-0.17293349306333458,-0.16230629516558404,-0.08211925648259073,-0.0855006376318598,-0.09033118213083573,-0.06569540518606555,-0.07777176643350536,-0.048788499439649816,-0.0753564941840174,-0.09999227112878759,-0.1067550334273609,-0.08743285543145721,-0.07294122193452944
2017-11-29,0.0,0.05637657625534603,0.12142647193458742,0.02842921366723102,-0.008191468344796865,0.008673319423895343,-0.0689047043120818,-0.04384844819859273,-0.005782212949269405,-0.06071323596728494,-0.05830398057175749,-0.06649544891655434,-0.03083846906274095,-0.01686478776869221,0.005782212949269405,0.0019274043164289785,0.032765873379169926,0.01686478776869221,-0.005782212949269405,-0.019274043164219667,0.02842921366723102,0.018310341006005176,0.02987476690454399,0.043366597119494255,0.03035661798364247,0.10215242877036775,0.0766143215777802,0.06938655539119781,0.11516240790621951,0.11901721653905994,0.058303980571775015,0.08432393884346104,0.054931023018033064,0.021683298559747127,0.05396732085981858,0.014455532373164751,0.00048185107911600947,0.0033729575537419475,-0.009637021582109833,-0.002891106474625938,0.01156442589853881,0.014455532373164751,0.06745915107476884,0.04914881006876366,0.028911064746329502,0.04384844819861026,0.058303980571775015,0.07998727913152213,0.11419870574800503,0.10745279064052113,0.057340278413560514,0.04192104388218128,0.03662068201202789,0.09106985395094494,0.061676938125499424,0.07516876834046722,0.03758438417022484,0.0019274043164289785,-0.07565061941956569,-0.04240289496127976,-0.07324136402403825,-0.02987476690454399,-0.05155806546429111,-0.14166421725700404,-0.12865423812116977,-0.12961794027936674,-0.0987794712166258,-0.14792828128538946,-0.15419234531375733,-0.16961157984513658,-0.08576949208077402,-0.0510762143851751,-0.0978157690584113,-0.12335387625099885,-0.2727277107737013
2017-12-06,0.0,-0.02626675124890608,-0.003469193561162327,0.06393228134169304,0.04906430893664983,0.07087066846405377,0.12736896360320715,0.058480691459851075,0.0009911981603398204,-0.050551106177132515,-0.10110221235428306,-0.03816112917292983,-0.018337165966205545,0.04361271905480786,0.04361271905480786,-0.0014867972405007157,-0.024779954008405363,-0.026762350329066976,-0.03865672825310876,-0.058976290539993946,-0.04063912457377037,-0.016354769645543932,0.008425184362861429,-0.003964792641341252,0.0014867972405187455,-0.01040758068352304,-0.027257949409245894,-0.10804059947664378,-0.10407580683530251,-0.15264451669177342,-0.16354769645547537,-0.3072714297042265,-0.35286654507967796,-0.25523352628657525,-0.22252398699546933,-0.2150900007929477,-0.16503449369597611,-0.1848584569027004,-0.20369122194908487,-0.17692887161999984,-0.18436285782252146,-0.22946237411783005,-0.2126120053921072,-0.17296407897865862,-0.21062960907144557,-0.20914281183092684,-0.22004599159462881,-0.22648877963681058,-0.2482951391642145,-0.2894298628181638,-0.18535405598286128,-0.1576005074934545,-0.20765601459042612,-0.2334271667591713,-0.24135675204185378,-0.26762350329077794,-0.18436285782252146,-0.1595829038141161,-0.21459440171278685,-0.22153278883512953,-0.192292443105222,-0.24185235112203274,-0.31767901038774954,-0.2210371897549686,-0.1179525810800059,-0.36079613036237845,-0.4257196098643933,-0.39449686781380616,-0.32511299659027115,-0.37962889540876293,-0.4846959004044053,-0.48221790500356476,-0.45347315835381813,-0.38854967885178526,-0.384584886210444
2017-12-13,0.0,-0.1499521325440123,0.010745755426610043,-0.0503096731336541,0.015630189711431177,0.05959009827482137,-0.06545141941661027,-0.021003067424727313,-0.022468397710187868,0.027841275423484007,-0.051286559990621886,-0.14116015083133782,-0.09426958169704429,-0.09524646855401207,-0.07424340112928475,-0.062032315417231934,-0.11136510169391825,-0.08108160912804145,-0.06691674970205305,0.042494578277947406,0.042494578277947406,0.12846062169079223,0.1289490651192672,0.43178399077817736,0.47867455991247093,0.4513217279174619,0.4146884707813035,0.37952054393060547,0.4015004982123006,0.4215266787800601,0.455717718773808,0.5065158353359549,0.5055389484789872,0.4679288044858608,0.4957700799093449,0.5416837621866528,0.5221460250473683,0.5050505050504943,0.44594885020416575,0.46597503077192537,0.4933278627669343,0.4855127679112098,0.4630443702010397,0.4283648867788168,0.3951507336420189,0.5050505050504943,0.4977238536232627,0.5187269210480078,0.49235097590996657,0.5026082879080838,0.5055389484789872,0.4439950764902302,0.4713479084852392,0.48355899419729204,0.5035851747650516,0.4498563976320191,0.3443526170798898,0.10696911083757212,-0.1714436433972324,-0.16948986968329682,-0.2598519039524878,-0.28622784909052895,-0.3375144090811509,-0.18316628568079246,-0.2637594513803411,-0.25154836566828825,-0.416153801066764,-0.5367993279018495,-0.5436375359005884,-0.5773401324658614,-0.5690365941816619,-0.47574389934158534,-0.38880096907177275,-0.3404450696520364,-0.3296993142254264
2017-12-20,0.0,-0.35018676627534684,-0.3073067540783656,-0.22345250800425856,-0.18343116328708645,-0.2548978502820552,-0.35638054581490736,-0.38353788687299895,-0.47215657874675326,-0.4006898917517845,-0.3682916603140688,-0.4402347918889971,-0.3640036590943638,-0.3287467601768563,-0.3382756517761854,-0.333034761396544,-0.3130240890379666,-0.30254230827870104,-0.3244587589571512,-0.3287467601768563,-0.3473280987955377,-0.3073067540783656,-0.2548978502820552,-0.1962951669461843,-0.16437338008842814,-0.1429333739899375,-0.17199649336788453,-0.22345250800425856,-0.1653262692483645,-0.1629440463485322,-0.11244092087207723,-0.12149336789144688,-0.10338847385272493,-0.09243024851348251,-0.14245692940996063,-0.13054581491079917,-0.193912944046352,-0.15770315596889076,-0.17199649336788453,-0.23345784418356458,-0.21154139350509713,-0.1605618234486999,-0.16723204756821994,-0.1095822533922854,-0.1419804848300011,-0.18962494282664694,-0.1758080500076127,-0.16103826802865945,-0.1805724958072773,-0.11815825583167819,-0.10338847385272493,-0.14531559688976978,-0.17294938252782088,-0.14340981856989704,-0.22107028510442625,-0.2086827260253053,-0.2563271840219511,-0.19343649946637514,-0.19486583320627104,-0.2601387406616793,-0.23202851044366868,-0.22297606342429901,-0.1962951669461843,-0.15865604512882717,-0.14579204146972932,-0.1195875895715741,-0.15055648726939388,-0.11434669919195,-0.11672892209178229,-0.17199649336788453,-0.4559574630279041,-0.48549702698581065,-0.486449916145747,-0.49121436194541157,-0.4583396859277364
2017-12-27,0.0,-0.05697437577449543,-0.04937779233788567,-0.03323505253512233,0.01804188566193737,0.04035684950693426,0.04605428708438726,0.06219702688716787,0.08831028245047827,0.09638165235186857,0.11964618912644386,0.07454147497163496,0.06647010507024466,0.019941031521076853,0.04083163597173209,0.06647010507024466,0.08261284487302528,0.1077765275067573,0.11774704326730435,0.1077765275067573,0.10682695457717893,0.11537311094336705,0.12914191842219308,0.11632268387292816,0.06694489153504249,0.03798291718299695,0.04842821940832457,0.047003860013965636,0.046529073549185083,0.02943676081682609,0.05317608405619918,0.07359190204205658,0.05982309456323056,0.05982309456323056,0.08878506891525882,0.07121796971811928,0.0512769381970597,0.04130642243651264,0.05744916223929326,0.08023891254908797,0.06457095921110517,0.02943676081682609,0.01566795333800006,0.027537614957686606,0.03845770364779478,0.02184017738023361,0.0512769381970597,0.08641113659132152,0.0816632719434469,0.07311711557727603,0.05602480284493432,0.07359190204205658,0.08593635012654097,0.13009149135177145,0.10445302225324163,0.10587738164761781,0.14575944468975424,0.14338551236581693,0.1804188566192355,0.13768807478836395,0.12391926730953792,0.12914191842219308,-0.0759658343659939,0.00047478646479782544,-0.020415817985857405,-0.17709535136571983,-0.2919936758442891,-0.4690890272100089,-0.4956770692380998,-0.4220851671960432,-0.3147834261540838,-0.3109851344357875,-0.2597081962387278,-0.42540867244955893,-0.4652907354917126
2018-01-03,0.0,-0.1101820627417616,-0.10827414823542106,-0.10970508411518079,-0.15549503226759714,-0.15263316050807765,-0.1502482673751389,0.007154679398816139,-0.027664760342085603,0.03720433287384045,0.14834035286879838,0.09730363982390644,0.12306048565963414,0.11638278488741614,0.08681011003897263,0.11018206274177894,0.11208997724811952,0.10302738334296282,0.0710698153615806,0.05151369167147274,0.025756845835745043,0.05580649931076936,0.035296418367499895,0.011447487038112764,-0.046266926779014506,-0.034819439740901736,0.0009539572531789557,0.020510080943269463,0.0019079145063579115,-0.014786337424213081,-0.001907914506340559,0.004769786265877427,0.008108636651995094,0.02337195270280633,-0.020987059569850263,-0.05008275579171297,-0.04769786265877426,-0.019079145063509707,-0.029095696221845362,-0.03911224738019836,-0.05151369167147274,-0.11304393450129847,-0.20414685217955036,-0.19985404454025374,-0.17218928419816815,-0.1354619299509085,-0.16312669029301144,-0.17028136969182758,-0.1430935879763228,-0.09491874669095036,-0.09825759707706805,-0.09682666119730829,-0.10827414823542106,-0.10970508411518079,-0.16217273303983248,-0.17791302771722453,-0.11399789175446007,-0.07774751613379857,-0.07679355888061962,-0.09634968257072749,-0.1292612078052713,-0.16121877578665353,-0.26186126599666026,-0.2995425774970989,-0.38110592264359594,-0.38062894401701514,-0.48651819911949745,-0.4345275288214266,-0.40256996084004437,-0.3715663501118411,-0.357733969940807,-0.4044778753464023,-0.4006620463337038,-0.36345771345986333,-0.3481943974090521
2018-01-10,0.0,-0.1380016053247864,-0.13002192066314508,-0.1384709985401871,-0.18822667937156953,-0.161001872878926,-0.13330767317088177,-0.12720556137080913,-0.09904196844738125,-0.1018583277397172,-0.12251162921690449,-0.1384709985401871,-0.1248585952938568,-0.15771612037118934,-0.13283827995549813,-0.10983801240135851,-0.10983801240135851,-0.12814434780159348,-0.2032472622640678,-0.23000267554132772,-0.21639027229499744,-0.25300294309545024,-0.3182486000347317,-0.2567580888185706,-0.23328842804904731,-0.2633295938340439,-0.2708398852802845,-0.2797583563727102,-0.3295140372040926,-0.49004651686763495,-0.4079027041743037,-0.5078834590524692,-0.5275979740988722,-0.494271055806156,-0.4581277782210868,-0.43043357851304254,-0.4219845006360176,-0.42433146671296995,-0.40837209738970437,-0.3872494026971334,-0.38020850446627646,-0.4318417581592276,-0.40931088382047165,-0.42010692777446595,-0.4135354227589926,-0.3985148398664944,-0.36237156228142514,-0.3825554705432288,-0.35673884369675324,-0.3553306640505682,-0.4318417581592276,-0.37926971803549214,-0.40931088382047165,-0.39475969414337403,-0.38114729089704374,-0.3487591590351119,-0.3365549354349496,-0.28398289531123116,-0.26943170563411656,-0.24690083129537765,-0.23234964161828003,-0.2642683802648283,-0.26990109884951724,-0.3069831628653537,-0.2675541327725649,-0.29618711891137645,-0.2872686478189508,-0.33608554221956594,-0.2666153463417806,-0.242206899141473,-0.2248393501720224,-0.18869607258695317,-0.14832825606338004,-0.15208340178650034,-0.15771612037118934
2018-01-17,0.0,0.03316997509915274,0.1097879457507393,-0.03690743708217023,-0.2546145975921401,-0.13174553490089058,0.11866441796036335,0.04298081280453116,0.11165667674223106,0.21723997776210122,0.2854486589519154,0.2719003592635195,0.1345486313881367,0.20415886082157395,0.29712822764880253,0.31020934458931276,0.29852977589242563,0.3326341164873327,0.32002018229470824,0.26629416628902725,0.23359137393774318,0.24900840461763085,0.3251591925213318,0.24667249087825344,0.28030964872529185,0.2887189381870472,0.24807403912187648,0.27984246597740614,0.2658269835411416,0.3022672378754261,0.29993132413604867,0.2863830244476698,0.27797373498591443,0.24667249087825344,0.2863830244476698,0.2887189381870472,0.2775065522380287,0.33683876121821893,0.33123256824370967,0.46204373764884593,0.4279393970539388,0.4414876967423347,0.42980812804544755,0.4531672654392218,0.42700503155818437,0.4045802596601644,0.37374619830038913,0.4167270111049203,0.4237347523230526,0.42139883858367516,0.4414876967423347,0.5241790431162822,0.4793294993202423,0.4956808954958843,0.4924106162607525,0.5045573677055253,0.47746076832873346,0.4059818079037875,0.4218660213315608,0.4830669613032428,0.43868460025507156,0.4237347523230526,0.39243350821540857,0.4914762507649982,0.5134338399151493,0.5143682054109038,0.5526771907366971,0.6685385122098143,0.6582604917565502,0.6573261262607958,0.7101177767707394,0.8068246055809515,0.804488691841574,0.8385930324364981,0.890917500198539
2018-01-24,0.0,0.04381467746525644,0.28321446155375307,0.28321446155375307,0.3342563023122405,0.21907338732626577,-0.006323767881589502,0.04742825911187197,-0.06459277193330806,0.004065279352436309,0.012647535763162573,0.16486966262698352,0.19919868826985568,0.09756670445870148,0.09033954116547042,0.09756670445870148,0.14138138192395794,0.10614896086942774,0.15222212686382094,0.17525870986100933,0.2737288097313688,0.2755356005546848,0.2719220189080693,0.2696635303789325,0.1879062456241719,0.16215947639200953,0.11789310122093233,0.20732924697474475,0.1942300135057614,0.20507075844560801,0.16351456950950474,0.11292442645683802,0.14047798651229992,0.1644179649211463,0.1644179649211463,0.12331347369086383,0.05826900405171856,0.09982519298783823,0.06414107422748727,0.07498181916733387,0.05284863158180348,0.016261117409778102,-0.034329025642888616,-0.0749818191673503,-0.032522234819572636,-0.010840744939863024,0.09350142510626516,0.10027689069367544,0.19287492038828263,0.3256740459015143,0.19874699056403491,0.1300889392782741,0.18067908233094085,0.16170777868618877,0.1982952928581977,0.18564775709503512,0.23759299326518063,0.10027689069367544,0.14092968421813712,0.09485651822374394,0.13867119568900038,0.1300889392782741,0.09756670445870148,0.07407842375567589,0.051945236170145494,0.12376517139668461,0.12512026451417982,0.14454326586475266,0.1431881727472739,0.11021424022186405,0.1368644048656844,0.17435531444935135,0.20010208368151366,0.14363987045309468,0.14002628880647913
2018-01-31,0.0,0.0090753984099902,0.16698733074383287,0.25638000508222314,0.23323773913675475,0.1452063745598432,0.22098595128326465,0.20147384470178906,0.14339129487785507,0.17969288851781587,0.10981232076088471,0.14202998511635984,0.181507968199804,0.21690202199877895,0.20691908374778648,0.20283515446328426,0.24185936762625201,0.1728863397103232,0.1138962500453869,0.05309108069844596,0.023142265945484915,0.01678948705848517,-0.02450357570696363,-0.03539405379895848,-0.014520637455971113,0.043108142447453444,0.010436708171501935,0.0009075398410023216,-0.026318655388968278,-0.018604566740473304,0.024049805786487233,0.06670417831343127,0.030402584673470467,-0.020873416342970855,-0.037662903401456026,-0.034032744037463245,-0.005445239045980913,-0.0090753984099902,-0.08939267433839025,-0.024957345627473045,0.032217664355475115,0.051729770936950734,0.0272261952299706,-0.030402584673453963,-0.08984644425889966,-0.22461611064725742,-0.2146331723962649,-0.14702145424183133,-0.05899008966493629,-0.1379460558318411,-0.09710676298688523,-0.13023196718334615,-0.17606272915380658,-0.11571132972737502,-0.17243256978981378,-0.16607979090281405,-0.2754383417431893,-0.2273387301702479,-0.3003956873706624,-0.2727157222201989,-0.16199586161831186,-0.18014665843829225,-0.17061749010780913,-0.2749845718226964,-0.2513885359567186,-0.1365847460703459,0.08167858568991179,0.09892184266890637,0.09211529386141373,0.08167858568991179,0.13930736559335286,0.10119069227140393,0.0726031872799216,0.054906160380450604,0.03357897411697034
2018-02-07,0.0,-0.26774266535939223,-0.20646353420319644,-0.3841730145561505,-0.418583603590028,-0.40208537597105226,-0.5684817859567189,-0.6556867033713052,-0.5859227694396396,-0.4775058450863701,-0.5623538728411027,-0.5505694245418343,-0.49070442718154733,-0.3945433290595102,-0.448280413304181,-0.4770344671543891,-0.6203333584734999,-0.7664605173844283,-0.8357530733841301,-0.7410061090580017,-0.8772343313975516,-0.8692209065540456,-0.8093559091937587,-0.8371672071800389,-0.8819481107172589,-0.8277396485406242,-0.9149445659552105,-1.0582434572743042,-1.1082095180632126,-1.007806018553449,-0.9540689343087781,-1.030432159288041,-1.1317784146617493,-1.193057545817945,-1.3156158081303369,-1.1676031374915186,-1.0375028282676022,-1.0351459386077484,-0.9804660984991326,-0.9394562184176922,-1.0375028282676022,-0.9215438570027904,-0.8348103175201852,-0.851308545139161,-0.806999019533905,-0.7603326042688122,-0.9347424390979849,-0.955483068104687,-0.8696922844860094,-0.9078738969756495,-0.9658533826080467,-0.9922505467984011,-0.9870653895467297,-1.0323176710159137,-1.119993966362481,-1.1638321140357561,-1.081812353872841,-0.9936646805943269,-0.9950788143902357,-1.022418734444535,-1.074270306961316,-1.0558865676144507,-0.9960215702541806,-1.0888830228524022,-1.0704992835055538,-1.1364921939814567,-1.0554151896824866,-0.9644392488121378,-1.0412738517233644,-1.0587148352062852,-0.9691530281318451,-1.014405309601029,-1.20248510445736,-1.3570970661437582,-1.4131910400482828
2018-02-14,0.0,-0.18562690409276278,-0.07557329428713129,-0.16153791653874655,-0.21774555416479013,-0.46808209149091257,-0.39203646411449355,-0.3679474765604773,-0.40195545898967266,-0.42462744727582574,-0.3353564933991451,-0.36133481331034645,-0.2862338521125029,-0.3329948279526722,-0.25222586968330757,-0.2871785182910955,-0.29048484991616086,-0.3183525021845474,-0.2739531917908509,-0.23522187846869272,-0.21302222327184445,-0.3018208440592374,-0.2895401837375683,-0.4052617906147381,-0.3230758330774931,-0.40904045532909117,-0.4099851215076838,-0.36558581111400446,-0.3811728030607219,-0.4123467869541566,-0.45816309661573346,-0.4217934487400481,-0.37361547363199843,-0.3594454809531613,-0.41140212077556404,-0.3693644758283576,-0.36511347802469957,-0.3958151288288467,-0.4128191200434615,-0.42368278109723323,-0.47752875327680394,-0.5035070731880054,-0.47800108636610883,-0.508230404080951,-0.5162600665989622,-0.45438443190138034,-0.3528328177030476,-0.36511347802469957,-0.2876508513804003,-0.3311054955954871,-0.308905840398656,-0.3145738374701771,-0.24183454171882354,-0.25269820277259525,-0.2659235292728398,-0.24514087334388898,-0.24183454171882354,-0.3037101764164054,-0.24939187114752978,-0.1993245636823122,-0.2489195380582421,-0.1898779018964208,-0.19223956734289366,-0.2361665446472853,-0.3339394941312648,-0.3391351581134982,-0.4260444465437061,-0.5398767210636907,-0.47138842311597795,-0.4435207708476086,-0.49311574522353846,-0.5379873887065227,-0.7817112627825142,-0.8553952247124604,-1.0589707861984305
2018-02-21,0.0,-0.26951851141377675,-0.2982927297141796,-0.40283905620563976,-0.4987531172069825,-0.48820257049683136,-0.5889123345482413,-0.6805102628045341,-0.5390370228275535,-0.5994628812583924,-0.4800498753117137,-0.5807596393631237,-0.5697295223479728,-0.5596585459428387,-0.6148091310186108,-0.5889123345482413,-0.5812392096681408,-0.6191252637636608,-0.6032994436984427,-0.5630155380778892,-0.6239209668137279,-0.5754843660080567,-0.5946671782083254,-0.5375983119125194,-0.5126606560521842,-0.4987531172069825,-0.5188950700172681,-0.496355265681949,-0.4551122194513786,-0.4747746019566469,-0.4565509303663952,-0.3903702282754722,-0.3918089391904888,-0.41147132169575706,-0.40475733742567355,-0.40571647803567307,-0.47621331287166346,-0.46758104738154616,-0.4186648762708578,-0.47045846921157947,-0.42969499328600874,-0.4325724151160595,-0.4364089775561097,-0.5227316324573182,-0.496355265681949,-0.5361596009975027,-0.6234413965087282,-0.5654133896029228,-0.591789756378292,-0.5821983502781578,-0.596105889123342,-0.6737962785344331,-0.6148091310186108,-0.5625359677728721,-0.590351045463258,-0.5817187799731406,-0.4531939382313447,-0.462785344331479,-0.33282179167466647,-0.38461538461538813,-0.3966046422405559,-0.5088240936121166,-0.42058315749089165,-0.462785344331479,-0.46470362555151284,-0.44743909457126063,-0.5184154997122509,-0.4829272971417645,-0.4584692115864116,-0.4483982351812776,-0.3438519086898174,-0.22012276999808872,-0.2906196048340617,-0.20237866871283677,-0.20621523115288704
2018-02-28,0.0,-0.11392942096206701,-0.18734001020122562,-0.07484066565290486,-0.004766921379165693,0.001906768551655872,0.04719252165372996,-0.019067685516662772,0.05386621158456886,-0.044809060964164454,-0.06435343861873687,0.02192783834415525,0.07245720496330467,0.09772188827289671,0.06626020717039273,0.024311299033738097,0.07198051282539503,0.11488280523788627,0.11964972661705196,0.09200158261789441,0.12918356937538336,0.15587832909870428,0.06292336220497327,0.060539901515390425,0.11583618951372288,0.10296550178997203,0.13204372220287583,0.12346326372038104,0.10487227034164524,0.07484066565288751,0.129660261513293,0.1377640278578781,0.13967079640955132,0.14396102565079005,0.14491440992662669,0.12537003227205426,0.07388728137706825,0.059109825101644184,0.11726626592746911,0.0805609713078898,0.10868580744497433,0.06816697572206594,0.07627074206665109,0.04194890813665463,0.027648143999157552,-0.048622598067493535,-0.09724519613498707,-0.06864366785999292,0.0438556766883105,0.036228602481652335,-0.017637609102916535,-0.14443771778873438,-0.20450092716621515,-0.12107980303081554,-0.1091624995829013,-0.15683171337455823,-0.12823018509956408,-0.09009481406623854,-0.034798526067923434,0.004290229241238719,0.0648301307566465,0.12537003227205426,0.1825730888220426,0.19782723723537626,0.16779563254661853,0.27505136357784665,0.25121675668201815,0.2969792019220192,0.40280485653950104,0.37277325185074334,0.10534896247955487,0.0357519103437427,0.031461681102486636,-0.08580458482498247,-0.07341058923915861
2018-03-07,0.0,-0.1993560019349401,-0.2164576197479852,-0.15000561910299925,-0.27997791448215276,-0.2438202082488503,-0.18762917829170206,-0.15049423675481122,-0.011726823643238045,0.0283398238044712,-0.05863411821615467,-0.10456417748548295,-0.08306500080621912,-0.026385353197276716,-0.03664632388509667,-0.10993897165529,-0.04299835335852765,-0.2232982668731926,-0.2516380906776638,-0.16613000161243824,-0.22378688452500453,-0.270205561446127,-0.22280964922139843,-0.26971694379431504,-0.3816103860568173,-0.40799573925407623,-0.4314493865405523,-0.34349820921632035,-0.47689082815806866,-0.5457859170620434,-0.5726598879111142,-0.6557248887173333,-0.5878070351169649,-0.5262412109899918,-0.4451306807909849,-0.47053879868465553,-0.5834094762507461,-0.5208664168201846,-0.5580013583570755,-0.5682623290449133,-0.4920379753639015,-0.4739591222472503,-0.456368886782411,-0.45197132791619227,-0.5365021816778295,-0.6039314176264038,-0.5653306231340949,-0.5418769758476365,-0.5526265641872684,-0.5159802403021718,-0.45832335738962326,-0.5550696524462749,-0.5032761813553276,-0.478356681113469,-0.4876404164977006,-0.38942826848563084,-0.35864535642215317,-0.3659746211991725,-0.3967575332626502,-0.5936704469385661,-0.5584899760088875,-0.5609330642678939,-0.5345477110706172,-0.4720046516400558,-0.5868297998133587,-0.5775460644291271,-0.5858525645097525,-0.7397671248271586,-0.7168020951924944,-0.6562135063691452,-0.6967687714686487,-0.8467743905716479,-0.8115939196419515,-0.758334595595604,-0.6630541534943526
2018-03-14,0.0,0.025978899360637426,0.08707742193101248,-0.06590942985936318,-0.17992793260880022,-0.08852069411769317,-0.11738613785172697,-0.11113195837602315,-0.06735270204607888,-0.08082324245529114,-0.11353741202052596,-0.05821197819696117,-0.08034215172638008,-0.09381269213560986,-0.031270897378536625,0.0052919980179166985,-0.02838435300512274,-0.04714689143225171,-0.005291998017899197,-0.04618470997444708,-0.06975815569058169,-0.08659633120210142,-0.17319266240420284,-0.14336503721236438,-0.15827884980827486,-0.19772828957812455,-0.2208206445653481,-0.28480571150911954,-0.25497808631729857,-0.2944275260871308,-0.3612991374043161,-0.28817334661142696,-0.29635188900274,-0.35408277647080766,-0.37525076854243944,-0.3641856817777125,-0.3709209519823274,-0.3507151413685002,-0.4945612693097757,-0.44837655933531106,-0.42720856726369677,-0.46040382755782516,-0.3940133069695509,-0.41854893414349015,-0.32666060492347204,-0.3050115221229467,-0.27422171547332114,-0.37380749635572375,-0.2751838969311083,-0.3016438870206392,-0.24198863663697986,-0.25161045121499115,-0.14625158158576076,-0.1298944968031521,-0.22130173529425917,-0.18954974718681147,-0.16116539418168874,-0.22659373331215837,-0.22948027768555473,-0.22370718893876199,-0.2872111651536223,-0.23958318299247705,-0.2838435300513324,-0.2766271691178239,-0.144327218670169,-0.02838435300512274,0.030308715920749497,0.11257523056273883,0.08563414974431428,0.020686901342738227,0.05195779872127485,0.18618211208452154,0.15346794251928672,0.18185229552442697,0.22274500748097484
2018-03-21,0.0,0.12473052804226016,0.11392709647954022,0.0800436065783041,0.10017727449063205,0.0186604726992338,0.0918291682830749,0.09575768885134968,0.18562259685030505,0.26370194314447176,0.3417812894386564,0.3113352550346339,0.3471830052200074,0.39481631711016957,0.38548608076056157,0.3624060224220275,0.3206654913842597,0.335888508586262,0.3388348990124681,0.3314689229469797,0.3314689229469797,0.4178963754487035,0.3771379745530044,0.42919087208244894,0.4178963754487035,0.38155756019228676,0.312808450247728,0.3029871488270768,0.32312081673942256,0.2528985115817697,0.16843531936416536,0.196426028413025,0.117855617047815,0.0982130142065125,0.003928520568256927,0.06383845923423312,0.0982130142065125,0.05990993866595833,0.06924017501558417,0.030937099475047865,-0.03633881525641677,-0.05647248316874468,-0.13504289453395468,-0.0815168017914161,-0.009821301420651251,-0.11932881226092698,-0.03290135975918526,-0.053035027671531045,-0.08348106207553563,-0.04812437696120542,-0.026026448764740105,0.06089206880802703,0.049597572174281665,-0.0014731952131119793,0.026026448764722238,-0.06236526402113901,-0.07906147643625329,-0.12767691846846624,-0.19004218248960525,-0.18709579206341703,-0.26713939864172115,-0.1581229528724887,-0.1625425385117889,-0.19298857291581137,-0.2892373268381865,-0.3363795736573053,-0.3717362587716534,-0.4178963754487214,-0.33294211816009167,-0.37026306355855926,-0.27646963499134697,-0.20870265518883904,-0.16990851457727732,-0.26664833357069573,-0.2710679192099781
2018-03-28,0.0,-0.13653929571355697,-0.14146851216530978,-0.18435269529556297,-0.23808115461965806,-0.13604637406838885,-0.077388698292523,-0.18632438187625336,-0.12470917622934298,-0.10893568358374829,-0.11534366497102339,-0.22871564336133846,-0.28983792736306274,-0.20357663945738827,-0.148862336842939,-0.2173784455223105,-0.2701210615560514,-0.26519184510429866,-0.19223944161836035,-0.2538546472652707,-0.267656453330175,-0.2311802515872149,-0.23463070310344541,-0.23167317323238298,-0.22625103513546205,-0.19815450136046733,-0.15576323987540017,-0.10104893726093299,-0.06999487361489376,-0.02415316061359604,-0.03795496667850037,-0.012323041129382073,-0.0621081272920964,-0.055700145904803385,-0.022674395678073774,0.06260104893726451,0.06309397058243263,0.05323553767892697,0.01084427619385981,-0.02168855238771962,0.019716865807011315,0.09710556409953433,0.077388698292523,0.07640285500216885,-0.01626641429078075,0.0014787649355222623,-0.02957529871051698,-0.11189321345479282,-0.15428447493985997,-0.11731535155171376,-0.15527031823021412,-0.1951969714894228,-0.07837454158287716,-0.1434401987460181,-0.15724200481092243,-0.07590993335700073,0.005422138096920939,0.02168855238770169,-0.02020978745219736,-0.08034622816356753,-0.056685989195157535,-0.048799242872360184,-0.008872589613151507,-0.023167317323241884,-0.036969123388146216,-0.07295240348593829,-0.22526519184510788,-0.13851098229426526,-0.046827556291651876,0.10351354548680941,-0.13013131432628186,-0.3248353641705186,-0.3997594542371652,-0.3504672897196369,-0.32138491265428804
2018-04-04,0.0,-0.18784186245694323,-0.202440970938052,-0.24429174858389002,-0.3182605648881779,-0.20390088178615934,-0.17129620617834623,-0.13139197632997876,-0.10219375936776129,-0.08370155529169372,-0.06666926206373351,-0.015085745430489666,-0.10511358106399364,-0.07542872715239522,-0.08613474003854518,-0.050610242734517426,-0.04087750374711159,-0.022385299671044044,0.010219375936769047,-0.037471045101516005,0.014599108481108753,0.02238529967102634,0.002433184746851459,-0.06764253596247764,-0.07348217935492468,-0.11387304615265537,-0.18102894516575208,-0.16837638448213157,-0.0948942051272069,-0.13139197632997876,-0.1323652502287229,-0.2112004360267137,-0.20487415568490344,-0.25305121367255173,-0.24088528993829444,-0.21606680552041665,-0.19368150584937258,-0.23504564654584736,-0.20341424483677845,-0.20049442314056376,-0.19514141669749763,-0.2311525509508886,-0.33383294726803076,-0.3391859537110969,-0.3932026550911922,-0.46863138224358747,-0.5377338290541724,-0.46084519105366983,-0.6087828236622456,-0.7095166721818819,-0.9542950577151528,-1.06184182352598,-1.092986588285686,-1.1017460533743477,-1.279368539894504,-1.1611157611975267,-1.41660015961693,-1.369396375528008,-1.37377610807233,-1.2589297880209482,-1.2360578514005411,-1.2740155334514203,-1.2058863605395795,-1.3095400307554657,-1.4029743250345477,-1.3903217643509271,-1.330952056527748,-1.4652638545539591,-1.4818095108325384,-1.474023319642621,-1.459424211161512,-1.358690362641858,-1.3547972670468993,-1.4039475989332917,-1.3874019426547126
2018-04-11,0.0,-0.33083528717941346,-0.25507880112963816,-0.19466540086208267,-0.29055968700104307,-0.2795318440950661,-0.48570455929383105,-0.5571458024673636,-0.5839962025862655,-0.5950240454922424,-0.5835167311555777,-0.6448890742845088,-0.5561868596059705,-0.5322132880712303,-0.5792014882793174,-0.6151618455814275,-0.5331722309326233,-0.5125549594127329,-0.47275883066506785,-0.5034450022295421,-0.504883416521623,-0.48762244501661717,-0.47036147351159385,-0.41857855899655866,-0.43296270191740277,-0.33850683007052323,-0.40611230179850083,-0.36535723018944266,-0.3639188158973443,-0.4180990875658709,-0.46652570206603894,-0.43152428762532186,-0.44015477337782477,-0.4435110733926919,-0.468923059219513,-0.41953750185795186,-0.42529115902629294,-0.37782348738750055,-0.3931665731697377,-0.43679847336295774,-0.38357714455584163,-0.35912410159039626,-0.4099480732440558,-0.3936460446004255,-0.3624804016052634,-0.3759056016647144,-0.3572062158676275,-0.3183690299813381,-0.35432938728344826,-0.2958338727386964,-0.19898064373834287,-0.23206417245627375,-0.14432090063912845,-0.11219631478257322,-0.16014345785205344,-0.19514487229278793,-0.21432372952058,-0.17213024361942347,-0.08966115753993148,-0.07096177174282721,-0.06904388602004102,-0.11555261479744032,-0.1380877720400995,-0.16973288646594947,-0.25028408682269015,-0.1817196722333195,-0.13041622914898965,-0.13089570057967748,-0.14096460062426136,-0.2013780008918169,-0.1342520005945446,-0.08390750037159037,-0.06233128599032427,-0.09685322900035351,-0.12418310054994326
2018-04-18,0.0,-0.1332841788843865,-0.1578614033595072,-0.1502991804440881,-0.14415487432530794,-0.2098516859030609,-0.32233975177003626,-0.3544791991605933,-0.21599599202185826,-0.24529960581912022,-0.1843291835635085,-0.20607057444535135,-0.18952821181785698,-0.15502556976622936,-0.19330932327556655,-0.24955335620905425,-0.22166765920841403,-0.20228946298764178,-0.17676696064807218,-0.14462751325751516,-0.1640057094783046,-0.15738876442729996,-0.1479359857830175,-0.09263723071396149,-0.08791084139182025,-0.06995056196768697,-0.1276125116978136,-0.13139362315552314,-0.06995056196768697,-0.07940334061196945,-0.05199028254355368,-0.08602028566297407,-0.07845806274753776,-0.11059751013809478,-0.1554982086984366,-0.11107014907031923,-0.09830889790053443,-0.09500042537503212,-0.08791084139182025,-0.12666723383338188,-0.13044834529109145,-0.16778682093601416,-0.12808515063002082,-0.1375379292743033,-0.08554764673074963,-0.05671667186569492,-0.02883097486505471,0.015597084763062664,0.05057236574691474,-0.0014179167966389343,0.0628609779844751,0.031194169526142523,0.04159222603483951,0.046318615356980744,0.1120154269347509,0.00898013971207524,-0.11437862159582154,-0.09689098110389549,-0.17676696064807218,-0.2003989072587784,-0.2438816890224813,-0.21079696376749257,-0.2013441851232101,-0.22261293707284568,-0.17345848812258707,-0.22308557600507015,-0.35022544877065925,-0.386146007618943,-0.39039975800885984,-0.43955420695913566,-0.6177390844038639,-0.5808732476911486,-0.44617115201012303,-0.41639489928063667,-0.36393197780487574
2018-04-25,0.0,-0.07255663186460093,-0.05842222305980654,-0.1342768836455467,-0.13003656100410155,-0.0998831555538838,-0.10789265387658692,-0.17715125702008286,-0.2798612943349187,-0.29682258490068225,-0.2412272436018277,-0.21248727903206885,-0.23698692096038254,-0.2252082469563872,-0.215314160793038,-0.20400663374919564,-0.18798763710375513,-0.20117975198824362,-0.18516075534280313,-0.23934265576118163,-0.22850627567750936,-0.22991971655798535,-0.23227545135878438,-0.22991971655798535,-0.22944856959783239,-0.2553616524066221,-0.25159247672532986,-0.2694960612114165,-0.22662168783686323,-0.2647845916098184,-0.2817458821755648,-0.2709095020918925,-0.2732652368926916,-0.2237948060759112,-0.18704534318344923,-0.22049677735478912,-0.24546756624325575,-0.2643134446496483,-0.22049677735478912,-0.21719874863366695,-0.16678602389656355,-0.26714032641061747,-0.24169839056198067,-0.25441935848629904,-0.22944856959783239,-0.2303908635181383,-0.14841129245034113,-0.15029588029097007,-0.0994120085937137,-0.035336022011985976,-0.05465304737853146,-0.061249104820775696,-0.12202706268138129,-0.20117975198824362,-0.20023745806792057,-0.1908145188647243,-0.3048320832234025,-0.35760054276128783,-0.5258000075383445,-0.5258000075383445,-0.5470016207455362,-0.5936451698013645,-0.5215596848969165,-0.6096641664467878,-0.6035392559647137,-0.6930571783950782,-0.5248577136180215,-0.6025969620443906,-0.5050695412913231,-0.43486864422750404,-0.4103690022991904,-0.34723530963778565,-0.3844559194904006,-0.3773887150880034,-0.43251290942670495
2018-05-02,0.0,-0.21560017989864472,-0.30044928295552736,-0.2726299049040893,-0.2749481864083758,-0.32873231730783276,-0.41682701447071985,-0.4237818589835794,-0.5109492435447485,-0.48498449069674643,-0.4784933024847375,-0.515122150252471,-0.5953346903007806,-0.5665879996476245,-0.5146584939516036,-0.5123402124473171,-0.522540651066181,-0.47524770837873304,-0.4664382386624544,-0.4265637967887165,-0.44789198662816243,-0.4784933024847375,-0.4335186413015759,-0.3857620423132774,-0.4265637967887165,-0.452992205937586,-0.5072399931378935,-0.503994399031889,-0.47246577057359596,-0.4645836134590185,-0.5090946183413125,-0.4349096102041445,-0.3755616036944134,-0.3941078557287054,-0.43073670349643894,-0.3927168868261369,-0.3264140358035463,-0.3162135971846823,-0.31157703417610927,-0.35516072645670227,-0.3723160095884089,-0.32595037950267886,-0.36489750877469884,-0.36582482137641686,-0.32919597360868336,-0.3055495022649678,-0.1766530506266416,-0.20539974127978072,-0.20029952197035716,-0.1924173648557797,-0.18870811444892466,-0.19659027156350214,-0.1613523926983372,-0.16784358091034615,-0.17248014391891914,-0.1446607658674811,-0.26984796709895226,-0.31899553498981936,-0.26845699819638374,-0.3352235055198249,-0.4451100488230084,-0.5461871224098966,-0.5165131191550395,-0.6161992238393591,-0.4441827362212905,-0.461338019353014,-0.5633424055416201,-0.8155714332079983,-0.6954844512859507,-0.6727652925439531,-0.6073897541230636,-0.6342818195727837,-0.5471144350116146,-0.5350593711893314,-0.5879161894870536
2018-05-09,0.0,0.16458827215045205,0.1655234327876569,0.15804214768991603,0.24501208695122584,0.27727512893526945,0.24734998854427198,0.22630887420685666,0.26465046033281686,0.21742484815329152,0.2749372273422233,0.23191983803017083,0.19217551094838634,0.1468202200432877,0.14494989876886102,0.11175169614759556,0.19217551094838634,0.2024622779577928,0.25670159491645655,0.27540480766082576,0.28662673530745403,0.30439478741460135,0.2941080204051949,0.369388451701291,0.34320395385916397,0.32076009856592436,0.28382125339580544,0.26839110288168727,0.260442237465344,0.31421397410540536,0.30439478741460135,0.29083495817494387,0.27400206670500143,0.2679235225630848,0.3086030102820912,0.3114084921937398,0.3361902490800255,0.3361902490800255,0.3389957309916911,0.309538170919313,0.3455418554522101,0.42503050961577904,0.3951053692247986,0.3862213431712164,0.41147068037612156,0.405392136234205,0.46991822020227525,0.5737210509335275,0.5896187817662311,0.6139329583339144,0.6518069641412552,0.5840078179429169,0.5849429785801388,0.5741886312521299,0.4909593345396906,0.5461338121355762,0.5961649062267671,0.5985028078198131,0.5353794648075674,0.5461338121355762,0.5746562115707323,0.5713831493404814,0.5466013924541786,0.5288333403470313,0.5451986514983543,0.5082598063282354,0.5236899568423365,0.4759967643441918,0.4876862723094225,0.4297063128018713,0.3871565038084383,0.428303571846047,0.4961027180443852,0.45495565000677646,0.46243693510451733
2018-05-16,0.0,0.006975478866624193,0.05254860746189888,-0.1097475341682308,-0.1915931528699479,-0.2501871753496013,-0.3287775705802237,-0.27576393119389,-0.3943470719265012,-0.38737159305987706,-0.40225261464199513,-0.37388566725106354,-0.36970037993108223,-0.30878119782923774,-0.26413813308284967,-0.19205818479439965,-0.34598375178456675,-0.31343151707365385,-0.33342788982463983,-0.31622170862029675,-0.28180934621162756,-0.30273578281150015,-0.23763131338967433,-0.21251958946982047,-0.2101944298476124,-0.14183473695469193,-0.08975116141724482,0.006975478866624193,-0.022321532373210953,-0.02743688354206193,-0.07021982059069369,-0.08324071447505547,-0.06789466096848563,-0.11253772571487371,-0.057663958630766766,-0.0957965764349824,-0.053478671310785486,-0.020461404675437736,0.047898288217482744,0.13346416231472938,0.04975841591523904,0.08231065062615195,0.11160766186598708,0.06696459711958211,0.13067397076808646,0.12090830035481935,0.27576393119387305,0.23065583452303323,0.22972577067414662,0.32552234710912903,0.25111723919847095,0.20089379135876323,0.2799492185138374,0.27250870772277835,0.24879207957626287,0.27762405889162933,0.18415264207887194,0.12462855575034887,0.02185650044874227,0.12648868344810518,-0.003720255395546437,0.015811085431004686,-0.039062681653102255,0.02371662814651549,0.09254135296387081,-0.02697185161762708,0.02371662814651549,-0.07207994828845,-0.15671575853682693,-0.19438334441660773,-0.16880658857231903,-0.039527713577537094,-0.04185287319974516,-0.02325159622208064,-0.08696096987058499
2018-05-23,0.0,0.027088422313259676,0.04039501573029436,-0.029464599709159343,0.009979945062771691,0.006653296708508697,-0.059404434897491705,-0.10074992158614939,-0.1216602826700734,-0.1877180142760738,-0.2333406202773578,-0.27088422313256216,-0.2955964680499222,-0.2989231164041852,-0.1777380692133021,-0.2266873235688318,-0.19579701742213612,-0.20102460769310845,-0.15064964690004243,-0.17488665633821213,-0.2480729201319288,-0.26945851669502585,-0.21528167206850646,-0.2585281006738908,-0.17583712729657544,-0.16395624031707712,-0.22763779452719515,-0.2585281006738908,-0.2062521979640981,-0.2304892074022678,-0.17298571442150276,-0.1777380692133021,-0.11405651500318408,-0.09362138939845038,-0.05275113818898301,-0.011405651500325322,-0.037068367376031364,-0.03611789641768533,-0.051800667230619685,-0.11215557308647472,-0.07033485091862672,-0.08126526693977902,-0.10692798281548507,-0.07936432502305237,-0.08981950556501438,-0.07651291214797969,-0.1292640503369454,-0.05750349298078235,-0.08696809268992439,-0.035642660938495024,-0.12878881485777238,-0.13116499225367206,-0.22478638165210513,-0.23904344602750316,-0.3369419547385799,-0.39967303799033455,-0.45194894070012726,-0.44909752782503726,-0.45717653097109956,-0.44101852467897495,-0.4025244508654073,-0.45432511809602694,-0.522759027097927,-0.522759027097927,-0.6097271197878514,-0.5161057303894183,-0.6102023552670417,-0.6501221355181458,-0.6833886190607411,-0.6529735483932357,-0.7865147180427902,-0.8715818688160052,-0.9518966647974035,-0.8345135014399738,-0.8720571042951782
2018-05-30,0.0,-0.00567161357406526,-0.027412798941295363,-0.12288496077133945,-0.05009925323753921,-0.026940164476797084,-0.0014179033935120162,0.1082332923716866,0.18669061347953494,0.1739294829378924,0.13422818791946997,0.07420361092731226,0.06711409395973499,0.044900274127989415,0.062387749314683466,0.04868134984402719,0.040173929482937895,0.017014840722178584,-0.048208715379528914,-0.023631723225257587,-0.07940259003686205,-0.04300973626996193,-0.1082332923716866,-0.13281028452594074,-0.1318650155969442,-0.08554683807542558,-0.048208715379528914,-0.009925323754601308,0.007089516967577276,0.055298232347106194,0.05766140466963195,0.137063994706494,0.18054636544097138,0.1082332923716866,0.050571887702054674,0.1153228093392639,0.09830796861706813,0.07892995557236378,0.08034785896587579,0.15455146989318805,0.213630777956332,0.23111825314302606,0.2240287361754488,0.20984970224029423,0.3062671329993349,0.3128840155024139,0.3875602608942244,0.5099725872010655,0.615370072785711,0.5043009736270003,0.45703752717648516,0.38661499196521065,0.45136591360241984,0.4215899423385988,0.46649021646658817,0.4074109084034442,0.24340674922015315,0.24104357689762734,0.1786558275829439,0.15077039417715027,0.061915114850168,0.09547216183004409,0.24860572832970293,0.21599395027885776,0.2977597126382456,0.3554211173078775,0.2424614802911394,0.29728707817374733,0.2694016447679365,0.27649116173551375,0.20984970224029423,0.293033367993194,0.31477455336042415,0.4055203705454168,0.3374610076566852
2018-06-06,0.0,-0.08346340106286504,-0.09666665094851204,-0.08582112425673118,-0.015089428440746773,0.023577231938661472,0.0033008124713988824,0.10986990083415903,0.18767476623174187,0.14853656121356726,0.2532194710212105,0.28717068501288645,0.2895284082067526,0.32960970250247706,0.360260104022737,0.326308890031061,0.35837392546765434,0.31687799725559646,0.2706666226558234,0.2518048371048942,0.27491052440478936,0.20276419467248866,0.2324715069151987,0.29282922067816863,0.32065035436579603,0.32017880972701246,0.3192357204494626,0.3234796221984285,0.4913495136016913,0.5135121116240365,0.461170656720215,0.5102112991526205,0.48333325474256017,0.5144552009015865,0.5262438168709171,0.5234145490382847,0.47908935299359423,0.4630568352752976,0.48852024576905884,0.5059673974036717,0.5248291829546009,0.5309592632586495,0.5182275580117688,0.5253007275933673,0.5144552009015865,0.4206178177857069,0.45032513002843416,0.46777228166302987,0.470130004856896,0.47626008516096174,0.456926754971249,0.5323738971749657,0.5573657630299435,0.5125690223464867,0.5366177989239317,0.5493495041708123,0.5889592538277533,0.6205527446255631,0.647902333674407,0.6323413605948938,0.5823576288849384,0.5286015400647833,0.5342600757300655,0.5795283610522887,0.3517723005248223,0.29047149748430245,0.3937397733756466,0.5243576383158174,0.6431868872866746,0.8223738500205018,0.7639023148126317,0.6620486728376038,0.7511706095657511,0.7690893058391304,0.7813494664472275
2018-06-13,0.0,-0.1712973593570575,-0.10057405281286547,-0.12904707233064774,-0.16486796785304916,-0.17083811710677715,-0.30631458094145,-0.2668197474167556,-0.324225028702634,-0.34856486796785974,-0.34397244546498945,-0.2700344431687682,-0.271871412169923,-0.2535017221584419,-0.26084959816302766,-0.20528128587830413,-0.1644087256027521,-0.2158438576349024,-0.16854190585534204,-0.1653272101033295,-0.14603903559127104,-0.15568312284730865,-0.12812858783008704,-0.11113662456946373,-0.11802525832376913,-0.08863375430539275,-0.13318025258323765,-0.09873708381171067,-0.06796785304247657,-0.09414466130884042,-0.11297359357060181,-0.1079219288174512,-0.15476463834673124,-0.15017221584386098,-0.12721010332950966,-0.15660160734786932,-0.16991963260619977,-0.2080367393800196,-0.20022962112513681,-0.16670493685418725,-0.10470723306543867,-0.0702640642939117,-0.06153846153846822,-0.07393800229620456,-0.08404133180252249,-0.15063145809414133,-0.14603903559127104,-0.11021814006888635,-0.144202066590133,-0.10654420206659347,-0.11297359357060181,-0.05464982778416282,-0.045924225028702644,-0.056027554535020556,-0.04638346727898299,-0.09276693455798268,-0.06521239954076109,-0.03398392652124664,0.022962112514351322,-0.008725602755460185,0.026636050516644194,0.03306544202066924,0.03490241102180733,0.0027554535017154757,-0.11572904707233399,-0.1327210103329573,-0.12950631458094478,-0.25947187141216993,-0.21079219288175183,-0.22870264064293583,-0.30218140068886,-0.29712973593570946,-0.26911595866819077,-0.28473019517795634,-0.26406429391504016
2018-06-20,0.0,0.14485800654889627,0.12995300265961843,0.08523799099178489,0.12203471934343797,0.01211031566004566,-0.05496220184169616,0.019562817604676108,-0.07825127041868749,-0.029344226407005687,-0.0414545420670344,-0.0628804851578766,-0.047975481268598755,-0.027946882292389598,-0.026083756806223515,-0.002794688229232182,0.0009315627430830423,-0.03260469600778786,0.019097036233143058,0.04052297932396831,0.13880284871886495,0.14020019283349797,0.19516239467519414,0.2552481916038216,0.21286208679370416,0.24872725240227422,0.2417405318291768,0.21379364953678723,0.1956281760467272,0.19842286427597633,0.1872441113590137,0.23242490439838026,0.22450662108219982,0.23009599754068114,0.2198488073668016,0.19888864564750938,0.20913583582138892,0.27900304155236294,0.25617975434690465,0.21472521227987026,0.27015319549309946,0.24406943868687594,0.2533850661176725,0.25664553571845466,0.31719711401863215,0.29856585915703904,0.3004289846431882,0.28040038566697906,0.2845924180108443,0.32185492773403035,0.3074157052162856,0.3269785228209617,0.28040038566697906,0.2715505396077155,0.2734136650938816,0.23195912302683028,0.2543166288607555,0.2645638190346182,0.23521959262761244,0.19329926918902807,0.23195912302683028,0.20587536622060676,0.17979160941438327,0.2249724024537329,0.27574257195158075,0.26502960040616813,0.29670273367087296,0.2780714788092799,0.2710847582361825,0.43317667553203876,0.3819407246626578,0.3730908786034113,0.3730908786034113,0.3358283688802252,0.3269785228209617
2018-06-27,0.0,-0.27305178248575146,-0.23550136757683593,-0.1877520745445274,-0.1478837327893999,-0.2568262945621504,-0.17059941588243138,-0.09781651291084578,-0.10198878123406425,-0.11357841546520793,-0.0908627323721596,-0.07880951277177692,-0.069537805386862,-0.11265124472671305,-0.17152658662092624,-0.1251680496963516,-0.18914283065226123,-0.3017940753789743,-0.36113300264244336,-0.3592786611654536,-0.3398080756571289,-0.3360993927031663,-0.2966946363172778,-0.32033749014880414,-0.2628529043623417,-0.32682768531825135,-0.3597422465346926,-0.373186222242826,-0.4742478327383954,-0.4557044179685656,-0.4686848083074431,-0.5354411014788374,-0.4932548328774811,-0.5048444671086249,-0.48027444253858675,-0.47610217421538514,-0.4839831254925662,-0.5767001993417155,-0.572991516387736,-0.5498122479254487,-0.5391497844327999,-0.5882898335728591,-0.5785545408186884,-0.5516665894024384,-0.6443836632515878,-0.6708080292985987,-0.6666357609753802,-0.7278290297158221,-0.82471837188819,-0.8344536646423438,-0.9582309582309616,-0.894256177275052,-0.9229984701682746,-0.9341245190301795,-0.9053822261369397,-0.773260395901902,-0.790413054563998,-0.9053822261369397,-1.0064438366325092,-0.9934634462936316,-1.0569746418803023,-1.0667099346344562,-1.0894256177275046,-1.084789764035047,-1.0551203004033125,-1.1724073988225,-1.0532659589263396,-1.0078345927402599,-1.0022715683093075,-0.859023689212365,-0.8562421769968973,-1.0110796903249666,-1.1232673496824406,-1.1659172036530527,-1.1863149598998723
2018-07-04,0.0,-0.0494633691087193,-0.07932804479701352,-0.226784881007926,-0.2594493700419904,-0.2711152589827277,-0.30191320578628433,-0.2711152589827277,-0.2118525431637959,-0.19598693420438637,-0.22398506766215584,-0.195053663089124,-0.26271581894540025,-0.28184787680821954,-0.27344843677087516,-0.23471768548763075,-0.15538964069061723,-0.15025664955669962,-0.07652823145124338,-0.0657956136257515,-0.1087260849276681,-0.157256182921142,-0.2174521698553362,-0.20251983201120602,-0.1992533831077962,-0.16892207186187927,-0.09846010265981589,-0.119458702753143,-0.06252916472235863,-0.031264582361179315,-0.04993000466635897,-0.0704619692020464,-0.014465702286507441,-0.0494633691087193,0.0321978534764417,0.05086327578162135,0.009332711152589827,0.02613159122724473,0.016332244517032198,0.07652823145124338,0.060195986934211174,0.06532897806812879,0.08726084927671829,0.06346243583760404,0.02846476901539218,0.021465235650949814,0.08259449370042336,0.0433971068595393,0.04479701353242438,0.0858609426038332,0.15772281847876468,0.20531964535697622,0.26318245450303995,0.28184787680821954,0.2799813345776948,0.19832011199253383,0.2692487167522199,0.28884741017266197,0.308446103593087,0.3233784414372341,0.3789080727951504,0.37424171721885546,0.4451703219785415,0.45216985534298393,0.4643023798413439,0.5380307979468002,0.5398973401773249,0.5184321045263581,0.5193653756416206,0.5011665888940805,0.47970135324311375,0.5118992067195554,0.5258982734484402,0.5142323845077029,0.5324311712552429
2018-07-11,0.0,-0.19486327625862843,-0.12367200905406223,-0.13143003176225435,-0.020079588185890517,-0.022361359570651936,0.07438574714321891,0.02281771384761418,-0.0355956336022748,-0.09811616954474099,-0.019623233908944875,0.04517907341828272,0.03924646781790635,0.030575736555806324,0.07164762148151184,0.16565660253367562,0.13234274031616225,0.08898908400569532,0.13599357453177718,0.12275930050017092,0.09629075243694181,0.10313606659122605,0.02920667372495279,-0.13964440874739215,-0.19075608776605124,-0.13827534591653862,-0.14466430579387723,-0.19349421342775827,-0.20764119601328906,-0.16154941404109843,-0.1756963966266292,-0.08670731262093388,-0.020992296739798404,-0.0282939651710449,-0.04244094775655905,-0.05795699317294333,0.0009127085539078876,-0.03240115366360549,-0.04244094775655905,-0.11317586068416302,-0.06936585009675043,-0.062064181665503926,-0.12686648899273154,-0.09537804388301732,-0.04381001058741259,-0.024643130955413355,-0.029206673724936186,-0.013234274031606263,-0.008670731262083427,-0.08123106129750317,0.012777919754660621,0.0533934504034205,0.0324011536636221,0.005019897046485081,-0.025555839509321242,0.023730422401522067,-0.005476251323430724,-0.024643130955413355,-0.0013690628308535304,0.03924646781790635,0.0177978168011457,0.03924646781790635,0.1003979409295024,0.11773940345368585,0.04837355335695202,0.05795699317294333,-0.04015917637179764,0.02099229673981501,0.030575736555806324,0.04928626191084331,-0.07392939286627327,-0.025555839509321242,-0.04928626191084331,-0.052024387572550373,-0.11865211200759374
2018-07-18,0.0,0.03661778268023428,0.01220592756006713,-0.12884034646751416,-0.08046870761832023,-0.17449955697004657,-0.1889658414857006,-0.13019656064086957,-0.1094012766496118,-0.033905354333556355,-0.008589356431174188,-0.05108406719590473,-0.04068642520026762,-0.073235565360485,-0.08634563570280004,-0.04249471076473054,-0.09267463517838737,-0.03300121155134134,-0.048371638849210356,-0.050631995804780776,-0.07368763675160897,-0.12205927560080287,-0.1496356304587719,-0.16364984358330195,-0.08498942152946108,-0.05153613858701223,-0.03526156850691176,-0.016274570080116915,-0.09945570604509862,-0.09945570604509862,-0.09357877796061882,-0.09312670656951132,-0.14285455959206064,-0.08046870761832023,-0.14511491654763106,-0.15099184463211085,-0.19574691235241184,-0.5456501690747035,-0.6898609428401031,-0.6464620892931411,-0.618433663044081,-0.7599320084627863,-0.6812715864089289,-0.6487224462487116,-0.5451980976835961,-0.5140051716967177,-0.47648324623425187,-0.4073163233938002,-0.5103886005678082,-0.5691578814126392,-0.5420335979457941,-0.5705140955859782,-0.5876928084483101,-0.6211460913907589,-0.5732265239326726,-0.6238585197374369,-0.6871485144934087,-0.7413970814270989,-0.8480859297300327,-0.8978137827525821,-0.8092077900942116,-0.7924811486230036,-0.7807272924540276,-0.7780148641073497,-0.7508905806405046,-0.7138207265691463,-0.6365165186886445,-0.6781070866711271,-0.6749425869333416,-0.7196976546536261,-0.8064953617475337,-0.7237662971736595,-0.7133686551780388,-0.6690656588488454,-0.6469141606842651
2018-07-25,0.0,-0.06592874313803204,-0.16414911556814676,-0.09463241361988511,-0.17850095080908146,-0.11077822826594279,-0.05247389759965882,-0.04574647483047221,-0.08790499085069851,-0.07489864016361418,-0.17580998170141335,-0.21124107495245303,-0.17311901259372892,-0.18567686842954065,-0.18926482723978655,-0.20899860069605747,-0.21438053891141,-0.23635678662409285,-0.2193139822754737,-0.1919557963474547,-0.17760396110652,-0.1695310537834993,-0.19733773456280723,-0.19958020881920274,-0.2022711779268709,-0.1977862294140798,-0.19285278605001616,-0.21168956980374193,-0.19913171396791388,-0.2094470955473464,-0.2054106418858279,-0.16414911556814676,-0.145312331814421,-0.14755480607081653,-0.06592874313803204,-0.10180833124036064,-0.08297154748663486,-0.059649815220118016,-0.05785583581499505,-0.0955294033224466,-0.018836783753725772,0.0251157116716398,0.019285278604998353,0.004484948512791073,0.020630763158848726,0.02107925801012131,0.02646119622547386,-0.01255785583581174,-0.07893509382511638,-0.04395249542534926,-0.0282551756305805,-0.004484948512791073,0.0287036704818694,0.0017939794051229556,-0.021527752861393887,-0.04709195938430627,-0.051576907897097346,0.007624412471748087,-0.0035879588102295953,-0.09822037243011471,-0.048437443938140326,-0.06009831007139059,-0.11167521796848794,-0.06323777403034761,-0.09822037243011471,-0.15697319794768758,-0.10225682609163321,-0.10629327975315171,-0.07220767105592976,-0.010315381579416204,-0.059649815220118016,-0.038122062358724125,-0.07175917620465717,-0.21393204406013744,-0.27447884898281694
2018-08-01,0.0,0.07482526100811634,0.21083117660522835,0.1676966143770233,0.14524903607457879,0.05501857427067378,0.11619922885966945,0.15669289952288853,0.15669289952288853,0.18398211236114592,0.19234493565027874,0.2658497508759021,0.19190478705611977,0.2482438071092865,0.19674642159193267,0.14260814450959286,0.12852338949629716,0.1588936424937155,0.11707952604800341,0.1272029437138042,0.036972481909899185,0.026408915649923415,0.014524903607470687,-0.018926389549108576,-0.006602228912480854,-0.04049367066320309,-0.06954347787812845,-0.09111075899222297,-0.1659360200003393,-0.14260814450957685,-0.17914047782530104,-0.0673427349073015,-0.058979911618152685,-0.09155090758639797,-0.03565203612739021,-0.01848624095493358,0.04533530519904801,0.03433159034491325,0.024208172679096467,0.0048416345358289,0.010123417665816786,-0.00924312047746679,-0.006162080318305857,0.002640891565001949,-0.01848624095493358,-0.025088469867414434,-0.022447578302428498,-0.11928026901881436,-0.11223789151217452,-0.0717442208489554,-0.09771298790470383,-0.11707952604798741,-0.06118065458897964,-0.15581260233453856,-0.16989735734783423,-0.17253824891282019,-0.1540520079578866,-0.18046092360781,-0.10739625697634561,-0.1866230039261159,-0.20026761034525256,-0.20995087941687837,-0.18794344970860882,-0.225356080212667,-0.15185126498705964,-0.31822743358157396,-0.23327875490765682,-0.1888237468969428,-0.10255462244053272,-0.10123417665803976,0.06382154615398158,0.04621560238736598,-0.08935016461557102,-0.181341220796128,-0.25704677899257833
2018-08-08,0.0,-0.15465498357064303,-0.09419496166484118,-0.1542168674698827,-0.20898138006572062,-0.2830230010952839,-0.198028477546553,-0.18313253012047875,-0.1327491785323079,-0.16955093099671734,-0.1756845564074416,-0.1550930996714193,-0.10470974808324844,-0.06308871851041163,-0.09200438116100766,-0.11391018619934283,-0.09025191675793448,-0.013581599123761423,0.05169769989046779,0.06089813800657811,0.11215772179626964,0.1423877327491785,0.14282584884993887,0.12267250821467689,0.18707557502738545,0.1888280394304427,0.15290251916758577,0.16122672508214358,0.1231106243154372,0.13581599123767799,0.17086527929901424,0.1397590361445847,0.16604600219058688,0.20240963855422006,0.2243154435925552,0.27513691128148643,0.2913472070098576,0.261555312157725,0.2497261774370208,0.2646221248630951,0.24534501642935377,0.2895947426067844,0.2580503833515946,0.2865279299014303,0.2527929901423909,0.25542168674698473,0.23570646221248312,0.25235487404161466,0.2576122672508183,0.30580503833515565,0.2987951807228948,0.3255202628696573,0.33428258488499135,0.33953997809419495,0.2637458926615585,0.23789704271631662,0.18225629791894213,0.21861993428259124,0.232639649507113,0.18225629791894213,0.20766703176342366,0.08762322015334063,0.06966046002191217,0.15596933187293996,0.0832420591456736,0.038116100766706365,0.058707557502744596,0.06878422782037559,0.06527929901424515,0.10208105147863865,0.2405257393209264,0.290470974808321,0.32245345016428717,0.3207009857612299,0.3925520262869597
2018-08-29,0.0,-0.0911029846870419,0.024691463139473867,0.019157169677180404,-0.1060030055470711,-0.11749730735338244,-0.10046871208477764,-0.03533433518236736,-0.045977207225245356,-0.023840033376056016,-0.060025798321841226,-0.024691463139489354,-0.09280584421390857,-0.08131154240759722,-0.15666307647117658,-0.11920016688023363,-0.07875725311729723,-0.06513437690242577,-0.08727155075159962,-0.052362930450972164,-0.030651471483491743,-0.04895721139723881,-0.08258868705273949,-0.07066867036471923,-0.050234356042396566,-0.07109438524642815,-0.06385723225726801,-0.13537733238542057,-0.1038744311384955,-0.1123887287727979,-0.13112018356826938,-0.1528316425357343,-0.14602020442829858,-0.14176305561114738,-0.19625456047067963,-0.21285744085756003,-0.16262308481517898,-0.14261448537456523,-0.14346591513799856,-0.13197161333168725,-0.10983443948251337,-0.14900020860029203,-0.207748862276991,-0.25755750343764766,-0.218391734319869,-0.22094602361015353,-0.2137088706209934,-0.20434314322325767,-0.2179660194381446,-0.3180090166411978,-0.290337549329715,-0.29927756184574184,-0.32141473569491563,-0.2869318302759971,-0.28565468563085483,-0.2226488831370202,-0.23712318911532498,-0.2733089540611102,-0.23754890399704942,-0.18476025866436832,-0.22648031707244698,-0.2626660820182322,-0.23669747423361603,-0.2571317885559387,-0.2775661028782614,-0.28310039634055484,-0.26649751595367444,-0.17496881638492365,-0.20647171763183325,-0.23797461887875831,-0.3295033184475092,-0.46700922524148986,-0.4899978288541125,-0.484889250273528,-0.5117092878215774
2018-09-05,0.0,0.19843940650551561,0.008250216025383818,0.1528461074178158,0.1372141191591664,0.07512038802068316,0.1250559060691163,-0.06730439389136636,-0.06426484061884989,-0.09248926386361642,-0.17759675549399886,-0.043422189607333135,0.03169819841335003,-0.022579538595816392,-0.030829754621216003,-0.0764230537089158,-0.18801808099974934,-0.13895100674346603,-0.11463458056336581,-0.06687017199529935,-0.07598883181283299,-0.16674120809216558,-0.1871496372076153,-0.15545143879424947,-0.14806966656101547,-0.1749914241175494,-0.16847809567644942,-0.15935943585891577,-0.3030868834591821,-0.27616512590264825,-0.2327429362953151,-0.283981120031965,-0.35736462046834855,-0.3890628188817144,-0.3595357299487152,-0.4598409879416642,-0.4902365206667974,-0.5058685089254311,-0.6235426427613133,-0.6409115186042467,-0.556672470766014,-0.6057395450222973,-0.5974893289969135,-0.6604515039275465,-0.8363113718372457,-0.861062019913413,-0.7529407677911629,-0.6274506398259638,-0.6031342136458636,-0.7012683621584301,-0.7490327707264965,-0.6947550337173302,-0.8172056084100129,-0.7842047443084459,-0.8506406944076625,-0.8749571205877626,-0.8784308957563461,-0.8823388928210125,-1.0225925652526955,-0.9791703756453622,-0.9822099289178787,-0.840653590797979,-0.7846389662045129,-0.7316638948835633,-0.5731729028167974,-0.6565435068628802,-0.5293164913133972,-0.5770808998814637,-0.480249417057114,-0.5623173554149642,-0.40730013851678165,-0.3473775168586651,-0.3491144044429647,-0.3564961766762145,-0.22709805164634914
2018-09-12,0.0,-0.27953898113773884,-0.5313004294494758,-0.33112582781457917,-0.1693106762727024,-0.2848299397712638,-0.45458152926342,-0.400790116489279,-0.5731871852981896,-0.5396777806192249,-0.6357968624615336,-0.603610197440946,-0.4722180580418258,-0.4021128561476562,-0.3531714887875864,-0.3081983404026484,-0.33906226576485854,-0.2367703988501015,-0.14902866817752608,-0.1984109487570656,-0.2910027248436962,-0.2623433655787868,-0.2971755099161447,-0.3117256461583263,-0.2561705805063544,-0.2984982495745219,-0.36595797215192105,-0.33685769966755785,-0.27424802250421393,-0.19488364300138766,-0.2504387086533596,-0.29761642313559844,-0.34743961693459174,-0.35273057556811666,-0.5088138552570147,-0.43914956658231485,-0.39505824463630035,-0.45458152926342,-0.5092547684764684,-0.5850918422236168,-0.6882655355772972,-0.6785654447491709,-0.6485833458258842,-0.6551970441177863,-0.7411751219125148,-0.6133102882690725,-0.6666607878237437,-0.4316540418514892,-0.48103632243102873,-0.3871218066860048,-0.38844454634439807,-0.45546335570232743,-0.4043174222449569,-0.40652198834225767,-0.3372986128870116,-0.12389661466831059,-0.0992054743785328,-0.015431962681105105,0.19267907690408695,0.05335049955467123,0.11684200315693866,0.13051031296019674,0.3315667410340329,0.25132053509228314,0.1494695813969798,0.16269697798078417,0.2716025431874434,0.20282008095166706,0.18121533319811353,0.2089928660240995,0.11375561062071443,0.20855195280464578,0.2301567005581993,0.3011437288912764,0.30070281567182267
2018-09-19,0.0,-0.2710421881138634,-0.16333161172985836,-0.12316086398007275,-0.16200730136448432,-0.2180697734987742,-0.32357316594049995,-0.384932879536318,-0.23219575072946788,-0.14214264588382589,-0.19688080765274174,-0.21409684240265214,-0.22910569321025112,-0.16774597961444912,-0.17171891071057116,-0.08740448411489396,-0.017657471538363063,-0.030017701615214002,-0.07813431155725976,-0.0759271276149644,-0.10462051886480438,-0.14390839303765254,-0.19070069261432432,-0.1434669562491999,-0.1302238525954276,-0.12492661113391547,-0.15715149669142486,-0.0904945416341107,-0.05606247213430594,-0.040170747749769545,-0.05253097782662048,-0.055621035345837226,-0.024720460153701867,-0.0565039089227586,-0.029576264826761345,-0.05606247213430594,-0.22998856678717253,-0.2604477051908552,-0.2432316704409448,-0.3072400047675109,-0.3293118441904647,-0.2820781078253403,-0.23440293467176326,-0.2507360958447523,-0.3324019017096815,-0.36330247690181683,-0.46130144393973505,-0.5111838010356075,-0.5866694918621032,-0.44276109882445064,-0.548705928054629,-0.46174288072818775,-0.45467989211284887,-0.47807604190117675,-0.342554947844237,-0.28958253322914784,-0.3610952929595215,-0.4198063858245754,-0.44231966203599793,-0.4794003522665508,-0.6294888603426368,-0.7486767932265875,-0.7756044373226009,-0.8237210472646306,-0.8559459328221399,-0.9729266817637953,-0.9234857614563915,-0.9804311071676027,-0.8020906446301453,-0.6665695505732057,-0.8758105883027985,-0.8687475996874595,-0.8705133468413022,-0.7879646673994517,-0.74117236782278
2018-09-26,0.0,-0.3732431329095338,-0.47104001148440416,-0.5159009649591093,-0.3804208854654964,-0.47014279241490675,-0.7110461125740767,-0.5957534621440812,-0.6401658060840295,-0.5221814984455582,-0.45309563009452203,-0.5217328889108177,-0.5226301079803151,-0.6083145291169954,-0.6769517879332909,-0.6657365495646147,-0.8550497732278737,-0.7796833713903722,-0.7729542283691665,-0.7469348753538408,-0.746486265819084,-0.8142263055658985,-0.810637429287909,-0.8810691262431996,-0.902153774376314,-0.9111259650712552,-0.9981562148121896,-1.0353908061961916,-1.1856750003364538,-1.0161005962020717,-0.9452202897120245,-1.1022336268734925,-1.0506435303775816,-1.1152433033811635,-1.0856350740878646,-0.9698938141231123,-1.0394282920089053,-0.9245842511136667,-0.9595757948239334,-0.8335165155600186,-0.8774802499652262,-0.8465261920676733,-1.0161005962020717,-0.9676507664493772,-1.023278348758018,-1.1654875712728365,-1.2390595349713434,-1.2969301649537195,-1.2404053635755976,-1.1771514191762535,-1.1547209424389009,-1.0793545406013996,-1.0268672250359911,-1.0614101592115173,-1.1811889049889834,-1.2489289447357816,-1.2103485247475418,-1.0784573215319022,-1.1933013624271571,-0.990978462256227,-0.8913871455423784,-0.9034996029805521,-0.9151634508839851,-0.9313133941348725,-1.0228297392232775,-1.1417112659312463,-1.130047418027813,-0.9434258515730461,-0.9353508799476026,-0.9447716801772841,-0.9174064985577204,-0.7218127414079961,-0.7500751420970571,-0.7917958288285459,-0.9084343078627793
2018-10-03,0.0,-0.321414588398127,-0.08832072259099062,-0.1506915421526682,-0.26359638340299496,-0.4853087127937673,-0.620976626876822,-0.47574822220401175,-0.6268950258133278,-0.5786373114079515,-0.45753776393782947,-0.49213763464358573,-0.37012756426016785,-0.499421817950052,-0.5558742385752237,-0.6551212361259137,-0.5877425405410426,-0.6173345352235888,-0.6865342766350847,-0.6528449288426409,-0.557240022945184,-0.49031658881696083,-0.5067060012565348,-0.6350897320331066,-0.5554189771185591,-0.6337239476631462,-0.5854662332577698,-0.5262822438926774,-0.583645187431145,-0.5586058073151444,-0.4602693326777667,-0.3578355049304915,-0.33370664772780334,-0.2672384750562281,-0.13066003805986107,-0.13794422136634393,-0.017755196809534336,-0.08877598404763855,-0.1620730785690321,-0.1015233048339794,-0.26587269068626773,-0.2945541624555015,-0.22717546687063042,-0.310488313438411,-0.2462964480501251,-0.3086672676118027,-0.4689193003541934,-0.33507243209776366,-0.3205040654848145,-0.23764648037368188,-0.14887049632604335,-0.18483615140175996,-0.2390122647436423,-0.17709670663862917,-0.14568366612945813,-0.2267202054139825,-0.3387145237509968,-0.36420916532364533,-0.29865151556539915,-0.23992278765695468,-0.3141304050916441,-0.43887204421499926,-0.5754504812113662,-0.6268950258133278,-0.66741329545559,-0.6824369235251871,-0.8636309832736974,-0.8217469292614749,-0.9783568703506489,-1.081245959554572,-0.9505859214947275,-1.0584828867218443,-1.120398444826874,-1.112659000063743,-1.1718429894288356
2018-10-10,0.0,-0.06629983981571899,0.20954620905258625,0.1437303096734889,0.25116508660113057,0.4253836437811128,0.46167917652694246,0.4447412612455553,0.5216877906667212,0.6538035298615376,0.6925187647904225,0.5487884551169336,0.6354137932703208,0.6838078369314269,0.6431568402560907,0.6963902882833075,0.8028571843377411,0.8986773907867455,0.9625575284193916,1.0530543900656637,1.0569259135585487,0.9456196131380044,0.9736881584614601,1.0254697851788297,1.0215982616859445,0.8594782154212388,0.9552984218702256,0.9654611710390684,1.1483906560780464,1.0153070360100043,0.9209386508708473,0.8154396356896392,0.8648015602239711,0.9204547104342433,0.8827073563785663,0.9461035535746259,0.9925618354892809,1.0027245846581239,1.0375682960941062,1.0525704496290595,1.1614570478665485,1.1735555587818252,1.0685404840372212,1.0912856845579446,1.0056282272777832,0.9112598421386261,1.0153070360100043,1.0912856845579446,1.027405546925281,1.160005226556719,1.1692000948523185,1.3226092132580287,1.317769808891918,1.2388875177243184,1.2819582165826924,1.177911022711314,1.2079153297812035,1.1793628440211614,1.167264333105885,1.1827504270774247,1.278570633526429,1.1895255931899866,1.2911530848783097,1.1856540696971016,1.167748273542489,1.325028915441084,1.3753587208486415,1.3540653416377477,1.4140739557775264,1.3579368651306327,1.325512855877688,1.2214656620063098,1.166296452232659,1.2340481133582077,1.2432429816538075
2018-10-17,0.0,-0.09636344925015289,-0.18009673767623752,-0.25073208154407073,-0.2381019207200195,-0.21845500388260838,-0.31481845313276124,-0.29236483388999596,-0.449540168589268,-0.5384190780918268,-0.5299989708757983,-0.4691870854266791,-0.38872828314014884,-0.4429911963101253,-0.5033352980250273,-0.493044055872096,-0.7049500874755616,-0.6595750652558309,-0.7044823037413445,-0.6820286844985961,-0.6272979875943855,-0.6679951724718765,-0.7765209988118292,-0.7989746180545945,-0.754067379569081,-0.7924256457754517,-0.7026111688044417,-0.8504308288192338,-0.9388419545875585,-1.0146229195318488,-1.1072440989081962,-0.9973149213655577,-0.8906602299624904,-0.8756911504673193,-0.7882155921674291,-0.8710133131250793,-0.7433083536819325,-0.7330171115290013,-0.7643586217220122,-0.8438818565400911,-0.8761589342015534,-0.8705455293908623,-0.8808367715437934,-0.9131138492052387,-0.8579153685668109,-0.9173239028132616,-0.9814102744019522,-1.0571912393462253,-1.1413923115065443,-1.1296977181509444,-1.220447762590406,-1.426272605648963,-1.3865109882399236,-1.3065199696876275,-1.3009065648769362,-1.326634670259256,-1.252257056517634,-1.3144722931694217,-1.4272081731174144,-1.4459195224863741,-1.425804821914746,-1.5025213543274705,-1.5142159476830703,-1.6760691197245825,-1.9862097355150865,-1.8482135339190087,-1.6559544191529372,-1.8121941863837576,-1.7696258665693811,-1.8388578592345286,-2.1574185822410614,-2.303367107318951,-2.1859533900287356,-2.1948412809789812,-2.284187974215774
2018-10-24,0.0,-0.1804799501855808,-0.15226475581694796,-0.35512227395007856,-0.4679830514246276,-0.48452299295105905,-0.42906554195064645,-0.5944649572150666,-0.5944649572150666,-0.6163560562941811,-0.5696550449253929,-0.5813302977675944,-0.5054411542933204,-0.656732972373433,-0.7146227677159694,-0.6139237119520572,-0.8172676989536056,-0.952019575507269,-0.798781881953468,-0.9121291282964347,-1.0361786897447498,-1.0283951878499429,-1.0945549539557218,-1.0264493123762546,-0.9383984471913613,-0.8965621245068387,-0.9758565500600719,-1.043962191639539,-0.9077509084806047,-0.8941297801647149,-0.9199126301912238,-0.8561852084275867,-0.8542393329538807,-0.7856472225059958,-0.7126768922422809,-0.7117039545054279,-0.7224062696107763,-0.7355409290582484,-0.8211594499010001,-0.7939171932692203,-0.8741845565593065,-0.8060789149798395,-0.7807825338217481,-0.7705666875848174,-0.8182406366904587,-0.9203990990596593,-0.9383984471913613,-0.8269970763221008,-0.8420776112432615,-0.722892738479194,-0.5536015722673793,-0.6246260270573878,-0.5886273307939659,-0.6606247233208276,-0.6163560562941811,-0.8323482338747662,-0.8741845565593065,-1.0979602360346985,-1.366004582536737,-1.1441747785350513,-1.2735754975360316,-1.4112461873002367,-1.407354436352842,-1.2190909842724544,-1.4360560995899103,-1.2249286106935553,-0.9559113264546636,-1.0103958397182409,-0.6956504818474142,-0.6703541006893229,-0.7155957054528225,-0.6163560562941811,-0.3590140248974732,-0.4636048316087976,-0.3522034607395194
2018-10-31,0.0,0.09843724747908666,-0.051422442712950135,0.14545205224520538,0.18169263091910118,0.004407637946831424,-0.1625928664828376,-0.26103011396192427,-0.7953337806269514,-0.6763275560626989,-0.6298024888462203,-0.7747648035417678,-0.6258845884490466,-0.895240240754976,-0.8252077711554378,-0.7228526232791777,-0.6533098912292796,-0.5994387607680938,-0.6586970042754089,-0.5715237204382029,-0.6180487876546816,-0.6547791038782175,-0.6009079734170316,-0.500022038189727,-0.4001155780617025,-0.24927641277038567,-0.23801244912850492,-0.2644582768094578,-0.3707313250828739,-0.20128213290496913,-0.12733176290825748,-0.2336048111816735,-0.11900622456425246,-0.20520003330214268,-0.08766302138682812,0.09158092178401951,0.20471029575252048,0.27474276535205855,0.1317394008550889,0.08031695814213877,0.23262533608239344,0.35163156064666373,0.29678095508618,0.4642711970655069,0.33742917170688946,0.2987399052847579,0.20617950840145838,0.3104936064762965,0.32812415826358654,0.44713038282785683,0.4094205915050232,0.48875807454786413,0.5117757393812655,0.6973862706975403,0.6180487876546995,0.6880812572542374,0.8580201869818002,0.8996478787018073,0.9892698502872311,1.0984813238585585,1.0627304827343027,1.1317834772345607,1.0215925285639533,1.2037748970326945,1.3330656101395297,1.357062750072247,1.4261157445724872,1.359511437820483,1.4354207580157903,1.4961482141720253,1.7370990885984237,1.7571783281339675,1.742975939194193,1.7488527897899624,1.6812690079386599
2018-11-14,0.0,0.021156757468335386,0.12317934348231166,0.02867916012375379,-0.008462702987330734,-0.16690330891686805,-0.3389782696593224,-0.3417991706551107,-0.4776725686184099,-0.5322099878701292,-0.6422251267054628,-0.5467846430149755,-0.5533667453384645,-0.5806354549643156,-0.6826580409782919,-0.6276504715606165,-0.6003817619347653,-0.5129338310656355,-0.40291869223030174,-0.3281648158421766,-0.37941118393215134,-0.2595228916115842,-0.2740975467564306,-0.21156757468335385,-0.35872457662977214,-0.295254304224766,-0.37988133409810754,-0.3121797101994275,-0.25670199061579585,-0.2576422909477253,-0.2548213899519541,-0.17818691289997,-0.2548213899519541,-0.2233213288324291,-0.12317934348231166,-0.1260002444780829,-0.19276156804483352,-0.1842988650575028,-0.09261958269471611,-0.09214943252874284,-0.14433610095064706,-0.24259748563690559,-0.25905274144561086,-0.24729898729653568,-0.2882020517353208,-0.288672201901277,-0.37659028293636304,-0.3563738257999571,-0.32581406501236154,-0.36765742978307614,-0.35261262447225644,-0.340388720157208,-0.541142841023416,-0.47955316928226877,-0.37376938194059184,-0.4330083028519241,-0.4466426576648582,-0.6135459665817262,-0.6478669286970223,-0.7997254323030709,-0.7188596037574299,-0.8796509605167823,-0.7842104768262949,-0.9116211718022633,-0.8589643532144201,-0.7743373233410786,-0.5712324516450554,-0.6111952157519112,-0.588157857619717,-0.4480531081627438,-0.43770980451155417,-0.5096427799038911,-0.5105830802358204,-0.5975608609389771,-0.6309415227223609
2018-11-21,0.0,-0.22209831364593335,-0.03092508164691139,-0.16540233062662138,-0.38375214952746217,-0.4591906062721688,-0.44607087466439593,-0.4587220444290408,-0.5393146814482411,-0.5866394276048558,-0.60819327238907,-0.6555180185456845,-0.6381812303496911,-0.8035835609762954,-0.8893303782699896,-0.9399350573285516,-0.9169755270149365,-0.8916731874856639,-0.9141641559561341,-0.8598109821524794,-0.8246688439173644,-0.9108842230541866,-0.8527825545054564,-0.9399350573285516,-0.9155698414855352,-0.9558661599951269,-0.9155698414855352,-0.9947567929753345,-0.9413407428579528,-0.8958902440738674,-0.9361865625834761,-0.8279487768193119,-0.79374376227047,-0.8321658334075324,-0.8752735229759435,-0.8907360637993907,-0.8059263701919697,-0.7145568107806709,-0.7422019595256348,-0.6203758803105696,-0.6503638382712078,-0.7356420937217398,-0.7468875779569834,-0.7665671753686513,-0.7473561398001115,-0.8110805504664635,-0.7379849029374141,-0.7482932634863846,-0.829354462348713,-0.807800617564516,-0.793275200427342,-0.8284173386624569,-0.8256059676036376,-0.8410685084270847,-0.7211166765845658,-0.7056541357611186,-0.5964792263106983,-0.6339641737614875,-0.6761347396436255,-0.5707083249382806,-0.47137321419368555,-0.4802758892132377,-0.5688340775657343,-0.5046411050562543,-0.35844980999817255,-0.43295114305662313,-0.47277889972308673,-0.5486859183109385,-0.6245929368987901,-0.5927307315656056,-0.6498952764280628,-0.6484895908986615,-0.6620778843495795,-0.7614129950941575,-0.6644206935652538
2018-11-28,0.0,0.11205789657989962,0.1340025679934667,0.10038519901949342,0.1013190148243293,0.09664993580016681,0.1736897396988478,0.2502626356951023,0.21664526672114606,0.2161783588187196,0.2404575697443679,0.194700595307579,0.2558655305241007,0.24886191198785698,0.1727559238940119,0.10458737014124643,0.14053927862728396,0.1573479631142791,0.117660791408898,0.16575230535776816,0.17322283179642137,0.16481848955293227,0.2287848721839617,0.20123730594139624,0.21057546398972124,0.21150927979455714,0.2848138204739115,0.2964865180343177,0.2539978989144459,0.2535309910120195,0.2413913855492038,0.2740749387183412,0.2885490836932381,0.3156297420333771,0.31609664993580355,0.31422901832613176,0.3371075055445347,0.38800046690789564,0.44076105988094527,0.41975020427221404,0.35998599276292076,0.407143690906972,0.42488619119878607,0.4136804015407893,0.36652270339675497,0.28714835998599275,0.3137621104237223,0.29788724174156306,0.39967316446830187,0.2941519785222365,0.25072954359752875,0.2297186879887976,0.24092447764677738,0.24932881989028344,0.2969534259367272,0.3170304657406395,0.30582467608264274,0.3375744134469442,0.19750204272206967,0.22458270106220868,0.1494105287731995,0.18162717403992742,0.23765612232987723,0.23812303023228668,0.2880821757908286,0.33057079491070046,0.34691257149526916,0.31983191315513015,0.28201237305942084,0.24932881989028344,0.30862612349713336,0.17322283179642137,0.19890276642931504,0.15361269989495252,0.09104704097116845
2018-12-05,0.0,-0.15526156490719972,-0.13169507737663405,-0.1945390441247923,-0.2703214746151962,-0.28788081826542755,-0.18344893234570062,-0.16496541271389234,-0.2449066351214598,-0.3068264258880243,-0.29435005013655036,-0.19176651618001098,-0.18298684435491214,-0.19222860417081628,-0.15618574088879347,-0.16866211664025063,-0.22503685151726927,-0.22549893950807456,-0.25230004297419323,-0.19777366006036215,-0.19684948407876837,-0.23982366722271925,-0.24629289909385887,-0.33686214528971276,-0.2874187302746222,-0.3123714817775701,-0.30128136999847843,-0.23243025937000264,-0.21302256375660059,-0.2693972986336193,-0.2647764187256672,-0.30636433789723583,-0.31283356976835863,-0.27124565059678996,-0.2527621309649817,-0.26754894667043166,-0.23381652334238495,-0.21394673973819436,-0.15618574088879347,-0.15572365289798817,-0.13492969331220386,-0.1372401332661799,-0.17975222841934232,-0.19962201202353286,-0.208863771839437,-0.23335443535157963,-0.2365890512871494,-0.22780937946205057,-0.2282714674528391,-0.28279785036667016,-0.2643143307348619,-0.23566487530555566,-0.2749423545231483,-0.25507257091895774,-0.2647764187256672,-0.26154180279009737,-0.3544214889399273,-0.38076050441525744,-0.2818736743850764,-0.2527621309649817,-0.31560609771313997,-0.2832599383574755,-0.28788081826542755,-0.34194511318845333,-0.2606176268085036,-0.3548835769307326,-0.385843472313998,-0.47548854252827494,-0.5914726282178653,-0.540180861239604,-0.3590423688478794,-0.33640005729892425,-0.33408961734494824,-0.3576561048754971,-0.27124565059678996
2018-12-12,0.0,0.13598761001775048,0.31730442337474546,0.2672534280209956,0.41221244286631314,0.39238091640538725,0.4381822989460925,0.5425339024666538,0.5656706833377368,0.5496165904884118,0.4877611150983987,0.48728893589693784,0.43771011974463175,0.5302572432289467,0.7054357269670882,0.6969365013409821,0.7899558040267407,0.7654024855513095,0.720073282212065,0.6421637139727269,0.6209156499074528,0.5784195217769047,0.650662939598833,0.6516072980017376,0.6756884372757079,0.7290446870396149,0.7281003286367104,0.7701242775658148,0.6874929173119713,0.7035470101612964,0.716295848600447,0.6860763797076231,0.7384882710686256,0.7328221206512158,0.7375439126657211,0.6997695765496783,0.7016582933554874,0.6572734484191303,0.6383862803611089,0.6364975635553171,0.5831413137914101,0.6539681940089902,0.6511351188002767,0.6086389906697286,0.5042873871491673,0.4943716239186958,0.5831413137914101,0.5633097873304842,0.5250632720129806,0.48067842707664066,0.5014543119404539,0.4929550863143477,0.5949457938276734,0.5869187474030109,0.666717032448141,0.7724851735730676,0.8116760472934584,0.7705964567672585,0.8437842329920915,0.9028066331734083,0.8867525403241002,0.9476636573112089,0.9429418652967037,0.9240546972386823,0.9486080157141135,1.020379254334598,1.102538435386998,1.2404147622105404,1.2106674725191602,1.2441921958221585,1.375930193026847,1.3452385449325623,1.355154308163034,1.4840592301590265,1.4873644845691836
2018-12-19,0.0,0.17748420710761542,0.16787810311466822,0.17336730539634995,0.10612457744578602,0.1097840456335683,0.14271925932364213,0.12991112066639582,0.19852614918737604,0.23146136287744984,0.268056044755306,0.25113100438679414,0.24792896972247844,0.20264305089864149,0.18434570995971344,0.21270658841503862,0.28452365160033455,0.2493012702928947,0.20401535146905778,0.1857180105301297,0.12213475076734807,0.07776369899044422,0.14363412637059186,0.11710298200914952,0.04208388415953784,0.036594681877856104,0.08416776831907569,0.1052097103988363,0.096975906976322,0.1431766928471253,0.17016527073203422,0.13768749056544358,0.1459212939879579,0.19029234576486173,0.24838640324596162,0.203100484422108,0.1751970394902494,0.23008906230703358,0.23008906230703358,0.2561627731449927,0.23786543220606468,0.20996198727420606,0.2634817095205739,0.2849810851238177,0.29138515445243257,0.3073953277739946,0.30053382492189656,0.3069378942505281,0.3577130153560467,0.3769252233419245,0.3266075357598724,0.372808321630659,0.3970522983747521,0.4199239745484121,0.4304449455882924,0.4249557433066107,0.46338015927836623,0.4240408762596609,0.36686168582551076,0.3485643448865827,0.3929353966634866,0.3595427494499462,0.36869141991941023,0.352223813074365,0.39476513075738606,0.3965948648512688,0.47893289907644504,0.4295300785413426,0.4418807836751224,0.40254150065641714,0.3920205296165369,0.40757326941463234,0.33301160508850386,0.30556559368011177,0.27171551294308827
2018-12-26,0.0,-0.4028978557559893,-0.4000771006398516,-0.45884283222619715,-0.5378239754782423,-0.6055220982657193,-0.786990677404348,-0.7432689731041102,-0.8626809396875543,-0.7512611125998566,-0.716941925353417,-0.7851101739935781,-0.8970001269339939,-0.9214466712738999,-0.9002910079028155,-0.8307123817045857,-0.7197626804695719,-0.6943758844242637,-0.6962563878350336,-0.7540818677159944,-0.6971966395404187,-0.6614670747359103,-0.541584982299765,-0.5923585743903643,-0.5787249246623424,-0.6407815372175268,-0.6017610914441796,-0.5608601422600967,-0.5185488155179278,-0.50162428482105,-0.6135142377614488,-0.5387642271836273,-0.5467563666793738,-0.5486368700901265,-0.47529723707037397,-0.38550319920642756,-0.34507237587502854,-0.2590393448326219,-0.3845629475010597,-0.19322172545591482,-0.21813839564852194,-0.2919481545209755,-0.3511840119600051,-0.3290880968835357,-0.3511840119600051,-0.34366199831695965,-0.22989154196579106,-0.13116511290073035,-0.20027361324627627,-0.09214466712740026,-0.09543554809623904,0.034319187246422446,0.1579622865040903,0.09590567394890585,0.27784437894023545,0.3775110597106811,0.6826227381069775,0.7362170853137316,0.6558255645036175,0.5980000846226398,0.6722799693477943,0.9092233991039298,0.8678523240671459,0.8025048305431227,1.0093602057270594,0.9369608244126918,1.0070095764636056,0.9505944741407137,0.9430724604976684,0.9520048516987998,0.8246007456195921,0.7954529427527612,0.8311825075572696,0.8922988684070691,0.9444828380557373
2019-01-02,0.0,0.0013800908099719492,0.07360484319868246,-0.010120665939822186,-0.09706638696827255,-0.20471347014633562,-0.15963050368714596,-0.09890650804822956,-0.02392157403957515,0.03726245186932631,0.020701362149629445,-0.06900454049876481,-0.024381604309560222,0.16193065503710477,0.1577903826071722,0.14674965612736313,0.10626699236809113,0.030361997819449826,0.05290348104905302,0.1265083242477355,0.10902717398805176,0.07544496427863949,0.07544496427863949,0.06486426806883223,0.033122179439410454,0.05704375347896887,0.08004526697855714,0.05612369293899873,0.07176472211870871,0.07636502481862636,0.06808447995877794,0.005520363239904532,0.018401210799670616,0.04600302699917654,0.028061846469491,0.042322784839245765,0.04048266375927201,0.01886124106965569,-0.15319007990725456,-0.2617572236253212,-0.2815385252349638,-0.2787783436150199,-0.5377753856203805,-0.6799247390478259,-0.5630770504699276,-0.5235144472506257,-0.5856185336995141,-0.5267346591405714,-0.5764179282996788,-0.6086200471991023,-0.690965465527635,-0.6550831044682807,-0.7526095217065383,-0.8956789356739707,-0.9748041421125576,-1.0309278350515565,-1.0175869572217884,-0.9462822653730649,-1.1749173095589756,-1.0438086826113226,-0.9959655345321722,-1.0286276837015975,-0.9959655345321722,-0.9706638696826251,-0.8105733357254942,-0.6776245876978672,-0.6458824990684454,-0.7935522157357954,-0.6215008947588851,-0.6127603196290349,-0.5543364753400774,-0.664283709868116,-0.7199473725371129,-0.6776245876978672,-0.7691706114262352
2019-01-09,0.0,-0.0764103697157099,-0.049252467226399,-0.08193401089998192,-0.026697599057295227,0.004142730888208201,-0.023935778465167586,-0.06720430107526212,-0.008285461776399656,-0.0009206068640481276,0.024856385329215712,-0.0704264250994222,-0.04971277065841469,-0.1252025335100932,-0.08653704522020582,-0.023015171601119457,-0.07180733539548602,-0.09758432758874985,-0.10586978936514951,-0.1468367948151321,-0.13532920901457238,-0.20851745470613897,-0.18181985564884373,-0.21266018559434716,-0.17721682132861982,-0.24442112240388195,-0.2586905287965861,-0.22600898512298637,-0.20759684784209081,-0.22600898512298637,-0.2458020326999458,-0.2402783915156905,-0.2504050670201696,-0.20759684784209081,-0.23935778465164237,-0.28953085874207274,-0.2540874944763622,-0.217263219914571,-0.2798644866696093,-0.37054426277802327,-0.3107048166151127,-0.24350051553983385,-0.19839077920164302,-0.12474223007806076,-0.12842465753423654,-0.14637649138311642,-0.1657092355280601,-0.09390190013255735,-0.10725069966121333,-0.07548976285166178,-0.06674399764324643,-0.041427308882015026,-0.022554868169087024,-0.020253351008975077,-0.13532920901457238,-0.22232655766681064,-0.34891000147296763,-0.6909154514655995,-0.805531006039181,-0.8801001620268114,-0.58504566210045,-0.5514435115628189,-0.6389011636470728,-0.5753792900279864,-0.6563926940639202,-0.5781411106201141,-0.4207173368684537,-0.38895640005891885,-0.2315326263072584,-0.25961113566061744,-0.09942554131682937,-0.05339519811459045,-0.01887244071291126,-0.04004639858595121,-0.060760053026958714
2019-01-16,0.0,-0.03302858348662906,0.18670324276467928,0.19496038863633236,0.22523659016574926,0.15642704123527904,0.17294133297858522,0.1284444913368778,0.1527571986256406,0.18807943374328534,0.2128508713582613,0.16376672645452253,0.11743496350801258,0.03119366218180984,0.07981907675935215,0.026147628593582033,0.007339685219260172,0.08578257099998958,0.06559843664704497,0.08624130132618604,0.03578096544384119,-0.0091746065240627,-0.03440477446523512,-0.10413178404811496,-0.10275559306949222,-0.171106411673766,-0.09954448078608362,-0.06238732436361968,0.028900010550794168,0.037615886748660406,0.0458730326203135,0.05091906620855799,0.06559843664704497,0.10229686274329576,0.12706830035827174,0.11238892991976807,0.08578257099998958,0.05825875142780148,0.07247939154009199,0.03807461707485687,0.12385718807484643,0.16055561417109723,0.16651910841173467,0.19541911896254552,0.16560164775934175,0.15963815351868763,0.16055561417109723,0.08303018904277745,0.0825714587165643,0.0743143128449112,0.14404132242779108,0.11697623318179942,0.058717481753997935,-0.011468258155078376,0.03899207772726647,-0.046790493272723103,-0.11376512089837412,-0.019266673700535007,-0.11284766024596453,-0.14450005275398753,-0.091746065240627,-0.09633336850265835,-0.05825875142780148,0.005963494240637417,-0.03348731381282551,0.07156193088769908,0.008257145871653092,0.01330317945989759,-0.10321432339570537,-0.05596509979678581,-0.019725404026731466,-0.0683508186042571,-0.058717481753997935,-0.11605877252938981,-0.0876174923047921
2019-01-23,0.0,0.00045741259989746084,0.038422658390554684,0.04894314818796331,-0.009605664597630351,-0.12029951377040299,-0.012807552796846014,-0.061293288384911875,-0.04665608518850929,-0.06037846318513359,-0.11526797517163077,-0.14591461936409503,-0.11526797517163077,-0.08782321917838218,-0.08279168057962659,-0.07227119078221797,-0.09422699557681351,-0.15414804616206626,-0.12395881456949949,-0.17610385095667846,-0.20995238334834176,-0.11572538777152824,-0.15872217216094103,-0.1742742005571219,-0.1482016823635324,-0.08736580657850136,-0.03796524579065722,-0.07638790418119526,-0.037507833190759766,-0.0416245465897537,-0.0663248269836841,-0.07455825378165536,-0.05305986158694062,-0.07821755458075183,-0.03659300799099812,0.011435314997186913,0.032018881992123355,0.027444755993248596,0.07410084118177453,0.10840678617333527,0.05077279858751988,0.00045741259989746084,0.006403776398431328,-0.0178390913956016,0.006403776398431328,-0.02698734339335113,0.016009440996061677,-0.026072518193572848,-0.02561510559369203,-0.04391160958919109,-0.0567191623860371,-0.10200300977490394,-0.14362755636465765,-0.12258657676984037,-0.1857095155543088,-0.16512594855937235,-0.09971594677546655,-0.05900622538547449,-0.03933748359031632,-0.07501566638153617,-0.03796524579065722,-0.1614666477602759,-0.25066210473833384,-0.37462091930783326,-0.4423179840911765,-0.5484377072650743,-0.504983510275764,-0.5068131606753207,-0.5434061686663187,-0.6010401562521341,-0.616592184648315,-0.8896675067811418,-0.9541626833652694,-0.939068067568986,-0.988926040956711
2019-01-30,0.0,-0.13081361395968139,-0.0023359573921371674,-0.06961153028569439,-0.02990025461936254,-0.20042514424537575,-0.25882407904880494,-0.21257212268448225,-0.24247237730384477,-0.20556425050807073,-0.18080310215142015,-0.1943516550258055,-0.15744352823004848,-0.2359316966058539,-0.34899203438529625,-0.4139316498866992,-0.5148450092270351,-0.7068607068607035,-0.6484617720572743,-0.5606297741129201,-0.5821205821205753,-0.5900628372538451,-0.5998738583008314,-0.6704197715433671,-0.6788292181550575,-0.591464411689124,-0.6129552196967961,-0.4994276904389332,-0.563432922983478,-0.5480156041953761,-0.5106402859211814,-0.5587610081992036,-0.5895956457754244,-0.6274381555280398,-0.6545352612768275,-0.5905300287322828,-0.6227662407437654,-0.6031441986498098,-0.6358476021397301,-0.5821205821205753,-0.558293816720783,-0.549417178630655,-0.44943820224719444,-0.5143778177485975,-0.4279473942395222,-0.3419841622088847,-0.290593099581867,-0.2779789296643229,-0.34665607699315903,-0.4087925436240043,-0.35973743838912375,-0.4008502884907345,-0.42140671354154835,-0.5064355626153447,-0.4260786283258228,-0.42140671354154835,-0.47933845686654,-0.42374267093368556,-0.26676633418205775,-0.3475904599500173,-0.34245135368730534,-0.21023616529234507,-0.22425190964516806,-0.1242729332616905,-0.14202620944194658,-0.29806816323669916,-0.5363358172346903,-0.7680627905347075,-0.7540470461818845,-0.7306874722605128,-0.5741783269873225,-0.44943820224719444,-0.4480366278119155,-0.37375318274194674,-0.3690812679576725
2019-02-06,0.0,0.10989411861268271,0.4217927789076251,0.41814484136031926,0.33013834803147174,0.3191945353895541,0.299130878879347,0.4053770599447237,0.4304566305824745,0.42498472426152395,0.3761935595662602,0.33150632461172597,0.2548996361182197,0.2138603387109913,0.20838843239004082,0.1463734940857746,0.1828528695588665,0.23346800302779147,0.17008508814328765,0.23574796399485973,0.2175082762583138,0.2868190896571751,0.3118986602949258,0.2909230193979046,0.2667554331469845,0.35749787963629065,0.37254562201895436,0.3825774502740414,0.3625137937638508,0.313722629068587,0.3538499420889848,0.39944916143034964,0.3967132082698744,0.4236167476812698,0.4459603651585452,0.47559985773043234,0.46009612315436166,0.5097992722364559,0.5932458436311504,0.5750061558946045,0.6265332737503434,0.6174134298820705,0.6228853362030375,0.5745501637011975,0.5604144057053643,0.579110085635334,0.6320051800713106,0.7195556812067344,0.6744124540587765,0.6406690317461765,0.603277671886254,0.6516128443880941,0.6771484072192684,0.6087495782072211,0.7104358373384614,0.8107541198894641,0.82899380762601,0.7947943931199865,0.832641745173316,0.8440415500086572,0.8148580496301936,0.7692588302888288,0.8102981276960571,0.7505631503588592,0.786586533638544,0.7879545102187817,0.7605949786139629,0.7473712050049603,0.8139460652433631,0.8677531440661702,0.8978486288314644,0.8390256358811138,0.8759610035476126,0.8750490191607819,0.9511997154608647
2019-02-13,0.0,0.12096904020497082,0.05013545772753658,-0.01241887484992521,-0.07589312408295809,-0.09705120716062457,-0.12464870682715479,-0.04369604113867284,-0.0883119989328833,-0.18076362281576955,-0.16098541472142625,-0.23549866382104445,-0.21940012234890183,-0.1402872899715286,-0.12280887351604608,-0.09337154053842388,-0.10947008201056652,-0.07497320742740374,-0.07451324909961819,-0.05749479097193795,-0.1274084567938011,-0.05427508267750608,0.02805745799431576,-0.028517416322067838,-0.07221345746074068,-0.06623399919966248,-0.10441054040502593,-0.10947008201056652,-0.1154495402716447,-0.14718666488816115,-0.13798749833265106,-0.14258708161040612,-0.0883119989328833,-0.09153170722731517,-0.16190533137696386,-0.14350699826594374,-0.13430783171043367,-0.12096904020495408,-0.11820929023829103,-0.12556862348270914,-0.08279249899959064,-0.09659124883285575,-0.04875558274419669,-0.06853379083854,-0.15684578977144004,-0.13982733164374306,-0.11820929023829103,-0.12832837344935547,-0.12326883184383161,-0.09613129050507022,-0.09383149886619269,-0.11176987364944402,-0.24055820542658504,-0.23319887218216695,-0.3159913711817576,-0.28333432990970353,-0.3201309961317438,-0.302652579676278,-0.1577657064269944,-0.1149895819438759,-0.1407472482992974,-0.2911536214818904,-0.24055820542658504,-0.21020095579339176,-0.2322789555266293,-0.41626228663683074,-0.33484966262056326,-0.36842662054817166,-0.36060732897598474,-0.3946442452313787,-0.43926020302560587,-0.6715391585522352,-0.7547916158795946,-0.7989476153460363,-0.8605820312679604
2019-02-20,0.0,0.048801317635565916,0.19004359271546484,0.2008361918079446,0.32987813747893924,0.33691678906099354,0.3172085646312382,0.26277632573002546,0.279199846088152,0.1487501701007329,0.14546546602912125,0.1426500053962893,0.22101365967649675,0.2036516524407595,0.16235822982604461,0.1830049411334106,0.21303652121683184,0.14311924883510316,0.2318062587689765,0.24494507505547436,0.25479918727036055,0.23884491035103075,0.26559178636284037,0.2444758316166776,0.18769737552144677,0.0976026352711489,0.13608059725304888,0.156258065121601,0.15907352575441588,0.16658142077528398,0.17362007235733826,0.14687319634552867,0.012669572847683998,0.011731085970090423,0.029093093205810588,0.04551661356393718,0.005161677826832957,0.0530245085848053,0.03566250134906805,0.007507895020851042,0.07273273301456062,0.14358849227389994,0.21303652121683184,0.1806587239393925,0.20459013931837014,0.20693635651238823,0.0816483583518191,0.12904194567099464,0.20224392212435205,0.1933282967870765,0.20740559995118502,0.1731508289185244,0.09994885246516698,0.14311924883510316,0.15015790041715743,0.1783125067453744,0.28576925423139243,0.26324556916882225,0.30782369585516584,0.0736712198921542,-0.07179424613696704,0.06475559455489571,0.053962995462415946,0.015015790041702084,0.14171151851867866,0.1670506642140808,0.16329671670365528,0.1726815854797276,0.21303652121683184,0.35474803973552754,0.5659075871971552,0.7869212468736518,0.7606436143006562,0.8033447672317784,0.8540230586225828
2019-02-27,0.0,0.1056868727713855,0.18288424070874199,0.2306730875270976,0.20310259897804048,0.25502701907877806,0.2642171819284638,0.277542918060498,0.28259750762783514,0.33038635444619074,0.34968569643053404,0.33268389515861213,0.3133845531742689,0.3009778333272065,0.2798404587729194,0.3069514391794989,0.37541815240964727,0.4062051979560977,0.44893945520713285,0.4714553541888695,0.47283387861631904,0.5197037091497194,0.4691578134764481,0.4052861816711258,0.4121788038083901,0.10384884020144167,0.037220159541220384,-0.1989670256957087,-0.15669227658715115,-0.34141454986583697,-0.3087894717494427,-0.1879388302760792,-0.3313053707311794,-0.49443076131310043,-0.8868507149946697,-0.9516413630849638,-1.0867367569753337,-0.7660000735213061,-0.818843509906999,-0.7774877770834132,-0.9364775943829858,-0.9484248060875704,-0.8624967834430058,-0.8914457964195125,-0.9272874315333002,-0.9516413630849638,-0.7264823732676643,-0.8505495717384212,-0.8859316987097144,-0.8565231775907135,-1.0173510274602133,-0.9337205455280699,-0.6731794287394772,-0.6359592691982568,-0.601955666654413,-0.6442304157629707,-0.5486527221262427,-0.6037936992243569,-0.509135021872601,-0.4181524096606991,-0.5440576407013998,-0.6906407381538934,-0.6414733669080716,-0.6180384516413631,-0.6354997610557792,-0.8666323567253711,-0.8096533470573132,-0.8128699040547065,-0.7600264676690137,-0.7995441679226556,-0.634121236628313,-0.6051722236518065,-0.6672058228871849,-0.69385729515127,-0.7402676175421928
2019-03-06,0.0,0.006349292734131607,0.14558021197566653,0.20317736749252496,0.059864760064766084,0.09569291192169756,0.049887300053968985,0.024490129117393056,0.08027320099593521,0.15646471380563,0.11836895740077436,0.12335768740618115,0.06122532279350739,-0.08707601463965826,-0.20635201385959898,-0.05578307187852566,-0.09796051646962173,-0.017233794564095076,0.004081688186223927,0.0036281672766489905,0.07210982462345436,0.07709855462886117,0.08072672190551015,0.07709855462886117,0.08435488918215915,0.060771801883915955,0.08072672190551015,0.09342530737378986,0.1301605010499042,0.1365097937840358,0.11700839467203306,0.0888900982779745,0.09523939101212262,0.11791543649119943,0.13787035651277713,0.12607881286366376,0.1251717710444974,0.17732667564637408,0.17369850836972509,0.1968280747583768,0.15102246289064827,0.17052386200265104,0.2077125765883403,0.19592103293922694,0.15283654652898102,0.07664503371926973,0.029932380032374792,0.11610135285286668,0.18685061474759623,0.13333514741696176,0.0562365927881006,-0.0013605627287413089,-0.011791543649129842,0.04671265368689493,0.0839013682725842,0.029932380032374792,-0.08299432645341782,0.005895771824556671,0.006349292734131607,0.036281672766522895,0.06213236461267376,0.0839013682725842,0.1297069801403128,0.1850365311092635,0.224039329333269,0.1265323337732387,0.16054640199185394,0.20816609749791526,0.20181680476378364,0.18594357292842986,0.3215463248932993,0.26077452300938336,0.2340167893440661,0.21451539023206334,0.2943350703184071
2019-03-13,0.0,-0.3474245554554957,-0.2754675001324427,-0.2352951563631355,-0.08520068513712856,-0.05253306492910885,-0.08431777648285471,0.08608359379138633,0.08475923080996754,-0.03178471155374586,-0.08740795677280512,-0.09226395437128716,-0.22205152654907606,-0.27193586551536336,-0.19997881019231034,-0.23838533665306985,-0.29400858187212914,-0.2564849640656274,-0.2110151683706932,-0.17084282460136993,-0.15936501209585818,-0.1990959015380365,-0.19512281259381226,-0.15980646642298707,-0.15230174286168352,-0.09756140629691415,-0.11610248803660056,-0.11963412265367987,-0.08475923080998361,-0.06842542070597375,-0.09270540869841605,-0.05783051685473584,-0.09270540869841605,-0.14038247602904289,-0.1801133654712212,-0.11345376207377905,-0.12007557698080877,-0.11212939909237632,-0.18894245201392748,-0.20086171884656812,-0.16024792075013203,-0.15892355776871323,-0.12978757217778888,-0.17923045681694735,-0.1690770072928383,-0.18585227172397706,-0.19953735586516538,-0.11566103370945563,-0.10285885822254114,-0.13199484381346546,-0.10109304091399346,-0.037965072133646686,0.03443343751655133,0.03884798078790447,0.12713884621496738,0.08255195917429096,0.1708428246013539,0.16731118998427458,0.10330031254965397,0.06754251205169992,0.08740795677278906,0.10992212745668367,0.08475923080996754,-0.03178471155374586,0.09402977167981878,0.04149670675070993,-0.005738906252771937,0.19070826932244303,0.14170683901042955,0.17614027652698086,0.10992212745668367,0.09800286062402698,0.11698539669085836,0.17525736787270704,0.22028570924051233
2019-03-20,0.0,-0.1934738290937925,-0.19650362060085722,-0.2501742130116686,-0.31509831673441674,-0.2627262063980571,-0.17399659797696806,-0.10344573859825161,-0.085266989555879,-0.0636256216482963,-0.15841481308351482,-0.23978635641602264,-0.1540865395019983,-0.06146148485753802,-0.0753119603183941,-0.04631252732223013,-0.010387856595645995,-0.04761100939668194,-0.10387856595639695,-0.10777401217976815,-0.09435636407707318,-0.11729621405910769,-0.09349070936076673,-0.053237765052666045,-0.0432827358151654,-0.09349070936076673,-0.11686338670094658,-0.11816186877541414,-0.12941538008735085,-0.08786395370479837,-0.12422145178952784,-0.13460930838517385,-0.13590779045962567,-0.12984820744549622,-0.1947723111682443,-0.24757724886274923,-0.28826302052901104,-0.2345924281181996,-0.3575153978332757,-0.3943057232761663,-0.34799319595393613,-0.28263626487304266,-0.30774025164583546,-0.23589091019265143,-0.22939849982037663,-0.2229060894481018,-0.22853284510408592,-0.21424954228506876,-0.2683529620540255,-0.2956210856175923,-0.2566666233839434,-0.28826302052901104,-0.2835019195893334,-0.2982180497664959,-0.30947156107843266,-0.23762221962526434,-0.22983132717853774,-0.16577287817209607,-0.18525010928892052,-0.1796233536329364,-0.11123663104497822,-0.12032600556617241,-0.11902752349170484,-0.16577287817209607,-0.16447439609762854,-0.19433948381009897,-0.2709499262029449,-0.18308597249816225,-0.25060704036981396,-0.20083189418237377,-0.20083189418237377,-0.25363683187687874,-0.27744233657521966,-0.23589091019265143,-0.3003821865572542
2019-03-27,0.0,0.04943003698579891,-0.006503952234974786,-0.023847824861574215,-0.04335968156649857,-0.21549761738550105,-0.21723200464816733,-0.1326806255934951,-0.08932094402699653,-0.05116442424848094,-0.13614940011881183,-0.14091896509112037,-0.06590671598108098,-0.019945453520598806,0.023847824861574215,0.01821106625791678,-0.04639485927615663,-0.009105533128974165,0.07414505547870624,0.06287153827142293,0.10926639754756377,0.06894189369072327,0.025582212124224693,0.0468284560918153,0.09148892810530568,0.05636758603644814,0.0698090873220564,-0.040758100672514966,-0.16780196766235264,-0.140051771459803,-0.10276244531260477,-0.1426533523537866,-0.1530596759297526,-0.19988813202156788,-0.19468497023358491,-0.15956362816472738,-0.170403548556352,-0.16736837084669395,0.07978181408234791,-0.022113437598923737,-0.0073711458663079125,-0.008671936313299714,0.06677390961239835,0.07371145866304757,0.06720750642807279,-0.02558221212424047,-0.022547034414582414,-0.08151620134502993,-0.030351777096549,0.00910553312895839,0.004769564972308534,0.006070355419300335,-0.13051264151517017,-0.2801035429195902,-0.3676900996839205,-0.8047556898742229,-0.8099588516622059,-0.7158683426629009,-0.7392825707088007,-0.8901742625602282,-0.7462201197594499,-0.7535912656257578,-0.6408560935528615,-0.6456256585251701,-0.44313594560961855,-0.46091341505189243,-0.4309952347710021,-0.5016715157243916,-0.5372264546089236,-0.558906295392173,-0.6334849476865536,-0.617441865506946,-0.7119659713219098,-0.7947829631139315,-0.8901742625602282
2019-04-03,0.0,0.1631828755975685,0.14358388792787882,0.08649118471621055,0.1516791219653617,0.14017536833315491,0.091177899158954,0.08862150946291493,0.10949869198060863,0.10225558784181062,0.09629067855104763,0.12696735490359393,0.13165406934633736,0.06604006714783603,0.09842100329775201,0.05496237846497941,0.028972416555192074,0.10097739299379108,0.12270670541018514,0.09203002905763885,0.15508764156008564,0.07754382078004282,0.05709270321168379,0.04473681968079214,0.008521298986817551,0.04729320937684671,0.027694221707157043,0.03621552069397459,-0.04431075473144196,-0.07413530118530338,-0.0643358073504663,-0.10992475692994332,-0.0852129898681755,-0.003834584544058598,-0.020025052619008846,0.0046867144427589534,0.01917292272033949,-0.008095234037467374,-0.03152880625121564,-0.048145339275516064,0.02258144231507891,-0.0012781948480195325,-0.00511277939207813,0.03365913099793552,0.03152880625123114,0.016616533024300426,0.029824546453861428,0.03578945574463992,0.11077688682862817,0.12994980954896765,0.06092728775575789,0.03919797533936384,0.07072678159059498,0.01619046807496575,-0.008095234037467374,0.021729312416394055,0.029824546453861428,-0.018320792821654636,0.0025563896960545656,-0.26458633354067873,-0.16573926529359206,-0.2279447478973695,-0.17766908387513353,-0.2279447478973695,-0.455889495794739,-0.44268148236516247,-0.39197975339360736,-0.3843105843054591,-0.4703757040723195,-0.5036087701209049,-0.6710522952118821,-0.6382452941126314,-0.8048366893049084,-0.8188968326331543,-0.8291223914173415
2019-04-10,0.0,0.07727411274293049,0.15154312110141055,0.2455599582719822,0.18588717120937967,0.1657100417709447,0.2343981419868829,0.27861610650088997,0.1901801774728758,0.19318528185732622,0.18459926933033394,0.1129060647299453,0.1738667536715936,0.16914444678173848,0.19404388311002857,0.20992800628495178,0.23525674323958526,0.1884629749674711,0.13651759917917408,0.08242572025912898,0.10560795408199875,0.09358753654421269,-0.0008586012527023512,-0.0030051043844504205,0.03090964509717532,0.08414292276451807,0.027045939460022546,0.060102087688945934,0.08757732777531185,-0.02060643006477834,0.01760132568032792,0.06997600209498393,0.04121286012955668,0.05967278706258695,0.05151607516195367,-0.00042930062635898456,0.0425007620086024,0.0326268476025644,0.06911740084228157,0.07770341336927386,0.09315823591786933,0.13737620043187643,0.11419396660899102,0.14853801671696015,0.10045634656580026,0.14038130481632682,0.23611534449228763,0.17257885179254787,0.1657100417709447,0.1489673173433191,0.16613934239730369,-0.08199641963278562,-0.25715107518342495,-0.32498057414666076,-0.21379171192210458,-0.23139303760244812,-0.27775750524820325,-0.25715107518342495,-0.21808471818560068,-0.28076260963265365,-0.29278302717043975,-0.40139608563688894,-0.4924078184230102,-0.46364467645758295,-0.32111686850950805,-0.4078355950321332,-0.3657641336498741,-0.33914749481619494,-0.2859142171488522,-0.2833384133907451,-0.5241760647728878,-0.5052868372134987,-0.5340499791789258,-0.54821689984846,-0.5366257829370172
2019-04-24,0.0,0.034909278972540383,0.1223979657802933,-0.024996767659351257,-0.029306555186826157,-0.023703831401111927,-0.025858725164849373,-0.016377192604401465,-0.0025858725164786657,0.004309787527474896,-0.06378485540662532,-0.06680170667586087,-0.00517174503297301,0.07800715424728934,0.05301038658793807,0.023272852648370708,0.04051200275827029,0.03361634271430105,0.05732017411541298,0.011636426324185354,-0.09438434685170649,-0.16290996853854792,-0.10515881567039372,-0.17325345860449393,-0.10386587941213872,-0.05990604663190732,-0.036633193983536615,-0.013791320087922802,0.020686980131876365,0.022410895142872592,0.006895660043953561,0.01422229884066402,0.035771236478038496,-0.021548937637374477,0.022410895142872592,0.011205447571428457,0.015515235098903353,-0.057751152868169876,0.0008619575054981148,-0.016377192604401465,-0.021979916390115695,0.04568374779122762,0.05301038658793807,0.054734301598934304,0.018963065120895812,0.051286471576957524,0.10171098564840125,0.06464681291212343,0.043959832780247066,-0.044821790285745185,-0.026720682670347485,-0.011636426324185354,-0.07585226048355188,-0.035771236478038496,-0.044821790285745185,-0.0034478300219767805,0.06550877041762154,0.27194759298365967,0.3193552557858835,0.29522044563203037,0.4977804594233504,0.4167564539068256,0.43830539154420006,0.4745076067749797,0.6249191914838599,0.6227642977201224,0.7369736671982071,0.7624014136103153,0.7787786062147167,0.8003275438520913,1.0429685816489247,1.111063224583025,1.1244235659182065,1.117096927121496,1.0744300305994883
2019-05-08,0.0,-0.35805448352165625,-0.3227717424447114,-0.39507958218265454,-0.4573688658123306,-0.41380992621115625,-0.3689442184219499,-0.3502138743934481,-0.41685905198324164,-0.4473503097040637,-0.43384703842770606,-0.45475532943626656,-0.48001951440494445,-0.5754135921315227,-0.5471002813907593,-0.5466646919947381,-0.49482955386935007,-0.5305478843423161,-0.5248852221941509,-0.5022345736015529,-0.4821974613850032,-0.46869419010864544,-0.5410020298465885,-0.5183513812539747,-0.5383884934705244,-0.6176657635446648,-0.5971930619321099,-0.6368316969691721,-0.5932727573679977,-0.6451078954934015,-0.6790838683823144,-0.660789113749818,-0.6895380138866026,-0.6686297228780262,-0.5588611950830795,-0.591094810387939,-0.5693153405873519,-0.563217089043197,-0.5989354195161473,-0.5736712345474693,-0.5440511556186739,-0.5017989842055317,-0.5610391420631382,-0.7444222777840759,-0.6864888881145172,-0.6664517758979676,-0.6398808227412575,-0.6904091926786134,-0.6655805971059567,-0.7017345169749283,-0.6263775514648998,-0.5218360964220814,-0.4926516068892914,-0.5248852221941509,-0.4617247597724481,-0.3040413984162096,-0.45083502487215443,-0.4517062036641812,-0.6228928362967932,-0.5623459102511703,-0.5658306254192611,-0.6716788486501116,-0.6237640150888197,-0.5475358707867647,-0.6211504787127557,-0.6864888881145172,-0.7365816686558677,-0.8524484479949851,-0.8258774948382751,-0.894265030012122,-0.8955717982001541,-1.032346868547832,-1.06022458989259,-1.0510772125763497,-1.0576110535165257
2019-05-15,0.0,-0.18275859009732662,-0.15170737333321827,-0.18320217890825213,-0.2940993816372105,-0.2639353424949209,-0.20227649777762974,-0.2217944054579167,-0.27546865157874223,-0.19739702085754587,-0.16678939290436307,-0.0882741733722573,0.008871776218316668,0.048351180389816166,0.11932539013634952,0.051456302066230225,0.039035815360590115,0.01685637481479844,0.08073316358666878,-0.04435888109158334,0.018630730058452092,0.031494805575017715,0.01729996362570782,-0.03371274962961302,0.006210243352811985,-0.03371274962961302,0.0319383943859271,0.06919985450286356,0.09404082791414377,0.00354871048732344,0.0013307664327442729,-0.1095664362962141,-0.09936389364515313,-0.0807331635866849,-0.04923835801166719,-0.054561423742660424,-0.07984598596485001,-0.17166886982443078,-0.12109974538003544,-0.09714594959057397,-0.11089720272895835,-0.18453294534099637,-0.21469698448326985,-0.2244559383234214,-0.21425339567236046,-0.2843404277970589,-0.19163036631564326,-0.5123450766077876,-0.47020413957078344,-0.5917474737617282,-0.4821810374655141,-0.5824321087325022,-0.28034812849880997,-0.4107632389080715,-0.32248906553581413,-0.3198275326703256,-0.1157766796490422,-0.16013556074062554,0.02262302935670105,-0.03992299298242501,-0.1379561201948339,-0.10912284748530471,-0.09980748245606251,-0.43560421231935165,-0.34999157181259904,-0.3078506347755949,-0.2049380306431183,-0.3837043214421959,-0.3251505984013188,-0.553598836022973,-0.9137929504866169,-1.0845746426892127,-1.0513054818705252,-1.126715579726217,-1.1293771125917216
2019-05-22,0.0,-0.0008526639353029625,0.13088391406851618,0.13855788948622735,-0.03623821725024407,-0.0746080943387378,-0.04689651644149233,-0.08228206975644894,-0.11212530749194406,-0.06693411892104216,-0.12619426242438866,-0.10231967223598326,0.0068213114823926805,0.12619426242437315,0.12065194684492717,0.16541680344816984,0.2208399592426608,0.17692776657472106,0.188865061668916,0.2025076846337169,0.08185573778877421,0.12107827881257088,0.06906577875927629,0.012363627061838672,-0.03410655741199442,-0.09379303288298466,-0.057554815632740584,-0.009379303288301567,0.013216290997141635,0.03368022544433518,-0.06565512301809547,-0.01620061477070976,-0.0562758197297939,-0.0648024590827925,-0.03794354512085,-0.015347950835406795,-0.014921618867747559,0.018332274608943898,-0.02174293035015575,-0.04689651644149233,-0.15262684441868746,-0.1875860657659693,-0.1828964141218263,-0.14026321735683328,-0.19184938544246863,-0.14282120916272664,-0.09763002059184024,-0.0008526639353029625,-0.07972407795054007,-0.007247643450051917,0.00042633196764372633,0.08782438533587944,0.057981147600384315,0.03581188528258483,0.05712848366508135,0.15220051245101268,0.2830844265195444,0.30354836096673793,0.3947834020438292,0.43315327913232293,0.35556086102003254,0.17991209034825817,0.1803384223159174,0.08526639352998605,0.0946456968182721,-0.04007520495909965,-0.06565512301809547,0.09294036894768169,-0.0690657787592918,0.08142940582113047,0.05030717218268867,0.0660814549857392,0.0886770492711824,0.03709088118553153,0.1394105534215148
2019-05-29,0.0,0.1411076954089695,0.06509432377496682,0.1696652051941132,0.06971392094610267,0.05627509281191292,0.049135715365623174,-0.018898352063700045,-0.023937912614007836,0.013858791513392258,-0.04199633791933344,-0.0004199633791872231,-0.04535604495287706,-0.08945219976817716,-0.04283626467770788,-0.046615935090454,0.051655495640792345,0.01301886475500253,0.09533168707688995,0.07391355473803601,0.05963479984545653,0.057954946328692365,0.02015824220129227,0.1230492701036592,0.13900787851300284,0.195702934704103,0.09575165045609246,0.07643333501318991,0.12514908699962587,0.14236758554654647,0.13942784189219007,0.04409615481530011,0.047455861848859006,-0.0008399267583744462,0.010919047859035861,0.036956777369025647,0.0020998168959666715,-0.015958608409343652,-0.050395605503200123,-0.03695677736901037,0.0008399267583897243,-0.05501520267432069,-0.1259890137580003,-0.21082161635504162,-0.14698718271766703,-0.1784844361571671,-0.14236758554653117,-0.15328663340556703,-0.2456785768281006,-0.21208150649263385,-0.2511381007576109,-0.20284231215037746,-0.10121117438558747,-0.11423003914057472,-0.15916612071426456,-0.17260494884845431,-0.1633657545061979,-0.14278754892573367,-0.13900787851298757,-0.14950696299282093,-0.11339011238220029,-0.14698718271766703,-0.3069932301903213,-0.27927564716356734,-0.2528179542743751,-0.32379176535805465,-0.41408389188462164,-0.40694451443833185,-0.562750928119068,-0.4090443313342985,-0.36746795679416755,-0.4355020242234755,-0.3716675905861009,-0.355708982176742,-0.32799139914998804
2019-06-12,0.0,-0.31682473071988976,-0.3314538409774039,-0.32016852735017565,-0.3573682648621311,-0.3586221885985016,-0.33479763760768977,-0.30888321372294747,-0.3042854933563062,-0.3381414342379757,-0.40627129058010997,-0.47690899439497003,-0.43594748567393343,-0.5149446810645008,-0.5450388507371042,-0.5036593674372725,-0.5567421389431125,-0.6127507325004584,-0.6018833934520103,-0.5851644103005654,-0.5579960626794678,-0.523304172640223,-0.6202742749186055,-0.6971815974152573,-0.6804626142638126,-0.6336494614397643,-0.607735037555022,-0.653712241221495,-0.6374112326488303,-0.6909119787334655,-0.6704312243729397,-0.6307236393882585,-0.6695952752153644,-0.6583099615881361,-0.6094069358701725,-0.618602376603455,-0.6349033851761197,-0.6332314868609691,-0.6574740124305761,-0.6662514785850785,-0.6374112326488303,-0.6068990883974467,-0.5914340289823573,-0.5458747998946795,-0.5935239018762879,-0.5805666899339244,-0.5421130286855983,-0.5136907573281453,-0.5634297322036995,-0.6758648938971562,-0.7770147419633998,-0.7339633603484327,-0.6909119787334655,-0.6039732663459408,-0.6457707242245526,-0.6336494614397643,-0.5717892237794219,-0.6018833934520103,-0.5939418764550831,-0.5446208761583242,-0.49070215549490886,-0.4530844434041582,-0.5333355625310959,-0.5237221472190183,-0.5605039101521937,-0.6156765545519644,-0.6211102240761808,-0.6353213597548997,-0.6909119787334655,-0.6043912409247361,-0.5120188590129948,-0.5283198675856595,-0.48944823175855356,-0.44472495182843585,-0.392478129480171
2019-06-19,0.0,0.21201503688976187,0.29758737105610655,0.41168381661123804,0.4453167240696608,0.38528837025148044,0.31717108932304194,0.25458833747003595,0.27332058972534723,0.2571427355048462,0.29247857498647056,0.33505187556674465,0.34484373470022006,0.3239828174158796,0.2763007207659695,0.3418636036595978,0.34697239972923377,0.34654666672342177,0.2916271089748775,0.3337746765493395,0.3214284193810693,0.33505187556674465,0.2988645700735117,0.21286650290137044,0.12729416873501023,0.05364235873113915,-0.023415315319150747,0.04768209664989458,-0.018732252255326792,-0.07918633907931909,-0.22904435712188695,-0.2166980999536013,-0.19455998365185564,-0.11835377561317435,-0.2315987551566972,-0.302270434119946,-0.2473508763714017,-0.2396876822669555,-0.3163196233114488,-0.38528837025148044,-0.32440855042169164,-0.31759682232885394,-0.35974438990331603,-0.2937557740038912,-0.3316460115203413,-0.22861862411607492,-0.20094597873889677,-0.2022231777563019,-0.2984388370677306,-0.2784293857949987,-0.3303688125029362,-0.37209064707160167,-0.2409648812843606,-0.31759682232885394,-0.2971616380503255,-0.3729421130832103,-0.3261114824449088,-0.47596950048747666,-0.5377007863288741,-0.6739353481857512,-0.5956004751180406,-0.5385522523404671,-0.5802740869091482,-0.5657991647118488,-0.767170876456542,-0.8195360361702761,-0.829753628309548,-1.0068585587234822,-0.8965937102205815,-0.7803685996364363,-0.6500942998607884,-0.458514447249555,-0.395931695396549,-0.28183524984141756,-0.28822124492845863
2019-06-26,0.0,0.12788756091655096,0.2880656687754629,0.34967263333658766,0.38663681207326556,0.4877572090770397,0.5204726316370882,0.5412915369025779,0.5017781044599287,0.4185024833979853,0.4758606917824807,0.3857870608379366,0.43124875192787315,0.49540497019498475,0.47161193560585135,0.5026278556952422,0.3938596975735385,0.402357209926797,0.4074557173387553,0.40065770745613916,0.32248059380616945,0.25025173880347146,0.3466985040129595,0.3832378071319652,0.4159532296920138,0.44696914978140456,0.4503681547227049,0.391310443867567,0.37049153860207734,0.3360766135713863,0.3483980064836019,0.378139299720007,0.39980795622082566,0.4286994982219018,0.4529174084286918,0.4227512395746145,0.4490935278697193,0.41255422475071346,0.546814919932193,0.5629601934033812,0.5366179051082766,0.5302447708433325,0.529395019608019,0.5085761143425294,0.5047522337835568,0.4686378062822078,0.43082387631021635,0.45164278157569065,0.4117044735153846,0.4185024833979853,0.3564706432192038,0.43039900069254416,0.4805343235767822,0.5196228804017593,0.49540497019498475,0.5213223828724172,0.46693830381156537,0.4529174084286918,0.4546169108993342,0.47458606492949496,0.5191980047841026,0.570183078903654,0.5149492486074733,0.5200477560194314,0.49115621401835546,0.5510636761088222,0.7494805895574133,0.8119373053538669,0.7821960121174618,0.8187353152364676,0.7329104404685528,0.6385880533473794,0.6904228787022599,0.6390129289650517,0.6288159141411352
2019-07-03,0.0,-0.3293622691635562,-0.19401365219176456,-0.09512116424953058,-0.0867404449323916,-0.09470212828366449,-0.10811127919108993,-0.16384306265006116,-0.19317558026004764,-0.26441169445572904,-0.20993701889432562,-0.23549821281160865,-0.2560309751385901,-0.2560309751385901,-0.21957484610903238,-0.21747966627974763,-0.15630041526463911,-0.17348088986476795,-0.16090981088905948,-0.16970956617206456,-0.16929053020619844,-0.17683317759163575,-0.14582451611821537,-0.13241536521078995,-0.14372933628893064,-0.11020645902037468,-0.12822500555222047,-0.13828186873279333,-0.10643513532765604,-0.20909894696260864,-0.1705476381037815,-0.1416341564596459,-0.1772522135574866,-0.17138571003548322,-0.21789870224561375,-0.2128702706553273,-0.1885661846356273,-0.15839559509392387,-0.15211005560606963,-0.12487271782536791,-0.08715948089824245,-0.11691103447407977,-0.09302598442024584,-0.09805441601051704,-0.06453153874196108,-0.06243635891267633,-0.02053276232698138,0.00838071931713899,-0.06453153874196108,-0.052798531697969546,-0.01885661846356273,-0.03268480533683901,-0.02556119391726782,-0.01089493511227459,-0.038132272892976306,0.012990114941574581,0.025980229883133917,-0.0029332517610016953,0.03268480533683901,0.03687516499540851,-0.0071236114195711905,0.05154142380040174,0.08296912123967295,0.03771323692712546,0.030170589541703412,0.05154142380040174,0.012152043009857633,-0.11942525026923062,-0.16551920651349505,-0.20867991099675784,-0.15965270299149167,-0.11774910640579672,-0.12026332220094756,-0.11439681867894418,-0.12738693362050352
2019-07-10,0.0,0.33850114639633755,0.27132102131127883,0.16426624133702084,0.12352474612414022,0.3306995834832213,0.3684071375632252,0.46505983365333875,0.450756968312652,0.37447501982897874,0.33720088591080766,0.2405481898206941,0.1746683252211495,0.13826103162667552,0.20934193816827656,0.07368142751264505,-0.05591120087723295,-0.10748820013609078,-0.05937856217195827,-0.08581719204413636,-0.18116962764873581,-0.05981198233379105,0.007801562913100439,-0.052010419420690616,-0.02643862987217809,-0.029905991166887642,-0.005201041942072215,-0.022971268577468534,-0.03250651213793163,-0.07584852832184048,-0.057644881524595605,-0.09968663722299034,-0.10965530094528622,-0.08538377188230357,-0.22581190431815878,-0.2760886430915025,-0.26611997936919085,-0.2063079970353998,-0.18030278732505448,-0.1850704091052939,-0.24791633257196175,-0.349336650442299,-0.39224524646437503,-0.349336650442299,-0.4711277159190923,-0.4767621780229973,-0.44208856507587024,-0.2873575672993125,-0.2843236261664357,-0.23578056804045466,-0.1018537380321858,-0.12655868725701697,-0.08625061220596915,-0.11745686385838665,-0.20284063574069022,-0.24791633257196175,-0.18853777040000347,-0.20154037525517612,-0.2349137277167891,-0.2063079970353998,-0.24661607208643185,-0.31076225603862956,-0.30382753344919466,-0.4277856997351835,-0.450756968312652,-0.4607256320349478,-0.32983274315954,-0.2518171140285041,-0.2626526180744813,-0.2760886430915025,-0.23404688739310778,-0.2912583487558706,-0.343702188338394,-0.3532374318988571,-0.36884055772505797
2019-07-17,0.0,0.03084634663582344,0.06726217252533354,-0.05612321401794462,0.0038557933294837746,-0.03598740440846328,0.028704239230558135,0.0685474369684896,0.04841162735899266,0.06597690808217747,0.14223593170961904,0.17393912130753614,0.1439496176338219,0.15294646873594553,0.1863633442580811,0.21164021164021785,0.24334340123813497,0.20050125313282896,0.1799370220422852,0.15680226206541373,0.22749180643916864,0.21892337681810745,0.21335389756442077,0.24077287235182285,0.24162971531393207,0.21292547608337395,0.17736649315597308,0.2377739219844483,0.2947539789645022,0.24634235160550952,0.23691707902233905,0.2056423109054688,0.22235074866654436,0.17479596426964536,0.22963391384443393,0.20864126127284333,0.22063706274232592,0.2202086412612791,0.16965490649700551,0.18807703018229957,0.20307178201915665,0.19964441017071974,0.18593492277703427,0.18550650129597188,0.18764860870123717,0.1585159479896322,0.1670843776106934,0.13152539468329255,0.03384529700319797,0.03941477625688464,-0.0059979007347490745,0.03256003256002633,0.08439903176745593,0.060835850309537635,0.027418974787402073,0.0025705288863121256,0.08739798213483048,0.11438853544117014,0.07668744510850398,0.05955058586638157,0.05612321401794462,0.038129511813728575,0.08696956065376807,0.0814000814000814,0.0878264036158773,0.15808752650858537,0.18550650129597188,0.16622753464858417,0.18079386500439443,0.17650965019386383,0.11481695692221697,0.17265385686438006,0.17051174945911476,0.1113895850737956,0.14909067540646176
2019-07-24,0.0,0.24023069212051196,0.2446466974903745,0.06403207786300667,-0.3077955742794215,-0.24376349641641484,-0.28174114259724226,-0.26496032219175175,-0.3762436575122907,-0.5383110545862488,-0.5431686604930912,-0.5731974970081692,-0.5762887007670601,-0.5135814245150251,-0.5082822180711868,-0.5206470331067987,-0.5961607249314415,-0.7891401595944373,-0.75072091287663,-0.6734408189040357,-0.6619592049423996,-0.6981704489752756,-0.7277576849533577,-0.7595529236163551,-0.7692681354300558,-0.7648521300601934,-0.7524873150245814,-0.705677658104045,-0.7564617198574641,-0.7683849343560801,-0.7555785187834885,-0.6641672076273308,-0.6716744167561004,-0.6323719689643175,-0.5917447195615789,-0.6858056339396637,-0.6760904221259629,-0.6350215721862446,-0.6147079474848673,-0.6624008054793794,-0.7595529236163551,-0.7723593391889628,-0.6911048403834859,-0.6946376446793887,-0.5851207115067851,-0.5581830787506302,-0.5921863200985749,-0.546701464788994,-0.5241798374026855,-0.4243781160437987,-0.450432547725978,-0.34930602475613576,-0.2636355205807962,-0.28218274313422204,-0.37977646180817753,-0.4164293063780494,-0.396557282213668,-0.318393987167098,-0.3744772553643554,-0.35681323388490527,-0.2459714991013461,-0.3241347941479161,-0.459264558465703,-0.48134458531501567,-0.4363013305424308,-0.49326779981364777,-0.5263878400876167,-0.6076423388930937,-0.5281542422355682,-0.5109318212930979,-0.4212869122848917,-0.46853816974242407,-0.4884101939068054,-0.4764869794081733,-0.4075972956383243
2019-07-31,0.0,0.08156569890475393,-0.04893941934284905,-0.12552054775896926,0.03262627956190487,0.0879096977084636,0.2424313828557964,0.27505766241770124,0.25693195154997817,0.2265713858465387,0.049845704886238504,0.09561312482724921,0.02809485184497409,0.08745655493677712,0.08337826999153283,0.03262627956190487,-0.09969140977247701,-0.10966055074971154,-0.14863082911532607,-0.22747767138991165,-0.23563424128040023,-0.15361539960394333,-0.051205133201314444,-0.024922852443119252,0.0027188566301683554,0.06117427417856545,0.06117427417856545,0.1518028285171809,0.24197824008410992,0.33351307996611484,0.3072307992079196,0.45767419941000814,0.4549553427798563,0.4173444927293341,0.2777765190478696,0.2528536666047504,0.3262627956190157,0.2682605208423051,0.3258096528473292,0.4504239150629255,0.43909534577059856,0.40420335235022825,0.41643820718594465,0.33532565105287726,0.2542130949198263,0.379733642678812,0.4558616283232457,0.48395648016821985,0.5718661778766669,0.470815339789114,0.49619133500391976,0.5967890303197861,0.6189930261327535,0.5446776115750822,0.3634205028978513,0.3539045046923033,0.47534676750604477,0.5541936097806468,0.5297239001092141,0.5718661778766669,0.4844096229399063,0.5850073182557728,0.771702140193324,0.9207861120803364,0.9357398235462047,0.9443495362083798,0.79073413660442,0.7159655792750622,0.5936170309179314,0.7467792877502046,0.7055432955261247,0.6856050135716393,0.8582524095866951,0.8016095631250605,0.7331850045994124
2019-08-07,0.0,-0.05749171845485158,-0.3116416167036223,-0.27057610352159256,-0.18844507715753311,-0.15468009965231863,-0.07437420720745053,0.07984960896505781,-0.04152179666184002,-0.029658426187021473,-0.09399439683887802,-0.0520163166972443,-0.07209278980844887,-0.16882488752612224,-0.17293143884433182,-0.11589600386929055,-0.08349987680345712,-0.203046148511147,-0.19574561283434835,-0.19939588067274766,-0.17065002144533017,-0.18661994323834175,-0.040609229702236044,-0.07756819156605615,-0.001825133919207961,-0.06068570281344062,-0.05794800193464528,-0.09262554639946374,-0.01596992179301156,-0.0424343636214274,-0.08760642812166675,0.1455544300562954,0.05064746625783003,-0.21034668418796224,-0.3403874759310564,-0.2596253000063946,-0.07756819156605615,-0.05292888365684828,-0.02418302442941419,-0.009125669596006606,-0.1473795639755034,-0.08943156204087471,-0.09810094815707103,-0.19072649455653476,-0.21947235378396884,-0.09946979859646869,-0.07346164024786314,-0.06342340369225256,-0.004106551318209613,-0.1177211377884819,-0.14829213093510735,-0.11680857082889452,-0.11817742126829218,-0.307991348865223,-0.6305837690840598,-0.45993374763872963,-0.5895182559020301,-0.5803925863060235,-0.4362070066891257,-0.5562095618766093,-0.3381060585320547,-0.39149122566868005,-0.46130259807814394,-0.454458345881139,-0.542977340962393,-0.6232832334072612,-0.43301302233052014,-0.5356768052855945,-0.5142314817349756,-0.5758297515080202,-0.863744627262022,-0.9084604082824678,-0.913023243080471,-0.9522636223432928,-1.00838649035873
2019-08-14,0.0,-0.39397450753186886,-0.13359689182742124,-0.3803421716311123,-0.3803421716311123,-0.41942153454660797,-0.4216935905300674,-0.40397155385909367,-0.3417172199123019,-0.4226024129234544,-0.4912185036239227,-0.3898848067616353,-0.33081135119169003,-0.11951014472996284,0.18948946902051997,0.14632040533479077,0.3817054052211847,0.3785245268443381,0.30309226819349155,0.37079953650057274,0.20675709449480836,0.22811442073933033,0.2190261968054926,0.3080907913570958,0.26128643809783475,0.3803421716311123,0.4530479631018141,0.4080612546293108,0.3694363029105004,0.321268716061167,0.19085270261059234,0.25447027014745643,0.26355849408129417,0.21448208483857376,0.08043078181446721,0.07179696907731475,0.05316611001295403,0.21448208483857376,0.3621657237634368,0.28446140912911433,0.17131302115284452,0.205393860904736,0.14404834935133135,0.2049394497080342,0.26719378365482593,0.24719969100039288,0.3185422488810058,0.3562583782064456,0.40942448821938315,0.35853043418990505,0.2890055210960332,0.38125099402449936,0.45395678549520124,0.5852816213391464,0.5498375479971827,0.44577738395473404,0.5093949514915982,0.5025787835412198,0.49621702678754337,0.6543521232363165,0.6102742371572003,0.5721036966350918,0.5516551927839568,0.5066684843114534,0.19176152500397942,0.35807602299320324,0.31399813691408696,0.31399813691408696,0.3994274418921749,0.30309226819349155,0.2690114284416001,0.1790380114966099,0.32217753845455416,0.21720855201871844,0.12723513507372822
2019-08-21,0.0,-0.1969477634630034,-0.1356852103120661,-0.15111429777230875,-0.31402730948480795,-0.31675008962484297,-0.19876295022303778,-0.04492587231067746,-0.08667516779131954,0.014521494080225482,0.10754981553164883,0.07986821744123189,-0.017244274220260536,-0.06761570681102462,-0.10028906849152781,-0.023143631190347496,-0.049463839210746895,-0.08803655786133706,-0.04492587231067746,-0.013160104010191446,-0.03267336168050321,-0.0653467233609899,-0.09620489828147524,-0.20511610388314155,-0.2296211251435066,-0.19422498332296834,-0.18469525283282914,-0.14975290770229122,-0.15610606136237853,-0.2033009171231072,-0.24278122915371456,-0.2750007941442009,-0.42384610846647497,-0.38527338981588477,-0.5382028743482279,-0.6257856355195647,-0.4805706947173428,-0.5332111107581581,-0.4923694086575333,-0.3920803401659889,-0.3784664394657806,-0.36530633545558916,-0.4170391581163708,-0.4283840753665444,-0.4102322077662667,-0.3521462314453812,-0.4011562739661278,-0.4778479145773078,-0.43927519592671765,-0.41295498790631824,-0.5976502407391474,-0.5935660705290783,-0.5813135598988876,-0.5849439334189397,-0.687048188670502,-0.6575514038200506,-0.6702577111402583,-0.7424113848513523,-0.702931072820745,-0.7510335219614909,-0.8063967181423413,-0.7628322359016648,-0.7256209073210921,-0.747856945131439,-0.9089547700839038,-0.9611413894347023,-0.9266528409941811,-0.9293756211342161,-0.9384515549343551,-0.9897305809051362,-0.9048705998738347,-0.9221148740941117,-0.9112237535339385,-0.9035092098038171,-0.9293756211342161
2019-08-28,0.0,0.12160737931593599,0.2378099862178435,0.11034743678668266,0.10584345977498132,-0.01666471494328182,-0.053146928738072446,-0.13556970805220356,-0.08692675632583244,-0.2553754965634525,-0.34455424139515195,-0.38779242070747816,-0.2756433931161084,-0.3251871402448231,-0.2751929954149449,-0.2603298712763337,-0.24411555403419913,-0.317079981623764,-0.3549133885220617,-0.310324016106212,-0.29726248277228795,-0.290056119553556,-0.21168691954996263,-0.20312936322772354,-0.108095448280832,-0.175204705755172,-0.22159566897569247,-0.22339725978037955,-0.36977651266067285,-0.37473088737353777,-0.35266140001621105,-0.3350958896705693,-0.3949987839261938,-0.42292344139874527,-0.41166349886949194,-0.3490582184068533,-0.40220514714492567,-0.3855404322016275,-0.32608793564716665,-0.3968003747308808,-0.4612072459982066,-0.5936241701422323,-0.5035446299082057,-0.5364236620936221,-0.49949105059766796,-0.5422788322088307,-0.5580427517497852,-0.5283165034725631,-0.5922729770387252,-0.7273922873897652,-0.7800888184266577,-0.7197355264698697,-0.7391026276201821,-0.6152432597983956,-0.5562411609451146,-0.6999180276183773,-0.6841541080774225,-0.6643366092259465,-0.764324898885703,-0.8318845540612231,-0.975561420734502,-0.8607100069361181,-0.8039598965886879,-0.9007954023402666,-0.9269184690081309,-0.872870744867715,-0.960698296595891,-0.866114779350163,-0.8688171655571773,-0.6999180276183773,-0.4112131011683283,-0.4801239494473555,-0.5287669011737266,-0.47877275634384836,-0.5139037770351155
2019-09-04,0.0,0.07831034994069476,-0.07274985172005083,-0.23956479833926791,0.08711447212336555,-0.020388493475671975,-0.059311981020162705,-0.08943134638196579,0.1139902135231418,0.11677046263345534,0.09823546856465343,0.2159326809015522,0.10147909252669714,0.07367660142349429,-0.002316874258600237,0.04263048635824774,-0.027339116251472687,-0.11908733689205556,-0.20527505931197768,-0.33780026690390447,-0.26922078884934086,-0.23029730130486697,-0.2126890569394917,-0.3174117734282325,-0.29748665480427383,-0.32343564650058976,-0.2650504151838705,-0.19832443653617693,0.06487247924080664,0.04726423487544821,0.15708407473310285,0.2381746737841111,0.23029730130486697,0.13576883155397054,0.04541073546856128,0.14364620403321474,0.07460335112693775,0.06023873072360617,0.024558867141159145,0.11584371293001186,-0.023168742586002374,-0.04819098457887482,0.06857947805456366,0.05421485765124892,0.13020833333334345,0.14457295373665818,0.2812685349940722,0.27200103795967123,0.35355501186239285,0.402672746144728,0.3757970047449686,0.37811387900356885,0.48561684460260635,0.4536439798339332,0.4846900948991798,0.33687351720047787,0.34197064056939164,0.35031138790036603,0.4110134934756855,0.4643016014234909,0.3855278766310829,0.1848865658363057,0.16681494661921709,0.11584371293001186,0.21871293001186576,0.31787514827996266,0.37487025504152516,0.25670966785291305,0.29099940688018644,0.32806939501779026,0.6121181791221928,0.5680975682087883,0.5931198102016607,0.49488434163700734,0.40220937129299783
2019-09-11,0.0,-0.06619213855011355,0.013147753547633203,0.10472865756901911,0.0689123634220462,0.08886067914946975,0.10654214081697422,0.043070227138776805,0.014507865983591274,-0.05531123906243246,-0.052591014190499816,0.06437865530217494,0.02538876547127236,0.06664550936211057,0.08886067914946975,0.06709888017409109,0.0503241601305642,0.12286349004850408,0.08931404996146679,0.10291517432108051,0.11787641111665231,0.11062247812486492,0.0707258466699848,0.10699551162895472,0.08024663372172429,0.07299270072992041,0.1305707938522885,0.177267987486959,0.1623067506913872,0.23121911411343338,0.21217754000997088,0.17681461667497847,0.19721630321439904,0.1718275377431267,0.18134832479484972,0.08070000453370482,0.021761798975378666,0.021761798975378666,0.017228090855507423,-0.014507865983591274,0.017681461667504443,-0.05757809312236808,0.009974157863720032,0.04125674389082171,0.04443033957473488,0.03082921521512115,0.09384775808133802,0.11606292786869722,0.09430112889331856,0.0185882032914655,0.030375844403140628,0.060751688806281255,-0.007707303803784411,0.016321349231529877,0.008614045427761959,-0.0299224735911436,0.11470281543273914,0.09838146620120927,0.08432697102959852,0.16502697556331983,0.15641293013555788,0.13329101872422114,0.1532393344516447,0.12241011923652355,0.11742304030467178,0.14643877227183782,0.15958652581947103,0.10744888244095176,0.07707303803781113,0.02901573196718255,0.1663870879992779,0.14734551389581538,0.10608877000499368,0.0466971936346705,-0.03717640658294749
2019-09-18,0.0,-0.026672062394228133,0.03127069384152615,-0.09657126039290707,-0.1232433227871352,-0.13152085939223818,-0.2938525494812644,-0.36513133691412436,-0.28649473916562096,-0.4069788830843941,-0.42767272459715994,-0.5702302994628798,-0.5164263115296854,-0.44514752409682545,-0.27499816054741777,-0.3237436538885927,-0.4074387462291156,-0.32650283275697156,-0.3793870944007064,-0.32466338017805235,-0.3991612096240126,-0.46860054447795335,-0.5453976896475542,-0.4888345228459977,-0.4594032815833908,-0.4106577882422158,-0.31868515929659,-0.3412184533882583,-0.35961297917738344,-0.29017364432344267,-0.3090280332572893,-0.38214627326906847,-0.45388492384664986,-0.3375395482304366,-0.38214627326906847,-0.3950224413214527,-0.4382495769259035,-0.16968950040466954,-0.1466963431682631,-0.13014126995805714,-0.11358619674783446,-0.21153704657493932,-0.2142962254433014,-0.14853579574718231,-0.1540541534839232,-0.11312633360311301,-0.17704731072032964,-0.11174674416893199,-0.044606725038615125,0.007357810315660101,-0.07265837686704102,-0.19590169965417623,-0.17060922669412915,-0.3545544845853807,-0.29937090721800524,-0.36697078949304357,-0.21475608858802284,-0.278217202560518,-0.2754580236921392,-0.31868515929659,-0.18302553160179197,-0.09519167095870931,-0.12094400706349456,-0.11772496505039433,-0.12278345964239705,-0.11358619674783446,-0.1269222279449569,-0.21199690971966073,-0.12968140681331897,-0.18210580531233236,-0.12968140681331897,-0.31914502244131143,-0.3357000956515341,-0.3412184533882583,-0.2956920020601836
2019-09-25,0.0,-0.3653311543167443,-0.5555627612982442,-0.4496383437744545,-0.4993579683264375,-0.611767554270051,-0.595770805501149,-0.5438894581425581,-0.43710035149613774,-0.3947305844866093,-0.557292139543537,-0.6238732019870524,-0.5071401704302229,-0.6550020104022101,-0.729365274949527,-0.7622234616099616,-0.8491247184356108,-0.7946493037090808,-0.7661145626618621,-0.6428963626852087,-0.659325456015426,-0.677483927590936,-0.7172596272325255,-0.7393091998599204,-0.7444973345957826,-0.7587647051193919,-0.8331279696667088,-0.7898935135345496,-0.8054579177421205,-0.7518471921382527,-0.8288045240534928,-0.8227517001949841,-0.729365274949527,-0.6779162721522513,-0.7211507282844104,-0.7955139928317272,-0.7743291093269786,-0.5931767381332258,-0.6658106244352499,-0.6519755984729558,-0.5828004686615014,-0.5023843802556917,-0.5732888883124388,-0.6333847823361305,-0.6441933963691703,-0.6147939661993053,-0.6351141605814232,-0.666242968996581,-0.6748898602230128,-0.792919925463804,-0.8573392651007116,-1.0480032166435425,-0.9468345892942839,-0.9956895247236206,-1.0155773745444232,-0.978828086832088,-1.1323104061012528,-1.0786996804973692,-0.9814221542000113,-1.041950392785034,-1.0609735534831901,-1.0518943176954274,-1.1184753801389586,-1.1491718439927852,-1.221805730294825,-1.2023502250353535,-1.1362015071531375,-1.1854887871438051,-1.2105647717004544,-1.1950003674928833,-0.9329995633319899,-0.9831515324453038,-0.9221909492989502,-1.0246566103321701,-1.0765379576907612
2019-10-09,0.0,-0.29812740127051585,-0.11925096050821613,-0.07397146046561671,-0.22774243585779058,-0.13583850012778192,-0.14928785657607588,-0.22012113387042073,-0.1838078714600173,-0.2990240250337387,-0.35506301023496345,-0.38420328253960034,-0.40079082215916617,-0.5021093074029741,-0.3985492627511172,-0.43979395585922193,-0.22191438139685013,-0.14794292093123343,-0.1174577129817704,-0.1941190447370557,-0.20353359425085496,-0.2232593170416926,-0.15780578232665227,-0.22998399526583954,-0.23850192101641596,-0.1694618912485168,-0.1362868120093852,-0.1093880991127973,0.1196992723898031,0.04662443568740923,0.07486808422882325,0.17260007441977232,0.2828847972957762,0.3774786043154371,0.5169035994960941,0.5012126836397512,0.4478635697281787,0.5343877628788665,0.5424573767478559,0.4662443568741902,0.4169300498971124,0.5240765896018444,0.4958329410604304,0.5316978915892142,0.7146091392860087,0.7244720006814275,0.666639767953757,0.6370511837675169,0.7271618719710797,0.7347831739584496,0.7706481244872334,0.7697515007240106,0.8428263374264209,0.7401629165377704,0.7612335749734342,0.7392662927745476,0.7782694264746033,0.8836227186529058,0.8105478819505121,0.8450678968344697,0.8621037483356387,0.9096248077862709,0.858965565164367,0.9768715900277407,1.0270825207680414,1.0871563129037607,1.1705423228831768,1.3175886200511875,1.36331643197539,1.4144239864789137,1.4130790508340711,1.4041128132018752,1.4189071052950115,1.4345980211513545,1.4641866053375945
2019-10-16,0.0,-0.058002869615667356,-0.058002869615667356,0.009594459635659507,0.07501122987887905,0.04928063358322222,0.05931120502051271,-0.007413900627568055,-0.19973920514264307,-0.12778075787510154,-0.18621973929236815,-0.28347267105395135,-0.23506426107397527,-0.15002245975778986,-0.08591402491943151,-0.12690853427185544,-0.10684739139725859,-0.09201959014213834,-0.0728306708707876,-0.017008360263243427,-0.04099450935242393,-0.04273895655891613,-0.019188919271350746,-0.046227850971884664,-0.08678624852267762,-0.05102508078971442,-0.051461192591345406,-0.12429186346211714,-0.08024457149835566,-0.09812515536482933,-0.1107723976118581,-0.06280009943349711,-0.047536186376745886,-0.056258422409175154,-0.018316695668104645,0.013955577651874145,-0.06890566465620396,-0.11295295661996542,-0.0614917640286359,-0.04928063358323808,0.016136136659981464,-0.02921949070864124,-0.058002869615667356,-0.04491951556702345,-0.04186673295567003,-0.24378649710640451,-0.20191976415075036,-0.2215447952237162,-0.2786754412361216,-0.3903200624512099,-0.33144496923231237,-0.3493255530988019,-0.38028949101391946,-0.40296730469823877,-0.3462727704874485,-0.3310088574306973,-0.34234776427284896,-0.3301366338274512,-0.37898115560905826,-0.17270027344210911,-0.24683927971775793,-0.2594865219647709,-0.2006114287458733,-0.206280882166965,-0.19843086973776597,-0.24509483251126574,-0.28739767726855087,-0.31312827356422357,-0.2786754412361216,-0.24683927971775793,-0.12298352805725592,-0.053641751599452725,0.05625842240915929,0.017008360263227565,0.05189730439294465
2019-10-23,0.0,-0.018109380659184594,-0.18842379400148637,-0.1608285472827431,-0.30009830806644494,-0.2319725427295274,-0.07071281971681005,-0.15781031717287639,-0.20825787758059927,-0.1664338317724866,-0.06941929252687165,0.21645021645020388,0.20610199893068104,0.2518066263086089,0.23542194856935264,0.23024783980958338,0.21860609510010645,0.25525603214844983,0.19532260568116827,0.24663251754883964,0.256118383608414,0.30742829547610107,0.3915075628223007,0.41047929494143376,0.3203635673755164,0.34580293544435714,0.3565823286938699,0.44109277177005946,0.4053051861816802,0.39064521136233654,0.38159052103275204,0.35183939566409056,0.3570135044238598,0.3117400527759062,0.37598523654299293,0.3837463996826546,0.41910280954104395,0.4057363619116544,0.3289870819751266,0.28931891481691646,0.34407823252444447,0.2526689777685731,0.16988323761231186,0.1763508735620195,0.23326606991945006,0.17160794053224016,0.2940618478466958,0.23973370586915774,0.2500819233886963,0.2112761076904503,0.21731256791016804,0.21170728342042455,0.27293423707766024,0.40444283472171605,0.3703799520532494,0.3177765129956239,0.3449405839844087,0.31130887704591625,0.3311429606250292,0.2781083458374295,0.16341560166260422,0.18281850951172718,0.14832445111328632,0.19101084838136315,0.2324037184594859,0.240164881599132,0.04915403321776882,-0.1302150704541174,-0.1008951208154458,-0.05820872354736896,0.09442748486572246,0.004742933029779344,0.07243752263672268,0.09960159362549172,0.14789327538331207
2019-10-30,0.0,-0.41274329134374466,-0.49520780215249505,-0.4758538863504344,-0.6988446553740715,-0.7863580137833448,-0.6311059500668972,-0.4867930561516031,-0.42157877464469046,-0.4674391403495425,-0.4888967426518261,-0.5305497353562322,-0.458603657048612,-0.3668829256388927,-0.36730366293893113,-0.34205942493625524,-0.3929686382416455,-0.2907294743308112,-0.31639444963354085,-0.33911426383594,-0.341217950336163,-0.40264559614268347,-0.39591379934196075,-0.4140055032438754,-0.4935248529523106,-0.36898661213911566,-0.3622548153383929,-0.3403764757360707,-0.33827278923584775,-0.33911426383594,-0.33238246703523255,-0.31302855123317186,-0.3008271695318877,-0.29872348303166474,-0.229301828524306,-0.2587534395274279,-0.233509201524752,-0.21036865002229907,-0.22088708252341405,-0.23519215072492122,-0.29157094893090346,-0.341217950336163,-0.29956495763175695,-0.34794974713688576,-0.24781426972625914,-0.23519215072492122,-0.20279537862149935,-0.2924124235309957,-0.21836265872313726,-0.17418524221845447,-0.2196248706232833,-0.21794192142309876,-0.22383224362372928,-0.2040575905216301,-0.06311059500668972,-0.1346359360142714,-0.13421519871421764,-0.3189188734338023,-0.3025101187320569,-0.2738999823290273,-0.1948013699206459,-0.29367463543112643,-0.35341933203746245,-0.3151322377333949,-0.42578614764513645,-0.500256649753018,-0.3887612652411995,-0.40012117234240674,-0.398858960442276,-0.3416386876362168,-0.3723525105394694,-0.3727732478395078,-0.3374313146357708,-0.30671749173250284,-0.2537045919268896
2019-11-06,0.0,-0.2560550728287789,-0.16832472820383051,-0.15741090542752803,-0.24724006212484348,-0.24094362590774232,-0.35218066574319545,-0.3689711623221318,-0.431935524493143,-0.329093732947158,-0.38156403475633405,-0.4138857406707742,-0.4130462158418396,-0.36309448851949794,-0.39163833270368664,-0.34966209125634584,-0.3546992402300298,-0.38072450992738416,-0.3761071233681675,-0.43445409897997733,-0.4810477269865195,-0.40087310582210467,-0.3698106871510664,-0.3584771019602966,-0.3832430844142185,-0.35008185367082845,-0.2359064769340584,-0.26612937077614685,-0.1859547496117167,0.03735885488813942,0.2778827183813992,0.21869621794063948,0.16286781681567927,0.1859547496117167,0.4898627376904703,0.4138857406707742,0.4063300172102559,0.47433152835495107,0.4466272089997123,0.45502245728918045,0.41220669101288976,0.3328715946774095,0.3370692188221436,0.39583595684842077,0.44494815934181253,0.4101078789405227,0.44956554590101394,0.47810939008521786,0.4407505351970785,0.45712126936154746,0.45544221970364773,0.4764303404273181,0.6141124123745929,0.5876673802627712,0.6279645720522123,0.6040381144272403,0.5927045292364552,0.5964823909667067,0.6888301221508565,0.7320656508416298,0.6392981572429974,0.7018427569995414,0.7379423246442484,0.67371867522982,0.7371027998152985,0.6938672711245405,0.6607060403811504,0.6099147882298589,0.6665827141837689,0.6573479410653509,0.5154682449733421,0.4474667338286469,0.45166435797338095,0.42857742517734354,0.4281576627628762
2019-11-13,0.0,0.11546568359883443,0.12218368700823033,0.1393985707447777,0.26452138424460253,0.24142824752483566,0.17424821343096833,0.07263841186400624,0.12176381179513449,0.1616519570383682,0.1818059672665406,0.09993030071463985,0.15073520149812086,0.1234433126474873,0.1566134544813404,0.18054634162726838,0.08481479304351053,0.08523466825660637,0.11546568359883443,0.0986706750753676,-0.02267326150667105,-0.06046203068447141,-0.006718003409380621,-0.021833511080494656,-0.002099376065433353,0.08145579133882022,0.042827271734843464,0.010916755540262602,0.0016795008523527927,-0.0016795008523375176,-0.005038502557027829,-0.011336630753327888,-0.002099376065433353,-0.04996515035730465,-0.08397504261733413,-0.07809678963411464,-0.1301613160568679,-0.11210668189412884,-0.10035017592770513,-0.03988814524323371,0.007557753835572291,-0.05248440163583383,-0.02981114012914751,0.012176381179519559,-0.06843965973312426,-0.0663402836676909,-0.07725703920793824,-0.07011916058546178,-0.07095891101163818,-0.05836265461903806,-0.13184081690920543,-0.2237934885751924,-0.1889438458890018,-0.19272272280677266,-0.12386318786056785,-0.14317744766254858,-0.179706591201092,-0.1780270903487392,-0.09951042550152872,-0.14191782202329162,-0.15493395362897233,-0.22505311421444937,-0.2170754851657965,-0.24730650050803987,-0.34051879781328376,-0.3115474081102974,-0.4559844814121182,-0.4828564950496713,-0.6197358145159199,-0.6646624623161966,-0.4572441070513752,-0.4866353719674421,-0.5559147821267427,-0.525263891571419,-0.6029408059924529
2019-11-20,0.0,-0.1299485620275338,-0.19450634123992888,-0.1790957745892251,-0.16576771694537276,-0.1857598034111437,-0.23032549615776785,-0.16951623315771144,-0.1478581394864533,-0.04206668193839332,0.03915116932881341,0.03415314771236689,0.08288385847269396,0.10620795934942419,0.09871092692476198,0.09704491971927476,0.1366125908494524,0.1561881755138591,0.1907578250275902,0.18409379620567162,0.24906807721943092,0.1907578250275902,0.16993273495907568,0.11745350798642507,0.10579145754805996,0.12370103500697943,0.07580332784939597,0.12453403860972305,0.12245152960287159,0.12953206022615443,0.13702909265083177,0.14036110706179108,0.16743372415086,0.13286407463712888,0.13078156563027743,0.1453591286782376,0.19284033403444167,0.17618026197963002,0.1911743268289696,0.1765967637810094,0.16160269893166984,0.1986713592536318,0.18950831962348236,0.17701326558237365,0.16618421874675215,0.15785418271934631,0.20658489347965825,0.2436535538016202,0.16535121514400852,0.1411941106645347,0.07663633145213959,0.020825090068514546,-0.009996043232893043,-0.054145234178137824,-0.016243570253447408,0.026239613486325298,-0.025406609883581687,-0.005414523417810751,-0.002915512609595067,-0.01374455944521657,-0.03456964951373112,-0.044149190945244776,-0.08954788729461255,-0.12953206022615443,-0.04331618734251632,-0.09287990170557185,-0.1449426268768582,-0.14327661967138614,-0.08246735667131458,-0.07288781523980091,0.012495054041108728,-0.00041650180136422997,-0.032070638705515436,-0.07288781523980091,-0.12120202419874859
2019-11-27,0.0,0.23242325061108896,0.18850727099473835,0.25976716244769743,0.31818370137133556,0.23822347433401003,0.20217922691303505,0.1740067116874508,0.11269006090235209,0.1483200066288241,0.17649252185440836,0.16737788457555394,0.25355263703028846,0.27509632514397586,0.2651530844761155,0.20093632182955629,0.23988068111199176,0.20839375233044402,0.21460827774785296,0.21253676927538334,0.1437626879893969,0.09818950159506454,0.10191821684550086,0.08451754567676785,0.07871732195384679,0.08203173550979523,0.049301901644783756,0.054687823673201845,0.10357542362348263,0.10813274226290984,0.10233251854000384,0.1226333015701974,0.06463106434104712,0.03811575589344462,0.008700335584366512,-0.015329162696278443,-0.012429050834817913,-0.065459667730038,-0.011186145751339138,-0.05427352197869886,-0.04888759995028078,-0.04598748808882025,-0.065459667730038,-0.0870033558437254,0.05137341011725341,0.02817251522558426,0.044744583005341475,-0.011186145751339138,0.017814972863235995,0.02734391183659338,0.05095910842275043,0.050130505033759556,0.08866056262170716,0.0472303931723141,0.05220201350622921,0.00497162033393018,0.00828603388987861,-0.007871732195390708,-0.004557318639427207,0.060488047396107816,0.031072627087044787,0.054687823673201845,0.060488047396107816,0.13547665409951828,0.130919335460076,0.13050503376558809,0.11227575920784913,0.11517587106930965,0.1528773252682664,0.14583419646186654,0.16447777271409342,0.23863777602849795,0.25065252516882797,0.31114057256493577,0.3488420267638925
2019-12-04,0.0,0.0492900972852822,-0.10860529910317084,-0.08354253777166988,-0.042606694263554686,0.027986750153497258,0.25355160213700595,0.3333347257089598,0.3262336099983648,0.33375243839781205,0.3751059945947947,0.32414504655407306,0.44402858825642244,0.40142189399286776,0.35380264746300977,0.3421066921749791,0.2681715462470482,0.3028416994223033,0.34920780788557404,0.3483723825078543,0.3341701510866795,0.36173918855132453,0.26775383355819593,0.192565549563693,0.2794497888462266,0.1570599710107333,0.1871352846085375,0.21721059820634167,0.19047698611940125,0.16875592629876404,0.1574776836995856,0.10735216103658364,0.08103626163851067,0.12531380665750483,0.13450348581237637,0.07727684743879464,0.06516317946189644,0.017126220243186246,0.02506276133150096,0.005430264955155504,0.11487098943604608,0.08396025046052216,-0.007518828399462446,0.02130334713176974,-0.0914790788599846,-0.15246513143329754,-0.22765341542780043,-0.24519734835985416,-0.21345118400662566,-0.16165481058818426,-0.23767851996040693,-0.20969176980689444,-0.12740237010179656,-0.17126220243192325,-0.10735216103659885,-0.05388493686273316,-0.042188981574702404,0.003341701510863756,0.022974197887209218,0.010860529910311008,-0.09022594079341259,0.004594839577435765,0.005012552266288036,-0.01294909335461795,0.07184658248362394,0.2460327737375587,0.29281659488969686,0.3057656882442996,0.37844769610565854,0.42606694263551637,0.5409379320715625,0.6641631752847755,0.6223919063989406,0.6052656861557393,0.5960760070008525
2019-12-11,0.0,0.06783317252798031,0.11670676267237726,0.0695184687398619,0.08847805112346058,0.149991362856908,0.24226133045709444,0.2953481611311647,0.24141868235115369,0.21150467459037076,0.28018049522429184,0.28439373575398047,0.3134650954088226,0.27259666227085544,0.30251067003163834,0.27975917117131377,0.24352530261599797,0.22751498860318436,0.23172822913287297,0.17147888955832905,0.13061045642034658,0.11122954998376983,0.13398104884409437,0.1297678083144058,0.15673254770441897,0.0792089219581426,0.12513324373175447,0.06572655226313602,0.07204641305766891,0.007583832953436413,-0.028228711548916683,-0.007162508900473684,-0.07625965358737284,-0.06235595983938821,-0.006741184847510955,-0.037919164767197394,-0.04171108124392326,-0.02022355454250221,-0.0560360990448553,-0.015167665906888153,-0.008426481059377199,-0.04634564582657459,-0.03328460018454606,-0.06572655226315134,-0.10406704108331148,-0.09564056002393427,-0.09732585623581584,-0.03075665586672371,-0.045924321773611866,-0.034548572343449574,0.02401547101922808,0.05266550662110749,0.12513324373175447,0.07668097764033557,0.0476096179854781,0.0813155422229869,0.09142731949424567,0.10364571703033341,-0.016010314012813612,0.029914007760782922,0.01643163806577634,-0.14198620585050886,-0.23130690507991025,-0.22414439617943654,-0.2233017480734958,-0.18159066682958783,-0.1634737325519146,-0.07836627385221714,-0.08889937517643864,-0.02485811912516887,0.16600167686972161,0.38803945278431384,0.3914100452080617,0.426801265657452,0.4381770150876143
2019-12-18,0.0,-0.1319996720505072,-0.0893662375994067,-0.09346560629662733,-0.17094367467410318,-0.08075756333524936,-0.02295646470442955,-0.04304337132081659,-0.06804952037385646,-0.0729687628105242,-0.13527916700828072,-0.21111748790686233,-0.1156021972616247,-0.12093137656800854,-0.19553988685742696,-0.20209887677297397,-0.18488152824464435,-0.15454619988522067,-0.16110518980076768,-0.1188816922193982,-0.10330409116996282,-0.13896859883578525,-0.10207428056079959,-0.14019840944494846,-0.13117979831106008,-0.16356481101910902,-0.1463474624907794,-0.09838484873329507,-0.12052143969829242,-0.12257112404690275,-0.12708042961383947,-0.12093137656800854,-0.09059604820856992,-0.06108059358859333,-0.07542838402886552,0.004919242436667737,-0.0016397474788942166,-0.042633434451100495,-0.04017381323275917,0.0024596212183264116,0.05411166680331527,0.05985078297941521,0.06927933098303457,0.06149053045830942,0.11601213413134079,0.11601213413134079,0.19144051816020632,0.14921702057883682,0.1324096089202233,0.04140362384192238,0.06477002541608294,-0.012298106091661884,-0.02049684348610314,-0.01680741165859861,0.03484463392637534,0.09346560629662733,0.046322866278590114,0.029105517750260494,0.026645896531934082,-0.0024596212183264116,0.0036894318275045306,0.12257112404690275,0.06640977289497715,0.04181356071165339,0.09469541690579054,0.07952775272608616,0.07091907846191388,0.1168320078707879,0.13937853570550135,0.1459375256210484,0.2336640157415758,0.31073214724932063,0.15659588423383097,0.17914241206854442,0.2598999754037938
2020-01-01,0.0,0.07949418749974986,0.1081776572161523,0.15734931958712792,0.09260663079867967,0.047942370811704195,0.00696598550255786,-0.05695717557970447,-0.017210081829844445,-0.0122929155927439,-0.05531812016734756,-0.12415844748671041,-0.09260663079866477,-0.07416725740954891,-0.0487618985178752,-0.03360063595350298,-0.042205676868417745,-0.06638174420082005,-0.08195277061829268,-0.15939813885257031,-0.2073405096642745,-0.20119405186790257,-0.17578869297622887,-0.14136852931655486,-0.1557102641747561,-0.14587593170055502,-0.20283310728027437,-0.19135971939371638,-0.1557102641747561,-0.17619845682932928,-0.18767184471588724,-0.18357420618497264,-0.21307720360756094,-0.2192236614039329,-0.1335830161078111,-0.13563183537326842,-0.1212901005150672,-0.10367025483213725,-0.18357420618497264,-0.24626807570796355,-0.23151657699667683,-0.20160381572100297,-0.21594555057920423,-0.1712812905922287,-0.1700519990329573,-0.15816884729329891,-0.16554459664894228,-0.16800317976749998,-0.21963342525701843,-0.20693074581118903,-0.20119405186790257,-0.15325168105619838,-0.15038333408457005,-0.18890113627515867,-0.16226648582421355,-0.17292034600460054,-0.08072347905902127,-0.09506521391722249,-0.12825608601762506,-0.10285072712595135,-0.16472506894277128,-0.18931090012825907,-0.20283310728027437,-0.19955499645554564,-0.20693074581118903,-0.2175846059915611,-0.17947656765405798,-0.15407120876238428,-0.18439373389115854,-0.26101957441926515,-0.16308601353039945,-0.1446466401412836,-0.16144695811802764,-0.1688227074736859,-0.13809041849182616
2020-01-08,0.0,-0.02387114606628945,0.3120000670067258,0.3886390096405896,0.3668618237555534,0.4342873415919153,0.7123652536623303,0.6105987888534281,0.5075759479357771,0.44601351860693017,0.3857074653868321,0.5109262842257791,0.47909808947072147,0.621068589759694,0.5871464348233985,0.5636940807933535,0.5452672311983345,0.46025244783944275,0.3748188724443216,0.4116725716343747,0.3932457220393405,0.2923168413029427,0.36057994321179376,0.24666850935161702,0.21400273052407026,0.2751463678166726,0.20855843405281502,0.17882419947902575,0.1294067392014382,0.1528590932314831,0.16374768617399363,0.1549530534127363,0.17966178355151483,0.24164300491662155,0.23452354030035766,0.1729611109715107,0.17044835875401299,0.13987654010770417,0.24541213324286815,0.297761137774198,0.41879203625063866,0.5343786382558088,0.4665343283832023,0.5683007931921197,0.4857987620507408,0.48956789037698745,0.5959410675846557,0.4707222487457087,0.43638130177316853,0.3630926954293067,0.40162156276435335,0.43596250973690875,0.5038068196095152,0.4644403682019491,0.42591150086690255,0.4698846646732196,0.4690470806007153,0.47867929743447696,0.5356350143645576,0.5657880409746068,0.5716511294821217,0.48496117797823646,0.4992001072107643,0.438056469918162,0.4564833195131961,0.5532242798870876,0.5440108550895705,0.587565226859643,0.6897504837048049,0.7341424395473665,0.6826310190885411,0.7119464616260858,0.7090149173723281,0.7492189528523834,0.7467062006348857
2020-01-15,0.0,-0.22470727322784914,-0.2445462937470558,-0.3324048131892989,-0.34212188446402253,-0.3068975010931676,-0.3554828574667566,-0.42309747842000417,-0.40285357993100884,-0.39232675271672235,-0.36358041686235476,-0.4125706512057178,-0.4583218617908592,-0.4299804039062656,-0.41419016308484335,-0.36074627107389245,-0.4218828445106675,-0.4368633293925122,-0.41540479699418004,-0.4328145496947132,-0.45953649570019595,-0.43605357345296425,-0.39273163068651107,-0.3396926166453343,-0.3704633423486161,-0.31944871815633885,-0.38827797301892325,-0.388682850988712,-0.39637553241452145,-0.36641456265081707,-0.3700584643788274,-0.34900480995028393,-0.32511700973326346,-0.35629261340631935,-0.41823894278264234,-0.4170243088733056,-0.46399015336776905,-0.49273648922215135,-0.47937551621940266,-0.4890925874941264,-0.46034625163975873,-0.4235023563897783,-0.45548771600239685,-0.45508283803260813,-0.4656096652468946,-0.472492590733156,-0.4186438207524164,-0.3826096814420134,-0.4105462613568182,-0.4089267494777074,-0.4060926036892451,-0.43605357345296425,-0.43483893954361275,-0.4433413769089996,-0.5486096490517758,-0.5607559881451731,-0.5579218423567108,-0.51743404537872,-0.4676340550957942,-0.39475602053541065,-0.4441511328485624,-0.45791698382107043,-0.3785609017442143,-0.29758530778823267,-0.33361944709863567,-0.36762919656015386,-0.32552188770303747,-0.2595267786289154,-0.26033653456847816,-0.2971804298184439,-0.17814630670315967,-0.05830242764829797,-0.004048779697799083,0.020648776458784164,-0.0036439017280103375
2020-01-22,0.0,-0.06588450977424194,-0.05360789304612399,-0.14527329794939578,-0.17350951642407303,-0.1481378418526263,-0.21525001329967705,-0.21033936660842686,-0.29341113980202205,-0.2573997307328791,-0.2606734951937075,-0.31387216768221865,-0.3858949858205047,-0.4227248360048586,-0.6752139200464875,-0.6846259928713748,-0.6928104040234535,-0.6698940527976394,-0.6019634402353926,-0.5810931917975831,-0.5553122966685384,-0.6027818813505885,-0.6011449991201817,-0.665392626664002,-0.6981302712723165,-0.6948565068114732,-0.7083607852124149,-0.6649834061063892,-0.6768508022769091,-0.659254318299943,-0.7046778001939735,-0.7713807510834114,-0.7656516632769653,-0.7104068880004345,-0.7026316974059538,-0.7361877831294792,-0.8053460573645348,-0.7648332221617544,-0.7222742841709395,-0.6510699071478644,-0.6936288451386644,-0.7087700057700128,-0.6919919629082576,-0.7161359758068806,-0.7071331235395911,-0.6551621127239037,-0.6342918642860943,-0.6604819799727518,-0.6748046994888895,-0.701813256290743,-0.7386431064750968,-0.7296402542078074,-0.7284125925349986,-0.7083607852124149,-0.7251388280741701,-0.7897956761755883,-0.767697766064985,-0.7357785625718664,-0.8470865542401387,-0.9604406486964309,-0.8970114622678214,-0.911334181783959,-0.9907229699591278,-1.0021811455720349,-0.9469363702955041,-0.9583945459084112,-0.9432533852770628,-0.7820204855811227,-0.8888270511157428,-0.8708213465811638,-0.8487234364705604,-0.869593684908355,-0.9096972995535373,-0.9706711626365291,-0.9416165030466559
2020-01-29,0.0,0.03879520260176087,0.09740072142569144,0.18448356981898625,0.08667013347200554,0.21584990383742034,0.2397873692725577,0.3029327522307302,0.25093067214751785,0.2616612601012037,0.17788013107826803,0.2678519839206327,0.18654714442546258,0.1514663761153651,0.08543198870812276,0.1770547012356745,0.33347365640657073,0.35658569199911455,0.3062344716010893,0.3165523446334709,0.29013858967056794,0.34172795483247603,0.33883895038342116,0.3664908501101919,0.30045646270294957,0.2608358302586102,0.27734442711042073,0.20842103525410857,0.3045836119159022,0.3087107611288548,0.35287125770745115,0.3603001262907629,0.3223303535316106,0.3318227967213987,0.3223303535316106,0.31366334018440106,0.3173777744760644,0.34709324880932646,0.3210922087677128,0.24391451848551032,0.21213546954577198,0.21584990383742034,0.29385302396223134,0.2946784538048249,0.24267637372161255,0.2529942467539942,0.26207397502249297,0.23566022005960505,0.27734442711042073,0.2785825718743036,0.19727773237913343,0.2290567813188718,0.15518081040702847,-0.05489108453226718,0.04704950102766616,0.16219696406903594,0.43623967180909756,0.31820320431865795,0.3524585427861619,0.3206794938464235,0.30334546715201943,0.38671388125366585,0.3829994469620025,0.36236370089723924,0.377634152985167,0.1514663761153651,0.07635226043962393,0.11968732717562672,0.0928608572914345,0.10771859445807305,0.06149452327300042,0.13248148973578894,0.1572443850135048,0.15435538056443493,0.13537049418484376
2020-02-05,0.0,-0.1665854562567415,-0.051225027798944986,0.005830490968976862,0.1732488745070051,0.2286385387123686,0.1665854562567415,0.07746223715937874,0.03956404586097611,0.133684828646029,0.17366533814765606,0.2240574386653143,0.26695319365142217,0.1570067925219819,0.30776663043432084,0.2873599120428791,0.3194276123723049,0.32150993057551414,0.32525810334128175,0.3394178671231108,0.3110983395594678,0.2544592844321666,0.21073060216477194,0.18782510192946997,0.22364097502467847,0.1732488745070051,0.23488549332199646,0.1303531195208972,0.17866290183534617,0.11577689209843231,0.08579150997221581,0.16866777445995076,0.11077932841072705,-0.07996101900323896,-0.0899561463786495,-0.18615924736691164,-0.10703115564495945,0.05497320056472773,0.025404282079147016,-0.013743300141178142,0.12452262855190518,0.11161225569201379,0.1361836104898892,0.11952506486421505,0.019157327469519213,0.032900627610697356,0.02582074571979796,0.07829516444066548,0.0732976007529602,0.12285677398934686,0.130769583161533,0.058304909689859526,0.049559173236371504,0.1824110746011289,0.130769583161533,0.09120553730055687,0.15867264708454024,0.3031855303872665,0.33358737615411876,0.4564441501434657,0.4372868226739464,0.5372380964279914,0.5168313780365345,0.6592619431360515,0.6542643794483461,0.6471844975574317,0.5518143238504563,0.5926277606333549,0.6188649699937886,0.6684241432301753,0.7134022164194924,0.6567631612922064,0.6792521978868574,0.6730052432772295,0.720065634669756
2020-02-12,0.0,0.24154390585137325,0.3962636820014784,0.4551065755904804,0.46457081721669596,0.41107727759032775,0.4567525306559131,0.4699201711793298,0.4472882890297125,0.4522261542259956,0.5225907332729816,0.5209447782075489,0.5843140482264834,0.5974816887499002,0.5653855649740822,0.5867829808246174,0.6608509587688196,0.5941897786190498,0.5402847502263158,0.5073656489177816,0.46333635091761394,0.4098428112912457,0.44811126656242883,0.4699201711793298,0.4781499465064633,0.4254793844128115,0.44358489013249636,0.4637478396839796,0.5044852275532817,0.49584396345979753,0.5242366883384144,0.5365813513291147,0.4526376429923463,0.3686939346555779,0.2999753106740246,0.3703398897210106,0.38679944037527775,0.3509999177022437,0.3477080075713933,0.3649905357583768,0.36704797959016017,0.39173730557156095,0.39297177187062793,0.4431734013661457,0.4411159575343623,0.4053164348613283,0.38721092914162847,0.41107727759032775,0.38885688420706116,0.3703398897210106,0.408196856225828,0.4044934573286119,0.4143691877211782,0.34235865360875944,0.3316599456834769,0.34112418730969246,0.32919101308534277,0.40860834499217874,0.5369928400954653,0.5357583737963983,0.47526952514196363,0.4785614352728141,0.5139494691794975,0.48637972183359696,0.4308287383754454,0.4707431487120462,0.47362357007653094,0.46086741831947986,0.4382355361698626,0.45839848572134584,0.4431734013661457,0.42753682824459494,0.3575837379639596,0.39667517076784403,0.39214879433791155
2020-02-19,0.0,-0.03060228607348459,0.05169305079979488,0.15053016392899365,-0.15053016392900873,-0.10297255719319742,-0.041354440639835906,-0.12778522157709898,-0.23075777877028134,-0.1327477544538823,-0.15053016392900873,-0.20759929201197924,-0.1645906737465439,-0.203877392354388,-0.32463235902271187,-0.3233917258035198,-0.2497808214646149,-0.2688038641589334,-0.29403007294924227,-0.22910360114469694,-0.19023042694324516,-0.14680826427141747,-0.10669445685077364,-0.15011661952260133,-0.18568143847286922,-0.14970307511620898,-0.12364977751311537,-0.1616958629017674,-0.17079383984251928,-0.1306800324218905,-0.10834863447637308,-0.05003887317421047,-0.11579243379154054,-0.09015268059483926,-0.10173192397400536,-0.07857343721568821,0.01654177625593436,0.013646965411142839,0.007030254908775113,0.09139331381403133,0.04383570707822004,0.12447686632590005,0.14060509817544206,0.18071890559608592,0.203877392354388,0.24605892180702363,0.24895373265181514,0.230344234363889,0.21338891370154728,0.17823763915768673,0.12654458835789184,0.11537888938513315,0.10876217888276542,0.05169305079979488,0.04383570707822004,-0.015714687443134635,0.031015830479876928,0.035151274543860515,0.09966420194199851,0.09759647991000672,0.07485153755809697,0.06616710502373745,0.07526508196450436,0.06451292739813799,0.09097976940763898,0.0884985029692398,0.11579243379154054,0.1757563727193026,0.2605329760309662,0.2187649909847229,0.26094652043735855,0.24854018824540777,0.27211221941011726,0.2944436173556346,0.3242188146163045
2020-02-26,0.0,-0.08263371540777106,-0.06516988895561748,-0.03194602399785323,-0.16782311273537967,-0.23512273662418737,-0.22191838003841421,-0.2317151607310861,-0.16484148382891026,-0.22788163785135304,-0.2947553147535134,-0.21382538729228523,-0.21126970537246317,-0.10819053460605363,-0.1891204620672818,-0.22021459209185587,-0.2934774737936024,-0.25982766184920625,-0.22915947881126408,-0.2956072087267926,-0.3731295602949195,-0.33777596040396507,-0.3599252037091464,-0.39101933373372044,-0.3548138398694868,-0.3420354302703455,-0.2679206545953198,-0.2619573967823965,-0.22830758483798488,-0.218510804145313,-0.22830758483798488,-0.2334189486776445,-0.2691984955552308,-0.2581238739026479,-0.19934318974660103,-0.1733604235616711,-0.2001950837198802,-0.12096894420519493,-0.09839375391338175,-0.1077645876194218,-0.1563225440961494,-0.14269224052374443,-0.14056250559055422,-0.03237197098448508,-0.054947161276298256,-0.03918712277068757,-0.09413428404700132,-0.0681515178620869,-0.04216875167715697,0.11245000447244957,0.14269224052374443,0.20402860659962885,0.16185985492245636,0.2342708426509237,0.28495853406085697,0.1414143995638334,0.18784262110738628,0.13502519476426275,0.07454072266165754,0.07496666964830487,-0.1452479224435665,-0.22362216798497261,-0.29901478461989384,-0.39613069757338004,-0.5230628995915138,-0.751796431416146,-0.615919342678604,-0.48643145874063276,-0.49154282258029236,-0.4216875167716626,-0.6712924509415497,-0.5520272946828976,-0.42211346375829445,-0.46257842748890854,-0.4685416853018474
2020-03-04,0.0,-0.49201196333476077,-0.6941905588322189,-0.4409167191567619,-0.7215000858928642,-0.6074167389781896,-0.4246190981689466,-0.4061190959665622,-0.3638333766468401,-0.32947622969954793,-0.23080955128685776,-0.3197857523554563,-0.4347500517559617,-0.5576429235289291,-0.621952454994343,-0.5651310196584515,-0.5061072031080068,-0.5814286406462668,-0.6589524593991118,-0.776559616257094,-0.8325000991071547,-1.0351191708475203,-1.0404048857624895,-1.0152977399163976,-0.9606786857950913,-0.7576191378118021,-0.8628929598682158,-0.8386667665079548,-0.8743453421839693,-0.8435120051800006,-0.8699405797548309,-0.8065120007752478,-0.890202486928877,-0.9602382095521677,-0.8884405819572153,-0.9131072515603837,-0.8126786681760318,-0.8496786725808007,-0.6840596052451878,-0.7888929510586942,-0.7708334250992173,-0.7488096129535253,-0.7347143731802793,-0.7505715179251871,-1.0994287023129503,-1.2201191928713324,-1.1756310923370412,-1.4786787474617586,-1.5839525695181724,-1.6451787672831866,-1.4835239861338045,-1.785250212529784,-1.94514308870752,-2.022226431217442,-2.243785981403099,-1.9627621384240739,-1.9812621406264421,-1.9583573759949353,-1.9354526113634123,-2.141595493047086,-1.9997621428288266,-1.8116787871046143,-1.7376787782950927,-1.7306311584084775,-1.7768811639144306,-1.93897642130672,-1.5355001827976504,-1.7011192501332473,-1.6235954313804182,-1.3095358701828386,-1.160214423835057,-0.9267620150907225,-0.8153215256335244,-0.8602501024107232,-0.8813929620706004
2020-03-11,0.0,1.1998877524360625,1.602914566056738,1.8235390882788458,1.4350270458570111,1.4809904879866185,1.203274532382458,1.2226275606475558,1.188759761183635,0.9579748991223402,1.0803828028990978,0.8108918843076076,0.8404052524118747,0.6246189872560415,0.6391337584548649,0.7968609388154047,0.6826780720513349,0.4518932099900403,0.4330240074315629,0.650745575413913,0.6763883378651816,0.8650803634498849,0.9700705417880264,0.9473307335765506,0.7242870828212881,0.7479945424460398,0.7242870828212881,0.6376822813349861,0.83508316963898,0.876692180408933,1.0000677355989314,1.2608497914711312,1.3518090243170873,1.518245067396935,1.3208441790929237,1.4693786710275527,1.2439158917391704,1.2777836912030918,1.2637527457108888,1.3092323621338755,1.454380074122109,1.6590383480255144,1.5201803702234344,1.7141944785810503,1.6343632369875218,1.4069651548726227,1.8893393843801711,1.8138625741462966,1.7258062955400981,1.7238709927135991,1.6682310364514428,1.8564392363295084,1.794509545881199,1.9396572578694322,1.8607936676891625,1.652264788132723,1.4214799260714461,1.3358427759983849,1.4132548890587762,1.2192407807011603,1.4553477255353673,1.658070696612256,1.7364504610859057,1.8583745391560251,1.753384360817866,1.7020988359153642,1.7722535633763434,1.6687148621580632,1.6304926313344883,1.713226827167792,1.3861606494876286,1.2381099832596376,1.160214044492626,1.1065093910569692,1.0794151514858394
2020-03-18,0.0,-0.5286930114596118,-1.0133741176988416,-1.1421089404684086,-1.5002558191990973,-1.5437175756042127,-1.4931038846007925,-1.9018644543349013,-1.9728336515027434,-2.7342396118149956,-2.465766989970791,-2.7424918440438137,-2.8288652080387786,-2.7402912487828073,-1.8996638590738955,-1.9711832050569837,-2.293570410796128,-1.8336460012433522,-2.302922940655459,-2.4641165435250314,-2.6830757719963287,-2.725437230770931,-3.010414317072772,-3.2359753313271273,-3.2337747360661218,-2.8838800895642307,-3.098988276328763,-2.99170925735413,-3.3366525645187024,-3.5666147692951102,-3.9522690887885252,-3.980326678366498,-4.022688137141101,-3.9522690887885252,-4.08925614378691,-4.434199450951482,-4.8330573420110134,-4.100259120092001,-4.6482073400855,-4.556882636753257,-5.05696790981961,-5.120235023573881,-4.954640230182275,-4.916679961929706,-5.257772227387512,-5.6505784814792515,-5.815072977240343,-4.983798117390762,-5.236866572407844,-5.597214046399559,-5.647277588587713,-5.1758000539146,-5.115283684236601,-5.129037404617965,-4.873768354339856,-5.162596482348483,-5.010205260522975,-5.680836666318251,-5.664332201860614,-5.606566576258889,-6.068141432257425,-5.567506010375807,-5.153243952489152,-5.564205117484287,-5.600514939291077,-5.612618213226681,-5.3947592823858965,-5.4409717828672655,-6.009825657840453,-6.2755475356083865,-7.098570163229169,-7.382446951900497,-7.022649626724029,-6.816343821003581,-6.090147384867606
2020-03-25,0.0,2.5351803132453847,2.3955579400528784,1.908818833506791,1.5953148936995474,1.0045054071349713,0.41822071970162655,0.10471677989438297,0.07433598572749074,0.21977595780301612,0.3897791251624151,0.8377342391550284,0.7239678609981707,0.6205438808555749,0.7097470637285709,1.3270589452046895,1.4259581262160421,1.4085053295669863,0.9579646160707984,0.548147094755765,0.8959102279852386,1.036179001053639,0.9101310252548502,1.1712765751149024,1.2824573537681976,1.2423805614629368,1.096294189511518,1.7375228663956168,2.102738796274158,1.9728124212200198,2.177721181877543,2.0303420101743366,2.2947195594138448,2.489932321932999,2.09692119739114,2.441452331241157,2.613394698228225,2.696133882342297,2.5565115091497903,2.6114554986005447,3.0025274235147346,3.7542904791762353,4.260421581999059,4.494418337071687,5.074885425622001,4.809861476506598,5.473714149046891,5.435576556369311,5.684440508587432,6.529931546253148,6.550616342281672,6.694763514605411,5.880299670982468,5.956574856337628,6.877694679482622,6.6281843273886185,6.830507488542567,7.239032210105825,6.986936258508249,6.90096507501472,7.434891372500861,7.553828949664856,7.7238321170242425,8.23448801897831,7.066443443242863,7.5505969502854,7.470443365674879,7.598430541101337,7.880260886989925,7.966232070483452,7.816267299276683,7.828548896918626,7.313368195833315,7.231275411595125,7.304964997446735
2020-04-01,0.0,-0.8707960065702869,-1.0927179319905533,-1.2936708565836963,-1.6507263428897696,-1.6151955359327084,-1.9815705781619546,-2.2658170338183385,-2.569867545811446,-2.1219463892545476,-2.1504875292692347,-2.3700795657087026,-2.3421208979392256,-2.196502836639847,-2.329888980790065,-2.4015330669493555,-2.342703370184415,-2.7335422467119397,-2.8011090271548644,-2.8366398341119043,-3.1465150685569876,-3.3433906874337436,-3.378921494390805,-3.4470707470788975,-3.6101629757342018,-3.5082303328246365,-3.2921331298563663,-3.196025209398776,-3.382416327861981,-3.3829988001071705,-3.276406379236029,-3.3859111613331585,-3.4313439964585815,-3.35969991029927,-3.494833471185098,-3.411539940121857,-3.2822311016880046,-3.0428350089118337,-3.251942544937729,-3.1616593469321144,-3.2577672673897045,-3.1744737363264637,-3.0416700644214343,-3.1313707901818604,-3.4313439964585815,-3.5577404736664255,-3.7540336202979927,-3.650353560652839,-3.7126780908889776,-3.9165433767081077,-3.799466455423395,-3.7668480096923425,-3.941589683251597,-4.00973893593971,-3.8571312076979574,-3.9223680991600833,-3.9835276849058223,-4.245057722999495,-4.278258640975757,-4.463484814948563,-4.243310306263906,-4.045852215141961,-4.072645938421038,-4.124485968243626,-4.277676168730568,-4.144872496825538,-4.077888188627824,-4.212439277268442,-4.197877471138504,-3.8676157081115083,-3.8623734579047433,-3.8845074032222446,-3.868198180356718,-3.844316818303608,-3.837909623606443
2020-04-08,0.0,0.3210993336325615,0.13983358077546798,1.2182209485665663,1.164128946126663,1.5749979859360836,2.373718192176225,3.018218646779224,3.275443381785961,2.8639988951420823,3.0239731151238938,2.9457123456363954,3.3525532576045425,3.883690685817546,4.788868556434076,4.443600455753898,4.402743730506751,3.98094120084245,4.080493503205251,3.491811391545531,3.461312709318786,3.772629446765426,3.4653408371600594,3.2921313399855117,3.4377193891056494,3.596542715418523,3.960800561636106,3.9751867324977805,3.5412998193097027,2.7540885497589005,2.285099379668325,1.420202787464462,1.968603620711495,1.9881688130833592,2.4928356869108903,1.97665987639402,2.2856748265027838,2.306390912543586,2.0376572408475306,2.1567747355821756,2.1659818849336596,2.0261483041581916,1.547951984716132,1.0691802184396142,1.4357398519950744,1.342517464811422,1.2481441839588525,1.8799848082035744,1.781583399509732,1.3402156774735667,1.592836837804551,1.5151515151515111,1.3183486977638261,1.3643844445211832,1.1595253714509317,0.7751268860270042,0.9391292338500887,0.5904084521631172,0.23535775529699648,0.3124676311155571,0.3792194639137374,0.878131869396599,0.7659197366755411,0.6209071343898621,0.519628491523664,0.7106768405667001,0.9730805970836481,1.0116355349929178,0.8286434416324275,1.0150882159997323,0.5909838989975759,0.6865080735190834,0.5276847472062098,0.7659197366755411,0.7020451380496956
2020-04-15,0.0,-0.42679744247749124,-0.5317298073159022,-0.7617111043451706,-0.6361184811447959,-0.34524379104867126,-0.48442868948718276,-0.07829150537165531,0.10275760080032108,0.23487451611500548,0.33219520682007186,0.35231177417249837,0.39906920099170035,0.35720499325823546,0.3833021617154539,0.5757687790874769,0.447457700839455,0.4528946109347096,0.5567395937540855,0.624700969944769,0.4300595885346559,0.3403505719629539,0.3631855943630077,0.363729285372545,0.39254490887739074,0.47464225131572835,0.3860206167630812,0.300661128267579,0.3376321169153266,0.42027315036318164,0.17724326910531393,-0.04567004480012732,0.03262146057152799,0.09677699969552908,-0.034252533600100436,0.08372841546692976,0.3273019877343348,0.33600104388673435,0.3599234483058628,0.24357357226740506,0.20986472967684192,0.18866078030534084,0.2729328867817881,-0.061437084076373764,-0.390370144839281,-0.22345700491495885,-0.33763211691530676,-0.27891348788656034,-0.36481666739158014,-0.6388369361924231,-0.8758862163455186,-0.797051019964326,-0.5730503240398298,-0.664390413640124,-0.9574398677743385,-1.4070723326519035,-1.3070331868992096,-1.5875777478143622,-1.7104519159671099,-2.323735374711832,-2.694532643208204,-3.1099125744856684,-3.3480492366578183,-2.6048236266365024,-2.687464660084377,-2.565134182941147,-2.6156974468270113,-2.618959592884176,-2.9136401200469635,-2.7581444913226876,-2.856552564046789,-3.037057979209248,-2.947348962637546,-2.864707929189671,-2.948980035666118
2020-04-22,0.0,0.024372005428318362,-0.2298723239261085,-0.5273215719943541,-0.33123771013930414,-0.6165009554933906,-0.8081535436342064,-0.7333757997064362,-0.6026532251363961,-0.5406153931370568,-0.4686071952806854,-0.5533553050655078,-0.44423518985238725,-0.3733348104245795,-0.31628216135374604,-0.2935718835682831,-0.05871437671364857,0.10358102307032281,0.5334145733514236,0.5937906777079277,0.3833051762816115,0.5799429473509332,0.6990334284210858,0.7754728999916913,0.922258841775833,0.9344448444899921,0.70346470213532,0.7477774392777023,0.4641759215664512,0.6597058742072094,0.7328218904921443,0.9089650206331101,0.8081535436342064,0.7444539839920318,0.8474810978480627,0.967125488132487,0.794305813277212,0.9820810369180452,0.8718531032763811,0.8546819176336958,1.1571163486304676,1.1332982524164208,1.1067106101309956,1.072368238845645,1.1211122497022818,1.2163846345583877,1.4335170465560654,1.347107209128428,1.3033483812003173,1.2274628188439833,1.4440413216273893,1.0961863350596919,1.0108843160605978,0.8973329271332429,0.9106267482759657,0.9848505829894441,0.9831888553466087,1.0075608607749271,1.0851081507740963,1.2584817348436632,1.2933780153432852,1.4938931509125695,1.49721660619824,1.4468108676987883,1.6733597363392059,1.698839560196088,1.8406403190517033,2.002935718835675,1.836762954551741,1.8960312404796813,1.6827761929819662,1.6417869111252745,1.7863572160522891,1.750907026338375,1.8633505968371864
2020-04-29,0.0,0.08715430563525825,0.446400102034309,0.4804115383797686,0.5032629721743975,0.5080458304104678,0.5170801181897374,0.5580001275428863,0.6132687116042653,0.4958229704738179,0.5250515485832072,0.5229258338116075,0.578194417873006,0.7046744467827228,0.6191144272261547,0.7105201624046124,0.572880130944026,0.6456858618710541,0.6143315689900651,0.6871372999170933,0.7163658780264824,0.6775715834449333,0.6419658610207644,0.7078630189401225,0.779074463788441,0.8300916183066596,0.784388750717421,0.8524116234083594,0.7408115978997822,0.7859830367961111,0.7259315944986424,0.7849201794103305,0.7897030376464008,0.7641944603873013,0.8008630401972701,0.7705716047020811,0.7992687541185607,0.8284973322279501,0.8678230555024088,0.8465659077864893,0.8678230555024088,0.9507259315944869,1.0309716642220947,1.0570116701740844,1.0006802287269054,1.0490402397806147,1.052228811938014,1.0979316795272331,1.0208745190570252,0.9289373551856772,0.9050230640052679,1.010777373891975,1.1229088280934425,0.9448802159726168,0.9624173628382465,0.9236230682566975,0.9985545139553058,0.9757030801606963,1.0655145292604637,1.2302574240588398,1.262143145632719,1.3280403035520578,1.3014688689071585,1.3880917458495456,1.601726080394521,1.7021661033522484,1.7728461195076768,2.0082690304614808,1.9854175966668715,1.8786004293943837,1.7436175413982875,1.6750632400144585,1.5262632060030223,1.4539889037688845,1.2451374274599796
2020-05-06,0.0,-0.6838774006155823,-0.7722070490310835,-0.917978063900799,-0.9331512550396514,-0.9499501452291113,-0.8832964841548533,-0.7917154376381765,-0.5771231629600729,0.03522347942948802,0.15498330948975908,0.30292192309360483,0.5760393635930274,0.46061473100099715,0.7326483721333547,1.0225647028222176,0.8068886287770487,0.8567433996618665,0.5776650626436153,0.7949668357393719,0.8941344778254651,1.118480946807135,1.0447825898469834,0.9770451294056604,0.9434473490267601,1.0686261759223172,0.9678328347856363,0.8659556942818903,0.8318160142194478,0.696882993020344,0.5857935578965741,0.8659556942818903,0.7819612433346498,0.8702908917501312,1.0751289721246882,1.1168552477565472,1.088676464212953,0.9662071357350486,0.8502406034594956,0.8686651926995433,0.8404864091559489,0.929357957254953,0.8139333246629423,0.8724584904842416,0.8979277756101831,0.8030953309923308,0.6963410933368015,0.6269779338448906,0.4362292452421208,0.4958382104304851,0.725603676247461,0.5906706550483375,0.6811679021979491,0.9878831230762719,0.9418216499761723,0.9705423332032894,0.7104304851086086,0.6833355009320794,0.7906316382711313,0.7803355442840422,0.6042181471366022,0.3571118914466633,0.0764078553778243,0.04768717215070724,-0.25306715220876735,-0.17124029999565693,0.13601682056618863,0.01137989335415411,-0.022759786708268795,0.40425716391382815,0.3896258724584984,0.37391078163610353,0.4752460224563269,0.4974639094810927,0.49692200979755025
2020-05-13,0.0,-1.4497819327643486,-1.6454164145155645,-1.7502764967342082,-1.6767179315957588,-1.857223346758206,-2.1624131382901024,-2.332484714425837,-2.142067152187987,-2.1994532668350106,-1.9088708499405347,-1.9923415621543865,-2.000688633375764,-2.181715740489559,-2.0330335343586357,-1.9553014336094972,-1.9130443855512234,-1.634460883537504,-1.7231485152647215,-1.9172179211619123,-1.8520064272448404,-1.8968719350597973,-1.8029673838192137,-1.634460883537504,-1.6668057845203563,-1.6991506855032277,-1.7106279084326361,-1.7674923311283304,-1.793055236743811,-1.7867949333277684,-1.7007157613572337,-1.7257569750214043,-1.6840216189144785,-1.7471463450261964,-1.8264435216293597,-1.9229565326266258,-1.757580184052928,-1.9787775714196432,-1.922434840675278,-1.880699484568352,-1.8707873374929684,-1.944345902631418,-2.140502076333981,-2.2166691012291135,-2.0956365685190246,-2.0690302790008666,-2.2641430688007342,-2.2255378644018395,-2.253187537822674,-2.1592829865820904,-1.9949500219110694,-1.919304688967266,-1.9464326704367718,-2.006427244840478,-1.8827862523737058,-1.8254001377266829,-1.8003589240625308,-1.8050541516245486,-1.7054109889192703,-2.061726591682147,-2.0575530560714586,-2.0492059848500808,-2.1133740948644757,-1.8953068592057913,-1.997558481667752,-1.9782558794682954,-2.091984724859665,-1.985037874835667,-2.083637653638287,-2.3455270132092516,-2.0345986102126417,-1.9881680265436976,-2.0492059848500808,-1.9970367897164234,-2.039815529726007
2020-05-20,0.0,0.5692332787724402,0.6862298419983913,0.549546357075765,0.7137915323737447,0.7514779253359556,0.7964766034997844,0.9151606171568751,0.971971448338701,1.073218474207316,1.0287822795205472,0.9505970762108863,0.8797241581028639,0.5776705309281581,0.6063571882575909,0.5231096336545114,0.6164818908444687,0.6620430524853373,0.6136694734592295,0.7025418628327875,0.6704803046410553,0.5630459605249218,0.5765455639740582,0.591170134377315,0.4887981415546,0.6766676228885736,0.7424781897031776,0.8527249512045707,0.8291006451685564,0.7593526940146134,0.7256036853917416,0.7295410697310808,0.6209817586608476,0.5478589066446256,0.6536058003296195,0.5906076509002548,0.6890422593836307,0.6496684159902802,0.6041072543494117,0.589482683946155,0.8386628642783741,0.8594747529291286,0.829663128645596,0.8645371042225677,0.7317910036392804,0.8808491250569638,0.8532874346816103,0.7880393513440667,0.8161635251964597,0.6586681516230584,0.6389812299263833,0.4893606250316397,0.5517962909839647,0.6502308994673405,0.7492279914277559,0.8122261408571205,0.8032264052243424,0.7762271983260493,0.8982861128454392,1.3133989189067572,1.2594005051101707,1.2667127903117887,1.7875724900581005,1.720636956289417,2.0620644268574737,1.8798197802939582,1.940567995815123,1.7532609979581892,1.7661981179302857,1.8455082881940466,1.7515735475270497,1.807821895231836,1.9478802810167413,2.1070631050213025,2.11606284065406
2020-05-27,0.0,-0.3804144370306874,-0.41454713615645383,-0.36499966968357284,-0.5263041994230593,-0.7465151615247526,-0.8489132589020321,-0.6463191737684781,-0.6000748717271145,-0.5929180154588135,-0.4552861641452551,-0.5791548303274577,-0.5582347889278008,-0.39527867697255564,-0.4646451300345811,-0.2537931338222137,-0.19268459183898173,-0.21085199621238745,0.21085199621236742,0.19488670145998666,0.2471868049591388,0.3049921825108333,0.16736033119727498,0.1706634956288124,0.22956992799099937,0.07597278192508021,0.11450970029287656,0.13322763207150848,0.10790337142982176,0.12221708396642382,0.16736033119727498,0.2543436612274399,0.2361762568540542,0.21360463323863862,0.19653828367574536,0.22186254431745212,0.2730615930060918,0.43106295831406083,0.4635440752240486,0.47015040408710346,0.6584307766840553,0.7008213868886353,0.676598181057441,0.6110854198321992,0.6843055647310082,0.8186342516130293,0.8731364647332063,0.9419523903899855,1.1027063927242258,1.1098632489925269,1.1324348726079423,1.0735284402457552,1.3328268481204915,1.4209112329611686,1.5062429807755748,1.824447821012518,1.9191385347162497,1.942811213142178,2.1883464358855784,2.4696659399704837,2.051265111977266,2.0947567769923583,2.189998018101337,2.2472528682477653,1.9081279866111653,1.9796965492942156,2.006121864746415,2.1701790315121725,2.115126290986749,2.21146858690624,2.2863403140208276,2.5715135099425166,2.6320715245204824,2.6436326000308132,2.574816674374034
2020-06-03,0.0,0.42390906482791735,0.30964652810068055,0.32052867445565975,0.2572143683903327,0.07568038146870844,0.06875537924280767,-0.2873875923745761,-0.24831079409988374,-0.13602682943719518,-0.22803043043834545,-0.20626613772838703,-0.1780714858086919,-0.06727145019438752,-0.10189646132385537,-0.1380054015017254,-0.025226793822890815,0.09150895798502222,0.015828576516331766,-0.028689294935841204,-0.03660358319399809,-0.06380894908143712,-0.15531790706645934,-0.14789826182443053,-0.1899429181959272,-0.08656252782366966,-0.08953038592047399,-0.02720536588743904,-0.008903574290430994,0.0004946430161460522,-0.03561429716172398,0.017807148580879985,0.18598577406686675,0.2814518761809674,0.2735375879228105,0.22704114440608936,0.19637327740569993,0.13503754340493906,-0.002473215080676276,0.05688394685555435,0.13850004451787146,0.08656252782366966,0.10931610656590221,0.1261339691144901,0.06281966304918102,0.053916088758750015,-0.013355361435637494,0.02671072287131098,0.01533393350020371,0.037592869226290196,0.03413036811333981,0.21121256788975756,0.16125362326010398,0.13751075848561534,0.12415539704995984,0.21764292709951233,0.23347150361584407,0.241880434890147,0.20972863884135542,0.23693400472879445,0.4036287011663791,0.4501251446830823,0.32052867445565975,0.4783197966027954,0.5683448255394155,0.5906037612655018,0.21665364106725615,0.1657054104053105,0.15482326405034927,-0.25919294045486296,-0.331410820810621,-0.33437867890742534,-0.5678501825232694,-0.6934895086216134,-0.43578049721515266
2020-06-10,0.0,0.4293826817306356,0.07594861306911459,0.17572424200304695,0.3767646883624775,0.27003951313463165,0.006453150130052183,-0.22238548140499606,-0.036733316124940206,-0.14991164148283823,-0.10325040208088912,-0.1985584655401783,-0.013402696423965648,0.2159323312749439,0.32166471417508524,0.3032980561126151,0.5112880487659591,0.5678772114448991,0.545539384071629,0.4407997934991922,0.46959077100251445,0.38172865000098194,0.34698091853145074,0.4954033715227412,0.5073168794551591,0.39860611957190434,0.2601115898576227,0.19309810773781255,0.20947918114489172,0.12112066397949792,0.12062426781565472,0.17522784583920373,0.1022576097531846,-0.009927923277008914,-0.04666123940194912,0.171753072692247,0.16232154557909936,0.3037944522764764,0.1876377499354649,0.04963961638504458,0.2045152195063873,0.34052776840139853,0.43136826638602654,0.36385838810237314,0.33357822210750315,0.5609276651510037,0.4859718444095756,0.4532096975954534,0.40009530806345206,0.34400254154835525,0.3018088676210674,0.37279351905167757,0.32513948732204195,0.28096022873934506,0.3102476024065286,0.34896650318685973,0.20352242717868274,0.19558008855706477,0.2576296090383705,0.3946349502611044,0.29287373667176303,0.36733316124932985,0.3266286758135897,0.2333061970097095,-0.0694954629390624,-0.08835851716537572,-0.08240176319918482,-0.03176935448643575,-0.04815042789349685,-0.11615670234101153,0.13799813355042032,0.24124853563130944,0.5629132498063947,0.5787979270496125,0.6681492365426928
2020-06-17,0.0,-0.278433079874857,-0.351331922605736,-0.010631081231596498,0.48599228487247764,0.5867344355908238,0.4323306367511305,0.2450211102898631,0.4267619751536407,0.48953597861632464,0.7254447335648508,0.6009092105662674,0.6176151953587736,0.5173792866038104,0.2612208531189493,0.18477831664422326,0.2738769022041701,0.065811455243148,-0.058217825792015544,0.0536616481213287,0.12504176496196648,-0.04303056688975062,-0.032905727621574,0.09162979537699102,0.07340508469428048,0.3017202101916558,0.2779268379114371,0.26476454686281486,0.39790618323933363,-0.038474389219082195,0.17414723541262675,0.23692123887532915,0.5447163526278946,0.46827381615316854,0.48599228487247764,0.44498668583635126,0.6333086962244401,0.7487318638816498,0.7193698300039413,0.7305071531989392,0.7563254933327822,0.8165682869784405,0.739113266576893,0.6160964694685324,0.6231838569562634,0.8752923547338575,0.9902092804276657,1.029696153573551,0.9861593447203988,1.0555144937074123,1.2539613433636594,0.8616238217218153,0.6854516184555459,0.7426569603207401,0.8666862413559037,0.9269290350015619,0.9340164224892928,0.8287180941002413,0.9790719572326679,0.8742798708070361,0.695070215760321,0.7629066388570933,0.7497443478084711,0.7553130094059609,0.6596332783217029,0.4844735589822364,0.5639535472374265,0.11238571587674571,-0.01265604908522077,0.16047870240058465,0.24198365850941747,-0.04100559903612635,0.04454929277997343,-0.00404993570728538,0.011643565158399425
2020-06-24,0.0,-0.07550395327303205,-0.11491796661680903,-0.10874468741838904,-0.12678965738300796,0.07312961511979227,0.015195764180738074,-0.06410713013747418,0.03039152836147615,-0.03039152836147615,0.00854761735165977,0.060783056722935026,0.14578436260892622,0.18377377306076276,0.17000261177196513,0.0992473348054299,0.07312961511979227,-0.060783056722935026,-0.15148277417670514,-0.3181613125341311,-0.462995939881758,-0.687133461547597,-0.5043094237481336,-0.36374860507632806,-0.551321319182271,-0.47059382197211835,-0.4606216017285182,-0.4910131300899943,-0.6975805494218555,-0.7374694303962736,-0.8177220599757852,-0.6876083291782381,-0.7493411211624725,-0.6971056817911973,-0.678110976565279,-0.49006339482869493,-0.47771683643183765,-0.18757271410594298,-0.04701189543415464,-0.09734786428283115,-0.29204359284849346,-0.04748676306479569,-0.1315383336894875,-0.01709523470331954,-0.02516798442433826,-0.1438848920863275,-0.248355770828878,-0.31958591542607157,-0.7678609587577497,-0.7293966806752549,-0.6168530522117028,-0.86853289645512,-0.9093715126908375,-1.1795711945295317,-1.2916399553624427,-1.3381769831659391,-1.2028397084312712,-1.2413039865137663,-1.2821426027494836,-1.0504071989932842,-1.2583992212170858,-1.1724481800698123,-1.132559299095377,-1.2902153524705025,-1.2845169409027235,-1.6492152812403509,-1.6762827361872876,-1.9540803001163427,-2.015338224469936,-1.88332502314979,-2.0324334591732556,-2.1169598974285884,-2.155899043141724,-2.155899043141724,-2.1136358240140494
2020-07-01,0.0,0.029543385187635288,-0.16079350626705813,0.13851488792887398,0.2019605184137659,0.166605319746612,0.04455723667642113,0.12640694317984746,0.25620411088940825,0.3399910885526683,0.2789670470175816,0.24458048393033574,0.2571727464693339,0.19033689145471103,0.1365776167690227,0.1249539898099678,0.1336717100292634,0.18258780681532347,0.06344563048490955,0.015982487068729106,-0.004843177899610609,0.11284604506094129,0.18936825587478537,0.19614870493422967,0.1273755787597731,0.10558127821152535,0.17629167554583322,0.36469129584069293,0.3046358898855143,0.36323834247079567,0.37389333384994256,0.3264301904337621,0.3918130920785053,0.4475096379240273,0.4082798969371884,0.5506693271857297,0.6199267711501579,0.6819194482651878,0.7066196555531948,0.5908677037524943,0.6857939905848728,0.7061353377632408,0.7226021426219064,0.8766151998295202,0.9599178597028262,1.0272380325074206,0.9366706057846989,0.8993781359576936,0.9516844572734846,0.8688661151901502,0.9168135763963023,1.0979484298417286,1.0901993452023586,1.1187740948100506,1.019973265658005,0.8209186539839982,0.8616013483407344,0.942482419264235,1.0446734729460119,1.0204575834479588,1.057750053274964,1.0635618667545004,1.0596873244348153,1.067920726864139,0.9947887405800261,0.9332803812549679,0.9458726437939661,0.731319862841202,0.9066429028071095,1.0204575834479588,1.1299134039791692,1.1759235940254698,1.0906836629923127,0.9381235591545785,0.8993781359576936
2020-07-08,0.0,0.06978689577720965,0.07764369861303987,0.17284966238856722,0.21675532529475236,0.11091956944720459,0.01525144079898727,-0.09797895301170076,-0.007856802835847021,-0.039746179051908255,-0.14974141875371613,-0.20751202784080186,-0.27960974798149496,-0.11831420741034485,-0.21213367656776871,-0.1959579060233847,-0.073022049886073,-0.03835968443382156,-0.044829992651581885,-0.10629792072023773,-0.23293109583911956,-0.18532811395136428,-0.170076673152377,-0.20982285220428526,-0.21583099554935564,-0.04575432239696181,-0.11230606406529131,-0.11323039381068803,-0.3517074681221712,-0.3854455038290259,-0.3993104500099265,-0.3059531457252094,-0.30502881597981263,-0.33599386245049395,-0.44968642113387197,-0.29162603467160203,-0.2491068663835036,-0.2842313967084618,-0.28192057234497836,-0.29439902390779227,-0.15944688108035662,-0.1881011031875545,-0.07995452297652329,-0.048989476505841976,-0.14835492413562942,-0.10768441533832444,-0.13495214282743562,-0.10260060173866761,-0.09936544762978744,-0.16175770544384005,-0.23893923918418994,-0.178395640860914,-0.17377399213394715,-0.23801490943879322,0.0337380357068547,-0.036973189815734865,0.0392840141792183,0.004621648726966858,-0.10491142610215105,0.029116386979887842,0.04113267367001176,0.0018486594907934687,0.010629792072020411,-0.05176246574203218,-0.3826725145928525,-0.433510650589488,-0.7981587351471798,-0.8614753227066122,-0.6890878251907518,-0.8730294445240294,-0.813410175946167,-0.7861424484570559,-1.0149140604419153,-1.149404038396661,-1.2455343319175682
2020-07-15,0.0,-0.017755349967289377,-0.015419119708435063,0.12054948135687914,0.34716381646574745,0.31258760863471385,0.2593215587328287,0.23689374824783072,0.38127277824501704,0.40790580319595954,0.43967853471637486,0.5438744042612907,0.5167741332585671,0.657415194841607,0.6896551724137864,0.7461919446780709,0.8176805905990094,0.814877114288391,0.9148677693673455,0.9036538641248549,0.7826371367161947,0.9158022614708905,1.0125221941874625,0.8957106812447468,0.9284179048687071,0.9583216521820324,1.0470984020184961,1.1241940005606885,1.082609101953092,1.142416596579759,1.1143818334735072,1.1101766190075626,1.0513036164844407,0.9550509298196498,0.806933931408283,0.8873002523128748,0.7765629380431769,0.687786188206713,0.6466685356508806,0.7116157368470203,0.8022614708905744,0.7181571815718191,0.6592841790486802,0.7317073170731639,0.7718904775254682,0.7676852630595237,0.7985235024764109,0.7074105223810927,0.8662741799831859,0.8601999813101511,0.8377721708251531,0.955518175871414,0.9653303429585952,1.0330810204653702,0.9508457153537052,0.8480515839641154,0.9382300719558886,1.0293430520512068,0.8840295299504752,0.8728156247079679,0.7961872722175566,0.6191010185963929,0.3326791888608575,0.34576207831043826,0.21399869171105165,-0.30230819549575144,-0.10419586954489894,-0.18783291281189013,-0.018689842070834503,-0.0485935893841765,-0.29015979814969883,-0.8041304550976477,-0.9419680403700521,-0.9545836837678687,-0.7891785814409935
2020-07-22,0.0,-0.8409608946506225,-0.7448001994444178,-0.6704537360210938,-0.9055132131918293,-0.9705107201367618,-0.9397927202792318,-0.7982228078923129,-0.8440772134767529,-0.8516454163402082,-0.8280504309423748,-0.7292186053137817,-0.7968872426811026,-0.7879834746064533,-0.7448001994444178,-0.6183666927843927,-0.6455231854120663,-0.6504202578531331,-0.6419616781822098,-0.5787449248521974,-0.5774093596410033,-0.5742930408148728,-0.649975069449391,-0.6103533015172118,-0.49193318612436776,-0.4549825486145769,-0.5636085191253035,-0.4674478239190825,-0.5039532730251474,-0.4816938528385245,-0.5168637367333953,-0.5809708668708597,-0.6094629247097436,-0.5489173018021356,-0.5097407222736662,-0.48213904124226664,-0.4839197948571868,-0.44518840373245955,-0.5115214758886025,-0.5333357076714995,-0.5760737944298091,-0.5738478524111469,-0.507959968658746,-0.5368972149013559,-0.4963850701616924,-0.44607878053992767,-0.4812486644347985,-0.8690077640857642,-0.8284956193461168,-0.9958864591495152,-0.9642780824845172,-1.0591032124795277,-1.2193710378232132,-1.053760951634735,-1.1027316760453054,-1.0942730963743985,-1.0101324880689573,-0.9397927202792318,-1.0355082270817106,-1.1169777049647474,-1.2674513854263154,-1.151702400455876,-1.2064605741149654,-1.097834603604255,-1.1761877626611614,-1.3845359356079492,-1.5234347175724798,-1.338681530023509,-1.338236341619783,-1.246972718854629,-1.04619274877128,-0.9153073580739466,-0.866336633663376,-0.762162547189974,-0.7755181993019478
2020-07-29,0.0,0.3888479990068225,0.5227500465553542,0.45712917557131033,0.32943450771044913,-0.08512977857390208,0.0026603055804440175,0.16316540893330292,0.050102421764843495,0.02438613448731478,0.030150129911585954,0.10153499631991707,0.04034796796993049,-0.0186221390630436,-0.04433842634057232,-0.18356108504995972,-0.1374491216557742,-0.10508207042715964,-0.12547774654381644,-0.10951591306121687,-0.029263361384771282,-0.05320611160868679,0.004877226897472634,-0.0549796486623,-0.1401094272362021,-0.0873466998909307,0.05497964866231613,0.03591412533587326,0.18888169621084777,0.1640521774601176,0.21016414085431928,0.24829518750720503,0.15518449219200314,0.20218322411301948,0.07670547756918689,0.12503436228041717,0.04300827355035838,0.08912023694456005,0.020839060380072216,0.06783779230107242,0.12991158917787368,0.10153499631991707,0.011527990848558482,-0.01108460658514308,0.0008867685268146725,-0.07714886183258617,-0.1370057373923588,-0.04345165781375765,0.038574430916301146,0.07360178772535973,-0.07049809788150031,-0.10153499631990093,-0.18356108504995972,-0.20306999263981798,-0.1556278764554024,-0.1844478535767744,-0.1928721545814896,-0.18178754799634653,-0.12414759375360251,-0.43008273550355147,-0.6442373347285126,-0.49481683796078063,-0.511665439970195,-0.5422589541451962,-0.44116734208869457,-0.703650826024886,-0.8575051654266591,-1.0211139586233773,-0.9364275643128906,-0.773705539642987,-0.580390000798082,-0.6123136677632973,-0.625615195665469,-0.6114268992364826,-0.7200560437708848
2020-08-05,0.0,0.2711606122403245,0.32763373148375746,0.245613248773051,0.38365865136812205,0.40786141675817406,0.36573067700512535,0.4889855007507274,0.4634381372834702,0.47016112766959395,0.43027138471191984,0.5266342469130268,0.5096026712681834,0.5217040539632093,0.4338569795845159,0.45223315330659725,0.2962597763485133,0.31105035519799856,0.36483427828698856,0.2595074289043832,0.22768527441005432,0.1945185218385203,0.3365977186652558,0.3630414808506824,0.31418775071150995,0.2079645026107678,0.2196176859467091,0.21558389171502834,-0.11249803912779753,-0.0761938910427358,-0.20258611030186552,-0.3285301302019106,-0.2989489725029726,-0.7319095533693355,-0.6252381059095086,-0.3724536673912491,-0.32584093404746756,-0.3339085225108128,-0.39531183470407966,-0.3195661430204122,-0.3724536673912491,-0.21244649620151698,-0.17569414875737052,-0.29267418147591723,-0.21782488851040288,-0.2940187795531387,-0.14969858593102864,-0.16090356990790156,-0.341079712256005,-0.27340160903569904,-0.34332070905137957,-0.3464581045649072,-0.4437173654841674,-0.511843668063558,-0.4473029603567634,-0.6404768841180623,-0.7323577527284201,-0.5369428321717468,-0.5723505815386717,-0.4607489411290109,-0.458059744974568,-0.380073056495526,-0.27564260583107364,-0.3697644712368061,-0.329874728279132,-0.35094009815565635,-0.3890370436770243,-0.587589359747209,-0.5257378481948738,-0.4486475584339849,-0.5347018353763722,-0.5373910315308315,-0.46478273536069165,-0.4396835712524865,-0.36393787956883544
2020-08-12,0.0,-0.2577730534148318,-0.2529010541234766,-0.19355124457436765,-0.19487997165382231,-0.16121888564089581,-0.06466471786694368,-0.13375852599876306,-0.05802108246965429,-0.06687926299937348,-0.14394543360793693,-0.18690760917707824,-0.159004340508466,-0.07440871644963802,-0.12179998228363895,-0.1319868898928128,-0.19620869873327695,-0.15944724953494552,-0.15058906900522634,-0.15546106829656545,-0.20683851536894643,-0.12711489060147366,-0.1253432544955234,0.025245814509702928,0.035875631145356295,0.025688723536182446,-0.04650544778102578,-0.05004871999291023,0.027903268668612244,0.10851271148906015,0.04871999291345558,0.08459562405881187,0.09832580387988629,0.059349809549125054,0.07750907963504296,0.05802108246965429,0.007086544423768911,0.05447781025776983,0.1253432544955234,0.10939852954203529,0.12622907254849852,0.16343343077332562,0.118699619098234,0.226326512534319,0.24935778191159214,0.23917087430241826,0.19177960846841735,0.1749490654619541,0.21171051466028554,0.22278324032243452,0.05669235539019963,0.08459562405881187,0.13774470723712703,0.1120559837009446,0.0314465408804967,-0.01151563468862851,-0.005757817344314255,0.045176720701571124,0.11692798299229983,0.09655416777393601,0.14970325095225118,0.16077597661440018,0.11338471078039926,0.14660288776684624,0.14704579679334187,0.18026397377978884,0.23119851182567425,0.1833643369651938,0.19355124457436765,0.20240942510408683,0.18114979183276397,0.20019487997165708,0.1864647001505826,0.11914252812472964,0.2081672424484011
2020-08-19,0.0,-0.017900568888804917,-0.09779823002666668,-0.08688324899690372,-0.0349279392952415,-0.06199709224905685,-0.05282850818404643,-0.16809070785834976,-0.1715835017878707,-0.23707338796644856,-0.17638609344096007,-0.21349702894215417,-0.17900568888811272,-0.2187362198364436,-0.2121872312185858,-0.1039106194033403,-0.15106333745191317,-0.12574058146286626,-0.13010657387477143,-0.1816252843352495,-0.11438900119191911,-0.12355758525691364,-0.15280973441668158,-0.1698371048231023,-0.28247970905026887,-0.323083438480984,-0.2850993044974056,-0.25803015154359027,-0.21087743349501742,-0.20258204791239123,-0.22921460162502239,-0.16634431089358132,-0.1453875473164396,-0.16241491772287617,-0.12748697842763468,-0.19952585322407027,-0.22222901376596454,-0.21917281907764363,-0.205638242600728,-0.17245670027025492,-0.198216055500486,-0.17332989875263916,-0.13228957008072403,-0.15019013896952893,-0.19952585322407027,-0.16372471544644457,-0.13840195945739764,-0.135782364010245,-0.139711757180966,-0.17944228812929688,-0.1327261693219082,-0.14058495566335025,-0.139711757180966,-0.19123046764144405,-0.21349702894215417,-0.11744519588024002,-0.15979532227572354,-0.04496972184262026,-0.025322755989046913,-0.05981409604310426,-0.06068729452547259,-0.1060936156092929,-0.07684146644952496,-0.1514999366931132,-0.13403596704549245,-0.20258204791239123,-0.23445379251931178,-0.12355758525691364,-0.135782364010245,-0.16590771165239715,-0.3152246521395578,-0.4278672563667084,-0.42131826774885067,-0.4086568897543193,-0.32744943089288914
2020-08-26,0.0,-0.09858549360063201,-0.07860781648333029,-0.10596854818746641,-0.07426484319695897,-0.09337392565698328,-0.15982141693846125,-0.21150279904628622,-0.2901106155296007,-0.3778386759143044,-0.3587295934542801,-0.3157341579191978,-0.4160568408343689,-0.3947762717311589,-0.3387519163369626,-0.23191477349223458,-0.24581228800862592,-0.29532218347324946,-0.27143583039820723,-0.21323998836084104,-0.19369660857217014,-0.25449823458136855,-0.24060072006497718,-0.22713750287721665,-0.2640527758113728,-0.24190361205088545,-0.2892420208723391,-0.31747134723375264,-0.3739299999565798,-0.3313688617501282,-0.2792531823136724,-0.2931506968300638,-0.26144699183955633,-0.3000994540882674,-0.31747134723375264,-0.34526637626651957,-0.3048767247032695,-0.24668088266588756,-0.26926434375502156,-0.3053110220319003,-0.3643754587265597,-0.2640527758113728,-0.23582344944995925,-0.1615586062530161,-0.16329579556757093,-0.18283917535624186,-0.20629123110263747,-0.17762760741259312,-0.1663358768680182,-0.11118011613111514,-0.1923937165862461,-0.18935363528579885,-0.25015526129499727,-0.20889701507446976,-0.20889701507446976,-0.15938711960983043,-0.1459239024220857,-0.08468797908424065,0.01693759581683865,0.01693759581683865,-0.027360731704136124,-0.03430948896233971,0.053852868750994834,0.04820700347871528,0.1654672822107408,0.29271639950141715,0.25015526129498145,0.19977677117308051,0.23104617883495715,0.20889701507445396,0.20585693377399086,0.35221513352470735,0.33354034839331387,0.352649430853354,0.3682841346842844
2020-09-02,0.0,-0.1533294710568717,-0.03963915302890411,0.15202268579220135,0.19079064864465858,0.2151839735855202,0.14461756929229183,0.213877188320834,0.1677041089684673,0.22607385079126482,0.14548875946875456,0.0714375944696911,-0.06533926323446777,-0.1572498268509461,-0.22215349499719045,-0.21561956867374366,-0.3410709540839186,-0.26963335961422746,-0.2173619490266533,-0.17554482055660026,-0.20472969146799902,-0.21605516376196707,-0.0762291404402124,-0.10236484573399951,-0.08711901764595703,0.025700110205563665,-0.03876796285244137,-0.15158709070396206,-0.022215349499712704,0.01698820844096796,0.05880533691102099,0.0762291404402124,-0.019601778970340333,0.015681423176281774,-0.04878664988172326,-0.07143759446967525,-0.036154392323068996,-0.15376506614511098,-0.2247670655265628,-0.30753013229022197,-0.20298731111507354,-0.2173619490266533,-0.09321734888116451,-0.1881770781152545,-0.21605516376196707,-0.2177975441148926,-0.15376506614511098,-0.11891745908672818,-0.050093435146425294,-0.13634126261591958,-0.11978864926319092,-0.1119479376750421,-0.1759804156448237,-0.13939042823353126,-0.023957729852638183,0.020908564235042365,0.03310522670547318,-0.08537663729303155,0.006533926323446777,0.06925961902854218,0.23957729852638185,0.48263935775861466,0.3937779597597321,0.47741221669985406,0.5275056518462793,0.4103305731124608,0.4077170025830884,0.3584947576131258,0.4978851858466571,0.5654024245222737,0.42383402084759364,0.4617307935235722,0.4464849654355298,0.5383955290520239,0.5789058722573909
2020-09-09,0.0,0.2001140962330318,0.38240065605333673,0.4225126129820088,0.42919793913678744,0.42206692457169664,0.42607812026455416,0.2571622127538228,0.16847021910041926,0.05437398605886976,0.19521152371953396,0.15331681314958112,0.19521152371953396,0.08378942113988944,0.08066960226765614,0.15064268268767614,0.10919366052805161,0.21303906013227708,0.2856862710142021,0.26518460413955397,0.27365268393559716,0.2959371044515261,0.23487779223789387,0.2540423938815895,0.17827536412743122,0.24958550977840374,0.2313122849553323,0.16624177704882637,0.16401333499723347,0.12835826217174723,0.03788351487707914,0.03476369600484584,0.08468079796052984,-0.0031198188722332894,-0.0918118125256368,-0.2059080455671863,-0.19432014689890975,-0.051699855596964786,0.00668532615477867,-0.09626869662882259,0.05036279036599608,0.0231757973365693,0.08245235590893694,0.1622305813559527,0.1564366320218144,0.029861123491347973,0.04234039898026492,0.0075767029754190696,0.1965485889504864,0.15554525520117402,0.1858520671028503,0.1140962330415495,0.23888898793075133,0.3173301481468308,0.25448808229190156,0.28524058260388996,0.325352539532562,0.3008396769650402,0.275435437576878,0.26028203162603986,0.13058670422334012,0.1412832260709925,0.29994830014439977,0.2812293869110163,0.4216212361613684,0.3663558732818744,0.4684185192448191,0.3899773590287558,0.42384967821296127,0.41003333749309184,0.29058884352771613,0.4523737364733567,0.5539906940259893,0.6092560569054994,0.5495338099228035
2020-09-16,0.0,0.01473334806667194,-0.04030004030005291,-0.07670007670007985,-0.062400062400068707,0.0021666688333354996,0.004766671433331794,0.08710008710008078,0.05200005200005199,0.10616677283343948,0.09013342346675364,0.06240006240005294,0.050266716933377295,0.06630006630006315,0.06846673513339864,0.12480012480012165,0.17463350796683813,0.19240019240018294,0.16206682873348593,0.1755001755001755,0.1451668118334785,0.14993348326681027,0.1538334871668205,0.1538334871668205,0.013433346766673793,0.10400010400010398,0.08926675593341628,0.14430014430014113,0.1525334858668066,0.10963344296677313,0.03986670653336058,-0.041600041600051055,-0.12176678843346454,-0.0108333441666775,-0.05503338836672485,-0.018633351966697912,0.06890006890005944,0.12220012220010958,0.13606680273345995,0.11743345076677777,0.1885001885001885,0.059366726033380085,0.15556682223347942,0.27083360416693747,0.33583366916700247,0.30030030030029714,0.30333363666697,0.26476693143359176,0.22056688723354445,0.19846686513352862,0.24873358206690593,0.17506684173349893,0.1737668404335008,0.25350025350025346,0.37223370556702945,0.4034337367670638,0.38133371466704796,0.3107003107002981,0.36096702763369115,0.3462336795670034,0.44633377966711296,0.49400049400049395,0.4294337627670898,0.5057005057004931,0.5165338498671705,0.4368004368004336,0.5447005447005321,0.5152338485671725,0.5936672603339269,0.6452339785673024,0.5819672486339121,0.6287672954339557,0.533000533000533,0.60666727333394,0.5039671706338341
2020-09-23,0.0,-0.06617075607861199,-0.23981347840568448,-0.22471411124680157,-0.48007105584544707,-0.3952481403352948,-0.33529477073387365,-0.5320306428333487,-0.42056178527812027,-0.5675585655601166,-0.4503164205617917,-0.4729654713000999,-0.559120683912519,-0.4432108360164284,-0.3477295436882392,-0.3281891861885265,-0.2664594204507605,-0.35261463306317953,-0.29665815476851015,-0.34151215721106454,-0.23093149772399246,-0.26912401465526165,-0.3637171089152946,-0.30820472965471946,-0.3193072055068345,-0.40190962584656376,-0.4076829132896604,-0.33174197846120007,-0.3872543577217752,-0.4183412901076973,-0.43921394470967673,-0.4116798045964282,-0.5209281669812336,-0.6066392805595584,-0.84911735316976,-0.9059620295325859,-1.065837681803042,-0.9143999111801996,-1.0085489064061222,-0.9059620295325859,-0.9028533362939903,-1.0085489064061222,-1.248806483845901,-1.4335516820250884,-1.4411013656045297,-1.4335516820250884,-1.2994337737315356,-1.2128344620850384,-1.1653158654379991,-1.2150549572554614,-1.3189741312312646,-1.3789275008326856,-1.326523814810706,-1.3593871433329567,-1.7386477184412126,-1.7173309648051547,-1.9962251582102808,-1.8567780615077096,-1.9180637282113975,-1.9300544021316688,-1.8101476629288267,-1.8994115687798412,-1.7253247474186746,-1.437104474297762,-1.315421338958591,-1.454424336627068,-1.4917286554901807,-1.3362939935605704,-1.2243810369712478,-1.1950705007216544,-1.2394804041301146,-1.0045520150993703,-1.0969246141889641,-1.1249028533362908,-1.127567447540808
2020-09-30,0.0,-0.15830031704530761,-0.14006910075637313,-0.3010374006732242,-0.1747528780865356,-0.11605725491243317,-0.3286065570125771,-0.31259865978328377,-0.3739622658289297,-0.44021717380574416,-0.3815215506316579,-0.2845848396319962,-0.2752468995815778,-0.2436757689349097,-0.14629439412332954,0.08670944332537385,0.06447625272912413,0.25034572611376843,0.11961456540781369,0.11427859966471055,0.16852758471956306,0.26457496809537145,0.10538532342621064,0.11383393585279201,0.0818181413941892,-0.0013339914357879238,-0.058250959362183934,-0.24500976037068145,-0.23745047556795332,-0.24145244987528472,-0.2601283299761215,-0.21832993165518177,-0.26813227859078437,-0.129397169270183,-0.09916003005928661,-0.06936755466030878,-0.12272721209130807,-0.19209476675160067,-0.09204540906847701,-0.05691696792641218,0.07114620990799905,0.054248985054836336,0.04135373450902122,0.132509815953645,0.17164023140304124,0.11161061679316704,0.26590895953114324,0.12228254827937336,0.06758889941258617,0.18987144769195954,0.17697619714614443,0.02979247539896166,0.17875485239383468,0.14407107506368838,0.14362641125176986,0.21299396591206243,0.26413030428343676,0.22233190596249705,0.2685769424026867,0.3979741116728697,0.3841895335031852,0.31926861696214254,0.21299396591206243,0.3125986597832676,0.3721836105812071,0.2703555976503932,0.15607699798566646,0.2165512764074592,0.1013833491188954,0.08448612426574888,0.16585960184801954,0.13962443694443843,0.028458483963189916,0.030681803022814886,-0.11294460822895497
2020-10-07,0.0,-0.28983025451120886,-0.25515337029346297,-0.2983924481452179,-0.1468416208232518,0.05436992957596048,0.04537962626024165,0.20506453753452256,0.33563799045316034,0.42083181711154083,0.42425669456514137,0.46578333369008834,0.46492711432668427,0.42083181711154083,0.471348759552191,0.5252905794464573,0.4799109531862001,0.49831966949933193,0.49189802427382523,0.47648607573259955,0.3874392619389087,0.3390628679067608,0.24573495729606548,0.28554915769420436,0.2748464156516931,0.1613973500010734,0.19350557612860725,0.2786994027869878,0.35361859708456683,0.3429158550420555,0.34420018408716935,0.3561872551747789,0.374167861806201,0.3656056681721919,0.3968576749363218,0.39557334589122356,0.2825523899222981,0.40499175888862105,0.3994263330265183,0.40927285570562555,0.4572211400560793,0.4760579660509054,0.5368495408523726,0.5719545347517973,0.4978915598176222,0.5659609992080001,0.5013164372712227,0.43153455915405214,0.4191193783847484,0.4619303465547936,0.5608236830275917,0.49917588886272035,0.4734893079606933,0.4032793201618286,0.42982212042725965,0.5077380824967295,0.5124472889954437,0.43966864310636694,0.4062760879337349,0.5402744183059731,0.4987477791810262,0.5569706958922813,0.5749513025237034,0.6280369030545657,0.6580045807735974,0.5766637412505115,0.6592889098186955,0.44609028833187375,0.39300468780101144,0.3656056681721919,0.4306783397906481,0.5081661921784392,0.456793030374385,0.5210094826294528,0.5484085022582723
2020-10-14,0.0,-0.06587007233121624,-0.29914243039588867,-0.1846040243677312,-0.4078070720123547,-0.4296239112558017,-0.6184234816318904,-0.6628962693204894,-0.6419185392787017,-0.5622031651199088,-0.6075150620101669,-0.5932502055817452,-0.5546511823048683,-0.5152130498263013,-0.5877959957708835,-0.5882155503717285,-0.6054172890059881,-0.5273801332505443,-0.5261214694480248,-0.488361555372807,-0.5261214694480248,-0.4694815983351982,-0.5051437394062372,-0.6058368436068179,-0.571852920939128,-0.7312836692567141,-0.7119841576182755,-0.7363183244667462,-0.6813566717572533,-0.6872304361689601,-0.7153405944249585,-0.6645744877238232,-0.6221994730394184,-0.5739506939433067,-0.49717220199036705,-0.5613640559182341,-0.5340930068639103,-0.5202477050363334,-0.33438501686609806,-0.4300434658566466,-0.4912984375786604,-0.5030459664020585,-0.4627687247218322,-0.4346585664658338,-0.43256079346165505,-0.4598318425159789,-0.6389816570728484,-0.6750633527447171,-0.6205212546360692,-0.6813566717572533,-0.7426116434792824,-0.7115646030174306,-0.6574420595096276,-0.5987044153926223,-0.6091932804135161,-0.5932502055817452,-0.5995435245942816,-0.46738382533101946,-0.5479383086914871,-0.5143739406246268,-0.44095188547837005,-0.29242955678252275,-0.042794569285249835,-0.009649755819219261,-0.051605215902794536,-0.04950744289861578,0.1250272710490513,0.1514592109017159,0.10992330541897029,0.3645929481262753,0.3574605199120644,0.41032439961736317,0.4136808364240614,0.5987044153926223,0.41703727323074435
2020-10-21,0.0,0.22787043579698207,0.29560440019902384,0.31776427744166313,0.38884312897466666,0.4373439923736665,0.45574087159396415,0.4093305626518326,0.4139297824569032,0.38382579827823154,0.33783360022746456,0.40096834482442045,0.39720534680207886,0.3432690418152794,0.3474501507289855,0.3449414853807527,0.24459487145180647,0.2646641942376079,0.28431540613201434,0.31441939031070126,0.28849651504572044,0.28598784969750285,0.35999347747010374,0.3549761467736534,0.3332343804223787,0.23163343381932366,0.29100518039395323,0.314837501202081,0.28682407148024713,0.2700996358254228,0.2788799645441995,0.3261264952690753,0.336161156661976,0.3357430457706115,0.3436871527066439,0.4319085507858516,0.46075820229041453,0.4214557785015864,0.4373439923736665,0.43818021415641073,0.38926123986604644,0.40556756462949106,0.29727684376451236,0.2575563090843045,0.2851516279147586,0.2604830853239018,0.3165099447675543,0.3152556120934455,0.27553507741323763,-0.058117413900505566,-0.32570838437769556,-0.4110030062173059,-0.7312759490071866,-0.848765109482337,-0.7442373866396846,-0.6714860915411925,-0.7764319252752094,-0.78646658666811,-1.1063214185666261,-1.0256260165321016,-1.2856909909646237,-1.3663863929991482,-1.3509162900184326,-1.4031801514397588,-1.0135008006823478,-0.9516203887595007,-1.0410961195128172,-0.7145515133523622,-0.5230567251046262,-0.5978985746599713,-0.2713539684995164,-0.19483967537869787,-0.06522529905380897,-0.05310008320405521,-0.12459704562843854
2020-10-28,0.0,-0.39295120191904753,-0.21136329324141317,-0.04361464781172502,-0.06877694462617825,-0.11994028148223618,-0.18536225319980845,-0.17403921963330146,-0.1295858285944402,-0.30991562243135495,-0.4956972472447315,-0.42566218777783366,-0.2717528055960918,-0.29104389982051504,-0.3778538238303817,-0.4009192625769638,-0.45376008588730954,-0.6592521765386774,-0.7745793702715881,-0.7565463908878997,-0.8018385251539124,-0.9087782866153385,-0.7548689044335967,-0.7607401070236419,-0.8873903343230594,-0.7955479509502992,-0.6969956217603573,-0.6185731300219751,-0.6034757519333092,-0.6538003455622157,-0.732642208914166,-0.6387029674735345,-0.6718333249459041,-0.6215087313169976,-0.6273799339070428,-0.6294767919749139,-0.6936406488517667,-0.5971851777296959,-0.6546390887893672,-1.0379447435961955,-1.1675305721906357,-1.3965074732021538,-1.3231174408266653,-1.4225085132437585,-1.5177058695251096,-1.4413802358545984,-1.3881200409306693,-1.5349001056816465,-1.474929964940536,-1.330666129870998,-1.2971164007850606,-1.4824786539848689,-1.421250398403039,-1.4036367906329186,-1.6514854142552766,-1.6091288812842865,-1.6015801922399537,-1.802039823528428,-1.9362387398721785,-1.802459195141996,-1.599063962558499,-1.6862932581819492,-1.6074513948299836,-1.5030278630500118,-1.7324241356751136,-1.5722241792897582,-1.4862529985070432,-1.5084796940264737,-1.6305168335765656,-1.598225219331363,-1.6200325432372102,-1.6003220773992342,-1.6057739083756957,-1.5873215573784243,-1.6103869961250061
2020-11-04,0.0,0.6598293354606288,0.6572833701790993,0.6755294546966726,0.9178204839879969,0.8567173172315081,1.0141428371388441,1.0892488129436906,0.9755290303691133,0.9763776854629563,0.8745390742021519,0.7281460705147456,0.6670429037582721,0.4620926985958908,0.5584150517467382,0.5826017219211823,0.6564347150852716,0.6776510924312726,0.6653455935705859,0.6055154094548695,0.4739738699096638,0.5202255725239365,0.47142790462813433,0.6844403331819867,0.6479481641468713,0.5588393792936674,0.6801970577127866,0.6950485218549872,0.6492211467876283,0.692926884120387,0.8656281957168378,0.7973114606627054,0.8775093670305951,0.9093339330495964,0.9318232930363544,1.084581209927561,0.9437044643501119,0.9004230545642823,0.9475234122723983,1.07864062427069,1.0884001578498474,1.0760946589891607,1.0451187480640025,1.0073535963881146,1.0069292688412008,0.9487963949131551,0.6483724916937852,0.551625810996024,0.2736912677634119,-0.17227698404953676,0.054313926005759273,0.3611027424289296,0.36789198317965915,0.2257422549614529,0.2647803892780823,0.3738325688365301,0.5142849868670655,0.7230541399517023,0.6581320252729425,0.5974531860633829,0.5957558758756967,0.8719931089206381,0.7790653761451478,1.016688802420358,0.9178204839879969,0.9627992039615128,0.8838742802343954,1.0043833035596867,1.0896731404906044,1.1906630966575658,1.1418654287617636,1.157989875544721,1.0794892793645179,1.0544539540962459,0.9326719481301975
2020-11-11,0.0,0.15062378751794367,0.38444553096856615,0.5342807122691355,0.41125814235919145,0.5066794946611359,0.6462627951358683,0.5547844739207952,0.6107755153541544,0.4688263962272992,0.40455498951153157,0.456602999858048,0.4510827563364423,0.32056842736147845,0.33042600507862113,0.4222986294023885,0.42939608535872836,0.4573916060754223,0.39745753355519164,0.35921013201267504,0.36670189107770923,0.22475277195085405,0.11553081084490983,0.06427140671576767,-0.4124410516852601,-0.5417724713341697,-0.3797138936643348,-0.4502941501190824,-0.3016418781445673,-0.47237512420547634,-0.4171726889894771,-0.4656719713578308,-0.6541488573095967,-0.6600634039398824,-0.4968219169439932,-0.3801081967730291,-0.12933141964890962,-0.17507058025646047,-0.3398892796870839,-0.41441256722868863,-0.34225509833919243,-0.27877229784079904,-0.20109458542971154,-0.30795072788354727,-0.25787423308045937,-0.4053435957289058,-0.3162310931659414,-0.36670189107770923,-0.39824613977256595,-0.6975221992650247,-0.7243348106556501,-0.854454836521934,-0.35605570714319223,-0.21962683153794268,-0.16048136523508638,-0.2562970206457108,-0.011829093260571267,0.07136886267210756,0.24683374603724803,0.2838982382537104,0.2906013911013703,0.40376638329415726,0.34501522009999525,0.5007649480308503,0.52166301279119,0.4546314843146194,0.42624166048924556,0.5240288314432985,0.5867230257243319,0.5776540542245635,0.4439853003801024,0.4877529454442247,0.52166301279119,0.5784426604419378,0.6064381811586174
2020-11-18,0.0,0.2589404436979438,0.3083179757544625,0.06415191172696946,0.09758866571799031,-0.038102347571166914,0.07115030209718148,0.05404312563665063,0.015940778065483725,0.06531831012200244,0.11469584217852116,0.06415191172696946,0.020606371645629788,0.056375922426730736,0.008942387695271703,0.009331187160277981,0.03732474864114021,0.0610415160068768,0.14696619777450903,0.17651495711541051,0.08203668711751287,0.0587087192167967,-0.011275184485351806,-0.1543533876097415,-0.13646861221919807,-0.25155325386272553,-0.16679497049012626,-0.1609629785149472,-0.17729255604545135,-0.12130543308372692,-0.1325806175690787,-0.07581589567732755,-0.12130543308372692,-0.17301576193031157,-0.15901898118988753,-0.16251817637498647,-0.16757256942015297,-0.13063662024401904,-0.15357578867971478,-0.1302478207789986,-0.09331187160286467,-0.24105566830740038,-0.22161569505680362,-0.14463340098444308,-0.04354554008133968,-0.06143031547188308,-0.03265915506100829,0.006609590905205744,-0.034214352921047554,-0.0707615026321752,-0.04121274329127372,-0.020606371645629788,-0.049377532056518715,0.018273574855563825,0.10536465501822904,0.23327967900716168,0.370137090691366,0.32386995435494,0.34564272439560273,0.33942193295541745,0.3592507056710205,0.27721401855350764,0.3483643206506891,0.35847310674100796,0.37324748641145866,0.4315674061632491,0.37402508534148543,0.39968585003226753,0.4339002029533151,0.4685033553393831,0.5532616387119823,0.6053607670235873,0.6454071119198139,0.6298551333193365,0.6640694862403841
2020-11-25,0.0,-0.04569687738004569,0.007996953541502455,0.029702970297026933,-0.07044935262757045,-0.07539984767707263,-0.05788271134806065,-0.05597867479055874,-0.0038080731150038076,-0.0845392231530873,-0.20753998476770755,-0.28636709824828915,-0.2688499619192633,-0.31188118811881743,-0.4291698400609319,-0.6142421934501114,-0.5902513328255903,-0.7916984006092972,-0.9364051789794419,-0.8667174409748611,-0.8549124143183549,-0.8564356435643621,-0.9996191926884995,-0.9790555978674734,-1.0887281035795944,-1.191926884996192,-1.2395277989337394,-1.0860624523990887,-0.9455445544554427,-0.9999999999999944,-1.1416603198781388,-1.1264280274181238,-1.0654988575780626,-1.0814927646610815,-0.9691546077684691,-0.9996191926884995,-1.0643564356435644,-1.1378522467631351,-1.1542269611576486,-1.170982482863671,-1.0689261233815717,-0.9961919268849907,-0.830540746382325,-0.8255902513328228,-0.8568164508758568,-0.8099771515613128,-0.8472962680883473,-0.7330540746382331,-0.7159177456207159,-0.9501142421934502,-0.8815689261233816,-0.9051789794364079,-0.835872048743336,-0.7661843107387689,-0.8686214775323631,-0.8834729626808835,-1.3431073876618458,-1.530464584920036,-1.6961157654227017,-1.9383092155369381,-1.9284082254379338,-1.7817974105102874,-1.870906321401368,-1.728484386900234,-1.8008377760853063,-1.768849961919269,-1.8248286367098274,-1.8198781416603254,-1.8602437166793602,-1.8377760853008325,-2.0769230769230824,-2.090251332825596,-2.0388423457730442,-2.0388423457730442,-2.118050266565121
2020-12-02,0.0,-0.20005487219351592,-0.14365845107991804,-0.16575975124605605,-0.19929275839468075,-0.12803511820384464,-0.05487219351592748,-0.17833462892678859,-0.16918926334079373,-0.30446446263355215,-0.35400185955766084,-0.2793147072720871,-0.3139908851189577,-0.3776273873214693,-0.3071318609294685,-0.3574313716524124,-0.28503056076333044,-0.2621671467983572,-0.31703934031429853,-0.23168259484505951,-0.20881918088008622,-0.19814958769643487,-0.2347310500403865,-0.24883015531878944,-0.24692487082170833,-0.2553081226088679,-0.2735988537808438,-0.4058255978782752,-0.4157330772630914,-0.44583657231697843,-0.43631014983157285,-0.3726736476290612,-0.3414269818769283,-0.3745789321261423,-0.3235173076043632,-0.3764842166232234,-0.3132287713201363,-0.2892221866569033,-0.28083893486975753,-0.24501958632462723,-0.22863413964973248,-0.19052844970811042,-0.21834560336549177,-0.24387641562638135,-0.25988080540186537,-0.5628210404377609,-0.6230280305455211,-0.5323364884844634,-0.684378191351527,-0.7030499794229275,-0.6618958342859783,-0.644367216912824,-0.7640190833295227,-0.94883167954639,-0.8661423323730673,-0.7579221729388549,-0.7400124986663036,-0.8082216836617988,-0.7948846921822312,-0.9454021674516384,-0.8478516012010914,-0.8428978615086833,-0.7293429054826384,-0.6588473790906375,-0.5990214458823019,-0.5814928285091474,-0.4606977913942027,-0.21301080677365913,-0.2960812108464064,-0.16728397884371263,0.021339186367316684,-0.10898227323303362,-0.0015242275976565657,-0.038105689941622084,-0.11088755773011473
2020-12-09,0.0,0.09213782034610855,0.06724574791389032,0.05684309077804174,0.14675177030933043,0.11034247033385369,0.12743254991417538,0.14972395806242808,0.11628684584004902,0.13634911317348186,0.11145704074126363,0.04681195711132532,0.16792860805017323,0.22811541005044478,0.22142798760597165,0.1374636835808918,0.1686716549884375,0.18873392232187036,0.1408073948031216,0.14526567643277485,0.1831610702848072,0.15083852846983803,0.14155044174139939,0.22625779270475707,0.2258862692356249,0.19096306313669023,0.18873392232187036,0.18018888253170953,0.19096306313669023,0.27864260185315903,0.23926111412457116,0.26786842124816485,0.2749273671617836,0.24297634881594657,0.24334787228509225,0.1735014600872364,0.18278954681567505,0.15678290397604688,0.1638418498896521,0.13114778460555082,0.14860938765501816,0.08322125708680206,0.08284973361766992,0.18204649987739727,0.15232462234639363,0.15826899785258894,0.2396326375937168,0.2362889263714735,0.24520548963077995,0.25077834166784313,0.29944791612485616,0.36669366403876,0.3893565956561449,0.347374443643605,0.3953009711623402,0.4138771446192175,0.4149917150266409,0.4621751956070984,0.48372355681708684,0.5413096945334064,0.6237879046819306,0.6301038036572716,0.5962951679657604,0.4985844955825886,0.5078725823110273,0.6148713414226377,0.5145600047555003,0.5721461424718199,0.4328248415452404,0.4123910507426754,0.5219904741382513,0.5323931312740998,0.5543130159532205,0.5364798894346074,0.5134454343480904
2020-12-16,0.0,-0.10319766378055026,-0.08599805315045633,-0.1405244783394744,-0.06404110340991429,-0.08160666320234526,-0.03366732293550046,-0.042450102831722604,-0.05452642518901806,-0.09770842634541477,-0.11710373194955756,-0.25506656615263273,-0.23054797227569146,-0.17382585211262452,-0.15991978394361722,-0.18846381860631922,-0.16723876719046457,-0.22139924321713228,-0.12186107106000568,-0.11563993530019608,-0.1335714442549641,-0.06184540843586541,-0.09990412131946363,-0.1383287833654122,-0.14235422415118626,-0.1558943431578565,-0.17711939457371115,-0.19029356441803102,-0.15003915656037062,-0.14308612247587366,-0.18480432698289553,-0.13064385095622782,-0.1412563766641618,-0.1474775124239714,-0.08599805315045633,-0.05964971346180322,-0.09441488388432812,-0.06001566262415357,-0.0918532397479422,-0.09258513807261629,-0.2052974800740761,-0.16504307221641568,-0.2148121582949723,-0.25762821028903193,-0.35643448412147116,-0.18224268284649628,-0.10612525707928654,-0.13942663085244997,-0.14930725823568322,-0.09880627383243919,-0.07428767995549791,-0.15918788561892983,-0.09368298555965404,-0.020859102253517604,-0.0347651704225249,0.04647554361748332,0.06257730676053949,0.0973424771830644,0.09002349393621704,0.15699219064486764,0.16431117389171498,0.10136791796883844,0.11307829116378354,0.11710373194955756,0.052696679377292915,0.05416047602666771,0.08929159561152965,0.12332486770938048,0.0849002056634319,0.06770059503333796,0.17053230965153787,0.16723876719046457,0.16284737724235349,0.13942663085243664,0.10283171461819991
2020-12-23,0.0,0.06679778825101125,0.2868593906557289,0.18926040004453187,-0.12246261179352062,0.17107655768730673,0.27312873418190725,0.3807473930307587,0.42156826362859895,0.2627379671206415,0.3462352024344056,0.2738709318291434,0.15252161650647028,0.34178201655100215,0.43492782127880925,0.46758451775707865,0.4334434259843369,0.4965302259991809,0.4230526589230712,0.37555200950013257,0.39299365421012156,0.37109882361672913,0.4341856236315731,0.4011578283296788,0.3707277247931178,0.4260214495120023,0.35588377184844866,0.24826511299959722,0.37369651538204895,0.37406761420566026,0.3091253200727327,0.3477195977288779,0.47092440716963463,0.4805729765836642,0.4345567224551844,0.5065498942368353,0.4809440754072756,0.5941292166103779,0.5974691060229339,0.526589230712144,0.568894496604443,0.6067465766133522,0.6438564589750251,0.6779975507477668,0.6275281107358835,0.5507106542472315,0.6282703083831197,0.4130329906854168,0.49356143541024977,0.5232493412995881,0.531042416595534,0.48354176717259534,0.5636991130738169,0.6253015177941886,0.6082309719078244,0.6768842542769193,0.5328979107136176,0.5547927413070101,0.6078598730841996,0.5328979107136176,0.5933870189631553,0.6189928377927015,0.6650090919211813,0.6557316213307631,0.6397743719152464,0.7165918284038986,0.7436820425279306,0.7199317178164545,0.6995212825175344,0.714736334285815,0.8835862990314266,0.8735666307937857,0.97747430140647,0.9800719931717763,1.054662856718747
2020-12-30,0.0,-0.5028288593724243,-0.5815076282642696,-0.5182069823831006,-0.4030498751868647,-0.3733665214685672,-0.3844530752669714,-0.41914325973292393,-0.47350313642182484,-0.4398858442589533,-0.49531861325093524,-0.46813867490647176,-0.4041227674899327,-0.4556215980373145,-0.5396648284445129,-0.6104757204471841,-0.5575463668290233,-0.5790042128904357,-0.5207103977569346,-0.4520452903604125,-0.3823072906608223,-0.2728722757476245,-0.35298156771023587,-0.34904762926563576,-0.3129269217289302,-0.28717750645523277,-0.2589246758077013,-0.3147150755673812,-0.30434378330436007,-0.3179337524765853,-0.3304508293457425,-0.29325722950596883,-0.34082212160876363,-0.42415009048057906,-0.4338061212082172,-0.40197698288378364,-0.3443984292856657,-0.4162822135913919,-0.46599289030033575,-0.4642047364618847,-0.4513300288250425,-0.6516032587315578,-0.7259904584111181,-0.664835597136085,-0.6011773204872309,-0.6312183049732135,-0.4656352595326508,-0.45919790571421665,-0.5132001516354455,-0.5607650437382403,-0.5722092283043295,-0.5339427361614748,-0.4617013210880506,-0.3780157214485503,-0.31042350635509613,-0.32329821399193837,-0.2907538141321348,-0.2986216910213219,-0.17845775307740497,-0.1380454763284143,-0.2707264911414885,-0.21851239905871062,-0.21994292212947664,-0.15521175317754154,-0.21636661445257457,-0.23675156821091892,-0.1974121837649963,-0.21350556831105555,-0.12552839945925706,-0.18453747612814106,-0.026107046041382434,0.056505661295049935,0.03433255369826758,-0.0010728923030680155,0.0479225228704928
2021-01-06,0.0,-0.09339264585579678,-0.10146794982076847,-0.251036623258982,-0.3479402708386806,-0.29703074584210387,-0.27947573722259467,-0.20714910171020892,-0.1643148806786166,-0.16923028309207153,-0.2798268373949797,-0.3349495644602412,-0.34232266808043005,-0.33389626394307326,-0.2629740291202534,-0.2780713365330288,-0.34372706876999587,-0.28509333998083247,-0.2320772139499197,-0.22365080981255014,-0.1808165887809451,-0.18573199119441278,-0.17625228653987524,-0.18924299291831462,-0.16923028309207153,-0.17414568550553924,-0.20363809998630708,-0.2194376077438654,-0.21346890481324246,-0.203286999813922,-0.20995790308934062,-0.30194614825555877,-0.33319406359829035,-0.29035984256668523,-0.36760188049252585,-0.37251728290599356,-0.3658463796305749,-0.30089284773839076,-0.24120581843205938,-0.22189530895059925,-0.22856621222601786,-0.226108511019284,-0.2907109427390831,-0.2594630273963516,-0.25454762498288386,-0.33424736411545836,-0.27526253515390986,-0.3753260842851125,-0.4346620134190588,-0.36865518100969386,-0.3335451637706754,-0.39639209462852354,-0.4508126213490022,-0.6253094070269265,-0.6049455970282983,-0.8219255035654299,-0.8798570320098102,-0.8363206106334224,-0.8356184102886395,-1.1537151664741543,-1.1751322769899506,-0.9325220578683381,-0.9648232737282375,-0.9293621563168212,-1.0339900076890938,-1.0164349990695845,-0.7211597540894443,-0.7155421513312065,-0.7011470442632012,-0.6723568301272035,-0.5550893725488896,-0.6600683240935471,-0.6509397196114074,-0.6555040218524772,-0.7141377506416406
2021-01-13,0.0,-0.046107187256656516,0.014344458257628957,-0.06352545799805512,-0.03756881924616457,0.059085506632614214,0.03722728452574986,-0.018784409623082286,0.017076736020983894,-0.07718684681484224,-0.040301097009519504,-0.07923605513735532,-0.11987868686730196,-0.16974275604856995,-0.1260263118348537,-0.1010942772442197,-0.23941583901418922,-0.29440292900175236,-0.2541018319922329,-0.1905763739941778,-0.1512998811459148,-0.23839123485293268,-0.22472984603614554,-0.23463435292830878,-0.2609325264006264,-0.29030451235672616,-0.43648137269634585,-0.4484350879110346,-0.5594338720474299,-0.5727537261437898,-0.5659230317353963,-0.46790256697495874,-0.5006899001352428,-0.6239839342067416,-0.7196136559242514,-0.7025369199032675,-0.5461140179510574,-0.5153758931132865,-0.5123020806295169,-0.5621661498107848,-0.5181081708766414,-0.5444063443489591,-0.5276711430484023,-0.4320414213308925,-0.42179537971830217,-0.4969330182106313,-0.46790256697495874,-0.5461140179510574,-0.6390114619052123,-0.5932458093689705,-0.6239839342067416,-0.6127132884328946,-0.8183171901255433,-0.8162679818030301,-0.8340277872648435,-0.9860107378516001,-0.9979644530662888,-1.1031571469555597,-1.3080779792073662,-1.2869028265413438,-0.9549310782934145,-1.0232380223773498,-0.922485279853545,-0.7052691976666349,-0.7588901487725143,-0.8060219401904397,-0.8002158499433029,-0.7131244962362849,-0.6000765037773641,-0.5970026912935944,-0.4228199838795587,-0.48668697659804094,-0.4395551851801155,-0.500006830694401,-0.5744613997458883
2021-01-20,0.0,0.15166835187058386,0.3060880570630679,0.2527805864509606,0.05330747061210733,0.008597979130985055,0.13447239360861377,0.15889065434060629,0.2572515355990828,0.26619343389530226,0.29989751208876114,0.291643452123023,0.26172248474719256,0.27547925135676865,0.2888920988010978,0.3418556502479707,0.32637928781219766,0.423708411574946,0.46119560058604575,0.5138152328676717,0.5182861820157816,0.49042872963139494,0.49593143627522046,0.532730786955839,0.5048733345714523,0.536169978608233,0.5086564453890807,0.5065929303976493,0.5083125262238464,0.5261963228162853,0.492148325457592,0.46429087307319294,0.4656665497341555,0.5048733345714523,0.484926022987557,0.4639469539079585,0.47151317554322786,0.42680368406210556,0.39722663585150947,0.2579393739295516,0.27960628133964394,0.3050562995673522,0.33153807529078866,0.24315084982425983,0.45122194479409805,0.4443435614893101,0.4426239656631131,0.4326503098711779,0.4360895015235719,0.41098340246108556,0.3838137884071803,0.4887091338051979,0.5100321220500433,0.5372017361039486,0.604609892490879,0.606329488317076,0.5616199968359538,0.5636835118273852,0.637970051519091,0.614927467448061,0.6424410006672132,0.7215424086722757,0.7208545703417943,0.7844796159110838,0.8250620774093307,0.7676275768143481,0.773130283458186,0.8281573498964905,0.8037390891644853,0.868051973064256,0.8315965415488844,0.7604052743443257,0.7205106511765474,0.6582612822682207,0.6365943748581409
2021-01-27,0.0,-0.48497150221767243,-0.5562598548246112,-0.35082297662234185,-0.5172795240888011,-0.6215782468684045,-0.6170129829083566,-0.7694225643438914,-0.763803777931514,-0.763452603780746,-0.6844384198567963,-0.5934843148065557,-0.49480437843931696,-0.6623144483580928,-0.8133193331905302,-0.853002012227889,-0.8645907592033991,-0.7181511383310097,-0.8698583714649957,-0.8368480012923311,-0.7957606256518747,-0.6998900824908182,-0.7515126826544551,-0.7936535807472284,-0.6429998700655718,-0.7076159138078164,-0.5274635744612135,-0.6289529040346474,-0.6763614143890173,-0.8554602312833034,-0.9211297974778774,-1.0545759747716592,-1.0068162902665085,-1.0837234292858247,-1.063706502691755,-1.0313984808206262,-1.067569418350254,-1.0682717666518027,-1.0029533746080095,-1.059141238731707,-1.0612482836363406,-1.140964815861839,-1.1016333109752483,-1.1673028771698224,-1.2175207807303745,-1.059492412882475,-1.2192766514842401,-1.2224372188412032,-1.1964503316839878,-1.1658981805667248,-1.2013667697948165,-1.2329724433643965,-1.4591285964622716,-1.4176900466710471,-1.5455174375524643,-1.4672056019300634,-1.348157564817974,-1.5054835843643246,-1.632608626944193,-1.5609691001864734,-1.8282126289248177,-1.8067910057276502,-1.8457713364634734,-1.9377789639660308,-1.9764081205510726,-2.128817701986595,-2.0919444161554184,-1.818730926853941,-1.750251967453185,-1.7790482478165823,-1.885102841350064,-1.853848341931252,-1.9107385543564985,-1.872811746073005,-1.9258390428397398
2021-02-03,0.0,-1.0410101051176244,-0.8156612379616288,-0.5015283058509377,-0.39546184657300537,-0.355475130295691,-0.29108973967969226,-0.31074422734142804,-0.2988837606490072,-0.08708971257006394,-0.12097676026269485,-0.12063788978576115,-0.00881063240007911,0.15520267843224717,0.13520932029360233,0.22433225572521917,0.3198937302184408,0.25550833960244207,0.3178605073568756,0.25720269198707363,0.2856678120488762,0.3581860941111113,0.32158808260307237,0.27109638154104737,0.249408671017771,0.35954157601882153,0.4483256409735047,0.35479738934184823,0.3263322692800333,0.2836345891873233,0.32802662166466484,0.33277080834163814,0.257541562463995,0.3778405817728348,0.3517475550495065,0.37546848843434816,0.38021267511132145,0.5154219954049237,0.48627913438925374,0.47577414960454306,0.5276213325742659,0.5798073860209225,0.5130499020664372,0.5245714982819242,0.5659136964669363,0.5228771458972926,0.47984059532766127,0.6516479271292902,0.6384319785291716,0.6790964357603286,0.75127584734563,0.6350432737599084,0.6462259994984741,0.6489369633138822,0.6587642071447501,0.7285715253915649,0.6516479271292902,0.6475814814061844,0.711289131068328,0.7038339805759467,0.4408704904811357,0.5421927630820947,0.644870517590764,0.7051894624836569,0.6936678662681575,0.6157276565751064,0.5953954279595277,0.4730631857891351,0.4364651742810839,0.4452758066811753,0.28770103491044147,0.10030566117019493,0.26194687866403454,0.22094355095595608,0.23992029766382447
2021-02-10,0.0,0.21793697355323732,-0.24340153647219417,-0.16171650996589673,0.11707084770538312,0.15840942387253648,0.0016535430466861345,0.026787397356322597,0.07407872849154364,-0.1501417086390938,-0.18023619208878866,-0.20404721196105938,-0.27713381462459374,-0.4580314239320592,-0.5820471524335193,-0.6951494968268414,-0.676299106094629,-0.737480198822016,-0.5820471524335193,-0.556251880905206,-0.4904408676471051,-0.39784245703268156,-0.3164881391357165,-0.43355898684109967,-0.3293857748998732,-0.3062361722462673,-0.1746141457300534,-0.2867243642953661,-0.32872435768119634,-0.26985822521917235,-0.19148028480624715,-0.17659839738607194,-0.12963777486018332,-0.04166928477648577,-0.2020629603050408,-0.09788974836381435,-0.1524566689044568,-0.24274011925351732,-0.1117795099559803,-0.13360627817223245,-0.07672439736622702,-0.11872439075205724,-0.18552752983817947,-0.1451810794990354,-0.165023596059269,-0.2301731920987051,-0.26985822521917235,-0.25729129806436013,-0.29201570204476895,-0.2963149139661505,-0.3280629404625195,-0.44910229147995173,-0.5215274769247972,-0.6395904504581896,-0.7953542054560306,-0.8022990862521076,-0.7067242981536442,-0.5873384901829102,-0.7229290200111732,-0.547653457062443,-0.5049920464579358,-0.5334329868609445,-0.5228503113621509,-0.5258266888461908,-0.3518739603348022,-0.39784245703268156,-0.38064560934714337,-0.7434329537900837,-0.6237164372100051,-0.5724566027627349,-0.2050393377890807,-0.17527556294873026,-0.08267715233430672,0.011574801326802941,0.10748029803459874
2021-02-17,0.0,-0.12860031806490643,-0.09227809082520412,-0.09195086355276719,-0.3439158633237081,-0.37369354511482644,-0.3046485906321329,-0.34129804514427214,-0.3301723178816544,-0.3612589087624848,-0.3956177723676131,-0.32559113606764445,-0.25392836340551495,-0.15281513622471588,-0.2909050451900792,-0.2840332724690583,-0.3576594087657618,-0.3219916360709096,-0.22218731797982258,-0.17506659074993947,-0.1714670907532046,-0.05955536358222478,0.061845954489235716,0.15935968167331177,0.07853454538315041,0.060864272671948716,0.08998749991819319,0.027814318156532437,-0.07788009083828845,0.006217318176170836,0.008507909083181771,0.02486927270467144,-0.001963363634573999,0.025523727249521504,-0.009816818172893801,0.07068109084484252,0.04024895450886221,0.020615318163074603,0.08377018174203425,0.09162363628034215,0.17473936347751445,0.19339131800601503,0.012761863624766704,-0.014397999986903767,-0.1577235453111628,-0.22480513615927045,-0.3792564087461234,-0.3183921360741866,-0.3285361815195054,-0.2382214543288872,-0.30955699971857975,-0.40739795417509284,-0.5245453177049564,-0.6812871811988321,-0.5539957722236378,-0.46302659048815764,-0.4083796359923798,-0.35209654513445293,-0.443720181414795,-0.4028167723610709,-0.33049954515409136,-0.38351036328772026,-0.3579866360381868,-0.3890732269190172,-0.34849704513772994,-0.3907093632811662,-0.5261814540671054,-0.4221231814344335,-0.398562817819486,-0.41917813598256054,-0.38056531783584735,-0.4594270904914228,-0.41459695416855064,-0.46924390866431664,-0.4777518177474983
2021-03-03,0.0,-0.17790287034332117,-0.251918430206307,-0.228021029712437,-0.2442845383818756,-0.2578927803297866,-0.4032686333342184,-0.2953984227715674,-0.21607232946548996,-0.18122195374524888,-0.16329890337484643,-0.12678898595364146,-0.17889859536389707,-0.1138445606861185,-0.11251692732534259,-0.10289158545975943,0.015267783648874775,0.06804120973951833,0.16263508669445847,0.09824486869706786,0.12844852765460532,0.07932609330607743,0.04115663418390861,0.08828761849128469,0.0013276333607759195,0.01593160032925066,0.023565492153694082,0.05443296779161949,0.08563235176973286,0.08198136002761719,0.09227051857358831,0.15201401980828733,0.20146836249701527,0.20246408751759115,0.29738987281273127,0.23963782161918407,0.29606223945195537,0.23499110485648042,0.28643689758636015,0.24926316348477928,0.22470194631050933,0.2595523220307504,0.3192958232654494,0.38136268288150027,0.4102387084782739,0.4636759512493054,0.37671596611879665,0.4235150420859848,0.3923156581078594,0.4284936671888764,0.46334404290911746,0.5015135020312863,0.48126709327951994,0.5672313533894529,0.6007540957489179,0.6571785135816892,0.4915562518255031,0.5506359363798141,0.46633121797084515,0.5327128860093997,0.4384509173946596,0.46898648469238496,0.7059690395900292,0.722564456599668,0.6717824805501762,0.7839674995353308,0.876901834789307,1.0289158545975943,0.899471601922413,0.8931653434587578,1.092974164254797,1.1613472823345155,1.2217546002496023,1.2917872600302724,1.2273970420328697
2021-03-10,0.0,-0.049992928631807765,-0.05920215232713794,-0.20457632637489015,-0.2269415839206954,-0.22727048476695252,-0.1516232901267207,-0.07794950056406734,-0.1532677943580301,-0.1677394315935575,-0.09307893949210892,-0.10722167588136727,-0.06742467348368487,-0.10163036149491295,-0.16313481974588642,-0.20161621875852848,-0.30916679548616477,-0.32857194541560836,-0.3759336672773235,-0.3381100699572076,-0.26213397447071873,-0.3933654121292006,-0.36507993935068395,-0.327256342030568,-0.3420568801123525,-0.3765914689698497,-0.4114549586736039,-0.3654088401969411,-0.3677111461207766,-0.43480691875820443,-0.46769700338439213,-0.4578299779965358,-0.39468101551425294,-0.37988047743246844,-0.5410418921007883,-0.5209789404788067,-0.5301881641741488,-0.6508947747522482,-0.5370950819456435,-0.45848777968905,-0.40290353667079987,-0.37330246050723087,-0.33284765641702235,-0.38612959351143694,-0.3295586479544036,-0.2976552658669991,-0.2956818607894206,-0.26772528885716107,-0.25391145331417175,-0.1924069950631983,-0.26706748716464684,-0.2946951582506374,-0.38547179181892277,-0.3851428909726537,-0.3147581098726191,-0.250293544005284,-0.2752900083211938,-0.32791414372309424,-0.27660561170623416,-0.152938893511773,-0.14076956220008116,-0.1253112224257705,-0.06610907009863258,-0.11610199873044035,-0.16609492736224812,-0.09538124541594446,-0.10656387418884113,-0.20161621875852848,-0.2170745585328391,-0.275947810013708,-0.254569255006686,-0.17300184513374275,-0.17135734090243337,-0.14044066135382405,-0.19931391283469296
2021-03-17,0.0,-0.35928023523822494,-0.14016612529312056,-0.11474219803231941,-0.09232899899976431,-0.1562233425104693,-0.2104164506190319,-0.31512288789050685,-0.316460989325291,-0.36965052135777154,-0.3448956448143503,-0.2977275692383861,-0.5379167767812615,-0.5315607949660551,-0.59077178345504,-0.5295536428138911,-0.5041297155530777,-0.3830315357055642,-0.4646557232270919,-0.49108322656398723,-0.46532477394448407,-0.5155035777487064,-0.5563156715094764,-0.5887646313028759,-0.4800438897270608,-0.40176495579246896,-0.31244668502095074,-0.09768140473887649,-0.07326105355415738,-0.1796401176191064,-0.19904258842341543,-0.19736996162994136,-0.30508712712966235,-0.3669743184882033,-0.4315377127163125,-0.54995968969427,-0.5676895337050928,-0.611512355694121,-0.6355981815201502,-0.5740455155202993,-0.6034837470854405,-0.7085247097156175,-0.6466375183570766,-0.7861345929328174,-0.8189180780849068,-0.7265890790851304,-0.7975084551284338,-0.75870351351984,-0.7787750350415289,-0.6148576092810691,-0.7065175575634414,-0.7035068293351954,-0.6262314714766856,-0.653328025530973,-0.6941401192917429,-0.8272812120522771,-0.9323221746824422,-0.9085708742151151,-1.0400393401821753,-1.055092981323442,-1.0407083908995673,-1.1219980530624052,-1.1260123573667453,-1.0584382349103902,-1.1039336836928924,-1.0858693143233673,-1.0831931114538114,-1.0858693143233673,-1.0862038396820575,-1.0246511736822186,-1.2939440874315453,-1.5819704212677768,-1.6572386269741106,-1.5535357657787177,-1.6274658700502793
2021-03-24,0.0,0.06966888587556797,0.14137686109383055,0.067629796532861,0.09787628844957594,0.19473303222780458,0.15938881695434076,0.13797837885599795,0.07306736811340055,0.029226947245355274,-0.10739203871551707,-0.2684800967887741,-0.2963476511390038,-0.5420579169342971,-0.4115561990015333,-0.48088523665331057,-0.4533575305268716,-0.5111317285700255,-0.40543893097343714,-0.4384042086804033,-0.7167399039588969,-0.6069689276769069,-0.5699254712845268,-0.5682262301656105,-0.5716247124034431,-0.614445588600141,-0.6858137155946252,-0.7938854507576989,-0.8652535777521833,-0.7609201730507205,-0.6586258576919646,-0.5743434981937067,-0.5158896037029961,-0.49176037981437737,-0.5012761300803061,-0.5746833464174973,-0.5474954885148366,-0.46525221835928565,-0.4526778340793026,-0.42888845841447454,-0.2864920526492967,-0.3493639740491995,-0.34494594714000726,-0.43806436045662506,-0.5559916941094182,-0.5797810697742463,-0.6130861957050031,-0.5954140880682712,-0.6508093485449398,-0.6361958749222622,-0.5352609524586319,-0.48258447777222685,-0.5753630428650663,-0.6103674099147395,-0.5145302108078582,-0.5389992829202552,-0.6103674099147395,-0.5087527910035403,-0.3592195725389066,-0.5406985240391715,-0.5155497554792055,-0.5145302108078582,-0.5128309696889419,-0.47748675441547805,-0.4516582894079553,-0.36567668879079346,-0.4326267888760978,-0.916230811319672,-1.024642394706524,-0.8744294797943338,-1.0885338607777864,-1.1738357649473794,-1.1068856648620748,-1.139511094345275,-1.0966902181485774
2021-03-31,0.0,-0.4526780922032095,-0.3662607979421882,-0.5701516015892729,-0.4374875521963906,-0.2541883694474332,-0.20321566853566814,-0.3412807988198712,-0.32068917792173157,-0.3365548530399671,-0.4293859308594157,-0.3638978250522361,-0.4364748495292596,-0.5623875478080125,-0.6042459247156837,-0.5255926842359352,-0.49858727977936834,-0.664670517187257,-0.625850248280942,-0.5488848455797289,-0.6042459247156837,-0.6032332220485649,-0.5900680873759836,-0.5093894415619975,-0.4759702535469911,-0.45301565975891167,-0.5124275495633539,-0.4979121446679517,-0.59513160071159,-0.6420534909548797,-0.5441588997998249,-0.5779156553705335,-0.6130226811640753,-0.6022205193814462,-0.5131026846747705,-0.5417959269098729,-0.5212043060117455,-0.4628051188744221,-0.5073640362277476,-0.5492224131354312,-0.48204646954971614,-0.472257010434218,-0.44761457886760325,-0.48812268555245353,-0.48677241532962023,-0.4570664704273992,-0.34161836637557336,-0.3453316094883464,-0.43343674152790324,-0.6916759216438239,-0.6798610571940759,-0.7517629465596827,-0.632939166950786,-0.6342894371736193,-0.5701516015892729,-0.6697340305228633,-0.5492224131354312,-0.5272805220144705,-0.5097270091176996,-0.4918359286652266,-0.4833967397725495,-0.5029756580035579,-0.5991824113800774,-0.7369099741085661,-0.6687213278557445,-0.7514253790039805,-0.689650516309574,-0.7041659212049886,-0.6251751131695256,-0.5775780878148313,-0.878688347505542,-0.7548010545610514,-0.7996975394700914,-0.8435813217120124,-0.8412183488220605
2021-04-07,0.0,0.10124724373065266,0.12672893258903903,0.21812325662777737,0.17973084541447773,0.1834681597803818,0.3784880185098914,0.37950728606422435,0.4338682222954486,0.3720326573324409,0.5228842553740808,0.5707898304278546,0.47531843617175956,0.3886806940532459,0.40600824247695605,0.47124136595441524,0.41110458024863333,0.4590101553023947,0.354025597205838,0.37814826265845114,0.4773569712804379,0.7804191907695032,0.8194911136856955,0.8928783775978557,0.9506368723435314,0.8755508291741456,0.890500086637737,0.925155183485145,0.9241359159308121,0.9112251935758865,0.9149625079417905,0.8534666988302106,0.7872143077984062,0.7559567694654621,0.8031828328163306,0.9010325180325318,0.9635475946984446,0.8820061903516083,0.8459920700984271,0.8639991302250177,0.8493896286128788,0.8809869227972753,0.870114735551028,0.9220973808221338,0.9818944106764877,0.9288924978510367,0.9757788053504652,1.011453169752206,1.05935874480598,0.808279170588008,0.6604853752093671,0.6767936560787319,0.6574275725463682,0.6818899938504092,0.42129725579198785,0.6710178066041742,0.689364622582205,0.8164333110226966,0.8109972173995667,0.7861950402440732,0.799445518450439,0.815074287616911,0.8103177056966863,0.8048816120735565,0.9258346951880378,0.8782688759857167,0.7508604316937848,0.6890248667307647,0.6611648869122599,0.6190351613330561,0.7552772577625693,0.7253787428353985,0.6924224252452162,0.7114487529261397,0.61665687037295
2021-04-28,0.0,0.16348866455932343,0.2776928044594022,0.31949967710139016,0.26001835423676967,0.16586791747391072,0.2406444376465765,0.32051935692192407,0.3079433058019732,0.2233098806974635,0.26477686006594425,0.3327555147683677,0.30216512015227714,0.26715611298051917,0.2301077461677058,0.19747799191053517,0.29638693450256864,0.30182522687875757,0.42146765915502526,0.4343836035484833,0.45035858740355533,0.4333639237279494,0.4500186941300481,0.4840080214812598,0.4452601883008735,0.4802691954726191,0.460895278882426,0.4374426430100973,0.46973250399374844,0.4252064851636536,0.4704122905407751,0.5247952143027139,0.5227558546616338,0.5353319057815845,0.4911457802250094,0.59039461609055,0.6056898133985953,0.6175860779715194,0.7464056286326044,0.7729173039665594,0.7300907515040252,0.751164134461779,0.8242411882668842,0.8674076340029255,0.9228102375853982,0.945243193637193,0.8857618707725725,0.9459229801842196,1.0608069066313128,1.0669249855545409,1.02545800618606,0.9839910268175792,1.0288569389211812,0.9697155093300679,0.9581591380306633,0.8833826178579975,1.0281771523741545,1.1226674824105207,1.0451718160497603,1.061826586451859,1.0978552734441385,1.166853607967096,1.1661738214200692,1.150878624112024,1.0978552734441385,1.0978552734441385,1.099214846538192,1.0448319227762533,1.0859590088712143,1.0825600761360932,1.1451004384623278,1.1083919649230092,1.0506101084259494,1.0108425954250415,1.000645797219678
2021-05-05,0.0,-0.19651948247586412,-0.41940133455216494,-0.3954355440063269,-0.31395185615048027,-0.24273922138569456,-0.21911579927623312,-0.2968334343320245,-0.28485053905910557,-0.263623696004218,-0.5964058161549995,-0.41768949237031944,-0.35948685818757,-0.3793442274969761,-0.34613448916916956,-0.20713290400331416,-0.19446527185765441,-0.16022842822074299,-0.07600579287394586,-0.01609131650935086,-0.1143510577472767,-0.1205136896019307,-0.15406579636610143,-0.17118421818455712,-0.27937264407719226,-0.42590633484317064,-0.4543229150618171,-0.33757527825994166,-0.3314126464053001,-0.41940133455216494,-0.4108421236429371,-0.3591444897511934,-0.2872471181136794,-0.2708134331679644,-0.23144106298551625,-0.23589185265831225,-0.22117000989444283,-0.21432264116706054,-0.2533526429131446,-0.21363790429431984,-0.2331529051673618,-0.27492185440439626,-0.29614869745928385,-0.2632813275678414,-0.03492158050965215,-0.01061342152743756,0.009928684654709296,0.1444794801477687,0.0698431610193043,0.09312421469240156,0.064365266037391,0.03184026458232513,-0.07429395069210029,-0.055463686691799005,-0.020542106182146854,0.03115552770959687,-0.04930105483714498,-0.07223974007387814,-0.015064211200233553,-0.06710421352834142,-0.3540089632056567,-0.24205448451296627,-0.16159790196622442,-0.057517897310008705,-0.1338660586203187,-0.15612000698431114,-0.07669052974667412,-0.0965478990560927,-0.05306710763721271,-0.0955207937469754,-0.01711842181845571,0.01369473745476457,0.115378163056394,0.11435105774728915,0.17152658662093373
2021-05-12,0.0,-0.16966246277038655,-0.2563488503091365,-0.3251582785500026,-0.4779556853789986,-0.5562095449470532,-0.36529711169051704,-0.40914625713813246,-0.4654755439823794,-0.4509715958727737,-0.3868843832954896,-0.4344438410502183,-0.5619436639671285,-0.5528365337587752,-0.7019236282806701,-0.7093442528948845,-0.7083323495384035,-0.6202967575243374,-0.6088285194841991,-0.57712221431438,-0.5710507941754819,-0.5288881543220054,-0.5454159091445608,-0.6432332336046261,-0.7491457849165637,-0.85067342168373,-0.7403759558270455,-0.6756141410121033,-0.6651578063284338,-0.6449197391987652,-0.6503165571000175,-0.6179356496925402,-0.6061301105335669,-0.5983721848005297,-0.611189627315984,-0.45501920929870987,-0.4388287555949774,-0.4863882133496939,-0.44894778915981176,-0.3514677658185694,-0.43376923881256024,-0.3993645246921211,-0.4904358267756301,-0.4668247484576833,-0.4341065399313832,-0.46378903838824037,-0.42904702314896603,-0.34438444232319027,-0.32684478414414164,-0.34708285127381033,-0.3582137881951256,-0.4121819672075754,-0.3936304056720458,-0.515396109568893,-0.6142253373854392,-0.5524992326399523,-0.5157334106877159,-0.4968445480333634,-0.42601131307952306,-0.48301520216141575,-0.5288881543220054,-0.5035905704099196,-0.5457532102633961,-0.5713880952943048,-0.5643047717989257,-0.6175983485737173,-0.6307530922080069,-0.700237122686531,-0.8982328794384588,-1.146823804014558,-0.7616259263131951,-0.8314472579105545,-0.7896219191759011,-0.8297607523164154,-0.7919830270076981
2021-05-19,0.0,0.17199474054692757,0.17597917469087432,0.3004927416891344,0.4744796993080293,0.39711526967977945,0.31078586322765245,0.35594278352569536,0.46551472248416426,0.40541617414633013,0.42201798307943145,0.396451197322453,0.28853943925729425,0.25234749578314053,0.16203365518706678,0.23076514417010877,0.1022671430279019,0.18461211533608218,0.1590453295791037,0.1885965494800289,0.20154596044785283,0.14177944828868796,0.15406478689917327,0.19291301980263287,0.21217111816502798,0.08267700848683748,0.032539545508876236,0.08400515320149042,0.0976186365266287,0.1866043324080616,0.18992469419468186,0.15771718486446284,0.15207256982720593,0.22180016734623162,0.29982866933180796,0.34764187905914473,0.40873653593295045,0.30281699493977104,0.24902713399652027,0.2892035116146207,0.20553039459178746,0.23840197627933296,0.2649648705722952,0.26562894292962164,0.17332288526158052,0.19291301980263287,0.18062768119213546,0.1713306681896011,0.16170161900840957,0.21847980555961136,0.176975283226858,0.07537221255628256,0.0361919434741537,-0.14211148446734514,-0.12617374789157026,-0.13414261617946374,-0.02390660486366836,-0.119865060496999,-0.06209076540980146,-0.07670035727093548,-0.1460959186112919,-0.09961085359860809,-0.09894678124128162,-0.13646686943010036,-0.1530686783632017,-0.013945519503807551,-0.025566785756978495,-0.02257846014901542,0.07836053816423354,-0.003652397965289545,-0.08035275523621295,-0.0946303109186777,-0.16767827022432363,-0.25732803846307095,-0.3091256823343544
2021-05-26,0.0,-0.2775765957376986,-0.2779043130880455,-0.2775765957376986,-0.2726608354826034,-0.28773583359823585,-0.27724887838736373,-0.22448638498268014,-0.19368095405074554,-0.11076846441480913,-0.08717281519034986,-0.07471955587744443,-0.09602118364952358,-0.07865216408152298,0.02982227888091795,0.0809461855339031,0.07439183852710952,0.15763204551339277,0.15173313320728093,0.09536574894885376,0.1789336732854719,0.23267931874117212,0.29363474590435956,0.25856898941801154,0.2897021377002811,0.2602075761697099,0.2536532291629164,0.2041679092616296,0.2235032329316635,0.22776355848607693,0.17500106508139338,0.11207933381617262,0.13370867893859859,0.17795052123445526,0.22284779823098178,0.24578801275475926,0.26414018437378844,0.2395613830983125,0.2883912682989176,0.3336162626458028,0.32411245948594736,0.28937442034994615,0.2579135547173298,0.22710812378540715,0.25660268531597824,0.24185540455069265,0.22579725438404363,0.20875595216637796,0.21334399507113821,0.25332551181258145,0.2667619231765035,0.3237847421356124,0.3129700695743935,0.36671571503010564,0.21399942977181996,0.27626572633635893,0.28085376924110733,0.2687282272785368,0.2749548569349955,0.3077265919689634,0.29265159385334294,0.281836921292124,0.3323053932444393,0.26414018437378844,0.32935593709137745,0.34639723930904315,0.3988320153633918,0.387361908101503,0.35688419451991527,0.3237847421356124,0.2385782310472959,0.27134996608126377,0.29986137556080633,0.3336162626458028,0.3155918083771205
2021-06-02,0.0,0.22712116672626584,-0.05412249079434186,-0.11823186977098044,0.039625395045856805,0.046068548711850156,-0.0038658921995983584,0.010631203548886695,0.004510207566188318,-0.07925079009172532,-0.08730473217421701,-0.12564149648687045,-0.0769956863086253,-0.12403070807037213,-0.15109195346754892,-0.1298295463697638,-0.14239369601845553,-0.09052630900721369,-0.11565460830458546,-0.1220977619705788,-0.17589809508162568,-0.15141411115084388,-0.10019103950620373,-0.09213709742371204,-0.07216332105913029,-0.052511702377843514,-0.09052630900721369,-0.11758755440437878,-0.20779170572828576,-0.20038207901239574,-0.19329460997980072,-0.16752199531582726,-0.24838357382405093,-0.2251882206264725,-0.24773925845744926,-0.2155234901274825,-0.21874506696047913,-0.21906722464377412,-0.13981643455206053,-0.19007303314680402,-0.13627270003575717,-0.12854091563657216,-0.13144033478626213,-0.15012548041765225,-0.16623336458263563,-0.22196664379347583,-0.27447834617131933,-0.277699923004316,-0.33826556746465125,-0.33311104453186124,-0.26835735018862095,-0.26094772347273093,-0.2203558553769775,-0.2155234901274825,-0.23259784734236252,-0.2016707097455991,-0.1436823267516589,-0.1253193388035755,-0.19265029461319902,-0.18975087546350905,-0.15785726481683723,-0.13047386173636547,-0.06572016739313694,-0.07377410947562862,-0.06700879812632857,-0.057666225310645226,-0.08891552059071536,0.07151900569252861,0.177831041181419,0.23743021259185754,0.20875817877818245,0.31732531805017283,0.3395541981978429,0.4323356109881566,0.45456449113582664
2021-06-09,0.0,-0.07896589561278747,-0.22199247762632957,-0.06184076162447752,0.04122717441631835,0.038372985418272464,0.026004833093372343,0.04091004230542821,0.12748710857969442,0.12812137280148625,0.13826960035012079,0.12241299480538295,0.11067910670227465,0.072940385505794,0.09260257638127121,0.06342642217895131,0.07801449928011704,0.05676664785016604,0.07484317817116946,0.06310929006806117,0.09735955804469257,0.052009666186744685,0.09704242593380243,0.10179940759722378,0.10433646448437953,0.060255101070003744,0.0929197084921729,0.11829027736375343,0.10909344614780087,0.10179940759722378,0.1170217489201698,0.10465359659526967,0.1176560131419616,0.14080665723727653,0.13604967557385517,0.13604967557385517,0.14714929945517166,0.1921820592022294,0.167128622441539,0.14651503523337983,0.10623925714974346,0.11131337092406647,0.09957948282095817,0.10909344614780087,0.05708377996105618,0.0694519322859563,0.04154430652722003,-0.1779111142119538,-0.6720029429859822,-0.6520236199996149,-0.6282387116825081,-0.5958912363712406,-0.6685144897661445,-0.5004344709919235,-0.45730450391022975,-0.5067771132098187,-0.59969682170198,-0.5451500986280795,-0.5746433849412896,-0.4791866195619725,-0.5476871555152353,-0.46713559934797405,-0.6824683026455068,-0.783950578131829,-1.006894452090852,-0.9238058390364237,-1.1889282837444355,-1.0424132485110555,-0.9548847859041074,-1.0040402630927945,-0.8997037986084151,-0.8790902114002559,-0.8080526185598375,-0.7696796331415648,-0.820420770884726
2021-06-16,0.0,-0.027133617289788754,0.1369301151601245,0.10443287584792095,0.17889256980596538,0.1429247515380952,0.02082347373402286,-0.12304779933743494,-0.04985013409054826,-0.09055056002524288,-0.11863069884839421,-0.17068938318346286,-0.13503707209338783,-0.18299416311721092,-0.29941631172109623,-0.3148761634327158,-0.25335226376399833,-0.2669190724088927,-0.24578009149708616,-0.2899510963874474,-0.43603091970342556,-0.44360309197033776,-0.35904716832307704,-0.35683861807855666,-0.401956144502292,-0.37640006310143326,-0.3656728190566381,-0.33159804385549313,-0.3085660198769499,-0.3439028237892412,-0.4177315033917067,-0.3887048430351813,-0.3656728190566381,-0.3262344218331013,-0.3615712257453811,-0.4111058526581457,-0.3782931061681699,-0.35399905347846894,-0.356523110900773,-0.39406846505758464,-0.38144817794605285,-0.4761003312825413,-0.5259504653730895,-0.4729452595046584,-0.4795709102382079,-0.5063890203502129,-0.4502287427038988,-0.43855497712572955,-0.3713519482568251,-0.3192932639217565,-0.3388547089446331,-0.34074775201135826,-0.37008991954566733,-0.3558920965451941,-0.32244833569963943,-0.2748067518536001,-0.28269443129830746,-0.2656570436977464,-0.25429878529736094,-0.21012778040699967,-0.21012778040699967,-0.23032023978545513,-0.2019245937845086,-0.14765735920491962,-0.24578009149708616,-0.2546142924751561,-0.23032023978545513,-0.22874270389651366,-0.2741757374980327,-0.29973181889887995,-0.40700425934690015,-0.4237261397696775,-0.5000788767944471,-0.5802176999526785,-0.5502445180627905
2021-06-23,0.0,-0.24459742290137476,-0.4122853468492299,-0.37635222028897114,-0.4850972085634246,-0.34703835388455556,-0.33285422497919204,-0.3832866833093734,-0.5232367551756311,-0.484151599969736,-0.5011725546561767,-0.5150414806969698,-0.6947071134982407,-0.8062889275537715,-0.6991199536021361,-0.7095216481327337,-0.6136999773053846,-0.6196888317320982,-0.6121239629825664,-0.5563330559548125,-0.48257558564691777,-0.5604306931941374,-0.6802077817283181,-0.5711475905892941,-0.6133847744408256,-0.650263509594773,-0.6048742970976051,-0.6341881635020208,-0.5434097385076967,-0.5768212421514487,-0.6373401921476571,-0.6931310991754225,-0.6827294046448248,-0.7700405981289535,-0.6638172327710069,-0.693761504904552,-0.6590891898025524,-0.6294601205335663,-0.6096023400660596,-0.665078044229266,-0.7259121970900448,-0.7044784022997201,-0.8267771137504074,-0.7703558009935125,-0.7391507174017198,-0.7678341780770058,-0.836863605416446,-0.8204730564591348,-0.903371409839368,-0.8428524598431483,-0.8765791663514593,-0.7766598582847852,-0.7136192853720585,-0.6953375192273702,-0.7423027460473561,-0.6534155382404092,-0.6300905262626958,-0.5475073757470217,-0.593842196837878,-0.5295408124669037,-0.7199233426633314,-0.7605845121920445,-0.8116473762513555,-0.8617646317169662,-0.79903926166881,-1.0597120306629255,-1.0152684267594578,-0.9894217918652377,-1.002029906447783,-1.0959603600877432,-1.0124316009783805,-1.1255894293567295,-1.124643820763041,-1.0918627228484186,-1.0855586655571456
2021-06-30,0.0,0.1720870386451054,0.17462239096401128,0.06686991741090513,0.04024871806248607,0.07701132668648236,0.026304280308550074,0.0833497074837239,0.09951257851669673,0.1068017164335222,0.1299368063434515,0.14293048697780358,0.18571455735918396,0.20219434743200274,0.17303779576470088,0.18191152888083673,0.2218433279034538,0.29758697843049475,0.30329152114800983,0.3457586724895328,0.3020238449885569,0.31470060658304,0.36350613872180443,0.3368849393733854,0.3600200292833262,0.3612877054427676,0.32420817777890226,0.3362511012936705,0.33878645361256476,0.3232574206593184,0.26906426484290785,0.31058065906483534,0.3023407640284259,0.335617263213944,0.30994682098510884,0.3213559064201505,0.348294024808427,0.38759198575131765,0.3058268734669042,0.31501752562290897,0.2709657790820757,0.2766703217995908,0.253218312849804,0.23642160373711624,0.2712826981219447,0.30550995442704665,0.29315011187242107,0.29315011187242107,0.2589228555673191,0.29536854515145794,0.28776248819476347,0.24212614645463135,0.2535352318896615,0.18032693368152633,0.03961487998275961,0.04183331326179645,0.09285727867958621,0.09380803579918166,-0.004119947518204693,0.036128770544281374,0.06782067453048907,0.0931741977194552,0.06179921277310498,-0.09095576444041836,-0.0713067839689673,-0.11852772090840981,-0.24054155125530938,-0.14419816313724498,-0.1562410866520016,-0.2193079755845595,-0.24054155125530938,-0.3257927729782127,-0.4028040996646951,-0.38505663343242336,-0.39076117614993844
2021-07-07,0.0,-0.14633745480290042,0.0663733596298263,0.12895395585223166,0.14033224607448297,0.15739968140787147,0.05467900579028316,-0.052782624086578446,-0.0758552681483729,-0.04361677918531212,-0.0736428228273764,-0.01074616298769076,-0.04488103365445627,-0.004108827024701233,0.006953399580269816,0.030658170876636345,-0.06510910516069364,-0.026549343851935116,-0.014222862777819919,-0.05120230600015401,-0.08723355837063573,-0.11820779286455237,-0.028445725555639838,-0.006637335962989528,0.05025411514829015,0.06384485069154949,0.11883992009911294,0.04962198791372957,0.06763761409895894,0.026865407469215404,0.03792763407418645,0.1005082302965918,0.13906799160535033,0.09956003944473944,0.07174644112367166,0.07901590432122178,0.07459101367922875,0.0613163417532612,0.1030367392348686,0.13243065564236078,0.1223166198892536,0.05783964196313204,0.10019216667931151,0.09355483071632198,0.07301069559280432,0.01548711724695257,-0.03350274343220493,0.04330071556803183,0.09418695795089405,0.09260663986446961,0.028445725555639838,0.030026043642064272,-0.002528508938276797,-0.01643530809881643,0.05657538749398789,0.09608333965459878,0.1397001188399224,0.1637209537535692,0.1763634984449647,0.18458115249436716,0.22124453209942094,0.20291284229689982,0.176679562062245,0.18015626185238565,0.1931148701610614,0.27592353788970414,0.14033224607448297,0.15265872714859818,0.1422286277781992,0.14254469139547948,0.29014640066752406,0.3584161420010551,0.38781005840855876,0.41783610205062305,0.4285822650383023
2021-07-14,0.0,-0.12461492722362197,0.011069853941184284,-0.11670788869420463,-0.205583001764851,-0.17648509997660436,-0.14643835356481846,-0.1480197612707019,-0.2327832143060536,-0.2463833205766491,-0.2046341571413232,-0.19672711861190587,-0.13473593654127847,-0.14422438277657929,-0.11417763636479338,-0.07021450214122833,-0.04554454192944852,0.026883931000018974,0.0822332007059404,0.09203792848241331,0.12366608260008269,0.10943341324713148,0.0816006376235847,0.14738719818833473,0.16984318761187536,0.15149885822362943,0.14327553815304,0.16288499370599732,0.1638338383295251,0.1388475965765617,0.16035474137657457,0.17648509997659287,0.16288499370599732,0.18850379854130492,0.1587733336706911,0.16573152757658066,0.1793316338471762,0.21696913724720737,0.21190863258838485,0.21886682649426295,0.21665285570603526,0.23784371896486456,0.2868673578472521,0.3649888985178978,0.2954069594590251,0.3324118997767006,0.37416106321202647,0.3738447816708429,0.41875676051793576,0.33272818131787274,0.33652355981199533,0.29350927021196954,0.2868673578472521,0.27484865928254004,0.2767463485296071,0.2406902528354594,0.3175466673413937,0.29951861949431985,0.2621973976354723,0.29856977487079206,0.2919278625060861,0.25460664064723854,0.3181792304237494,0.23942512667074803,0.3077419395649208,0.32545370587081107,0.3324118997767006,0.3387375306002345,0.33272818131787274,0.3264025504943388,0.35550045228259697,0.3630912092708422,0.3431654721767128,0.26251367917665586,0.1793316338471762
2021-07-28,0.0,-0.5802094337168547,-0.5795749783492014,-0.48853063309128864,-0.5075642941208194,-0.6036842823199472,-0.7454850569899535,-0.8216197011080763,-0.7489745615120295,-0.6988525874676008,-0.7172517931294783,-0.6833084309601462,-0.7191551592324267,-0.764835945703305,-0.9443868147485404,-0.9611998819913016,-1.050340861146266,-1.1201309515878786,-1.3342596381700993,-1.3272806291259356,-1.2888960793830533,-1.3513899330966817,-1.348852111626068,-1.2809653872874156,-1.0950699645656585,-1.0452652182050624,-1.0278176955946592,-0.9567586944177399,-1.0487547227271383,-1.1058557058157306,-1.0417757136829748,-1.0398723475800264,-1.0807947187935105,-1.0433618521021024,-0.869521081365724,-0.9031472158512237,-0.8143234643800803,-0.8400189067699537,-0.7914830711446527,-0.7927519818799479,-0.7816490129460549,-0.7305753558501521,-0.8203507903727697,-0.7619808965488708,-0.6576129885702843,-0.7438989185708259,-0.6572957608864518,-0.6566613055188101,-0.6059048761067282,-0.5545139913269929,-0.45427004323812414,-0.46124905228228763,-0.44570489577484446,-0.4694969720617579,-0.4206439087526244,-0.3467298584212824,-0.36386015334785315,-0.4009757923554404,-0.4520494494513547,-0.5177155800032265,-0.4647385568043752,-0.4694969720617579,-0.7235963468059885,-0.6912391230557839,-0.6404826936437019,-0.6769638772836359,-0.6861634801145804,-0.6046359653714214,-0.5237429059959159,-0.4882134054074562,-0.3730597561787976,-0.2826498662885267,-0.3073936256269143,-0.2956562013253681,-0.3311857019138277
2021-08-04,0.0,0.20746823914419574,0.3303437736373319,0.2966919312761413,0.2936046062888765,0.314598416202286,0.30934996372393364,0.25099952146462473,0.3778885784412141,0.39209027338262764,0.41030549080749434,0.354424908537995,0.3491764560596426,0.42605084824254025,0.4470446581559385,0.5066300304101466,0.5362683502878953,0.5035427054228819,0.5455303252496897,0.5578796251987488,0.5143483428783087,0.547382720242044,0.5057038329139695,0.48687115049165874,0.47081706055787964,0.36739167348450935,0.28496009632453734,0.3664654759883321,0.38097590342847887,0.28804742131180217,0.2334017690372132,0.12812398697148855,0.1954276716938586,0.10990876954662183,0.2614964264213295,0.30224911625322687,0.38375449591701044,0.42358098825273066,0.2939133387876097,0.26828854139331426,0.3121285562124652,0.3445454685787454,0.34114941109275865,0.30904123122520044,0.32509532115897954,0.20314598416202057,0.17443386178046033,0.17937358176007948,0.25316064895571233,0.314907148701008,0.3139809512048308,0.32200799617171477,0.3704789984717741,0.34361927108256823,0.4411787406801422,0.4217285932603651,0.4581590281100985,0.4652598755808052,0.4510581806393805,0.4291381732298051,0.440561275682687,0.5279325728222781,0.5495438477331316,0.5165094703693962,0.45723283061391007,0.4001173183495116,0.366156743489599,0.38745928590173045,0.3528812460443626,0.3646130809959665,0.44210493817631935,0.4146277457896583,0.4319167657183478,0.32478658866025756,0.3686266034794198
2021-08-11,0.0,-0.031236028002171488,-0.18619122573848484,-0.0771713632994956,-0.1062637423211342,-0.3601330287310166,-0.36564526896669325,-0.43209838736349104,-0.5852161716879049,-0.5509177879992339,-0.6158397285527875,-0.7466023163658391,-0.6694309530663323,-0.5233565868208394,-0.5934845320414254,-0.6927048562836388,-0.7613016236609805,-0.8087681368015487,-0.7564018545626038,-0.8151990837431696,-0.8090743723701931,-0.851947351981029,-0.8207113239788575,-0.7671200994653128,-0.8966577450037646,-0.9508614406546092,-0.8357168668426433,-0.7775321087993662,-0.7665076283280128,-0.8069307233896603,-0.7723261041323339,-0.8277547420577784,-0.8942078604545761,-0.8785898464534793,-0.8847145578264558,-0.8767524330415907,-0.8516411164123846,-0.73649654260043,-0.6776993134198529,-0.634826333809017,-0.5760291046284399,-0.5665358020003308,-0.6268642090241409,-0.6360512760836057,-0.573272984510596,-0.5873598206684488,-0.6192083198079201,-0.5940970031787252,-0.5830725227073608,-0.5447930766262573,-0.43301709406943534,-0.4639468865029736,-0.40361847947915236,-0.4014748304986083,-0.3527833750834403,-0.4189302579115937,-0.35707067304452833,-0.4026997727732081,-0.5025325681527214,-0.4605782952478298,-0.4440415745407998,-0.4268923826964588,-0.44159168999160026,-0.5512240235678894,-0.5331561250176041,-0.5077385728197537,-0.502226332584077,-0.5199879955657067,-0.5328498894489597,-0.48905820313216847,-0.30623556864882745,-0.2603002333515033,-0.2762244829212334,-0.24376351264446217,-0.24866328174283897
2021-08-18,0.0,-0.10094686360791988,-0.048825931062586786,-0.0401391089716943,-0.07189094144183274,-0.19500417866096692,-0.13449596961409976,-0.04792729429455516,-0.02935546775542375,-0.040438654561030914,-0.06470184729764511,-0.03474728836354813,0.03354910600617989,0.00209681912537807,-0.019170917717826422,-0.002096819125399865,0.013479551520343639,0.01437818828835347,0.0032950014827463083,-0.0676973031910548,-0.0676973031910548,-0.09315867828503722,-0.0832736738367983,-0.05960957227885734,-0.07428730615656921,-0.1479755211344434,-0.12730687546991215,-0.14977279467048488,-0.11682277984297819,-0.12011778132572451,-0.1752341697644673,-0.24772420238499504,-0.21507373314682499,-0.14617824759840195,-0.23244737732858817,-0.31212650409330356,-0.3103292305572403,-0.24562738325959518,-0.18841417569547433,-0.22016600816561274,-0.2746833054256823,-0.39330335880470196,-0.4013910897168994,-0.4948493135912951,-0.4870611282684124,-0.6008884522179809,-0.6628943892115747,-0.6715812113024672,-0.6601984789075016,-0.5957961771991932,-0.5661411638544328,-0.6610971156755333,-0.6625948436222382,-0.7144162305782128,-0.7278957820985564,-0.6946462216817132,-0.6808671245720329,-0.6598989333181651,-0.7204071423650322,-0.719208960007664,-0.7674357998915775,-0.7536567027818755,-0.7123194114528347,-0.8767699400010315,-0.8914476738787216,-0.8366308310293372,-0.8932449474147848,-0.9136140474899577,-0.8569999311045101,-0.769233073427619,-0.6458202906191264,-0.6356357405815509,-0.6910516746096302,-0.7893026279134553,-0.801284451487094
2021-08-25,0.0,0.0738561306592967,0.22366998919178577,0.21015972138825506,0.16692686441695254,0.176534165966143,0.07956046595412514,0.13750450342260992,0.16152275729555335,0.16362435450942717,0.171130058844722,0.20055241983908645,0.1630238981626123,0.12009126936471717,0.10327849165366115,0.18133781674072733,0.193346943677199,0.1942476281974213,0.19785036627837593,0.15071454305271131,0.21196109042872147,0.21166086225531405,0.17983667587366836,0.13690404707577322,0.1618229854689608,0.1339017653416553,0.28731836195507715,0.2903206436891951,0.19845082262519076,-0.03452623994235619,-0.054341299387530156,0.0024018253873030818,0.02401825387294344,0.032424642728482375,0.09727392818542528,0.014711180497182225,0.06064609102917344,0.07835955326047359,0.10507986069412753,0.1254953764861382,0.14230815419719423,0.12819743004682685,0.09427164645130737,0.0738561306592967,0.051939474000248925,0.018914374924951693,0.062447460069661676,0.08346343220848718,0.07595772787319235,0.09967575357270651,0.12819743004682685,0.19785036627837593,0.1441095232376606,0.08796685480966408,0.12849765822025613,0.1441095232376606,0.11708898763059927,0.1254953764861382,0.10357871982706857,0.09337096193106324,-0.0255193947400024,0.023117569352699322,-0.019514831271766543,-0.09487210279812221,0.0036027380809327777,-0.06574996997718703,-0.13990632880989115,-0.2113606340819066,-0.12729674552660458,-0.10538008886753496,-0.08046115047436925,-0.10327849165366115,-0.1477122613185934,-0.09697370001201787,-0.07535727152635566
2021-09-01,0.0,-0.15448980541848567,-0.030548831579927386,0.021529652732524485,-0.026766595289070765,-0.06371613443811733,0.004655060050291584,0.02996694907365152,0.09542873103063877,0.14110650777395028,0.21238711479378086,0.17631039940416926,0.08320919839867628,0.005818825062843311,-0.15187133414020196,-0.20482264221206764,-0.21355087980633258,-0.09513778977747966,-0.10124755609346092,-0.11550367749743125,-0.22926170747601377,-0.3220719672283688,-0.3968438692858968,-0.5085653104924928,-0.4253561120938376,-0.3313820873289096,-0.4527045898892054,-0.4608509449771733,-0.4436854110418025,-0.44688576482636205,-0.43350246718182667,-0.45706870868633787,-0.4628875337491812,-0.5687901498929336,-0.45299553114234337,-0.5170026068336198,-0.5007098966576626,-0.615631691648818,-0.5923563913974449,-0.5341681407690116,-0.5117656642770523,-0.5516246159575416,-0.5036193091890844,-0.40004422307047766,-0.3892793967042048,-0.3246904385066525,-0.3409831486826096,-0.3625128014151341,-0.4070268131458727,-0.35698491760542866,-0.49780048412624106,-0.4541592961549162,-0.44688576482636205,-0.40964528442415643,-0.39044316171677773,-0.37560515780653153,-0.2923959594078764,-0.24555441765197078,-0.30054231449584434,-0.2926869006610143,-0.38811563169163193,-0.37182292151567486,-0.3392375011637608,-0.3825877478819477,-0.455614002420627,-0.4707429475840112,-0.4457219998137892,-0.5094381342519276,-0.5449329671352634,-0.5170026068336198,-0.4931454240759707,-0.6249418117493589,-0.6813844148589433,-0.6982590075411973,-0.7354994879433818
2021-09-08,0.0,0.02330834640230938,-0.13812353423593227,-0.22329971368141963,-0.13697250478396197,-0.0935211429722458,-0.04258808972275416,-0.07999654691165248,-0.14877055666661032,-0.05150856797548726,-0.1631584248161866,-0.24401824381682205,-0.21063838970978832,-0.17322993252089,-0.10244162122497891,-0.06503316403608059,-0.10503143749190684,-0.0713638260219067,-0.012661323971631312,-0.0797087895486442,-0.033667611470000115,-0.07683121591872895,-0.037696214551885654,-0.06244334776915267,-0.043451361811716174,-0.1225846366343857,-0.09985180495805099,-0.09409665769822048,-0.10330489331396185,-0.11078658475173733,-0.12085809245644073,-0.07222709811086872,-0.05265959742745756,-0.07913327482266953,-0.034243126195995725,-0.04719220753061437,-0.06416989194711857,-0.1585543070083264,-0.29005942189546613,-0.2791246421017798,-0.3760988734299155,-0.49609369379739426,-0.5024243557831994,-0.3936520725724153,-0.40976648489993656,-0.4946549069824366,-0.6281743234105086,-0.6215559040616951,-0.6532092139907629,-0.4572464497935383,-0.37466008661495787,-0.45954850869745795,-0.4241543530495128,-0.4558076629785806,-0.5323511215343223,-0.5271714890004664,-0.5122081061249155,-0.46472814123131373,-0.4255931398644705,-0.35538034329453405,-0.2926492381623731,-0.3493374386717162,-0.4103419996259112,-0.45177905989669515,-0.38127850596377133,-0.3697682114441103,-0.3142310403867375,-0.33005769535127144,-0.296102326518284,-0.30329626059307213,-0.20776081607987307,-0.15769103491936437,-0.14819504194063565,-0.12805202653122888,-0.03827172927788127
2021-09-15,0.0,0.12163805919717624,0.12710170724622674,0.16333432062410858,0.1779999022294392,0.2015798569674411,0.16994821036769933,0.17397405629857973,0.2797962921958851,0.28267189643222523,0.33299497056817806,0.3134408617610775,0.34564762920807895,0.3824553634332414,0.3562873648825292,0.400284109698542,0.40402239520579253,0.4287525916383138,0.4267396686728631,0.36232613377886025,0.347085431326249,0.3125781804901671,0.3525490793752995,0.3738285507242209,0.3715280673351404,0.4146621308802428,0.4310530750273734,0.4451435357854443,0.4391047668891342,0.4477315795981546,0.4146621308802428,0.4201257789292933,0.4816637095869769,0.4652727654398255,0.40085923054580164,0.41322432876207277,0.4661354467107358,0.4514698651054052,0.46958617179433565,0.5055312247485877,0.5598801448154209,0.5572921010027105,0.4946039286505077,0.4836766325524067,0.5262355752502494,0.5495279695646006,0.5299738607574791,0.626881723522155,0.612791262764084,0.5860481433661122,0.5607428260863314,0.5984132415823833,0.6806555227417077,0.6843938082489582,0.7243647071340698,0.7056732795978587,0.6769172372344572,0.6510367991073956,0.705098158750599,0.7683614519500827,0.7672112102555423,0.8166716031206056,0.7462192993302718,0.7531207494974714,0.7666360894082827,0.772387297880963,0.7781385063536433,0.8183969656624055,0.8040189444807047,0.7864777586390339,0.7513953869556714,0.7197637403559297,0.7286781134885799,0.8135084384606148,0.7467944201775314
2021-09-22,0.0,0.05119191850246574,-0.06455869722256644,-0.16808013241644573,-0.11233782115818872,-0.2457212088118397,-0.13196138991747136,-0.10096183926875187,-0.005687990944718416,0.018201571023082376,0.08475106507629197,0.11233782115818872,0.1288329948978597,0.07365948273408693,0.056311110352699895,-0.04465072891605198,-0.028724354270844552,0.05375151442757248,0.08389786643459662,0.07934747367880533,0.0429443316326199,0.11802581210290713,0.14959416184609017,-0.024173961515053265,-0.004550392755791287,-0.16466733784960227,-0.09100785511549465,-0.2044832744626312,-0.273023565346484,-0.19196969438424652,-0.12314500395316198,-0.08645746235972405,-0.11660381436672752,-0.04379753027433594,-0.018770370117587327,0.002843995472359208,-0.08418226598184911,-0.017632771928639504,-0.053182715333129606,-0.01905476966481911,-0.03441234521556297,0.003412794566822772,0.01734837238138703,0.033274747026594456,0.004834792303002376,0.10721862930793385,0.0858886632652398,0.10380583474111109,0.09072345556824218,0.06398989812808217,0.00028439954723178225,-0.0782098754898782,-0.08674186190695583,-0.08446666552908089,-0.01905476966481911,-0.053182715333129606,-0.026164758345717125,-0.0546047130693092,-0.01535757555074386,0.036403142046185444,0.07451268137580297,0.03810953932959683,0.05119191850246574,0.034412345215542275,0.09015465647377861,-0.042091132990924554,-0.042091132990924554,-0.1743369224556277,-0.1493097622988584,-0.009953984153257227,-0.08361346688736485,-0.17405252290839593,-0.2531155970399695,-0.18827250027019196,-0.1669425342274979
2021-09-29,0.0,-0.09259285477647282,-0.18065517231616046,-0.08154967026184497,-0.16706356060584607,-0.14327824011280624,-0.11637817526949205,0.08324862172562912,0.05663171545960884,0.07447070582937326,-0.016989514637882654,-0.06739174139694276,0.03199691923466663,0.14101297149441366,0.050685385336354034,-0.06880753428343299,-0.04162431086282486,-0.10901605225974703,-0.1509235216998658,-0.21944789740598425,-0.2525774509498678,-0.10420235644568851,-0.12345713970194315,-0.0280326991525105,-0.020104258988157018,-0.07758545017966822,-0.09910550205431547,-0.11637817526949205,-0.08608020749860956,-0.03794324935794205,-0.00028315857729392375,0.10052129494080568,0.10505183217757028,0.023785320493039833,-0.0045305372367645865,0.0008494757318817712,-0.030297967770903093,0.038792725089823815,-0.01614003890600088,0.031147443502784866,-0.07333807152019757,-0.038509566512529896,-0.07786860875696217,-0.06512647277855017,-0.002831585772980442,0.030014809193588565,0.032846394966569006,0.14695930161768908,0.23049108192061213,0.2219963246016708,0.28599016307102465,0.3494176843857907,0.29533439612184775,0.29052070030778926,0.2571079881866118,0.3021302019770049,0.1812214894707483,0.32110182665598624,0.3043954705953975,0.301847043399711,0.4468242349763014,0.5462128956079314,0.5207286236511074,0.5714140089874409,0.603694086799422,0.6056761968405207,0.6410710190027762,0.5926509022847941,0.6045435625313244,0.3904756780940071,0.3355429140981824,0.3298797425522215,0.24578164509469003,0.20868787146865034,0.3171376065738095
2021-10-06,0.0,0.0517873638832125,0.05318702236654256,0.04422920807323828,0.007838087506656525,-0.06298463174985304,-0.08621896257314031,-0.12316994653304594,-0.0383506424432357,0.006158497326644149,0.0011197267866681275,-0.0943369817764384,-0.1654396327296099,-0.3751084735324581,-0.31576295383927133,-0.2488592783360901,-0.2606164095960545,-0.22114604036615068,-0.13212776082635022,-0.15928113540296576,-0.25305825378608027,-0.18783416846289097,-0.20435013856618983,-0.2480194832460839,-0.20379027517286596,-0.14696414074965708,-0.14080564342301294,-0.08537916748313411,-0.1447246871763208,-0.14080564342301294,-0.13884612154633863,-0.11001315678975145,-0.06746353889650518,-0.05738599781653276,-0.10189513758643298,0.019315287069959004,0.013436721439976793,-0.00027993169666193997,0.0669036755031813,0.058225792906538947,-0.015116311619968802,-0.16040086218963387,-0.0968563670464366,-0.21666713321949854,-0.21638720152283658,-0.16655935951627804,-0.3126837051759289,-0.4305349494723369,-0.4826022450522114,-0.7748509363715335,-0.5786188170086417,-0.4308148811689988,-0.6326456344651904,-0.7628138734148868,-0.62144836659855,-0.6141701424852377,-0.6080116451585732,-0.5786188170086417,-0.45600873386894003,-0.5114352098087984,-0.5612630518153571,-0.8546314699213473,-0.8607899672479914,-0.8423144752680387,-1.0069143129076423,-0.9915180695910117,-1.0503037258908745,-1.179632169750585,-1.1726338773339346,-1.1947484813705536,-0.9416902275844734,-1.0704588080508397,-1.1734736724239203,-1.262212020267059,-1.3223973350502518
2021-10-13,0.0,-0.16438416718007942,-0.1436634738380526,-0.06216208002608045,-0.06078070046994533,-0.026246211566567305,-0.048900836287175245,0.06271463184854656,0.14228209428191746,0.10470857035504619,0.07652842740989778,0.04696690490859412,0.10940526084591767,0.05249242313313461,0.049729664020864366,0.15139919935241733,0.16189768397905227,0.15195175117486331,0.1497415438850592,0.1560958898432687,0.12045629729499864,0.16245023580149828,0.22378348809388962,0.19339313785891696,0.22184955671530848,0.21024596844378152,0.21273245164480864,0.23317686907561247,0.23842611138892994,0.24643811281451766,0.23897866321137595,0.10001187986419482,0.12239022867357977,0.21632403849076803,0.2340056968093016,0.19394568968138307,0.22378348809388962,0.2909185345220645,0.3273869548040237,0.31744102199985486,0.2259936953837139,0.24505673325838254,0.23732100774401782,0.2743419798484431,0.2737894280259971,0.34948902770218565,0.30749508919568597,0.34534488903378024,0.39921869172304997,0.4157952463966714,0.4185580055089417,0.37324875606772584,0.3947982771434216,0.40225772674656335,0.44259400978570484,0.5055849175454543,0.49895429567602184,0.5171885058170014,0.43596338791625233,0.39921869172304997,0.3616451677961788,0.49259994971779225,0.5030984343444271,0.4630384272165087,0.4635909790389547,0.44811952801024535,0.421597040532455,0.4218733164436781,0.4566840812582791,0.4577891849031912,0.3597112364175976,0.3204800570233481,0.3804319297596244,0.3666181341982732,0.3265581270703547
2021-10-20,0.0,-0.13205060764972792,-0.582974961903264,-0.3495138259968911,-0.32131410690947343,-0.17733284887662473,-0.23779955422752933,-0.285793306905139,-0.2239708458288977,-0.13205060764972792,-0.06073785649597192,0.07754922749038375,0.02657281221697415,-0.031995835118419594,-0.22722465956974522,-0.10113937711159743,-0.12445837558772405,-0.12472952673279138,-0.21475170689647005,-0.27792992369806774,-0.3126372702672002,-0.26952423820086185,-0.3500561282870455,-0.30612964278548543,-0.21583631147675914,-0.17543479086113362,-0.19685573132176915,-0.11198542291444885,-0.32239871148976257,-0.36849440615188106,-0.2871490626304954,-0.5420311389975039,-0.6019555420582541,-0.5751115786962125,-0.699841105429004,-0.6277149008400262,-0.7478348581066137,-0.7792883909348788,-0.5780942412919927,-0.681673978709216,-0.6610664916838022,-0.7128563603924138,-0.791761343608154,-0.6578126779429547,-0.5702308580849216,-0.6591684336683111,-0.5680616489243433,-0.6350359817569627,-0.5070526412833041,-0.5414888367073692,-0.6052093557991214,-0.7082467909262099,-0.7952863084940885,-0.8552107115548389,-0.8392127939956289,-0.9265234627085948,-0.9493001588945867,-0.8698528733886922,-1.0252224795145468,-0.9422502291227175,-1.0059707482144697,-1.1160581131134275,-1.162153807775546,-1.1881843177023854,-1.1054832184556433,-1.1727287024333102,-1.1616115054853915,-1.0691489650160872,-1.0225109680638338,-0.9766864245467827,-0.944690589428363,-0.9558077863762818,-0.9802113894326975,-0.9398098688170917,-0.8628029436168426
2021-10-27,0.0,-0.02268273952835106,0.028968317951901173,0.07296736691655312,-0.045365479056722,-0.07979951737688354,-0.019676593325800906,0.09045767209505386,0.06203592617999264,0.10220897088684446,0.03689361248589161,-0.05547706173803249,0.013117728883880526,0.025415599712511068,0.04973805535136211,0.005465720368280239,-0.06039621006949267,-0.1341834350412759,-0.0032794322209601895,0.0377134705411416,0.023229311565191015,0.0013664300920700598,0.04235933285417185,0.029514889988721246,0.07952623135849339,0.08963781403980386,0.08717823987407379,0.1508538821645465,0.12543828245203545,0.20223165362636886,0.22983354148619997,0.207150801957829,0.2019583676079588,0.17927562807960773,0.07050779275082304,0.0710543647876431,-0.01667044712325075,0.026782029804581123,0.05547706173805238,0.05493048970123231,0.09865625264747421,0.09920282468429428,-0.0027328601841401195,0.06722836052986285,0.033067608228111355,-0.009018438607650463,0.07952623135849339,0.05192434349866226,0.08116594746897347,0.06668178849302289,0.0650420723825428,0.036073754430661506,0.12489171041521539,0.0847186657083437,0.034980610357001486,0.027055315822991158,0.08799809792932378,0.09619667848174414,0.056570205811712404,0.10822126329196463,0.09100424413187393,-0.15549974447755688,-0.20742408797621917,-0.19785907733172875,-0.365110120601116,-0.4990202696239818,-0.40910916956576787,-0.2915961816477428,-0.3268500780231543,-0.26208129165902155,-0.4440897799227694,-0.3555451099566256,-0.37686141939290657,-0.45092193038311973,-0.6056018168054466
2021-11-03,0.0,0.11561208940296802,0.03928025206220918,0.09583267169788598,0.12229808975398711,0.19807276039881588,0.13232709028050557,0.17049300895087485,0.19612267696311128,0.08803233795502702,0.07438175390503396,0.012257667310198254,0.07438175390503396,0.046523419109138056,0.048473502544862934,0.07967483751625824,0.08942525469482182,0.039558835410164084,0.11561208940296802,0.030644168275485502,0.10279725539685995,0.09722558843768078,0.11672642279480791,0.11477633935908303,0.156285258204972,0.14124175741518416,0.1289840901049859,0.10419017213665474,-0.01309341735408324,0.010029000526518474,0.01755075092140226,-0.10251867204890505,-0.11310483927133334,-0.16046400842435637,-0.3005914324477209,-0.29947709905588105,-0.2822049314824337,-0.35352226855992314,-0.3223209335885278,-0.4184321886343687,-0.42595393902925255,-0.38333068679152366,-0.4649556077435068,-0.43654010625170103,-0.4855707754924738,-0.46328410765575706,-0.6309912831270423,-0.7039801202923018,-0.7725116238902017,-0.7123376207310705,-0.8070559590371167,-0.7697257904106121,-0.7727902072381566,-0.619847949208684,-0.6145548655974598,-0.5788961970587251,-0.44378327329862993,-0.389180937098678,-0.3365286843344307,-0.5095289434169402,-0.5034001097618512,-0.7507821227493948,-0.7830977911126299,-0.9184892982207004,-0.88645221320542,-0.7878337080279444,-0.7680542903228624,-0.7574681231004138,-0.8936953802523487,-0.8368643772687171,-0.6159477823372544,-0.558559612657713,-0.7092732039035058,-0.5944968645444227,-0.6571781178351885
2021-11-10,0.0,-0.23479076081665304,-0.19500986176832644,-0.15634171514095616,-0.16134910103513794,-0.11099705398796963,-0.2306179392381581,-0.1858296542956497,-0.23395619650094596,-0.17748401113865983,-0.10070409409435685,-0.055359432941370336,-0.07010340251872724,-0.09096751041120198,-0.09959134167342083,-0.09680946062109086,-0.09235845093736696,-0.11405712314552854,-0.13853767640604034,-0.09514033198969693,-0.12379370682868343,-0.11934269714495953,-0.08095273862279792,-0.09486214388444773,-0.041450027679720516,-0.0230896127343468,-0.03588626557506059,-0.07371984788674406,-0.08484737209606391,-0.053133928099498275,-0.0467356016791515,-0.024758741365740734,-0.09208026283211777,-0.11489168746123563,-0.12741015219672047,-0.09208026283211777,-0.07511078841290904,-0.06926883820302017,0.02308961273432656,0.0016691286313939304,-0.03838995852216161,0.013631217156420872,-0.025593305681447815,0.024758741365740734,0.001112752420936034,-0.11099705398796963,-0.019473167366309753,0.03087887968085856,0.06064500694078108,0.041728215784949466,0.03032250347040066,0.04423190873205048,0.11044067777749149,0.24007633481606377,0.23256525597478098,0.3001649655464072,0.34300593375227245,0.34439687427843746,0.4286878701640435,0.46763420489666296,0.4256278010064845,0.38890697111571687,0.34912607206741053,0.39085428785236004,0.4228459199541546,0.31323980649234995,0.19500986176832644,0.2136484648189291,0.23367800839571698,0.21337027671370018,0.3068414800719829,0.3085106087033971,0.2080847027142692,0.23479076081665304,0.23673807755327592
2021-11-17,0.0,-0.04570957141700837,0.09281272732847877,0.15357301128526346,0.11678238063252419,0.18729775605025928,0.19928258270227184,0.18952749124132146,0.17726394769042866,0.11817596512694568,0.23941781614161456,0.19175722643240395,0.1928720940279452,0.1722470435105032,0.33613258005447755,0.36288940234736594,0.399680033000085,0.43842168194500614,0.4063692385733121,0.30547372117720495,0.29543991281735404,0.21377586144426744,0.24499215411930048,0.2912591593340896,0.35759378126856023,0.3051950042783044,0.31467137884037455,0.3350177124589363,0.33864103214442,0.21489072903980866,0.22687555569182125,0.24415600342265975,0.1644429703417348,0.12179928481244964,0.03957779964158224,0.027314256090669148,0.08668095555303236,0.0944850287217805,0.11566751303698296,0.06549847123780962,0.05713696427128074,0.12653747209347455,0.09141914283405729,0.021182484315222738,-0.035954479956057994,0.05100519249583433,0.08640223865413185,0.1753129293982264,0.2519600765914079,0.22380966980409803,0.23913909924273433,0.3291646575823701,0.2801104833787178,0.2656172046367425,0.2987845156039778,0.298227081806197,0.3525768770886348,0.2773233143898748,0.20736537276992045,0.1206844172169084,0.16583655483615628,0.12152056791356941,0.15886863236404888,0.09225529353071829,0.056022096675759775,0.0861235217552516,0.12430773690241236,0.003344602786623723,-0.035397046158297515,-0.09058299213739629,-0.1234715862057311,-0.11789724822804516,-0.24777932310812317,-0.2851273875586229,-0.28234021856978
2021-11-24,0.0,-0.3242156005253422,-0.07407386303742725,0.016524169446818986,0.07093996883200178,-0.007692285776955307,0.04273492098313111,-0.0686607730462265,0.02564095258987866,0.006837587357305123,-0.041310423617026734,-0.22250648858549846,-0.11823328138666273,-0.040455725197355824,0.09401682616288842,0.07093996883200178,0.11225039244902851,0.038461428884817996,0.0669513762069054,0.11994267822598383,0.09173763037713387,0.10427320719883576,0.16638129236099458,0.1866091549596725,0.22820447804991598,0.1606833028965771,0.09002823353779205,0.115384286654454,0.046438614135010756,-0.05754969359060827,-0.011111079455618234,0.07350406409099379,0.06581177831401776,0.036752032045496895,0.0034187936786629256,0.10284870983273138,0.12535576821718458,0.08091145039473237,0.10512790561850666,0.14330443503010792,0.22250648858549846,0.1715094828789786,0.15584001185183052,0.21139540912990096,0.24415884855030148,0.1188030803331169,0.03589733362582598,0.14415913344975811,0.18290546180781356,0.2091162133441257,0.22535548331770722,0.2595434201042121,0.25099643590758586,0.1447289323962123,0.14558363081586248,0.1396007418782283,0.1532759165928385,0.010826179982401504,-0.022222158911215737,0.020227862598677912,-0.101424212466627,-0.3037028384534476,-0.21054071071023006,-0.22478568437127375,-0.36638072256203985,-0.2991444468819177,-0.429913305090303,-0.5168076444226696,-0.51310395127079,-0.42563981299198994,-0.48603850131480697,-0.6626761747117489,-0.7763510645268817,-0.8019920171167604,-0.9088293195745882
2021-12-01,0.0,0.41597483688406384,0.40165103716001194,0.4653773298098649,0.5311498795631447,0.40194335960337685,0.11371343046232016,0.260459297022984,0.19351745749630822,0.19380977993965187,0.3291550712097429,0.18094759243233957,0.0295245667781347,-0.04677159093566567,0.09646640630481045,0.15259231542760077,0.20842590210704742,0.28092186805733765,0.30606159818525375,0.20959519188044326,0.290568508687806,0.2861836720375873,0.3820654334557104,0.5051331821051764,0.5364116835434157,0.5086410514253642,0.6320011225181739,0.5375809733167902,0.4881784803910104,0.5650592829914982,0.5171184022824367,0.5089333738687079,0.47999345197726045,0.5510278057108112,0.502794602558406,0.46888519913003135,0.3697878908351067,0.26455181122985894,0.3057692757419101,0.350202287130784,0.21865718762422423,0.21924183251093285,0.3045999859685142,0.2557821379294216,0.30810785528868057,0.3689109235050545,0.31980075302259703,0.19731764925983958,0.2893992189144314,0.1800706251023086,0.23093473024484926,0.24642781974227576,0.25168962372254666,0.2639671663431504,0.16370056827482987,0.183578494422475,0.12482168330954925,0.21076448165383918,0.10523607960524776,0.009354318187124627,-0.08477350857089404,-0.1137134304623414,0.05817216622621717,0.21778022029419328,0.26250555412641086,0.26776735810668173,0.23999672598863023,0.46683894202660453,0.3882042047660123,0.3882042047660123,0.30840017773204553,0.33237061808656565,0.3656953766282317,0.44257617922871945,0.3960969107364187
2021-12-08,0.0,0.22061477599226537,0.4218824446658251,0.3583546295895195,0.32543567086815695,0.36932761582998064,0.5024472646944168,0.563953740200121,0.49753829716580156,0.47530356188908196,0.4585553197326141,0.5781031171943724,0.5229494231963112,0.3609534947517362,0.46433057564864183,0.4276577005818528,0.49089675286236123,0.5137090137306751,0.4715496455436766,0.5099550973852487,0.47934624103030565,0.5659750797707223,0.6182411458107695,0.5547133307344639,0.5443178700856182,0.6375882531294752,0.6511601045321321,0.6823464864786905,0.6396095927000766,0.6297916576428251,0.4877203621085502,0.5705952845035404,0.5524032283680654,0.6228613505435876,0.6003378524710918,0.5942738337592669,0.6225725877477903,0.612754652690539,0.6092894991409307,0.6014929036543015,0.6638656675473974,0.6150647550569585,0.589942391822246,0.525548288358528,0.5668413681581349,0.6049580572039098,0.6269040296848112,0.6852341144367045,0.680036384112271,0.7357676037019475,0.7842797533965681,0.7834134650091766,0.7493394551046043,0.797851604799246,0.8411660241694544,0.8044931491026653,0.7949639768412321,0.8720636433201947,0.8197975772801473,0.7519383202668211,0.7990066559824349,0.7418316224137724,0.758002338978646,0.7230620406866821,0.762622543711464,0.8706198293411876,0.8241290192171683,0.8091133538354836,0.8304818007247904,0.8105571678144904,0.8726411689117889,0.9061376532247669,0.907870229999571,0.8781276620320195,0.8867905459060613
2021-12-15,0.0,-0.06494012520456138,-0.171730553318729,-0.28140720921976603,-0.36251021003081285,-0.29987906705573436,-0.3879090145552509,-0.5175006421856909,-0.4447677019565906,-0.4225437479976836,-0.47882518984163686,-0.520675492751243,-0.39512458402242434,-0.4170599152026276,-0.4447677019565906,-0.46093057756305494,-0.6820156260372465,-0.7230000606107835,-0.6655641276520993,-0.6514216114964351,-0.6756659249061422,-0.6352587358899706,-0.5804204079394522,-0.5521353756281236,-0.5700299879067056,-0.49874016157103984,-0.4949880654481012,-0.32065990712120657,-0.3887748828913201,-0.4092671001780886,-0.3879090145552509,-0.3506766761046315,-0.4646826736859726,-0.4441904563992041,-0.5143257916201388,-0.46525991924335913,-0.44101560583365196,-0.4721868659318498,-0.4257185985632358,-0.5099964499398346,-0.5316431583413552,-0.5910994507508605,-0.5708958562427747,-0.6687389782176515,-0.6089940630294424,-0.5599281906526626,-0.6003353796688341,-0.4889269870956797,-0.48113417207114073,-0.4413042286123347,-0.4869066276448795,-0.4078239862846539,-0.4040718901617153,-0.34144074718665784,-0.3339365549408016,-0.27650062198209646,-0.2528335541297758,-0.3573150000144395,-0.23869103797411156,-0.23262995962169006,-0.23522756462985567,-0.2799640953263313,-0.24186588853966373,-0.23753654685935963,-0.15874252827781674,-0.08889581583558577,-0.13334372375337866,-0.17346228999086744,-0.30132218094916907,-0.3879090145552509,-0.4727641114892153,-0.5322204038987206,-0.5936970557590472,-0.639299454791571,-0.6277545436440934
2021-12-22,0.0,0.19981560043995442,-0.03557547782313652,0.04565519653969617,0.0732261918526356,0.13548327804312452,0.14704530833562662,0.20011206275514287,0.2223467363946032,0.19714743960321485,0.16987290660548549,0.013044341868487703,0.11028398125173614,0.018677125857155297,-0.18617833394106814,-0.24043093762135997,-0.09990780021996641,-0.2490283447619556,-0.15030639380274313,-0.21404579156919606,-0.012451417238089152,0.010376181031748151,0.027570995312939425,0.06047831229933639,0.016008965020415745,0.041504724126992604,0.016305427335604236,0.01778773891156826,0.014526653444451724,0.0753014280589766,0.04773043274603718,0.09012454381861681,0.06611109628800398,0.1111733681973016,0.20455899748303497,0.18143493689800916,0.07470850342859962,0.10465119726306854,0.11977077533789723,0.0865669960363118,0.10287242337191603,0.14022667508620507,0.1903288063537933,0.175209228278943,0.1562356401066208,0.19922267580957742,0.23716985215424344,0.2831215110091281,0.05632783988663281,0.11858492607712172,0.21819626398189965,0.15178870537872874,0.17817385143087106,0.12303186080501378,0.17461630364856603,0.10613350883903255,0.07055803101589606,0.07144741796146152,0.020752362063496302,-0.04743397043084869,0.07085449333108454,0.15682856473699777,0.1600896502041143,0.21463871619959463,0.14230191129254607,0.11947431302270874,0.2113776307324781,0.2997234006599208,0.3047632600182114,0.4245340353561087,0.5472694338459124,0.5113974937075874,0.4867911215465976,0.5653536350726908,0.6009291128958272
2021-12-29,0.0,0.17595716633470718,0.14227559654125121,0.10307721790233507,0.23489991347321287,0.15534172275422328,0.2520310567302249,0.3728201346101401,0.3321699641697826,0.29703660257490644,0.2749693671930023,0.2839704763619344,0.18902329254767924,-0.03774658683747482,0.14605025522500717,0.19541117647401268,0.1640524735628713,0.17392465781267663,0.17828003321700064,0.11614334411530712,0.11207832707128826,0.015388993095286643,-0.004065017044018848,-0.07520281531464446,0.008420392448363992,0.06591134778544946,0.06852457302804811,0.06213668910169354,0.020905801940767958,0.0011614334411572964,-0.020034726859873578,0.0075493173675118645,0.011614334411530713,0.01306612621297205,-0.008710750808648034,-0.01248540949238284,-0.05720059697678031,-0.10365793462290315,-0.0783967572778323,-0.08768822480704842,-0.041521245521209615,-0.05284522157245629,-0.021196160301030876,0.006097525566070525,0.051974146491604166,0.094076108733403,0.025841894065660058,0.0037746586837559323,0.05807167205765356,0.08914001660851088,0.10975546018897368,0.07491245695438155,0.1007543510200416,0.10946510182868964,0.08884965824822685,0.11846621099762171,0.09930255921860028,0.11730477755646442,0.0046457337646291855,0.10975546018897368,0.14372738834269255,0.15098634734989927,0.18147397518016736,0.1129494021521404,0.09523754217456029,0.1056904431449337,0.15330921423221386,0.16463319028346052,0.17886074993758988,0.15040563062933118,0.13095162049002568,0.06300776418256679,-0.012775767852666882,-0.07723532383667502,-0.19628225155486478
2022-01-05,0.0,0.005050476708893077,0.014590266047901992,0.010381535457164567,-0.21492584216698715,-0.38018866336328083,-0.13299588666728632,-0.02833878597762792,-0.0014029101969124755,0.12373667936769665,0.10914641331979467,0.12205318713138535,0.14365800416384975,0.1560036138966836,0.06341154090046022,0.022727145189998434,0.02441063742628932,0.0019640742756897142,0.013467937890367928,-0.0707066739243806,-0.09567847542942674,-0.07631831471203049,-0.04601545445871286,-0.12261435121014219,-0.11924736673756041,-0.059202810309702376,0.10465710068967883,0.15291721146345982,0.08669985016919506,0.10465710068967883,0.10185128029585387,0.10353477253214477,0.11447747206806615,0.1447803323213838,0.12542017160398755,0.1798530872441957,0.24101997182956733,0.28170436754002914,0.2803014573431167,0.27974029326435984,0.35437511574009944,0.3681236356698458,0.4045993007895702,0.41918956683745173,0.5089758194398502,0.5016806864159093,0.484004017934804,0.5561136020561175,0.5914669390183078,0.4593127984691567,0.4680108416900099,0.5011195223371525,0.550782543307846,0.60970477157817,0.5928698492152202,0.5347893670630519,0.606898951184345,0.6164387405233539,0.5934310132939771,0.5827688957974545,0.5159903704244125,0.5721067783009116,0.6262591119017413,0.5645310632375923,0.6200863070353141,0.5816465676399205,0.5923086851364634,0.5620058248831458,0.4562263960359533,0.4076857032227735,0.6933182193141617,0.586977626388192,0.64702218281605,0.5903446108607737,0.5145874602275
2022-01-12,0.0,-0.041551094087102704,-0.06301457315194342,-0.10786774094132315,-0.17666094307226138,-0.11419671553735745,0.001651036851138513,-0.04732972306609751,-0.05448421608771108,-0.0049531105534355606,-0.12162638136751079,-0.09053185400431871,-0.08365253379122488,-0.09025668119579897,-0.06851802932241847,0.06879320213093823,0.06466561000308192,0.06439043719454215,0.10786774094130314,0.0718201030246955,0.08888081715316017,0.13566019460219816,0.13455950336809916,0.12630431911238657,0.1441905516664305,0.1488684894113463,0.11749878923963447,0.1227270726015898,0.20335270549903736,0.2300444679258534,0.21188306256328973,0.1706071412847268,0.15684850085853913,0.1378615770703962,0.10979395060096138,0.11227050587767917,0.12878087438910435,0.13923744111301495,0.11419671553735745,0.06796768370535895,0.13621054021925766,0.1320829480914014,0.08557874345088315,0.11914982609077299,0.10786774094130314,0.07126975740763598,0.10566635847310508,0.15189539030510357,0.08833047153612067,-0.024215207150098263,0.040725575661503415,0.012657949192088628,0.08805529872760093,0.1285057015805846,0.13070708404878262,0.09410910051511548,0.08365253379120487,0.0354972922995481,-0.006328974596054325,0.005228283361935288,0.0,0.06081319068374539,0.052282833619513046,0.04182626689560243,0.06769251089683921,0.13703605864481694,0.16923127724210804,0.11144498745211992,0.1846409545194342,0.20830581605247295,0.30571699026988547,0.26031347686346623,0.24600449082021908,0.21243340818032924,0.19317131158366652
2022-01-19,0.0,-0.40790547845465175,-0.2901396641881726,-0.27552236171480665,-0.5984820069280498,-0.8315314520221521,-0.9065485515080762,-0.594896630849691,-0.5984820069280498,-0.4451382300377332,-0.4840257705800587,-0.47740661474306234,-0.4991946693731659,-0.41645522141076274,-0.6944597665644455,-0.6919775831255695,-0.6679831432164804,-0.6420581161882568,-0.595724025329303,-0.67184431745471,-0.7471372151005048,-0.835944222580143,-0.8668336164861188,-0.7989872691569523,-0.8442181673763833,-1.0146614301789418,-0.9360589546146587,-0.8450455618560153,-0.7851973611632184,-0.8097433973920485,-0.8293250667431667,-0.7623061138936121,-0.7749928292478433,-0.8017452507556989,-0.7827151777243422,-0.8773139465613444,-0.9360589546146587,-0.874280166802727,-0.8737285704829857,-0.978531871235363,-1.112845575094323,-1.1942060322573527,-1.2639829667056541,-1.3263133508373273,-1.243573902874924,-1.28273724157712,-1.2736359023012678,-1.153939500915654,-1.1164309511727017,-1.080301392229123,-1.1498025285175337,-1.158076473313774,-1.2841162323764934,-1.2490898660724175,-1.2151666924078242,-1.3202457913200925,-1.2518478476711643,-1.2868742139752403,-1.1950334267369849,-1.1602828585927796,-1.1167067493325724,-1.1371158131633026,-1.2860468194956283,-1.167453610749517,-1.113672969573955,-1.044447631445415,-0.972740109877999,-0.9694305319594908,-1.1114665842949496,-1.0847141627871137,-1.0113518522604539,-1.0201773933764353,-1.0146614301789418,-1.097400878141345,-1.0328641087306665
2022-02-02,0.0,0.015531282827484156,0.04941771808744959,0.10843659283189351,-0.04207565711446119,0.00847160881499136,0.1307451627113543,0.1660435327738183,0.19258790706079534,0.1378048367238471,0.2148964769402767,0.16237250228733438,0.09742350137240062,0.16039579356382405,0.1959765505868042,0.15757192395882696,0.1234031017383659,-0.11973207125188197,-0.07172628796693095,-0.00762444793350455,0.02767392212895944,0.09544679264889032,0.1448645107363399,0.16547875885282712,0.10730704498989055,0.10561272322689638,0.13836961064485886,0.1369576758423603,0.1612429544453314,0.14373496289435747,0.19145835921879237,0.25330110356823343,0.3069546260631787,0.33462854819215865,0.31119043047067435,0.3092137217471846,0.22816866408375494,0.2854932170652047,0.2100958986117898,0.21856750742678116,0.2518891687657348,0.27786876913172065,0.3046955303791933,0.3080841739051816,0.24285278602975227,0.1962589375472998,0.24144085122725373,0.21433170301928547,0.2250624075182622,0.2561249731732305,0.21913228134777238,0.2140493160587693,0.22703911624177253,0.22336808575526804,0.2552778122917437,0.2518891687657348,0.20614248116478973,0.2600783906202306,0.3289808089821644,0.1683026284578242,0.3854582010821068,0.32502739153516436,0.33236945250815275,0.3936474229366026,0.4021190317515939,0.4297929538805534,0.3823519445166141,0.3942121968575938,0.3682325964916285,0.3512893788616458,0.35496040934812967,0.3925178750945996,0.40748438400107206,0.4605731325750261,0.4611379064960173
2022-02-09,0.0,0.12809367821716627,0.1591815821440375,0.23287142848918965,0.2605051208686191,0.19314799569376637,0.13154788976460807,0.37593335674522843,0.3379370297234946,0.2510060391132013,0.16349934657832402,0.3180753133257725,0.27518551994520996,0.24323406313147308,0.23315927945147122,0.12521516859430862,0.030224351040005527,0.12751797629260314,0.1286693801417504,0.22135738999775897,0.21963028422404854,0.21675177460119088,0.14219837536917307,0.0972936252525976,0.1350021013120289,0.1347142503497473,0.1871031254857485,0.16407504850288715,0.09470296659202151,0.144213332105186,0.11773104357488287,0.19401154858061112,0.24121910639548108,0.21560037075204364,0.19286014473146385,0.2890023661349142,0.23517423618748418,0.3054098709852155,0.3019556594377737,0.3186510152503566,0.2757612218697731,0.2987892988526345,0.29245657768235594,0.2740341160960627,0.31634820755206206,0.31145474119321237,0.27806402956806764,0.06649357228802892,0.05181317321143805,0.16839281293717365,0.2262508563566296,0.21099475535547554,0.2642471833783424,0.24409761601833874,0.21703962556347245,0.255899505472051,0.35405668361149334,0.3350585201006369,0.3638436163292136,0.3431183470446468,0.39378011640693755,0.47121202526181305,0.4257315732206535,0.4202624049372198,0.43810916459894983,0.4340792511269449,0.4902101887726695,0.4726512800732419,0.4283222318812296,0.5022999291886633,0.4919372945463799,0.572247713024113,0.5198588378881119,0.5425990639086706,0.5647635880046873
2022-02-16,0.0,0.011775890444004334,-0.46127024519701215,-0.09937702667382375,-0.09851537615354299,-0.18985033130462087,-0.2760153833339515,-0.23063512259851654,-0.5083738069730505,-0.3909021193730589,-0.29382282742002563,-0.41474111710118206,-0.4371440306288163,-0.24269822988261447,-0.255622987687014,-0.3377670039549717,-0.29353561057993205,-0.28980179165865266,-0.35959548380241885,-0.38343448153052107,-0.581901318038075,-0.6987985719578793,-0.8090898385554266,-0.7189037507647231,-0.6913309341153415,-0.5379571415031289,-0.4382928979891907,-0.4569619925955457,-0.5270429015794054,-0.6726618395089866,-0.5864967874796561,-0.4980340007295349,-0.452079306313892,-0.5215857816175437,-0.559211187670368,-0.4816626408439705,-0.41818771918234693,-0.21771036479411696,-0.14791667265035083,-0.13958738428751136,-0.06117718694083307,0.09018608779070353,-0.002872168400977686,0.06031553642053141,-0.1364279990464401,-0.08358010046844648,0.07525081210560701,0.05370954909827438,0.040784791293874786,-0.05457119961857603,0.001723301040582432,0.127811493843507,0.12580097596281012,0.14877832317063158,0.2745792991334626,0.38199839733003227,0.3851577825711035,0.360169917482606,0.3779773615686593,0.3705097237261215,0.2872168400977686,0.11661003707968988,0.13068366224448472,0.2065089080302998,0.2800364190953244,0.002872168400977686,-0.21110437747185992,-0.4167516349818581,-0.5755825475559324,-0.34437299127722876,-0.3165129577877535,-0.3481068101985081,-0.45552590839505686,-0.5623705729114392,-0.65313109438233
