date_only,09:15:00,09:20:00,09:25:00,09:30:00,09:35:00,09:40:00,09:45:00,09:50:00,09:55:00,10:00:00,10:05:00,10:10:00,10:15:00,10:20:00,10:25:00,10:30:00,10:35:00,10:40:00,10:45:00,10:50:00,10:55:00,11:00:00,11:05:00,11:10:00,11:15:00,11:20:00,11:25:00,11:30:00,11:35:00,11:40:00,11:45:00,11:50:00,11:55:00,12:00:00,12:05:00,12:10:00,12:15:00,12:20:00,12:25:00,12:30:00,12:35:00,12:40:00,12:45:00,12:50:00,12:55:00,13:00:00,13:05:00,13:10:00,13:15:00,13:20:00,13:25:00,13:30:00,13:35:00,13:40:00,13:45:00,13:50:00,13:55:00,14:00:00,14:05:00,14:10:00,14:15:00,14:20:00,14:25:00,14:30:00,14:35:00,14:40:00,14:45:00,14:50:00,14:55:00,15:00:00,15:05:00,15:10:00,15:15:00,15:20:00,15:25:00
2015-01-23,0.0,0.20956167626685696,0.2174910369904554,0.2707310304204219,0.3619186787419379,0.3369978307534592,0.2939527296824167,0.29451911259125846,0.29112081513827,0.28035953987052487,0.2831914544146716,0.17218040428410794,0.03115105998561387,-0.09345317995684162,-0.2310842268023885,-0.2673327329674541,-0.1823752966430526,-0.15065785374861765,-0.2577042235173511,-0.2729965620557475,-0.24694294824960597,-0.32850208712101897,-0.336431447844638,-0.3664497420125891,-0.2554386918820461,-0.31490889730912713,-0.31887357767093666,-0.266766350058633,-0.3222718751239045,-0.2922535809559534,-0.24694294824960597,-0.1608527461075417,-0.15065785374861765,-0.19313657191081834,-0.20333146426974244,-0.2350489071641774,-0.2339161413465352,-0.23561529007301912,-0.1999331668167746,-0.18860550864018774,-0.1835080624607154,-0.1812425308253898,-0.21182720790218257,-0.19823401809027008,-0.17671146755475917,-0.15462253411042715,-0.0906212654126949,-0.11327658176586862,-0.1076127526775752,-0.10138254068046065,-0.10251530649812346,-0.07929360723610804,-0.2180574198992971,-0.24071273625247083,-0.20899529335803585,-0.17274678719294967,-0.11101105013056362,0.009062126541261248,0.005663829088293431,0.024354465079657633,-0.05777105670059712,-0.05833743960943883,-0.0356821232562651,-0.034549357438602296,-0.0724970123301724,-0.06286850288006945,-0.09855062613631393,-0.06343488578889055,-0.04134595234455853,-0.006230211997135138,0.16425104356050949,0.06796594905952116,-0.014159572720733577,-0.015292338538396386,-0.06343488578889055
2015-01-30,0.0,-0.20589334836150996,-0.15902331784018434,-0.17185677857818035,-0.25387933199046975,-0.3040972218347385,-0.4179244388150891,-0.4687003052131749,-0.4859975783817685,-0.45586684447519915,-0.417366462261272,-0.4162505091536175,-0.4223882512456867,-0.3794240566011416,-0.3838878690317595,-0.5205921247189356,-0.5501648820716675,-0.5473749993025414,-0.5395633275489804,-0.5641142959172977,-0.6723617473593759,-0.7426667931413643,-0.8710014005211622,-1.1047935765739123,-1.1259966856192865,-1.1187429904195425,-1.2013235203856896,-1.3084550187201134,-1.3826659003788822,-1.567356139695018,-1.4624565475758828,-1.4345577198846227,-1.4858915628365457,-1.4752900083138587,-1.4708261958832611,-1.4607826179144114,-1.4250721184695898,-1.3380277760728654,-1.3012013235203896,-1.288925839336231,-1.4072168687471793,-1.4507390399455413,-1.4418114150843462,-1.4295359309001876,-1.3687164865332522,-1.398847220439801,-1.4713841724370782,-1.4535289227146675,-1.4429273681920005,-1.4752900083138587,-1.4797538207444563,-1.4903553752671435,-1.4535289227146675,-1.4150285405007403,-1.3307740808731217,-1.3318900339807762,-1.3826659003788822,-1.4457172509611267,-1.7185677857816413,-1.8123078468242924,-1.875359197406537,-1.9434323369732165,-2.068419085030051,-2.024338937277872,-1.9819327191871436,-1.8535981118073457,-1.8653156194376872,-1.969657235002985,-1.9093957671898667,-1.837974768300244,-1.7587420976570605,-1.7531623321188083,-1.8173296358087072,-1.7799452067024144,-1.7302852934119828
2015-02-06,0.0,0.16224426391734015,0.19216164591626478,0.18180562907048156,-0.002876671346052056,0.039122730306303775,0.17260028076312336,0.19158631164706275,0.1979149886083689,0.16684693807101927,0.14613490437943188,0.0023013370768290866,-0.050054081421309966,-0.11219018249603019,-0.13405288472602164,-0.1426828987641778,-0.306653165489145,-0.28248912618232447,-0.27040710652889327,-0.31643384806572616,-0.26695510091363917,-0.22553103353048537,-0.11909419372655931,-0.20251766276206895,-0.08342346903550964,-0.11851885945735727,-0.19043564310865868,-0.22553103353048537,-0.20827100545417307,-0.13520355326444664,-0.06041009826709318,-0.03682139322947469,0.05350608703656405,0.0011506685384250087,-0.014383356730260283,-0.02991738199894557,-0.03279405334499763,0.10183416565024697,0.14901157572548396,0.08342346903550964,0.11046417968840314,0.11103951395760518,0.11161484822680723,0.1616689296481172,0.1720249464939004,0.13347755045681958,0.13750489034127572,-0.12484753641866342,-0.15016224426392988,-0.12829954203391752,-0.06788944376682435,-0.11564218811130522,-0.17029894368629428,-0.09895749430419493,-0.0966561572273449,-0.10068349711182195,-0.025314707845266467,-0.04660207580605587,-0.07019078084367435,-0.06558810668999526,-0.2358870503762686,-0.32563919637310534,-0.2663797666444162,-0.2784617862978474,-0.37281660644834225,-0.4758014406370143,-0.25774975260626004,-0.2606264239523121,-0.2600510896831101,-0.5057188226359598,-0.414816008100719,-0.4366787103307105,-0.45106206706097074,-0.31413251098889705,-0.31585851379652413
2015-02-13,0.0,0.04810996563574717,0.10710194730813705,0.20160366552119546,0.21248568155783817,0.245131729667808,0.30011454753723626,0.30985108820159535,0.33562428407788397,0.26689576174111423,0.20733104238259292,0.23138602520046656,0.25658648339060297,0.23711340206186401,0.16036655211912942,0.16093928980526084,0.2147766323024055,0.18957617411224825,0.15693012600229928,0.13115693012601062,0.06529209621993962,0.08304696449026346,0.16838487972509425,0.12886597938144329,0.1368843069874081,0.13631156930125587,0.1391752577319546,0.18442153493700303,0.19358533791523067,0.2142038946162741,0.2147766323024055,0.23825887743412683,0.3298969072164865,0.3482245131729626,0.4530355097365323,0.3808705612829324,0.4032073310423909,0.30355097365406647,0.33505154639175255,0.42210767468499844,0.43184421534937834,0.49999999999999584,0.5040091638029782,0.4994272623138644,0.5177548682703405,0.6174112256586441,0.5664375715922191,0.523482245131738,0.5103092783505072,0.5767468499427304,0.6260022909507403,0.5910652920962242,0.6443298969072164,0.6712485681557888,0.5796105383734291,0.5922107674685078,0.5733104238258794,0.5801832760595605,0.5733104238258794,0.6563573883161429,0.7256586483390648,0.7079037800687202,0.7531500572737686,0.7657502863688472,0.8046964490263459,0.8356242840779007,0.9238258877434093,0.9536082474226805,0.8980526918671208,0.9089347079037842,0.942726231386017,0.8465063001145434,0.6941580756013788,0.6975945017182089,0.7371134020618598
2015-02-20,0.0,0.09477122339494932,-0.1686702130660265,-0.3734437493301182,-0.5297034450468014,-0.47724080352459924,-0.45467622652580075,-0.4089829581032216,-0.35821265985592515,-0.4975489228235096,-0.41405998792795945,-0.3717514060552124,-0.31139116258342253,-0.21267113821367933,-0.33000693860742714,-0.349186829056414,-0.21041468051381185,-0.24538977486193297,-0.24595388928691525,-0.26400555088595806,-0.30180121735892906,-0.27528783938535734,-0.2623132076110318,-0.2758519538103191,-0.22395342671307858,-0.1760037005906319,-0.09928413879472543,-0.04005212417287953,-0.006769373099643635,0.023128691423760186,0.09759179551979912,0.09138653684511724,0.04851384054740843,-0.0005641144249822743,0.019179890448966355,0.0,-0.1336951187178848,-0.13087454659303505,-0.10492528304442503,-0.10492528304442503,-0.12072048694357983,-0.10492528304442503,-0.06882195984633933,-0.060360243471789914,-0.05471909922209031,-0.01974400487394863,0.04625738284752037,-0.02200046257383668,0.012410517349322723,0.059232014621845894,0.11113054171906586,0.1884142179399546,0.12015637251859757,0.09364299454500528,0.05641144249699609,-0.04118035302282356,-0.3238016799327657,-0.3401609982569028,-0.26569789416086387,-0.05077029824729648,-0.0823607060456266,-0.01805166159904285,-0.01917989044898688,-0.0361033231980857,-0.02707749239857454,-0.13933626296758445,-0.10323293976951925,-0.10718174074429256,-0.2002606208643361,-0.3012371029339673,-0.2882624711596623,-0.35539208773107533,-0.4580609130756123,-0.47272788812484356,-0.4597532563505181
2015-02-27,0.0,-0.0721690818488948,0.018901426198518086,0.026347442579749955,0.06300475399507417,0.023483590125428402,0.03665731141532422,0.010882639326430238,-0.030356836015804297,-0.07503293430321636,-0.05498596712296548,-0.04123947534223454,0.07274185233977162,0.003436622945177529,0.00859155736296466,0.04696718025087764,0.07331462283062759,0.005727704908643107,-0.11970903259064926,-0.13631937682570178,-0.07675124577582595,-0.06586860644939573,-0.008018786872108684,0.014319262271607767,0.014319262271607767,0.015464803253340556,0.06014090154075262,0.21650724554670525,0.24629131107165358,0.29898619623117434,0.3316341142104442,0.3012772781946191,0.35225385188155106,0.3894839337877313,0.4158313763674812,0.4398877369837864,0.47539950741737785,0.45878916318230456,0.42041354029441236,0.3648548026805701,0.3929205567329088,0.42041354029441236,0.4696718025087348,0.4645168680909476,0.48857322870725284,0.5269488515951658,0.5624606220287572,0.6976344578727262,0.7778223265937297,0.8385359986253591,0.8098974740821435,0.7892777364110158,0.7675124577581763,0.8093247035912668,0.9737098344693282,0.967982129560685,0.9914657196861134,0.8877942608396815,0.9147144739103084,0.9502262443438998,0.9135689329285756,0.8958130477117903,0.8963858182026462,0.9817286213414368,0.9444985394352565,0.8356721461710376,0.8866487198579487,0.9404891459992022,0.9931840311587231,1.1472592932012102,1.231456555358268,1.3070622601523612,1.2646772438283937,1.2618133913740721,1.2864425224812335
2015-03-20,0.0,-0.12266871308310395,-0.05988093577042505,-0.043021254825344274,0.1459234454211559,0.09418166596902894,-0.04011441328309043,0.05522998930282312,0.03604483512395196,-0.015115576019711552,-0.05348588437747505,-0.07383377517325199,-0.04592809636759812,-0.0901120878098693,-0.0627877773126789,-0.06453188223802699,-0.09825124412816741,-0.11511092507324819,-0.29184689084229065,-0.23719826984790982,-0.16627133621691167,-0.05988093577042505,-0.09883261243663086,-0.08720524626761547,-0.02209199572112502,0.010464629552109625,0.05174177945212697,0.0860425096507097,0.11685502999861741,0.07034556532255584,0.09708850751128277,-0.06569461885493276,-0.10348355890423279,-0.160457653132404,-0.20289753964930596,-0.21452490581832134,-0.13138923770986552,-0.17964280731127516,-0.2348727966140983,-0.19475838333100787,-0.11859913492394433,-0.19010743686340595,-0.19127017348029055,-0.160457653132404,-0.19592111994791364,-0.22208269382819829,-0.4348634947211716,-0.3877726617366677,-0.29824194223524064,-0.29184689084229065,-0.1430166038788809,-0.10580903213804434,-0.08139156318310777,-0.12906376447607512,-0.17848007069439056,-0.1273196595507059,-0.15929491651549824,-0.13197060601832897,-0.1523184968141059,-0.32207804288171377,-0.40521371099019077,-0.40579507929863307,-0.1755732291521367,-0.16627133621691167,-0.24882563601692523,-0.20522301288311748,-0.29766057392679834,-0.4034696060648216,-0.3249848844239676,-0.32033393795636567,-0.3151016231803214,-0.35812287800566567,-0.5476489465606293,-0.4278870750197581,-0.33777498720988874
2015-03-27,0.0,0.1477387595925564,0.20276696154604015,0.09450495552883462,-0.08672923133975727,-0.15970141219114362,-0.08493483344997355,-0.12441158702530264,-0.04246741672499765,-0.016149581008097085,-0.09689748604856076,-0.0855329660798942,0.005383193669351189,-0.06579458929222966,-0.06758898718201338,-0.2392530519717442,-0.277533540287232,-0.2536082350900576,-0.1818323194985343,-0.16149581008092734,-0.0933086902689933,0.02512157045703749,0.003588795779567459,-0.02452343782711684,-0.09988814919820756,-0.09510308815877704,-0.138766770143616,-0.14893502485241947,-0.19977629839641511,-0.28172046869674183,-0.2954775191851128,-0.20815015521541308,-0.2500194393104683,-0.24643064353090088,-0.4557770640061771,-0.4916650218019387,-0.5688241310628349,-0.5855718447008527,-0.6920394528282745,-0.755441511600778,-0.7835537452074622,-0.9408626268788797,-1.0742462033531444,-1.004264685651405,-0.8822456291458067,-0.8182454377433608,-0.8134603767039302,-0.7512545831912899,-0.8379838145310471,-0.8104697135542835,-0.6023195583388704,-0.5335343058969939,-0.4659453187149805,-0.29846818233475964,-0.3044495086340532,-0.2506175719404108,-0.4007488620526715,-0.491066889172018,-0.49286128706180177,-0.37203849581606663,-0.3295710790910907,-0.4228797693600623,-0.3947675357533779,-0.5042258070304465,-0.46116025767555,-0.4623565229353913,-0.3696459652963404,-0.1746547279393776,-0.09211242500913022,-0.24583251090098024,-0.3176084264925035,-0.3098327023034044,-0.2619820919090555,-0.2536082350900576,-0.22848666463302006
2015-04-10,0.0,0.03425068073227955,0.023975476512579072,0.07135558485891573,0.09875612944473522,0.04281335091534944,0.14899046118540774,0.09875612944473522,0.10332288687570168,0.1147397804531282,0.13072343146152118,0.025117165870325878,0.02625885522807268,0.039959127520992815,0.07078474018003195,0.06050953596035224,0.025688010549209665,0.02911307862242931,0.02740054458581949,0.04909264238292572,0.08905176990391853,0.09818528476585144,0.11017302302216174,0.07535149761099841,0.03938828284210902,-0.1090313336644357,-0.11531062513201197,-0.11188555705879233,-0.21749182264998762,-0.19237465677964097,-0.14613623779107188,-0.06507629339133945,-0.001141689357746805,0.011416893577426517,-0.07478065293215615,-0.10103950816022884,-0.06393460403359265,-0.05651362320826957,-0.1866662099909277,-0.14670708246993489,-0.12387329531508187,-0.09247683797715894,-0.10332288687572243,-0.07078474018005272,-0.07306811889554632,-0.039388282842129786,-0.039388282842129786,-0.12101907192072524,-0.28085558200469646,-0.1666866462304313,-0.17011171430367172,-0.19180381210077796,-0.11588146981089575,-0.19808310356835424,-0.23347547365838056,-0.1963705695317444,-0.10218119751797562,-0.09019345926168611,-0.06393460403359265,-0.0074209808253438495,-0.0696430508223059,-0.001141689357746805,0.006850136146439296,0.03310899137453275,0.061080380639215254,0.014841961650646166,-0.04623841898858985,0.035963214768889376,0.08048909972084864,0.1061771102700583,0.20322070567818368,0.23804223108932626,0.20892915246689694,0.17524931641348043,0.09247683797713817
2015-04-17,0.0,-0.0685681359838747,-0.06626332469029099,-0.14001728608469763,-0.15269374819936618,-0.25986747335061106,-0.22529530394698097,-0.23681936041485765,-0.28637280322673997,-0.2431575914722024,-0.3434168827427171,-0.44886199942380556,-0.41774704696053006,-0.4419475655430754,-0.3808700662633163,-0.35897435897435476,-0.2938634399308557,-0.29847306251800215,-0.25756266205704825,-0.33074042062806946,-0.33535004321521594,-0.22010947853644902,-0.21549985594930252,-0.18035148372226606,-0.17286084701815038,-0.1382886776145203,-0.1976375684240811,-0.24027657735523322,-0.2114664361855415,-0.23739556323826408,-0.3025064822817632,-0.33074042062806946,-0.28637280322673997,-0.2610198789974029,-0.2644770959377785,-0.31057332180928526,-0.37107461826563787,-0.3111495246326707,-0.34399308556612346,-0.3820224719101082,-0.356669547680792,-0.24661480841255704,-0.295592048401033,-0.3174877556899945,-0.30769230769231604,-0.3209449726303701,-0.43733794295592887,-0.48112935753385194,-0.44309997118986727,-0.41717084413714467,-0.4338807260155533,-0.41256122154997726,-0.42235666954767664,-0.46557188130221416,-0.46269086718524505,-0.35033131662344724,-0.3768366464995762,-0.39412273120139124,-0.5416306539902046,-0.5468164794007574,-0.46845289541918333,-0.45001440507057644,-0.41774704696053006,-0.3929703255545994,-0.5087870930567517,-0.5554595217516649,-0.5906078939786805,-0.5692883895131045,-0.6995102276001236,-0.8481705560357288,-0.8061077499279831,-0.8902333621434746,-0.9282627484874592,-0.864304235090752,-0.8913857677902663
2015-04-24,0.0,0.03406544150605545,-0.04840878529806392,-0.2492155983863782,-0.2790975646197563,-0.15180038846556973,-0.19363514119229916,-0.28029284326909576,-0.24264156581502191,-0.1619602569849009,-0.1876587479456235,-0.2025997310623126,-0.14343343792021515,-0.18885402659494124,-0.2049902883609698,-0.1661437322575782,-0.307784252203795,-0.3836844464365799,-0.4063947407739429,-0.3544001195278606,-0.30957717017779335,-0.2790975646197563,-0.39563723292993114,-0.5217391304347783,-0.44822949350067237,-0.5552069326161748,-0.5139698192141042,-0.4494247721500118,-0.3986254295532689,-0.34722844763184546,-0.3352756611384942,-0.33288510383983705,-0.3137606454504706,-0.23009113999701178,-0.17690124010159,-0.20678320633496813,-0.28447631854175137,-0.29941730165844044,-0.24861795906169756,-0.2187359928283194,-0.11235619303749751,-0.20200209173763198,-0.14940983116689077,-0.14761691319289244,-0.09621993127146897,-0.13148065142686388,-0.23248169729569076,-0.3227252353204841,-0.3424473330345093,-0.24084864784102358,-0.3143582847751295,-0.461975197968022,-0.3538024802032017,-0.33109218586583866,-0.34125205438516987,-0.4308979530853043,-0.38607500373523707,-0.3681458239952102,-0.3466308083071866,-0.29105035111310756,-0.5558045719408337,-0.4494247721500118,-0.4189451665919531,-0.631107126848938,-0.6926639772897144,-0.8534289556252758,-0.8629911848199698,-0.8880920364559902,-0.8988495443000236,-1.0805318989989499,-1.105035111310333,-0.9843119677274809,-0.741670401912437,-0.5611833258628505,-0.5695502764081833
2015-05-08,0.0,0.09909338782444076,0.27512263576102325,0.22095979024207998,0.39452709065506497,0.47454038517169234,0.33974875825522227,0.23511598850270957,0.31205184861485125,0.3526739827540643,0.41791559212916274,0.425916921580821,0.47392489829079293,0.47269392452900544,0.5280877438097474,0.39822001194045004,0.40683682827300766,0.3514430089922656,0.37790894487084903,0.43699568543696493,0.4856191490278474,0.4671545426009335,0.5194709274771898,0.49300499159860633,0.5323961519760206,0.5490142977602477,0.4757713589334911,0.416684618367364,0.4899275571941207,0.5410129683085895,0.5644014697826761,0.5225483618816754,0.5471678371175608,0.6271811316341882,0.6985776098182467,0.538551020784992,0.5083921636210347,0.5465523502366615,0.5877899712567627,0.7016550442227324,0.8432170268290731,0.8025948926898714,0.8235214466403715,0.9287697032737838,0.9503117441051834,0.853680303804329,0.8493718956380445,0.851833843161642,0.7847457731438455,0.7939780763573024,0.8149046303078139,0.8407550793054868,0.8487564087571564,0.8444480005908719,0.603177143279191,0.5884054581376621,0.7515094815754025,0.9207683738221254,0.8296763154493428,0.8549112775661276,0.879530752802013,0.9693918374129856,0.9410794408917265,0.9312316507973588,1.0112449453139862,1.0580219482621818,1.0075520240286124,0.9872409569590115,1.0112449453139862,0.9324626245591575,0.8801462396829012,0.7422771783619455,0.6733426477014732,0.7299674407440028,0.7601262979079602
2015-05-15,0.0,0.29384979661223637,0.17606702689575618,-0.27199320016999134,-0.1202112804322705,0.016999575010620317,0.012749681257959717,0.09774755631108338,0.22099447513813036,0.2155303260275636,0.2379940501487507,0.1426750045534576,0.06374840628984275,0.15421043045353322,0.16149596260092614,0.109282982211159,-0.019428085726432686,-0.01153542590007562,-0.012749681257959717,-0.08742638576893604,-0.059498512537182156,-0.0182138303685265,0.05342723574767332,0.030963511626486216,0.049177341995012724,0.04189180984761978,0.11474713132172579,0.07528383218991838,0.12931819561653374,0.12810394025862756,0.17485277153784998,0.22828000728552333,0.19913787869588534,0.2070305385222424,0.2410296885435051,0.2556007528383131,0.2671361787383887,0.3387772448545885,0.28170724303321876,0.23374415639609009,0.23435128407503217,0.29263554125433017,0.291421285896424,0.22038734745916622,0.13356808936919434,0.1736385161799438,0.2070305385222424,0.2495294760488042,0.27927873231740635,0.17910266529051058,0.21067330459596093,0.21431607066965738,0.14085362151660938,0.14996053670087262,0.2519579867646166,0.21917309210126007,0.28352862607006696,0.30902798858600844,0.32420618055978057,0.2410296885435051,0.26349341266469223,0.30599235019125404,0.35820533058102116,0.3357416064598341,0.2452795822961657,0.19549511262218888,0.05524861878452156,0.08803351344787809,0.23920830550665687,0.27199320016999134,0.33634873413879823,0.2786716046384643,0.26895756177523694,0.22888713496448743,0.23374415639609009
2015-05-22,0.0,0.05700103314373869,0.06234488000095002,0.09440796114430439,0.006531368381064868,0.05165718628650577,0.06471992304861389,0.1508152335261163,0.16150292724056056,0.17753446781223772,0.15022147276418954,0.1389400182878401,0.15734660190715957,0.21078507047940245,0.2238478072415106,0.2606609744801711,0.4174138156254039,0.41800757638733066,0.438789203054314,0.4993528007695269,0.5094467337220444,0.5409160541034936,0.5106342552458764,0.48450878172168166,0.48807134629315596,0.4773836525787116,0.49163391086463015,0.566447766865783,0.5385410110558297,0.4987590400076002,0.5147905805792773,0.5527912693417698,0.5860418720089345,0.5949482834376417,0.6246363215333322,0.6460117089622207,0.6341364937239444,0.614542388580793,0.6656058141053937,0.5587288769609079,0.48569630324549207,0.41800757638733066,0.5130092982935403,0.5171656236269412,0.5729791352468263,0.5979170872472107,0.622855039247595,0.6068234986759178,0.6667933356292041,0.6923250483915151,0.5896044365804087,0.4684772411500045,0.4999465615314321,0.5320096426747865,0.5925732403899777,0.6252300822952374,0.4767898918167849,0.3040055100998749,0.3414124381004406,0.3544751748625487,0.42453894476837395,0.4126637295300977,0.4043510788633174,0.44175800686388306,0.3420061988623674,0.27609875428992153,0.37941312686293305,0.4239451840064688,0.372287997719963,0.3901008205773773,0.4186013371492358,0.43582039924474497,0.44057048534005117,0.3728817584818682,0.3010367062903059
2015-05-29,0.0,0.18479059072794904,0.4400062600069735,0.45264665872125565,0.5513621534423931,0.5682160183947765,0.5044121010750314,0.4634812861906653,0.5026063298301371,0.5652063996532788,0.5742352558777722,0.5441390684627939,0.6091468332791427,0.9648837685241989,0.9841453284697894,0.9811357097282916,1.033503075830336,1.0918896794153985,1.0708223482249135,1.077443509456222,1.092491603163711,1.1382378080344693,1.20806096283721,1.2255167515379064,1.2020417253542146,1.1653243767079497,1.1875955553950381,1.2068571153406287,1.2291282940276949,1.2760783463950784,1.2170898190617037,1.24237061649029,1.24237061649029,1.233943684014109,1.2303321415242985,1.244778311483497,1.2315359890209019,1.1924109453814302,1.2188955903066199,1.2116725053270205,1.196022487871219,1.1574993679800598,1.1502762830004607,1.1942167166263244,1.2586225576943824,1.2694571851637702,1.2586225576943824,1.2200994378032015,1.205653267844025,1.0563761782657373,0.8691778925445592,0.7505989141295405,0.7879181865241179,0.8541297988370701,0.8071797464697084,0.8240336114220919,0.8180143739390963,0.8577413413268807,0.9612722260343884,0.9137202499187359,0.9227491061432292,0.9678933872656966,0.9299721911228285,0.9299721911228285,1.1298108755582668,1.2441763877351841,1.285107202619572,1.4024823335379875,1.5475459568781738,1.483140115810116,1.4253554359733664,1.4602670133747366,1.4181323509937673,1.4536458521434503,1.4897612770414241
2015-06-05,0.0,0.08329528486987425,0.17214358873107122,0.1665905697397485,0.23137579130520627,0.11599639670768348,0.06972123844664223,0.0629342152350206,0.16473956340931137,0.19497266680652273,0.23446080185594237,0.17893061194269286,0.24309883139800115,0.14931451065563092,0.10859237138591239,-0.029616101287061915,0.050594173032076264,0.10920937349606186,0.1196984093685578,0.14931451065563092,0.12093241358885673,0.15301652331651647,0.241247825067564,0.19003664992534947,0.13512346212223822,0.18263262460357838,0.19744067524710934,0.24618384194873724,0.2708639263546259,0.19497266680652273,0.2122487258906403,0.278267951676397,0.3393511605809692,0.5509828843614712,0.7576785912607888,0.830484840258156,0.7453385490578445,0.7101694287794487,0.500388711329395,0.32330910571713933,0.3948813504942187,0.5805989856485332,0.5929390278514776,0.686723348593859,0.715105445660622,0.7478065574984312,0.7502745659390178,0.5935560299616269,0.5947900341819147,0.5849180004195682,0.6355121734516332,0.6941273739156189,0.7379345237360734,0.719424460431657,0.7009143971272405,0.7490405617187189,0.7502745659390178,0.7533595764897538,0.7842096819971146,0.86627096264669,0.9335241926527457,0.8224638128262466,0.8989720744844992,0.9520342559571621,0.867504966866989,0.8946530597134643,0.5941730320717764,0.32269210360700107,0.26284289892271656,0.02653109073633705,0.03393511605809692,0.1468465022150443,0.09686933129311752,0.03393511605809692,0.06540222367560722
2015-06-12,0.0,0.11207374200373427,0.21407343978240065,0.20903641766987813,0.21785120636679825,0.21974008965899133,0.0831108648567013,0.0711479373394518,0.15740694101647107,0.2764065884249209,0.2764065884249209,0.3664433586863492,0.45710975671183424,0.4684430564650156,0.37840628620359873,0.3431471314159069,0.3834433083161212,0.3909988414849164,0.44892459577898236,0.4105173021709611,0.38218405278799633,0.36518410315821287,0.3085176043922833,0.275147332896796,0.15048103561174406,0.22729562282778648,0.22855487835592284,0.299073187931295,0.328036065078328,0.29340653805470435,0.31985090414547607,0.37714703067546235,0.387850702664587,0.4212209741600743,0.5402206215685356,0.5975167480985218,0.6283685085377594,0.5024429557245825,0.4187024631038131,0.4086284188787566,0.21785120636679825,0.2405178058731724,0.2764065884249209,0.3544804311690997,0.38155442502392817,0.44955422354303903,0.2789250994811936,0.2594066387951489,0.2959250491109656,0.22288822847932074,0.22477711177152523,0.22729562282778648,0.24933259457009244,0.28459174935778425,0.3028509545156926,0.21785120636679825,0.232332644940309,0.2121845564902076,0.10703671989120032,0.11333299753185917,0.06233314864252025,0.07051830957538362,0.045333199012748245,-0.0031481388203294216,0.07366644839571304,0.34125824812371386,0.4747393341056744,0.43381352944139195,0.4111469299350293,0.4092580466428248,0.45459124565557296,0.41492469651941544,0.4759985896338108,0.48103561174633325,0.48418375056666274
2015-06-19,0.0,0.08780380727062972,0.14207143815318882,0.056706625528952524,0.028048438433668766,0.037804417019309075,0.08475506396262128,0.11463274838111287,0.11951073767392192,0.18109535249570569,0.21524127754539135,0.2652406677967342,0.25731393519591667,0.3128010634016614,0.3060938281240517,0.265850416458327,0.24755795661027635,0.30487433080084386,0.26646016511994197,0.25365544322629324,0.25060669991828477,0.30243533615442825,0.33414226655772045,0.34450799380495356,0.3695076889306139,0.3597517103449958,0.314630309386462,0.31706930403287764,0.30304508481604325,0.28902086559918666,0.27438689772075947,0.27255765173595886,0.28048438433677636,0.30182558749283545,0.3542639723905717,0.298167095523212,0.14207143815318882,0.09329154522505378,0.15182741673880693,0.1658516359556635,0.017682711186435635,-0.005487737954424063,0.02012170583285126,0.06524310679138504,0.06707235277618565,0.06585285545297785,0.10731576444188817,0.22255826148461605,0.27621614370556014,0.2487774539334842,0.26767966244312763,0.27743564102876794,0.2359727320398576,0.26950890842795044,0.25853343251910227,0.28841111693759386,0.31828880135608545,0.35914196168338075,0.38048316483943984,0.4024341166571139,0.418897330520364,0.43475079572199893,0.46096998817086704,0.4530432555700496,0.48657943195814246,0.5274325922854599,0.4981646565285833,0.3298740259265042,0.29450860355361075,0.29694759820002636,0.25792368385750947,0.15792490335482381,0.1652418872940485,0.28048438433677636,0.32560578529528794
2015-06-26,0.0,-0.06793275848711254,-0.1763868115104226,-0.3343006799234776,-0.4487137468491671,-0.3003343006799105,-0.2443195699975568,-0.28662856870444214,-0.3909113119960822,-0.43083670514202876,-0.3360883840941871,-0.24729907694874656,-0.2252507255099383,-0.1990310643394601,-0.1728114031690036,-0.17400320594948382,-0.15553026285209456,-0.11202946136472904,-0.07865898351141287,-0.066740955706654,-0.10011143355997017,-0.19962696572971106,-0.19783926155900156,-0.1877089379249522,-0.1775786142909028,-0.14718764338877635,-0.1793663184616123,-0.31106052570421083,-0.2592171047535054,-0.2133326977051794,-0.30093020207016147,-0.3056974131920606,-0.3438351021672977,-0.41355556482511974,-0.4302408037517995,-0.4683784927270149,-0.4016375370203609,-0.38614410087418305,-0.4773170135805841,-0.6024563055305522,-0.5720653346284257,-0.5661063207260463,-0.5774284471405542,-0.4016375370203609,-0.3104646243139599,-0.3343006799234776,-0.3211908493382385,-0.31761544099681954,-0.13944092531566576,-0.14778354477900563,-0.1537425586813851,-0.11500896831591874,-0.06256964597498406,-0.07269996960903344,-0.20022286711994033,-0.20141466990042053,-0.18472943097376246,-0.140632728096146,-0.13288601002305706,-0.1024950391209306,-0.013705731975468365,0.03694588619475683,0.06078194180427457,0.004767211121899212,-0.19605155738827038,-0.3015261034603907,-0.26279251309492435,-0.19962696572971106,-0.19188024765662212,-0.2931834839970725,-0.231805640802547,-0.14480403782781592,-0.11798847526710847,-0.11918027804758868,-0.13348191141328633
2015-07-03,0.0,0.2285002077274616,0.46412249985162757,0.45878093655409385,0.5923200189922208,0.630897976141013,0.6546382574633467,0.6801590598848509,0.7133954537361311,0.6997447919757935,0.773339664075015,0.7958929313312277,0.7418837913229271,0.6676954121906344,0.6024096385542169,0.6083447088848003,0.6475161730666422,0.6682889192236842,0.6700694403228765,0.5958810611905838,0.6166538073476258,0.6320849902071339,0.6581992996617096,0.6736304825212178,0.7442578194551691,0.7323876787940024,0.7424772983559769,0.7668110867113819,0.7644370585791398,0.7442578194551691,0.7169564959344725,0.6872811442815554,0.6955902427443809,0.662947355926172,0.6973707638435516,0.7181435100005935,0.7347617069262228,0.7056798623063769,0.7003382990088433,0.5650186954715457,0.5300017805210949,0.4985459077690071,0.4207964864383729,0.44572378182680605,0.5941005400913915,0.6279304409757213,0.659386313727809,0.6267434269096002,0.629710962074892,0.6107187370170423,0.5003264288681778,0.5027004570004198,0.5098225413971242,0.518131639859928,0.5608641462401329,0.5596771321740119,0.588165469760808,0.5893524838269291,0.6249629058104296,0.5679862306368373,0.6178408214137251,0.5970680752566832,0.45047183809129,0.5038874710665409,0.47480562644667335,0.5015134429342988,0.5786693572318832,0.6148732862484334,0.5715472728351788,0.5751083150335418,0.613686272182334,0.6083447088848003,0.6451421449344218,0.7579084812155067,0.7341681998931731
2015-07-10,0.0,0.11671684493418967,0.026336108600543816,-0.019752081450396974,0.0347157795189046,0.07601558618791249,0.0855923529517565,0.07960687372436216,-0.03531432744161355,0.0023941916909664468,0.0011970958454832234,-0.13587037846183414,-0.13227909092540624,-0.17597308928538058,-0.19512662281304685,-0.2711422090009593,-0.2579741547006874,-0.36331858910281917,-0.35374182233899687,-0.4536993254364867,-0.445319654518126,-0.41658935422663745,-0.30705508436532536,-0.2525872233960238,-0.26395963392808175,-0.27712768822835365,-0.2525872233960238,-0.26276253808259853,-0.3363839325795446,-0.34177086388420824,-0.29987250929244785,-0.3034637968288757,-0.29268993421957024,-0.2825146195329955,-0.245404648323168,-0.3549389181844801,-0.38007793093954073,-0.41419516253567107,-0.37947938301678824,-0.3507490827252997,-0.2968797696787507,-0.227448210640985,-0.17477599343989736,-0.24001771701850438,-0.20470338957686907,-0.2059004854223523,-0.08319816126076829,-0.14484859730292565,-0.13347618677088946,-0.16998761005798624,-0.1316805430026755,-0.11252700947500928,-0.14604569314840887,-0.22505401895001856,-0.2890986466831424,-0.2256525668727493,-0.2777262361510844,-0.39923146446718516,-0.36032584948912194,-0.37947938301678824,-0.3297999054294195,-0.3256100699702391,-0.3363839325795446,-0.34835489103433326,-0.2825146195329955,-0.2729378527691733,-0.1729803496716834,-0.11970958454788684,-0.11432265324322322,-0.10594298232486243,0.09038073633366762,0.07721268203339572,0.020949177295880195,0.00359128753644967,-0.03172303990518566
2015-07-17,0.0,0.07371634877700936,0.19502908022891854,0.13408249265737887,0.04817682636607,-0.11202563239339727,-0.13872604218665593,-0.17993754425883146,-0.24030368813922204,-0.16658733936221268,-0.08358389152669145,-0.08822744105594739,-0.030183071940195306,-0.09693409642331019,-0.08706655367362812,-0.07661856723279696,-0.07777945461511623,-0.06907279924775342,-0.04353327683681406,-0.1300193868192931,-0.1602024587594884,-0.17761576949421404,-0.12479539359886696,-0.11376696346688674,-0.10680163917299228,-0.10738208286414133,-0.08358389152669145,-0.0847447789090107,-0.12305406252539862,-0.1636851209064251,-0.16484600828874435,-0.13930648587780498,-0.14162826064244352,-0.0847447789090107,-0.0545617069688154,-0.07197501770354102,-0.07023368663007268,-0.06849235555658323,-0.0783598983062653,-0.11260607608456748,-0.05630303804228374,-0.04817682636607,-0.06559013710079561,-0.03308529039598291,0.0272808534844077,-0.03308529039598291,-0.07777945461511623,-0.05049860113070853,-0.034826621469451244,-0.0272808534844077,-0.030183071940195306,-0.024378635028620095,0.019735085499343035,0.0661705807919447,0.09229054689403314,0.11434740715803582,0.09751454011445927,0.13524338003969813,0.1781962131853631,0.15323713446557283,0.017413310734725622,-0.08300344783552126,-0.022637303955151757,0.04701593898375074,0.09867542749677853,0.05746392542458189,0.06500969340964655,0.05746392542458189,0.05746392542458189,-0.03888972730755812,-0.1236345062165477,-0.1514958033921256,-0.11318651977571656,-0.047015938983771856,-0.044694164219133324
2015-07-24,0.0,0.05781629601942287,0.04555223322742987,0.08059241263314842,0.09519248738553115,0.12731265184077317,0.08351242758362498,0.07300037376191365,0.17169687908800818,0.18980097178097552,0.115632592038867,0.07708839469258508,0.13081666978133652,0.07884040366286675,0.09227247243505461,0.09052046346477294,0.12789665483086,0.10687254718743736,0.09460848439544435,0.115632592038867,0.1699448701177265,0.11329658007847726,0.10745655017752416,0.05548028405905438,0.017520089702859277,0.07592038871239021,0.10570454120724247,0.10512053821715567,0.13957671463276616,0.14074472061296103,0.1419127265931559,0.1296486638011629,0.12906466081105486,0.1471687535040222,0.09285647542514143,0.0595683049897258,0.07008035881143711,0.08468043356381984,0.09519248738553115,0.1302326667912497,0.08876845449449125,0.00934404784151645,0.035624182395805365,0.10570454120724247,0.12789665483086,0.10687254718743736,0.1097925621379139,0.04146421229675846,0.036792188376000234,-0.14132872360306908,-0.19856101663240514,-0.18804896281069383,-0.17578490001870084,-0.12380863390020981,-0.147752756494109,-0.17111287609792136,-0.09928050831620257,-0.13724070267239769,-0.15300878340497528,-0.2154971033451776,-0.2131610913847879,-0.09928050831620257,-0.2131610913847879,-0.18104092692954588,-0.12439263689029662,-0.16527284619696828,-0.15476079237525694,-0.20965707344422452,-0.2674733694636474,-0.4619463651654024,-0.5618108764716917,-0.516258643244262,-0.5244346851055834,-0.502826574472074,-0.4835544757989118
2015-07-31,0.0,0.3089031570849527,0.2426250850667219,0.3367162765926056,0.3651211646004126,0.2905583335798949,0.19528360505370299,0.14084090303872696,0.06331922951741709,0.10474302452880863,0.19824244755451667,0.18344823505044824,0.20297659555581424,0.2396662425659082,0.2716217415747046,0.24972630706867902,0.2118531230582553,0.20771074355711186,0.24321685356687603,0.2893747965795867,0.31363730508625026,0.36393762760008286,0.5675059916560729,0.522531585643692,0.5053702991389855,0.503003225138326,0.5645471491552592,0.5882178891617685,0.5923602686628905,0.603012101665837,0.65094535017901,0.6580465721809671,0.6840843861881145,0.6639642571825944,0.6450276651773826,0.6823090806876306,0.7272834867000115,0.6663313311832325,0.659821877681451,0.6799420066869927,0.6621889516821106,0.7260999496996817,0.679350238186817,0.7089386631949538,0.6586383406811213,0.6888185341894337,0.7047962836938103,0.7237328756990222,0.7201822646980544,0.798887475219694,0.8302512057283149,0.8296594372281606,0.8627984732372652,0.8781844542415094,0.9965381542740567,1.020208894280566,1.0089652927774655,1.031452495783645,0.9929875432730672,1.0551232357901545,1.0089652927774655,1.0799775127969937,1.1024647158031735,1.1184424653075717,1.1279107613101669,1.0125159037784333,0.9036304997485027,0.8906115927449183,1.046838476787889,1.006006450276652,1.0279018847826773,1.0101488297777952,0.9267094712548364,0.8941622037458861,0.9178329437523955
2015-08-07,0.0,0.017503938386136883,0.2141315129237454,0.1371141840247389,0.1050236303168213,0.16161969776533477,0.15695198086236917,0.17153859618414993,0.21646537137521762,0.24680553124452578,0.1937102514732524,0.1937102514732524,0.25030631892176586,0.1050236303168213,0.12952914405741717,0.1762063130871155,0.18495828228018396,0.19896143298908073,0.22696773440691673,0.23221891592274505,0.18379135305443725,0.11902678102573927,0.113192134897027,0.05542913822276679,-0.007585039967321736,-0.05776299667426019,-0.029756695256424208,-0.002333858451493408,0.07410000583465037,0.13653071941187617,0.1312795378960266,0.11144174105839633,0.11260867028414301,0.15403465779801306,0.15403465779801306,0.15753544547523193,0.15928583931384138,0.17562284847423154,0.2094637960207798,0.12486142715445157,0.09860551957524624,0.15986930392672533,0.1692047377326565,0.17795670692572496,0.1785401715385877,0.2211330882782044,0.1925433222475057,0.21296458369799873,0.21704883598810154,0.20187875605343686,0.19662757453760854,0.10210630725246514,0.056012602835629526,-0.015170079934643472,-0.14236536554058846,-0.15811891008809467,-0.08226851041483485,-0.085185833479191,-0.05542913822276679,-0.07585039967325982,-0.044343310578204946,0.030923624482170915,-0.018087402998999618,0.015170079934643472,0.051928350545547904,-0.025088978353458618,-0.03617480599802047,-0.017503938386136883,-0.06593150125444468,-0.18962599918314954,-0.15578505163662248,-0.08576929809207497,-0.050761421319801193,-0.06826535970593808,-0.03442441215941102
2015-08-14,0.0,-0.09714466210940559,-0.029202996585024333,0.03933464846149188,0.09178084641012603,0.06138589078081012,-0.026223098974306237,0.0053638156993012455,0.013707529009320587,0.13171147439375283,0.10906425255229966,0.04887032081578111,0.09356878497655255,0.1734300409438062,0.11502404777373584,0.09654868258727065,0.1156200272958708,0.18475365186452194,0.24315964503461396,0.3087173924704121,0.30633347438182895,0.3504359590204654,0.7950366825395967,0.8570185528425417,0.8433110238332212,0.8772818565954119,1.021508900954172,0.9887300272362729,0.9255561978890581,0.9321119726326291,0.9386677473762003,0.9303240340662026,0.9625069282619451,1.0501159180170614,0.9917099248469909,0.9797903344041187,0.9631029077841016,0.9303240340662026,0.9934978634134175,1.1448766620379054,1.1949389418979564,1.215798225172983,1.2908916449630923,1.3790966142403434,1.3612172285760349,1.3349941296017072,1.3296303139024275,1.4226031193568234,1.4267749760118331,1.4798171534826237,1.4690895220840212,1.445846320720433,1.4625337473404503,1.5167678838555108,1.5036563343683684,1.4422704435875586,1.4655136449511683,1.4988884981912023,1.5525266551841281,1.5471628394848485,1.4708774606504695,1.4041277541703798,1.3612172285760349,1.3838644504174882,1.4249870374454066,1.324266498203126,1.3171147439373985,1.3689649623638978,1.3588333104874517,1.278376074998063,1.4082996108253896,1.5412030442634121,1.5483547985291402,1.518555822421959,1.5114040681562313
2015-08-21,0.0,-0.17961056061552141,-0.13774188263418966,0.028519244422064962,-0.0036407546070627295,0.041261885546828664,0.12439244907494496,0.11225660038470642,0.23361508728709174,0.28397885935159933,0.20630942773405503,0.23664904945965137,0.24635772841185544,0.17354263627042424,0.1978143336509013,0.16383395731822017,0.015169810862798163,-0.03762113093972178,-0.09769358195641134,-0.02366490494595189,-0.006067924345119265,0.06796075266534018,0.0012135848690282682,0.020630942773414332,0.05461131910607339,0.12378565664044185,0.1796105606155435,0.19660074878187303,0.2154113142517339,0.11589735499179121,0.1304603734200642,0.2985418777798723,0.2700226333578073,0.2390762191977079,0.20873659747211157,0.12924678855105803,0.09162565761131415,0.03701433850524076,0.05279094180254203,0.028519244422064962,0.05218414936803893,0.05885886614766129,0.14623697671738756,0.15230490106250683,0.18689206982969103,0.2615275392746536,0.36589583801070935,0.29672150047634094,0.330701876809,0.3240271600293776,0.33676980115411925,0.3640754607071559,0.2754837652684235,0.2548528224950092,0.32220678272584624,0.2050958428650488,0.148664146455422,0.12499924150947012,0.08434414839716663,0.15412527836603818,0.22269282346588146,0.3203864054223149,0.3106777264701108,0.3088573491665794,0.3282747070709655,0.4550943258839449,0.5018173433413676,0.5188075315076972,0.6753599796117918,0.7135879029860389,0.7578837507054051,0.7876165799964984,0.7166218651585985,0.4763320610918624,0.44963319397335083
2015-08-28,0.0,-0.14793910876011543,-0.24179963574657318,-0.12245380010816169,-0.12618335747186415,-0.13426406509321012,0.010567079197143834,0.1006980488198991,0.11437309248680443,0.17031645294230768,0.27412246623195696,0.3748205150518674,0.3536863566575684,0.3947114876582731,0.44816847653796715,0.4009274165977734,0.2579610509892651,0.26106901545901523,0.24428600732235975,0.2728792804440637,0.30644529671736337,0.32322830485401893,0.31701237591451853,0.3257146764298168,0.23496211391310923,0.17591078898785575,0.07459114727400437,0.16161415242700947,0.2921486601565171,0.2784736164896118,0.2865543241109577,0.3176339688084595,0.32509308353586447,0.3829012226732133,0.3822796297792723,0.3741989221579151,0.3872523729308681,0.23931326417076398,0.27660883780776613,0.29090547436861247,0.32447149064191216,0.3866307800369158,0.33876812720276983,0.3853875942490225,0.3039589251415655,0.15601981638145007,0.0161614152426919,-0.11437309248681572,-0.18399149660921302,-0.2517451220497647,-0.41273768158283314,-0.7297500574973517,-0.5538392685094846,-0.5830541345251409,-0.5886484705706889,-0.796882090043951,-0.7515058087856029,-0.4798697141294325,-0.3244714906419235,-0.5264891811756853,-0.5762166126916882,-0.7732615600738543,-0.7235341285578514,-0.675671475723694,-0.9386052698645548,-0.8366640352567511,-0.8901210241364566,-0.8142866910745475,-1.017547567396214,-0.9093904038489099,-0.5519744898276391,-0.4295206897194774,-0.6296736015713936,-0.6253224513137389,-0.6389974949806442
2015-09-04,0.0,-0.15165399656681167,-0.04517353089224177,-0.5717678338646507,-0.7963448160146597,-1.1841918455323377,-1.1583783993081997,-1.0338285212767262,-1.3042243704745708,-1.395862104570266,-1.1841918455323377,-1.1874185263103552,-1.0925541114366426,-1.0648046567456988,-1.0383458743659548,-1.0034977219633707,-1.0486712528556126,-0.994463015784913,-1.161605080086217,-1.3519792459892357,-1.3752113475909509,-1.2603415118935406,-1.1474076846629364,-1.1067515068599234,-0.9615508718491462,-0.8066701945043173,-0.8537797338633647,-1.042863227455172,-1.1061061707043176,-1.1106235237935347,-1.029311168187509,-0.9912363350068957,-1.037700538210349,-0.9860736457620728,-0.9163773409569045,-1.0357645297435434,-1.0919087752810368,-1.1112688599491405,-1.0990074729926773,-1.1764478116650916,-1.2377547464474197,-1.342944539810778,-1.3448805482775956,-1.4384542908400964,-1.3855367260806084,-1.3932807599478545,-1.382955381458197,-1.3558512629228472,-1.3009976896965536,-1.127402263839227,-1.0931994475922486,-1.2384000826030255,-1.2855096219620732,-1.3093870597194055,-1.2603415118935406,-1.5397720672698316,-1.5429987480478489,-1.5339640418694027,-1.5475161011370777,-1.5533241265375064,-1.5036332425560475,-1.537836058803026,-1.3752113475909509,-1.2868002942732846,-1.295189664296125,-1.3100323958750113,-1.2480801249370774,-1.401024793815089,-1.2822829411840557,-1.1448263400405247,-1.299061681229748,-1.258405503426735,-1.276474915783627,-1.2667948734495753,-1.2616321842047524
2015-09-11,0.0,0.07853152434157556,0.08236233040702083,0.0025538707102929683,-0.001915403032716823,-0.04405426975259145,-0.13216280925778598,-0.02809257781324588,0.010853950518759634,0.03639265762171255,-0.03192338387869114,-0.030646448523538847,0.06001596169193703,0.014684756584193279,-0.021707901037507655,0.03000798084597432,-0.11683958499600494,-0.1442936951316863,-0.09768555466879024,-0.14493216280926244,-0.07278531524341347,-0.14046288906624102,-0.1372705506783719,-0.38946528332003194,-0.3447725458898643,-0.2630486831604196,-0.2687948922585818,-0.4124501197126919,-0.33902633679170224,-0.2700718276137224,-0.27901037509976523,-0.2847565841979273,-0.21324820430965452,-0.18834796488427774,-0.32881085395051873,-0.3454110135674405,-0.2885873902633726,-0.32434158020749737,-0.2783719074221891,-0.35881883479649307,-0.4545889864325665,-0.33774940143654997,-0.3632881085395029,-0.46288906624102155,-0.44692737430167595,-0.43671189146049244,-0.5765363128491574,-0.6518754988028754,-0.690822027134881,-0.5950518754988074,-0.4654429369513145,-0.3984038308060631,-0.4405426975259377,-0.4073423782920943,-0.5114126097366344,-0.5720670391061475,-0.5158818834796441,-0.6269752593774987,-0.5286512370311206,-0.4999201915402986,-0.5637669592976808,-0.47055067837191206,-0.46671987230646683,-0.5452513966480423,-0.5082202713487652,-0.5018355945730271,-0.48651237031125766,-0.4520351157222619,-0.44181963288109005,-0.25730247406224593,-0.3460494812450166,-0.839584996009577,-0.8983240223463733,-0.7086991221069433,-0.6627294493216234
2015-09-18,0.0,0.2367718637148735,0.2606374627100016,0.21416234887737706,0.2650337572617411,0.38059349976448653,0.48296435861202475,0.43020882399120747,0.44842204427696425,0.5602135343068031,0.7078034228293342,0.7567907049772336,0.8440885539331113,0.8666980687706075,0.862301774218868,0.8221070811744363,0.803265818809858,0.8202229549379831,0.7825404302088264,0.7932171455487472,0.901240383105668,0.8836552048987327,0.8723504474799788,0.8315277123567256,0.7624430836866047,0.7561626628984119,0.8214790390956149,0.8641859004553328,0.9232218558643429,0.966556759302871,0.9967027790862034,0.9960747370073818,1.0381535562882667,1.0387815983670883,1.0607630711257632,1.0858847542785344,1.0890249646726307,1.1047260166431128,1.094677343382002,0.9602763385146783,0.9018684251844896,0.9163133929973285,0.8635578583765112,0.8704663212435256,0.8409483435390148,0.775631967341812,0.823991207410901,0.8981001727115717,0.8742345737164435,0.8811430365834465,0.8710943633223472,0.8792589103469932,0.8170827445438866,0.862301774218868,0.994190610770917,0.9565080860417602,0.9452033286230177,0.9251059821007962,0.8654419846129645,0.7630711257654262,0.6487674674203127,0.5809389229078348,0.6092008164547025,0.4898728214790391,0.3071125765426261,0.2487046632124375,0.09860260637463167,0.10048673261108494,0.23802794787250517,0.13377296278850226,0.14884597268017413,0.24744857905479437,0.24305228450306626,0.18401632909404472,-0.05275553462081731
2015-10-09,0.0,0.20037019615508697,0.33598660940640324,0.33109953145140547,0.34270634159452246,0.2510736299382307,0.26573486380324624,0.3292668772182619,0.353702266993273,0.3659199618807786,0.36225465341453583,0.38546827370079195,0.39707508384393114,0.4905404497333443,0.42089958887455364,0.39279889063329976,0.386690043189547,0.35064784327139664,0.33965191787264604,0.2803960976682396,0.22358381644134312,0.13989260646192547,0.057423165971273976,0.06047758969315037,0.10018509807753237,0.0916327116562918,0.08369120997940652,0.07269528458065594,0.08308032523502902,0.1405034912063141,0.10018509807753237,-0.014661233865015577,-0.00855238642126279,-0.0012217694887550021,-0.0494816642943998,-0.20953346732072725,-0.18082188433508473,-0.16493888098132523,-0.30055529423264155,-0.19731577243322168,-0.05986670494878398,-0.11118102347630517,-0.13622729799569383,-0.330488646707028,-0.3439281110832886,-0.23946681979511367,-0.3201036060526549,-0.3671417313695447,-0.5442983072383756,-0.5009254903877285,-0.4147907414308231,-0.38730092793393556,-0.3420954568501561,-0.3243797992632752,-0.29688998576638764,-0.36042199918141443,-0.37752677202392887,-0.34514988057203244,-0.33293218568452687,-0.20403550462135198,-0.18021099959070722,-0.22114027746385534,-0.24801920621636536,-0.21197700629822613,-0.12645314208568714,-0.15516472507132967,-0.1912069249894689,-0.08308032523504012,-0.018326542331258362,0.019548311820002252,0.1331728742738063,-0.020770081308768364,-0.06047758969316148,-0.0024435389775100042,-0.09407625063380182
2015-10-16,0.0,-0.02999822459486869,-0.026937181268861455,0.0361203112468943,-0.07836270914578079,-0.14325682765713643,-0.08815804778900618,-0.014080799299628834,0.0061220866520144725,-0.017754051290839745,-0.015305216630036181,0.033059267920887064,0.00918312997802171,0.019590677286450767,0.04469123255971233,0.04285460656410131,0.06979178783297389,0.07836270914579194,0.06489411851135564,0.027549389934065128,0.0042854606564145855,-0.021427303282050655,-0.00918312997802171,-0.06183307518533727,-0.08387258713259159,-0.1401957843311292,-0.12244173304028945,-0.12121731570988212,-0.11509522905786763,-0.10713651641025326,-0.07101620516335898,-0.0765260831501809,-0.06305749251574462,-0.08509700446299895,-0.1267271936966929,-0.23814917076336078,-0.2075387375032884,-0.18978468621244865,-0.1401957843311292,-0.1659085482695833,-0.1401957843311292,-0.10836093374064948,-0.14693007964834737,-0.10101442975823881,-0.04714006722050476,-0.02510055527325043,-0.05264994520731556,-0.07468945715456989,-0.0673429531721592,-0.12427835903588934,-0.13284928034870738,-0.15060333163954712,-0.06856737050255542,-0.05754761452893382,-0.022039511947243195,-0.012856381969221484,0.011019755973632733,0.011019755973632733,0.025100555273261563,0.11142197706666786,0.27059623001904415,0.5167041134300304,0.5754761452893604,0.6709806970607997,0.6930202090080428,0.8185229853743394,0.846684583973597,0.819135194039532,0.8099520640615103,0.86994851325127,0.8130131073875175,0.8099520640615103,0.8007689340834887,0.8460723753084046,0.8901513992029132
2015-10-23,0.0,0.0956880209430473,0.0012036229049482599,0.006619925977182589,0.018054343574158215,0.007221737429667665,0.03731231005326469,0.08545722625101994,0.039117744410676135,0.01444347485933533,-0.0926789636806876,-0.038515932958212956,-0.006018114524719405,-0.01323985195438707,-0.0030090572623597024,0.009628983239542291,-0.0018054343574114427,0.008425360334615925,-0.025276081003825883,-0.02407245809887762,-0.02407245809887762,-0.019257966479106478,-0.01203622904943881,-0.04212680167303584,-0.05837571088978261,-0.05295940781752639,-0.0433304245779841,-0.03129419552854529,-0.08605903770348311,-0.0896699064183279,-0.05175578491257813,0.008425360334615925,0.010230794692027367,0.006018114524719405,-0.0018054343574114427,-0.009628983239542291,-0.009628983239542291,-0.015045286311798512,-0.0619865796046055,-0.07342099720158113,-0.053561219270011465,-0.0619865796046055,-0.03731231005326469,-0.023470646646414437,-0.11675142177956523,-0.17452532121686276,-0.22507748322451454,-0.19318147624348417,-0.15948003490506424,-0.1667017723347319,-0.2166521228898986,-0.2064213281978712,-0.10652062708753784,-0.08786447206089457,-0.050552162007651766,0.019257966479106478,0.013841663406850255,-0.013841663406850255,-0.01985977793156966,-0.015045286311798512,-0.038515932958212956,-0.06920831703427316,-0.06981012848673634,-0.3081274636656379,-0.28405500556676033,-0.33039448740710414,-0.23530827791652,-0.24614088406103243,-0.25516805584811153,-0.3021093491409185,-0.2034122709355115,-0.17933981283663392,-0.15045286311798514,-0.145638371498214,-0.16188728071496078
2015-10-30,0.0,0.2724543129332304,0.22055825332690132,0.21746920215985782,0.295931101802768,0.21252672029259267,0.17298686535443775,0.1698978141873942,0.22611854542757748,0.21190891005918172,0.15321693788535462,0.1915211723566989,0.26195153896528917,0.30581606553730956,0.36265460701090374,0.3706861400452237,0.4349384043197269,0.5331702314317089,0.531934610964887,0.545526436099883,0.4843632229924234,0.44729460898790097,0.3836601549467975,0.4114616154501893,0.47756731042492534,0.4905413253265104,0.486216653692645,0.49486599696036465,0.44914803968812267,0.40651913358292413,0.3972519800817935,0.4343205940863159,0.4528549010885771,0.4917769457933211,0.5331702314317089,0.5634429328687333,0.5214318369969457,0.48930570485968855,0.48498103322583436,0.4355562145531378,0.401576651715659,0.3614189865440931,0.21932263286009068,0.07969752010972084,0.07599065870926636,0.07537284847585542,0.02533021956974796,0.1204729955146977,0.14765664578467852,0.07043036660859026,0.0698125563751793,0.10132087827902556,0.036450803771111415,0.05560292100678355,0.11182365224696683,0.11553051364742131,0.0148274456018067,-0.08340438151017533,-0.012356204668174123,-0.18472525978921214,-0.250213144530526,-0.22055825332691262,-0.31261197810480756,-0.4534727113219993,-0.46953577739061664,-0.4423521271206358,-0.5745635170700967,-0.5992759264064449,-0.5078400118619609,-0.5313168007314872,-0.30025577343663346,-0.3669792786447804,-0.362654607010915,-0.40528351311611355,-0.4831276025256127
2015-11-06,0.0,0.44129017657893704,0.2872786477159193,0.26024805285423996,0.05280395275303237,-0.05531842669365078,0.12006613066464061,0.12383784157557395,0.06663355942645079,0.10686514247637967,0.14458225158569013,-0.04211743850538983,-0.24390397224020316,-0.33065332319162405,-0.3350536525877034,-0.26716285619094915,-0.15212567340754535,-0.20115791524965582,-0.1156658012685498,-0.03708849062415301,0.013200988188260952,0.06034737457489903,0.0829776400404876,0.147725344011466,0.15715462128879362,0.12823817097165333,0.17349870190283045,0.24390397224021454,0.18921416403170982,0.1753845573582914,0.10497928702091872,0.0911496803475003,0.14018192218961079,0.09995033913967047,0.07354836276315999,0.07732007367409333,-0.03583125365383808,-0.034574016683534596,-0.008800658792170155,0.02074441001012762,0.01382960667341841,0.010686514247642541,0.04086020153508634,0.11440856429824632,0.025144739406206977,-0.010057895762485078,0.012572369703103489,-0.053432571238189834,-0.022630265465588568,-0.006914803336709205,-0.10057895762482791,-0.184813834635619,-0.17601317584344886,-0.20681548161605012,-0.09303553580296124,-0.22630265465586283,-0.3463687853205034,-0.26716285619094915,-0.24516120921051804,-0.22693127314102027,-0.16972699099189711,-0.12509507854587745,-0.08737796943656696,0.07543421821862094,0.13200988188258664,0.03205954274291618,-0.013200988188260952,0.010057895762485078,-0.1408105406747568,-0.21058719252698344,-0.12069474914978663,-0.08234902155533014,-0.08046316609985776,0.05468980820850475,0.02765921334682539
2015-11-13,0.0,-0.1715133148494446,-0.11412728093365611,-0.07737442775162809,-0.08382229673093043,0.02321232832549077,0.04706944354890239,0.1418531175446515,0.07544006705784208,0.012895737958604681,-0.012895737958604681,0.054806886324069895,0.02514668901927678,0.10187632987297228,0.07608485395576293,0.11348249403572354,0.053517312528204734,0.05093816493648614,0.030949771100646544,0.041911148365465216,-0.05093816493648614,-0.07737442775162809,-0.1644206589722097,-0.16893416725772603,-0.12444387130053049,-0.1418531175446515,-0.216648397704561,-0.2920884647623913,-0.2940228254561891,-0.19472564317493538,-0.19923915146044,-0.19666000386872137,-0.1296021664839794,-0.08059836224127925,-0.06060996840543966,-0.08059836224127925,-0.011606164162739522,0.03417370559029771,-0.01676445934618843,-0.010316590366886091,0.03610806628409546,0.03804242697788147,0.03030498420272569,0.03804242697788147,0.007092655877234921,0.04255593526339779,0.151524921013605,0.1263782319943282,0.07350570636404434,0.020633180733772183,-0.012895737958604681,-0.026436262815141942,-0.015474885550323272,-0.054806886324069895,-0.05932039460958623,-0.007092655877234921,-0.018698820039974442,0.01611967244825585,0.09091495260816534,0.1173512154233073,0.10316590366883745,0.06189954220130481,0.07221613256819091,0.10961377264813979,0.040621574569600055,0.07286091946611176,0.041911148365465216,0.07157134567025833,0.09027016571023276,0.13282610097363057,0.08575665742471644,0.03417370559029771,0.06512347669095599,0.07286091946611176,0.053517312528204734
2015-11-20,0.0,0.04726229937474185,0.01724435247456923,-0.03768210355552769,-0.0057481174915192034,0.11879442815811389,0.06770005045570031,-0.08238968404513956,-0.1347614211901065,-0.049817018259848585,-0.12645858481346894,-0.11496234983043054,-0.11496234983043054,-0.06131325324288699,-0.0242698294086418,-0.03321134550656185,0.04151418188321103,0.04662361965345936,0.09069252042178874,0.4911447056644598,0.5882240232990386,0.7095731703422709,0.6980769353592324,0.7070184514571525,0.8475279901387898,0.8405025132047056,0.8187874026811821,0.863494983170794,0.834115715991904,0.851360068466473,0.8507213887451907,0.8571081859579924,0.8398638334834232,0.9426912686095327,0.9165054000370435,0.8967063286773675,0.8686044209410307,0.7657769858149327,0.7191533661614733,0.7089344906209883,0.6961608961953849,0.6623108709675406,0.7012703339656333,0.8232581607301479,0.8302836376642206,0.8334770362706214,0.8475279901387898,0.8686044209410307,0.8705204601048783,0.8826553748091992,0.8909582111858367,0.8353930754344688,0.778550580240536,0.738952437521161,0.7357590389147601,0.8232581607301479,0.8551921467941564,0.8781846167602333,0.9126733217093718,0.7926015341086929,0.7849373774533378,0.8494440293026256,0.8373091145983048,0.8954289692348025,0.6923288178677132,0.4534626021089205,0.38576255165323176,0.5441551225307092,0.43430221047051537,0.42025125660235857,0.4413276874045996,0.28101907736327464,0.2510011304631137,0.20182279192453595,0.2292860199395902
2015-11-27,0.0,0.075411435922457,0.05576644000988126,-0.06907434046678815,-0.13371271411461502,-0.12737561865894614,0.19264770185233068,0.20342076412697235,0.26172204231911883,0.4315562005310509,0.3662841173376548,0.4049403996172371,0.40937636643620995,0.49872941236113144,0.4499337773524882,0.4226842668931053,0.46514280644609113,0.45943942053599157,0.46894506371949485,0.5037990887256735,0.5310485991850449,0.5659026241912236,0.5196418273648455,0.5475250473697862,0.5171069891825804,0.5418216614596866,0.5456239187330901,0.5133047319091768,0.493659735996601,0.3986033041615683,0.3041805818721047,0.3181221918745693,0.18631060639666186,0.04499337773525113,0.1083643322919396,0.05259789228204684,0.0665395022845229,0.10329465592739762,0.21039156912819887,0.1755375441220202,0.17680496321315856,0.18567689685109265,0.18377576821439662,0.21609495503831003,0.20278705458140317,0.1539914195727484,0.10075981774513237,0.22813543640407855,0.28136703823169457,0.27819849050386014,0.3219244491479729,0.24841414186221197,0.23764107958758182,0.2547512373178808,0.2750299427760257,0.34917395960735587,0.33079638278590695,0.36881895551992006,0.44486410098794626,0.4499337773524882,0.48035183553969407,0.4759158687207329,0.567170043282362,0.6185005164732819,0.6425814792048189,0.6457500269326534,0.7775616124105608,0.695813081032435,0.6546219605705874,0.5855476201037992,0.5684374623734888,0.569071171919058,0.6710984087553287,0.6520871223883222,0.6539882510250182
2015-12-04,0.0,-0.087239324408399,0.09493691185621607,0.1096906211311628,0.041695265342253984,0.05709044023786479,0.12701019288871915,0.17255425195487584,0.12957605537131706,0.13983950530172037,0.17512011443747375,0.12701019288871915,0.10071010244206428,0.07697587447800736,0.03079034979120994,0.04939285279005938,0.1148223460963703,0.11867113982026135,0.13214191785391494,0.05709044023786479,-0.03014888417054588,-0.07056121827150674,-0.0006414656206407268,-0.12251993354415237,-0.06671242454760404,-0.012187846792348831,0.02180983110211142,0.0019243968619571848,-0.0019243968619455168,-0.04105379972160159,-0.02180983110209975,-0.03014888417054588,-0.0032073281032503065,-0.012187846792348831,-0.0032073281032503065,-0.03848793723900368,-0.06607095892695164,-0.05773190585850552,-0.07890027133995287,-0.06735389016825644,-0.05324164651395043,0.07184414951281153,0.028224487308612028,0.042336730962906376,0.05644897461721239,0.11225648361376073,0.11674674295831583,0.11161501799311999,0.15780054267991742,0.15587614581797188,0.1687054582309731,0.13983950530172037,0.17768597692007163,0.23156908905467444,0.20142020488412857,0.24247400460573015,0.22387150160688074,0.27133995753498297,0.17512011443747375,0.042336730962906376,0.04361966220421117,0.06607095892696332,0.08274906506386724,0.1090491555105104,0.07312708075411632,-0.046185524686797416,-0.10712475864855324,-0.1090491555105104,-0.087239324408399,-0.18923235809176808,-0.20655192984931273,-0.13214191785390328,-0.21873977664166158,-0.240549607743773,-0.240549607743773
2015-12-11,0.0,-0.1283948042467977,-0.14012630920336566,-0.15185781415992175,-0.132305305898987,-0.037801515971135756,-0.09515554020320625,-0.10232479323221803,-0.07755828276837211,-0.06387152698571541,-0.05539877340598176,-0.07234428056544906,-0.007169253028999921,0.045622519275514396,0.07625478221765024,0.05539877340598176,0.05865752478280423,-0.028025261840668385,-0.05605052368133677,-0.02672176128993466,-0.036498015420402034,-0.040408517072591355,-0.07951353359446084,-0.07104078001472719,-0.07234428056544906,-0.10232479323221803,-0.21051533894272598,-0.33043738960979,-0.40017466907379534,-0.44253843697248724,-0.4099509232042627,-0.43993143587103173,-0.5363904766249716,-0.5057582136828358,-0.5057582136828358,-0.5214002202915932,-0.5214002202915932,-0.6471880234369353,-0.6354565184803791,-0.6374117693064678,-0.6934622929878165,-0.6843377891327159,-0.8368473535680045,-0.995874420756938,-1.1066719675689016,-1.0493179433368311,-0.8968083789015306,-0.8720418684376847,-0.9052811324812761,-0.9059328827566431,-0.7658065735532774,-0.8264193491621703,-0.7645030730025436,-0.8583551126550281,-0.792528334843212,-0.8231605977853478,-0.9443861490031455,-1.1470804846415048,-1.1379559807863924,-1.205738009424309,-1.056487196365831,-1.103413216192079,-1.181623249235818,-1.248101777323001,-1.1131894703225464,-0.9085398838580986,-0.9997849224091274,-0.9763219124960034,-0.8922461269739864,-0.8231605977853478,-0.840757855220194,-0.9509036517567906,-0.8935496275247081,-0.8433648563216495,-0.8420613557709157
2015-12-18,0.0,-0.02432264630391321,0.08000870494709825,0.06912752107429988,0.16769824556912258,0.1997017275479619,0.08448919242414041,0.042244596212070204,0.055686058643185044,0.040324387293344505,-0.009601044593651789,-0.0441648051307959,-0.0012801392791465863,0.035843899816302344,0.09345016737821309,0.03328362125799753,-0.07680835674921431,-0.10945190836762109,-0.13313448503196684,-0.1612975491733431,-0.21186305069990685,-0.2137832596186442,-0.13889511178815556,-0.16897838484826916,-0.2182637470956747,-0.15745713133588005,-0.16769824556911095,-0.1612975491733431,-0.12161323151958935,-0.09281009773863397,-0.1395351814277347,-0.14657594746308167,-0.14593587782350254,-0.13633483322985077,-0.15489685277757523,-0.18882054367515186,-0.24130625412044135,-0.19010068295429844,-0.14785608674222825,-0.15617699205673347,-0.17793935980234185,-0.17601915088361614,-0.10369128161143233,-0.09601044593651789,-0.10561149053016969,-0.16705817592953182,-0.27202959682013406,-0.3616393463608841,-0.3571588588838419,-0.47237139400766337,-0.4275665192372884,-0.4237261013998253,-0.3488379535693484,-0.3219550287071187,-0.2566679254702819,-0.25218743799325133,-0.20674249358329724,-0.2182637470956747,-0.2509072987140931,-0.2393860452017156,-0.2432264630391787,-0.20226200610625505,-0.2592282040285983,-0.30595328771769903,-0.31363412339262514,-0.4102846389687105,-0.3584389981630002,-0.2784302932159019,-0.39044248014183947,-0.6375093610184696,-0.7168779963260004,-0.7444009908277974,-0.6951156285803802,-0.6631121466015409,-0.6573515198453522
2016-01-01,0.0,-0.16408029837371182,-0.040388996522757535,-0.05869026057213079,-0.01577695176670306,-0.010097249130692253,-0.010728327201351194,0.013883717554703284,0.09276847638821858,0.07762260269218593,0.0706807439148343,0.06247672899614182,0.09024416410554839,0.1520898150310198,0.12116698956828409,0.12053591149761367,0.11801159921494347,0.12873992641629467,0.17354646943373364,0.18806126505910734,0.27704327302330345,0.2631595554686116,0.32121873797007194,0.3319470651714347,0.27893650723531466,0.24738260370190854,0.25495554054991915,0.26947033617529287,0.21835301245117264,0.21267330981516183,0.2202462466631724,0.2536933844085898,0.2618973993272708,0.28209189758865527,0.2896648344366659,0.2423339791365567,0.22403271508718345,0.16660461065638202,0.15587628345503082,0.18238156242308506,0.18301264049375549,0.11233189657893267,0.11548728693227328,0.14893442467767917,0.1602938299497008,0.14262364397099797,0.12369130185095427,0.08204014918685591,0.04985516758277937,0.01956342019071409,0.03660252809875798,0.08204014918685591,0.1609249080203712,0.2959756151433471,0.40452104329826877,0.4152493704996314,0.4076764336516094,0.4922408951211354,0.5111732372411791,0.5408339065625855,0.5004449100398279,0.5414649846332559,0.5427271407745853,0.5749121223786618,0.5067556907465092,0.5313677355025637,0.5155907837358605,0.4524829766690483,0.4505897424570371,0.5275812670785526,0.48403688020245444,0.49602736354514654,0.4966584416158169,0.4480654301743669,0.4354438687610044
2016-01-08,0.0,0.14320153974500335,-0.005255102375958383,0.015108419330901261,-0.14582909093297058,-0.21217475842950786,-0.12546556922611093,-0.14779975432396392,-0.1832716953617129,-0.3264732351067043,-0.3205612449337481,-0.3402678788436099,-0.2095472072415287,-0.22794006555739496,-0.260127567610167,-0.20691965605354948,-0.2798342015200288,-0.32450257171572283,-0.2995408354298907,-0.2417347092943007,-0.2942857330539323,-0.3100510401818194,-0.3599745127534718,-0.4007015561671911,-0.3356696642646374,-0.2693239967681121,-0.29034440627195757,-0.3054528256028588,-0.2929719574599367,-0.24896047506125243,-0.2785204259260452,-0.3389541032496144,-0.3396109910466122,-0.3291007862946835,-0.2693239967681121,-0.36457272733244434,-0.3238456839187251,-0.2837755283020036,-0.260127567610167,-0.24107782149730286,-0.17604592959476115,-0.1300637838050835,-0.10181760853428626,-0.0177359705188685,-0.001970663390981406,-0.07094388207549791,0.013794643736905688,0.03612882883474674,0.0827678624214222,0.05846301393259974,0.06700255529353509,0.007882653563949522,-0.0735714332634771,-0.1451722031359728,-0.11167092548921718,-0.013137755939907904,0.030216838661790573,0.09393495497034869,0.0643750041055559,0.08408163801541776,0.15305485669993427,0.1280931204141021,0.15174108110593867,-0.020363521706847694,-0.06240434071456255,-0.08145408682742662,-0.06634566749652536,-0.045325257992679883,-0.1642219492488488,-0.23582271912134448,-0.21414542182048932,-0.1661926126398302,-0.18458547095569652,-0.14451531533898695,-0.1510841933089409
2016-01-15,0.0,0.11484714707736762,0.20314004049523923,0.1022338765891037,0.07700733561257586,-0.014604839512734277,-0.08099047366150448,0.015268695854212316,-0.006638563414877021,-0.10090616390613553,-0.1838882065920983,-0.14206525707836584,-0.018587977561650825,-0.071696484880667,-0.12281342317522488,-0.09493145683273657,-0.10688087097952244,-0.2635509675706226,-0.3100209114747617,-0.27284495635144795,-0.3830451090384089,-0.34188601586616657,-0.31599561854814856,-0.2230557307398703,-0.21774488000796144,-0.17393036146978277,-0.22438344342283847,-0.17326650512829264,-0.08099047366150448,-0.07767119195406597,-0.057091645367944796,-0.12148571049224466,-0.09559531317422668,-0.17724964317722128,-0.25160155342383667,-0.3000630663524462,-0.3193149002555871,-0.3544992863544305,-0.3312643144023609,-0.32927274537790263,-0.29939921001095604,-0.2642148239121006,-0.240315995618553,-0.16662794171341563,-0.2044677531782074,-0.1812327812261378,-0.061074783416873425,-0.041822949513720405,-0.10356158927208395,-0.10488930195505208,-0.18521591927506645,-0.14007368805390755,0.012613270488263923,-0.1593255219570485,-0.3033823480598847,-0.3558269990374107,-0.3133401931822002,-0.24097985196003102,-0.15202310220068135,-0.1354266936634888,-0.12281342317522488,-0.23500514488664412,-0.5788827297772811,-0.7687456434427541,-0.8437614100308718,-1.0654894280877618,-1.1265642115046353,-1.0747834168685872,-1.0834135493079347,-1.3848043283433489,-1.3575862183423506,-1.235436651508616,-1.2825704517542451,-1.3018222856573862,-1.3423175224881383
2016-01-22,0.0,0.11940257773107811,0.06686544352941119,0.13850699016805806,0.24221665768304418,0.27837858122446385,0.195137927034793,0.19650252792315312,0.36639533852337036,0.5233244406842159,0.5144545349099121,0.5792730771067831,0.5656270682232314,0.582684579327671,0.577908476218423,0.5792730771067831,0.7464366859302924,0.7750933045857439,0.7300614752700205,0.776457905474104,0.8521932547778188,0.9115533934212617,0.9920648458342247,0.9654551285112887,0.8808498734332701,0.948397617406849,1.0118515587153722,1.082128504465659,1.0446019800358914,1.0207214644896758,0.8931312814284742,0.8972250840935299,0.9443038147417935,1.0446019800358914,1.081446204021479,1.090316109795795,1.132618737334798,1.1824266697597694,1.1810620688714093,1.1251134324488545,1.142170943553294,1.198801880420029,1.155134651992666,1.0698470964704674,1.0575656884752633,1.1005506164584589,1.0998683160142786,1.1182904280070787,1.01321615960372,1.016627661824608,1.036414374705768,1.0459665809242518,1.1619576564344418,1.2295054004080206,1.1135143248978305,1.027544468931452,1.0043462538294161,1.0950922129050307,1.0787170022447712,0.9579498236253451,1.0602948902519835,1.207671786194333,1.168780660876218,1.204260283973445,1.3243451621487032,1.2963708439374195,1.270443427058676,1.273854929279564,1.3318504670346591,1.3025115479350278,1.1899319746457255,1.2349638039614366,1.2451983106241005,1.2260938981871328,1.2820425346097
2016-01-29,0.0,0.6437855128014768,0.6613310299218549,0.8388106838702662,0.6451351679645876,0.5121941343986587,0.47980241048412375,0.5297396515190369,0.6005965475820927,0.5189424102141879,0.49869758276760046,0.5135437895617694,0.5459355134763043,0.5857503407879238,0.6147679267947065,0.5951979269296621,0.49329896211518204,0.5121941343986587,0.5621313754335718,0.614093099213151,0.6518834437801166,0.6586317195956457,0.7558068913392628,0.805744132374176,0.971751717436195,1.017639992981788,1.0871472338817456,1.0938955096972747,1.1357348197535482,1.1782489573913888,1.1735251643205138,1.1222382681224896,1.1472068886399525,1.2248120605185375,1.2430324052204587,1.2383086121495956,1.3773230939494983,1.4191624040057715,1.4137637833533532,1.3159137840281807,1.3051165427233316,1.3138893012835147,1.3496551631058264,1.371249645715512,1.3719244732970677,1.3442565424533959,1.361802059573774,1.3887951628358906,1.3941937834883211,1.3685503353893032,1.4198372315873269,1.4927186103950365,1.5730230925998432,1.619586195726992,1.59191826488332,1.4596520588989463,1.5028410241183303,1.616212057819227,1.6587261954570558,1.6553520575492913,1.5824706787415814,1.560201368550328,1.5730230925998432,1.6297086094502855,1.7005655055133413,1.749827918966699,1.7282334363570133,1.7248592984492488,1.697866195187132,1.6904430917900477,1.9765699863684802,1.9995141241412768,2.093989985558685,2.054849985828621,1.9178599867733719
2016-02-05,0.0,-0.04925443627285118,-0.016193239322580367,0.06342352068011359,0.1592335200054002,0.3191417583158982,0.3258889413669744,0.24829633627959838,0.21928344915997572,0.1740773227177604,0.16800485797179432,0.16328182983604836,0.24829633627959838,0.35962485662235527,0.4324944335739853,0.5991498549355595,0.763106403076718,0.7523109101949935,0.7941434451116707,0.7381418257877311,0.7131772484987567,0.7044059105323502,0.6484042912084229,0.6767424600229355,0.694285135955736,0.8123608393495692,0.8143849942648993,0.7698535861277941,0.7253221779906889,0.6794413332433757,0.6760677417178378,0.6065717562917458,0.6247891505296563,0.7003576007017022,0.766479994602256,0.8211321773159755,0.7867215437554845,0.7455637271439174,0.7779502057890781,0.811686121044459,0.7509614735847735,0.686188516294452,0.6855137979893419,0.6794413332433757,0.690911544430198,0.5971257000202415,0.49659267255920897,0.5444976722218523,0.4986168274745269,0.573510559341475,0.6524526010390711,0.5525942918831364,0.6207408406990081,0.7496120369745656,0.7023817556170323,0.6376087983266986,0.6126442210377119,0.6045476013764278,0.5721611227312547,0.5937521084947035,0.533702179340128,0.5822818973078691,0.5822818973078691,0.6322110518858426,0.7739018959584423,0.8663383037581786,0.5971257000202415,0.5883543620538475,0.7179002766345027,0.7037311922272402,0.8744349234194749,0.9101949935901736,0.9702449227447492,1.1072127386816029,1.1618649213953223
2016-02-12,0.0,-0.46595520817675196,-0.43088331078710584,0.040082168445315494,0.050102710556641124,-0.22116767945717034,-0.3278148776420181,-0.3142155704909324,-0.277712167085377,-0.32566761861816723,-0.39867442542926507,-0.601948279687635,-0.7909070737869777,-0.9340576753773808,-0.8746501757173557,-0.6749550864987458,-0.4716812322403759,-0.3235203595943034,-0.2419245166877762,-0.4380408408666259,-0.38078060023046467,-0.3235203595943034,-0.305626534395503,-0.49744834052665104,-0.5661606292900343,-0.5690236413218527,-0.7980646038664978,-0.7851810497233537,-0.7751605076120281,-0.879660446773025,-1.10512264427791,-1.0278213194190846,-0.9870233979658274,-1.0836500540393497,-1.0228110483634283,-1.073629511928024,-1.198170535311672,-1.209622583438907,-1.3928553534746126,-1.6612627314566186,-1.604718243828412,-1.233958185709273,-0.9927494220294384,-0.9032802960354364,-0.8438727963754241,-0.786612555739263,-0.7515406583496168,-0.667081803411271,-0.8109481580096288,-0.7701502365563588,-0.6212736109023447,-0.5640133702661834,-0.43231481680301503,-0.2426402696957308,-0.2204519264492157,-0.17321222792438004,-0.43446207582686586,-0.4072634615246945,-0.39581141339745957,-0.29918475732393746,-0.2125786433617409,-0.27914367310128624,-0.02791436731012602,0.09519515005762592,0.12024650533594648,0.22546219750488503,0.2762806610694808,0.3228046065863618,-0.108078704200744,-0.07085954778724698,-0.20112659523450607,-0.19540057117089513,-0.08159584290652722,-0.15388689670968345,-0.2798594261092278
2016-02-19,0.0,0.1749218099509519,0.2490886573701581,0.3582398667795419,0.5289635532916811,0.3666361136571927,0.35893955401934824,0.35614080506013557,0.3113608217126944,0.3946236032493449,0.372233611575618,0.3568404922999419,0.3785307967338625,0.3757320477746371,0.26798021284485324,0.2609833404468152,0.3694348626164054,0.4862826316636463,0.4918801295820717,0.5625485408022588,0.5828394707565667,0.6304182030632333,0.640213824420484,0.6038300879506809,0.5436569853275509,0.583539157996373,0.4876820061432463,0.5723441621595096,0.6360157009816587,0.5849385324759857,0.6234213306651952,0.5303629277712811,0.5380594874091256,0.5135704340159923,0.5646476025216651,0.5513535449653953,0.5121710595363796,0.5086726233373606,0.5296632405314747,0.5261648043324557,0.41701359492307194,0.4345057759181671,0.25188740632937073,0.274277398003085,0.25188740632937073,0.2819739576409294,0.25608552976819615,0.34144737302425304,0.19731180162466613,0.2392930360128946,0.24139209773231365,0.12734307764428537,0.17282274823153287,0.4177132821628656,0.367335800896999,0.37363298605523076,0.3918248542901323,0.4477998334744369,0.47228888686757015,0.5030751254189352,0.6311178903030269,0.6304182030632333,0.8039406385345724,0.9221877820614134,0.9802618229651372,0.8697112390761279,0.784349395820071,0.7759531489424202,0.8900021690304358,0.9424787120157213,0.9361815268574896,0.9242868437808326,0.8025412640549597,0.7745537744628075,0.7381700379930172
2016-02-26,0.0,-0.14500789013520887,-0.2104036052942122,-0.36180890234714785,-0.30494306307844254,-0.26016121465432934,-0.34545997355738733,-0.3291110447676397,-0.47198646593026433,-0.5729233306322085,-0.5800315605407967,-0.6013562502665611,-0.6020670732574226,-0.49757609360117144,-0.40019334385352134,-0.39663922889922726,-0.4399994313416177,-0.4748297578936971,-0.4691431739668187,-0.491889509674306,-0.5409362960435619,-0.4684323509759703,-0.4556375371405038,-0.4634565900399534,-0.4179639186249917,-0.4293370864787354,-0.6575112665444051,-0.6461380986906744,-0.6639086734621448,-0.648981390654107,-0.6944740620690687,-0.6162835330745989,-0.6639086734621448,-0.6304999928917752,-0.6525355056084011,-0.6262350549466197,-0.6034887192391454,-0.5807423835316581,-0.48762457172915064,-0.46985399695768015,-0.41654227264326893,-0.4264937945152898,-0.31205129298703066,-0.19405467650446462,-0.15211612004379704,-0.2146685432393677,-0.22675253408397272,-0.2310174720291153,-0.28077508138923246,-0.1805490396781497,-0.14500789013520887,-0.15140529705293562,-0.007108229908588163,0.01919222075318028,0.06966065310415882,0.029143742625201124,0.04833596337839433,0.05899830824127658,-0.0035541149542940814,-0.022746335707487294,-0.0390952644972349,-0.022746335707487294,0.04620349440582306,0.10449097965623824,0.09880439572937287,0.029143742625201124,0.0725039450675915,0.1123100325556878,-0.20827113632164093,-0.19974126043132995,-0.13434554527232664,-0.12581566938201566,-0.13008060732717114,-0.11728579349170468,-0.02061386673491602
2016-03-04,0.0,-0.23236503408466197,-0.16272248784603155,-0.19955268056838543,-0.2624988281302243,-0.29263262217578656,-0.26182918826255486,-0.23437395368770675,-0.183481323744088,-0.0897317422690053,0.0033481993383958106,-0.08772282266597267,-0.027455234574848084,-0.06495506716487143,0.0683032665032794,-0.025446314971803292,0.025446314971815473,-0.06830326650326723,-0.06227650769415721,-0.03749983259003552,-0.020758835898056462,0.02879451431021128,0.08437462332757686,0.05223190967898196,0.0616068678264878,0.07767822465078525,0.11785661671153498,0.07633894491542205,0.09241030173973169,0.08504426319525846,0.14732077088941567,0.183481323744088,0.22432935567251933,0.15267788983085628,0.13191905393279982,0.13593689313887722,0.16540104731675795,-0.006696398676791621,-0.028124874442517503,0.012053517618232227,0.1205351761822492,0.13660653300654663,0.17142780612586794,0.14999933036012988,0.1520082499631747,0.1587046486399663,0.10312453962258852,0.07968714425381786,-0.10848165856401695,-0.17142780612586794,-0.05290154954665137,-0.014732077088934259,-0.0013392797353510158,0.03816947245771712,-0.03281235351627651,-0.17343672572890056,-0.10848165856401695,-0.0890621024013237,-0.07165146584166304,-0.004687479073746827,0.32075749661831626,0.31941821688296523,0.3107128986031288,0.3026772201909862,0.3455341717224501,0.16138320811068052,-0.025446314971803292,-0.12991013432975504,-0.16674032705210895,-0.03950875219306813,0.08571390306294006,0.17611528519962696,0.1560260891692521,0.25781134905647746,0.36093588867906595
2016-03-11,0.0,-0.10088727350473278,-0.1028916564220526,0.18173071783632816,0.4062216045753332,0.4382917312523287,0.48973755946335495,0.6273718531188174,0.6808220642471513,0.6487519375701437,0.6019830028328514,0.5638997274039208,0.6694638943823754,0.6788176813298314,0.6915121064728205,0.7229141055107094,0.6594419797958129,0.6741407878561095,0.6681276391041744,0.6981933828638623,0.7075471698113183,0.7449623176011545,0.6253674702014975,0.4663530920947089,0.4877331765460473,0.4877331765460473,0.47303436848575064,0.368806456785497,0.1202629750387514,-0.09220161419638336,-0.21780961034796328,-0.2525522475813852,-0.17772195200171284,-0.3019936928750917,-0.12894863434711296,-0.020711956812231837,0.011358169864763673,0.043428296541771334,0.05411833876742841,0.06547650863220424,0.11625420920412391,0.07082152974503277,0.09888289058741295,0.1436474424073975,0.359452669838041,0.38150088192847387,0.34274947886043666,0.3340638195520872,0.2772729702282324,0.28796301245388944,0.34208135122133,0.34074509594312896,0.4142391362445881,0.42426105083115073,0.34074509594312896,0.33807258538670254,0.20444705756586767,-0.011358169864775827,0.036747020150729594,0.06547650863220424,0.09353786947458442,0.06347212571489658,0.13228927254262168,0.22048212090437758,0.2739323320327115,0.13228927254262168,0.12761237906888762,0.20645144048318745,0.23718531188198191,0.28529050189747523,0.2739323320327115,0.2498797370249588,0.23317654604735444,0.33874071302580916,0.37147896734191127
2016-03-18,0.0,-0.0013288859948753344,0.11827085354346965,0.1614596483767609,0.02790660589227325,-0.09501534863324801,-0.07242428672045192,0.06179319876147342,0.09501534863323592,0.1601307623818856,0.24252169406386626,0.39401469747909845,0.3900280394944845,0.45913011122774805,0.4332168343277758,0.3674369775816884,0.32823484073301107,0.37208807856374,0.34683924466119326,0.33753704269710216,0.35946366161246057,0.3774036225432172,0.4026524564457518,0.38271916652269433,0.18737292527673324,0.21262175917927997,0.2631194269843493,0.16677519235623808,0.15282188941010752,0.1681040783511134,0.17209073633572733,0.15481521840240842,0.09036424765118432,0.08969980465375875,0.08571314666914483,0.06710874274095058,0.1601307623818856,0.24983056703564432,0.22790394812028594,0.22923283411516124,0.36943030657398934,0.3774036225432172,0.44119015029700354,0.39467914047653607,0.3142815377868684,0.2843816029022822,0.2817238309125436,0.3016571208356011,0.3142815377868684,0.3202615247637832,0.33753704269710216,0.1793996093075175,0.12092862553320825,0.016611074935881247,0.09235757664349734,0.19003069726647184,0.18604403928187,0.24318613706129183,0.24252169406386626,0.30298600683046434,0.2305617201100245,0.2797305019202306,0.3049793358227773,0.3574703326201597,0.43188794833291255,0.5016544630636137,0.518265537999495,0.5209233099892335,0.6272341895788736,0.848493707724807,0.9501534863324075,1.0538065939322967,0.950817929329833,0.9348712973913894,0.9900200661785226
2016-04-01,0.0,-0.09731097343410425,0.005838658406043895,0.14596646015115636,0.07979499821596077,0.21084044244055922,0.14077654156800887,0.18618832917059086,0.2880404813649462,0.199811865451356,0.11352946900645496,0.09536475396542689,0.23614129553342394,0.18748580881637184,0.0940672743196341,0.028544552207334886,0.12585552564143915,0.07265886016413589,-0.05838658406046256,0.0025949592915737534,0.04800674689415574,0.06617146193519562,0.08952609555937119,-0.019462194686820852,-0.12909922475590926,-0.13234292387037944,-0.08952609555937119,-0.11417820882935135,-0.1952706866911049,-0.19008076810794558,-0.10444711148594092,-0.02400337344708377,0.061630283174932694,0.048655486717052124,0.07395633980991687,0.11871938758960247,0.051899185831522275,-0.0025949592915737534,-0.032436991144701416,-0.13753284245353875,-0.28090434331310954,-0.30166401764572315,-0.35421194330014183,-0.41000356806903065,-0.3710791786953889,-0.3924875928508872,-0.3730253981640663,-0.28220182295890234,-0.28090434331310954,-0.4742288105355371,-0.5267767361899558,-0.49563722469103527,-0.4164909662979709,-0.44698173797398316,-0.45476661584871625,-0.46709267248370046,-0.4554153556716126,-0.23614129553342394,-0.16932109377534374,-0.14661519997405278,-0.11677316812092511,-0.14856141944273013,-0.24911609199130452,-0.19786564598267864,-0.07784877874728341,-0.13558662298484955,-0.11547568847513233,-0.12780174511012832,-0.2432774335852606,-0.19397320704531212,0.03308573096759781,-0.01167731681208779,0.017515975218143486,0.11417820882935135,0.059035323883358935
2016-04-08,0.0,0.1294597214292353,-0.057758952637663674,0.011950128131924583,0.023236360256529417,0.07966752087952943,0.06904518476225643,0.06572570472560936,0.11551790527531526,0.2184217864113741,0.24431373069721873,0.14207374556849173,0.22506074648466823,0.3080477474008447,0.2848113871443153,0.25493606681449177,0.25493606681449177,0.30074489132021875,0.30472826736419767,0.35120098787725645,0.36049553197986584,0.38439578824372705,0.43817136483741187,0.3790846201850966,0.30340047534953396,0.25028879476318106,0.2801641150930046,0.24564152271188242,0.2808280111003364,0.18190750600825645,0.19916880219882355,0.1666378978396848,0.1852269860449035,0.2436498346898869,0.25095269077051285,0.2629028189024495,0.3100394354228281,0.2960976192689201,0.27551684304170593,0.2768446350563575,0.3591677399652143,0.36514280403117655,0.37974851619241634,0.402320980441626,0.37178176410447067,0.28879476318829417,0.32730073161339523,0.3432342357892987,0.36912618007515546,0.3399147557526517,0.3618233239945295,0.3492092998552731,0.3040643713568658,0.29211424322494123,0.19784101018415992,0.14008205754650832,0.16995737787633186,0.18788257007421874,0.12348465736327302,0.12348465736327302,0.07435635282088689,0.12547634538525643,0.14340153758315538,0.11684569728997891,0.29211424322494123,0.28215580311500005,0.21775789040404228,0.22506074648466823,0.2018243862281388,0.21111893033074813,0.24431373069721873,0.23435529058727758,0.2589194428584706,0.31535060348147065,0.342570339781979
2016-04-22,0.0,-0.08629167856349966,0.015862440912407603,-0.010151962183943174,0.0628152660131318,0.0926366549284627,0.07233273056057635,0.013958948002923304,0.09898163129342574,0.16433488785254044,0.2499920687795415,0.3159798229751548,0.2645855144189634,0.22017067986422212,0.2664890073284477,0.2969448938802657,0.3648361409853748,0.4194029377240593,0.3711811173503379,0.3616636528028933,0.2963103962437786,0.3293042733415795,0.28933092224231693,0.26775800260144494,0.253164556962023,0.25950953332698606,0.24301259477807982,0.22334316804670365,0.2664890073284477,0.24681958059705997,0.2867929316963341,0.3299387709780781,0.33691824497953976,0.34135972843500695,0.46191427936930474,0.46825925573426774,0.4105199708131133,0.41623044954157773,0.38704355826274545,0.35151169061895016,0.30075187969924577,0.31407633006567054,0.3591256622569104,0.3642016433488762,0.3914850417182242,0.4358998762729655,0.3711811173503379,0.3483392024364686,0.4523968148218602,0.4086164779036175,0.4194029377240593,0.41496145426858055,0.27664096951239087,0.2182671869547263,0.3407252307985199,0.34770470479997,0.4003680086291702,0.38387107008026394,0.30519336315472456,0.3083658513372061,0.1256305320262636,0.09073316201896686,0.048221820373721413,0.05837378255766459,0.05837378255766459,0.0767742140160551,0.09073316201896686,0.1288030202087451,0.16433488785254044,0.13324450366422386,0.1554519209415945,0.23349513023063528,0.2373021160496154,0.22143967513720783,0.27981345769487237
2016-04-29,0.0,-0.026811876384486948,-0.13022911386749478,-0.1040556154921645,0.07277509304359252,0.08043562915343763,0.3964327436848362,0.5796472323121366,0.5649645381015914,0.5151710533875459,0.38621869553837607,0.3434473689250306,0.408561925858778,0.32940305272363046,0.32684954068701544,0.173000440480817,0.06702969096120577,0.1800225985815171,0.3804732934559777,0.40090138974892126,0.30897495643069856,0.313443602494772,0.34919277100741736,0.3013144203208418,0.3230192726320871,0.32684954068701544,0.2572663376891946,0.1295907358583265,0.20300420691107568,0.24705228954272287,0.17236206247167196,0.18321448862728879,0.24386039949695115,0.16342477034350192,0.20683447496600404,0.05426213077811895,0.03894105855840549,0.07405184906189421,0.05107024073234725,0.047878350686575546,0.06511455693373577,0.10597074951961126,-0.07979725114429258,-0.14044316201395493,-0.299399286293395,-0.469846214737597,-0.47559161681998374,-0.3798349154468327,-0.46090892260943855,-0.5521969779185046,-0.5362375276896462,-0.36898248929121585,-0.4692078367284404,-0.41239219391370635,-0.39770949970316116,-0.4519716304812801,-0.45899378858198014,-0.4360121802524216,-0.5343223936621877,-0.29493064022931,-0.43728893627072335,-0.3938792316482328,-0.38111167146514596,-0.3696208673003725,-0.2444987775061194,-0.2189636571399458,-0.24194526546950437,-0.2285393272772609,-0.12065344373017968,-0.07724373910767754,0.09767183540060947,0.2483290455610362,0.20683447496600404,0.20108907288361727,0.13725127196818324
2016-05-06,0.0,-0.21895628670929312,-0.12279744269453619,-0.15723270440252043,-0.16762825510682136,-0.06627163573990805,-0.05912469463070043,-0.06432246998285679,-0.09940745360986207,-0.10785383855709992,-0.08056551795832328,-0.05717552887364917,-0.061073860387763496,-0.03638442746504732,-0.011694994542342971,0.05652580695461632,0.0006497219190092052,0.05717552887363735,0.06367274806382395,0.07601746452517613,0.0617235823067727,0.009096106866258875,0.008446384947237854,-0.007796663028228647,-0.030536930193881748,0.004548053433123529,0.0019491657570512527,0.03053693019386993,0.04418109049326415,0.07276885493008282,0.053926919278544046,0.09550912209573592,0.1013566193669015,0.07666718644419715,0.029237486355839698,0.0461302562503154,0.06042413846873065,0.07341857684910386,0.07406829876812487,-0.050028587764441544,-0.08381412755341659,0.01754249181349673,0.07861635220124841,0.2053121264098871,0.20206351681479381,0.22350434014241669,0.32681012526638126,0.32031290607619467,0.3144654088050291,0.30082124850563485,0.2209054524663444,0.2533915484172774,0.2936743073964272,0.3846353760590396,0.3417537294038057,0.27288320598783716,0.2936743073964272,0.25923904568844297,0.2871770882062406,0.4372628514995534,0.3579967773792722,0.36384427465044955,0.38333593222100937,0.36839232808357314,0.38268621030198835,0.3631945527314286,0.3053693019387702,0.3229117937522669,0.35994594313633527,0.29432402931544827,0.41972035968604493,0.4275170227142735,0.4794947762357663,0.4742970008836218,0.47039866936950747
2016-05-13,0.0,0.09983593839423575,0.14116928868484102,-0.4940925103969204,-0.5354258606875256,-0.5252514975390666,-0.42923094532551603,-0.4063386282414862,-0.4419488992610869,-0.3910770835188035,-0.3421129608668511,-0.31985654147960213,-0.43113863841584704,-0.41969247987383795,-0.3828104134606755,-0.38153861806712536,-0.38789759503491084,-0.39807195818335817,-0.3764514364928901,-0.37327194800899743,-0.3707283572218855,-0.5564104846812244,-0.4686566025257788,-0.4603899324676623,-0.48391814724846144,-0.4502155693192033,-0.4171488890867145,-0.3866257996413491,-0.29569242900202214,-0.30968217833114314,-0.34910783553141744,-0.42795914993195433,-0.40951811672537897,-0.4724719887064523,-0.43876941077719417,-0.44576428544174895,-0.7827900647343763,-0.8152208472700843,-0.7236515789339765,-0.995815793155188,-0.9506670566839207,-0.8800824123415003,-0.8470157321090114,-0.8616413791349248,-0.9265029442063292,-0.9411285912322426,-0.90297472942553,-0.8985234455480757,-0.784697757824719,-0.7446362029276639,-0.7573541568632347,-0.7656208269213627,-0.8571900952574704,-0.8737234353737147,-0.8641849699220367,-0.7885131440053924,-0.7770669854633717,-0.782154167037607,-0.7427285098373329,-0.7567182591664654,-0.7338259420824356,-0.6785028424626977,-0.6893131033079375,-0.6619695023464532,-0.6053746073331653,-0.6994874664563966,-0.6994874664563966,-0.6543387299851178,-0.6460720599269897,-0.6740515585852549,-0.6982156710628349,-0.6696002747078004,-0.609189993513839,-0.6301746175075262,-0.6517951391980059
2016-05-20,0.0,0.07582475485470738,-0.09702998290730336,0.02249039338910951,0.1869915564637297,0.1600030843968053,0.21912068987674327,0.11116680160902233,0.11309454961379846,0.05590469213863662,0.13622752567117058,0.047551117451257764,-0.08225058153732177,-0.052049196129084346,-0.04369562144170549,-0.04947886545604559,0.030843968076488364,0.0218478107208469,0.007710992019116247,0.07004151084036728,0.07196925884514341,0.10152806158511825,0.16321599773810666,0.1432959350220359,0.14393851769029853,0.2249039338910951,0.16771407641592154,0.18442122579069095,0.16642891107940802,0.12016295896466378,0.1265887856472665,0.14586626569507466,0.14586626569507466,0.10024289624859302,0.10088547891685565,0.15036434437290122,0.16964182442070938,0.14907917903637602,0.13172944699335568,0.15807533639201746,0.2146226111989284,0.23711300458803788,0.284021539371033,0.28466412203929564,0.2853067047075583,0.2943028620631998,0.19791546182415898,0.19534513115112023,0.12401845497422775,0.08096541620078487,0.11952037629640118,0.1471514310315999,0.23068717790543516,0.19084705247329364,0.18570639112721615,0.1889193044685175,0.19148963514155629,0.11630746295509982,-0.0668285974990776,-0.0032129133413013582,-0.026345889398673474,-0.06811376283559113,0.028916220071712226,-0.015421984038255872,-0.19534513115113195,-0.3238616648031863,-0.3373559008366426,-0.3964735063165923,-0.3939031756435536,-0.5288455359782106,-0.5519785120355827,-0.5821798974438085,-0.4279600570613433,-0.4241045610517793,-0.37783860893704674
2016-05-27,0.0,0.18378257963912237,0.34466968639390566,0.3595208039404988,0.3601396005049425,0.5061755897131327,0.5878567362194005,0.48328011682879357,0.5024628103264815,0.5371154179352065,0.47709215118437887,0.42325685007796615,0.4381079676245705,0.5030816068909253,0.5767183980594585,0.6070394297170885,0.6138461919259469,0.6058018365882011,0.6181777678770305,0.6243657335214452,0.6404544441969258,0.6045642434593248,0.6373604613747185,0.6843890002722728,0.6324100888591911,0.6286973094725401,0.6379792579391622,0.5909507190416079,0.5154575381797548,0.5457785698373848,0.5550605183040069,0.5550605183040069,0.5321650454196678,0.5760996014950148,0.5562981114328831,0.5692928392861563,0.6020890572015613,0.6720130689834433,0.6509739857924354,0.638598054503606,0.6169401747481543,0.6175589713125981,0.6256033266503327,0.5241206900819332,0.475235761491059,0.5624860770772978,0.5791935843172221,0.7902032127917671,0.7908220093562108,0.7054280834632806,0.7060468800277243,0.6949085418677823,0.6732506621123308,0.6577807480012939,0.7642137570852207,0.8130986856760949,0.8421821242048486,0.8768347318135736,0.7468874532808639,0.7153288284943464,0.6899581693522437,0.7734957055518428,0.7382243013786856,0.7567881983119297,0.8180490581916335,0.8180490581916335,0.8291873963515755,0.8211430410138408,0.8273310066582557,0.8613648177025366,0.9399519813865972,0.8106234994183312,0.8570332417514419,0.9077745600356473,0.8477512932848198
2016-06-03,0.0,-0.04608518482585974,-0.05457456097797613,0.06185116910837736,0.07822353740175256,0.08610652954303342,0.07943630542348977,0.04487241680410047,0.039414960706316095,0.07276608130396818,0.0018191520325947922,0.0,-0.005457456097806437,-0.04062772872805331,-0.0012127680217372148,0.0012127680217372148,-0.006670224119543652,0.01697875230425483,0.0018191520325947922,-0.1097555059668319,-0.15887261084700158,-0.15826622683614402,-0.05578732899971335,-0.11036188997768948,-0.13340448239060831,-0.10611720190162025,-0.08610652954303342,-0.07882992141263219,-0.047904336858454535,-0.04669156883671732,-0.03395750460853172,-0.049117104880191755,-0.03577665664112651,-0.0345638886193893,-0.039414960706316095,-0.09459590569517186,-0.11096827398854704,-0.09156398564083985,-0.08064907344522698,-0.03395750460853172,-0.07579800135830018,-0.08125545745610661,-0.06791500921704138,-0.024255360434656058,0.013340448239065243,0.0375958086737213,0.03274473658677245,0.06973416124963616,0.024861744445513635,-0.08246822547784384,-0.06609585718444658,-0.12491510623849193,-0.15341515474919515,-0.2607451246725526,-0.22072377995537895,-0.20859609973805093,-0.14856408266226837,-0.3862666149219022,-0.3711070146502421,-0.3353303580091156,-0.26317066071602707,-0.2467982924226298,-0.22557485204230576,-0.2565004365964834,-0.20859609973805093,-0.24619190841177221,-0.28378771708547146,-0.2801494130202819,-0.3662559425633153,-0.31410691762879156,-0.3262345978461196,-0.25710682060736306,-0.334723973998258,-0.3626176384981037,-0.4329581837586195
2016-06-10,0.0,0.11674459827022625,0.06784633721463504,0.10024143516395975,0.15891934843067143,0.16075303322025167,0.1142996852174489,0.06479019589866059,0.11613337000702913,0.1271354787445327,0.2585495553314341,0.19926041380152526,0.1864246202744415,0.19070321811681018,0.22737691390850356,0.28605482717520414,0.29216710980715305,0.37346046881206896,0.40952293634057635,0.4162464472357113,0.4364169799211604,0.4626997952385363,0.8667216772103498,0.8862809816325907,0.9143974817395468,0.8654992206839556,0.7964304269429373,0.7952079704165431,0.8551083402096602,0.8110999052596237,0.7854283182054339,0.7560893615720835,0.7133033831484412,0.7677026985727731,0.7787048073102989,0.7511995354665288,0.7573118180984778,0.7249167201491308,0.7010788178845434,0.6203966871428135,0.542770697717058,0.5403257846642918,0.36368081660095963,0.35695730570582473,0.18275725069528104,0.017114391369452475,0.1503621527459341,0.0788484459521386,-0.043397206686839426,-0.03728492405489052,-0.15953057669386855,-0.1925369029063904,-0.1210231961125838,-0.17725619632651812,-0.10696494605910577,-0.06112282631948902,0.04095229363406209,-0.03300632621252184,-0.05623300021393434,-0.06968002200421525,-0.1026863482167371,-0.10452003300632845,-0.04950948931878832,-0.02078176094862404,-0.09412915253201086,-0.1613642614834488,-0.18092356590568973,-0.16503163106262034,-0.14975092448274807,-0.18459093548486127,-0.1680877723785948,-0.2114849790654342,-0.11185477216466046,-0.11368845695425178,-0.1326365331132956
2016-06-17,0.0,0.06971070059254986,0.06909920321892886,0.07582567432873766,-0.10334305614157166,-0.09600508765814184,-0.07276818746063264,-0.08377514018576623,-0.11190401937223235,-0.23542648884323042,-0.1956791595580097,-0.19262167268991578,-0.10517754826242355,-0.05075428201035432,-0.07276818746063264,-0.07215669008701163,-0.05992674261463603,-0.028128879186455,-0.024459894944751214,-0.07582567432872654,-0.08010615594405132,-0.12719145371270185,-0.12596845896545986,-0.11251551674585336,-0.15960081451449276,-0.15165134865745308,-0.1913986779426738,-0.1975136516788616,-0.14920535916298017,-0.13086043795441676,-0.15409733815192597,-0.1913986779426738,-0.1589893171408829,-0.15103985128383207,-0.13391792482251066,-0.12046498260289305,-0.13819840643783546,-0.341827031852896,-0.3289855870068994,-0.28312328398549086,-0.26905884439226335,-0.2011826359205765,-0.1773342383494463,-0.15776632239364086,-0.10823503513051745,-0.055646260999300104,-0.11801899310842016,-0.11006952725138046,-0.062372732109108917,-0.07093369533976962,-0.1761112436022043,-0.2091321017776162,-0.23542648884323042,-0.28801526297443664,-0.24459894944751215,-0.1834492120856341,-0.18161471996477108,-0.11435000886670524,-0.09294760079004794,-0.06298422948272993,-0.14247888805317138,-0.23848397571132435,-0.3571144661933655,-0.2788428023701549,-0.31002916842471495,-0.47941394091712153,-0.49714736475206395,-0.3950273033577232,-0.3516109898307987,-0.1748882488549623,-0.09845107715261472,-0.1761112436022043,-0.1699962698660165,-0.10456605088880254,-0.26110937853521254
2016-06-24,0.0,0.5321549454682188,0.5008148426726816,0.7208223642973549,0.5697630688228634,0.43374702269023896,0.2701516860975327,0.07333584054156154,0.024445280180516712,-0.28394133132756216,-0.3052526012285366,-0.13288203585308217,-0.18741381471731,-0.20183026200326393,-0.411808950733363,-0.47762316660399107,-0.38924407672057393,-0.16171493042496723,-0.1899210229409507,-0.11971919267895427,-0.1736241694872805,-0.2557352388115787,-0.23943838535790854,-0.2469600100288306,-0.253228030587938,-0.13601604613263588,-0.25886924909113246,-0.37294722326689234,-0.3660524006518719,-0.2864485395512143,-0.22627554218378065,-0.19556224144415651,-0.30587940328443824,-0.35414316158957004,-0.3798420458819128,-0.47323555221261127,-0.41995737746019807,-0.5591074338723877,-0.5979691613388469,-0.6224144415193636,-0.4155697630688183,-0.15732731603359887,-0.04701015419330575,-0.0965275166102522,-0.07208223642973549,0.1259872132380617,0.19869625172371022,0.3240566629058589,0.4782499686598926,0.34411432869499586,0.37420082737871835,0.5797919017174376,0.42747900213113155,0.47950357277171873,0.6155196189043546,0.7377460198069495,0.8160962767957923,0.8443023693117758,0.853704400150437,1.1100664410179288,1.205340353516355,0.95273912498433,0.807947850068946,0.7653253102670199,0.9508587188166023,0.9734235928293798,1.017926538799045,1.0780995361664787,1.0806067443901193,1.1075592327942883,1.3551460448790318,1.3670552839413337,1.2962266516234129,1.3488780243199243,1.218503196690483
2016-07-01,0.0,0.13174358727560165,0.2117522498676592,0.2959718947013856,0.2989797391597329,0.3308628904182107,0.1991193031425871,0.22438519659270942,0.2863467924346609,0.3537225083016463,0.44215313537706336,0.3946291929351662,0.3976370373935135,0.35552721497665035,0.39101977958515804,0.3874103662351281,0.36094133500168435,0.38680879734346735,0.4138793974685937,0.4216997930602925,0.4505750998604229,0.48606766446893057,0.4451609798354107,0.42952018865199126,0.4403484287020593,0.4343327397853646,0.4283170508686698,0.38259781510177665,0.3880119351268107,0.33447230376821874,0.35853505943499775,0.3501130949516382,0.37838683286008595,0.38440252177678075,0.42651234419364387,0.439145290918716,0.4529813754271095,0.4626064776938123,0.48426295779392653,0.4030511574185476,0.39282448626016214,0.37357428172673457,0.3904182106934755,0.4210982241686318,0.43553587756868606,0.4445594109437281,0.40846527744355965,0.36334761056834913,0.26228403676788187,0.20994754319263328,0.300784445834737,0.2929640502430382,0.271307570142924,0.26108089898453857,0.271307570142924,0.3531209394099856,0.3946291929351662,0.3988401751768568,0.39101977958515804,0.3946291929351662,0.36394917946003175,0.35432407719330705,0.3549256460849896,0.3188315125848212,0.2676981567929159,0.2755185523846147,0.34590211270994753,0.2701044323595807,0.22258048991770535,0.22859617883440012,0.1840800808508503,0.17926752971749887,0.16603301410076607,0.1082824005005053,0.164228307425762
2016-07-08,0.0,-0.02280542769178628,-0.2022481350561477,-0.4044962701122954,-0.5245248369111936,-0.40209569877630874,-0.4110978412862261,-0.37508927124655667,-0.4110978412862261,-0.3528839863887562,-0.3090735595071627,-0.2436579906017763,-0.3270778445269974,-0.31207427367713514,-0.30607284533719026,-0.29046913165334226,-0.19204570687823702,-0.24245770493378296,-0.2856679889813907,-0.2952702743252938,-0.3204762733530668,-0.3384805583729015,-0.30967370234117025,-0.32347698752303916,-0.3048725596691969,-0.29767084566128044,-0.25686113294963764,-0.24905927610771364,-0.25025956177570696,-0.29767084566128044,-0.3138747021791143,-0.31627527351510093,-0.31027384517515605,-0.2808668463094173,-0.27306498946749325,-0.26946413246353507,-0.31927598768507337,-0.32167655902106007,-0.31027384517515605,-0.3438818438788388,-0.1800428501983472,-0.1884448498742788,-0.17644199319438897,-0.15963799384254762,-0.19144556404425125,-0.2430578477677687,-0.19744699238419616,-0.1602381366765334,-0.14223385165669863,-0.13263156631279555,-0.11162656712298837,-0.15723742250656092,-0.14283399449068443,-0.12843056647482973,-0.09122171076716694,-0.05701356922947662,-0.09722313910711186,-0.13623242331675375,-0.2208525629099682,-0.19144556404425125,-0.21065013473207933,-0.20524884922612016,-0.1254298523048573,-0.16743985068447162,-0.29346984582331465,-0.24845913327372787,-0.22205284857796156,-0.20104784938815437,-0.13623242331675375,-0.11042628145499503,-0.10682542445101498,-0.13203142347878793,-0.12302928096887059,-0.12783042364082214,-0.11522742412694657
2016-07-15,0.0,0.1354704972117645,0.2551750313859492,0.13021517619923081,-0.13780619543954073,-0.1348865726548045,-0.06014422936556172,0.062479927593359186,0.054888908353049284,-0.008758868354208636,-0.2721088435374065,-0.3474351113836093,-0.5681585939096626,-0.47473066479810383,-0.3661206972059252,-0.3293334501182532,-0.3912294531546524,-0.3842223584712813,-0.37020816910456017,-0.3865580566990787,-0.5156053837844108,-0.4858252313801099,-0.4461183615077017,-0.4893287787217849,-0.43735949315349304,-0.43735949315349304,-0.41458643543254214,-0.4688914192286314,-0.43735949315349304,-0.4268488511284257,-0.5109339873288371,-0.615456483022402,-0.5903477270736536,-0.5144375346705121,-0.5021751189746285,-0.48115383492453623,-0.5196928556830458,-0.5471373098595703,-0.5640711220110277,-0.5821727832764049,-0.5483051589734691,-0.4735628156842051,-0.48290560859537374,-0.40349186885053606,-0.2954658258152961,-0.2983854486000324,-0.28086771189161513,-0.1541560830340805,-0.1348865726548045,-0.09050830632682257,-0.15006861113544556,-0.24057691746226811,-0.13021517619923081,-0.13897404455343945,-0.08642083442818763,-0.11561706227554976,-0.1354704972117645,-0.10218679746576743,-0.11503313771861101,-0.13955796911039944,-0.19152725467869125,-0.22013955796911464,-0.15765963037575545,-0.1675863478438628,-0.3807188111296063,-0.39998832150886104,-0.329917374675192,-0.4396951913812693,-0.4303523984701219,-0.3252459782196183,-0.23707337012057192,-0.26626959796793404,-0.30889609062509976,-0.2732766926513052,-0.307728241511201
2016-07-22,0.0,-0.11103212882075549,0.00352482948638642,-0.16214215637317692,-0.16742940060274586,-0.24438817772189417,-0.16684192902167078,-0.0945829245510163,-0.08224602134871727,-0.06755923182216061,-0.046410254903906205,-0.0381856527690473,-0.10633235617226162,-0.112794543563938,-0.11866925937456067,-0.20209022388540673,-0.18035377538609862,-0.2003278091422242,-0.15567996898150052,-0.10985718565862668,-0.074021419213837,-0.11103212882075549,-0.10985718565862668,-0.03877312435010102,-0.06755923182216061,-0.07049658972747194,-0.07343394763278327,-0.04229795383646607,0.09634533929422019,0.10163258352378915,0.10633235617228301,0.06755923182216061,0.07108406130854703,0.06990911814641822,0.09105809506465126,0.15744238372470443,0.2532002514378495,0.2532002514378495,0.206789996533922,0.14745536684664162,0.13100616257690245,0.13276857732008499,0.08929568032146873,0.10985718565864806,0.1445180089413303,0.145105480522384,0.2114897691824158,0.3148847674493875,0.2391009334923466,0.24086334823552913,0.22323920080366114,0.2291139166142838,0.23381368926279905,0.24732553562722687,0.23028885977641264,0.08929568032146873,-0.039360595931154735,-0.0763713055380946,0.06873417498428941,0.14686789526556654,0.299023034760702,0.2678870409644062,0.24673806404615178,0.2796364725856515,0.2772865862613939,0.2890360178826392,0.26259979673483724,0.2649496830590949,0.3048977505713247,0.2896234894637143,0.36070755077224,0.30431027899027097,0.28492371681519907,0.3507205338941772,0.34660823282673703
2016-07-29,0.0,0.06421381464768336,0.11685757260210997,0.12958463496471975,0.021983107717223605,0.02545412472521957,0.09082494504223491,0.13884068031933355,0.11280805275945853,0.03875968992248483,-0.016198079370584706,-0.07636237417563767,-0.005785028346638898,0.11222954992480304,0.11049404142079455,0.12437810945273632,0.15272474835127534,0.15677426819390572,0.15619576535925028,0.08793243086891546,0.08156889968760006,0.07578387134096115,0.0682633344903348,0.0960314705541973,0.1602452852019017,0.1990049751243865,0.23024412819622397,0.13941918315398905,0.15156774268194334,0.1359481661460141,0.13536966331135863,0.16140229087123367,0.11627906976743345,0.03644567858382085,0.0063635311812943705,0.05264375795440556,0.06421381464768336,0.04628022677311119,0.04338771259979174,0.05380076362373755,0.08735392803423894,0.03528867291448886,0.017355085039916694,0.037024181418497365,0.016198079370584706,0.0509082494504181,0.07115584866365424,0.07751937984496966,0.10413051023950018,0.05727178063173351,0.007520536850626359,0.009834548189290337,0.0005785028346554715,0.002314011338663978,0.04280920976513627,0.0393381927571403,-0.02892514173319449,-0.021983107717223605,-0.07404836283697369,-0.019090593543904154,-0.024875621890543057,-0.015619576535929236,-0.086196922364928,-0.07578387134096115,-0.1087585329168071,-0.09313895638087784,-0.06537082031701534,-0.05148675228509461,-0.06999884299432226,-0.13247714913803918,-0.12842762929538776,-0.07404836283697369,-0.08908943653824745,-0.05032974661576263,-0.04917274094643064
2016-08-05,0.0,0.27228932486212687,0.28159836160954094,0.23738043705929224,0.2699620656752627,0.2763620284391073,0.340943470874364,0.3234890269729467,0.3327980637203608,0.370616025506765,0.38807046940818224,0.37876143266076817,0.3566524703856438,0.4404338011124342,0.46370639298099053,0.5131606507016729,0.49046987362984307,0.5434150201308005,0.5137424654983995,0.5038516139542588,0.5131606507016729,0.4968698363936877,0.4939607624101181,0.5055970583443963,0.5341059833833863,0.5754148339500655,0.570178500779632,0.5823966115106367,0.598687425818622,0.6196327585003142,0.6318508692313191,0.5957783518350523,0.5847238706974797,0.5451604645209379,0.5533058716749412,0.5754148339500655,0.5887965742744812,0.595196537038347,0.6452326095557347,0.6423235355721651,0.6330144988247511,0.6184691289069033,0.549814982894645,0.572505759966496,0.5922874630547773,0.46777909655799216,0.46836091135469765,0.5538876864716467,0.5585422048453537,0.549814982894645,0.5928692778514828,0.5754148339500655,0.5649421676092193,0.5567967604552162,0.5207242430589496,0.5661057972026514,0.5387605017570934,0.5445786497242325,0.5515604272848037,0.45439735623357647,0.3473434336382085,0.3636342479461938,0.43636109753543256,0.4642882077777172,0.523633317042519,0.5672694267960623,0.5853056854942063,0.6289417952477495,0.7656682724755184,0.809886197025767,0.9437036002699665,1.0327212641671903,0.9989760059577878,1.0443575601014685,0.9687216365286603
2016-08-12,0.0,0.07088531105286236,0.12201569935331678,0.2295057202121911,0.40439488928527,0.63564369091679,0.6292523923792438,0.5508137285092544,0.6141456867450109,0.6559796408090094,0.63564369091679,0.6838689435183348,0.7524301460121201,0.7042048934105543,0.7082720833890024,0.7123392733674505,0.7262839247221238,0.7291890604210122,0.7088531105287927,0.6780586721205578,0.6780586721205578,0.6867740792172233,0.7274459790016622,0.7373234403778873,0.6728294278625712,0.7175685176254583,0.7181495447652275,0.5188572358214809,0.5107228558645847,0.551975782788814,0.40846207926371814,0.37243839659749656,0.45843041328459183,0.4979402587894711,0.53861215857391,0.5757978955196913,0.5775409769390202,0.49038690597236523,0.45494425044593406,0.4863197159939171,0.5333829143159234,0.5723117326810334,0.5845133026163567,0.6670191564647941,0.6292523923792438,0.6402919080350074,0.6612088850670171,0.6658571021852345,0.6931653777547907,0.6856120249376848,0.5961338454119107,0.6199559581427879,0.5705686512616835,0.5816081669174683,0.5943907639925818,0.573473786960572,0.5938097368527915,0.6768966178410193,0.6333195823576919,0.6344816366372303,0.6635329936261153,0.49619717737014224,0.5467465385308062,0.6007820625301281,0.6548175865294498,0.7396475489370066,0.7849676658396629,0.687936133496783,0.6734104550023404,0.6995566762923369,0.7983312900545457,0.7431337117756642,0.7355803589585584,0.7227977618834448,0.5816081669174683
2016-08-19,0.0,-0.11867384854681307,-0.11176080882565577,-0.18089120603739642,-0.1774346861767968,-0.07028257049860719,-0.013826079442356512,-0.02016303252009102,-0.013249992798912766,-0.010369559581756905,-0.06509779070771825,-0.08756516980154234,-0.09735864273987646,-0.09620646945300992,-0.0760434369329189,-0.09505429616614339,-0.0869890831580986,-0.07316300371576304,-0.08065213008036408,-0.10599994239134404,-0.12501080162456854,-0.12097819512054613,-0.1008151626004551,-0.11176080882565577,-0.11406515539936787,-0.10772820232163337,-0.11867384854681307,-0.07316300371576304,-0.07489126364605236,-0.0760434369329189,-0.07085865714202998,-0.017858685946357953,-0.012673906155489977,0.01670651265951237,0.01152173286862344,0.015554339372645838,-0.019010859233224486,-0.06279344413400614,-0.056456491056250675,-0.028228245528135815,-0.11521732868623441,-0.17685859953337402,-0.23043465737246882,-0.2540542097531385,-0.24598899674511462,-0.3686954517959501,-0.3381628596941022,-0.28861940835900884,-0.31627156724372185,-0.31454330731341157,-0.2632715960480498,-0.2344672638764912,-0.27882593542069567,-0.26096724947431676,-0.24426073681482535,-0.2955324480801871,-0.31799982717401115,-0.26442376933491635,-0.22870639744217947,-0.20508684506148886,-0.25059768989255987,-0.25751072961373805,-0.3064780943053877,-0.2966846213670536,-0.26499985597833914,-0.18261946596768575,-0.16994555981219575,-0.1878042457585537,-0.18377163925455225,-0.20854336492208847,-0.15035861393552752,-0.14920644064868194,-0.17052164645561854,-0.16879338652532921,-0.17167381974248508
2016-08-26,0.0,-0.0029045787779856166,0.0546060810261169,0.03717860835820321,0.0720335536940306,0.013361062378729608,-0.09643201542913514,-0.12315414018659436,-0.06738622764927898,-0.13709611832093377,-0.17369381092354833,-0.32879831766798445,-0.26722124757467675,-0.3142754237780564,-0.2916197093097601,-0.3206654970896163,-0.3915372192724696,-0.32589373888999884,-0.2300426392164735,-0.20273959870340447,-0.1771793054571226,-0.23062355497206216,-0.24340370159520308,-0.30265710866611395,-0.2765158996642434,-0.29684795111014267,-0.2712876578638608,-0.23875637555043033,-0.23410904950563644,-0.27535406815304486,-0.2858105517537889,-0.29742886686573133,-0.3061426031996882,-0.3038189401772912,-0.3956036295616536,-0.4240685015859,-0.37352883084894606,-0.3717860835821589,-0.3619105157370036,-0.4217448385635242,-0.4374295639646296,-0.3868898932276968,-0.4682180990112941,-0.4885501504571933,-0.4670562675000956,-0.4606661941885145,-0.413612017985156,-0.4356868166978425,-0.4444005530317994,-0.39211813502805826,-0.37352883084894606,-0.3514540321362596,-0.37236699933776873,-0.4147738494963545,-0.4589234469217274,-0.48913106621278196,-0.5245669273041981,-0.5251478430598079,-0.6064760488434051,-0.58962949193108,-0.5803348398415346,-0.5582600411288482,-0.5936959022202642,-0.6866424231158039,-0.6692149504478903,-0.6860615073602152,-0.63610275237885,-0.5257287588153966,-0.49261656074635635,-0.5623264514180111,-0.48099824563441385,-0.4048982816511991,-0.4200020912967159,-0.2956861195989442,-0.40257461862880217
2016-09-02,0.0,0.03357862805692327,-0.06032770464467655,-0.05862031677735817,-0.0432538259716584,-0.0637424803792719,-0.12976147791493378,-0.17130791601929451,-0.1570796837917794,-0.14740448587706498,-0.1024432720381089,-0.0637424803792719,-0.06032770464467655,-0.054636411753670504,-0.020488654407634203,-0.03756253308065235,-0.10415065990540656,-0.11041108208552565,-0.09732110843621587,-0.09675197914710283,-0.06658812682477493,-0.05577467033185514,-0.06260422180106655,-0.06601899753568259,-0.039839050237042345,-0.029025593744143277,-0.007398680758303723,0.0017073878672976739,0.0227651715640242,0.025610818009527227,0.025041688720414196,-0.03244036947873862,-0.029025593744143277,-0.039839050237042345,-0.04097730881524769,-0.0432538259716584,-0.07057203184848329,-0.05862031677735817,-0.010813456492919775,-0.003983905023708376,-0.06715725611386725,-0.05862031677735817,-0.14740448587706498,-0.17415356246479755,-0.19350395829420566,-0.13943667582964822,-0.12407018502392775,-0.11439498710923401,-0.09732110843621587,-0.08366200549779307,-0.09049155696700448,-0.1343145122277552,-0.11553324568741867,-0.09049155696700448,-0.030163852322327923,-0.050652506729962125,-0.04666860170625375,-0.0011382585782053509,0.07171029042666793,0.1348836415168475,0.1439897101424489,0.15935620094816938,0.22082216417103057,0.22480606919473897,0.307898945403419,0.2674907658772843,0.31643588473992806,0.35399841782058045,0.32952585838923787,0.24358733573505478,0.21228522483452153,0.25667730938436456,0.24984775791515318,0.2521242750715638,0.21797651772552756
2016-09-09,0.0,-0.1508930174116039,-0.14472267097468627,-0.06450816729492012,-0.11667564171602535,-0.1508930174116039,-0.10433494884223088,-0.12116316639742744,-0.12116316639742744,-0.10882247352361253,-0.30571261891940404,-0.40331628073955217,-0.5295279124035264,-0.47119009154550345,-0.5340154370849081,-0.5115778136779793,-0.43528989409442975,-0.4308023694130277,-0.3629285586070764,-0.39434123137676846,-0.42519296356129554,-0.4207054388799138,-0.40836474600609896,-0.3932193502064384,-0.3696598456291591,-0.4005115778136861,-0.40219439956920167,-0.439216478190626,-0.4498743493089253,-0.49755429904864884,-0.48914019027105055,-0.3982678154729851,-0.4330461317537287,-0.4470696463830592,-0.4852136061748339,-0.4846526655896689,-0.4683853886196374,-0.4515571710644408,-0.48353078441931835,-0.5665499910249506,-0.580012565069116,-0.5385029617662896,-0.4577275175013585,-0.4313633099982131,-0.43416801292407925,-0.48689642793034954,-0.4139741518578311,-0.2776655896607431,-0.318614252378384,-0.2776655896607431,-0.2619592532758971,-0.2524232633279483,-0.2243762340692874,-0.21315742236582302,-0.23391222401723616,-0.3281502423263328,-0.3550753904146432,-0.2995422724825068,-0.2636420750314127,-0.18006192784061537,-0.15369772033747,-0.17108687847783163,-0.16772123496680047,-0.2950547478011251,-0.2967375695566407,-0.318614252378384,-0.4061209836654183,-0.4134132112726661,-0.39378029079160337,-0.43697271584994535,-0.5469170705438879,-0.6136690001795091,-0.6125471190091586,-0.5676718721953011,-0.5783297433136004
2016-09-16,0.0,0.17082628674900494,0.2875575826941583,0.3296947334255671,0.4834383914996715,0.5033681249537221,0.48856318010214994,0.4953962315721143,0.5096317554678648,0.4828689705438498,0.5050763878212288,0.5432275918618232,0.5403804870826732,0.6024473712681533,0.6144052113405754,0.63262668192714,0.6821663050843555,0.7180398253016423,0.677041516481877,0.6548340992045188,0.6491398896462187,0.6087110017822752,0.6115581065614252,0.6388903124412826,0.6798886212610272,0.653125836337033,0.6246547885455321,0.6087110017822752,0.6126969484730894,0.6297795771479899,0.6371820495737759,0.6366126286179542,0.6610977297186408,0.6360432076621325,0.6673613602327835,0.6810274631726914,0.6889993565543199,0.6884299355984774,0.660528308762819,0.5933366359748813,0.5432275918618232,0.5625879043600521,0.5927672150190388,0.6018779503123315,0.5779622701674667,0.5751151653883166,0.46977228855976355,0.4657863418689493,0.42763513782833407,0.4447177665032345,0.4304822426074841,0.2858493198266724,0.15374365807410442,0.2516840624768714,-0.1497577113832902,-0.1389387132225323,-0.04441483455473714,-0.34165257349800987,-0.3217228400439593,-0.22492127755285649,-0.17082628674900494,-0.20499154409880593,-0.1674097610140331,-0.1423552389575041,-0.2061303860104701,-0.207838648877956,-0.029609889703165,0.026762784924014918,0.017652049630722224,-0.16342381432321887,-0.1548824999857686,-0.06946935661126614,-0.044984255510579586,-0.01765204963074294,-0.04327599264309368
2016-09-23,0.0,0.006216480454812091,0.04408049777053994,0.08590045719386427,0.09776828351671539,0.17349631814815053,0.16388903017253556,0.15202120384968446,0.15315147302329227,0.17236604897456329,0.07459776545782733,0.07120695793702447,0.1322414933116198,0.13845797376645247,0.11754799405478003,0.11302691736036936,0.09550774516949978,0.07007668876341668,0.10059395645072462,0.10115909103751825,0.11811312864157364,0.15089093467607664,0.16614956851973062,0.16049822265171215,0.15315147302329227,0.1378928391796383,0.17745226025576755,0.20740439335626132,0.18875495199180448,0.20570898959585993,0.20231818207505706,0.19158062492581374,0.21192547005069257,0.20570898959585993,0.20627412418267407,0.21814195050550464,0.20401358583545848,0.2237932963735231,0.2407473339775785,0.20514385500906626,0.16106335723852636,0.21136033546387836,0.22548870013392452,0.2305749114151494,0.19553656703343078,0.16049822265171215,0.11754799405478003,0.132806627898434,0.14184878128725534,0.17575685649536613,0.20627412418267407,0.16784497228013207,0.15145606926289082,0.1401533775268539,0.10115909103751825,0.09607287975631396,0.10794070607914451,0.10341962938473387,0.13958824294003971,0.19327602868621516,0.17349631814815053,0.10285449479791968,0.1056801677319289,0.10059395645072462,0.13563230083244324,0.09607287975631396,-0.03221267144770938,-0.044645632357354116,-0.05086211281216622,-0.07290236169744646,-0.1893200865786187,-0.25996190992884954,-0.2277492384811607,-0.2503546219532346,-0.30291213852580223
2016-09-30,0.0,-0.30182083029861195,-0.1474144209759608,-0.05127458120902708,0.08739985433357611,0.19111434814274886,0.29949016751639596,0.1380917698470545,0.09439184268026643,-0.04020393299345349,0.029133284777858703,0.08623452294245752,-0.011653313911143482,0.05127458120902708,0.185870356882747,0.2756008739985391,0.2756008739985391,0.2522942461762521,0.04020393299345349,0.04603058994902523,0.12469045884924373,0.13343044428260134,0.128769118718127,0.0984705025491709,0.0681718863801936,0.06351056081574045,0.030881281864525986,0.013401310997810764,-0.03670793882009773,0.011653313911143482,0.002330662782237175,0.07865986890021849,0.030298616168977287,0.01864530225783381,-0.06351056081574045,-0.16372906045155744,-0.14333576110705634,-0.10021849963583818,-0.1590677348871043,-0.15032774945374666,-0.06234522942462187,-0.027967953386740116,-0.08099053168245568,-0.18994901675163026,-0.16256372906046004,-0.033211944646763164,-0.05651857246905012,-0.04195193008012077,0.07574654042243263,0.016314639475596637,-0.02155863073561968,-0.039621267297883594,-0.0046613255644531535,0.04020393299345349,0.04486525855790664,0.08973051711581329,0.1683903860160318,0.1392571012381731,0.13983976693372177,0.15440640932265112,0.2138383102694871,0.3938820101966412,0.4014566642389014,0.4597232337946188,0.43292061179897606,0.45564457392571434,0.353095411507639,0.3606700655498992,0.3466860888565186,0.24763292061179895,0.15965040058267418,0.23539694100510683,0.2948288419519216,0.3641660597232338,0.39679533867442707
2016-10-07,0.0,0.035617854885969594,0.13098178893548154,0.08042741425863158,-0.083874303441136,-0.12925834434422934,-0.1487907163784768,-0.12064112138794737,-0.21485609237663844,-0.22117538921123686,-0.09019360027575532,-0.05859711610272148,-0.020681335095068334,-0.04883093008559775,-0.1068535646578879,-0.14936519790888725,-0.13270523352673375,-0.15568449474348564,-0.2096857586028609,-0.1677486068822929,-0.1677486068822929,-0.12638593669213535,-0.1258114551617249,-0.13213075199632332,-0.20566438788992514,-0.2470270580800827,-0.20394094329867296,-0.20911127707245047,-0.22692020451542486,-0.32343310162577854,-0.2912621359223343,-0.28781524673980896,-0.2746021715401808,-0.28953869133108207,-0.3251565462170308,-0.3814557361980896,-0.35445510426840193,-0.2682828747055824,-0.2516229103234289,-0.25334635491468116,-0.2711552823576764,-0.1958982018728014,-0.2050899063595147,-0.23094157522836062,-0.2912621359223343,-0.31251795254783393,-0.4027115528235684,-0.41535014649278607,-0.4549893720916914,-0.36709369793761965,-0.3538806227379706,-0.3567530303900646,-0.31251795254783393,-0.13557764117882776,-0.1378755673005113,-0.11949215832710561,-0.14649279025679324,-0.14189693801344705,-0.09076808180616575,-0.10110874935369991,-0.09076808180616575,-0.15338656862182298,-0.1384500488309217,-0.15166312403057078,-0.28436835755730455,-0.2837938760268941,-0.1970471649336432,-0.16200379157810496,-0.16028034698685273,-0.15740793933475875,-0.07525708048485405,-0.1395990118917635,-0.10972597230998186,-0.07870396966737937,-0.10053426782328947
2016-10-14,0.0,-0.036741335168473076,0.11488957187594892,0.060069167021439863,0.12713668359878036,0.055986796447162715,0.034408551983144575,-0.24435903866005781,-0.2717692410873229,-0.192454612787151,-0.18720585062024145,-0.18837224221289509,-0.12363750882084065,-0.08223060728179543,0.03907411835373793,0.08631297785605135,0.009331132741186713,0.03849092255742172,0.07406586613321993,0.05773638383613258,0.05831957963247001,-0.030326181408888646,-0.1533804944334131,-0.12830307519143402,-0.049571642687599504,-0.06065236281777729,-0.0011663915926536433,0.0670675165773405,0.05132123007656936,0.08281380307809044,0.053070817465539225,0.055403600650846506,0.02507741924195786,0.020995048667680715,0.03965731415007536,0.033242160390490924,-0.06473473339205443,-0.055403600650846506,-0.048988446891283295,0.04665566370597601,0.13296864156202737,0.13121905417305751,0.17787471787903353,0.18603945902756658,0.19595378756509071,0.1656276061562021,0.16912678093416303,0.09447771900458443,0.075815453522211,0.10380885174579237,0.11430637607963272,0.15104771124808458,0.18020750106431957,0.22919594795560286,0.26360449993874746,0.3055945972741301,0.08514658626339772,-0.03149257300154229,-0.010497524333861575,0.08981215263399107,0.04432288052066872,0.08223060728177421,0.12072152983919593,0.19420420017612086,0.10147606856048509,0.10322565594945493,0.12072152983919593,0.134135033154681,0.18895543800919007,0.060069167021439863,0.048988446891262076,0.08048101989280436,0.07814823670749708,0.12072152983919593,0.13705101213630452
2016-10-21,0.0,0.09278897136796616,0.07434644289730864,-0.020747844529497572,0.013255567338277884,0.04207201807367371,0.03285075383835543,-0.158490479044677,-0.17808566554475455,-0.16021946608879659,-0.12794504126516162,-0.07319378486790959,-0.10085757757388539,-0.14177693761816001,-0.13486098944166083,-0.12102909308866244,-0.17001705933883535,-0.16310111116233617,-0.19134123288303245,-0.17981465258887414,-0.15618516298585794,-0.16655908525059623,-0.2166997095301892,-0.21381806445664955,-0.2674166628244816,-0.27087463691272073,-0.22246299967726832,-0.17693300751533453,-0.17001705933883535,-0.13889529254462044,-0.1164184609710033,-0.19134123288303245,-0.17866199455945408,-0.1498455438240583,-0.1337083314122408,-0.1446585826916996,-0.158490479044677,-0.191917561897732,-0.1365899764857804,-0.11699478998570284,-0.10719719673568504,-0.07607542994144917,-0.07953340402968828,-0.051869611323712476,-0.08760201023560749,-0.06915948176494997,-0.03803771497073506,-0.03803771497073506,-0.06743049472083042,-0.0910599843238466,-0.0956706164415267,-0.0847203651620679,-0.058785559500211665,-0.07088846880906953,-0.07204112683848955,-0.07031213979437,-0.058785559500211665,-0.0633961916178708,-0.14696389875051868,-0.17347503342709542,-0.17347503342709542,-0.2172760385448887,-0.2218866706625478,-0.24609248928028454,-0.09509428742680621,-0.05475125639725206,0.013831896352977416,0.10892618377978364,0.1118078288533232,0.11353681589746374,0.1400479505740195,0.1533035179122974,0.15560883397113745,0.22131034164782734,0.16886440130941532
2016-10-28,0.0,0.011057826613265999,0.0,-0.10999627525841241,-0.01687773535711807,0.095446503398814,0.1082503026352462,0.16353943570163973,0.22930440450692463,0.24851010336156232,0.24734612161281308,0.24560014898964685,0.35443244249928885,0.5441614675481888,0.5459074401713339,0.5488173945432493,0.601778564112102,0.6029425458608724,0.6157463450973045,0.5133159512058681,0.5057500698388921,0.5639491572772011,0.5523093397895393,0.5133159512058681,0.4411490827823777,0.4318372287922355,0.49352826147685575,0.474322562622218,0.5232097960703849,0.5296116956886116,0.5406695223018776,0.5447434584225634,0.5552192941614548,0.5499813762920197,0.5668591116491166,0.543579476673793,0.5447434584225634,0.5563832759102252,0.5726790203929475,0.4586088090138704,0.32940683490082023,0.3491945246298538,0.24560014898964685,0.3200949809106993,0.4044836576962473,0.37887605922338286,0.43300121054100593,0.4417310736567523,0.43532917403854676,0.3829499953440687,0.4114675481888274,0.45046093677249865,0.40099171244993603,0.41263152993759783,0.4260173200484047,0.49120029797931497,0.4638467268833055,0.4120495390632232,0.4091395846913078,0.4475509824005832,0.49352826147685575,0.6419359344445436,0.6401899618213986,0.6582316789272659,0.5581292485333703,0.5971226371170415,0.6075984728559328,0.5604572120309111,0.5511453580407689,0.5825728652574642,0.5558012850358506,0.5331036409349016,0.4702486265015322,0.5144799329546386,0.5074960424620372
2016-11-04,0.0,-0.08144331722171629,-0.03422979999173334,0.07200061377572828,0.11272227238659717,0.17055883099332197,0.0672792620527343,-0.11449277928269576,-0.09147618963309195,-0.09088602066770429,-0.12511582065945911,-0.16524731030494033,-0.12747649652094536,-0.22131336201554508,-0.1794113654739223,-0.23606758614991472,-0.1835425482315501,-0.19534592753904587,-0.22780522063465913,-0.2891827930336455,-0.2880024551028917,-0.34288816888274254,-0.27619907579539593,-0.3204617481985049,-0.3582325619824999,-0.35646205508635836,-0.4662334826460816,-0.453249765407832,-0.46328263781920764,-0.28151059648377763,-0.16288663444343257,-0.1829523792661839,-0.2024279551235476,-0.2549529930419122,-0.2720678930377681,-0.2183625171886711,-0.2283953896000468,-0.24019876890754252,-0.19888694133130747,-0.11921413100571122,-0.19947711029667364,-0.2372479240806686,-0.2549529930419122,-0.25436282407652455,-0.24492012063053653,-0.31396988957939087,-0.28151059648377763,-0.2567234999380323,-0.2372479240806686,-0.22662488270390524,-0.28269093441451004,-0.36944577232460796,-0.3883311792166054,-0.551217813660038,-0.5276110550450466,-0.4986927757416949,-0.5453161240062901,-0.7341701929262219,-0.7306291791339817,-0.6804648170771249,-0.7872853998099527,-0.7648589791257152,-0.7731213446409707,-0.7872853998099527,-0.8457121273820651,-0.7619081342988412,-0.7105634343112305,-0.7630884722295951,-0.7713508377448507,-0.7589572894719673,-0.47272534126519566,-0.5883984584786668,-0.5146273378068185,-0.4449873998925764,-0.46092196195769997
2016-11-11,0.0,0.13595910540096925,0.1745501178510236,0.004155955186933247,-0.34850652781818725,-0.27369933445345357,-0.2974476498073331,-0.21789079337184952,-0.2790427054080851,-0.38056675354591174,-0.39481574275824816,-0.44112495769830895,-0.5800526025185132,-0.46071731786525527,-0.362755517030502,-0.35444360665665714,-0.4108458556221211,-0.43518787885983906,-0.46131102574911526,-0.4387501261629124,-0.365724056449737,-0.35028765146972385,-0.3758170904751401,-0.5088076564568744,-0.5058391170376395,-0.4725914755421951,-0.4500305759560138,-0.4037213610159529,-0.46902922823912185,-0.42984450790520756,-0.38116046142977167,-0.36038068549512703,-0.41025214773826124,-0.5046517012699412,-0.5497735004423038,-0.6085505809431644,-0.6174561992008692,-0.6679213693278633,-0.7266984498287024,-0.8121923851026774,-0.7439159784602737,-0.7094809211971526,-0.7290732813640989,-0.804474182612671,-0.8151609245219125,-0.7546027203695153,-0.7278858655964007,-0.6233932780393391,-0.5509609162100021,-0.5853959734731231,-0.5473986689069288,-0.4939649593606997,-0.4049087767836512,-0.5183069825984177,-0.5931141759631298,-0.6489227170447553,-0.653672380115527,-0.7332292365510322,-0.7296669892479373,-0.6803892348886416,-0.6993878871717495,-0.8383155319919536,-1.0146467734944924,-0.981992839882908,-1.2473802639625167,-1.3316867834687935,-1.2307564432148053,-1.1731667784816429,-1.1684171154108711,-1.5157362274613602,-1.5816378025683673,-1.6196351071345834,-1.5935119602453072,-1.5228607220675283,-1.4504283602381913
2016-11-18,0.0,-0.052020758759921945,-0.06440665370276104,-0.1721639397054589,-0.19507784534971573,-0.22790046694823482,-0.31336314205383137,-0.11518882296840585,-0.006812242218563754,-0.116427412462683,-0.11333093872697322,-0.10961517024411924,-0.14863073931406914,-0.09537139105985877,-0.1052801070141323,-0.07245748541560194,-0.01114730544855068,0.05264005350706615,0.01919813716140285,0.00557365272427534,0.09846786479556856,0.1343869601298087,0.10156433853127833,0.11333093872698448,0.12385894942839096,0.21923034048824974,0.24524071986821633,0.16659028698118358,0.08174690662274253,0.09599068580700298,0.010528010701417737,0.008670126459985114,0.1220010651869696,0.1684481712226162,0.1814533609125995,0.2254232879596693,0.24833719360392612,0.19507784534971573,0.15296580254406733,0.1901234873725846,0.2526722568339243,0.39758722766513943,0.420501133309385,0.4235976070450948,0.4471308074364958,0.38582062746944457,0.4056380593779804,0.48428849226501314,0.5462179669792085,0.584614241302003,0.567893283129177,0.3777697957565924,0.35919095334233375,0.28301769944387783,0.27063180450103874,0.2025093823154237,0.12014318094553697,0.15234650779692313,0.18826560313115198,0.17897618192402265,-0.08917844358843924,-0.1337676653826645,-0.023533200391389775,-0.01672095817282602,-0.1170467072098272,-0.1554429815326329,-0.1046608122669881,0.024771789885678193,-0.017959547667114436,-0.06750312743847083,-0.046447106035646606,-0.053259348254210366,-0.08979773833558344,0.0334419163456633,-0.116427412462683
2016-11-25,0.0,-0.09831425494076552,-0.029431655937684587,0.10582872028654933,0.20038574255441724,0.20038574255441724,0.21604087869148111,0.3832377326353162,0.3976404578814217,0.4684016732209457,0.3857425544172441,0.40327630689076244,0.467775467775461,0.3763494727350058,0.38511634897177066,0.42769831926457974,0.41204318312751587,0.3675825964982523,0.5335270395511291,0.5685945444981544,0.775868546952882,0.7595872053703333,0.7602134108158182,0.816571900909248,0.8159456954637632,0.895473787040052,0.8766876236755754,0.8491345840743341,0.9079978959497031,0.9167647721864566,0.9474488390150995,0.9192695939683846,0.8109360518999073,0.819076722691176,0.8791924454575033,0.9731232622798864,1.0157052325726956,1.045763093955865,1.0307341632642746,0.9493274553515426,0.9073716905042183,0.9812639330711551,1.035117601382657,1.020088670691078,1.0207148761365628,1.050146532074236,1.068306489993228,1.0802043934574055,1.098990556821882,1.1415725271146913,1.060792024647444,1.132179445432453,1.1766400320617165,1.2179695914635673,1.2567943290834789,1.1584800741427248,1.0983643513763972,1.1534704305788575,1.2592991508654068,1.2724494652205427,1.3281817498684878,1.2824687523482659,1.2342509330461044,1.2555419181925205,1.3288079553139724,1.3851664454074022,1.3169100518498063,1.2661874107657172,1.2918618340305041,1.4609373043107936,1.539212984996113,1.5911880369711604,1.5273150815319465,1.5717756681612103,1.4991358364852316
2016-12-02,0.0,-0.16768835763689074,-0.07862311273817946,-0.18488716354836157,-0.15356076706674365,-0.15048955172540876,-0.13021953047260307,-0.04422550091522664,-0.02702669500375582,-0.038697313300826104,0.011056375228801072,-0.07432341126030616,-0.07739462660164104,-0.14127590570140414,-0.14926106558888153,-0.33599095834203957,-0.2899227282220165,-0.38635888993993595,-0.36056068107271855,-0.3255488261814965,-0.27518089458361134,-0.2745666515153421,-0.28378029753934675,-0.24815419957986665,-0.20822840014251331,-0.21068537241557897,-0.25982481787693695,-0.326777312318035,-0.3310770137959082,-0.344590361297775,-0.3464330905025826,-0.3587179518679221,-0.39987223744180267,-0.4244419601724817,-0.37284554243805806,-0.3353767152737704,-0.379602216188997,-0.39987223744180267,-0.36486038255059183,-0.355032493458318,-0.3722312993697888,-0.44225500915222166,-0.44471198142529855,-0.40601466812447246,-0.41522831414847705,-0.39618677903219857,-0.3710028132332616,-0.39557253596394054,-0.386973133008194,-0.3464330905025826,-0.22174174764438004,-0.10196434933232001,-0.08537978648911841,0.03316912568641439,0.12100588444858729,-0.11179223842459383,-0.1603174408176826,-0.16768835763689074,-0.2536823871942672,-0.34950430584391745,-0.29237970049508216,-0.25859633174039853,-0.2567536025356021,-0.2850087836758851,-0.3912728344860673,-0.5829166717853678,-0.6443409786120653,-0.5823024287170986,-0.6934804240734233,-0.8593260525055064,-0.7585901893097136,-0.6689107013427443,-0.7014655839608894,-0.6400412771341919,-0.6805813196398145
2016-12-09,0.0,-0.050296324126475694,0.087867072269152,0.052720243361495604,0.009089697131291584,-0.10422852710548125,-0.10847038576675506,-0.047872404891477836,-0.01878537407134917,-0.0787773751378604,-0.051508283743985646,0.0260571317763648,0.08241325399036822,0.031510950055148576,0.03817672795142024,0.01030165674880154,-0.07150561743282273,-0.0133315557925654,0.0521142635527296,0.07453551647658659,0.0387827077601642,0.012119596175055446,0.07089963762407878,0.002423919234997862,0.03454084909891243,0.087867072269152,0.09029099150414985,0.08059531456411431,0.0921089309304258,0.16361454836324854,0.1793700233908118,0.21451685229846817,0.18603580128710553,0.18421786186082956,0.15452485123195694,0.1630085685544825,0.131497618499356,0.11695410308928066,0.09877470882669749,0.1163481232805367,0.14482917429189937,0.11392420404551679,0.10362254729671525,0.10604646653173516,0.14179927524813551,0.008483717322525584,0.01030165674880154,-0.03454084909891243,-0.058780041449023324,-0.010907636557545492,-0.012725575983821446,0.02060331349758103,0.08847305207789595,0.15452485123195694,0.08847305207789595,0.10180460787046135,0.1484650531444292,0.1163481232805367,0.04302456642143802,0.047872404891455785,0.10786440595798906,0.11513616366302674,0.09938068863544144,0.049084364508965736,0.09816872901795354,0.15028299257068312,0.17694610415581394,0.1399813358218816,0.1399813358218816,0.12361988098555234,0.0921089309304258,0.06302190011027509,0.050296324126475694,0.11392420404551679,-0.009089697131291584
2016-12-16,0.0,-0.039868495301651166,-0.0748300988738728,-0.10549817218283525,0.025147820113351434,-0.12573910056674598,-0.08464388233274303,-0.0478421943619881,-0.09200421992688732,-0.12880590789764224,-0.22019676635834806,-0.16254078853750092,-0.1337127996270829,-0.15763389680807138,-0.1846218013199561,-0.19443558477882633,-0.1527270050786307,-0.14413994455212345,-0.13800632989033096,-0.22019676635834806,-0.21897004342599627,-0.15027355921391594,-0.1373929684241495,-0.14536666748448643,-0.1472067518830197,-0.14966019774773448,-0.21835668195981478,-0.23062391128339976,-0.2024092838391521,-0.20792953703476308,-0.2956402266984024,-0.24718467087024393,-0.21528987462891852,-0.1741946563949044,-0.14659339041683822,-0.1791015481243451,-0.17787482519198214,-0.2815329129762729,-0.2864398047057136,-0.23246399568193302,-0.22633038102014055,-0.21283642876420375,-0.1668343188007601,-0.1674476802669416,-0.1846218013199561,-0.2024092838391521,-0.20915625996712606,-0.20915625996712606,-0.16131406560514913,-0.22939718835103678,-0.19443558477882633,-0.14168649868740868,-0.10120464191957605,-0.16192742707131944,-0.20547609117004834,-0.17848818665816363,-0.18584852425231904,-0.17848818665816363,-0.11653867857405727,-0.10917834097991298,-0.1036580877842908,-0.07421673740769133,-0.023307735714818145,-0.06624303834736556,-0.024534458647169948,-0.16376751146986387,-0.16560759586839716,-0.09691111165632799,-0.07237665300915805,-0.1527270050786307,-0.22142348929071104,-0.21835668195981478,-0.1846218013199561,-0.18216835545524135,-0.19382222331264484
2016-12-23,0.0,0.011312714863028737,0.11312714863021879,0.14078045162872585,0.10055746544908337,0.01508361981737165,-0.06096296342849993,-0.03833753370245389,-0.16969072294532817,-0.16969072294532817,-0.13323864172002858,-0.10118594960813099,-0.14580832490116402,-0.1690622387862691,-0.15837800808229943,-0.1483222615373888,-0.09427262385851565,-0.06096296342849993,-0.11815502190266837,-0.09678656049474045,-0.056563574315109395,0.06913325749624481,0.07981748820021449,0.07290416245058771,0.11249866447117114,0.15397861896890888,0.1659198179909967,0.2080282566477935,0.3142420795283855,0.36703474888916343,0.332468120141041,0.3161275320055627,0.24448033787309303,0.2576785052132761,0.33309660430008864,0.33435357261820675,0.3230408577551894,0.33686750925443154,0.3205269211189532,0.28030393493932215,0.29098816564329183,0.3192699528008465,0.33309660430008864,0.3946880518876591,0.3481802241174603,0.35572203402613467,0.4242268073633204,0.48581825495089087,0.5103291371541027,0.6121435709213041,0.7422397918460488,0.6272271907386644,0.6002023718992163,0.6253417382614872,0.5756914896960046,0.592660561990542,0.6259702224205462,0.6272271907386644,0.6171714441937537,0.44496678461220074,0.4399389113397397,0.4883321915871156,0.4355395222263491,0.3525796132308508,0.30230088050630916,0.35006567659462606,0.349437192435567,0.31235662705121975,0.38400382118368936,0.3645208122529272,0.30921420625593593,0.2966445230748005,0.3425238666859402,0.34440931916311734,0.33938144589065633
2016-12-30,0.0,0.19282066446123733,0.3154127163072003,0.3529911844609909,0.4669586698454309,0.4774313576915732,0.46757471030697073,0.5002248547684545,0.49283236923001095,0.5273306350761028,0.5673732650760412,0.5790780338452629,0.5014569356915339,0.41890751384550934,0.47681531723003345,0.47804739815310177,0.47681531723003345,0.5556684963068307,0.5408835252299327,0.55751661769145,0.5402674847683929,0.5525882939991431,0.535955201537637,0.49837673338384636,0.5211702304607276,0.5883186407683256,0.6178885829221218,0.6505387273836056,0.6628595366143558,0.6875011550758564,0.7275437850757948,0.7207673399988911,0.738016472921937,0.7306239873834824,0.694893640614311,0.7213833804604197,0.7349362706142494,0.667171819845123,0.6443783227682304,0.6992059238450781,0.7065984093835216,0.7534174844603748,0.7324721087681016,0.7207673399988911,0.6942776001527713,0.636985837229787,0.6326735539990199,0.7417127156911644,0.7903799121526257,0.7312400278450222,0.6727161839989583,0.6911973978450837,0.6844209527681688,0.6813407504604813,0.716455056768124,0.7540335249219146,0.7731307792295797,0.7953082358449213,0.8002365595372282,0.7928440739987734,0.6856530336912483,0.5969432072298486,0.638833958614395,0.7374004324603972,0.8532160392294565,0.9154361258447364,0.9222125709216513,0.9597910390754419,0.9012671952293781,0.8402791895371665,0.8760095363063378,0.8365829467679392,0.8174856924602741,0.8236460970756492,0.694893640614311
2017-01-06,0.0,0.061578213386625016,0.18171610028798188,0.1515307015690502,0.15515294941531324,0.13885283410708574,0.0736523728741977,0.07063383300230452,0.10746001943939239,0.1533418254921817,0.23122015418701228,0.14307878992774056,0.07667091274609085,0.10504518754189103,0.11289339120880888,0.016903823282597347,-0.061578213386625016,-0.14307878992774056,-0.19801621559618743,-0.17145306472351876,-0.02595944289827685,-0.09417844400305805,-0.15937890523594608,-0.2728760044191468,-0.26804634062410015,-0.1756790205441736,-0.11832676297820341,-0.14247508195334876,-0.19318655180116276,-0.19741250762181756,-0.23303127811014376,-0.24570914557210827,-0.17930126839045857,-0.14247508195334876,-0.1346268782864309,-0.12376013474761989,-0.11832676297820341,-0.15937890523594608,-0.15636036536405293,-0.11711934702944174,-0.1636048610566009,-0.23242757013577395,-0.2716685884703851,-0.21914599469943957,-0.12436384272198973,-0.16601969295412425,-0.1956013836986641,-0.19680879964742576,-0.23786094190516846,-0.29460949149676885,-0.23303127811014376,-0.2837427479579578,-0.2608018449315741,-0.24691656152084798,-0.14247508195334876,-0.22578678241759578,-0.21854228672506976,-0.20163846344245043,-0.21069408305812992,-0.1992236315449491,-0.16179373713346942,-0.12074159487572673,-0.1799049763648284,-0.3278134300875936,-0.3115133147793661,-0.4189733342187586,-0.4225955820650435,-0.37912860790977754,-0.46606255622030957,-0.5185851499912331,-0.5264333536581729,-0.588011567044776,-0.49866278683674253,-0.4564032286302382,-0.4364808654757477
2017-01-13,0.0,-0.14530142632624618,-0.14292915814131923,-0.28229991400526966,-0.29238205379117677,-0.33567594816593155,-0.27103164012692066,-0.4495448210420145,-0.487501112000716,-0.4916525813243274,-0.4287874744239793,-0.5705304984728566,-0.6339886724194256,-0.5527384870859694,-0.6766894997479378,-0.5823918393974482,-0.5070723245262877,-0.47386056993744,-0.45666162559677376,-0.4293805414702218,-0.5011416540639919,-0.498769385879065,-0.4412418823948133,-0.4394626812561074,-0.45784775968923713,-0.4465794858108666,-0.3807490436793923,-0.34990955727545,-0.3582124959226727,-0.3718530379859486,-0.387272781187909,-0.4394626812561074,-0.39913412211250054,-0.3546540936452823,-0.38549358004922457,-0.38193517777185576,-0.40803012780594416,-0.4222637369154626,-0.450730955134478,-0.448358686949551,-0.4329389437475907,-0.4768259051685879,-0.47089523470629213,-0.4364973460249595,-0.4554754915043102,-0.474453636983661,-0.4780120392610298,-0.5082584586187512,-0.47326750289119757,-0.46318536310529046,-0.4791981733534933,-0.46022002787414257,-0.46022002787414257,-0.4673368324289017,-0.4584408267354581,-0.524864335913175,-0.5817987723512057,-0.6067075882928522,-0.6108590576164635,-0.6482222815289225,-0.6832132372564761,-0.6440708122053111,-0.6256857337722029,-0.5432494143462833,-0.5319811404679342,-0.5823918393974482,-0.5847641075823535,-0.5491800848085789,-0.5106307268036565,-0.4495448210420145,-0.3516887584141344,-0.3908311834652994,-0.42760134033151587,-0.41573999940692435,-0.4050647925747963
2017-01-20,0.0,0.14646954802833045,0.15480521336326236,0.0976463653522203,0.05834965734460994,0.08573827201658474,0.131584431358786,0.12027174268992355,0.08216584401588108,0.0648991086792225,0.11134067268819686,0.14944657136223932,0.10955445868785588,0.0958601513518793,0.050013992009678036,0.022029972670930126,0.024411591338065905,0.05299101534358693,0.057158848011063704,0.08871529535049362,0.0702577506802455,0.06549451334599561,0.11372229135533266,0.08692908135015262,0.11134067268819686,0.11491310068887886,0.08931070001726674,0.0976463653522203,0.11729471935601465,0.11312688668853788,0.11491310068887886,0.1303936220252181,0.13694307335980901,0.16433168803178377,0.17266735336671568,0.1679041160324658,0.1684995206992389,0.12265336135705932,0.11789012402278777,0.09228772335117563,0.08871529535049362,0.06847153667990451,0.04703696867576915,-0.005954046667817783,-0.15004197602901245,-0.332235804064228,-0.3441438973998635,-0.2780539793870948,-0.3048471893922748,-0.4483397140866747,-0.46024780742231025,-0.47930075675933154,-0.42452352741540356,-0.47989616142610464,-0.45429376075449246,-0.4477443094199016,-0.5311009627693505,-0.5596803867748715,-0.5060939667645115,-0.5477722934392361,-0.5662298381094624,-0.5703976707769393,-0.5692068614433714,-0.6233886861205262,-0.5930230481146425,-0.6745934874637505,-0.6198162581198225,-0.6210070674533904,-0.6370829934565028,-0.5483676981060092,-0.5840919781129158,-0.6239840907872993,-0.6495864914589115,-0.6132668067852316,-0.6478002774585704
2017-01-27,0.0,0.27351757539156096,0.38385375230110275,0.3437842985813133,0.3286856638463318,0.4413447076381671,0.39140306966859345,0.3298470972874891,0.41869675553569485,0.39895238703608416,0.44018327419703085,0.43263395682951905,0.4320532401089509,0.44657115812336434,0.4779298610345057,0.526129348842354,0.5644566524003968,0.565037369120986,0.608010406443637,0.6370462424724638,0.5766517035325168,0.5946539218703809,0.6387883926341892,0.5940732051498129,0.6016225225173035,0.5603916353563568,0.6138175736494024,0.6265933415020903,0.637626959193053,0.6440148431193864,0.6701470955453305,0.6573713276926425,0.6637592116189971,0.6579520444132317,0.6579520444132317,0.6678242286630159,0.5685216694444368,0.38501518574226,0.3943066532714761,0.4547011922114443,0.4965127960929379,0.4216003391385776,0.3159098959936438,0.3321699641697826,0.34843003234592135,0.30836057862615307,0.3879187693451427,0.466315526622975,0.47038054366699383,0.5017392465781353,0.4384411240352844,0.4488940250056789,0.41463173849165486,0.4059209876830068,0.4320532401089509,0.4361182571529909,0.5307750826069619,0.5406472668567673,0.5615530687975142,0.6236897578992078,0.5911696215469301,0.5632952189592396,0.48199487807852454,0.350752899228236,0.3832730355805135,0.261322524259441,0.2915197937294251,0.3281049471257426,0.30836057862615307,0.34029999825786256,0.35017218250766785,0.37514300149245466,0.2897776435676997,0.30197269469979854,0.34204214841958797
2017-02-03,0.0,0.05333730973491513,0.1376446702836627,0.05792546541103305,0.09807182757710134,0.1267478005528644,0.11527741136255919,0.16230600704281478,0.2798774962434434,0.19270253839711945,0.11642445028159387,0.03039653135430468,0.04645507622072782,-0.04473451784218621,-0.0940571913605112,-0.017205583785457838,0.011470389190305227,0.0338376481113879,0.05677842649199835,-0.001720558378541611,0.022367258921082673,0.06996937406086606,0.04071988162557521,0.0389993232470336,0.0338376481113879,0.038425803787526684,0.047602115139762514,0.008602791892728919,-0.029249492435290847,-0.11871852811966327,-0.06882233514183135,-0.10495406109128866,-0.08545439946778229,-0.020073181083034145,-0.036131725949457294,-0.017205583785457838,0.009176311352235835,-0.01949966162352723,-0.020073181083034145,0.009749830811763616,0.034984687030422595,0.022367258921082673,-0.0011470389190346955,0.025234856218658983,0.07111641297987989,-0.014337986487881533,-0.029249492435290847,-0.08889551622486551,-0.0940571913605112,-0.012043908649833008,-0.037278764868491986,-0.060219543249102434,-0.009749830811763616,0.06710177676328974,0.0338376481113879,-0.009749830811763616,0.030970050813811593,0.10667461946983026,0.09921886649613605,0.20187884974937614,0.19557013569469575,0.19040846055907093,0.19384957731615415,0.14051226758123903,0.15198265677154427,0.020073181083034145,0.017205583785457838,0.050469712437338825,0.07513104919649088,0.14911505947396794,0.2081875638040357,0.21048164164210506,0.2512015232676803,0.2569367178628329,0.2167903556967646
2017-02-10,0.0,0.034078516902944375,-0.10564340239913998,-0.0698609596510525,-0.0028398764085786985,-0.02726281352237204,-0.16982460923301443,-0.2476372228280749,-0.15448927662668532,-0.1675527081061432,-0.12097873500546909,-0.05282170119958032,-0.01192748091604293,-0.01192748091604293,-0.0477099236641304,-0.07099691021446747,-0.0954198473282608,-0.10280352599056128,-0.17039258451472192,-0.15505725190841346,-0.09712377317340389,-0.09712377317340389,-0.10564340239913998,-0.11870683387859786,-0.11813885859689038,-0.10109960014541819,-0.12836241366776954,-0.12381861141404778,-0.09939567430025445,-0.09655579789167575,-0.0812204652853673,-0.05566157760815901,-0.11984278444203346,-0.1039394765539969,-0.08065249000363917,-0.08633224282079656,-0.057933478735009585,-0.08178844056707478,-0.10564340239913998,-0.13347419120319884,-0.14710559796438485,-0.12041075972374095,-0.09314794620138957,-0.077244638313353,-0.09030806979281088,-0.16698473282443574,-0.1448336968375136,-0.07610868774991739,-0.11529898218831168,-0.14880952380952792,-0.18402399127590793,-0.14540167211924176,-0.16187295528898582,-0.3635041802980734,-0.2856915667030336,-0.21980643402399538,-0.20674300254453754,-0.2027671755725232,-0.16868865866957883,-0.12438658669575527,-0.0698609596510525,-0.0448700472555517,-0.03578244274810813,0.005679752817157397,-0.039758269720101776,-0.08178844056707478,-0.13915394402035622,-0.1999272991639445,-0.2828516902944549,-0.17664031261360744,-0.10109960014541819,-0.12949836423120517,-0.1675527081061432,-0.13517811704836258,-0.13006633951291266
2017-02-17,0.0,-0.01639594511314795,-0.03731490956787381,-0.08537199007196433,-0.21993181548341365,-0.32056899583317255,-0.43986363096684783,-0.43929825354916086,-0.35109937638870004,-0.2634658766459468,-0.2736426701644559,-0.3635376795779982,-0.33131116676936867,-0.27873106692372085,-0.3233958829216485,-0.32056899583317255,-0.32565739259241683,-0.31774210874469666,-0.3239612603393354,-0.3290496570986003,-0.3171767313269891,-0.25555059279822656,-0.257246725051308,-0.17809388657398245,-0.1317329383229734,-0.13964822217071418,-0.20749351229413607,-0.1888360575101786,-0.1956205865225249,-0.18431303816862124,-0.14643275118303992,-0.12438303189294013,-0.08593736748967185,-0.03279189022631647,-0.035618777314792384,-0.009611416100822216,-0.007349906430033258,0.018657454783936905,0.05993000627570168,0.08876425457814775,0.05597236435183129,0.04918783533948499,-0.004523019341557346,-0.010742170936196125,0.013003680606985082,0.007349906430033258,-0.24537379927969685,-0.2606389895574709,-0.29795389912536524,-0.32226512808625396,-0.31491522165622077,-0.39124117304507033,-0.33357267644015764,-0.3086960700615614,-0.2476353089504858,-0.23632776059658214,-0.2289778541665489,-0.24480842186200988,-0.22954323158423584,-0.23180474125502482,-0.210320399382612,-0.2204971929011212,-0.1916629445986545,-0.14699812860074743,-0.19675134135791936,-0.16848247047316026,-0.18487841558632878,-0.17809388657398245,-0.24367766702661542,-0.2091896445472175,-0.23689313801426912,-0.2866463507714616,-0.27873106692372085,-0.2849502185183596,-0.33413805385784456
2017-03-03,0.0,-0.03888682243937498,0.10200746176130357,0.06706567927953119,0.052976250859463336,0.09693526753007095,-0.03719609102897094,-0.06706567927951068,-0.07101071923713378,-0.07890079915237999,-0.10426177030850212,-0.05861202222746997,-0.02310666260890308,-0.01916162265127998,0.03381462820816285,0.0118351198728693,0.01747089124089644,0.04508617094421714,0.09637169039327644,0.09073591902524929,0.0039450399576231,0.0016907314104040421,-0.008453657052040712,-0.0636842164587026,-0.06875641068993524,0.014089428420067857,0.028742433976950726,-0.034941782481772383,-0.03381462820816285,-0.011271542736054284,0.016907314104081424,0.014653005556882872,-0.045649748081011646,-0.050721942312244285,-0.03381462820816285,-0.07664649060516093,-0.07890079915237999,-0.04226828526020356,-0.009017234188835226,-0.03099674252414928,-0.032687473934553325,-0.050721942312244285,-0.1273684329174052,-0.11553331304455643,-0.12624127864379567,-0.12962274146462427,-0.11609689018135094,-0.13074989573823378,-0.11384258163415237,-0.06481137073231213,-0.05466698226986738,-0.02310666260890308,-0.04846763376502522,-0.005072194231212126,-0.002817885684013571,-0.004508617094417613,0.0039450399576231,0.01070796559925977,0.0636842164587026,0.034941782481772383,0.12567770150700117,0.15667444403115044,0.1820354151872726,0.18710760941850524,0.13187705001184333,0.13187705001184333,0.14202143847428808,0.1499115183895343,0.158365175441575,0.2102142720274083,0.21190500343783283,0.19161622651292284,0.21641362053225047,0.32631116220877976,0.33025620216640283
2017-03-10,0.0,0.09828339122373178,0.010610138825277914,0.003350570155346643,-0.10442610317522771,-0.10163396137909872,-0.08879010911690952,-0.08208896880619591,-0.14128237488414236,-0.1155946703597436,-0.07650468521393795,-0.12285423902967486,-0.08097211208774026,-0.058634977718708466,-0.05807654935949079,-0.16585322269006514,-0.19824206752515716,-0.1535677987870936,-0.1574767973016782,-0.13960708980644873,-0.1574767973016782,-0.15077565699096462,-0.13681494801031974,-0.14798351519483563,-0.16473636597160948,-0.19377464065135488,-0.21443648994271336,-0.24124105118554745,-0.28870746171974004,-0.2401241944670918,-0.23007248400103159,-0.20103420932128616,-0.2071769212727821,-0.19265778393289923,-0.1915409272144639,-0.18763192869987927,-0.1870735003406413,-0.17869707495225434,-0.18148921674838334,-0.17758021823381903,-0.1820476451076213,-0.17925550331149234,-0.15691836894246056,-0.16082736745704518,-0.1423992316025777,-0.14128237488414236,-0.1692037928454321,-0.15635994058322256,-0.24850061985547872,-0.2512927616516077,-0.29652545874890923,-0.2546433318069747,-0.2133196332242577,-0.22895562728257587,-0.27474675273909516,-0.2797726079721354,-0.28870746171974004,-0.3523682946714888,-0.547818220400517,-0.46628767995353876,-0.5148709472061869,-0.4746641053419256,-0.5539609323519926,-0.49867652478865104,-0.403185275361028,-0.39089985145805645,-0.36130314841909333,-0.3663290036521336,-0.332264873739348,-0.1893072137775526,-0.218345488457298,-0.25631861688464797,-0.2730714676614218,-0.23398148251561618,-0.25240961837006337
2017-03-17,0.0,-0.03435151964579369,0.05179991057699648,0.09214931460540168,0.09596615012160538,0.08833247908919796,0.09433036347178962,0.12213873651839963,0.14176817631599037,0.04580202619440482,0.004907359949407601,0.015267342064794997,0.0010905244332038932,-0.03326099521258981,-0.005997884382591658,-0.05507148387658833,-0.020174702014202597,-0.073610399240995,-0.07415566145758702,-0.04471150176120093,-0.06652199042519945,-0.052890435010200375,-0.09214931460538184,-0.1483113229151939,-0.17121233601237645,-0.18157231812778368,-0.13631555414999075,-0.08451564357299426,-0.10141877228758518,-0.11232401661958444,-0.14558501183219408,-0.16848602492937664,-0.16303340276337702,-0.23282696648818813,-0.21755962442337332,-0.1957491357593748,-0.19847544684237461,-0.16194287833019297,-0.1412229140993785,-0.21919541107318904,-0.236643802004372,-0.19956597127557849,-0.18757020251037534,-0.19084177580998704,-0.17230286044558035,-0.20392806900837424,-0.22028593550637313,-0.1499471095649898,-0.14940184734837794,-0.11232401661958444,-0.09760193677138146,-0.12050294986858387,-0.06488620377538369,-0.02508206196359036,-0.07088408815799518,-0.028898897479794065,-0.04689255062758888,-0.05398095944338443,-0.12104821208519576,-0.11668611435238017,-0.11886716321878796,-0.17557443374519205,-0.16521445162978482,-0.1483113229151939,-0.15158289621478574,-0.12377452316819555,-0.13522502971678685,-0.13958712744958257,-0.1673955004961926,-0.15703551838078536,-0.05670727052638424,-0.12759135868437943,-0.1793912692613759,-0.19738492240919053,-0.19738492240919053
2017-03-24,0.0,0.06050871325470867,0.042906178489698514,0.10671536701283783,0.2777900017602535,0.2568869917268127,0.2568869917268127,0.2623877838408771,0.3300475268438655,0.4081587748635844,0.3377486358035437,0.339398873437779,0.3625022003168336,0.35425101214573695,0.3685530716423165,0.3228964970955857,0.35480109135715543,0.3652525963738658,0.34820014082027406,0.3080443583876078,0.3080443583876078,0.29814293258229585,0.31409522971307063,0.3091445168104247,0.30419380390775874,0.2827407146628994,0.2695388135891568,0.2959426157366621,0.29814293258229585,0.3019934870621249,0.2777900017602535,0.26073754620664175,0.27063897201197373,0.2959426157366621,0.3025435662735434,0.3080443583876078,0.29429237810244674,0.29539253652526365,0.2838408730857163,0.287141348354167,0.2948424573138452,0.3195960218271351,0.2909919028339961,0.2574370709382111,0.2392844569618025,0.2343337440591365,0.22553247667664142,0.23048318957928743,0.2403846153846194,0.19582819926068554,0.20903010033444816,0.20792994191163125,0.2354339024819534,0.27944023939446877,0.33444816053511306,0.34875022003167255,0.35150061608870475,0.3454497447632419,0.3509505368773063,0.37845449744762844,0.38725576483012353,0.3509505368773063,0.35755148741418763,0.36690283400810114,0.40210790353810144,0.41200932934341344,0.39110631930997264,0.29264214046823145,0.2651381798979093,0.26458810068649086,0.24258493223023314,0.19527812004928707,0.12431790177784799,0.1050651293786225,0.09681394120752589
2017-03-31,0.0,0.08793969849245437,0.04915883766659384,0.11251911732575129,0.18188769936639324,0.1857111645182434,0.12125846624426878,0.09121695433690587,0.08793969849245437,0.09941009394800483,0.09558662879615469,0.11197290801835263,0.06827616342582478,0.08138518680359108,0.04752020974437802,0.050797465588809654,0.05243609351102548,0.07100720996285777,0.019663535066629587,-0.004915883766667332,0.0,-0.008739348918497623,-0.0005462093073986498,-0.0005462093073986498,0.02020974437404811,0.06062923312212446,0.04533537251474368,0.020755953681446757,0.043696744592527856,0.05352851212584265,-0.014747651299982126,-0.012016604762949135,-0.02020974437404811,0.019663535066629587,0.04752020974437802,0.032772558444395895,0.03604981428882753,0.06554511688879179,0.08575486126283989,0.08575486126283989,0.056259558662875644,0.0469740004369595,0.05462093074065982,0.06882237273322342,0.06336027965915744,0.07428446580728941,0.05462093074065982,0.04533537251474368,0.04041948874809622,0.06226786104436015,0.08793969849245437,0.13382128031461654,0.11197290801835263,0.06882237273322342,0.037142232903644705,0.05025125628141101,0.08739348918505571,0.16550142014419528,0.2228533974218881,0.3020537469958448,0.25125628140703515,0.2376010487218702,0.2599956303255328,0.2938606073847459,0.32827179375135757,0.3184400262180428,0.303146165610662,0.3047847935328778,0.3146165610661926,0.2534411186366695,0.14529167577014718,0.12890539654794922,0.17096351321826125,0.1671400480664111,0.14146821061831688
2017-04-07,0.0,0.14759987410599368,0.1665925049652203,0.13023518303469683,0.12263813069099828,0.12969253643870707,0.2322527430785387,0.2127174656233421,0.21977187137105086,0.19426748136008548,0.196980714339975,0.2371365624423477,0.2707806513929619,0.2707806513929619,0.2914012220401381,0.3396967690821596,0.3375261826982599,0.315277672263154,0.3060526801315257,0.27946299692862026,0.3049673869395857,0.3272158973746718,0.32070413822293303,0.28977328225218857,0.2848894628883993,0.26535418543318295,0.22736892371472966,0.21217481902735233,0.23442332946245822,0.2669821252211324,0.2555865467055846,0.22791157031071943,0.19209689497616597,0.19860865412790474,0.21922922477506115,0.27946299692862026,0.30551003353555567,0.2968276879999171,0.2300821566946192,0.2089189394514928,0.26264095245329344,0.26264095245329344,0.2615556592613534,0.2550439001096146,0.2599277194734039,0.26372624564525315,0.2566718398975444,0.2648115388372129,0.29357180842403785,0.26535418543318295,0.2620983058573234,0.25178802053373533,0.2485321409578758,0.2680674184130724,0.2680674184130724,0.3038820937476259,0.32341737120282255,0.32830119056663154,0.354890873769537,0.3570614601534565,0.26915271160503224,0.24419096819005653,0.14054546835826515,0.1041881464277614,0.16062339240945153,0.023333803627045898,-0.12372342388295803,-0.07814110982082599,-0.17907337667270812,-0.17961602326869788,-0.17256161752096935,-0.275664470756771,-0.23659391584637773,-0.1736469107129291,-0.20132188710781398
2017-04-21,0.0,-0.11943521866460419,-0.0959844679679027,-0.20942065738452043,-0.17997087743983248,-0.17669867966818725,-0.19142356964054114,-0.14288596936132553,-0.0921669039009932,-0.1150722883024304,-0.10798252646389553,-0.14997573119986038,-0.15052109749512468,-0.18269770891619358,-0.2268723788332354,-0.18978747075472846,-0.18160697632564515,-0.17724404596347137,-0.18215234262090946,-0.17833477855401977,-0.1483396323140477,-0.15488402785729846,-0.1417952367707771,-0.11725375348352722,-0.10689179387334712,-0.1107093579402566,-0.1177991197787915,-0.1352508412275065,-0.1417952367707771,-0.13306937604640967,-0.12216205014096528,-0.1243435153220621,-0.18924210445946418,-0.2699563161597487,-0.21487432033724263,-0.24596019916776313,-0.3021329275807978,-0.2994060961044367,-0.27213778134082567,-0.260685089140117,-0.2279631114237838,-0.2857719387226312,-0.2994060961044367,-0.49192039833554607,-0.6358971002874001,-0.6255351406772399,-0.6069926866379765,-0.6898883635193578,-0.8131411462508715,-0.7138844805113236,-0.7204288760545942,-0.6915244624051705,-0.6293527047441295,-0.6877068983382609,-0.6593478509841015,-0.7007956894248022,-0.863860211711184,-0.8485899554435657,-0.7580591504283852,-0.7826006337156352,-0.8180494429083295,-0.7722386741054551,-0.6920698287004348,-0.7509693885898503,-0.6555302869172119,-0.6075380529332408,-0.6555302869172119,-0.5649994819020115,-0.5535467897013029,-0.5720892437405465,-0.5911770640750742,-0.5524560571107545,-0.5829965696459908,-0.5175526142133245,-0.558455086358741
2017-04-28,0.0,0.0032231378321096764,-0.0789668768868825,-0.008057844580293735,0.017727258076642306,-0.015578499521909036,-0.03921484362411181,-0.05049582603651522,-0.02148758554744996,-0.05425615350732288,0.0,-0.10528916918251653,-0.18640480462413228,-0.13376022003288382,-0.08219001471901173,-0.04834706748176241,-0.016652878799285443,-0.08111563544163532,-0.08165282508031375,-0.05909086025548738,-0.03545451615330415,-0.1326858407555074,-0.15095028847084768,-0.1402064956971227,-0.11871891014967274,-0.12838832364602132,-0.13107427183945256,-0.14289244389055394,-0.13214865111682897,-0.17190068437959968,-0.17942133932121496,-0.17190068437959968,-0.15309904702558097,-0.27074357789787734,-0.24066095813145516,-0.24173533740881203,-0.2411981477701336,-0.22669402752560097,-0.1799585289598934,-0.19177670101099478,-0.14718996100004003,-0.17673539112778375,-0.15363623666427895,-0.12086766870440602,-0.10045446243433247,-0.13644616822631506,-0.12033047906572758,-0.10475197954381855,-0.06983465302921237,-0.06714870483578113,-0.052107394952570066,-0.049421446759138815,-0.06714870483578113,-0.002685948193431245,-0.026322292295634018,-0.02471072337957918,0.0075206549415957604,0.02793386121166931,0.01074379277372498,-0.032768567959872916,-0.07574373905477283,-0.10743792773724979,-0.09132223857666233,-0.06231399808761661,-0.06983465302921237,-0.06070242917156177,-0.045661119288331165,-0.046198308927029134,0.006446275664219353,-0.061776808448918634,-0.0972313246022228,-0.11012387593068104,-0.10099165207303044,-0.03599170579198259,-0.04028922290146868
2017-05-05,0.0,-0.060575196333320494,0.03806052158995708,-0.03806052158995708,-0.05038998633038385,-0.07236859738936986,-0.02412286579645662,-0.08255380739232601,-0.10774880055749844,-0.12811922056341074,-0.1195422016135478,-0.043957222117991517,-0.13240773003833245,-0.15063389530675464,-0.09113082634216944,-0.10774880055749844,-0.06593583317697753,-0.0627194510707911,-0.07076040633627664,-0.09434720844835585,-0.12115039266664099,-0.11739794687609668,-0.09166689002652735,-0.07076040633627664,-0.07504891581119837,-0.09113082634216944,-0.11418156476989075,-0.10506848213566991,-0.06915221528318344,-0.13294379372269036,-0.13723230319761207,-0.330215229569265,-0.390790425902605,-0.4776327427698333,-0.3913264895869629,-0.38542978905894804,-0.35058564957517735,-0.3811412795840068,-0.4315312659143906,-0.43099520223003274,-0.36130692326249136,-0.2814334342919939,-0.3066284274571858,-0.27928917955452326,-0.3323594843067356,-0.3355758664129221,-0.3811412795840068,-0.5028277359350252,-0.5918143075397435,-0.543032512262453,-0.5607226138465171,-0.5510734675279384,-0.5585783591090661,-0.48781795277278944,-0.465303278029426,-0.47977699750730385,-0.4454689217078911,-0.41276903696159106,-0.35380203168136376,-0.35594628641883436,-0.3634511779999425,-0.47012785118872513,-0.5210539012034668,-0.44332466697044,-0.434747648020577,-0.45565413171084723,-0.4787048701385686,-0.45672625907958253,-0.4015116995899191,-0.380069152215291,-0.465303278029426,-0.49210646224771115,-0.47334423329491154,-0.49746709909136816,-0.5564341043715954
2017-05-12,0.0,-0.06846406963168164,-0.12631355482432477,-0.1671797049145526,-0.23352085765842268,-0.2611187771998765,-0.3555885787071436,-0.34338180660227535,-0.39008597813395607,-0.3295828468315388,-0.23405158688036592,-0.2154760641120823,-0.21229168878038424,-0.1815093939072324,-0.17460991402187379,-0.20963804267062947,-0.23935887909987552,-0.22131408555355445,-0.22078335633159188,-0.20167710434136504,-0.22662137777306404,-0.22502919010721503,-0.22184481477549767,-0.1947776244560064,-0.1687718925804016,-0.1958390828999122,-0.25262710964864954,-0.30516930262180236,-0.312068782507161,-0.31366097017301003,-0.24042033754378128,-0.2786328415242543,-0.312068782507161,-0.36142660014859646,-0.29826982273644376,-0.30516930262180236,-0.3152531578388783,-0.3035771149559533,-0.2823479460779149,-0.33276722216325616,-0.335420868273011,-0.3709797261437292,-0.4203375437851647,-0.46598025687293954,-0.4420974418851463,-0.43413650355588196,-0.36354951703640803,-0.35452712026323785,-0.37151045536567245,-0.373633372253484,-0.3439125358242186,-0.3067614902876514,-0.2966776350705947,-0.30941513639740614,-0.26961044475108414,-0.2637724233096313,-0.3906167073558993,-0.37151045536567245,-0.4293599405583349,-0.4123766054559002,-0.3746948306973705,-0.3439125358242186,-0.30782294873155713,-0.3672646215900686,-0.4309521282241839,-0.42670629444858005,-0.5137458868485261,-0.45589640165588297,-0.40547712557054166,-0.3746948306973705,-0.2669567986413293,-0.2834094045218207,-0.2483812758730457,-0.23299012843647943,-0.20326929200721405
2017-05-19,0.0,0.1711361007379001,0.11620352519239607,0.12465469066094549,0.24561199642938258,0.26145793168289116,0.22078669786554866,0.22712507196695594,0.3137495180194771,0.3338210360072507,0.28152944967066484,0.2783602626199708,0.28681142808850096,0.3438567950011472,0.3354056295325977,0.30318556118380474,0.22606867628338487,0.1727206942632471,0.15423376980082043,0.11461893166704905,0.12623928418629252,0.10194218346423452,0.0,-0.052291586336566706,-0.17060790289610495,-0.16162853958577955,-0.2625143273664622,-0.4098815252240802,-0.35177976262788224,-0.36287191730534973,-0.400373964071979,-0.4267838561611599,-0.3195596942790892,-0.47590625544703263,-0.7231028454017622,-0.689826381369398,-0.7965223454096929,-0.7621894856937577,-0.7304976151867405,-0.7595484964848396,-0.7495127374909432,-0.6533807302863399,-0.5699254712845129,-0.6359502015074651,-0.5561923273981464,-0.5524949425056572,-0.656021719495258,-0.633309212298547,-0.6613036979130942,-0.6238016511464457,-0.6655292806473593,-0.6903545792111933,-0.7378923849717189,-0.771168849004083,-0.6776778310083786,-0.6380629928746073,-0.6158786835196914,-0.5551359317145754,-0.4093533273823043,-0.4336504281043431,-0.40459954680624405,-0.5234440612075582,-0.5281978417836185,-0.5176338849479462,-0.4141071079583454,-0.4230864712686707,-0.3855844245020415,-0.3692102914067378,-0.3813588417677764,-0.41833269069262974,-0.41093792090765136,-0.5028443453780086,-0.5112955108465388,-0.4241428669522418,-0.4088251295405092
2017-05-26,0.0,0.07266140836764183,0.2806415265214102,0.18060045702972413,0.184812712587265,0.32539674182032235,0.3754172765661654,0.36751929739576916,0.40016427796674425,0.422805151588543,0.45860932382766895,0.43491538631648013,0.4675603668874552,0.4780910057813169,0.4533440043807381,0.44123376965280103,0.4849359210623232,0.4817767293941723,0.49599309190088947,0.5170543696886128,0.509682922462902,0.544434030812638,0.6239403544613051,0.5296911363612353,0.4565031960489081,0.45229094049134805,0.5865565863880847,0.5749728836048521,0.6371036530786323,0.6902833794926262,0.6286791419635315,0.6276260780741606,0.6265730141847706,0.6197280989037643,0.6091974600099026,0.6497404197512548,0.7318794031233875,0.7334589989574629,0.7176630406166703,0.6908099114373307,0.7634713198049725,0.7676835753625133,0.7066058697781232,0.7924305767630921,0.7871652573161614,0.8008550878781738,0.8224428976106017,0.814018386495501,0.8371857920620044,0.8698307726329794,0.7913775128737023,0.7929571087077776,0.8914185823653883,0.9440717768346967,0.9114267962637217,0.8666715809648093,0.8240224934446773,0.8435041753983251,0.9077410726508661,0.8935247101441681,0.8377123240066897,0.894577774033539,0.9751371615715962,0.9540758837838729,0.9782963532397472,0.987773928244219,0.8893124545866082,0.883520603194992,0.9751371615715962,1.015153589368263,1.0293699518749801,0.9961984393593198,0.9998841629721559,0.9087941365402563,0.864038921241344
2017-06-02,0.0,0.019164331553298736,0.02434388062175684,0.04247230236136019,0.04454412198873212,-0.0828727850953296,-0.14658123863736044,-0.098929387207561,-0.12534508745668976,-0.13622214050044426,-0.09064210869801674,-0.16263784074959187,-0.15331465242637105,-0.11032439515815376,-0.0766573262131761,-0.08080096546795766,-0.07821119093372862,-0.0621545888214972,-0.08908824397748309,-0.09478574795277946,-0.1294887267114525,-0.12223735801562247,-0.10721666571708645,-0.04558003180242751,-0.034185023851834764,-0.06319049863519259,-0.06319049863519259,-0.046097986709284625,-0.07717528112003323,-0.10825257553078182,-0.09530370285963657,-0.06681618298311702,-0.029005474783376662,-0.023825925714918567,-0.059046859380429875,-0.06111867900780181,-0.012948872671145249,-0.010877053043773316,0.008287278509525424,0.0103590981369162,-0.017610466832765077,-0.0020718196273907773,0.01398478248484064,-0.0036256843479244385,0.0020718196273719343,-0.0569750397530391,-0.04506207689558924,-0.023825925714918567,-0.047133896522980015,-0.058528904473572764,-0.03936457292029286,-0.06319049863519259,-0.06578027316942164,-0.05542117503250543,-0.0310772944107486,0.003107729441067323,0.022790015901204334,0.010877053043754472,0.025379790435433383,-0.016056602112231415,-0.012948872671145249,0.01191296285744986,0.025379790435433383,0.020200241366975284,0.04920571615035195,-0.0103590981369162,-0.02848751987651955,-0.019682286460137012,-0.01709251192590796,-0.010877053043773316,0.0103590981369162,-0.00776932360268715,-0.008805233416382539,-0.012430917764306977,-0.1559044269606001
2017-06-09,0.0,-0.07741868440196122,-0.022342304894519757,0.11690740933180922,0.06442897225398242,-0.08365374623297592,-0.15275901486023827,-0.08988880806400952,-0.08833004260625585,-0.07637950743011913,-0.07637950743011913,-0.05299802556375728,0.008833004260629364,0.042606255845374245,0.0779382728878728,0.03689078250025223,0.014028889119820883,0.08053621531746856,0.06390938376805193,0.037929959472094314,0.048841317676407855,0.0259794242959576,0.01558765457757456,0.04000831341577849,0.01247012366206721,0.011950535176136716,0.01818559700717032,0.01818559700717032,0.05923308739479089,0.045204198274970006,0.05351761404966888,0.06027226436661408,0.045204198274970006,0.010391769718383041,0.029096955211464954,0.06131144133845616,0.06702691468357817,0.045204198274970006,0.03169489764106072,-0.022342304894519757,-0.003637119401437845,0.10287852021198833,0.10859399355711034,0.1111919359867061,0.12781876753610386,0.12366205964875439,0.14184765665592472,0.15275901486023827,0.18029720461394955,0.10339810869791882,0.08833004260625585,0.05975267588070248,0.06442897225398242,0.0519588485919152,0.07637950743011913,0.08053621531746856,0.12002494024731655,0.15483736880390353,0.12522082510650806,0.17873843915619586,0.19588485919152407,0.24108905746649412,0.25667671204406867,0.2795386054245,0.2868128442273757,0.24576535383975512,0.26187259690326015,0.2577158890158918,0.26602930479060966,0.3263015691572237,0.463992517925799,0.43333679725658036,0.44476774394678653,0.43541515120024565,0.4374935051439298
2017-06-16,0.0,0.015633305193383986,0.027618839174974583,0.02866105952120397,0.020323296751406764,-0.0187599662320532,-0.0036477712117933886,0.0005211101731241743,0.01875996623207216,0.06565988181222411,0.07712430562069053,0.06565988181222411,0.12558755172019606,0.13079865345132408,0.13861530604801606,0.15529083158761048,0.13340420431688804,0.05732211904240794,0.015633305193383986,0.009901093289150774,-0.06461766146597576,-0.1313197636244293,-0.13653086535555728,-0.13392531448999326,-0.05992766990797195,-0.09379983116030391,-0.10422203462255991,-0.13288309414376387,-0.15529083158761048,-0.18551522162814904,-0.20219074716776245,-0.1453897382984597,-0.1370519755286625,-0.14174196708668527,-0.11255979739235712,-0.14903750951025307,-0.1188131194697145,-0.08702539890984132,-0.07556097510135594,-0.05315323765750934,-0.04116770367589979,-0.07399764458202132,-0.07139209371645733,-0.08337762769804793,-0.060448780081077166,-0.08441984804427731,-0.08077207683248393,-0.06774432250466395,-0.058885449561742555,-0.029182169694309187,-0.049505466445715955,-0.04168881384902397,-0.029182169694309187,-0.04220992402212918,-0.03699882229100118,-0.010422203462255992,-0.06722321233153976,-0.051589907138155776,-0.06565988181220515,-0.09588427185274374,-0.1375730857017677,-0.1479952891640237,-0.2204296032267104,-0.30432834109786355,-0.248048442401685,-0.2318940270351958,-0.2032329675139918,-0.18707855214748367,-0.14174196708668527,-0.1401786365673317,-0.04637880540702778,-0.08129318700558914,-0.09640538202586792,-0.10474314479566513,-0.19854297595596904
2017-06-23,0.0,-0.10493451982066114,-0.11116825367139818,-0.10285660853709473,-0.19428470501450806,-0.2555830878800479,-0.34025797268585617,-0.33714110576047823,-0.3418164061485357,-0.41194591196928476,-0.39999792208871643,-0.3906473213126015,-0.30493348086501937,-0.28051802328299597,-0.29194653534265846,-0.3174009485664934,-0.3740240310439946,-0.398439488626018,-0.38908888784992196,-0.3423358839694226,-0.33402423883511917,-0.38181619835741115,-0.3901278434917146,-0.34493327307389476,-0.33973849486495045,-0.3381800614022709,-0.35064752910374497,-0.48259489561092056,-0.5090882644765482,-0.5651918691331437,-0.6161006955807947,-0.6202565181479464,-0.589607326715186,-0.5314258107750053,-0.5205167765362108,-0.5241531212824756,-0.48259489561092056,-0.48986758510345024,-0.5012960971631316,-0.5433738006555735,-0.5205167765362108,-0.4810364621482411,-0.4763611617601836,-0.44259510340204516,-0.43791980301400657,-0.4374003251931008,-0.35324491820821713,-0.36934873065593715,-0.4072706115812273,-0.3901278434917146,-0.35480335167089666,-0.39584209952154586,-0.38233567617829806,-0.398439488626018,-0.49142601856612983,-0.49558184113328146,-0.44207562558115826,-0.3002581804769808,-0.3236346824172304,-0.3335047610142134,-0.3511670069246318,-0.3807772427156185,-0.38753045438724243,-0.3231152045963247,-0.39532262170065896,-0.41714069017822913,-0.48623124035718546,-0.4483093594318953,-0.4670105609840875,-0.5158414761481721,-0.519477820894437,-0.5724645586256544,-0.6135033064763225,-0.5922047158196582,-0.5527244014316696
2017-06-30,0.0,-0.13158311931260477,-0.09194964964013577,-0.13633913567330874,-0.04227570098396694,-0.02272318927889761,0.01796717291817441,-0.029064544426477268,-0.06182821268905549,-0.0708117991481523,0.0475601636069628,0.07451092298423403,0.0871936332794318,0.20133802593613484,0.18389929928025234,0.2060940422968388,0.18654153059175027,0.2536542059038016,0.19393977826393294,0.18601308432943914,0.13898136698478747,0.14003825950939047,0.18759842311635327,0.2520688671168875,0.277434287707283,0.24097149560860384,0.231987909149507,0.22617500026421927,0.22617500026421927,0.20926471987062867,0.157476986165273,0.17015969646045154,0.22194743016582644,0.21877675259201734,0.24942663580538954,0.2599955610513813,0.3308073601995336,0.353530549478412,0.30438504708455427,0.27796273396957494,0.2436137269201018,0.2520688671168875,0.271621378821976,0.2695075937727892,0.2737351638711821,0.2769058414449719,0.30966950970755014,0.36621325977360975,0.36674170603590167,0.2996290307238503,0.311254848494445,0.3228806662650398,0.29011699800246155,0.31072640223215314,0.31865309616664694,0.26739380872358315,0.25629643721529954,0.1416235982962854,0.18178551423104627,0.18601308432943914,0.270564486297373,0.37202616865889754,0.395277804200087,0.4206432247904633,0.4312121500364551,0.4993817178731094,0.38893644905248814,0.38100975511799434,0.4111311920690746,0.45552067810222835,0.5051946267583972,0.511007535643685,0.5897460287263311,0.6526311339399896,0.6082416479068167
2017-07-07,0.0,0.049723671057190215,0.06888800261048897,0.03004138459705321,0.050759580870885605,0.07354959677210879,0.008287278509525424,0.013466827577983523,0.03159524931758687,-0.1046268911828574,-0.10825257553078182,-0.058528904473572764,-0.06474436335572625,-0.050759580870885605,-0.019164331553298736,-0.04247230236136019,-0.004143639254762712,0.00776932360268715,-0.017610466832765077,-0.0207181962738324,-0.010877053043773316,-0.038846618013435745,-0.02330797080806145,-0.019164331553298736,-0.02175410608752779,0.006733413788991761,-0.0010359098136953886,-0.0015538647205336615,0.0020718196273719343,0.012430917764288132,0.01450273739167891,0.046097986709265786,0.039882527827131135,0.07354959677210879,0.06474436335572625,0.052313445591419275,0.07354959677210879,0.051795490684580996,0.04195434745450307,0.034702978758673036,0.0466159416161229,0.04558003180242751,0.010877053043754472,-0.004143639254762712,0.03004138459705321,0.03781070819974036,0.01709251192590796,0.01709251192590796,0.01709251192590796,0.034702978758673036,0.005697503975296373,0.006215458882153488,0.052313445591419275,0.07406755167894706,0.15435056224004762,0.1864637664644916,0.20873582745885763,0.2154692412478494,0.23359766298745277,0.2325617531737574,0.2372233473353772,0.2315258433600808,0.18749967627818698,0.1657455701906592,0.12793486199091883,0.1305246365251479,0.1584942014948103,0.20666400783146688,0.20459218820409494,0.12845281689775712,0.0621545888214972,0.04402616708189385,0.0828727850953296,0.12379122273613728,0.0828727850953296
2017-07-14,0.0,-0.0901407309501892,-0.007089720411818843,0.034435784857366335,0.002025634403363653,0.05367931168942236,-0.021269161235438105,-0.08558305354258873,-0.12407010720670078,-0.12305729000502819,-0.07748051592909727,-0.02430761284051122,-0.0572241718953502,-0.0911535481518618,-0.15040335445057565,-0.13926236523201108,-0.13875595663117476,-0.151922580253103,-0.22585823597629084,-0.23497359079147334,-0.2825759992707863,-0.26738374124547604,-0.1853455479087967,-0.13115982761851963,-0.17825582749697788,-0.20661470914423485,-0.1671148382784133,-0.10330735457211743,-0.10786503197971788,-0.1058393975763358,-0.09773685996284434,-0.06988438691644212,-0.08153178473584301,-0.004557677407600459,-0.001012817201691038,0.010128172016873533,-0.052666494487749745,-0.06178184930293225,-0.03190374185316637,0.01924352683205603,0.02582683864302014,0.021269161235419682,0.0015192258025273455,-0.002025634403382076,0.005570494609273074,0.014685849424455569,-0.017724301029528683,-0.0025320430042183833,-0.00810253761350988,-0.016205075227001337,-0.05519853749196813,-0.04962804288269505,-0.035448602059057366,-0.03848705366413049,-0.058236989097022816,-0.08153178473584301,-0.07140361271896947,-0.05165367728605871,-0.009621763416037226,0.030890924651456906,0.02886529024807483,0.017724301029528683,-0.04152550526918518,-0.042031913870039905,-0.012660215021091915,-0.08710227934511608,-0.08710227934511608,-0.0663395267105327,-0.001012817201691038,0.08102537613498827,0.12356369860584607,0.11039707498391783,0.11140989218560886,0.11849961259740929,0.06532670950882324
2017-07-21,0.0,-0.027323372108897896,0.014673662799236237,0.07336831399614438,0.09259587214685439,0.1366168605445447,0.23629656990482728,0.2529941861936013,0.2545121513107592,0.2631139536413453,0.3111828490181296,0.33142238391361767,0.2833534885368334,0.2798115699301193,0.24338040711825545,0.23680255827720711,0.2595720350346312,0.2762696513234237,0.2621019768965672,0.2853774420263896,0.2960031978465135,0.29954511645322757,0.2843654652816115,0.2975211629636714,0.2615959885241874,0.2727277327167095,0.25147622107644335,0.25046424433166525,0.2752576745786456,0.2782936048129614,0.19126360476235887,0.10170366284983877,0.06021261631408447,0.07083837213420835,0.04351500002531047,0.02074552326788635,0.03794912792904019,0.05161081398349835,0.035925174439502425,0.01011976744774405,0.010625755820142298,0.05363476747305451,0.05616470933499053,-0.09461982563641055,-0.1700120931220927,-0.38353918626949585,-0.4407158723492461,-0.3445780815956776,-0.35368587229864357,-0.30612296529425753,-0.27272773271669115,-0.2742456978338675,-0.2565361048003154,-0.1937935466242949,-0.24439238386301515,-0.2631139536413453,-0.23832052339436502,-0.09006593028491837,-0.1437006977579545,-0.1988534303481669,-0.15888034892957056,-0.03997308141857796,-0.032889244205168165,0.02074552326788635,0.1032216279669967,0.18215581405939293,0.2008773838377231,0.16039831404674687,0.14471267450275097,0.19581750011385107,0.24034447688392122,0.28588343039876946,0.32282058158303156,0.38050325603518,0.3127008141352875
2017-07-28,0.0,0.019559558856726007,-0.061186312321002904,-0.006519852952235921,0.07021380102411845,0.026079411808961932,-0.04262980776464334,-0.06369394807186428,0.03310079191138107,0.06369394807188251,0.10933291873757046,0.1113390273382486,0.14694745500049106,0.20612765872081584,0.22919790762873316,0.16249479665582428,0.15747952515410152,0.1399260748980719,0.038116063413103814,0.056171040819298405,0.11434819023929321,0.1690146496080602,0.12488026039290367,0.11936346174101595,0.15547341655340513,0.1795467197616889,0.17202381250910478,0.16349785095617247,0.12136957034169411,0.11836040744066777,0.08475808837912172,0.1113390273382486,0.09779779428359354,0.05266035076808884,0.09177946848154085,0.12287415179220729,0.11585277168980639,0.10782833728703904,0.1243787332427387,0.1344092762461842,-0.012036651604123642,-0.016550395955681415,0.020562613157074205,0.01905803170656103,-0.0055167986518877225,-0.024073303208265534,-0.02156566745740416,0.03711300911275562,-0.026580938959126908,-0.023070248907917333,-0.02708246610929188,-0.09579168568289716,-0.20261696866958798,-0.24875746648544092,-0.13992607489805367,-0.13390774909598271,-0.03310079191136283,0.026079411808961932,-0.02357177605808231,0.039119117713452015,0.07522907252584118,0.10933291873757046,0.006018325802070944,0.057174095119646606,0.06269089377153432,0.008525961552932318,0.017051923105864637,0.09880084858394174,0.10682528298670908,0.23421317913045592,0.33351555486456264,0.4207812789945457,0.39570492148593195,0.5035332587729711,0.33301402771439764
2017-08-04,0.0,-0.07400999134882846,0.02950398303771737,0.10051356933187072,0.05100688592960414,0.04950668340226659,0.20852815130042918,0.163022007971087,0.16902281808043723,0.1995269361363857,0.13051761987869454,0.08301120651289015,0.07951073394909042,0.10651437944122094,0.11201512204148288,0.02950398303771737,-0.01050141769138106,-0.05150695343871059,-0.10151370435008364,-0.04000540072909843,-0.08451140904020953,-0.0675091137303536,-0.07851059893085931,-0.047506413365804384,0.01950263285544276,0.010001350182274608,-0.04150560325643598,-0.04150560325643598,0.02650357798302407,0.028503848019486272,0.00450060758203085,-0.03550479314706758,-0.02200297040099322,-0.024503307946561872,-0.019502632855424567,-0.007000945127581309,-0.005500742600243757,0.0015002025273375527,0.01600216029164301,0.04000540072909843,0.057007696038972544,0.0805108689673215,0.08151100398553442,0.11101498702325177,0.09451275922250232,0.09651302925894632,0.036004860656192225,0.027003645492148717,0.03750506318352978,0.06900931625769115,0.05650762852984789,0.0675091137303536,0.09301255669516476,0.1240167422602015,0.21852950148270378,0.1925259910087862,0.19802673360904813,0.2740369949943206,0.31354232821431255,0.3985538047636467,0.41605616758262726,0.3750506318352978,0.37255029428972913,0.49206642896791797,0.5785781080445896,0.4665629860031068,0.4560615683117258,0.36754961919859186,0.385552049526697,0.4950668340225931,0.526071019587648,0.6165832387372259,0.6745910697944295,0.7000945127592225,0.698594310231885
2017-08-11,0.0,0.09219580534837558,0.0468704932217981,0.01751205241253151,0.27092175202933033,0.16790967901437298,0.2091145082203559,0.15142774733197606,0.09013556388808767,0.03193374263464053,0.1066174955704846,0.11691870287198033,0.24104825085499645,0.22044583625200498,0.22714162099797347,0.39350611891712584,0.3677531006633865,0.3780543079648822,0.3759940665045943,0.3121265812353133,0.297704891013223,0.31830730561621445,0.33736453912398534,0.4120482920598294,0.438316370678636,0.3275783921875569,0.4043223865837076,0.347150686060395,0.3904157567266846,0.3950513000123652,0.4120482920598294,0.4707651736783438,0.45634348345625353,0.4903374675512008,0.5233013309159759,0.5032139766780703,0.40226214512340097,0.38629527380609,0.3759940665045943,0.37084346285384645,0.30131031356875027,0.33427417693352535,0.3955663603774325,0.41410853352011734,0.3832049116156301,0.29152416663232184,0.23074704355350073,0.19520787836333292,0.2534096996167988,0.28328320079113267,0.2534096996167988,0.22662656063290615,0.14627714368122818,0.1447319625860076,0.08189459804687985,0.07056327001524954,0.005665664015815159,-0.13288557418929126,-0.09271086571346161,-0.09168074498330829,-0.20190366310932018,-0.2122048704108159,-0.11691870287198033,-0.09786146936420947,-0.08498496023733981,-0.12412954798303485,-0.07159339074540286,-0.04738555358688413,-0.22559643990275285,-0.21632535333141042,-0.09271086571346161,-0.054596398697938635,0.07416869257075805,0.0391445877456763,0.024722897523586015
2017-08-18,0.0,-0.039149290991090886,0.06457090851777086,-0.17642602563516283,-0.15608873161381884,-0.04880950565121818,-0.047792640950147285,-0.034573399836281084,0.02593004987722469,0.04575891154802398,0.07067209672417776,0.061520314414576664,0.06609620556936796,0.08439977018858866,0.08287447313697306,0.02135415872241489,0.02186259107294109,0.05186009975443088,0.05897815266190867,0.11592257592165706,0.08643349959071196,0.06812993497150976,0.07372269082737197,0.05796128796083778,0.07931544668325266,0.09863587600352575,0.11236354946793664,0.12558279058180283,0.032031238083613085,0.041183020393232676,0.03711556158894908,0.049826370352289075,0.01932042932027309,-0.02186259107294109,-0.11083825241632105,-0.06762150262096507,-0.13066711408713885,-0.11083825241632105,-0.11388884651951525,-0.09914430835405195,-0.1799850520888832,-0.2943823309589432,-0.3396328101564409,-0.296416060361085,-0.23591261064757918,-0.29895822211375295,-0.2521824458646581,-0.36607129238419184,-0.4448783067168998,-0.45047106257276204,-0.5094492152346707,-0.5109745122862678,-0.425049445046082,-0.32692200139310096,-0.30658470737175697,-0.27862092809240896,-0.30912686912442494,-0.3121774632276192,-0.27760406339133803,-0.24150536650345988,-0.212524722523041,-0.32692200139310096,-0.24252223120453079,-0.17083326977928212,-0.13880203169566901,-0.14541165225260214,-0.037623993939475284,-0.02694691457827709,-0.007118052907459299,-0.08033231138430506,-0.07931544668323416,-0.025930049877206193,0.05440226150709887,0.035081832186825784,-0.031522805733086884
2017-09-01,0.0,0.05196613624210625,0.1574119855100286,0.1861699444012868,0.18818804677962783,0.2361179782650521,0.30725608710130603,0.3223918549388084,0.3491317114517256,0.4278377042067491,0.4545775607196664,0.4924169803134223,0.422792448260915,0.40513405245049555,0.402106898882984,0.4571001886925834,0.49191245471882794,0.4929215059079984,0.45609113750341296,0.4454961000171686,0.44297347204425147,0.45760471428715943,0.4732450077192563,0.4338920113417354,0.4031159500721545,0.42178339707174445,0.4338920113417354,0.4273331786121547,0.42329697385549103,0.42026982028799786,0.459118291070906,0.43792821609841737,0.4248105506392376,0.42682865301757866,0.43994631847674004,0.4540730351250719,0.46618164939508117,0.48333551961092464,0.5009939154213441,0.5004893898267496,0.4868671987729938,0.4823264684217541,0.4873717243675882,0.46668617498965725,0.47122690534091527,0.49544413388091546,0.49544413388091546,0.5065436969617542,0.4929215059079984,0.48938982674591086,0.5136070552859293,0.5892858944734414,0.5827270617438424,0.6276298396617734,0.6286388908509439,0.6064397646892663,0.5595188843930127,0.5827270617438424,0.5680958195009344,0.5060391713671781,0.47425405890840844,0.5105799017184178,0.5625460379605058,0.5458966933392568,0.4671907005842517,0.4722359565300858,0.5252111439613443,0.5287428231234318,0.5796999081763492,0.6140076486080176,0.6841367062551194,0.6644602080663589,0.6230891093105153,0.5918085224463584,0.5817180105546902
2017-09-08,0.0,0.01205890776443655,0.04873808554790516,0.0035171814312955165,0.0733583555669555,0.04421599513623688,0.04974299452827791,-0.03316199635217309,-0.04471844962641412,0.02813745145034585,-0.013566271234986547,0.0025122724509227578,0.0462258130969824,0.05677735739085067,0.06180190229269619,0.037181632273664125,-0.05275772146937791,-0.038688995744214125,-0.14420443868296995,-0.21907015772045715,-0.15475598297683824,-0.18389834340753858,-0.1497314380749927,-0.10551544293875582,-0.0984810800761648,-0.07888535495897825,-0.09194917170376929,-0.08843199027247375,-0.10300317048783307,-0.09446144415469203,-0.0999884435467148,-0.05225526697918239,-0.07687553699823273,-0.08491480884117825,-0.07737799148840997,-0.07335835556693722,-0.05426508493992791,-0.04069881370494136,-0.06783135617491447,-0.1622928003296065,-0.1416921662320472,-0.11305226029152411,-0.11104244233077858,-0.14872652909461995,-0.23364133793581646,-0.20449897750511614,-0.3265954186199585,-0.3597574149721316,-0.3406641443451223,-0.248714972641353,-0.29092114981684436,-0.26981806122910784,-0.2361536103867392,-0.27082297020946233,-0.27986715103279886,-0.26077388040577126,-0.24017324630821196,-0.24720760917080303,-0.20500143199529336,-0.21856770323027994,-0.2693156067389123,-0.27484260613095335,-0.37885068559914087,-0.37784577661878643,-0.29494078573833543,-0.24117815528858474,-0.1849032523879113,-0.1497314380749927,-0.1577707099179382,-0.1607854368590565,-0.13013571295778786,-0.14571180215351995,-0.2019867050541934,-0.2256020660928527,-0.28237942348372164
2017-09-15,0.0,0.15364343783408227,0.18994107848743616,0.16706859259626852,0.033811500882576,-0.0606618104069847,-0.10889292196007982,-0.031822589065964524,0.009447331128963305,0.021878029982852872,0.04574497178231722,0.009447331128963305,0.016905750441297045,0.033811500882576,0.046739427690632,0.05668398677374366,0.04276160405737287,0.0432588320115393,0.042264376103224525,-0.03033090520348331,0.003977823633241043,-0.013922382716352696,-0.05022002336970661,-0.10541232628098714,-0.11983193695148818,-0.08303706834398591,-0.057678442682040344,-0.10690401014345026,-0.11585411331824713,-0.0770703328941153,-0.05320339109465096,0.0,0.0009944559083147832,-0.006961191358185392,-0.0059667354498706094,-0.011436242945574783,-0.004475051587407479,0.023369713845316,0.028839221341020172,0.009944559083111653,0.015414066578815826,0.03778932451581704,0.03331427292842765,0.0537006190487993,0.057181214727892005,0.015911294532982262,0.019889118166223307,0.05568953086542887,0.0606618104069847,0.07060636949009635,0.04624219973646557,-0.019391890212074957,-0.06911468562763322,-0.03033090520348331,-0.04176714814907617,-0.031822589065964524,0.080550928573208,0.09347885538124592,0.10690401014345026,0.09148994356463444,0.1178430251348767,0.07607587698580053,0.08253984038981949,0.1645824528254906,0.30728687566814644,0.3490540238172226,0.4514829823732654,0.4733610123561183,0.49921686597221215,0.2799393381895894,0.23369713845312381,0.24065832981130922,0.25358625661934714,0.20933296869949305,0.22076921164508592
2017-09-22,0.0,-0.02388059701492175,-0.0054726368159131586,-0.242288557213934,-0.2159203980099575,-0.2000000000000036,-0.12686567164179105,-0.16019900497512798,-0.21094527363184806,-0.2532338308457784,-0.25870646766169153,-0.3283582089552239,-0.37960199004974765,-0.37960199004974765,-0.36965174129352873,-0.2865671641790973,-0.28706467661691903,-0.2796019900497549,-0.3378109452736391,-0.3283582089552239,-0.28358208955223885,-0.314427860696521,-0.3865671641791081,-0.43034825870646765,-0.44228855721393756,-0.43532338308457713,-0.4830845771144206,-0.49452736318408685,-0.45373134328358566,-0.41741293532339035,-0.3800995024875694,-0.38507462686567884,-0.3805970149253731,-0.3447761194029815,-0.341791044776123,-0.38407960199005337,-0.4592039800994989,-0.4636815920398046,-0.5746268656716418,-0.5711442786069615,-0.47512437810945274,-0.47462686567164897,-0.47960199004975845,-0.5248756218905473,-0.5457711442786106,-0.494029850746265,-0.41442786069651383,-0.3960199004975052,-0.3980099502487562,-0.42835820895521665,-0.44179104477611575,-0.4442786069651705,-0.443283582089545,-0.43034825870646765,-0.48756218905472637,-0.539303482587072,-0.6462686567164252,-0.6572139303482515,-0.6910447761194103,-0.802487562189051,-0.7263681592039801,-0.6676616915422923,-0.6656716417910411,-0.7487562189054726,-0.8467661691542325,-0.8606965174129353,-0.8452736318408033,-0.7427860696517377,-0.7462686567164178,-0.7407960199005048,-0.8169154228855757,-0.8656716417910447,-0.9258706467661619,-0.9656716417910376,-0.9487562189054763
2017-09-29,0.0,0.09237710272743234,0.11534378572596249,0.11483341499265068,0.18424383472155287,0.21129348358648464,0.15464233219011775,0.12248897599216073,0.20516903478687293,0.16536011758942437,0.04899559039687543,-0.00867630246609653,0.10207414666013392,0.09799118079373229,0.07502449779520215,0.1275926833251674,0.09033561979422224,0.0928874734607256,0.07859709292831055,0.1571941858566211,0.20312755185368137,0.17505716152214454,0.1311652784582758,0.1566838151233093,0.18424383472155287,0.15566307365670423,0.15260084925690767,0.17199493712232938,0.1878164298546613,0.19240976645435617,0.20414829332026785,0.251612771517245,0.27304834231585823,0.27151723011595996,0.30060836191410184,0.3164298546464152,0.3296994937122438,0.3506246937775638,0.3531765474440671,0.34552098644455703,0.3256165278458421,0.3148987424465169,0.310305405846822,0.30060836191410184,0.30520169851381534,0.3414380205781554,0.3700187816429855,0.36797729870979395,0.36287359137678726,0.37461211824269897,0.4373877184386776,0.427690674505976,0.5287440796995049,0.5460966846317165,0.46954107463661604,0.44300179650499616,0.46698922097011275,0.5037359137677646,0.5006736893679681,0.49046627470195464,0.4649477380369212,0.3118365180467203,0.2322186836518047,0.059713375796182064,0.02551853666503348,0.11891638085907087,0.11585415645925573,0.0882941368610307,0.12248897599216073,-0.03317409766454353,-0.11942675159234556,-0.2184386738526829,-0.19496162012084095,-0.16842234198922099,-0.15106973705699078
2017-10-06,0.0,0.25283493058395373,0.22608792195929042,0.2149853900773755,0.20842480305622055,0.21851801385797476,0.2644421230059674,0.3547763596816565,0.4153356244921817,0.407765716390866,0.40221445044990856,0.4481385595978828,0.45823177039963703,0.43855000933622734,0.4496525412181606,0.4758948893027069,0.4279521379943745,0.4562131282392972,0.4632783758005141,0.47084828390182976,0.492548687125616,0.5011279163070923,0.5571452362568392,0.5374634751934112,0.57379903407973,0.5773316578603477,0.5632011627378953,0.5626965021977967,0.569761749759032,0.5611825205775373,0.5425100805942883,0.547052025455085,0.5228283195308786,0.4986046136066538,0.4819508157837631,0.4824554763238618,0.4885114028048997,0.5117257876489453,0.5278749249317557,0.5177817141300014,0.536454154113232,0.47135294444192855,0.46882964174148994,0.45823177039963703,0.45015720175824103,0.4763995498428056,0.4849787790243003,0.48346479740402254,0.48598810010446103,0.4829601368639421,0.508697824408408,0.531407548712355,0.5309028881722746,0.5566405757167405,0.5198003562903414,0.4350173855556097,0.4062517347706066,0.4340080644754306,0.4854834395643807,0.45823177039963703,0.4824554763238618,0.515258411429563,0.46983896282166904,0.46983896282166904,0.505669861167889,0.5208096773705204,0.5409960989740288,0.5243423011511381,0.5016325768471911,0.5122304481890257,0.6353676199704342,0.6737218210170929,0.7554768285113056,0.7620374155324421,0.7711213052540172
2017-10-13,0.0,0.05829031540988106,0.19216044656310152,0.18672660360115234,0.24551090473485673,0.21488378985847306,0.14276187418184333,0.14029194556278043,0.1635092745819574,0.2099439326203473,0.22377553288709598,0.2153777755822785,0.21685973275373058,0.2124138612394102,0.21883567564897013,0.23563119025860513,0.2736680909921775,0.3230666633734357,0.34628399239261265,0.386790821745248,0.3665374070689393,0.38876676464050547,0.40753822214538005,0.3719712500308705,0.29984933435424077,0.3097290488304924,0.36060957838318475,0.37641712154519097,0.3877787931928767,0.3996344505643859,0.41149010793587704,0.37295922147849925,0.36307950700224767,0.353199792525996,0.34134413515448686,0.34134413515448686,0.38926075036431085,0.3393681922592473,0.3393681922592473,0.3640674784498764,0.3660434213451159,0.36258552127844224,0.36209153555461887,0.3551757354212535,0.3477659495640648,0.3408501494306815,0.3571516783164931,0.45496085163138067,0.47076839479338684,0.4796601378220098,0.4524909230123177,0.4613826660409586,0.4470570800503866,0.4519969372885123,0.4529849087361411,0.4149480080025687,0.45545483735520403,0.482624052164896,0.5458542248129029,0.5068293526317017,0.48213006644107265,0.46829846617432397,0.482624052164896,0.5384444389557143,0.5562279250129599,0.6155062118704697,0.6204460691085956,0.5903129399560353,0.5201669671746451,0.5483241534319658,0.45051498011707825,0.38926075036431085,0.4208758366883233,0.41692395089782625,0.3877787931928767
2017-10-27,0.0,-0.14826835122696033,-0.13619438125733846,-0.13619438125733846,-0.12943295807434316,-0.1342625460621919,-0.11301235891566792,-0.04105149789671443,-0.07582453140922898,-0.06326760264082926,-0.13184775206826754,-0.10673389453146806,-0.08693258378127762,-0.09272808936669964,-0.05892097345175834,-0.07147790222015808,-0.08596666618370435,-0.06326760264082926,-0.08306891339100213,-0.0772734078055801,-0.11446123531201903,-0.12122265849501433,-0.1231544936901433,-0.14730243362938705,-0.24679194617908198,-0.24968969897178422,-0.23809868780094015,-0.17724587915405288,-0.25983183374625957,-0.260314792545055,-0.23278614101431358,-0.1613082387941555,-0.07534157261045114,-0.11397827651324119,-0.11832490570229454,-0.16806966197713322,-0.16324007398928445,-0.13522846365976518,-0.1057679769338948,-0.08693258378127762,-0.03235823951859018,-0.015454681561119534,0.02076722834774614,-0.019318351951395026,-0.09707471855577054,-0.10625093573267265,-0.0801711605982999,-0.10721685333024591,-0.13474550486098733,-0.13619438125733846,-0.1192908232998678,-0.11784194690351668,-0.0811370781958556,-0.09224513056792179,-0.12218857609257003,-0.0854837073849265,-0.046364044683358606,-0.05940393225053619,-0.05264250906755848,-0.015937640359897382,-0.046364044683358606,-0.06278464384203383,-0.062301685043255985,-0.055057303061482855,-0.0043466291890709085,-0.02076722834774614,-0.10914868852539245,-0.1487513100257382,-0.20718932467871867,-0.25934887494748177,-0.31875280719801796,-0.34386666473483496,-0.39457733860724686,-0.32213351878951557,-0.3617361402898789
2017-11-03,0.0,-0.010533825550258748,-0.034474338164514846,-0.00239405126142561,-0.21115532125773182,-0.32319692029245733,-0.36964151476410023,-0.24227798765626474,-0.21354937251915743,-0.2633456387568171,-0.22168914680800797,-0.20732483923945433,-0.14651593719924036,-0.11108397853013437,-0.12353304508955798,-0.12975757836926108,-0.07756726087017582,-0.03734719967823603,-0.05075388674221596,-0.04309292270566098,-0.011012635802554321,0.004309292270573066,-0.032080286903089235,-0.06272414304934401,-0.00957620504570244,-0.011970256307128049,-0.034474338164514846,-0.07373677885189833,-0.05841485077877095,-0.07230034809504646,-0.08953751717730388,-0.09336799919559878,-0.05554198926506718,-0.045965784219364744,-0.036389579173662305,-0.03686838942594046,-0.032080286903089235,-0.024419322866534254,0.00239405126142561,-0.01580073832540554,-0.015321928073109968,-0.012927876811684356,-0.004309292270555647,-0.03112266639853293,-0.011970256307128049,-0.011012635802554321,-0.015321928073109968,-0.008139774288833139,-0.00478810252285122,0.0,0.048359835480807765,0.04261411245338283,0.011970256307128049,0.02777099463255101,0.04357173295795655,0.07230034809506386,0.09193156843874689,0.10055015297987561,0.0732579685996376,0.07660964036561951,0.08810108642046942,0.09336799919559878,-0.005266912775129374,-0.006703343531981256,0.008139774288850557,0.00239405126142561,-0.007182153784276829,0.057457230274214635,0.0641605738062133,0.01915241009140488,0.020110030595978604,0.03208028690310665,0.05985128153564025,0.08857989667274757,0.09719848121389368
2017-11-10,0.0,0.033068622254206634,-0.10698671905773878,-0.10212368637329612,-0.038417958207086496,0.05349335952886939,0.0019452130737841454,0.017020614395549354,-0.060787908555533406,0.021397343811554836,0.017993220932441427,0.055438572602653544,0.06127421182398828,0.0568974824079828,0.0836441621724175,0.14151425111729238,0.1400553413119454,0.1420005543857296,0.2207816838737044,0.22904883943726048,0.2742750434025738,0.2086241021625977,0.19646652045149102,0.23828860153769094,0.2407201178799123,0.22272689694747086,0.25628182247013237,0.2217542904105965,0.17750069298215754,0.17263766029771485,0.14589098053328017,0.1181716942319534,0.13130188247995214,0.11914430076884547,0.08510307197774677,0.08024003929330409,0.043280990891546856,0.05252075299197732,-0.0009726065368920727,0.0004863032684548822,0.06662354777686814,0.07100027719287362,0.006808245758226818,0.030150802643548105,0.0685687608506523,0.07829482621953764,0.10309629291018818,0.11525387462129487,0.14880880014395637,0.1633978981972844,0.17215135702927767,0.16388420146572158,0.1867404550826057,0.24801466690657628,0.267466797644347,0.4269742696940631,0.3282547061998804,0.3768850330443071,0.38807000821852167,0.26698049437590976,0.18819936488793496,0.14151425111729238,0.058842695481766946,-0.0841304654408547,-0.07100027719285594,0.022369950348446906,-0.10795932559463087,-0.09726065368885345,-0.2664941911074549,-0.23488447865857753,0.12789775960083874,0.33311773888432306,0.42211123700962044,0.5120773416718098,0.47317308019626847
2017-11-17,0.0,0.034877468670832884,-0.028580147938603327,-0.07847430450936958,-0.07605225807389532,0.023736055067637183,0.08961571811254765,0.13030609822850467,0.08089635094484383,0.05037856585785405,0.02325164578054938,-0.0402059708288692,-0.006297320732229553,0.034393059383727456,0.03148660366116539,0.0024220464354742606,-0.0024220464354742606,0.015016687899933368,0.060551160886856525,0.06345761660941858,0.05037856585785405,0.025189282928935835,0.05183179371915271,0.05183179371915271,0.03923715225467597,-0.02906455722569113,-0.06684848161908608,-0.06151997946104975,-0.12691523321885478,-0.13466578181236538,-0.0799275323706506,-0.09542862955768941,-0.12110232177371305,-0.12836846108013583,-0.11335177318020245,-0.09106894597382868,-0.0794431230835628,-0.0949442202706016,-0.056191477303013423,-0.07072375591585899,-0.08041194165775603,-0.05473824944171478,-0.06684848161908608,-0.05086297514495947,-0.07363021163842105,-0.13466578181236538,-0.13272814466399654,-0.09445981098349616,-0.09349099240930295,-0.10996090817053496,-0.11480500104148349,-0.11722704747695774,-0.09155335526093411,-0.07508343949970209,-0.03584628724502611,-0.052316203006240514,-0.05861352373848768,-0.07120816520294679,-0.06587966304491047,-0.09736626670607586,-0.10996090817053496,-0.14386955826717462,-0.183591119808956,-0.25964337788285136,-0.28483266081176956,-0.25625251287318385,-0.3187413109084092,-0.3792924717952657,-0.3478058681341003,-0.3105063530278108,-0.2959740744149652,-0.334242408095448,-0.4161075776144851,-0.4945818821238546,-0.5173491186172986
2017-11-24,0.0,-0.02122466305846342,-0.014953739882099627,0.10081714952775828,0.0723568058811612,0.11046472364524643,0.10901758752762672,0.09406384764550954,0.08489865223390632,0.1437488543505876,0.20163429905551655,0.17896249987941587,0.1871629378792843,0.16256162387967898,0.15243167105632344,0.16883254705604278,0.17172681929129976,0.17992725729116818,0.16931492576192772,0.17027968317368003,0.16159686646792665,0.11432375329223819,0.10708807270412206,0.11432375329223819,0.15098453493870373,0.16642065352667074,0.18957483140865636,0.18812769529101908,0.20356381387900366,0.16111448776205928,0.16304400258556392,0.17269157670305207,0.18619818046753198,0.19391623976151548,0.18378628693815996,0.21899993246698823,0.2421541103489563,0.21899993246698823,0.18957483140865636,0.17172681929129976,0.17462109152653918,0.17220919799716713,0.21996468987874057,0.20308143517313626,0.19391623976151548,0.17944487858528327,0.19632813329088752,0.20838760093774772,0.2170704176434836,0.23298891493735308,0.2609668798780652,0.2537311992899491,0.3333236857592264,0.3135461588183652,0.32898227740634967,0.2990747976421329,0.3111342652889931,0.2850858151717856,0.2522840631723294,0.26386115211330463,0.2522840631723294,0.23105940011384843,0.24408362517246096,0.2720615901131731,0.27543824105429743,0.22816512787860896,0.19150434623214346,0.14953739882106645,0.18137439340878792,0.20645808611426064,0.2238237195257323,0.2262356130551043,0.19632813329088752,0.19053958882039113,0.20838760093774772
2017-12-01,0.0,-0.007313826545289653,-0.07362585388924207,-0.0677747926530068,0.003413119054472052,0.028280129308467513,-0.08630315323440371,-0.13408681999697694,-0.20527473170445584,-0.17163112959611632,-0.09898045257958309,-0.09410456821605664,-0.09020386072523905,-0.07313826545289652,-0.047783666762555514,-0.02681736399939539,0.014627653090579305,-0.03559395585373943,-0.09605492196145658,-0.09556733352511103,-0.19015949017753095,-0.18528360581400455,-0.32229595642909026,-0.3920211028275148,-0.3720299769370634,-0.4700352526439377,-0.4875884363526435,-0.4714980179529921,-0.5168437425338022,-0.4910015554070978,-0.45004412675348643,-0.4242019396267998,-0.3413119054468504,-0.3895831606457515,-0.45345724580795843,-0.43346611991748946,-0.46223383766230247,-0.45248206893524956,-0.45443242268064954,-0.45930830704417597,-0.4563827764260672,-0.42273917431772773,-0.4354164736629071,-0.4139625824633837,-0.36764168100988254,-0.34911332042848564,-0.2613474018850098,-0.3349732557742519,-0.34765055511943127,-0.41493775933609256,-0.3764182728642266,-0.3944590450092779,-0.4027480484272764,-0.45345724580795843,-0.5870564773685721,-0.5548756405693048,-0.6304518482039645,-0.5417107527877798,-0.6826238108937008,-0.6675085693667583,-0.6694589231121759,-0.7538117226011798,-0.8215865152542042,-0.9244676753246049,-1.092685685866267,-1.0892725668117949,-1.0887849783754493,-1.2418877473901688,-1.1765508969189253,-1.3140508359703742,-1.258465754226166,-1.2877210604073244,-1.394990516404906,-1.414006465422666,-1.3238026046974272
2017-12-08,0.0,0.21578676344376058,0.1996027561854821,0.1824379000024557,0.16429219489468133,0.2099016698952908,0.31681420269242316,0.3099482602192233,0.34280669919816315,0.30259189328364056,0.318775900541919,0.38498320296216376,0.4153895196292427,0.4600181457051042,0.4507000809200435,0.466393663715939,0.4168607930163557,0.42470758441430345,0.43843946936073885,0.46982663495254784,0.5075893185552095,0.5066084696304616,0.5340722395233146,0.5708540742012282,0.5424094553836274,0.5433903043083753,0.5409381819965144,0.5728157720507063,0.5894902037713676,0.6159731247394549,0.5561413403300628,0.5321105416738187,0.5272062970500969,0.47718300188813056,0.4438341384468257,0.4560947500061303,0.5046467717809836,0.5335818150609317,0.5620264338785147,0.5791912900615411,0.581643412373402,0.5693828008140974,0.5281871459748448,0.5330913905985666,0.523282901351123,0.46443196586646096,0.42323631102719045,0.45952772124273916,0.37860768495132896,0.4065618793065469,0.4678649371030698,0.4551139010813824,0.5075893185552095,0.5223020524263751,0.5193595056521491,0.5203403545768792,0.5821338368357849,0.6095976067286201,0.6243103405997856,0.6571687795787253,0.640494347858064,0.6517741104926384,0.6816900026973345,0.6002795419435593,0.5581030381795409,0.6218582182879246,0.6429464701699249,0.6243103405997856,0.667958117750917,0.6704102400627779,0.6262720384492815,0.6257816139868986,0.6390230744709511,0.6748240602241168,0.697874009955613
2017-12-15,0.0,-0.0928267186238474,-0.08654157621702817,0.02272320716313197,0.041095161890764224,0.12666979312212384,0.2209469292244653,0.19628983208999617,0.21514525931047154,0.18323607478351464,0.09814491604499809,0.08605810372418508,0.09766144355217261,0.05801669913990243,0.00676861489964473,0.0053181974211506874,0.015471119770644167,0.04786377679040896,-0.05463239169007127,-0.05173155673308319,-0.02804140458428266,0.001933889971319528,0.012570284813638491,0.04786377679040896,-0.0062851424068192455,-0.03287612951260786,-0.0029008349570056745,0.001450417478494043,0.004351252435482129,0.012086812320813007,0.012570284813638491,0.001933889971319528,-0.02175626217746341,-0.036260436962439024,0.02369015214878294,0.011603339827969933,0.020789317191794852,0.03287612951260786,0.0246570971344515,0.07252087392487805,0.12570284813645527,0.10443005845181734,0.0783225438388718,0.05414891919724579,0.05028113925457156,0.004351252435482129,0.012086812320813007,0.01788848223480677,-0.14697563782109319,-0.11554992578697938,-0.03819432693377614,-0.09621102607367857,-0.07203740143205255,-0.07977296131736585,-0.07687212636037775,-0.0686530939822214,0.025140569627294572,0.06140100658973359,-0.0024173624641626013,-0.019822372206143885,-0.03529349197677046,-0.040128216905095666,-0.058983644125570986,-0.036260436962439024,-0.0029008349570056745,-0.03771085444093306,-0.03819432693377614,-0.012086812320813007,0.009669449856650405,-0.03819432693377614,-0.09621102607367857,-0.06043406160406503,-0.10346311346616638,-0.17453356991255037,-0.19725677707566475
2017-12-22,0.0,0.08325637700784932,0.12536305043709944,0.11722880670644471,0.0660309196958715,0.07225122372520698,0.05454728148790369,0.05885364581588509,0.06698788954653984,0.11531486700512546,0.13780365849573561,0.19617881938629525,0.22728033953290303,0.20144215356496237,0.2425918571435442,0.2631667089328351,0.2808706511701384,0.2851770154981372,0.2937897441541174,0.3602991487753144,0.3330255080313799,0.3382888422100297,0.2890048949007931,0.27465034714082026,0.2689085280368277,0.26986549788749603,0.21340427669827308,0.17081911834368008,0.17416851282101053,0.22967276415956517,0.24929064609820512,0.2861339853487881,0.23924246266621368,0.2449842817702063,0.2526400405755182,0.2449842817702063,0.3086227768394157,0.31675702057007044,0.3134076260927399,0.31819247534606426,0.3153215657940766,0.3009670180341038,0.3205848999727263,0.3086227768394157,0.31197217131674615,0.3134076260927399,0.3406812668366918,0.35838520907399507,0.3550358145966646,0.3507294502686658,0.3698688472819629,0.368911877431312,0.29570368385543666,0.2411564023675504,0.2732148923648265,0.2779997416181508,0.29139731952745523,0.286612470274131,0.2923542893781236,0.24737670639686846,0.151679721330383,0.1689051786423434,0.14737335700238416,0.17321154297034222,0.244027311919538,0.2411564023675504,0.2540754953515294,0.24450579684488086,0.26986549788749603,0.28852640997545026,0.3258482341513935,0.37800309101261764,0.418674309665874,0.4330288574258468,0.3382888422100297
2017-12-29,0.0,0.062439526603538485,0.1305987044989893,0.1406080942598533,0.12678560363770863,0.12583232842238412,0.19160831827953237,0.1653932498582038,0.1286921540683403,0.11629957626917373,0.14632774555178302,0.17540263961906777,0.20733735933232605,0.21734674909320736,0.24546836794516763,0.2635805970362639,0.26548714746691293,0.21877666191618544,0.18588866698760265,0.18874849263357618,0.22592622603109327,0.23116923971535203,0.25214129445242184,0.2740666244047988,0.2731133491894743,0.21734674909320736,0.2392720790455843,0.2502347440217728,0.316487371486592,0.32316029799382884,0.2959919543571931,0.27216007397416714,0.18970176784888335,0.14585110794412942,0.16777643789650637,0.18112229091099746,0.23641225339962815,0.23307579014600105,0.21972993713150996,0.19208495588718594,0.17969237808801938,0.18827185502590527,0.17873910287269487,0.18207556612632197,0.18112229091099746,0.19494478153315947,0.21115046019360675,0.22068321234681712,0.21401028583958023,0.22068321234681712,0.19589805674848398,0.21448692344723386,0.21067382258595316,0.20209434564806725,0.23164587732302294,0.18159892851866838,0.18302884134164646,0.22640286363874684,0.2607207713903077,0.2931321287112196,0.2735899867971452,0.2712067987588426,0.30552470651040353,0.3069546193333816,0.2874124774192899,0.3102910825870087,0.2611974089979613,0.2421319046915405,0.2840760141656801,0.32363693560149975,0.33602951340066634,0.3546183800994336,0.38893628785099443,0.3851231869896964,0.3460389031615477
2018-01-05,0.0,0.10976374660254379,0.1040617337920182,0.16298253283408698,0.21905232547088432,0.16773421017618875,0.20669796438142662,0.26942010529717336,0.26466842795507156,0.267994602094529,0.29032748560241073,0.2941288274760887,0.2774979567787325,0.22522950601561315,0.21192480945773168,0.24708722178929163,0.23663353163666428,0.236158363902461,0.23045635109193546,0.2323570220287658,0.22665500921825749,0.23093151882613872,0.2233288350787828,0.2181019900024605,0.20527246117879958,0.18579058407617197,0.176762397126189,0.12401877862884907,0.038488586471017355,0.04419059928154293,0.07792750841045852,0.1116644175393914,0.12069260448937438,0.05179328302889883,-0.023283218976305548,0.0879060308288826,0.05416912169994971,0.05321878623154319,0.062246973181526166,0.09360804363940817,0.14207515252883232,0.14397582346567991,0.13067112690779845,0.11499059167886609,0.08410468895520465,0.10976374660254379,0.11023891433676433,0.10168589512096733,0.12116777222359491,0.14445099119988317,0.14302548799725612,0.09028186949993348,0.11641609488149315,0.16060669416303608,0.17818790032881607,0.19576910649459606,0.21620131906563014,0.18959192594984994,0.1496778362762055,0.22665500921825749,0.25373957006822373,0.2133503126603587,0.20242145477352816,0.1862657518103925,0.20859863531825698,0.21002413852090132,0.22095299640773192,0.23520802843403718,0.2461368863208678,0.22903084788930836,0.2950791629445125,0.31218520137608924,0.30410734989451277,0.3402200976944792,0.35067378784710657
2018-01-12,0.0,-0.04026104135650939,0.008894881229934811,0.0032770615057663532,-0.027152795333461013,-0.03277061505762947,-0.00936303287360842,-0.015917155885124094,-0.021066823965618944,0.016853459172505376,-0.00421336479311357,-0.03230246341393883,-0.006554123011515675,-0.014512700954086237,-0.007490426298879924,-0.0669456850462968,-0.08145838600038303,-0.09550293531079566,-0.0898851155866272,-0.06320047189685683,-0.05571004559795988,-0.09082141887399145,-0.06273232025316619,-0.051496680804846304,-0.04119734464387364,-0.05196483244851992,-0.05617819724165052,-0.05805080381636198,-0.04119734464387364,-0.020598672321928305,-0.029961705195536727,-0.01778976245985259,-0.016853459172488344,-0.0224712788966568,-0.06554123011525893,-0.16619383350654945,-0.25888785895526945,-0.2228401823918736,-0.24858852279429672,-0.5205846277726145,-0.6067245302098189,-0.7293802608540926,-0.7733865153600419,-0.6432403584168882,-0.5566323043360103,-0.477982828197703,-0.5585049109107388,-0.5290113573588757,-0.5173075662668651,-0.4428714549216715,-0.4695560986114588,-0.44942557793320415,-0.3408143965993431,-0.344559609748783,-0.29821259702441455,-0.2785502279898505,-0.25139743265637243,-0.2715279533346442,-0.2963399904497031,-0.2879132608634589,-0.21488160444930304,-0.20411411664465673,-0.2237764856792378,-0.20130520678258104,-0.12593279215002304,-0.10112075503496412,-0.07818132449461668,-0.14372255460987562,-0.13342321844892,-0.07584056627621458,-0.010767487804646276,0.007490426298896955,0.0009363032873642483,-0.0650730784715683,-0.12171942735690947
2018-01-19,0.0,0.03654277586327199,0.06568448319726497,0.10870319402363716,0.07817378634040963,-0.1406203020561161,-0.08557485486967181,0.010639036010820696,0.1392326017068647,0.11425399542059221,0.22850799084118442,0.25117376321206036,0.358489256886463,0.37005342646344563,0.35478872262183186,0.31223257857853226,0.30298124291694617,0.31963364710779446,0.35340102227259734,0.36172722436802146,0.35525128940490447,0.3723662603788422,0.35617642297106644,0.3765293614265627,0.3117700117954597,0.30251867613387357,0.28679140550917037,0.3154705460600908,0.28679140550917037,0.2858662719430084,0.34183685269561465,0.31917108032472186,0.30621921039850464,0.29789300830308046,0.27661493628142225,0.2220320558780674,0.19427804889330896,0.16606147512547798,0.08187432060504071,0.10407752619284408,0.18317644609939887,0.16559890834238858,0.1461711034530543,0.13877003492379214,0.07354811850961655,0.1507967712838474,0.14940907093461284,0.14339570275458519,0.16744917547471252,0.18548928001479542,0.22573259014269847,0.19242778176098502,0.13969516848995409,0.08094918703887874,0.11702939611906132,0.17114970973934363,0.19427804889330896,0.1928903485440744,0.22943312440732955,0.18733954714711937,0.1868769803640468,0.20908018595185018,0.14848393736845084,0.24377269468279816,0.4047459351943937,0.422323472951404,0.4528528806346484,0.5287138330596446,0.5490667715151409,0.5541550061290065,0.6813608714758159,0.7049517774128707,0.7401068529268913,0.792839466197939,0.8340079098919873
2018-02-02,0.0,-0.0064106086414904544,-0.04166895616974626,0.07601150246351532,0.14881770060626043,0.21246588640402153,0.11539095554701143,-0.0384636518489927,-0.028847738886748693,-0.1497335018407638,-0.1300437752989991,-0.06776929135300142,-0.3246515376302627,-0.41485795922852237,-0.6319028518050442,-0.8466582412952993,-0.8164368005568039,-0.6685349011850468,-0.5632177592175394,-0.5142223931717826,-0.5458175357620416,-0.5430701320585314,-0.471637635767533,-0.5531439456380355,-0.6616663919262964,-0.6978405406890389,-0.6378555598292913,-0.6305291499532975,-0.6190816345220467,-0.5865706906972844,-0.5522281444035321,-0.5655072623037896,-0.5371174240342843,-0.5252120079857902,-0.5723757715625402,-0.6763192116783007,-0.747751707969299,-0.7051669505650494,-0.6827298203197911,-0.6048867153872857,-0.5586387530450391,-0.5027748777405319,-0.48354305181602725,-0.48583255490227734,-0.5256699086030335,-0.5677967653900398,-0.5485649394655351,-0.542154330824028,-0.5371174240342843,-0.5265857098375369,-0.5980182061285353,-0.5792442808212905,-0.6625821931607997,-0.7088301555030463,-0.7097459567375497,-0.7839258567320583,-0.6950931369855453,-0.8045313845083097,-0.9739546128908215,-1.0234078795538217,-0.9684598054838178,-1.0907192702895796,-1.240910672747587,-1.1456673443595835,-1.2290052566990761,-1.2848691320035834,-1.2789164239793362,-1.363628038170592,-1.3759913548363465,-1.4950455153213547,-1.4075864974265886,-1.3938494789090876,-1.5463303844533616,-1.6012784585233655,-1.6772899609868643
2018-02-09,0.0,0.09761164030831465,0.1149220789836744,0.2731202546557832,0.24763544216149677,0.2769670188058612,0.286583929181065,0.17406607779119151,0.1154029245024451,0.203397654435556,0.27215856361825935,0.3692893584078208,0.39525501642087796,0.3476513100636124,0.4217015199526883,0.33563017209460766,0.27600532776833736,0.18272129712887142,0.18464467920390165,0.1307899811027746,0.158679021190862,0.19810835372920094,0.045680324282217855,0.06635668158890243,0.0956882582332669,0.02019551178793139,0.07453105540782913,0.14810041977813437,0.1312708266215278,0.12069222520880016,0.11396038794616803,0.16493001293474097,0.2582140435742244,0.2586948890929776,0.2947583029999917,0.2428269869738949,0.20868695514191105,0.17743199642249885,0.23272923107992044,0.3572682204388161,0.40919953646491286,0.41496968269003864,0.4601691614535033,0.5116196319608295,0.5202748512985268,0.4693052263099364,0.3726552770391456,0.4053527723148349,0.4366077310342471,0.45055225107829955,0.4380502675905242,0.4914241201729156,0.4895007380978678,0.47940298220391087,0.47603706357258596,0.49382834776671647,0.5649934845432207,0.5726870128433769,0.5943250611875852,0.6010568984502349,0.5871123784061824,0.673183726264263,0.6400053854698031,0.6626051248515354,0.46786268975365936,0.42795251169656723,0.38034880533930165,0.4269908206590433,0.313511278231646,0.3096645140815505,0.37986795982054844,0.49863680295431834,0.5611467203931427,0.5548957286492464,0.5712444762870997
2018-02-16,0.0,-0.11942355712269132,-0.05381140518570985,0.04059456882432551,-0.012744806491341036,-0.09062973504962021,-0.1203676168627951,-0.08590943634911845,-0.2232701285337302,-0.2959627285214471,-0.3634629999386361,-0.33514120773562556,-0.30257114670215646,-0.38848058305129207,-0.38895261292133537,-0.3148439233234542,-0.36110285058838526,-0.3681832986391379,-0.4809984375811199,-0.4913830947222272,-0.42671500252534955,-0.4286031220055571,-0.5754044115911552,-0.5215930064054454,-0.5456665297779976,-0.6008940245738716,-0.6764188037819,-0.8614545128415727,-0.8675909011522216,-0.8354928699888129,-0.9327310232191424,-0.9289547842587444,-0.9322589933490992,-0.8803357076435798,-0.8345488102487092,-0.821804003757351,-0.73919877649857,-0.7769611661025841,-0.7821534946731292,-0.7679925985716239,-0.7736569570122295,-0.8425733180395656,-0.8184997946669962,-0.8241641531076019,-0.8336047505086054,-0.8605104531014689,-0.7911220622040894,-0.7236217907869176,-0.7160693128661044,-0.7231497609168571,-0.6971881180640974,-0.8746713492029742,-1.0592350283925864,-1.0431860128108907,-1.1833788842157795,-1.214060825769041,-1.282977186796377,-1.3518935478236962,-1.2560714842035137,-1.0913330595559951,-1.1106862842280625,-1.1054939556575003,-1.210284586808643,-1.2357741997913594,-1.2820331270562733,-1.4887822101382473,-1.484533941307806,-1.4826458218275984,-1.4543240296245878,-1.3533096374338431,-1.3599180556145525,-1.3684145932754523,-1.3990965348287139,-1.3386767114622946,-1.3858796984673123
2018-02-23,0.0,0.17216090793238248,0.15100146673399914,0.06732549472216211,0.10050734569237757,0.10868258433719756,0.12022409771814663,0.20438096612084927,0.1894731780038061,0.19043497078553726,0.13224650748996128,0.1274375435812354,0.13657457500782158,0.14090264252566437,0.3063310009858411,0.3395128519560391,0.3332611988746989,0.34816898699175963,0.35826781120007695,0.35730601841832826,0.333742095265582,0.27363004640650873,0.2861333525691889,0.2418908846089075,0.26064584385294537,0.28180528505132874,0.29623217677750624,0.34720719421001095,0.41453268893217304,0.47945370169997226,0.5458174036403857,0.6318978576065857,0.6323787539974512,0.630936064824837,0.6054485561085934,0.5982351102455046,0.5967924210728728,0.6583471591045779,0.6314169612157026,0.6487292312871262,0.6487292312871262,0.7300007213445827,0.6607516410589409,0.6597898482771922,0.6838346678208215,0.6771021183485982,0.6876818389477987,0.6910481136839103,0.7578927120151894,0.7929981485489022,0.7905936665945391,0.7641443650965469,0.8507057154536125,0.8367597201183006,0.7550073336699609,0.7280771357811029,0.761258986751301,0.788670081031042,0.7487556805886207,0.7747240856957298,0.7482747841977376,0.72567265382674,0.7910745629854048,0.7497174733703694,0.7569309192334581,0.8564764721440696,0.8814830844694475,0.8050205583207168,0.797326216066745,0.839645098463529,0.831469859818709,0.8425304768087751,0.8439731659813894,0.9223592776936175,0.8867729447690564
2018-03-09,0.0,-0.11462464088343893,-0.19461800728720766,-0.09316300599463548,-0.07023807781794414,0.07804230868659671,0.149743679792411,0.19266694957003563,0.2204695220396393,0.22827375290829185,0.3165591146099973,0.2087631757366427,0.23705351263553043,0.24729656565065689,0.26827043611017626,0.29997512401410614,0.29460971529189195,0.23656574820624632,0.19461800728718992,0.14681709321665298,0.1331596891965021,0.18681377641853733,0.19461800728718992,0.19754459386294795,0.21705517103459715,0.11901452074704935,0.12828204490358983,0.025851514752431613,0.04926420735840707,0.09365077042391962,0.11706346302989509,0.1429149777823267,0.18242389655490918,0.24388221464561474,0.28826877771110954,0.2643683206758499,0.2624172629586779,0.2521742099435692,0.2087631757366427,0.3175346434685833,0.32094899447362546,0.2931464220040218,0.29168312871615165,0.29607300857977986,0.2765624314081307,0.25705185423648147,0.30924264817062885,0.3292409897715799,0.2521742099435692,0.2833911334181972,0.23705351263553043,0.2833911334181972,0.2780257246960008,0.22924928176687787,0.2926586575747377,0.23900457035270242,0.15608461737319343,0.163888848241846,0.10194276572185633,0.12779428047430566,-0.0024388221464561473,0.06438490466644584,0.11852675631776521,0.13559851134295825,0.09365077042391962,0.038533389913996484,-0.07121360667653015,-0.25168644551428504,-0.27558690254954465,-0.3785051971300047,-0.3736275528370925,-0.28778101328182537,-0.2638805562465658,-0.2555885609486113,-0.21656740660531298
2018-03-16,0.0,-0.034422406562552035,-0.022786663499144724,-0.022786663499144724,-0.09551005764539632,0.012120565691041934,-0.02036255036093634,-0.05090637590237612,-0.0795109109332245,-0.04557332699830708,-0.10520651019822987,-0.0833894919543544,-0.12072083428276707,-0.16920309704693481,-0.14059856201608642,-0.1900504700355234,-0.12702352844210535,-0.11684225326163716,-0.12023601165513245,-0.08775289560313654,-0.14738607880305932,-0.13817444887787803,-0.12362977004862771,-0.11247884961285504,-0.10278239706002147,-0.18617188901439352,-0.19392905105667094,-0.26665244520292253,-0.23416932915092661,-0.2715006714793393,-0.2715006714793393,-0.37234377802880464,-0.3602232123377627,-0.39561526415560166,-0.40870547510193045,-0.389797392623898,-0.5240932604806461,-0.519729856831864,-0.47221723932298315,-0.42470462181410223,-0.4828833371311036,-0.5391227619375311,-0.5337897130334797,-0.4940342575668586,-0.44991539845147305,-0.41985639553768556,-0.5042155327473444,-0.501791419609136,-0.5774237495212307,-0.5909987830951942,-0.5396075845651833,-0.5900291378399072,-0.4983976612156407,-0.48336815975873815,-0.4843378050140251,-0.513911985300178,-0.5643335385749018,-0.7049321005909883,-0.7204464246755254,-0.8275922253843292,-0.8944977479988946,-0.8707414392444454,-0.8523181793940652,-1.0302480837385644,-1.0598222640246995,-1.083578572779149,-1.1965422450196561,-1.2343584099757035,-1.0971536063531122,-1.2362977004862772,-1.2750835106976115,-1.2818710274845844,-1.2106021012212542,-1.0840633954067833,-1.0564285056312044
2018-03-23,0.0,0.1851814678014986,0.05821422836035885,-0.013048016701472332,0.07678255982013446,0.1094026015737879,0.14904849847437113,0.22834029227557412,0.20525533964990073,0.22382367110967633,0.24991970451260273,0.23034767946040335,0.19672394411432617,0.1781556126545688,0.2007387184840212,0.2172996627589493,0.20224425887264771,0.17665007226592405,0.19371286333707316,0.2985988437449815,0.30060623092981076,0.3432632086076653,0.32770595792516094,0.23135137305282713,0.21428858198167802,0.1610928215834197,0.084812108559488,0.057210534767935084,0.07176409185803392,0.051690220009631804,-0.03713666291955123,-0.08732134254055653,-0.0080295487393718,-0.009033242331795558,-0.04717359884375228,-0.08732134254055653,-0.11140998875863542,-0.10388228681548461,-0.009033242331795558,0.05620684117551133,0.1445318773084916,0.12646539264491874,0.17213345110004452,0.15557250682511642,0.15356511964026892,0.19772763770674992,0.17414083828487378,0.17112975750762077,0.2750120443231054,0.3683555484181679,0.42054761522402073,0.45116026979282664,0.4812710775654298,0.4335956319254748,0.33824474064556476,0.3447687489962918,0.2730046571382579,0.2855508270435092,0.29408222257908373,0.3121487072426383,0.2584511000481773,0.22834029227557412,0.22281997751725258,0.289565601413186,0.2765175847117319,0.19070178255982012,0.1962220973181234,0.207764573630951,0.2037497992612742,0.26949172956478384,0.4913080134896309,0.42506423638990026,0.29257668219045724,0.17915930624697432,0.170126063915197
2018-04-06,0.0,0.039783036901196056,0.035416606021789816,-0.08926925353437264,-0.14312190104697312,-0.09412084340037172,-0.04900105764658373,-0.11546783881077477,-0.14554769597997264,-0.07277384798998632,0.0189212004774035,0.06743709913739439,0.12517101854277293,0.0407533548743994,0.06840741711059772,0.11740847475718147,0.10624981806538708,0.07665511988278206,0.03687208298160366,-0.008247702772201979,-0.026683744262994986,-0.0591893963651924,-0.08441766366837354,-0.09557632036018557,-0.06258550927137764,-0.02862438020938403,-0.03153533412899408,0.0392978779146032,0.03832755994139986,0.03444628804860411,0.06889257609719057,0.101398228199388,0.05724876041878571,0.03735724196819651,0.0810215507621883,0.07568480190959637,0.09023957150759362,0.09654663833338892,0.09897243326638845,0.11643815678397812,0.03396112906199362,0.026683744262994986,0.013584451624793915,-0.06501130420437719,-0.046575262713584184,-0.023772790343384944,0.03638692399499316,0.06015971433839575,0.046090103726991336,0.07325900697659682,0.09945759225298131,0.11401236185097857,0.009703179731998177,-0.045119785753787986,-0.08247702772198451,-0.017950882504200155,-0.018436041490793004,0.04560494474039849,0.02910953919599453,0.022802472370199244,0.046090103726991336,0.05579328345898951,0.06161519129819194,0.11449752083758907,0.09751695630659225,0.1668946913903757,0.15136960381917508,0.17223144024296763,0.30613532054455306,0.3284526339281418,0.2784812583083547,0.22026217991636568,0.16010246557796992,0.13778515219438114,0.12905229043558633
2018-04-13,0.0,0.024801232430476553,-0.019554817877883417,-0.0710650698488625,-0.005246414552610486,-0.025755125985498218,-0.003815574220069312,0.04960246486093576,0.06581865529625203,0.0834656860640921,0.12591394926239138,0.1225753218198416,0.11828280082225276,0.16120801079807157,0.12114448148730042,0.1325912041475257,0.15882327691052608,0.17360862701330115,0.1869631367835698,0.1631157979081149,0.17122389312575567,0.18076282867593763,0.2055640611064142,0.1955481787787301,0.22559582576179973,0.241812016197116,0.18744008356107195,0.20365627399638822,0.23704254842202505,0.2251188789842976,0.21939551765418497,0.2661363018500731,0.2627976744075059,0.26852103573761854,0.2918914278355713,0.28330638584039364,0.2780599712878005,0.285214172950437,0.29856868272068826,0.2957070020556406,0.25182789852480014,0.1688391592382102,0.18028588189843547,0.22464193220677808,0.16359274468561705,0.02909375342804802,-0.09968187649940838,-0.059618347188637226,-0.15739243657800225,-0.21653383698913733,-0.12925257670497592,-0.07726537795647731,-0.035771008313182334,-0.016693137212818423,0.028616806650545865,0.041494369643294976,-0.045786890640883794,-0.06152613429868055,-0.2060410078839337,-0.21081047565902467,-0.3009534166082511,-0.30238425694077486,-0.22654971931682144,-0.18982481744861743,-0.06581865529625203,-0.15357686235793294,-0.15262296880291126,-0.09348156839179357,-0.09443546194679789,-0.09300462161427406,-0.043879103530840464,-0.05198719874849859,-0.06534170851874986,-0.03624795509070184,-0.05437193263604408
2018-04-20,0.0,-0.029858385940962257,0.037915410718686614,0.018009820091389937,0.03507175491479201,-0.054503402908112,-0.09241881362679862,-0.04929003393428225,-0.08815332992093948,-0.09763218260061113,-0.08436178884907426,-0.08767938728696278,-0.08436178884907426,-0.06445619822176035,-0.03412386964680416,-0.04929003393428225,-0.05687311607802992,-0.0601907145159012,-0.03128021384290956,-0.013744336385513551,-0.00710913950975374,-0.027488672771044345,-0.012796451117542938,-0.060664657149895135,-0.0900491004568807,-0.1455003886329461,-0.1843636846196033,-0.15166164287474646,-0.13886519175718628,-0.17393694667196105,-0.16208838082237148,-0.15450529867864105,-0.17109329086806643,-0.14976587233880523,-0.1445525033649927,-0.09668429733264051,-0.10142372367247633,-0.06493014085573703,-0.07440899353540868,-0.08246601831313304,-0.003791541071865213,-0.05071186183622955,-0.06256042768581913,-0.073935050901432,-0.08199207567915634,-0.11943354376384903,-0.20995658685472365,-0.19052493886138644,-0.211378414756671,-0.14929192970482855,-0.16635386452823062,-0.11422017479003652,-0.07440899353540868,-0.010426737947625025,-0.06729985402565494,-0.0725132229994847,-0.08293996094712697,-0.09478852679671654,-0.045498492862417035,-0.016114049555431463,-0.038863295986639984,0.0009478852679706138,0.029384443306985572,0.044550607594463665,0.024645016967149744,-0.04218089442452851,-0.03317598437885079,-0.08530967411704488,-0.09336669889475199,-0.0412330091565579,0.038389353352680546,0.05734705871202385,0.06019071451591844,0.18388974198564387,0.21043052948871757
2018-04-27,0.0,0.22390897184943523,0.24550187060220374,0.3450169692019547,0.3576910619481523,0.2900959006351095,0.28446297052570346,0.30183117169640045,0.3670792787971851,0.38491689081034397,0.37130397637925666,0.43936854853474433,0.30370881506621383,0.2764829862040222,0.28915707895021986,0.28962648979266464,0.3168523186548563,0.3182605511822078,0.3102805668605436,0.30840292349073023,0.33422051982557033,0.3187299620246697,0.32764876803124054,0.3581604727905971,0.3647322245849269,0.3548745968934493,0.3558134185783389,0.34220050414725167,0.3196687837095764,0.2980758849567907,0.24268540554750073,0.23658306459563286,0.2501959790267202,0.2670947693549894,0.29244295484736765,0.3065252801209168,0.28962648979266464,0.320607605394466,0.33187346561331216,0.320607605394466,0.32905700055860915,0.32999582224349877,0.3375063957227352,0.34877225594156436,0.34032286077743823,0.3234240704491861,0.37271220890660817,0.40885684377538783,0.4238779907338266,0.47128848582145233,0.4572061605479032,0.38679453418015736,0.43889913769228245,0.4675331990818427,0.4628390906573262,0.466594377396936,0.4919425628893142,0.5280871977580939,0.4966366713138306,0.37318161974905295,0.2839935596832416,0.35862988363305903,0.3548745968934493,0.3562828294208008,0.37881454985847607,0.346894612571768,0.3642628137424821,0.40838743293292584,0.38256983659808574,0.3168523186548563,0.32999582224349877,0.3816310149131791,0.3558134185783389,0.3708345655367948,0.38820276670750886
2018-05-04,0.0,-0.04225034739174522,-0.015961242347982393,0.020186277087180824,-0.08309234987041861,-0.05727269313101876,-0.10046193713147283,-0.14505952604498168,-0.16759304465390906,-0.14271228452321805,-0.11642317947947231,-0.10093138543583581,-0.09435910917489083,-0.08872572952265473,-0.09342021256618196,-0.13379276674052654,-0.12675104217523567,-0.15350959552332732,-0.16430690652345364,-0.17745145904532653,-0.1384872497840538,-0.1938821496976719,-0.13707890487098195,-0.12346490404476318,-0.09248131595747311,-0.12064821421863658,-0.11642317947947231,-0.15585683704509096,-0.18777932174108988,-0.27650505126374464,-0.2727494648289262,-0.3384722274383077,-0.33330829609043455,-0.3051413978292711,-0.3023247080031445,-0.29997746648138085,-0.24458256656776275,-0.2272129793067085,-0.2248657377849449,-0.23049911743718102,-0.2154767716978904,-0.24927704961129,-0.2830773275246896,-0.24739925639387225,-0.28824125887256274,-0.34926953843841696,-0.3318999511773627,-0.3455139520035985,-0.3473917452210163,-0.26289105043752586,-0.2675855334810531,-0.224396289480599,-0.25584932587223497,-0.2783828444811623,-0.22157959965447238,-0.19998497765425388,-0.25772711908963564,-0.2028016674803634,-0.2877718105682168,-0.32626657152514366,-0.30373305291619923,-0.2689938783941079,-0.3065497427423258,-0.30561084613361694,-0.3234498816990171,-0.39527547226498055,-0.46099823487436203,-0.3708641604386525,-0.3267360198294896,-0.31828595035114393,-0.3107747774814901,-0.3131220190032537,-0.3708641604386525,-0.3544334697863072,-0.35161677996018054
2018-05-11,0.0,-0.07307797932405535,-0.06609600677717141,-0.06981972546883945,-0.1610508334147998,-0.1587235092325052,-0.14382863446581606,-0.0712161199782298,-0.01256755058439449,0.010240226402082905,0.037702651753166526,-0.006981972546883946,0.0027927890187468044,0.03816811658961868,0.037702651753166526,0.026066030841693292,0.05539031553860247,0.08192181121676484,0.12660643551681533,0.13079561904495246,0.0768016980157234,0.11496981460534209,0.12148632231577386,0.10612598271263257,0.12195178715222602,0.11031516624075278,0.07261251448758627,0.06330321775840766,0.09309296729178594,0.09728215081990614,0.09867854532927954,0.08471460023551165,0.0674924012865448,0.053993921029229064,0.04282276495420798,0.04328822979067708,0.08378367056260734,0.0963512211469849,0.10007493983866989,0.09402389696469025,0.0963512211469849,0.08983471343657004,0.11403888493243777,0.11869353329702707,0.11450434976888993,0.10193679918449544,0.024204171495850798,0.0018618593458255587,0.062372288085486415,0.03351346822502939,0.09262750245531685,0.1010058695115742,0.11124609591367403,0.11217702558659529,0.16198176308770412,0.12846829486265782,0.12753736518973657,0.14522502897517253,0.19270244229398673,0.22435405117319057,0.15081060701268306,0.22342312150028626,0.2304050940471702,0.3006902843524618,0.30115574918891397,0.28719180409514605,0.31791248330144556,0.3760955878588118,0.4757050628610126,0.49432365631936975,0.5864856939382515,0.5585578037507156,0.5650743114611304,0.5962604555038821,0.5073566717402334
2018-05-18,0.0,-0.07366534350570597,-0.04082092283436601,-0.1792366956635844,-0.2059814382102504,-0.23366459277610085,-0.18768240383622833,-0.12293197451271592,-0.10557135215787845,-0.14029259686757045,-0.13043927066617528,-0.15061512907856642,-0.18580557979785925,-0.0896183478317922,-0.10557135215787845,-0.09524881994688247,-0.06897328340980027,-0.10041008605237194,-0.06991169542898482,-0.020645064421974876,0.04082092283438308,-0.012199356249348014,-0.054427897112499395,-0.07788819759202795,-0.12152435648394762,-0.15389957114570382,-0.12152435648394762,-0.12809324061822244,-0.11214023629213618,-0.10697897018664676,-0.14779989302102983,-0.20222779013352923,-0.18721319782662751,-0.1914360519129495,-0.25524806921726034,-0.23460300479528542,-0.20926588027738777,-0.17595225359646408,-0.14216942090593954,-0.1595300432607941,-0.1332545067237119,-0.14920751104979812,-0.21255032234452517,-0.225218884603474,-0.25430965719807574,-0.3303210307517517,-0.3744263956532721,-0.3565965672888339,-0.3833413098354827,-0.4419920610343041,-0.3922562240177104,-0.3833413098354827,-0.382872103825899,-0.4016403442095218,-0.48046695382073434,-0.4645139494946652,-0.4129012884397024,-0.4119628764205179,-0.4907894860317303,-0.41900096656437635,-0.40257875622870637,-0.3903793999793413,-0.33548229685725817,-0.29325375599410675,-0.31952929253117196,-0.3997635201711527,-0.3997635201711527,-0.5062732843482157,-0.5287951728085597,-0.612313842515695,-0.6282668468417641,-0.5827538639114753,-0.5879151300169818,-0.6076217824197894,-0.5771233917964022
2018-05-25,0.0,0.14869782511615187,0.2560643058709408,0.31877393179852415,0.3168736401037421,0.23041036799148668,0.25558923294725394,0.2812431708267081,0.2855188271399591,0.32970060904347775,0.2812431708267081,0.2760173686660833,0.31592349425636834,0.3097475462483352,0.3344513382804156,0.3311258278145557,0.3781580472602475,0.4399175273404398,0.4479937670432376,0.4190143186979063,0.38575921403934116,0.3886096515815143,0.3757826826417786,0.4128383706898905,0.43421665225611095,0.40951286022403055,0.40286183929232794,0.41806417285053254,0.43801723564565775,0.4080876414529526,0.33017568196718194,0.3316009007382598,0.3168736401037421,0.3021463794692416,0.3924102349710611,0.3795832660313254,0.3434777238306045,0.3629557137020429,0.36770644293898075,0.36058034908357395,0.3700818075574497,0.34727830722015135,0.390509943276279,0.390509943276279,0.3743574638707006,0.40998793314773474,0.4213896833163752,0.49122540309936535,0.5316066016133373,0.5567854665691045,0.5496593727136977,0.5990669567778584,0.6071431964806563,0.682679791347958,0.7168850418539142,0.7377882504964477,0.7045331458378826,0.756316094520495,0.7871958345605912,0.8641576481989882,0.8157002099822184,0.8023981681187958,0.9059640654840379,0.867483158664848,0.8755593983676458,0.8774596900624108,0.832327762311501,0.8199758662954695,0.7140346043117584,0.6855302288901312,0.5710376542799181,0.5738880918220912,0.6698528224082396,0.798122511805562,0.8085741161268115
2018-06-01,0.0,0.24959528241589574,0.2612586133699095,0.12969624020863027,0.20340849183799423,0.24912874917772496,0.3447680630006383,0.299980872137232,0.30651233747148654,0.32983899937951416,0.37136045757579317,0.2831856755634589,0.32284100080710587,0.3004474053753858,0.22486902079338983,0.10030464620451884,0.07464531810568843,0.12129864192174371,0.09237358115578605,0.18521369554974282,0.16095396716539068,0.14229263763896857,0.19407782707478316,0.23979808441451392,0.24446341679611946,0.2239359543170653,0.12223170839806821,0.13062930668495476,0.020993995717224875,0.0228601286698569,-0.006064932096083791,-0.04711985705422601,-0.12503090782702472,-0.07744451753466194,-0.07231265191488567,-0.0788441172491402,-0.07931065048729397,-0.14509183706794207,-0.09983811296636506,0.018194796288251373,-0.0769779842964912,-0.06251545391352085,-0.06904691924775841,-0.04338759114892801,-0.05598398857926633,-0.13949343821001206,-0.2929828735648237,-0.24213075060533365,-0.22720168698419257,-0.1618870336417152,-0.1618870336417152,-0.14089303792449032,-0.1273635740178275,-0.16048743392723694,-0.11336757687301093,-0.05785012153191533,-0.0051318656197762635,-0.04711985705422601,-0.08957438172682952,-0.05178518943583153,-0.08257638315442123,-0.0779110507728157,-0.05691705505559083,0.049452523245011794,0.04991905648318253,-0.14369223735344686,-0.11896597573094095,-0.04711985705422601,-0.04012185848181772,-0.11896597573094095,-0.14042650468633655,-0.1824144961207863,-0.2668570122278396,-0.28691794146873995,-0.33263819880847073
2018-06-08,0.0,0.008863676653082485,0.08303865496038998,0.06671082954682947,0.05364856921598448,0.13575420558132742,0.16001268905288946,0.15301504958993495,0.21739333264912986,0.22765653719478293,0.23185512087256238,0.1945343770701384,0.2309221022774984,0.2332546487651499,0.15068250310228343,0.11056270351468445,0.14508439153193342,0.16887636570597192,0.16141221694549393,0.07837356198508696,0.12782354752330893,0.1744744772763389,0.1670103285158439,0.12129241735787794,0.09283535020853645,0.08723723863816946,0.14088580785415394,0.08677072934064595,0.08397167355545396,0.05224904132339697,0.013528769628385482,0.05178253202587346,0.04571791115796599,0.04991649483574547,0.05084951343080947,-0.02332546487651499,-0.07790705268756346,-0.04805045764561748,0.01026320454566999,-0.049449985538204996,-0.0555146064060955,-0.08257214566286646,-0.044784892562901996,0.03545470661231297,0.006064620867890503,0.016327825413560496,-0.029390085744405492,0.0037320743802390045,0.07930658058015097,0.11429477789492345,0.06811035743943396,0.07184243181967295,0.05504809710857199,0.07884007128262746,0.11569430578751096,0.05738064359622348,0.09563440599371145,0.10403157334925345,0.14508439153193342,0.17727353306151394,0.19919947004544142,0.1558141053751269,0.15954617975536592,0.19360135847507443,0.26591029959227086,0.33262112913910036,0.35781263120574336,0.34288433368477034,0.34988197314772485,0.40493007025629685,0.5024305134401363,0.49356683678705376,0.44318383265378486,0.43525317459576635,0.33448716632922837
2018-06-15,0.0,0.06256285249533096,0.23356798264924233,0.18444455772697235,0.1983474138370459,0.12883313328667817,0.09500285008550256,0.14597998915577223,0.16776113039489085,0.23820226801926683,0.296594263681569,0.29288683538555277,0.23356798264924233,0.24886112437031987,0.22337255483518503,0.24190969631528308,0.28778912147853253,0.27017883707242585,0.27713026512746264,0.24469026753729103,0.3040091202736183,0.3308879754197571,0.34710797421484296,0.34293711738181415,0.32022911906870416,0.3077165485696346,0.2891794070895365,0.2303239828902218,0.2136405555581403,0.21085998433611544,0.23310455411222974,0.24839769583332416,0.2687885514614219,0.22661655459420554,0.15154113159980503,0.11817427693562514,0.05746513858831074,0.07275828030938827,0.07785599421640849,0.025951998072147403,0.017610284406089787,0.05051371053327396,0.0880514220304658,0.0940759930114943,0.02456171246112656,-0.06580685225435148,-0.18444455772697235,-0.2585931236473646,-0.235421696797242,-0.3123508339396422,-0.2822279790344829,-0.29288683538555277,-0.29427712099655673,-0.30030169197758527,-0.1876885574859929,-0.1431994179337474,-0.21132341287311115,-0.1691514160058948,-0.14551656061875967,-0.19324969993002566,-0.19927427091105415,-0.16637084478387,-0.13532113280471922,-0.06719713786535547,0.000926857074008275,-0.06070913834731441,-0.08434399373444955,0.01158571342506129,0.041708568330220644,0.07461199445740481,0.18537141480098063,0.24144626777828737,0.24978798144432812,0.2493245529073156,0.18954227163400944
2018-06-22,0.0,-0.025650951183907988,0.0685579968006302,0.06575971121692097,0.08161666285788907,-0.0009327618612364112,-0.03964237910240326,-0.0732218061067953,-0.08348218658036188,-0.07835199634357011,-0.028449236767617223,-0.06715885400878407,-0.09560809077638434,-0.0932761861233018,-0.03451218886562844,0.021919903738979313,-0.0023319046530825447,0.02938199862883667,0.139447898254326,0.10633485218056066,0.10726761404179705,0.05036914050657957,0.03404580793500176,0.032646665143155625,0.034978569796238174,0.03311304607376535,0.05410018795150824,0.08767961495590029,0.08068390099665265,0.11146504241733547,0.07088990145371275,0.06949075866184966,0.10540209031932424,0.14551085035235417,0.19681275272017015,0.224329227626534,0.23552236996133702,0.20007741923447217,0.24205170298995793,0.253244845324761,0.2700345588269485,0.26163970207585474,0.27329922534126744,0.2877570341903894,0.2924208434965545,0.29055531977408167,0.3022148430394944,0.3134079853742974,0.3805668393830645,0.3530503644767007,0.38010045845245477,0.39502464823218647,0.32366836584784703,0.338126174696969,0.30547950955381337,0.33626065097449614,0.4099488380119012,0.3502520788929914,0.3502520788929914,0.3796340775218281,0.3670417923951959,0.35724779285223907,0.3856970296198563,0.39222636264847727,0.3912936007872408,0.5615226404622666,0.621685780511803,0.7126300619820223,0.7107645382595494,0.7280206326923636,0.7821208206438888,0.8819263397958117,0.9766016687109595,0.9574800505556894,0.9173712905226764
2018-06-29,0.0,0.1747881106394538,0.21200714228506007,0.2063536184907884,0.3627677767988806,0.38443961801023546,0.3589987609360385,0.3029346499762047,0.2708980151420212,0.19740220581652346,0.2256698247878648,0.2864452055762555,0.32460649118755946,0.33826917369038134,0.3472205863646463,0.27231139609058486,0.26430223738203473,0.2468705390163708,0.3104726817018888,0.3552297450731793,0.352402983176052,0.36512341171315904,0.39150652275307074,0.4376769670729249,0.437205840090076,0.4098804750844495,0.45887768130143086,0.4532241575071763,0.49939460182703044,0.4744248717356824,0.5446227921811697,0.5879664746038965,0.5417960302840424,0.5352002525240559,0.556400966752562,0.5253065858840934,0.556400966752562,0.5441516651983209,0.59927352219244,0.6209453634037947,0.6280122681466301,0.6737115854836354,0.6072826809009729,0.5907932365010239,0.6298967760780597,0.6388481887523075,0.6600489029808135,0.6006869031410036,0.6101094427981174,0.6383770617694586,0.6784228553121923,0.6553376331522567,0.6652312997922364,0.6892587759178697,0.7514475376548241,0.7142285060092177,0.7151707599749326,0.7448517598948377,0.7707637439519004,0.7457940138605523,0.8155208073231909,0.8550954738830756,0.6534531252208442,0.722237664717768,0.7391982361005659,0.6859608870378764,0.717526394889211,0.7457940138605523,0.7288334424777544,0.7363714742034386,0.8989102832886514,0.9427250926942269,0.9606279180427397,0.9304757911399859,0.9036215531172083
2018-07-06,0.0,0.10897913561848667,0.1355253353204105,0.2393815201192318,0.24683308494783904,0.33159463487332674,0.36652384500745494,0.2878166915052127,0.33392324888226865,0.3753725782414239,0.4098360655737705,0.41542473919523437,0.3623323397913528,0.39260432190759725,0.44383383010431854,0.46479135618479545,0.499254843517142,0.5644560357675146,0.5397727272727341,0.555141579731747,0.6147540983606558,0.6217399403874814,0.6426974664679582,0.665983606557377,0.6641207153502168,0.6263971684053652,0.6236028315946417,0.5784277198211658,0.5528129657228052,0.5556073025335286,0.5043777943368073,0.43824515648285467,0.5062406855439676,0.4857488822652723,0.412630402384494,0.42008196721311813,0.3893442622950752,0.3660581222056564,0.41961624441131956,0.4172876304023777,0.4186847988077564,0.4396423248882333,0.48947466467957595,0.5150894187779367,0.437779433681073,0.45454545454544776,0.4554769001490279,0.5206780923994004,0.5341840536512702,0.5630588673621528,0.5523472429210067,0.5882078986587149,0.5537444113263853,0.5570044709388904,0.44942250372578246,0.46572280178837555,0.5397727272727341,0.5644560357675146,0.551881520119225,0.563990312965716,0.5942622950819604,0.5872764530551349,0.622205663189263,0.6650521609537969,0.6380402384500745,0.579359165424746,0.5821535022354695,0.5434985096870377,0.4447652757078986,0.43358792846497085,0.36093517138599107,0.29806259314456035,0.23332712369596936,0.2659277198211557,0.28269374068554737
2018-07-13,0.0,0.020842206374100312,0.011327286072875227,0.11281976928584386,0.24013846474495482,0.18757985736682037,0.14680162750446954,0.17806493706561177,0.1481609018332113,0.15948818790608651,-0.15948818790607003,-0.18893913169554563,-0.21159370384129608,-0.24874720216033014,-0.17081547397894525,-0.18712676592389546,-0.20071950921134574,-0.1486139932761197,-0.2029849664259208,-0.3081021811822062,-0.32033565014089826,-0.2473879278315884,-0.18622058303806216,-0.1848613087093204,-0.2057035150834043,-0.17489329696518693,-0.07702554529555156,-0.09469611156922701,-0.033981858218625684,-0.11870995804371921,-0.1585820050202532,-0.12686560401620256,-0.10692958052793557,-0.11236667784291898,-0.09786775166963538,-0.10103939177004374,-0.03851277264777578,-0.04576223573440933,-0.08654046559676015,-0.08336882549635179,-0.018123657716600367,-0.012233468958692059,-0.023107663588658872,-0.01993602348825051,-0.08699355703966857,-0.06569825922267633,-0.03851277264777578,-0.024013846474492187,0.011780377515800128,0.002265457214575046,0.0013592743287582142,-0.033075675332792376,-0.08155645972470164,-0.07793172818136838,-0.12686560401620256,-0.11825686660081079,-0.07838481962429328,-0.04938696727772611,-0.08155645972470164,-0.13456815854574453,-0.16809692532146178,-0.2573559395757219,-0.2369668246445465,-0.20162569209717907,-0.14634853606154466,-0.17036238253603683,-0.29949344376681447,-0.29858726088098114,-0.3071959982963729,-0.291790889237256,-0.23560755031580474,-0.22971736155789646,-0.1390990729748946,-0.1730809311935203,-0.1431768959611363
2018-07-20,0.0,0.09592063252805678,0.14388094879208518,0.04521972676323342,0.15804066121290353,0.23203657773455066,0.3462278069346183,0.35901722460502256,0.41291548478745116,0.4056072461186534,0.3951016530322339,0.48645463639228803,0.5051819979811091,0.46452992038587837,0.46270286071868727,0.4494566781314728,0.44488902896347005,0.5307608333219176,0.5490314299939284,0.5494881949107386,0.4901087557267035,0.4485431482978689,0.46681374496987976,0.47549227838909147,0.4334699060434633,0.47960316264028396,0.5293905385715201,0.5312175982387278,0.5604505529139351,0.5398961316579229,0.5028981733971077,0.5444637808259257,0.5513152545779297,0.5695858512499405,0.609781163928361,0.597448511174767,0.6125217534291726,0.6422114730211902,0.578721149585946,0.5234525946531199,0.5366987772403178,0.5595370230803313,0.554512608995535,0.5307608333219176,0.554512608995535,0.4704678643042785,0.4850843416418905,0.518428180568307,0.46864080463708746,0.3064892591729914,0.35901722460502256,0.4005828320338405,0.39738547761623527,0.4188534287058513,0.40515048120184316,0.4435187342130726,0.41656960412185,0.38368253011222714,0.4261616673746656,0.38413929502903743,0.4275319621250631,0.5330446579059189,0.5156875910675119,0.6020161603427697,0.5773508548355485,0.6613955995268049,0.6280517606003719,0.5860293882547603,0.6052135147603583,0.6084108691779636,0.5335014228227292,0.5225390648195161,0.554512608995535,0.5549693739123286,0.5604505529139351
2018-07-27,0.0,-0.11849185702575882,-0.0013363743273550142,-0.006681871636791277,0.06459142582231568,0.05969138662200855,0.0672641744770419,0.06236413527671858,0.09087345426036783,0.12561918677167924,0.15011938277324724,0.18976515448488196,0.19199244503047905,0.19154698692134992,0.12695556109903425,0.06325505149496066,0.07617333665943028,0.1207191475713721,0.13586472328142263,0.15279213142795728,0.17551049499305735,0.21827447346851503,0.16838316524713692,0.1750650368839282,0.14566480168205306,0.169274081465379,0.14121022059085886,0.1180463989166459,0.10468265564306334,0.1193827732440009,0.11448273404369377,0.1180463989166459,0.10156444887922415,0.11671002458929086,0.14477388546381098,0.17372866255657318,0.19199244503047905,0.20802893695877162,0.20045614910373827,0.2191653896867571,0.22762909376003254,0.20936531128612668,0.21471080859556294,0.2164926410320471,0.22941092619650047,0.17640141121129943,0.19733794233989913,0.15101029899148932,0.15724671251915145,0.15680125441003853,0.20491073019493244,0.1830832828480907,0.17105591390186317,0.2164926410320471,0.22540180321443545,0.2654930330351831,0.26638394925340897,0.25613841274366556,0.263265742489586,0.3011296817647366,0.29400235201881614,0.315384341256545,0.31672071558391623,0.338548162930758,0.39244859413421734,0.41962153879049546,0.39467588467981446,0.47174013755747063,0.4606036848294851,0.4548127294109359,0.4485763158832576,0.4405580699191113,0.45436727130180676,0.4298670753002388,0.40180321442571865
2018-08-03,0.0,0.14296653343778865,0.09649134454934236,0.10534376148047499,0.21776945650586574,0.19076958486590156,0.19785151841081733,0.24167098221991418,0.25140864084416326,0.2846052043359106,0.2341464278284482,0.2341464278284482,0.22573663174388187,0.2301628402094482,0.2438840864526973,0.2832773417962439,0.31071983428275823,0.31027721343619197,0.2894740336480271,0.27531016655822776,0.26690037047364534,0.26468726624086214,0.2686708538598783,0.25760533269596253,0.1951957933314679,0.193425309945251,0.1699664050777367,0.22396614835764891,0.22529401089731557,0.22175304412486574,0.19873676010391772,0.21024490211439978,0.1938679307918012,0.22529401089731557,0.2553922284631793,0.2301628402094482,0.22175304412486574,0.22883497766978148,0.18147454708821875,0.20493345195571697,0.22750711513009875,0.25672009100284604,0.24432670729926362,0.1929826890986847,0.18634337640033527,0.19608103502458435,0.2000646226436005,0.23591691121468117,0.24034311968024746,0.2868183085686937,0.2832773417962439,0.293015000420493,0.3279820472984572,0.28150685841001094,0.31249031766897517,0.2943428629601597,0.3372770850761561,0.3470147437003891,0.3372770850761561,0.3828670322714859,0.373571994493787,0.42226028761501644,0.42403077100124936,0.474932168355262,0.47094858073624585,0.48289934359327813,0.432883187932382,0.4576699553395469,0.44527657163596446,0.4784731351277118,0.5360138451800739,0.5169811487781419,0.5090139735401258,0.5448662621112065,0.5590301292010219
2018-08-10,0.0,0.07341245564663819,0.08215203369980979,0.031025502088752793,0.06336194088549404,0.07253849784131786,0.11492545139920327,-0.005680725734574253,-0.028840607575475793,-0.008739578053171592,-0.019664050619636084,-0.07428641345195854,-0.04850465819511188,0.0017479156106247802,0.03976508014192438,0.04937861600041632,-0.008739578053171592,-0.017479156106343183,-0.0445718480711783,0.0,-0.00917655695583971,-0.06642079320410728,-0.10574889444337945,-0.12191711384175008,-0.10705983115135201,-0.07734526577057177,-0.08958067504500883,-0.0782192235758921,-0.08302599150513013,-0.13065669189492168,-0.13502648092150746,-0.12628690286833585,-0.1271608606736562,-0.08389994931045047,-0.07734526577057177,-0.06336194088549404,-0.03889112233661994,-0.0445718480711783,-0.0423869535578854,-0.09132859065564951,-0.046319763681818976,-0.03364737550471381,-0.02053800842495642,-0.01879009281433164,-0.02490779745154222,-0.03364737550471381,0.017479156106343183,-0.003932810123933575,0.0034958312212654574,0.0008739578053044415,0.002621873415945119,0.010050514761144151,0.01223540927443705,-0.014420303787745845,-0.013983324885077726,-0.016168219398370626,-0.02927758647812801,-0.062487983080189595,0.028840607575459892,0.06947964552270462,0.09089161175298138,0.040202059044576605,-0.07690828686791956,-0.09089161175299729,-0.14201814336403837,-0.15731240495708868,-0.13065669189492168,-0.1782873922847132,-0.1830941602139512,-0.1669259408155806,-0.11667336700984393,-0.12541294506301554,-0.12453898725769519,-0.17216968764748672,-0.1892118648511777
2018-08-17,0.0,0.03586141748812955,0.06997349753780756,0.1045229119471064,0.19548845874625304,0.17187240332723663,0.16181371305617998,0.14606967611017965,0.1985497992635353,0.21954184852487438,0.1972377961847046,0.17930708744063187,0.2440325726631007,0.28470466810696404,0.24840591625921365,0.21298183313070493,0.26939796552056866,0.2842673337473432,0.32843810406809376,0.31444340456052905,0.3091953922451903,0.35117949076786853,0.33674745690069885,0.327563435348868,0.33412345074303745,0.3336861163834166,0.34899281896981205,0.3280007697084729,0.3538034969255458,0.39097691749250607,0.3349981194622632,0.34199546921603763,0.34024613177758606,0.35292882820632004,0.3625501841177718,0.3546781656447716,0.36386218719660246,0.3629875184773767,0.38529157081756243,0.35642750308320725,0.2899526804222869,0.2868913399050205,0.2536539285745524,0.2527792598553266,0.28557933682617387,0.30482204864907736,0.2960753614568514,0.2912646835011335,0.30482204864907736,0.27202197167823006,0.23397388239204403,0.2322245449536084,0.2571526034514396,0.28470466810696404,0.2868913399050205,0.22041651724410016,0.27289664039745587,0.2995740363337386,0.29039001478190773,0.3314994445853601,0.35424083128515077,0.33718479126031975,0.3603635123197153,0.39316358929056255,0.38529157081756243,0.4211529883056761,0.37173420566960264,0.34112080049681187,0.3608008466793202,0.37042220259077197,0.36123818103894106,0.3450568097333199,0.24971791933806028,0.2571526034514396,0.26939796552056866
2018-08-24,0.0,0.11634847449415583,0.21366597174763982,0.2422124376086712,0.32482417972162236,0.2733540367297892,0.26124341484934305,0.22837172688817256,0.271623947889721,0.2223164159479495,0.2538905372790924,0.22620911583809516,0.15138277350541948,0.10467037482375034,0.09472236399338162,0.007785399780275571,-0.050172576361805624,0.011678099670421223,0.04454978763159173,0.07525886454268482,0.09342479736333831,0.10942811913391438,0.08607191979307192,0.04065708774144609,0.037196910061325354,0.04325222100154843,0.06920355360247749,0.024653765970885748,0.024221243760860826,0.04411726542158254,0.04065708774144609,0.03892699890139358,0.041089609951471005,0.05363275404191061,0.054497798461944726,-0.05795797614208119,-0.06271572045224522,-0.05060509857181481,-0.09299227515332913,-0.10467037482375034,-0.09428984178337242,-0.08650444200309686,-0.15138277350541948,-0.24048234876861868,-0.23658964887847303,-0.2080431830174574,-0.20371796091730254,-0.13408188510480012,-0.11548343007413744,-0.10467037482375034,-0.08736948642313097,-0.045414832051625845,-0.08780200863314017,-0.0696360758125024,-0.044982309841616656,-0.0025951332601023467,-0.04022456553143689,-0.05363275404192634,-0.00043252221002492526,0.011678099670421223,0.023788721550851634,-0.004325222100154843,-0.022491154920808328,-0.11894360775425818,-0.1531128623454877,-0.12283630764440383,-0.09558740841343147,-0.012543144090455339,-0.07482634233267563,-0.05060509857181481,-0.06487833150232265,-0.060985631612192726,-0.0397920433214277,-0.03200664354115213,-0.06617589813236595
2018-08-31,0.0,0.13127469444312734,0.35478487681198584,0.40798115822032077,0.5178057391923477,0.5092256938039077,0.5401138572022952,0.5135157164981278,0.5100836983427549,0.5190927460006263,0.4500233806236741,0.3891050583657462,0.266410409311059,0.22565519371596848,0.17846494407954794,0.13384870805965313,0.08923247203977397,0.17803594181013216,0.1900480053539452,0.11154059004972136,0.11282759685798424,0.11454360593566291,0.14714777841174467,-0.0394682087868276,-0.0986705219670612,-0.06306333360503788,-0.07335938807117226,-0.03775219970914895,-0.01758909304631158,0.019305102123990236,-0.00729303858017721,-0.015444081699201551,0.018447097585143103,0.04590324282814207,0.057915306371970704,0.029601156590109,0.0017160090776786568,0.00042900226941576243,-0.009009047657871474,-0.06821136083810507,-0.040755215595090495,-0.025311133895904548,-0.04247122467278475,-0.03775219970914895,-0.08451344707613814,-0.11969163316874569,-0.10167353785301834,-0.05577029502486068,-0.023595124818210286,0.0051480272330515775,-0.03689419517030181,-0.071643378993478,-0.019734104393421603,-0.027456145243014575,0.006435034041330078,0.012012063543813026,-0.012012063543828631,-0.003432018155388527,0.030888163398371887,0.08708746069266393,0.08580045388440104,0.12012063543816145,0.0862294561538168,0.04290022694220052,0.03861020424798047,0.04719024963642057,0.06692435402982656,0.07507539714885092,0.07807841303479246,0.10553455827780704,0.1685978918828449,0.2531113389589831,0.19648303939527526,0.20506308478371538,0.12398165586295015
2018-09-07,0.0,0.04570025853289113,0.06963848919297697,0.08313094647412575,0.03351352292412333,-0.02742015511973151,0.05614603191184401,0.17844862855700347,0.2463461555201655,0.20499830256183543,0.19759921308507844,0.30640935244910494,0.3299123425517252,0.38518789334865383,0.3638611060333141,0.31337320136839636,0.3795297661017276,0.5566726729863659,0.5405687723604868,0.6128187048981941,0.57451753584206,0.5675536869227685,0.6089015398810986,0.6006319692894263,0.5009618816319875,0.48311701877627766,0.3991155911872523,0.4691893209376791,0.5292525178666344,0.5388278101306561,0.5488383429521592,0.5127133766832898,0.540133531803037,0.46179023146093795,0.45569686365654616,0.497479957172326,0.5301229989815339,0.5514497862968895,0.5301229989815339,0.546226899607413,0.5418744940328519,0.49095134881048436,0.5109724144534747,0.531428720653915,0.4744122076271556,0.4787646132017166,0.5919271581403042,0.673752382942049,0.7085716275385374,0.7042192219639763,0.6176063510302208,0.6219587566047818,0.6441560250350369,0.6585189634310852,0.6950791702574044,0.6132539454556597,0.6450265061499523,0.6698352179249535,0.6689647368100381,0.7246755281644165,0.6885505618955629,0.6611304067758313,0.6589542039885509,0.6933382080275736,0.7111830708832836,0.685503877993367,0.7438261126924914,0.8809268882911648,0.9340262363008129,0.926627146824056,0.8604705820907247,0.8678696715674817,0.8543772142863328,0.815640804672749,0.824345615821871
2018-09-14,0.0,-0.012241989148347867,0.01661412812991772,0.04984238438972135,-0.04372138981553946,-0.02885611727824968,0.01880019762069469,0.048530742695258346,0.03716318134320854,0.11935939419643546,0.15914585892857,0.1652668535027519,0.12154546368721242,0.12635481656691538,0.13990844740972627,0.16920177858614088,0.19849510976255552,0.19499739857731554,0.1980578958644065,0.18494147891974463,0.16745292299352885,0.16876456468799186,0.2124859545035313,0.2085510294201264,0.22035580467032523,0.19106247349391062,0.1530248643543881,0.07039143760302807,0.015302486435438812,-0.025358406093009708,0.03891203693583648,0.00043721389816493803,0.01661412812991772,0.079572929464285,0.10012198267759173,0.07257750709380505,0.12198267758536145,0.15827143113225603,0.19368575688285253,0.18406705112343066,0.21904416297586224,0.2098626711145894,0.2037416765404234,0.21904416297586224,0.22472794365187918,0.2693237612637326,0.321352215144215,0.3768783802099533,0.399613502914037,0.4227858395162698,0.3816877330896722,0.39218086664539215,0.4087949947752939,0.42890683409045166,0.40617171138636793,0.4450837483222044,0.43939996764617156,0.37950166359889526,0.32178942904238,0.4385255398498735,0.4848702130543389,0.4332789730720056,0.3829993747841352,0.4087949947752939,0.398739075117723,0.4127299198586989,0.46913051272075107,0.4446465344240395,0.46126066255394127,0.4739398656004541,0.6685000502796047,0.6632534835017367,0.6536347777423149,0.6733094031593077,0.644016071982909
2018-09-21,0.0,0.41274448453539625,0.43227218057793754,0.428721690388389,0.4611199133680459,0.49085526870554536,0.6262177071822076,0.6009204645816478,0.5995890307605691,0.6097966900555273,0.6359815552034782,0.5165963225797926,0.5081639083796007,0.3936605997665585,0.35948713169211927,0.4256150114725279,0.3483918498497699,0.36259381060798035,0.4100816168932388,0.4260588227462154,0.4686647050208466,0.4788723643158048,0.5556517146648592,0.47354662903147393,0.4731028177577864,0.42517120019884036,0.3776833939135819,0.2432085779843109,0.2871458940800047,0.24720287944754696,0.2538600485529566,0.18329405603562435,0.11938523262368557,0.15977205852983078,0.18373786730931185,0.23743903142627631,0.23300091868933653,0.22856280595239684,0.1801873771197633,0.08210508563338526,-0.4762094966736313,-0.7429400721637035,-0.8312585156288108,-0.7624677682062448,-1.0735794710657145,-1.7650374354809233,-3.5220862680353746,-3.4248915990963877,-1.793441356997344,-1.315012803955243,-1.2151552673740986,-1.203172362984358,-1.0873376205502372,-1.1099719955086236,-1.1308311253722436,-1.0491698510125458,-1.1166291646140332,-1.4375047154947733,-1.4339542253052249,-1.6909209527740425,-1.82051384469267,-1.726869665943248,-1.8861979131993913,-2.286959493345047,-2.2882909271661256,-2.1103226064148486,-1.9829487708646745,-1.746397361985789,-1.5484575339182671,-1.3802530611882604,-1.267081186396297,-1.1894142134998513,-1.14902738759369,-1.0891128656450035,-0.9723905006634914
2018-09-28,0.0,-0.2502702555391129,-0.5423279221664112,-0.7889644897847982,-0.6808622741435917,-0.6413459180058354,-0.6522469817679808,-0.6272653773130793,-0.41196936801083167,-0.4528483571188522,-0.5832069112744318,-0.686767017014747,-0.7181075753309025,-0.5627674167204216,-0.5227968495925827,-0.4823720714746447,-0.3224898029632725,-0.24254866870759467,-0.3256692798938996,-0.29841662048855266,-0.3061382073200709,-0.30659241831015344,-0.31885611504256284,-0.20666600049054784,-0.1771422861347553,-0.07857850128541378,-0.1571570025708441,-0.11627801346282365,0.016351595643201572,0.031340558316139105,0.11673222445290617,0.09856378484934152,0.03588266821703026,-0.035428457226947756,-0.04860057593953874,-0.16896648831315453,-0.25072446652919544,-0.23936919177696753,-0.17032912128341857,-0.153977525640217,-0.4410388713765417,-0.3956177723676301,-0.32930296781460927,-0.34474614147764576,-0.38335407563522067,-0.2693471171228426,-0.22528865108421156,-0.2575376313805322,-0.3729072228631743,-0.3978888273180757,-0.2965997765281896,-0.2688929061327601,-0.3124971611813086,-0.31840190405248037,-0.3315740227650548,-0.7644370963199792,-0.770341839191151,-1.1686848774992926,-1.166868033538946,-0.9370372725538433,-0.9615646660186623,-0.9456672813655432,-0.8766272108719944,-0.9969931232456101,-1.038780534333812,-1.0478647541355943,-1.2209191413595408,-1.2372707370027591,-1.4330356737311616,-1.2318202051216864,-1.030604736512211,-0.7571697204785599,-0.6395290740454722,-0.6749575312724365,-0.7399097028551769
2018-10-05,0.0,0.5990058034667736,0.5554678417132053,0.5573815982737916,0.5377655935276824,0.41480673450934025,0.3827513121193419,0.4569093788424644,0.5033179754369381,0.4564309397023221,0.34256242434682144,0.19950912144221042,0.10429973255251719,0.08994655834804186,0.13300608096146782,0.009090343662841333,-0.03923200949223602,-0.05262830541640951,0.08372684952610603,0.08133465382536015,0.2181682479080353,0.2459177180366841,0.19950912144221042,0.0827699712458042,0.08037777554505832,-0.00574126968179361,-0.011960978503729434,0.03396917895060203,0.13252764182132562,-0.011960978503729434,-0.08707592350715376,-0.12056666331759618,-0.1401826680637055,-0.03731825293163235,-0.057412696817901274,-0.13252764182132562,-0.1540574031280386,-0.1521436465674349,-0.15070832914699087,-0.2813222144077128,-0.12535105471908795,-0.1358767158023559,-0.23156454383219138,-0.21768980876787572,-0.23539205695339874,-0.22199576102920784,-0.36839813791486653,-0.4176773693502283,-0.42963834785395777,-0.3612215508126289,-0.36839813791486653,-0.3741394075966602,-0.37892379899815193,-0.35117432886948574,-0.3368211546650104,-0.4105007822479907,-0.3392133503657563,-0.27797314042666504,-0.08324841038594641,-0.21147009994593988,-0.1846775080975755,-0.29089099721069633,-0.19424629090055906,-0.6707716744891501,-0.7076114882806229,-0.6865601661140694,-0.1239157372986265,-0.2870634840895064,-0.3277308110021865,-0.5899154598039321,-1.0492170343471423,-1.3372373967169506,-1.6625760120183912,-1.7443891049838935,-1.7903192624382251
2018-10-12,0.0,0.5353598915726732,0.43951788566726013,0.5600464688513516,0.7231714991045136,0.637978604966355,0.6142601287574493,0.5857011471997676,0.7367249140810336,0.7556028849411809,0.791906675056869,0.9690691708214372,1.0537780144247095,0.9477709472868933,0.9598722106587891,0.9685851202865507,0.9134033593107155,0.873711215450893,0.9327653807057492,0.9284089258918595,0.9739096761701957,0.9569679074495413,0.9743937267050645,0.9690691708214372,1.053293963889823,1.0900818045403975,1.089597754005511,1.084273198121884,1.050389660680575,1.0644271261919813,1.1467157171208746,1.131710150539713,1.1563967278183913,1.1263855946560855,1.1365506558884713,1.0547461154944646,1.0920180066798904,1.1244493925165753,1.119124836632948,1.088145602400887,1.0634590251222262,1.1428433128418536,1.218839246817364,1.3054842925601466,1.2570792390725627,1.1108959775400553,1.1709182438646664,1.1728544460041594,1.3112928989786605,1.3839004792100367,1.393097439372667,1.4410184423253822,1.35630959872211,1.3538893460477308,1.3112928989786605,1.217871145747609,1.1989931748874618,1.3214579602110461,1.3771237717217677,1.4177840166513456,1.476838181906184,1.4652209690691742,1.3059683430950157,1.2774093615373516,1.3001597366765019,1.1917324168643242,1.1229972409119513,1.0784645917033704,1.1859238104458105,1.2546589863981834,1.425044774674483,1.4139116123723248,1.3330751730480732,1.3045161914903916,1.2551430369330523
2018-10-19,0.0,0.15274578736816583,0.427203297369371,0.15177597284518982,0.02666989938174324,-0.03297369378106084,0.05091526245605528,0.10037580312765536,0.17214207782761545,0.2642744575100012,0.21772336040732915,0.27154806643229484,0.30161231664444527,0.15856467450600426,0.09795126682022416,0.059158685901324906,0.07855497636077452,-0.012122681537156019,-0.16389865438234585,-0.130924960601285,-0.09746635955872733,-0.19832706994787952,-0.15953448902898026,-0.16486846890532186,-0.02909443568917445,0.05382470602496567,0.17165717056613627,0.22208752576069474,0.2162686386228563,0.22645169111407795,0.09407200872833776,0.108619226572925,0.18087040853436426,0.2633046429870252,0.21820826766880833,0.2162686386228563,0.19347799733301713,0.1386834767850578,0.02133591950540165,-0.005818887137838418,0.006788701660814427,0.030064250212150454,-0.025215177597288044,0.04558128257971369,0.12074190811008101,0.10425506121954176,0.0693417383925289,0.04461146805673768,-0.1905685537640891,-0.251666868711366,-0.247787610619462,-0.3084010183052421,-0.3874409019275134,-0.3884107164504718,-0.48636198327069596,-0.5726754758152433,-0.5877076009213273,-0.5964359316280761,-0.5411565038186376,-0.5018790156382592,-0.48393744696326474,-0.5411565038186376,-0.34864832100861415,-0.20220632803976593,-0.03830767365742008,-0.23954418717420997,-0.3370105467329373,-0.3922899745423758,-0.4078070069099214,-0.3496181355315725,-0.16680809795127385,-0.24972723966541396,-0.15807976724450742,-0.0756455327918465,-0.0043641653533832234
2018-10-26,0.0,-0.23701038970073451,-0.23204161842818252,-0.499361512891477,-0.5768743447432992,-0.5550117511440631,-0.3582484087510108,-0.3348951837700127,-0.33241079813373675,-0.24843856362760053,-0.2896793651897786,-0.2419791609732865,-0.060122132397890174,0.0586315010161101,-0.016893822326684065,-0.006459402654313998,0.035775153162378094,0.16993197752128236,0.23800414395523045,0.3353920608972607,0.10533795097810623,-0.05565023825258613,0.023353224980998063,0.1162692477777062,0.05962525527062412,-0.011428173926866007,0.02136571647197003,0.048197081343758115,0.09142539141494616,0.10732545948711619,0.1545287865763603,0.12968493021360025,0.17639138017559636,0.13415682435890428,0.11428173926869624,0.2921637508260546,0.3989923331859228,0.5018458985277531,0.3483108662058887,0.3686828284233628,0.3721609683141347,0.41489240125809285,0.3920360534043428,0.29564189071684466,0.27278554286309453,0.07850658610631815,0.1570131722126363,0.1609881892306743,0.14508812115852232,0.2544010891546666,0.20670088493815642,0.09937542545104021,-0.11925051054124824,-0.0814878488698602,-0.003478139890790023,0.13614433286791425,0.20421649930188038,0.1570131722126363,0.27278554286309453,-0.22756972428287844,-0.22210407588307848,-0.16496320624873037,-0.2986231534803867,-0.23899789820976255,-0.09092851428769817,-0.031800136144340095,-0.08496598876065022,-0.033290767526102084,-0.15701317221265437,-0.35576402311473476,-0.36818595129611487,-0.33241079813373675,-0.47749891929225907,-0.4228424352941869,-0.4988646357642291
2018-11-02,0.0,0.15964438496284425,0.1868890853906199,0.3470114475539447,0.3694763759768624,0.33792988074469194,0.46554979327486773,0.45551227206461903,0.5821762301938163,0.6046411586167341,0.5912577970030864,0.6137227254260041,0.6639103314771955,0.8077814688239371,0.864182778481463,0.8880816385058398,0.9487847429677605,0.9148483617331523,0.7982219248141863,0.7967879932127272,0.7977439476137058,0.7886623808044356,0.8369380780536698,0.9048108405229035,0.8837798437014623,0.8594030064765876,0.8962072509141314,0.8852137753029214,0.8723083908897545,0.9186721793370491,1.0950457663169397,1.0290849126496633,0.9793752837989698,0.9473508113663013,0.9817651698014074,0.9492627201682411,0.9593002413784897,0.9014650001194873,0.9009870229190068,0.8651387328824416,0.8603589608775661,0.9588222641779918,0.9994503262194323,0.9607341729799488,0.9506966517697175,0.9884568506082224,1.0486819778696626,1.0811844275028115,1.0807064503023136,1.0960017207179182,1.1657863919891092,1.1500131443730066,1.0630212938842887,1.038644456659414,1.1490571899720452,1.183949525607632,1.2570800372822215,1.2843247377100147,1.137107759959857,0.9583442869775113,0.8326362832492926,0.8307243744473354,0.6983246899122842,0.7590277943742049,0.9005090457185262,0.8240326936405202,0.9229739741414266,0.6404894486532993,0.7102741199244726,0.7939201300097916,0.9162822933346115,0.8909495017087755,0.7771909279927278,0.7704992471859127,0.7867504720024785
2018-11-09,0.0,0.08581940941074868,0.1782767841902734,0.20719934758283579,0.33758795304113987,0.23280292829101876,0.20672520719935794,0.09530221708044352,0.11948337663815849,0.2844842300908453,0.3575018491475025,0.42293322206839346,0.38689855292355996,0.4068124490299053,0.4418988374077832,0.41250213363172566,0.4575454700627762,0.5542701082936705,0.5609080736624465,0.5471580025413993,0.5708650217156365,0.6035807081760733,0.6026324274091176,0.6277618677338056,0.567071898647762,0.5722874428660872,0.5865116543706296,0.5869857947541074,0.48599389307186075,0.5500028448423009,0.6429343600053208,0.599313444724721,0.6002617254916939,0.5722874428660872,0.5879340755210803,0.5604339332789687,0.5585373717450228,0.5599597928954908,0.4409505566408102,0.4584937508297492,0.4774593661691388,0.5315113698864063,0.3181481973182724,0.3138809338669028,0.3110360915660012,0.34185521649250944,0.370303639501594,0.39590722020975977,0.24655299941206593,0.27737212433857417,0.3285792857549229,0.3285792857549229,0.27026001858630305,0.3081912492650824,0.29870844159538756,0.2735790012706997,0.19202685531132058,0.1692681169040564,0.19107857454434765,0.23090636675707288,0.26741517628540146,0.2745272820376726,0.26788931666887933,0.29918258197888264,0.2569840878487337,0.2963377396779639,0.28780321277524196,0.3148292146338757,0.3300017069053909,0.3437517780264381,0.38405371062264115,0.4404764162573324,0.3679329375841703,0.32668272422099426,0.3086653896485775
2018-11-16,0.0,0.11895302530925092,0.08133942046838,0.07005533901611186,0.19182938468843838,0.16644020142084365,0.27928101594345645,0.34510482441498064,0.4424300269407376,0.4179811837941681,0.3930621705870945,0.36156077653286167,0.4208022041572436,0.4104584628260007,0.45653512875606417,0.4758121012370037,0.49696975395999365,0.4964995838994896,0.4038760819788415,0.2962071381218586,0.2252114589847045,0.2111063571693779,0.24401826140513996,0.2642355740071047,0.3300593824786288,0.2548321727968869,0.17443309244953215,0.179134793054641,0.07757805998429632,0.11942319536975497,0.1607981606947096,0.18524700384127912,0.24401826140513996,0.24448843146566113,0.24354809134463593,0.21627822783500789,0.3168946207843274,0.30184917884797563,0.37848689871126384,0.3408732938703929,0.3610906064723576,0.3747255382271631,0.32582785193404107,0.28633356685111977,0.2900949273352034,0.3089017297556389,0.38224825919534755,0.428795095185915,0.4372581562751247,0.48098397190263376,0.39071132028454003,0.4593561491191227,0.390241150224036,0.29338611775878304,0.2806915261249857,0.20593448650376497,0.2045239763222357,0.19653108529354724,0.17490326251003618,0.19041887450690914,0.28774407703264904,0.23602537037645147,0.21298703741142827,0.21580805777448678,0.11707234506720055,0.03949428508290423,-0.029150543751678398,0.023038332965023188,0.05548006714028122,0.1880680242043547,0.3338207429627296,0.45089308802993017,0.4170408436731428,0.4602964892401478,0.4081076125234463
2018-11-30,0.0,0.19985114535380544,0.15253006955739049,0.15298949747773738,0.23201109977855575,0.23384881145995998,0.1837711681414303,0.08499416526541151,0.0960204353538873,0.08866958862823676,0.0748867510176295,0.12496439433617593,0.12542382225652285,0.1502329299556226,0.07534617893797639,0.1052089937609588,0.16309691172551938,0.1359906644246517,0.11485698008839393,0.1162352638494513,0.12726153393794382,0.09096672823000465,0.18285231230071977,0.17779860517683713,0.17504203765470566,0.17687974933612666,0.1483952182742016,0.11118155672556866,-0.014242265530970875,-0.04869935955748905,-0.09326386783177253,-0.15298949747773738,-0.17090718637153351,-0.16723176300870826,-0.17044775845118662,-0.11485698008839393,-0.14563865075208685,-0.10107414247778666,-0.07764331853976097,-0.1290992456193648,-0.11164098464591557,-0.12312668265475496,-0.18331174022108337,-0.2609550587608277,-0.29449329694665205,-0.28622359438027434,-0.29908757615018783,-0.264171054203306,-0.26508991004401655,-0.34043608898200967,-0.3183835488050246,-0.3987834348669003,-0.3450303681855454,-0.34916521946871754,-0.3023035715926495,-0.31654583712362033,-0.33813894938024175,-0.32803153513245975,-0.34227380066341395,-0.3128704137607951,-0.40705313743327814,-0.4392130918580284,-0.4033777140704361,-0.4291056776102464,-0.28071045933604477,-0.1410443715485511,-0.16631290716799774,-0.33905780522093554,-0.30506013911478097,-0.24900993283164138,-0.14334151115031896,-0.12358611057511856,-0.12542382225652285,-0.011485698008839394,-0.013782837610607272
2018-12-07,0.0,-0.11098674742989752,-0.0978188282433021,0.0790075151195895,0.0846509090567067,-0.012697636358509427,0.0037622626247390987,-0.037622626247425205,-0.10064052521185216,-0.09922967672757713,-0.04843913129355652,-0.011286787874217295,0.00517311110903123,0.020692444436090706,0.07524525249485041,0.03715234341933923,0.060196201995876907,0.0714829898701113,0.08041836360388163,0.01645989898324853,0.012697636358509427,0.02304385857655478,0.031508949482222035,0.01975187877990165,-0.038092909075511175,-0.0395037575597862,-0.009875939389942271,-0.0507905454340206,-0.13261975752217728,-0.14531739388066958,-0.1467282423649617,-0.14108484842784452,-0.12086268681985687,-0.10487307066469433,-0.08935373733763485,-0.07994808077577856,-0.07524525249485041,0.04655799998119553,0.08747260602527386,0.15143107064588987,0.11239759591418963,0.09405656561856302,0.12321410096032097,0.03009810099794701,-0.03621177776315018,-0.20269189890799647,-0.2036324645641855,-0.11945183833556475,-0.18341030295619787,-0.23184943424975438,-0.22103292920362308,-0.30239185846367667,-0.20974614132938865,-0.06113676765206595,0.03715234341933923,0.006583959593306254,-0.023514141404640754,0.03291979796649706,0.10252165652423026,0.1128678787422756,0.03339008079460013,0.0028216969685671556,0.035741494935064205,0.021162727264176676,-0.00047028282808597147,0.17494521205053062,0.34001448471110185,0.33907391905492995,0.2864022423085312,0.37904795944281916,0.4430064240634352,0.4909752725289057,0.5544634543214357,0.5662205250237562,0.6221841815667909
2018-12-14,0.0,0.16599941411971825,0.10648141690032809,0.11624608831912807,0.2729458153733161,0.34362343707134935,0.3798922166269139,0.4552196818577122,0.4761439777551554,0.4835837274075727,0.39430673157849594,0.4110461682964436,0.47009918116256405,0.43290043290044306,0.3771023105072616,0.26364612830778583,0.2929401425642027,0.36408274861552264,0.3315338438861668,0.3389735935385842,0.35431807719670577,0.30828462622234115,0.3120045010485499,0.17901897601145722,0.2027331780285695,0.12973063456415368,0.14600508692883163,0.15855966446730085,0.13484546245018855,0.19575841272942182,0.2622511752479597,0.3101445636354371,0.3798922166269139,0.3073546575157847,0.2873603303248981,0.29666001739042835,0.28643036161834173,0.2780606432593679,0.3343237500058191,0.3013098609231935,0.3254890472935586,0.4203458553619739,0.4240657301881826,0.3859370132195052,0.35245813978360985,0.37570735744743544,0.40686130911694823,0.40593134041040874,0.40128149687764364,0.3761723418007052,0.42174080842180006,0.4091862308833308,0.2999149078633504,0.3101445636354371,0.29108020515110683,0.2613212065414033,0.2487666290029341,0.3645477329687924,0.2780606432593679,0.21296283380065617,0.22923728616533406,0.1813438977778398,0.20645305285477822,0.2961950330371417,0.3003798922166371,0.30456475139611555,0.3729174513277662,0.3515281710770534,0.302239829629733,0.30642468880922835,0.3915168254588267,0.499393195418981,0.47009918116256405,0.4603345097437471,0.43708529207992153
2018-12-21,0.0,0.10846433720052505,0.14416146083613646,0.22333585043820176,0.14370380540491728,0.11944806754993499,0.0887851536578177,0.024713393286201483,-0.04713850941625717,-0.1560605020480014,-0.2700167044232398,-0.33500377565731093,-0.6054781355117699,-0.8613075215670155,-0.8576462781172122,-0.9500926752248167,-0.9555845403995299,-0.9363630122880418,-0.8027276263701126,-0.8004393492139834,-0.9217180384888285,-1.0109608475778653,-0.9468890872062491,-0.8997505777899752,-0.957872817555659,-0.9121072744330759,-0.821949154481584,-0.8690876638978581,-0.8393400608681789,-0.941854877462755,-0.9999771172284387,-1.005011326971916,-1.003638360678242,-0.9807555891169505,-0.9908240086039222,-1.0686254319123132,-1.0274364431019887,-0.9780096565296023,-0.9459737763437941,-0.819660877325455,-0.82240680991282,-0.8480355140614598,-0.9052424429646886,-0.901123544083666,-0.8764101507974646,-0.9171414841765702,-0.9203450721951376,-0.9185144504702443,-0.9780096565296023,-0.9761790348046923,-0.9532962632434007,-1.005011326971916,-1.0439120386261116,-1.0150797464588877,-1.064048877600055,-1.0146220910276686,-1.2365849751721962,-1.2612983684583812,-1.3102674995995482,-1.3445916569414855,-1.336811514610643,-1.4255966682684607,-1.4411569529301456,-1.5862337246287204,-1.5487059792682156,-1.4677009679412405,-1.4846342188965993,-1.4841765634653636,-1.4690739342349146,-1.554655499874148,-1.6136930505022702,-1.639779410082146,-1.7006475824351779,-1.647559552412988,-1.6370334774947974
2018-12-28,0.0,0.16543208735553236,0.1723635993955688,0.2389061149799251,0.33502308193509334,0.38492996862335216,0.47134281872247613,0.3886267750447184,0.3923235814660677,0.45794189544508246,0.42929164567959527,0.4828953387892035,0.5337264270828038,0.5378853343068324,0.5452789471495312,0.5554451648082546,0.5078487821333413,0.5069245805279997,0.48936475002657753,0.4986067660799594,0.5161665965813816,0.4657976090904436,0.46533550828778125,0.5115455885546907,0.48613004440789054,0.5018414716986465,0.5073866813306621,0.5060003789226583,0.4768880283545086,0.39648248869007957,0.3983308919007626,0.4547071898263954,0.4875163468158944,0.4838195403945451,0.524484411029422,0.5466652495575351,0.5674597856776444,0.5351127294908078,0.5203255038054102,0.481971137183862,0.48705424601323205,0.481971137183862,0.5166286973840439,0.5032277741066503,0.5101592861466868,0.5129318909626946,0.5092350845413453,0.519863403002731,0.5351127294908078,0.5711565920990105,0.5596040720322832,0.5803986081523924,0.603041547483168,0.571618692901673,0.5540588624002507,0.5323401246748,0.570232390493669,0.5877922209950912,0.5554451648082546,0.530953822266796,0.5180149997920648,0.5378853343068324,0.5526725599922468,0.5383474351094948,0.5577556688216001,0.61736667236592,0.5988826402591563,0.5762397009283639,0.48982685082923993,0.40618660554614056,0.3230084610657036,0.29482031210287873,0.27217737277210324,0.33640938434309725,0.34380299718581286
2019-01-04,0.0,0.18840491629306508,0.03366043169503989,-0.009817625911045508,-0.11781151093261412,-0.2753610315052189,-0.4258979621413577,-0.3908350124590281,-0.29780131930190645,-0.34548693086987825,-0.40486019233195986,-0.41935287820064937,-0.4922838135399053,-0.49695887349754925,-0.5614747009130325,-0.5792399287520761,-0.5282817752137671,-0.5198666672899944,-0.6194454443878243,-0.5970051565911196,-0.49649136750177464,-0.366524700679276,-0.15661450858107256,-0.20663765012784932,-0.20663765012784932,-0.2295454439203115,-0.17063968845400443,-0.14773189466154224,-0.06311330942819342,-0.050023141546776735,-0.0869561152121708,-0.11734400493685652,-0.08882613919523519,-0.13323920879285278,-0.13136918480978838,-0.052360671525598715,-0.10799388502156859,-0.1290316548309664,-0.09537122313592653,0.061710791440903634,0.14586187067849485,0.21505275805162202,0.23281798589068267,0.3006063552765201,0.19962506019140036,0.20243009616599697,0.24684316576361454,0.2926587533485219,0.13744676275473913,0.1397842927335611,0.20804016811515608,0.2604008396407718,0.28891870538241016,0.2599333336450142,0.09677374112323331,-0.009817625911045508,-0.035997961673844864,0.0028050359745965788,-0.002805035974579571,-0.239363069831357,-0.3389418469291869,-0.2276754199372471,-0.1547444845980082,-0.09209868116557235,-0.06358081542395101,0.044413069597617594,0.15895203855989454,0.11500647495805154,0.24076558781866378,0.2384280578398418,0.18840491629306508,0.2398305758271486,0.2309479619076183,0.2805035974586374,0.3001388492807454
2019-01-11,0.0,0.07526434870942085,-0.007849656000372756,-0.07295562635637103,-0.046636191531599695,0.06418248141479177,0.0757260931800409,0.05679456988502226,0.027242923765994624,-0.027704668236597868,-0.09142540518076961,-0.04432746917854987,-0.05587108094379897,-0.16853673177263703,-0.14360253035969223,-0.14452601930091552,-0.23364270212863528,-0.23964538024657828,-0.21471117883363347,-0.1870065105970356,-0.1569931200073879,-0.16161056471348756,-0.22810176848132913,-0.2516507364824306,-0.2461098028351077,-0.2133259454218069,-0.21055547859813706,-0.40772036754859525,-0.5046867063766878,-0.5037632174354645,-0.4271136353142171,-0.4543565590802118,-0.49637530590571183,-0.6482892367363968,-0.5974973449693007,-0.5974973449693007,-0.5231564852010864,-0.5263886964953595,-0.49914577272936483,-0.5494759200258578,-0.5328531190839058,-0.5596342983792804,-0.6136584014406494,-0.5430114974373115,-0.6205845684997989,-0.5933416447338042,-0.578565821674282,-0.5365470748487821,-0.5771805882624556,-0.6436717920302971,-0.6039617675578302,-0.6081174677933265,-0.6275107355589484,-0.671376460266895,-0.6926167059149467,-0.6635268042665222,-0.721706607563371,-0.7978944452140152,-0.8200581798032902,-0.7942004894491388,-0.645980514383347,-0.6155053793230792,-0.6926167059149467,-0.6164288682643025,-0.60627048991088,-0.5129981068476638,-0.44789213649166554,-0.406796878607372,-0.4441981807267892,-0.39756198919517266,-0.2341044465992553,-0.24980375859998405,-0.37770697695894756,-0.4058733896661655,-0.42942235766726694
2019-01-18,0.0,-0.1269047160907883,-0.2735094422606482,-0.3633048370396974,-0.36834437450177965,-0.2776327001841822,-0.21211871317702935,-0.234109422102505,-0.29091875349331575,-0.3092443442645482,-0.41828160935339487,-0.4352327808167715,-0.454474651126569,-0.563511916215399,-0.48929327359192076,-0.46226302720434614,-0.4581397692808122,-0.4925002519768731,-0.40041415835143646,-0.20845359502276953,-0.25243501287373754,-0.26572106618287106,-0.26663734572143605,-0.3193234191887294,-0.35643274050048523,-0.32161411803513346,-0.3280280748050715,-0.2703024638756792,-0.2904606137240416,-0.2684699047985659,-0.3193234191887294,-0.30008154887893196,-0.2867954955697984,-0.3069536454181441,-0.36788623473250553,-0.3907932231965461,-0.3623885575011324,-0.39033508342725526,-0.38071414827236494,-0.414616491199135,-0.43294208197036754,-0.3733839119638619,-0.4237792865847512,-0.4421048773559837,-0.3985815992743066,-0.44897697389519586,-0.4691351237435583,-0.44897697389519586,-0.3729257721945878,-0.30008154887893196,-0.343146687191335,-0.29366759210901056,-0.28450479672339435,-0.23869081979531315,-0.2638885071057578,-0.2790071194920213,-0.19150242355939281,-0.0930023731640182,-0.16630473624894815,-0.13148611378359643,-0.10674656624244257,-0.20158149848355736,-0.2900024739547674,-0.2826722376462644,-0.2721350229528091,-0.16859543509535221,-0.13744193078424363,-0.14843728524698982,-0.20341405756068728,-0.19654196102147506,-0.09941632993393956,-0.10262330831890859,-0.13056983424503146,-0.07421864262349491,-0.05955817000650558
2019-01-25,0.0,0.4894219480190578,0.5009323419047367,0.5561822325559947,0.522571882409816,0.4926448583070513,0.4751490596008229,0.5437510071594583,0.5359239393172102,0.5925550772347463,0.573678031262223,0.5598655585994086,0.5331614447846372,0.48527820622022355,0.4659407444922799,0.47560947535624337,0.4452220354980581,0.41897833743870716,0.43739496765579317,0.434632473123237,0.47745113837795866,0.5046156679481505,0.4613365869380084,0.45857409240543545,0.3821450770045351,0.34531181657036303,0.3222910287990055,0.3135431294458829,0.30847855613619096,0.31952853426644934,0.3287368493749923,0.3582034577223199,0.3628076152765914,0.35728262621146223,0.3651096940537272,0.3489951426137769,0.3117014664241844,0.26519947512603215,0.25230783397407525,0.3089389718916114,0.32321186030986315,0.3540597159234856,0.3255139390869989,0.3683326043417206,0.371555514629714,0.36925343585257825,0.2974285780059327,0.31078063491332675,0.27532862174543277,0.27763070052256855,0.2642786436151912,0.18324547066000263,0.11464352310136723,0.05709155367297339,0.0009208315108576514,0.05755196942839384,-0.01335205690739407,-0.08517691475402288,-0.29788899376136985,-0.39595754966734964,-0.6952277906949976,-0.6321508322014746,-0.4295678998135283,-0.4926448583070513,-0.572296783995945,-0.5340822762954949,-0.6745090817007758,-0.7389672874605768,-0.8835378346647089,-0.943852298625659,-0.8282879440134508,-0.780865121204441,-0.780865121204441,-0.7380464559497192,-0.7762609636501694
2019-02-01,0.0,0.10150551128787423,0.15964048593455912,0.13241855336191202,0.20393379995109615,0.1850168637565277,0.1665613162496415,0.24407461577856024,0.22561906827167402,0.3557306781952253,0.322972081370509,0.3225106926828267,0.2851382089813888,0.3054393112389704,0.33589096462532597,0.24684294790460326,0.16702270493732368,0.17440492394007145,0.2832926542306935,0.27729460129095884,0.2694509936005288,0.24407461577856024,0.21454573976755234,0.11396300585502579,0.2071635207647878,0.16240881806060214,0.14026216105232522,0.20854768682781769,0.25422516690735103,0.27775598997864104,0.2616073859101156,0.26206877459778105,0.2459201705292556,0.19332186013462316,0.25560933297036414,0.1887079732579016,0.22423490220866094,0.32158791530749586,0.5061433903763581,0.6773185935027212,0.9739915196759139,0.6736274840013472,0.5315197681983267,0.5541278138942521,0.900169329648369,1.01459372419106,1.1377845037995291,1.2457494567148202,1.1447053341146114,1.0648850911473318,0.9762984631142746,0.9453854210402368,0.9052446052127728,0.9020148843990643,0.6265658378587841,0.5915002975957069,0.44800841572965644,0.2200824040196216,-0.02122387963292923,-0.0350655402630939,0.17117520312636303,0.2523796121566725,0.05121414433160256,-0.21408435107988694,-0.1370324402386336,0.1513354895564637,0.1411849384276729,0.2671440501621681,0.23807656283882558,0.35157818000618596,0.4295528682227702,0.4595431329214603,0.4798442351790419,0.496915616622915,0.48861062024480273
2019-02-08,0.0,0.1544247224896899,0.03678941918136069,0.07721236124484494,0.18803480914920068,0.16623367185654192,0.11763530330831268,0.027705611976084808,-0.009537997565549582,-0.025888850535039545,0.01271733008738292,-0.01498828188870189,0.01998437585159701,0.035881038460829795,0.019530185491339825,-0.0649492215177192,-0.18031357302472942,-0.18031357302472942,-0.14715767672547578,-0.15397053212943268,-0.08992969133222785,-0.10945987682358421,-0.06676598295878099,-0.11491016114673651,-0.09765092745671565,-0.10173864069909641,-0.04723579746744116,-0.03315589629925364,-0.09674254673618476,-0.08765873953090889,-0.08856712025143978,-0.05586541431244332,-0.05813636611376229,-0.11491016114673651,-0.10855149610305333,-0.10037606961830832,-0.10083025997856551,-0.10173864069909641,-0.10355540214014167,-0.08402521664880185,-0.1953018549134313,-0.26252202823246945,-0.24707955598351042,-0.2329996548153229,-0.421942844685071,-0.5082390131351918,-0.5091473938557227,-0.41331322784005237,-0.41285903747979513,-0.31429972930254857,-0.3247461075886125,-0.3538142906455019,-0.28750249804697814,-0.18621804770815542,-0.06404084079720483,-0.03996875170321055,0.026343040895296734,-0.02361789873372058,0.029068183056872886,0.01998437585159701,-0.13989063096124515,-0.20393147175845,-0.11945206474937445,-0.1167269225877983,-0.06176988899588586,-0.06358665043693112,-0.11990625510964817,-0.1807677633849866,-0.15851243573207063,-0.3560852424468209,-0.584997184019763,-0.6871900150791166,-0.7489599040750026,-0.7530476173173668,-0.7498682847955334
2019-02-15,0.0,-0.07788089353169206,-0.039639975749661896,-0.11425640069020193,-0.12451615911952957,-0.1940027048453973,-0.1692860140838468,-0.21358951639229248,-0.2732826563447211,-0.2844751200858089,-0.20239705265122163,-0.4169192743552742,-0.4066595159259466,-0.28960499930046424,-0.3017301683533122,-0.3143216900620317,-0.3730821247027002,-0.40619316327005806,-0.41925103763466615,-0.43137620668749704,-0.5036608683486452,-0.7111878002145222,-0.6790094669589075,-0.7470969547171605,-0.7568903604905997,-0.6794758196147961,-0.6846056988294514,-0.6902019306999954,-0.5899361096861446,-0.6001958681154723,-0.5680175348598576,-0.5708156507951381,-0.6864711094529717,-0.737769901599593,-0.8100545632607412,-0.7732127034463427,-0.933171664412622,-0.8175162057547884,-0.7293755537937856,-0.7489623653406638,-0.8361703119899234,-0.8636851186867543,-0.8413001912045958,-0.7606211817376232,-0.7844051671874306,-0.749895070652424,-0.7438324861260085,-0.6790094669589075,-0.68507205148534,-0.7373035489437044,-0.7130532108380425,-0.6379704332416138,-0.5866716410949926,-0.5321083803572193,-0.5087907475633006,-0.4430350230844564,-0.4304435013757369,-0.33297579629716667,-0.29566758382689673,-0.23690714918621122,-0.14736743925755977,-0.09280417851980345,-0.08534253602573927,-0.08067900946695553,-0.0788135988434522,-0.2840087674299373,-0.39966422608777097,-0.4360397332462808,-0.30686004756796753,-0.24716690761553886,-0.176747656577911,0.005596231870543896,0.059693139952428635,0.041505386373182185,0.01865410623513501
2019-02-22,0.0,0.08453870665069131,-0.007896472599226562,-0.02276042102132892,0.008360970987444193,-0.054810809806486595,-0.0464498388190593,0.025547411350482614,0.045520842042691634,0.07060375500497353,0.1518909729383273,0.2136692585676728,0.2638350844922704,0.20995327146215143,0.18765734882900634,0.20112780208654027,0.2113467666267198,0.2554741135048262,0.22110123277873242,0.1955538214282498,0.23875217152997158,0.1718644036305194,0.17790288267701063,0.1969473165928182,0.18951534238177548,0.14678149066823754,0.1602519439257546,0.18951534238177548,0.19787631336920275,0.19323132948729682,0.16303893425490829,0.18533485688805337,0.07803572921603315,0.10033165184917822,0.1477104874446221,0.14956848099737433,0.17000641007776718,0.20855977629758304,0.19787631336920275,0.18951534238177548,0.16303893425490829,0.18672835205262178,0.16814841652499807,0.0831452114861229,0.08686119859164428,0.12587906319966083,0.10172514701374663,0.09011268730898181,0.08268071309793908,0.09382867441450317,0.12448556803509245,0.12541456481146013,0.14817498583280594,0.11751809221223355,0.07060375500497353,0.16536142619586125,0.14120751000994705,0.12541456481146013,0.16257443586670756,0.1463169922800368,0.2183142424495787,0.23782317475358702,0.26151259255131737,0.18208336817071583,0.11612459704764826,0.1551424616556648,0.18254786655891658,0.16118094070213915,0.1755803907360577,0.17697388590062607,0.23271369248349724,0.2113467666267198,0.18719285044082248,0.2480421392937834,0.2294622037661597
2019-03-01,0.0,0.07516612636209448,0.1272751587481021,0.17246706294126185,0.1272751587481021,0.11805232115766065,0.12081917243478638,0.1429539826518425,0.12773630062761746,0.04703647171125476,0.06363757937404266,0.0825443964344577,0.10790719980817169,0.08992266650680415,0.020290242698977903,-0.02812965465083972,-0.025362803373713994,0.057181593060743705,0.08946152462728879,0.021673668337540766,0.02305709397610363,-0.04657532983172262,-0.05118674862694334,-0.021212526458008626,0.006455986313315726,0.029051938409887217,0.01706224954232004,0.02997422216893472,0.043808478554596894,-0.03366335720510794,-0.027668512771324354,-0.018906817060398266,-0.017523391421835403,-0.014756540144709679,0.0,-0.023979377735151127,-0.010606263229004313,0.004150276915705364,-0.0156788239037404,-0.05118674862694334,-0.08669467335014629,-0.06778785628974802,-0.14433740829040534,-0.16970021166411933,-0.16923906978460398,-0.10606263229007669,-0.09868436221771347,-0.0631764374945273,-0.06133186997643229,-0.06686557253070052,-0.0797775451573152,-0.10467920665151384,-0.14433740829040534,-0.16785564414602436,-0.17938419113407617,-0.15909394843511504,-0.165549934748414,-0.06686557253070052,-0.06778785628974802,-0.1042180647719817,-0.04565304607267512,-0.003689135036173225,0.02812965465085649,0.0756272682416266,0.09361180154297738,0.13188657754332284,0.1281974425071328,0.13649799633854356,0.14433740829040534,0.19690758255592836,0.22088696029107946,0.15817166467606752,0.14018713137471675,0.1507933946037211,0.14848768520611072
2019-03-08,0.0,0.10167306662308259,0.12482184518460016,0.18201294516008307,0.18473633087319502,0.03222673093856289,0.04902094283613058,0.018155904754123656,-0.05310602140581501,-0.05446771426237097,-0.03041114046316043,0.0735314142541876,0.05991448568859486,0.09304901186488375,0.09985747614768012,0.0635456666394328,0.10394255471734805,0.07216972139763164,0.04357417140989018,0.03358842379511886,0.03631180950824731,0.07943208329929101,0.07716259520502555,0.06763074520910073,0.08260936663124945,0.11029712138129792,0.1860980237297675,0.24737420227493484,0.20743121181584961,0.18292074039779255,0.15341739517234163,0.17111940230760228,0.13753097851248341,0.11347440471327287,0.14615503327068224,0.1693038118321998,0.17520448087728668,0.13662318327477393,0.14933231660265717,0.1593180642174285,0.029503345225450943,0.0027233857131119437,-0.059006690450901886,0.006808464282796372,-0.009531849995924829,-0.050836533311549546,0.04811314759842109,0.01906369999181663,0.01906369999181663,-0.04039688807793175,-0.04130468331564123,-0.01770200713527717,0.019517597610679633,0.016340314278704686,-0.012255235709036772,0.02814165236887846,-0.023148778561517574,-0.015432519041011714,-0.008624054758215344,0.07534700472960658,0.038581297602512776,0.05219822616810552,0.03222673093856289,0.055375509500063945,0.13163030946739654,0.17338889040186772,0.14660893088954524,0.11710558566409429,0.07216972139763164,0.08306326425011243,0.14660893088954524,0.1270913332788656,0.17656617373384267,0.16975770945104632,0.1761122761149962
2019-03-15,0.0,0.217635989518299,0.2532491514394688,0.2857846327007967,0.32975149927015,0.36448532385992954,0.34118288457817547,0.3257944812789018,0.42515959972563394,0.4361513163679723,0.3539332758832943,0.36756300451978746,0.3460192399007979,0.3838307451504514,0.3820720704876709,0.3517349325548267,0.3486572518949687,0.36404565519424237,0.33326884859569506,0.34206222190956576,0.3596489685373071,0.3596489685373071,0.3970208051212574,0.36624399852271006,0.362726649197165,0.33722586658692727,0.32623414994458894,0.3376655352526304,0.32887216193875973,0.2453351154569884,0.27479291605845835,0.2765515907212229,0.3046903853256154,0.3521746012205138,0.4106505337577505,0.408891859094986,0.42603893705702417,0.42076291306869856,0.43483231037089487,0.45989342431542946,0.4423066776876881,0.4664884543008324,0.49374791157383474,0.4853942069256512,0.5623362234220195,0.5948717046833474,0.6058634213256857,0.6256485112818947,0.6098204393169179,0.5693709220731257,0.59355269868627,0.5579395367650842,0.5570601994336939,0.5909146866920992,0.5794833013840737,0.616855137968024,0.6995128471184051,0.7162202564147563,0.6929178171330022,0.7571094423242516,0.7918432669140472,0.8375688081461811,0.8577935667680772,0.9013207646717434,0.7953606162395922,0.9074761259914432,0.9215455232936395,0.8982430840118855,0.8929670600235597,0.6005873973373601,0.3803133958249063,0.32931183060444685,0.32799282460736945,0.36932167918256803,0.44054800302490754
2019-03-22,0.0,0.04159607610349703,0.008232556728821554,0.014298651160586463,0.09662421844873895,0.13388736995810693,0.17938307819629645,0.206247210679802,0.18198283295275813,0.17331698376453156,0.20321416346391957,0.14991919095632925,0.11958871879753624,0.08535861450403495,0.01213218886352982,-0.11178945452811971,-0.3643989583649213,-0.4324258744925031,-0.49655315848537657,-0.42029368562898906,-0.41292771381899335,-0.40209540233371005,-0.37653114722843534,-0.36309908098669047,-0.38259724166020026,-0.46405622402952695,-0.48615413945949837,-0.39472943052371434,-0.30027167437204777,-0.31153727831673605,-0.3873634587137186,-0.4038285721713459,-0.43892526138367305,-0.4735886581365793,-0.47445524305540515,-0.5299166778600521,-0.4956865735665508,-0.43329245941132893,-0.37306480755314786,-0.39646260036136594,-0.3613659111490389,-0.4042618646307667,-0.40772820430605416,-0.3968958928207709,-0.34836713736669894,-0.2864063156708821,-0.29463887239970366,-0.243943654648575,-0.2573757208903199,-0.22227903167800858,-0.28597302321147705,-0.3340684862061283,-0.29507216485910864,-0.3340684862061283,-0.4033952797119409,-0.4237600253042765,-0.35443323179846387,-0.47445524305540515,-0.5702128765853025,-0.6694368497905031,-0.8054906820456509,-0.8189227482874116,-0.8189227482874116,-0.7257648695139759,-0.7179656052445593,-0.7417966905121824,-0.7855592289127361,-0.8388542014203264,-0.81069019155859,-0.8271553050162174,-0.9086142873855442,-0.8761173529296944,-0.7374637659180692,-0.6555714910893374,-0.6781026989787298
2019-03-29,0.0,0.06418319348002764,0.023261023140416698,-0.14387373572030696,-0.22054896014611683,-0.3187621689611799,-0.17574995261643123,-0.24380998328651787,-0.2084876888881137,-0.19771869669347925,-0.2265795957751027,-0.1313817047745404,-0.17101159605079833,-0.16670399917294454,-0.16756551854850277,-0.2084876888881137,-0.21279528576596748,-0.23821010734531106,-0.2924858280062625,-0.23993314609645883,-0.3196236883367538,-0.2929165876940572,-0.2089184485759085,-0.23261023140410428,-0.23304099109188342,-0.16670399917294454,-0.24854833985216643,-0.2550097351689471,-0.2386408670330902,-0.2339025104674573,-0.22011820045832203,-0.2011647741957748,-0.1835036269965649,-0.19082654168891947,-0.182642107620991,-0.15851956510501608,-0.22787187483845572,-0.2011647741957748,-0.23261023140410428,-0.23304099109188342,-0.19298034012784634,-0.17704223167978422,-0.1550734876027362,-0.14904285197373462,-0.1533504488515884,-0.17144235573857744,-0.16713475886072365,-0.12750486758446572,-0.11458207695090436,-0.05686027878767307,-0.058583317538805184,-0.06418319348001196,-0.02756862001825481,-0.02756862001825481,-0.1309509450867456,-0.14430449540810175,-0.21710288264382127,-0.19556489825455237,-0.1766114719920051,-0.13568930165239415,-0.08098282130364799,-0.0766752244257942,-0.05169116253424539,0.02627634095491748,0.06159863535330596,-0.012492030945766567,0.004738356565648564,0.08615193755707566,0.03230697658390337,0.10768992194634458,0.11845891414097903,0.10510536381963859,0.06849079035788141,0.10898220100969758,0.031876216896124264
2019-04-05,0.0,0.15610083339783468,0.21372483250337884,0.20684435499823065,0.17201193762847142,0.1767422659132481,0.14061975901127852,0.13330925166206536,0.1470702066723462,0.19480351936424076,0.20125396702530843,0.17158190778439086,0.0825657300616694,0.05418376035296223,0.03784262627826058,0.0580540289496091,0.06235432739032089,0.07482519286837568,0.08299575990573434,0.10578734164150365,0.08858614787865653,0.04730328284782964,0.05074352160039594,-0.05633390957333378,-0.14793026636049167,-0.13158913228579003,-0.13502937103835633,-0.07181498395988994,-0.07095492427174445,-0.13846960979092263,-0.09417653585159436,-0.05160358128854142,0.000860059688145486,0.015911104230636734,-0.005590387972922192,0.009460656569569056,-0.03569247705790469,-0.07095492427174445,-0.027951939864626605,-0.0769753420887472,-0.039562745654551555,-0.007740537193278085,0.006450447661067678,-0.010750746101779464,-0.04429307393932826,-0.004730328284792351,-0.022361551891704412,-0.04429307393932826,0.012900895322135356,0.10062698351264639,0.12384859509249628,0.07095492427174445,0.1126678191466519,0.1470702066723462,0.11825820711957409,0.05848405879367402,0.07826543162095763,0.05418376035296223,0.01763122360691206,-0.0025801790644364576,0.07224501380395487,0.08772608819051103,0.10191707304487244,0.13889963963498755,0.08643599865830062,0.05504382004110773,-0.005160358128857271,0.05203361113260634,0.06192429754624032,0.11524799821107272,0.13244919197391986,0.15911104230633605,0.23350620533064678,0.4076682921794741,0.46228208237651697
2019-04-12,0.0,0.009479367295324205,0.023267537906703443,0.09522455328482562,0.13141850113967848,0.08445254499468803,0.09867159593766651,0.1189229715231283,0.06937173338849542,0.056876203771929555,0.021113136248675928,0.02499105923311605,0.03576306752325363,0.040933631502522806,0.03662482818646777,0.021113136248675928,0.02800722155435771,-0.02499105923311605,-0.025852819896330193,-0.004739683647654265,0.0025852819896424245,-0.03403954619682535,-0.07023349405169388,-0.06506293007242471,-0.012064649284950955,-0.052567400455874526,-0.04653507581339121,-0.06032324642477045,-0.09651719427962331,-0.20682255917064155,-0.21026960182348245,-0.19648143121210318,-0.1757991752950422,-0.14649931274587108,-0.15856396203082204,-0.15899484236242128,-0.1650271670049046,-0.15727132103600866,-0.170628611315773,-0.13788170611376102,-0.10685832223816168,-0.11332152721224421,-0.09996423693247988,-0.09134663030036981,-0.15554779970958038,-0.1611492440204488,-0.14994635539871198,-0.09867159593765083,-0.05213652012425962,-0.06635557106723809,-0.10168775825889248,-0.09005398930554076,0.07152613504652293,0.062477648082797974,0.08876134831074307,0.06204676775119874,0.08143638267344638,0.11159800588583159,0.08100550234183146,0.13572730445573353,0.26197524161614283,0.3089411977611489,0.3278999323517974,0.3046323944450939,0.296876548476198,0.3925319820926228,0.3399645816367483,0.34341162428958916,0.29558390748138463,0.40632015270398636,0.3287616930149958,0.31325000107720397,0.29342950582335714,0.24775619067316434,0.21414752480793825
2019-04-26,0.0,-0.0509539958209222,-0.12460178809989629,-0.11047168841846894,-0.0445312232384538,-0.12759908197171801,-0.08949063131573261,0.018840132908564625,0.02740382968518916,0.04067755968896653,-0.006850957421308972,0.01370191484258679,0.03425478710649813,0.0385366354948104,0.04453122323843822,-0.0706504984071524,-0.06294317130819342,-0.03339841742884814,-0.0796423800226175,-0.08520878292742033,-0.05694858356456561,-0.04838488678794107,-0.03639571130065426,-0.06465591066352457,-0.0513821806597472,-0.07236323776248353,-0.06936594389066184,-0.05694858356456561,-0.0038536635494872706,-0.002997293871821702,-0.02697564484637974,-0.0256910903298736,0.008991881615449528,0.026975644846364163,0.017983763230899057,0.04667214743259435,0.09034700099338258,0.01841194806973963,-0.000428184838840573,0.022693796458051897,0.05994587743637173,0.05694858356455003,0.07279142260130853,0.07792964066727079,0.011989175487271232,-0.08863426163806702,-0.08221148905559862,-0.07878601034495193,-0.0475285171102755,0.010704620970780666,0.008991881615449528,0.0548076593703939,0.04881307162675049,0.011132805809605661,0.06722501969649013,0.023550166135717462,0.09205974034871373,0.37337717946081717,0.35453704655225254,0.4534477443222597,0.49284074949473566,0.4799952043297988,0.4945534888500668,0.3493988284862747,0.40977289076147144,0.4226184359264082,0.46629328948719645,0.43375124173602947,0.4170520330216054,0.459870516904728,0.6311444524372187,0.6315726372760593,0.6294317130819032,0.6298598979207282,0.6063097317850107
2019-05-03,0.0,0.18814474773244427,0.14505490754882802,0.1779055777878149,0.2623787298309684,0.14462827546779275,0.14846796419703265,0.1770523136257754,0.21075624802681733,0.21075624802681733,0.17662568154474012,0.18345179484116486,0.2815771734771368,0.2982158246371401,0.3297865986330677,0.31826753244536354,0.3148544757971589,0.3118680512299741,0.29522940006995524,0.27048473937045237,0.2764575885048221,0.3161343720402337,0.29266960758380567,0.3054685700145846,0.31314794747304886,0.23763406913144997,0.25256619196735874,0.18046537027398,0.15700060581755193,0.20990298386476228,0.18985127605655436,0.16894630408627584,0.13396247344214365,0.16766640784320108,0.20179697432527824,0.1949708610288535,0.19198443646168417,0.20009044600116818,0.20606329513553787,0.20179697432527824,0.26067220150685827,0.26024556942583854,0.2811505413961015,0.27603095642378683,0.23166121999709577,0.23592754080735542,0.23251448415915082,0.2406204936986348,0.2436069182658197,0.165959879519091,0.09983190696006645,0.10793791649956598,0.1250031997406046,0.16254682287088637,0.11604392603905,0.1527342850072923,0.29522940006995524,0.32552027782280807,0.35239809892744073,0.17491915322064558,0.1902779081375741,0.2244084746196513,0.19838391767707364,0.13609563384727347,0.14377501130573772,0.17107946449140568,0.1271363601457344,0.05631543469541494,0.07295408585543378,-0.04522300058876158,-0.11775045436317559,-0.1697995682483464,-0.14249511506267845,-0.07807367082776398,-0.12414993557856507
2019-05-10,0.0,0.1472168065889436,0.12776473604865587,0.1467747140766709,-0.06542969181730647,-0.14500634402754797,-0.11361777565573694,-0.2444771592903499,-0.329358921647944,-0.29001268805511204,-0.20159418559928816,-0.1467747140766709,-0.07294526452605471,-0.11494405319257107,-0.08886059496811267,-0.19717326047649694,-0.15738493437137618,-0.05702993408401285,-0.04995645388753729,0.003094647585957053,-0.011052312806977988,0.01237859034381213,0.07427154206288886,0.11317568314344817,0.1573849343713601,0.12776473604865587,0.1622479520064401,0.07294526452605471,0.06764015437870208,0.08665013240670098,0.1273226435363832,0.17816328244848195,0.1321856611714471,0.11317568314344817,0.13483821624513145,0.038019956055997846,0.06896643191553621,0.07957665221024152,0.08443966984530539,0.12334381092586469,0.1379328638310885,0.08443966984530539,0.015473237929769184,-0.030062290834976912,-0.021662533101683288,0.014589052905207726,-0.022988810638517432,-0.04641971378930755,0.014589052905207726,-0.0022104625613955974,-0.2962019832270101,-0.3797574680477701,-0.32405381150059137,-0.2639292298306376,-0.21397277594310027,-0.18700513269406432,-0.08532385486986685,-0.055703656547178716,-0.010610220294705302,0.11627033072940521,0.06808224689097477,-0.06631387684186793,0.060124581669953825,0.049514361375264604,0.07117689447693182,0.06100876669451528,0.12599636599954905,0.17639491239935906,0.011052312806977988,-0.23209856894653774,-0.2334248464833719,-0.3187487013532548,-0.2878022254937165,-0.46729178547903255,-0.5123852217315059
2019-05-17,0.0,0.24955927476831719,0.31705573342450305,0.29085645013033035,0.43961509256340003,0.3960976389561172,0.3632375209261192,0.2397900504891273,0.2850837266926323,0.33881446022815254,0.35613263054126265,0.3619053539789606,0.34192284977153337,0.3809997468882768,0.33481795938666065,0.3610172426808495,0.39831791720138693,0.4183004214088142,0.400094139797593,0.3889927485712445,0.3428109610696445,0.38188785818638793,0.4325102021785273,0.41608014316354447,0.4276255900389404,0.4538248733331293,0.518656998094998,0.48490876876690514,0.4738073775405566,0.48712904701217474,0.5297583893213464,0.4671465428047475,0.4431675377558283,0.501338827781888,0.6554261380036082,0.6798491987015748,0.709600927188192,0.6785170317544162,0.6891743673317172,0.6549820823545607,0.6998317029090021,0.7215904297126515,0.7402407669729203,0.7517862138483162,0.7695484398104738,0.5310905562685051,0.5168807754987759,0.6598666944941476,0.7269190975013021,0.6949470907694152,0.6678596961771152,0.8192826725045183,0.9036532458247667,0.970705648831905,0.8898875207040848,1.067065724676613,0.9649329253942072,0.9067616353681476,0.9369574195038122,0.8925518545984181,0.9165308596473213,0.7899749996669486,0.7615554381275061,0.8610239035155789,0.7135974280296838,0.7628876050746647,0.8663525713042294,0.9200833048397657,0.8654644600061182,1.0945971749179606,1.1967299742003668,1.1478838528044333,1.1967299742003668,1.2646704885056161,1.373020066874784
2019-05-24,0.0,-0.04220560524542269,-0.10189029953189216,-0.2911760442689873,-0.41651390227056395,-0.4156612637807696,-0.39050842833146554,-0.21742281490071025,-0.21955441112522703,-0.3956242592703089,-0.5081725399247848,-0.5959943043748851,-0.48984081239394384,-0.4540299958220714,-0.4437983339443847,-0.4527510380873489,-0.44294569545457496,-0.35469761175957765,-0.36876614684140074,-0.3683398275964881,-0.3099340910447256,-0.2805180631464035,-0.21188066471695427,-0.11297459989938867,-0.13343792365474652,-0.13471688138945348,-0.22467024206405486,-0.16711714400210215,-0.1355695198792633,-0.101463980286995,0.030268666388147403,0.04391088222505781,0.04817407467409135,0.14239062779772624,0.17692248663489168,0.22211232659465643,0.09549551085835738,0.1500643742059835,0.20463323755360968,0.25323363147259814,0.24001773488060038,0.27327063598305884,0.4054296019030984,0.47108276561820556,0.44337201469948756,0.548672868190619,0.577662576844044,0.7093952235191863,0.7089689042742893,0.6688948952533678,0.43058243735238694,0.30183402539158666,0.4536036765771743,0.4659669346793778,0.6296735247222561,0.4787565120264783,0.5184042018024871,0.564020361007149,0.7341217397235777,0.6957530076822759,0.7277269510500274,0.8343067622758658,0.704279392580343,0.7426481246216448,0.731990143499061,0.6445946982938735,0.7426481246216448,0.7260216740704233,0.72090584313158,0.7840010913772733,0.9703026014000418,0.922128526725966,0.9280969961546035,0.9400339350118944,0.9498392776446839
2019-05-31,0.0,0.12806073499353743,0.2456930713719662,0.33412589162807554,0.2657155967129718,0.2874066658324008,0.29866933633670606,0.3232803570683686,0.33120594001585724,0.3161890460100917,0.36624535936261327,0.3558169607475046,0.26905268426980355,0.20606515663455327,0.2223334584741137,0.17644850456763556,0.1998081174654881,0.19521962207483115,0.20856797230217328,0.16810578567554862,0.16560297000792862,0.2098193801359833,0.26863554832520525,0.2740583156050587,0.3124348225086616,0.3024235598381512,0.28406957827555396,0.3116005506194499,0.3011721520043413,0.20898510824677155,0.04546781796187984,-0.04505068201726639,-0.3733366704208902,-1.287698660993621,-0.7324907187252265,-0.6832686772619165,-0.6536520251950141,-0.5985900805072373,-0.5906644975597486,-0.5810703708338517,-0.5910816335043622,-0.5735619238309765,-0.5393567763734171,-0.6761773662036397,-0.6332123639093951,-0.5514537187669492,-0.4947232303007489,-0.5497851749885257,-0.6190297417928563,-0.9468985942518666,-0.9389730113043779,-0.9285446126892694,-0.8872481541734482,-0.8722312601676826,-0.7495932924540138,-0.6836858132065301,-0.7070454261043674,-0.7358278062820734,-0.6494806657489707,-0.6440578984691171,-0.8000667417511336,-0.8655570850540192,-0.8075751887540089,-0.7679472740165959,-0.7103825136611992,-0.6695031910899762,-0.670337462979188,-0.6795144537604867,-0.7604388270137207,-0.7358278062820734,-0.6382179952446503,-0.5973386726734273,-0.5485337671547157,-0.5089058524173028,-0.5693905643849331
2019-06-07,0.0,-0.21506375858776822,-0.4774499945072124,-0.5412508344811943,-0.41364915453324597,-0.3409753500595787,-0.32491950953633036,-0.26956911194302247,-0.1956277411122595,-0.11154583942470002,-0.014788274166152597,0.1326719453763312,0.2281619442777829,0.25435831565781236,0.10689809611532856,0.10098278644886137,0.16393858218477428,-0.010563052975823283,-0.012253141451961158,0.046054910974580296,0.07056119387848724,0.10732061823435533,0.10394044128209495,0.053660309117169985,-0.09084225559208024,-0.17450163516061296,-0.11915123756728971,-0.10858818459146644,-0.04647743309362245,0.0266188934990716,0.06760353904526901,-0.032111681046512006,-0.04943508792685604,-0.018168451118428346,-0.011830619332934375,0.00042252211902678283,-0.04013960130812848,-0.01901349535648191,-0.016900884761317254,0.009718008737754346,0.07901163625914587,0.08196929109237946,0.15760075039928031,0.04056212342715526,0.00887296449968541,0.0414071676652242,0.03549185799875701,0.021971150189700132,-0.08027920261625696,-0.054927875474281074,-0.014788274166152597,-0.030844114689416287,0.0025351327141914398,-0.15971336099446035,-0.1914025199219302,-0.22478176732552255,-0.1698538918512415,-0.11703862697212505,-0.1499953522566906,-0.13267194537634658,-0.060420663021721485,0.17069893608929504,0.1935151305170795,0.35787623482088055,0.27970964279978827,0.3118213238463003,0.23787995301553727,0.28266729763302184,0.2256268115635761,0.336750128869234,0.350693358797333,0.2463303953961959,0.18083946694609154,0.20027548442160026,0.19267008627901053
2019-06-14,0.0,-0.10299873458697509,-0.16605918433410266,-0.2942820988199288,-0.2661150979328754,-0.3300163536766344,-0.3674322205266029,-0.3443100556193228,-0.2959637108131916,-0.1971690062093584,-0.2286992310829222,-0.20305464818574778,-0.1446186314200854,-0.16143475135265276,-0.1345289594605389,-0.2610702619531174,-0.26947832191940113,-0.2585478439632231,-0.3480936826041413,-0.32497151769686117,-0.31235942774743564,-0.29512290481656017,-0.3270735326884321,-0.3321183686682053,-0.4010644603917376,-0.3741586684996237,-0.35061610059403553,-0.3346407866580996,-0.35818335456368783,-0.3813055194709679,-0.45361483518101064,-0.4098929233563294,-0.41872138632093636,-0.41956219231755254,-0.4439455662197875,-0.36112617555189014,-0.3985420424018433,-0.3560813395721169,-0.2804087998755638,-0.25098058999357087,-0.29806572580476254,-0.3161430547322694,-0.32286950270529025,-0.29218008382835786,-0.2909188748334184,-0.2997473377980101,-0.418300983322613,-0.3977012364052272,-0.42376622230069444,-0.39728083340690384,-0.36364859354176915,-0.3640689965400925,-0.4208234013125073,-0.3850891464558017,-0.354399727578854,-0.43133347627036195,-0.4267090432888967,-0.3649098025367086,-0.3825667284659074,-0.3892931764389435,-0.376681086489518,-0.38887277344062016,-0.3720566535080528,-0.3489344886007727,-0.32244909970698216,-0.3346407866580996,-0.2400501120374082,-0.27073953091434055,-0.2656946949345673,-0.37163625050974475,-0.562499211744375,-0.7415908890262266,-0.7941412638154997,-0.7407500830295952,-0.7256155750902907
2019-06-21,0.0,0.10656590315663722,0.14647504617148194,0.17364722864967608,0.10783959921031462,0.03608805485384337,-0.026747617126963177,-0.06708132549302342,-0.0157089179952055,-0.021652832912299847,-0.01613348334642101,0.04373023117583065,0.056042626361265745,0.0632602373320375,0.06368480268325302,-0.014010656590312575,-0.011463264482988633,-0.03226696669284202,-0.15114526503491432,-0.1579383106544706,-0.09552720402487952,-0.14817330757637487,-0.11420807947863992,-0.052221538200264386,-0.09255524656632463,-0.10401851104931326,-0.09467807332243307,-0.03099327063918005,-0.08321480883944443,-0.07642176321990363,-0.026747617126963177,0.01018956842932666,0.01061413378054217,0.07132697900524029,0.052646103551495335,0.017831744751313935,-0.04542849258072358,0.04033370836606025,0.037786316258736304,-0.035238924151396914,-0.07217610970768674,-0.0934043772687711,-0.042881100473384184,-0.06410936803446853,-0.07939372067845853,-0.06156197592714458,-0.07429893646379519,-0.06453393338569949,-0.03566348950262787,-0.03821088160995181,0.04373023117583065,-0.06283567198080656,-0.03906001231239827,-0.019530006156191416,-0.04627762328317004,-0.1027448149956513,-0.353662937567662,-0.46617275564140903,-0.5065064640074692,-0.41947056700702345,-0.4653236249389625,-0.3392277156261339,-0.37743859723608575,-0.38762816566539693,-0.3782877279385167,-0.3481435880017832,-0.32097140552358905,-0.25304094932811916,-0.19742288831808438,-0.5035345065489144,-0.6050056254909038,-0.5120258135733481,-0.47806058547561314,-0.46956927845117946,-0.5086292907635778
2019-06-28,0.0,0.003374445325561889,-0.1307597563650475,-0.1763147682599642,-0.21385547250669443,-0.21596450083516297,-0.21343366684100687,-0.23536756145708243,-0.1581771246351381,-0.07634682549055385,-0.13329059035920357,-0.12696350537379805,-0.14003948101029667,-0.1569117076380447,-0.15438087364388864,-0.1505846226526392,-0.20204491386727388,-0.20077949687019583,-0.24042922944540993,-0.32943022490677487,-0.3277430022439939,-0.37329801413892594,-0.36401828949366144,-0.4205402486966082,-0.4171658033710617,-0.3939664917579081,-0.4019807994060946,-0.40451163340025065,-0.36823634615059847,-0.3707671801447545,-0.3737198198046135,-0.37287620847322306,-0.39987177107762606,-0.4580809529433539,-0.46356442659736885,-0.3893266294352835,-0.3576912045082559,-0.4057770503973287,-0.38046871045570657,-0.35009870252577235,-0.39438829742361103,-0.4572373416119634,-0.4163221920396712,-0.3846867671126436,-0.3167760549359638,-0.3222595285899788,-0.33069564190385287,-0.3467242572002105,-0.33828814388633643,-0.39270107476083005,-0.3922792690951425,-0.4036680220688602,-0.32900841924108726,-0.32732119657830633,-0.3231031399213693,-0.32647758524691584,-0.3505205081914599,-0.4104169127199686,-0.3956537144206891,-0.4121041353827342,-0.3910138520980491,-0.5053231875010514,-0.5576270900470612,-0.5407548634193132,-0.488872766538991,-0.5289443047798926,-0.6575950328164717,-0.6019166849448999,-0.6403010005230361,-0.6023384906106029,-0.5799827903288398,-0.5842008469857768,-0.5884189036427138,-0.5879970979770108,-0.5475037540704216
2019-07-05,0.0,0.08569517598862972,0.12457152412005382,0.11035866566341215,0.0777526962628482,0.053089206588080966,0.07817072151158234,0.06646601454728474,0.01295878271046963,-0.03678622188779898,-0.09530975670930221,-0.08026084775520746,-0.12373547362260072,-0.29010952261517203,-0.22280745757043424,-0.2177911545857309,-0.17264442772343144,-0.24621687149904464,-0.23074993729621573,-0.1956358164033077,-0.16093972075913385,-0.14505476130758602,-0.10534236267870883,-0.1329320290945543,-0.11997324638408464,-0.2420366190117944,-0.30306830532564166,-0.2629378814480456,-0.454811470612822,-0.507482651952184,-0.6659142212189586,-0.5831452219714071,-0.5735306412507346,-0.5915057269459075,-0.5651701362762341,-0.5325641668756853,-0.4865813895159329,-0.361173814898426,-0.308084608310345,-0.32731376975168996,-0.40715659225817846,-0.309338684056517,-0.32313351726443973,-0.2800769166457654,-0.3791489005935989,-0.6383245548031132,-0.9539336175905055,-1.037956692584229,-1.126996070562656,-1.1044227071315138,-1.3460413008945742,-1.3146894072401973,-1.162946241953017,-1.0178914806454311,-0.9869576122397732,-0.9606220215700998,-0.8711646183429541,-0.872000668840392,-0.8970821837638933,-1.0617841317615584,-1.0421369450714792,-1.0036786221887741,-1.1060948081264046,-1.092299974918482,-0.9957361424630077,-0.8565337346375781,-0.9652202993060842,-0.9522615165955993,-1.0793411922080123,-1.2624362511495695,-1.2766491096062265,-1.2854276398294457,-1.3100911295042281,-1.3585820583563246,-1.343951174650949
2019-07-12,0.0,0.023749481829487357,0.05052162498271508,-0.01597692413984009,-0.11270208649994033,-0.1101112339367141,-0.10708857261297372,-0.16754179908803246,-0.18783681083321818,-0.1753143567776797,-0.20942724886002487,-0.2210860853945036,-0.12651996683709976,-0.07815738565704963,-0.044908111095764196,-0.05181705126433605,-0.07599834185436896,-0.06477131408042006,0.0,-0.008636175210722675,-0.027203951913788993,-0.06304407903828495,-0.08463451706509163,-0.037135553406116927,-0.039726405969327444,0.02849937819537854,0.03756736216663107,0.07902100317810934,0.09672516236008452,0.1148611303026053,0.09067983971258808,0.07772557689650407,0.04965800746165538,0.027635760674303133,0.031090230758589063,-0.015545115379310238,-0.022885864308427657,0.022885864308411944,0.037999170927176626,0.0354083183639504,0.012090645295008603,0.08506632582560578,0.0587259914329079,0.05915780019343775,0.10665676385241246,0.11313389526045448,0.2154725715075213,0.28067569434848694,0.3100386900649409,0.3238565704021003,0.33681083321818434,0.384309796877159,0.4119455575514621,0.4451948321127476,0.4240362028464707,0.4192863064805796,0.3851734143982187,0.3251519966837056,0.26469877020864685,0.2625397264059662,0.2875846345170588,0.3208339090783442,0.364878402653033,0.28585739947490796,0.1165883653447561,-0.04965800746165538,-0.18697319331215848,-0.2694486665745537,-0.15674658007462913,-0.24742641978721722,-0.2875846345170745,-0.35019690479481386,-0.3147885864308478,-0.2539035511952592,-0.3061524112201251
2019-07-19,0.0,-0.026234979399099332,-0.10493991759636605,-0.19740746793742076,-0.41158811942506995,-0.5819004447044174,-0.640821627944984,-0.848120973360747,-0.7608144025736147,-0.8193055041846942,-0.8571526875801152,-0.9711243193958339,-1.0498292575931005,-0.9913381559820054,-1.00252027834884,-0.9887576662050519,-0.950050319550657,-0.9057519117128524,-0.8636039120225144,-0.9233852585220705,-0.9655332582124085,-0.9990796253128968,-1.1732626852576744,-1.2197115012429454,-1.2304635419802772,-1.2898148068503463,-1.3164798678789327,-1.3173400311379224,-1.2188513379839556,-1.1900358688079027,-1.2171310114659761,-1.2007879095452347,-1.1878854606604363,-1.2080992972466236,-1.262719664192273,-1.368519745047613,-1.3620685206052139,-1.3981953774826557,-1.365509173641157,-1.3938945611877227,-1.3216408474328551,-1.326801826986762,-1.294115623145279,-1.3173400311379224,-1.350886398238395,-1.3865831734863339,-1.4596970505001912,-1.5672174578735105,-1.6403313348873678,-1.6231280697076367,-1.6201174983011806,-1.731078558710443,-1.670867130581384,-1.6317297022975024,-1.7276379056745,-1.6661362326569646,-1.6089353759343616,-1.6093654575638487,-1.6540939470311558,-1.7254874975270336,-1.765055007440418,-1.707424069088313,-1.6734476203583533,-1.78053794610217,-1.6558142735491193,-1.6712972122108867,-1.6949517018330171,-1.6859199876136488,-1.6321597839269892,-1.8484908435621203,-1.938377904126206,-1.921174638946475,-1.807633088760259,-1.7822582726201495,-1.7465614973722103
2019-07-26,0.0,-0.08021676352098114,0.2018788548611326,0.08333630432457809,0.13503155192698169,0.23574815501442928,0.21212877464436586,0.17692252843238943,0.02807586723234016,-0.0445648686227673,-0.01827159613534432,0.06239081607187422,0.0762059253449256,0.037434489643114806,0.024065029056284614,0.013369460586830188,0.04902135548504403,0.16177047310064205,0.20900923384076892,0.27006310385396337,0.3106171343006913,0.316856215907869,0.3614210845306363,0.4242575492887479,0.4135619808192773,0.5009091233198948,0.5089307996720057,0.519180719455239,0.5659738315091447,0.5864736710756112,0.5771150486648365,0.6100930514456746,0.6564405148133591,0.6265820528361017,0.5806802381546546,0.604299618524718,0.6261364041498806,0.5976148882313029,0.49021355485044027,0.4558986060109062,0.4224749545438307,0.5481478840600378,0.5811258868408758,0.503137366751033,0.4888766087917605,0.5178437733965593,0.5432457485115236,0.607419159328315,0.6207886199151452,0.6083104567007737,0.5940496987414848,0.34938857000248585,0.3351278120432133,0.42826838746478724,0.45456165995222647,0.4706050126564162,0.41801846768155404,0.4367357125031195,0.4634746336767799,0.5223002602588359,0.5419088024528439,0.620342971228924,0.5566152090983538,0.4817462298121081,0.4955613390851756,0.524082855003737,0.5298762879246934,0.4973439338300766,0.47818104032228986,0.4737245534600132,0.4821918784983454,0.5058112588684088,0.5530500196085357,0.5931584013690263,0.5887019145067496
2019-08-02,0.0,-0.18532365124291367,-0.18027771024371558,-0.39220723220961756,-0.3903723445735592,-0.25871915668564915,-0.24908599659628008,-0.21881035060115842,-0.24770983086923212,-0.3334908278554325,-0.3656013614866293,-0.34220654412676405,-0.46147424047120916,-0.4403730326564127,-0.3605554204874479,-0.3022977380422733,-0.3600966985784208,-0.329362330674272,-0.20000275233146408,-0.16559860915518188,-0.27890292068239136,-0.2192690725101688,-0.2600953224126971,-0.2215626820552543,-0.13945146034120404,-0.028899480268073745,0.05642279480909954,0.14495612324939583,0.1380752946141394,0.15046078615760433,0.03761519653940525,0.09770776662063822,0.21468185341999785,0.3683536929407252,0.41651949338752037,0.3334908278554325,0.29954540658816076,0.3431239879447849,0.44633641747363156,0.4270700972949102,0.2665174291389264,0.24816855277824254,0.2298196764175587,0.24128772414298613,0.1380752946141394,0.1463322889764438,0.05229429762793899,0.07385422735174588,0.17660793497158217,0.026605870722988263,0.18440620742487615,0.6789084253453029,0.6945049702518742,0.7000096331600827,0.8545989164988474,0.8509291412267141,1.0890058120065773,1.0945104749147858,1.1096482979123465,1.1440524410886288,1.3637802355078248,1.1128593512754696,1.1734106432657296,1.0330417391065048,0.9660683403899986,1.0046009807474414,0.7990935655077855,0.6848718101625217,0.6289077372624327,0.6990921893420451,0.6990921893420451,0.9183612618522307,0.9206548713973162,0.85368147268081,0.8312040991389822
2019-08-09,0.0,0.3127499853116008,0.3823504155688126,0.2851809837162209,0.17806863325545372,0.21106104500074901,0.36110872581498693,0.38641797318123683,0.30235511585760594,0.25761198212082453,0.31229803446578136,0.4044960070142771,0.3968128426352317,0.43296891030131235,0.48268350334217325,0.5170317676249597,0.6001907232569353,0.6205285113191057,0.5839204928072056,0.5911517063404151,0.6015465757944265,0.6598482349059717,0.7068511228718831,0.7113706313301432,0.7109186804843073,0.6792821212764868,0.6657235959017065,0.5988348707194606,0.6024504774860653,0.686965285655532,0.6838016297347468,0.7190537957091885,0.7809710615873385,0.8492156393070756,0.8799482968232408,0.8749768375191613,0.8785924442857661,0.8067322597994243,0.8383688190072448,0.8469558850779456,0.8338493105489847,0.9341823983223618,0.9712423676800978,0.9043536424978519,0.8166751784075996,0.8605144104527257,0.9400577593180967,1.0001672218129525,0.9667228592218376,0.9893204015131379,0.9414136118555714,0.8826600018981903,0.8663897714484605,0.7009757618761482,0.6715989568974577,0.6598482349059717,0.6340870366938859,0.6982640568011823,0.5558995403659898,0.5242629811581693,0.41353502393079733,0.3683399393481965,0.5012134880210495,0.41082331885584783,0.4402001238345383,0.38144651387715733,0.6259519214690211,0.6209804621649415,0.5215512760832198,0.3936491867144628,0.29467195147856046,0.32178900222812096,0.36517628342741115,0.3963608917894123,0.37647505457306135
2019-08-16,0.0,-0.005026939827523614,0.01599480854214175,-0.10328076372925152,-0.15080819482590793,0.029247649905637284,0.24312108984055797,0.2225563360006614,0.31715420366418884,0.29201950452653747,0.24860502419786704,0.1407543151708607,0.1480662276472617,0.22986824847707907,0.2138734399349373,0.24632005154898964,0.26779879444844046,0.31715420366418884,0.39210130654737396,0.5241727256524773,0.5223447475333853,0.45653753524570984,0.5337696107777724,0.5666732169215934,0.6768088985974938,0.5927219051187991,0.6530451830491656,0.7252503187536878,0.6813788438952486,0.6306524510901604,0.668126002531753,0.636593379977255,0.6982876414969447,0.6841208110738948,0.7746057279694363,0.8285310824829561,0.8422409183762204,0.8742305354605039,0.7005726141458221,0.6548731611682741,0.696459663377836,0.636593379977255,0.7540409741295397,0.7837456185649458,0.8454398800846354,0.8865693877644285,0.9021072017768015,0.9258709173251297,1.0241247412268575,1.0026459983274068,0.8614346886267771,0.8915963275919687,0.9162740321998345,0.8756015190498271,0.7517560014806624,0.7522129960104478,0.8340150168402484,0.9432367094565945,1.025038730286412,0.9610594961178448,0.9016502072470326,0.8152782411194606,0.9272419009144528,0.9720273648324463,0.9784252882493096,0.9834522280768332,0.9400377477481628,0.8943382947706149,0.9391237586886085,0.9030211908363558,0.8756015190498271,0.9217579665571437,0.9318118462122075,0.9085051251936647,0.9089621197234335
2019-08-23,0.0,-0.007503669763503945,0.0389252868981202,-0.0872301610006246,-0.20635091849607695,-0.22229621674350794,-0.15007339526987418,0.03564243137658829,0.20635091849607695,0.3292235108732728,0.3892528689812361,0.557616459299616,0.5102495439175687,0.4886764933475141,0.5749686956276986,0.817900004220804,0.8319693850273547,1.0251888814373211,0.9782909454154853,0.991422367501596,0.9313930093936498,0.855887332398501,0.7316078019406366,0.6289013220528096,0.6312462188539014,0.6270254046119293,0.7456771827471872,0.8568252911189242,0.8071134789357852,0.7667812539570132,0.8089893963766654,0.7996098091722983,0.7752228824409404,0.6349980537356448,0.6443776409400119,0.73629759554282,0.8061755202153451,0.9041922065009884,0.8671428370437315,0.8572942704791527,0.8873089495331172,0.8633910021619879,0.9149787317860073,1.0289407163190645,1.0275337782384129,0.946869328280852,0.9886084913402926,1.0781835491419918,1.2268500063312144,1.249361015621692,1.3136111879716104,1.2873483437993893,1.2878173231596008,1.5387212808764217,1.6953603871893597,1.7183403758400488,1.5119894573439718,1.6653457081353782,1.7319407772863882,1.6362689878018366,1.5345004666344495,1.4922923242147976,1.5307486317527061,1.6306412354792128,1.6198547101941942,1.6104751229898269,1.6104751229898269,1.2967279310037565,1.3070454769285467,1.384896050724804,1.4679053974834566,1.541535157037725,1.500264973338513,1.5307486317527061,1.6297032767587898
2019-08-30,0.0,-0.070250667153258,0.26321191524302956,0.2928631708596616,0.30609219259630294,0.44887439271948293,0.4616472412927981,0.4123805396528589,0.366307050156236,0.37999224505622003,0.20573409666308667,0.04333645051661611,-0.10355130807654918,-0.21394521360309035,-0.06295189653992324,-0.2673174737130148,-0.22945510115639564,-0.2559131446296948,-0.21303286727642146,-0.13320256369318126,-0.24450881554637477,-0.36904408913624276,-0.38546632301621697,-0.5122824624227323,-0.6026047487626237,-0.6641881258125518,-0.6441165066259186,-0.7472116415391249,-0.7435622562324659,-0.6888214766325297,-0.7782314166457521,-0.7681956070524437,-0.78279314827908,-0.7668270875624321,-0.6514152772392366,-0.5788837442693312,-0.6089911730492895,-0.5975868439659695,-0.47670095568277715,-0.5232306183427262,-0.5141071550760702,-0.3909404009762139,-0.4803503409894363,-0.46484045343613095,-0.4684898387427901,-0.36813174280957384,-0.375430513422892,-0.319777387496287,-0.34760395045959774,-0.5004219601760862,-0.5364596400793675,-0.4675774924161212,-0.43290833200283496,-0.26594895422301973,-0.1582920876764853,0.0072987706133181805,-0.041511757863278265,-0.04926670163993921,0.11358711766987413,0.13593960267317143,0.009123463266656022,0.05382843327326721,0.0962525374632144,0.05382843327326721,-0.14506306593982743,-0.09351549848322424,-0.026458043473299147,0.09351549848322424,0.1363957758365142,0.19524211390643556,0.44340031475948605,0.5241429646693951,0.5369158132427103,0.6742239354058768,0.6363615628492576
2019-09-06,0.0,0.08226329770121334,0.01516585935273616,-0.017923288325971558,0.1383310201567991,0.12316516080406294,0.07491015377261906,0.028493432723315393,0.12546301828175072,0.056067722455569034,-0.052850721986819484,-0.025276432254565842,-0.051931578995757746,-0.11075673042456217,-0.08777815564768414,-0.029872147209941448,-0.039523148616240254,-0.045497578058225206,-0.005514857946454073,0.08823772714319829,0.09926744303610643,0.1332757337058926,0.14430544959878405,0.1622287379247556,0.17555631129533483,0.14108844913001778,0.12224601781298447,0.1544160225006137,0.09559087107180929,0.13235659071481415,0.2532238940411893,0.21461988841602753,0.23254317674199906,0.21829646038034134,0.20864545897404255,0.23805803468845313,0.2771216118091458,0.22197303234463853,0.18888388466593078,0.23484103421968686,0.22794746178662345,0.31342775995660305,0.3616827669880469,0.32399790435398035,0.3814443412961754,0.3883379137292388,0.432456777300838,0.48898407125195464,0.49679678667609645,0.44854177964465264,0.4710607829259998,0.47060121143045214,0.4963372151805656,0.5128817890199111,0.5459709366986188,0.5216136474351315,0.4756564978813754,0.40120591560428726,0.39890805812659935,0.36857633942111034,0.36857633942111034,0.31158947397446285,0.3598444810059067,0.42418449038116524,0.39247405718906686,0.396150629153364,0.4756564978813754,0.34973390810407706,0.39339320018014534,0.39431234317122377,0.547809222680759,0.6153662325247838,0.6070939456051111,0.5914685147568273,0.5308050773458827
2019-09-13,0.0,0.29828282137238127,0.3908690793824576,0.3096850698957901,0.300563271077063,0.0971471574194398,0.050625983443928504,0.09988369706506786,0.0976032473603861,-0.08437663907322523,-0.15050968050899638,-0.1267930035803027,-0.057011242617044086,0.018699687578383823,-0.026453216574305133,-0.12405646393469125,-0.08346445919134922,0.03603110533397849,0.09121798818727053,0.1363708923399761,0.11675902487969965,0.0720622106679404,0.0757109301954279,-0.018243597637454107,0.0036487195274875024,0.05609906273516806,0.021436227224011895,0.015507057991842627,0.015050968050896318,0.019611867460259846,0.03739937515678424,0.1363708923399761,0.12086383434813344,0.2234840710588128,0.1591753893867937,0.15780711956397137,0.07388657043169244,0.12816127340310846,0.0720622106679404,0.1153907550568939,0.07297439054981643,-0.036487195274908214,-0.004104809468433811,0.06613304143577113,0.07343048049074614,0.07525484025449819,0.11356639529315844,0.11812729470252196,0.11265421541128241,0.10581286629723714,0.08939362842351847,0.10125196688787362,0.22804497046817634,0.27547832432556363,0.37673029121342066,0.3689767622175159,0.32975302729697964,0.3452600852888223,0.3817472805637305,0.5276960616633634,0.5400104900686481,0.637157647488088,0.5705685161113705,0.5427470297142596,0.5546053681785982,0.6385259173108937,0.6818544616998472,0.6654352238261452,0.6663474037080046,0.8036304759298566,0.9874347221272034,1.009327039292145,1.0339558961027147,1.031675446398033,1.0553921233267267
2019-09-20,0.0,-0.08364056053192508,0.10326571998636605,0.18784081192088598,0.14391783599909777,0.12709627075244137,0.023363285064786393,0.08924774894749421,0.03411039619460173,-0.059810009765849756,-0.0789679035189678,-0.013550705337565907,0.10279845428506013,0.10980743980449603,0.07663157501250616,0.09859306297340877,0.12382541084336787,0.22615659942713906,0.3663363098158574,1.5228189205227838,1.891024293143814,1.8961642158580772,2.180729027947165,2.6690216858012006,3.1844157543303853,3.26338365784937,3.4671115036143005,4.053997224441744,3.799804682936862,3.9642822097929615,4.225016471115974,4.6039689548668195,4.76470835611254,4.817042114657665,4.930587680072524,5.050674965305529,5.193658269902015,5.0291807430459325,4.579203872698133,4.701160220736328,4.668918887346916,4.833863679904304,4.813303989047302,4.7520921821775515,4.960492684955456,4.922176897449203,5.032451602954988,5.068898327656069,5.088523487110476,5.0408623855783254,5.063758404941806,5.258608202382128,5.350192279836084,5.360472125264593,5.517473400899968,5.545509342977711,5.533360434744012,5.649242328665349,5.812318058417565,5.84829751741734,6.003429730247524,6.13846951792198,5.598777632925414,5.534762231847896,5.57261075365286,5.3417814972127635,5.122166617603772,5.0249753517342635,5.304867506810411,5.2866441444598715,5.3469214199270265,5.37355556490087,5.244590231343256,5.234777651616052,5.225899603291427
2019-09-27,0.0,0.050355308795258714,0.19100289543025573,0.48054592100294197,0.5022507954836529,0.2964885854065074,0.18405733559643458,0.29865907285457854,0.22659888957862473,0.18753011551334514,0.09984242261127003,0.12979514939465736,0.05816906360831147,0.03385960418990581,0.009550144771515945,0.10591978746587541,0.12241549207121251,0.09333096026705677,0.11633812721660716,0.11329944478932026,0.02821633682492414,0.035595994148368997,0.03646418912760059,-0.06294413599406155,-0.10461749499702012,-0.0373323841068164,-0.011720632219587033,-0.0017363899584473949,0.06294413599406155,0.02127077699110298,0.019968484522263484,0.0525257962433298,0.1397793916557812,0.13543841675963905,0.09419915524628837,0.09376505775668048,0.05686677113947197,0.11503583474776766,0.09593554520475156,0.05078940628486661,0.06511462344213263,0.09072637532937779,0.09636964269435946,0.12805875943619419,0.18709601802373724,0.16669343601186587,0.20706450254598494,0.20055304020177167,0.1619183636261,0.20663040505637703,0.22356020715132205,0.2782564908427229,0.2912794155311495,0.3572622339524979,0.37202154859938763,0.36594418374478227,0.371153353620156,0.18926650547180834,0.21921923225517986,0.18753011551334514,0.16235246111572368,0.16105016864688418,0.02170487448071088,0.060339551056382563,0.05599857616024038,-0.15497280379227885,-0.12936105190503366,-0.13153153935310477,-0.08464901047477243,-0.02691404435608465,-0.02778223933530045,-0.10678798244509122,-0.10331520252818062,-0.08074213306823816,-0.09897422763203843
2019-10-04,0.0,0.0782951021575107,-0.06773845916999034,-0.13371747784205265,-0.1477930018254131,-0.18650069277970246,-0.1416349600826969,-0.10952517099562979,-0.06553915854758827,-0.0782951021575107,-0.028151047966752978,-0.11040489124457782,-0.17242516879632597,-0.15571048406607338,-0.15966922518638751,-0.18342167190833633,-0.10424684950186161,-0.022872726472984793,-0.021553146099546748,-0.07257692053926851,-0.08225384327784085,-0.02507202709538687,-0.05630209593348995,-0.05938111680485606,-0.033429369460505155,-0.023312586597458804,-0.1420748202071709,-0.2221293628626097,-0.2199300622402076,-0.1904594339000166,-0.5225538278827301,-0.3435307572191979,-0.7288482262640512,-0.9017132551848512,-0.8071433284215619,-0.8471705997492733,-0.8502496206206394,-0.6391167608700401,-0.5040797026545495,-0.6685873892102312,-0.5678594207042097,-0.6501132639820505,-0.7424838901229377,-0.8212188524049384,-1.1713475114913425,-1.1343992610349973,-1.1709076513668684,-1.0824957663462955,-1.0297125514086456,-0.9540566099980271,-1.0341111526534499,-1.3129824715740395,-1.2892300248520905,-1.4251468033165453,-1.5742593855154123,-1.6072488948514436,-1.4480195297895302,-1.3358551980470244,-1.272515340121838,-1.3635663858892872,-1.2764740812421682,-1.3697244276320195,-1.4352635861795917,-1.5069607864698962,-1.5430293166772933,-1.4880468011172414,-1.4642943543953089,-1.4585761727770505,-1.4392223272999218,-1.6142866568431238,-1.7013789614902428,-1.7818733642701559,-1.7849523851415219,-1.7893509863863262,-1.8364160197057338
2019-10-11,0.0,0.3402115885127448,0.47478614637091865,0.5556197091768236,0.7177309752436045,0.7337200316227874,0.6759817724757148,0.7790223580304938,0.692859109764872,0.6324560078879248,0.6537747497268406,0.7341641720777746,0.6893059861250392,0.7061833234141964,0.5827122769304435,0.34198815033266117,0.31311902075912484,-0.18787141245548783,-0.605807580589292,-0.5853771196603342,-0.16877337289144317,-0.23450616022812343,-0.16522024925162657,-0.19764250246497952,-0.21141085656929112,-0.14967533332741467,0.09104879327038382,-0.05995896142196007,-0.04130506231291876,-0.2629311493466726,-0.25360419979215193,-0.22784405340346123,-0.2438331097826441,-0.1474546310525273,-0.08527496735567978,-0.17410305835117618,-0.1367952601330774,-0.1323538555833026,-0.12169448466383655,-0.0683976300665387,-0.17810032244597998,-0.04130506231291876,-0.1336862769482318,-0.1323538555833026,-0.08349840553577954,0.05995896142196007,0.10215230464482086,0.054185135507239884,-0.019098039564044655,0.012435932739366266,0.0635120850617767,-0.05818239960205984,-0.03730779821811495,-0.025316005933719708,0.043525764587790006,0.11947378238893298,0.16699681107152678,0.3020155093846878,0.46279435408652336,0.37796352718583076,0.4370342076978327,0.4063885163043961,0.46812403954625637,0.1256917487586242,0.18076516517582228,0.2571573234319524,0.20119562610479616,0.06884177052150971,0.08838395054050924,0.23939170523285314,0.3593096280767733,0.4139389040390003,0.384625634010493,0.33976744805777376,0.3668600158113937
2019-10-18,0.0,0.03288904275574928,0.20296001384802428,0.36870347931452624,0.5214644279037564,0.44703133114072735,0.4613120997057233,0.5011251514626938,0.5677687380993627,0.6240263112342078,0.4816513761467858,0.449195083953606,0.4838151289596645,0.5777220010386014,0.6188333044832959,0.6045525359182999,0.6045525359182999,0.6837458888696555,0.7127401765622327,0.6677341180543503,0.6378743292366343,0.6378743292366343,0.5889735156655641,0.594166522416476,0.6023887831054212,0.6664358663666263,0.6595118573654208,0.6599446079279903,0.6521550978016303,0.6435000865501157,0.6205643067336051,0.6815821360567769,0.7131729271248022,0.723558940626626,0.7932317812013124,0.7975592868270697,0.7616409901332871,0.792799030638743,0.8239570711441988,0.809676302579187,0.8174658127055627,0.7045179158732875,0.6530205989267849,0.7097109226241993,0.6984594079972367,0.7434654665051033,0.7776527609485924,0.7659684957590446,0.7832785182620738,0.7196641855634381,0.7672667474467685,0.7438982170676885,0.711874675437078,0.7343777046910193,0.7382724597541914,0.7728925047602498,0.9304137095378223,0.9412324736022156,0.9503202354162998,0.9697940107322077,1.008308810801454,0.7854422710749523,0.723558940626626,0.8386705902717642,0.7984247879522243,0.7997230396399484,0.7806820148866257,0.7339449541284341,0.7495239743811699,0.8023195430154123,0.9256534533494957,0.8797818937164587,0.8776181409035801,0.8784836420287345,0.9113726847844839
2019-10-25,0.0,0.06396348894900758,0.12619823495345672,0.18670423801333175,0.2986403436740911,0.2783276140754156,0.2856747715898322,0.3051231297162206,0.15558686501110716,0.06698878910200447,0.06655660336585308,0.028956444321514754,0.0630991174767205,-0.048404802447903156,-0.0635313032128719,-0.0803865469224148,-0.011669014875836183,0.02117710107094682,-0.032846115946798725,0.014694315028817356,0.05229447407317139,0.12446949200888259,0.041489830669622293,0.07347157514413394,0.029388630057650432,0.046676059503329,0.056616331434591036,0.023338029751656643,-0.004754043097571042,0.0799543611862634,0.05618414569845537,0.04192201640577369,0.02204147254323389,-0.02982081579380183,0.024202401223943713,-0.006914971778280864,-0.024202401223959436,-0.0747681323525567,-0.0635313032128719,-0.02722770137694061,-0.0635313032128719,-0.48145491006215463,-0.5302918982461934,-0.48793769610428406,-0.48145491006215463,-0.548443699164159,-0.46157436619961484,-0.581289815110942,-0.6755063055898872,-0.5959841301397751,-0.567459871554396,-0.487073324631997,-0.4347788505588256,-0.473243381075451,-0.43866852218409386,-0.4170592353769956,-0.33537613124617377,-0.44299037954551346,-0.403661477556601,-0.3976108772506072,-0.24764242680934243,-0.24721024107320677,-0.13916380703771566,0.04494731655875486,0.18065363770733794,0.3098771728137916,0.1849754950687576,0.21349975365412094,0.29431848631267143,0.1880007952217545,0.12187637759203711,0.07174283219955979,0.1128004771330464,0.04019327346119954,0.03500704462749282
2019-11-01,0.0,0.18955828706706992,0.30792690632450076,0.2540081046698706,0.14111561370548537,0.10657388139548292,0.1255297101021899,0.20598667194620682,0.25569306722156876,0.12468722882633321,0.1503829077398632,0.11499869415401934,0.05560376420632825,-0.014743422327438771,-0.013058459775740678,-0.11120752841268715,-0.1853458806878017,-0.22199381618743827,-0.15585903603292417,-0.015585903603295481,-0.02148327253427712,-0.026116919551466028,-0.02527443827560932,0.059816170585596476,0.014743422327438771,0.04465150762023701,0.06023741122353249,0.053076320378773446,0.04549398889609372,0.034962972947923165,-0.026116919551466028,-0.0185345880687863,-0.012215978499883968,-0.06571353951659344,-0.04296654506853891,-0.0197983099825637,0.1512253890157199,0.17439362410169515,0.13184831967109223,0.0657135395165781,0.063607336326944,0.037911657413413985,0.02527443827560932,-0.014743422327438771,-0.015585903603295481,-0.020219550620499717,-0.1027827156541507,-0.07498083355098659,-0.07034718653378234,-0.01432218168951808,0.03327801039620975,0.05181259846499604,0.036647935499621254,0.010952256586091244,-0.0197983099825637,0.014322181689502755,0.022325753810118504,0.040439101240968785,0.17397238346377444,0.146591741998531,0.17481486473963115,0.16386260815352457,0.024853197637673307,-0.001263721913792726,0.12974211648145811,0.19924682173938377,0.14996166710194253,0.16386260815352457,0.1714449396362043,0.1314270790331562,0.11078628777475115,0.11668365670571745,0.13437576349864705,0.16639005198109472,0.18113347430853347
2019-11-08,0.0,0.015876132741178394,0.10277706985081525,0.11698203072449478,0.04971736305791636,0.07394935513655866,0.07520273403717523,0.060162187229746256,0.1416318157700194,0.10862617138703089,0.16878835861677713,0.1357827142337886,0.15249443290871642,0.12115996039322675,0.08690093710962166,-0.021725234277409217,-0.15541898367683182,-0.1362005072006557,-0.10403044875141661,-0.06517570283221245,-0.07060701140156095,-0.08063404260652372,-0.03175226548235679,-0.09400341754646903,-0.08940769491085476,-0.08105183557339085,-0.10027031204956696,-0.08731873007648877,-0.05765542942849796,-0.04679281228980095,-0.06893583953407728,-0.06810025360032786,-0.0718603903021927,-0.06141556613036281,0.07353156216969156,0.07770949183842352,0.12659126896257525,0.1487342962068668,0.16293925708054632,0.21098544827096383,0.16628160081552884,0.18299331949045666,0.2648807409976121,0.26864087769946177,0.23563523331648845,0.2799212878050411,0.4282377910450256,0.43534027148187293,0.43826482224998836,0.4938312868441203,0.3852051154570894,0.06475790986534533,-0.06977142546782672,-0.05473087866038255,-0.02339640614489288,0.06935363250095959,0.11405747995637938,0.11656423775762768,0.07770949183842352,0.07562052700405754,-0.024649785045509423,-0.027992128780507147,-0.05097074195853291,-0.038436952952337046,-0.05681984349474853,-0.06810025360032786,-0.06977142546782672,-0.20054062409913392,-0.3254607211942103,-0.31585148295612986,-0.45455874795803386,-0.5051116969496844,-0.645072340852205,-0.6200047628398132,-0.5393707202332896
2019-11-15,0.0,0.06636815000883331,0.20918568800249895,0.16213991078105308,0.08905093545487693,0.12937588735897992,0.10837330824226438,0.05628691203280375,0.07896969747886264,0.17810187090975385,0.14617795065235234,0.17390135508641075,0.20918568800249895,0.42593230448699715,0.40997034435829643,0.34276209118480666,0.17810187090975385,0.07434913007317605,0.22766795762519942,0.22598775129587137,0.21842682281384154,0.0722488721615045,0.09367150286056351,0.16970083926306764,0.21716666806684165,0.16508027185739632,0.18566279939176838,0.13693681584099446,0.10543294716592116,0.09283139969589183,0.14533784748768067,0.18356254148009682,0.1940638310384546,0.22724790604287123,0.210865894331827,0.23816924718355723,0.17894197407442552,0.1806221804037536,0.21044584274949882,0.20540522376148404,0.248670536741915,0.210865894331827,0.17180109717473918,0.1755815614157541,0.15499903388136674,0.13399645476465122,0.23396873136021412,0.24489007250091532,0.22304739021952813,0.18356254148009682,0.1923836247091265,0.18944326363278327,0.20414506901448418,0.3049574487747187,0.32638007947376246,0.4003091579646103,0.34570245226114993,0.3246998731444344,0.3469626070081498,0.40450967378795344,0.41123049910529624,0.3394016785261353,0.34066183327313515,0.40450967378795344,0.3910680231532524,0.2633723421236159,0.341921988020135,0.29781657187503235,0.30033688136903214,0.05586686045047554,-0.08737072912553356,-0.10921341140692077,-0.16213991078103782,-0.1936437794561111,-0.1629800139457095
2019-11-22,0.0,0.04185694134586809,0.04980976020157389,-0.0401826636920425,-0.020928470672934046,-0.011719943576855248,-0.10380521453776505,-0.07743534148985597,-0.0887367156532434,-0.07073823087452316,-0.07617963324948296,-0.16366064066235336,-0.2423516903925823,-0.21430753969084765,-0.2063547208351419,-0.20133188787363462,-0.14859214177783173,-0.1418950311624989,-0.1452435864701653,-0.12096656048956488,-0.06990109204760275,-0.04771691313429571,-0.11845514400881887,-0.1343607817202457,-0.17119489010460656,-0.23774742684454292,-0.2256089138542351,-0.45958921597764385,-0.44242787002582873,-0.49726046318892514,-0.35829541792064,-0.34783118258417295,-0.3520168767187598,-0.40057092867996064,-0.38926955451657325,-0.3796424580070266,-0.3825724439012404,-0.37838674976665365,-0.3737824862186142,-0.37001536149748,-0.4315450652759092,-0.4403350229585354,-0.4198251216990691,-0.38089816624739964,-0.39889665102613503,-0.38340958272816084,-0.5073061291119243,-0.5177703644483913,-0.4675420348333496,-0.42442938524710855,-0.38885098510312066,-0.3574582790937196,-0.36248111205522676,-0.3788053191801062,-0.36834108384363917,-0.3402969331419198,-0.3695967920840274,-0.34950546023799856,-0.2544902033828902,-0.30220711651717064,-0.36499252853597275,-0.31894989305551785,-0.3252284342573981,-0.3319255448727461,-0.34992402965146635,-0.34908689082454597,-0.45038068888154975,-0.4365678982374163,-0.37713104152628063,-0.3825724439012404,-0.23481744095032914,-0.3243912954304777,-0.3109970741998121,-0.28044150701731624,-0.2674658552001032
2019-11-29,0.0,0.016099004751276385,-0.04458185931120728,-0.03302359948978539,-0.027244469579066937,0.011558259821436899,-0.10237315841833171,-0.10113477343746775,-0.16842035739790248,-0.22001973160069216,-0.17956582222570805,-0.18658333711727543,-0.18823451709177072,-0.20103116189405654,-0.17750184725759646,-0.26749115586725863,-0.2753342607460737,-0.31000904021035436,-0.30505550028688355,-0.34385822968738733,-0.3285848149233586,-0.412382198628686,-0.42270207346924393,-0.46769672777408255,-0.46893511275494654,-0.4342603332906658,-0.516406537021513,-0.5106274071107946,-0.501958712244732,-0.5498429315049147,-0.5539708814411379,-0.6121749755418937,-0.6794605595023284,-0.7838976928887716,-0.6926699992982456,-0.6130005655291413,-0.5969015607778649,-0.5688315012115503,-0.5824537360010839,-0.5704826811860306,-0.5733722461413898,-0.5585116263709924,-0.5498429315049147,-0.45944082790163626,-0.5184705119896246,-0.5341567217472696,-0.5589244213646087,-0.5622267813135843,-0.6163029254781168,-0.5861688909436906,-0.5824537360010839,-0.6340531102038736,-0.6183669004462284,-0.6055702556439275,-0.627035595312291,-0.688129254368391,-0.6786349695150807,-0.6414834200890722,-0.6146517455036216,-0.7083562090558906,-0.7789441529653008,-0.7079434140622743,-0.6815245344704399,-0.6815245344704399,-0.4784293976082568,-0.5481917515304344,-0.5486045465240508,-0.5126913820789062,-0.5568604463964971,-0.5552092664220168,-0.42311486846287527,-0.5077378421554504,-0.5415870316324684,-0.5353951067281336,-0.5419998266260997
2019-12-06,0.0,0.0016612123527810986,-0.022426366762454183,-0.018273335880516543,0.07516985896308032,-0.004983637058328188,-0.09510440719636284,-0.037792581025626465,-0.014950911174969455,-0.034885459408267094,-0.05523531072976756,-0.05772712925892411,-0.11753077395883213,-0.1744272970413808,-0.22177184909546083,-0.1777497217469279,-0.1640447198365367,-0.23340033556489828,-0.2666245826203994,-0.2545807930627742,-0.26122564247386837,-0.302340648205057,-0.28032958453079054,-0.35716065584663687,-0.3874777812847786,-0.4688771865707503,-0.568134624649066,-0.6536870608169751,-0.5639815937671282,-0.6221240261142551,-0.6732063059620851,-0.6462116052294905,-0.6520258484642092,-0.5153911324484548,-0.5585826536206123,-0.5781018987657223,-0.6026047809691453,-0.5652275030317064,-0.4958718873033449,-0.4701230958353436,-0.47219961127631255,-0.4883964317158602,-0.5623203814143471,-0.5934681130288795,-0.57851720185391,-0.6732063059620851,-0.6541023639051781,-0.6237852384670363,-0.6582553947871156,-0.5731182617073941,-0.675282821403054,-0.7292722228682432,-0.7338405568383837,-0.6856653986078981,-0.7238732827217274,-0.8426499659451377,-0.9884213499011579,-1.0150007475455496,-1.07438908915727,-1.0951542435669581,-1.109274548565537,-1.1537119790022727,-1.144575311062007,-1.2496469923750264,-1.216838048407728,-1.1993953187035868,-1.0880940910676613,-0.9784540757845015,-1.0660830273933948,-0.9726398325497978,-0.9747163479907667,-1.0125089290163931,-1.056946359453129,-1.0785421200392076,-1.0561157532767385
2019-12-13,0.0,0.01787555289500512,-0.012471315973261498,0.04364960590641524,0.0922877382021381,0.07981642222887661,0.04739100069838462,0.018291263427441123,0.011224184375938372,0.06069373773653324,0.08355781702084598,0.15173434434134825,0.2423592404137121,0.2560776879842967,0.1928896870531021,0.19205826598823011,0.2311350560377737,0.25025774053011707,0.2224051348564967,0.21201237154544547,0.22448368751870695,0.23155076657022486,0.21616947686986598,0.22074229272672244,0.15339718647110734,0.1430044231600561,0.08189497489108687,0.06734510625561511,0.0927034487345741,0.13676876517342537,0.16503708137949685,0.15630716019820473,0.1592171339253021,0.1937211081179892,0.19954105557218396,0.21034952941567123,0.26896471449000936,0.28143603046327087,0.23321360869998395,0.22739366124580435,0.24443779307592234,0.22489939805114298,0.21409092420765571,0.2635604775682506,0.3013901360204862,0.31219860986397346,0.31344574146129656,0.3271641890318963,0.35293824204329133,0.3807908477169117,0.38120655824936284,0.31926568891549134,0.31095147826665037,0.3849479530413322,0.41030629552030634,0.4057334796634347,0.3886893478333167,0.39201503209285005,0.44190029598589603,0.3899364794306398,0.33256842595363995,0.407396321793209,0.42818184841531143,0.4190362167015833,0.4190362167015833,0.4319232432072808,0.3778808739898143,0.3645781369516808,0.4601915594133523,0.500515481060219,0.5150653496956907,0.525042402474306,0.41030629552030634,0.39118361102796295,0.4464731118427526
2019-12-20,0.0,0.2240258547871814,0.2223936081220594,0.14282158319765284,0.21341625146393314,0.2550385414243801,0.23585964310927857,0.1958695998139239,0.1791390714964905,0.21260012813137213,0.2240258547871814,0.21953717645811824,0.15710374151741813,0.13098779487557052,0.07018660659999236,0.04447872162441782,0.008569294991868077,0.09058968991394277,0.16281660484533017,0.20811144980229412,0.23341127311159562,0.2191291147918303,0.18362774982555366,0.21341625146393314,0.1958695998139239,0.19178898315113382,0.24891761643019492,0.26605620641391625,0.2403483214383417,0.23218708811276156,0.2223936081220594,0.22851453311624453,0.17056977650463725,0.15302312485462802,0.17832294816392952,0.23014677978136652,0.22157748478951328,0.2452450614336928,0.2476934314313609,0.22606616311857644,0.22198554645578633,0.22198554645578633,0.20933563480114303,0.21341625146393314,0.20035827814300192,0.17097783817091033,0.17669070149882238,0.12894748654417545,0.13098779487557052,0.14526995319533578,0.13343616487323862,0.03794973496395963,0.047743214954646916,0.09507836824302077,0.11711369822207829,0.05672057161278806,0.05916894161045618,0.07426722326278244,0.04488678329069089,0.09589449157556691,0.16077629651393513,0.14853444652556488,0.1656730365092862,0.1460860765278968,0.05549638661395401,0.08854938158254773,0.10568797156626902,0.15057475485695992,0.16036823484766205,0.14282158319765284,0.13996515153371164,0.07834783992557252,0.10732021823139101,0.1481263848592918,0.07793977825929946
2019-12-27,0.0,0.020963585019662792,-0.03247300424615957,-0.046859778279265595,0.08426539076533528,0.13030306767126257,0.12331520599805161,0.14140143621109022,0.19196067067028838,0.1899054172369875,0.16154291985744462,0.1311251690445859,0.11838259775812657,0.07275597153883848,0.11221683745822397,0.12906991561128506,0.17757389663718234,0.3115764204884074,0.2980117478286247,0.32308583971488924,0.3239079410882126,0.30376645744185815,0.3029443560685348,0.303355406755204,0.3596693508276505,0.3461046781678529,0.3214416369682426,0.30171120400855733,0.31404272460836247,0.32267478902823504,0.27006030113572105,0.2930791395886997,0.29143493684205296,0.29636754508197805,0.34034996855461946,0.37117877005413236,0.4065291291069012,0.3748782262340649,0.34199417130125115,0.3506262357211238,0.37611137829405744,0.3884428988938626,0.4110506866601721,0.3662461618142073,0.35884724945432717,0.38227713859396,0.39995231812034443,0.40365177430027693,0.4237932579466314,0.48545086094565715,0.485039810259003,0.482573506139033,0.5031260404720416,0.5113470542052451,0.4940829253655148,0.4949050267388381,0.45544416081946765,0.44516789365296333,0.3748782262340649,0.38063293584731334,0.3884428988938626,0.38556554408723837,0.3991302167470211,0.40899543322687115,0.43900213335306076,0.3308958027614385,0.29266808890203055,0.3218526876549117,0.32514109314819006,0.35432569190105634,0.5984897997772045,0.6350733108899659,0.647404831489771,0.7250934112685345,0.6848104439758407
2020-01-03,0.0,-0.017978997262295,0.050259469619577786,0.002451681444851652,0.0020430678707146653,-0.020839292281283638,-0.06129203612143995,-0.017570383688143145,-0.0049033628897181694,0.04004413026600446,0.08907775916315643,0.08785191844073059,0.1283046622808869,0.1650798839537509,0.08826053201486758,0.04617333387814846,0.031054631634856965,0.002451681444851652,0.0290115637641423,-0.006537817186280982,0.002451681444851652,0.019204837984720825,0.0,-0.0089894986311475,0.05311976463858129,0.04249581171087098,0.04372165243329681,0.016753156539854305,0.0008172271482888391,-0.0020430678707146653,-0.1107342785927289,-0.08744330486659362,-0.10623952927716258,-0.15527315817431456,-0.15282147672946292,-0.1303477301516016,-0.17202631471416888,-0.18265026764189404,-0.10705675642545143,-0.10460507498058491,-0.1168634822048729,-0.09030359988558226,-0.07109876190087629,-0.06782985330772094,-0.09438973562701158,-0.08866914558901944,-0.059248968250725294,-0.01307563437257683,-0.06129203612143995,-0.09234666775629692,-0.09234666775629692,-0.1107342785927289,-0.07109876190087629,-0.10133616638744442,-0.1287132758550239,-0.13892861520859723,-0.13116495729987557,-0.14546643239487822,-0.18101581334531636,-0.18346749479018287,-0.201446492052463,-0.225963306501039,-0.25211457524619263,-0.2447595309116228,-0.21574796714746566,-0.24721121235647447,-0.280717525436198,-0.35917133167164406,-0.36039717239406993,-0.3260736321660576,-0.13361663874474206,-0.10664814285129957,-0.08090548768029777,-0.09193805418215993,-0.1168634822048729
2020-01-10,0.0,-0.06121674400381993,-0.0795817672049659,-0.12651460427456118,-0.16732576694377446,-0.16610143206368622,-0.10651713456664073,0.028567813868449303,0.0624410788839082,0.033465153388757864,0.08774399973880857,0.07019519979104982,0.10570091131326836,0.15385808326293704,0.17426366459754372,0.17916100411785227,0.196709804065611,0.22038027841375174,0.20160714358591958,0.1677338785704755,0.18324212038477358,0.19915847382577273,0.19466924593215035,0.24649942252205417,0.27384290151043006,0.29098358983150263,0.27833212940403756,0.31465406417964337,0.31465406417964337,0.39219527325114856,0.4007656174116774,0.3897466034909869,0.3603625663691652,0.35015977570186185,0.4121927429590542,0.3766870314368505,0.3848492639706932,0.3440381013014799,0.37464647330338985,0.40321428717183916,0.40933596157222113,0.41668197085267655,0.4309658777869012,0.37872758957031116,0.31628651068640296,0.2558859899359703,0.21997216678706555,0.22854251094759442,0.2730266782570428,0.30200260375217836,0.24160208300174563,0.13753361819525176,0.09304945088581816,0.0399949394158409,-0.008162232533842656,0.006529786027083035,0.008978455787229892,0.008162232533842656,-0.14487962747570718,-0.17263121809076923,-0.1403903995820848,-0.24160208300173075,-0.2840456921777185,-0.1685501018238479,-0.1722231064640682,-0.1118225857136355,-0.13957417632869756,-0.2640482224697981,-0.3097567246593199,-0.1399822879553986,0.02162991621469492,0.04244360917598776,0.007754120907156463,0.01754879994777359,0.0314245952552972
2020-01-17,0.0,0.12660025563513452,0.15622146929335146,0.06898090851914221,0.09697904197691759,0.1399906672888474,0.21627543671001348,0.21749274686034833,0.21424658645945047,0.35017955324717187,0.3956257988597862,0.4045527399622663,0.3554545638986327,0.3266448903406439,0.374525756253928,0.38588731765707784,0.4187546917162074,0.45283937592565704,0.4341739536204833,0.41469699121508136,0.41713161151575107,0.42849317291890093,0.384670007506743,0.3716853659031368,0.3148775588873726,0.29053135588061657,0.24670819046845857,0.24143317981699772,0.22317352756193062,0.1688003408468362,0.19355231390371372,0.1967984743046116,0.230883158514076,0.18016190225000084,0.14201951753941042,0.11645600438231948,0.15946762969424932,0.15784454949380777,0.21789851691046977,0.26496784272352564,0.2544178214206039,0.27957556452758814,0.24467934021789556,0.17935036214977268,0.20653695550731993,0.22763699811316337,0.31325447868693107,0.3173121791880571,0.3047333076345576,0.27470632392623395,0.2816044147781511,0.29174866603096616,0.28403903507882083,0.2678082330743168,0.2811986447280297,0.28728519547971865,0.28525634522915566,0.29864675688286857,0.2763294041266755,0.28647365537949054,0.21627543671001348,0.19111769360302924,0.20816003570776148,0.22033313721113948,0.2564466716711669,0.24670819046845857,0.21262350625900892,0.2337235488648524,0.22966584836372636,0.27592363407656884,0.26009860212217145,0.19071192355292255,0.1817849824504424,0.20410233520663543,0.1817849824504424
2020-01-24,0.0,-0.09702391475052183,-0.0587899144462973,0.1373135064689372,0.24214866859343204,0.3194389057675664,0.3860400675878367,0.3202611423332517,0.35808402435464104,0.40166256233579767,0.38727342243635715,0.508142197591663,0.5562430366840814,0.5772100691089743,0.5669321120379455,0.5932436821397854,0.5747433594119334,0.6092772951705816,0.5706321765835218,0.5385649505219147,0.5200646277940626,0.5352760042591733,0.5513096172899845,0.5410316602189557,0.5328092945621324,0.4851195737525643,0.49293082112653736,0.4452411003169692,0.48799740173244044,0.49210858456085205,0.5508984990071494,0.531575939713612,0.4945752942579079,0.4777194446614116,0.505264369611772,0.5069088427431426,0.4822417457726732,0.4509967562767364,0.5217091009254182,0.568576585169316,0.5587097463811223,0.557887509815437,0.5282869934508857,0.5171867998141715,0.5241758106224742,0.5389760688047498,0.5665209937551102,0.6277776178984336,0.6450445857777651,0.6290109727469689,0.6302443275954894,0.6446334674949299,0.6910898334559776,0.7095901561838296,0.7017789088098416,0.6939676614358686,0.7350794897199843,0.7696134254786324,0.779069145983991,0.7938694041662666,0.8016806515402547,0.8144253183083245,0.8090807806313924,0.7428907370939573,0.726446005780311,0.7959249955804725,0.784002565378073,0.8103141354799128,0.8094918989142277,0.702601145375527,0.681634112950634,0.6697116827482346,0.6873897689104012,0.7030122636583771,0.6783451666879078
2020-01-31,0.0,-0.0170037698601898,0.15137502436515804,0.11529385417400775,0.038154800661905866,-0.1368596110698689,-0.17169660297855377,-0.23183188663046583,-0.22644044740650435,-0.11902638902137387,-0.10160789306702389,-0.11612330636231302,-0.15469283311836396,-0.22312263865329843,-0.32348635343787197,-0.3077267618601325,-0.23888223023103786,-0.21068085582876486,-0.27828120917539406,-0.34546683642787823,-0.3102151184250332,-0.3089709401425828,-0.4943535042281355,-0.576883996964199,-0.5507562530326816,-0.5884963276004272,-0.6183566063793108,-0.6934220294206722,-0.7386271736831349,-0.7655843698029576,-0.7220381299170903,-0.7821734135690024,-0.7523131347901189,-0.7108405253750071,-0.7029607295861449,-0.7328210083650284,-0.7274295691410517,-0.7037901817744501,-0.7348946388357839,-0.7842470440397579,-0.7290884735176623,-0.5611244053864595,-0.4993302173579369,-0.46781103420245795,-0.5466089920911704,-0.5520004313151319,-0.46241959497849644,-0.5490973486560711,-0.5163339872181417,-0.46988466467321355,-0.4707141168615188,-0.3973075981967679,-0.41845862899846886,-0.3923308850669515,-0.33468395797995515,-0.32763361437938315,-0.35915279753486207,-0.47486137780303006,-0.36744731941788444,-0.30523840529521673,-0.15303392874175345,-0.15303392874175345,-0.21068085582876486,-0.26542470025671544,-0.26998668729237174,-0.2807695657403098,-0.3981370503850732,-0.42882678135224683,-0.39481924163186727,-0.8099600618771302,-0.8464559581624256,-0.9123974071324594,-0.8700953455290424,-0.8883432936716975,-0.8327699970554417
2020-02-07,0.0,-0.007428010201131007,-0.026823370170761703,-0.1085314823832328,-0.10894414961662313,-0.005777341267539667,0.014030685935481358,0.10399214281587915,0.04085405610624306,-0.03631471653887438,-0.009491346368112677,-0.0008253344667806576,-0.057773412675486746,-0.08583478454643445,-0.11761016151795516,-0.16713022952551523,-0.14856020402268022,-0.12627617341927216,-0.11595949258436382,-0.10605547898284581,-0.06355075394302641,-0.1436081972219212,-0.15681354869060687,-0.12173683385191851,-0.14567153338890285,-0.1365928542541805,-0.2339823213357093,-0.27194770680817504,-0.22572897666778263,-0.22036430263363327,-0.2352203230359103,-0.21211095796570661,-0.20922228733192927,-0.20303227883098426,-0.25213967960515404,-0.2797883842427114,-0.29299373571139703,-0.3433391381857378,-0.2851530582768607,-0.2104602890321303,-0.1473222023224792,-0.15268687635664355,-0.10729348068304681,-0.09243746028076978,-0.16630489505871957,-0.1935409324628716,-0.13865619042116217,-0.16754289675890557,-0.19436626692966727,-0.25048901067156265,-0.24099766430344996,-0.26493236384043434,-0.29216840124460136,-0.2591550225728947,-0.2500763434381723,-0.2735983757417664,-0.33178445565064346,-0.3491164794532925,-0.26121835873987637,-0.226141643901188,-0.269471703407803,-0.3206424403489394,-0.2839150565766747,-0.22820498006816964,-0.14856020402268022,-0.1741455724932409,-0.1122454874837908,-0.1341168508538085,-0.1440208644553115,-0.1510362074230522,-0.0998654704819008,-0.14195752828832986,-0.19684227033003923,-0.21293629243250228,-0.2591550225728947
2020-02-14,0.0,0.33428628851982956,0.3383879607716066,0.3412591313478535,0.3178795995127214,0.2563545157360656,0.18744642190621413,0.19688026808529838,0.1423280271366666,0.046759063670264334,0.03486421414010492,0.035684548590463314,0.07218943163128504,0.08039277613483913,0.111155318023167,0.11074515079798034,0.12715183980508854,0.015996521781936463,-0.12346033477848323,-0.5094276936707125,-0.7481450187241249,-0.5906408042558952,-0.7108198012329597,-0.7239451524386492,-0.5967933126335607,-0.5553664228906036,-0.5643901018445161,-0.38432668999151254,-0.31623893061200453,-0.23748682337788224,-0.33346595406947116,-0.3186999339630797,-0.3474116397255191,-0.34823197417586255,-0.2452800006562646,-0.2854763887236767,-0.25020200735840004,-0.26906969971656847,-0.25594434851087894,-0.31500842893647446,-0.35561498422907317,-0.37530301103760005,-0.3215711045393117,-0.2994220743797246,-0.34248963302338364,-0.3428998002485554,-0.3121372583602275,-0.32239143898967015,-0.3814555194152656,-0.4524144493710056,-0.4917905029880593,-0.5122988642469445,-0.5483935800625945,-0.5385495666583237,-0.5090175264455259,-0.5086073592203542,-0.489329499636999,-0.4003232117734341,-0.35069297752693773,-0.4109875596280633,-0.42657391418481316,-0.4614381283249181,-0.5131191986973029,-0.5676714396459347,-0.6607793997612768,-0.7743957211355039,-0.8080294336000788,-0.7547076943269772,-0.717382476835797,-0.628376188972247,-0.632477861224024,-0.6517557208073643,-0.6927724433251348,-0.7013859550538755,-0.6792369248942735
2020-02-28,0.0,0.15823554111692753,0.06011182567569911,0.06187982054852041,-0.1706115052266284,-0.22409335012928783,-0.24928727706690293,-0.3151450860792472,-0.3721629207275331,-0.3195650732612843,-0.058785829521091175,-0.2324913257751488,-0.255033260403548,-0.18917545139118774,-0.22762933987491435,-0.20464540652831786,-0.16044553470794615,-0.14541757828902938,-0.14585957700722668,-0.2501712745032975,-0.2077393975557471,-0.20729739883754977,-0.22851333731132503,-0.2806691860593604,-0.26608322835864096,-0.27227121041348334,-0.26519923092223036,-0.13701960264315233,-0.14409158213440537,-0.17989347830891614,-0.14055559238877885,-0.14983756547106655,-0.3779089040641782,-0.41105880792945704,-0.5613383721187208,-0.5379124400539271,-0.6815620234701352,-0.6435501337046058,-0.5361444451811057,-0.46188866052288446,-0.34829498994452596,-0.4079648169020278,-0.4145947976750835,-0.1953634334460462,-0.1719375013812524,-0.06629980773055759,-0.1785674821543082,-0.29569714247829326,-0.21967336294725068,-0.2775751950319312,-0.2846471745232003,-0.29613914119649054,-0.26033724502199584,-0.18342946805454263,-0.17812548343609483,-0.11757165904218235,-0.13701960264315233,-0.36509094123626396,-0.37923490021878614,-0.43934672589450136,-0.5547083913456651,-0.593604278547589,-0.5454264182633934,-0.5012265464430218,-0.5467524144180014,-0.5533823951910571,-0.5626643682733288,-0.7818957325023822,-0.9759331697938044,-1.1655506199032055,-1.207982496850756,-1.2057725032597373,-1.0161550531503523,-0.980795155694055,-0.9335012928462539
2020-03-06,0.0,0.4256183468281773,0.7566035471273137,0.8720098233822415,0.8766260744324387,0.9878777247421824,0.9523325916556781,1.0224996076186608,0.9500244661305797,0.983723098797015,1.1817602688504614,0.9555639673908026,0.7926103053188478,0.755680296917271,0.6892062817944425,0.7205967889357796,0.587648758690106,0.5437943737132335,0.5908801344252307,0.5761081310646133,0.5756465059595834,0.6024207620507235,0.5064027402066268,0.5617977528089921,0.4445449761339955,0.46024022970465567,0.5788778816947249,0.5978045110005263,0.5387164975580067,0.6379658951372446,0.6134997645712033,0.6171927654113576,0.6531995236028917,0.7413699186616666,0.7164421629905955,0.7376769178215123,0.6218090164615547,0.6615087754932599,0.6989004089998498,0.7879940542686507,1.0155752310433652,1.0649691172804776,1.0146519808333392,0.9315594619297911,0.9864928494271267,1.0298856092989863,1.0866654972164076,1.2154589015169135,1.3784125635888684,1.3581010589679943,1.3036292965756717,1.1711428914350113,1.2953200446853204,1.2616214120188847,1.302706046365629,1.4038019443649525,1.3968775677896568,1.4268831996159381,1.2703922890142492,1.3087071727308819,1.176220767590238,1.1771440178002641,1.3253256765116015,1.3728730623286285,1.4435017033966409,1.423651823880797,1.3576394338629814,1.5621393553867102,1.5972228633682015,1.4924339645287406,1.3197861752513618,1.3788741886938813,1.453195830602065,1.4042635694699654,1.2810096664296993
2020-03-13,0.0,-1.4760231913860649,-1.4760231913860649,-1.4760231913860649,-1.4760231913860649,-1.4760231913860649,-1.4760231913860649,-1.4760231913860649,-1.4760231913860649,-1.4760231913860649,-3.1656813183674677,-2.5487676006054936,-2.2631593979379128,-2.2631593979379128,3.009168023305625,4.033930254476912,5.641904435495391,7.016251106731781,8.348898980378708,9.653557250164225,7.019107188758457,7.22988604232714,8.854996715505674,9.000085682460792,8.75274897895067,8.816153999942888,8.905263759175163,8.452289149744384,7.978750749721527,8.208379744666267,8.285493959386514,8.317482078085273,8.914974438065865,9.331391197555186,9.69468483134836,10.156798903264495,10.548653357324426,10.779424785079819,11.027903921400615,11.462599605860685,12.221174992145773,11.532859223716905,11.710507525776132,12.209179447633744,12.394253562962323,13.1996686944849,13.82972038956958,13.696055750721165,14.139890897666591,14.191300374146753,13.48184959872048,13.862850941079035,15.193213949104614,14.32496501299517,13.638362893782302,13.621797618027594,13.894839059777798,13.47385256904578,13.919401365207204,13.787450375574792,12.888355753577239,12.71299231713934,11.993830862822383,11.5180075971782,11.196983977379835,12.118927255590773,12.501642247165332,12.164053351612258,12.982606460457541,12.901493730899944,13.015165795561648,13.456716076885725,13.477851083883131,13.57381543997943,13.854282694999009
2020-03-20,0.0,1.6891768459767742,0.8902583088745766,-0.1144791806213496,-0.39824140492748505,0.11387024880954273,-0.04749668132162117,0.24966204284444224,0.5273349490323984,0.8713814227082762,1.6142782331234458,1.4523023711804752,1.4054146216706607,1.2257797371850254,1.2696228276357613,1.7220591638148315,1.3305160088173327,1.2330869189268185,1.0698931933602118,1.2300422598677399,1.4979722570666536,1.508933029679332,1.475441780029468,1.5472957338237174,1.5929656197098958,1.7756451632546097,1.8834260939459952,2.2311261584927586,2.695741130908165,2.689042880978179,3.154875717017199,2.7803826527505358,2.9088672650436647,3.3430356468682634,3.6889089159795843,4.152306024771333,4.697299996346396,5.005419493125159,5.008464152184238,5.171657877750844,4.644931860530253,4.845879358429438,5.264215513146837,5.366516057531872,5.887761688446115,5.788505803120157,5.624703145741744,5.8603597569144075,5.915772551789651,5.915163619977822,6.254947570971006,6.925990427591905,6.894325973377505,7.493514876204153,7.226802742628875,5.695948167724165,5.1613060369499735,4.823348881392253,3.890465345690576,3.7498020971611554,3.553726053756491,3.5458099402028918,4.392834090438539,4.670506996626518,4.871454494525703,4.486000657646361,5.35129276223648,5.828086370888179,5.658803327203414,5.915163619977822,6.089927049968935,6.091753845404378,6.382823251452306,6.519832909110843,6.2275456394393
2020-03-27,0.0,-0.329410975145978,0.0995503456298476,0.4764994071720827,0.6090467774770016,0.21979374063219653,0.21643811100421181,0.29249904923826797,-0.008389074069931321,-0.2874656047963214,-0.8120623699693559,-1.465850875819345,-1.8797118632692904,-1.4322945795396196,-1.1224581105568148,-1.7611462830809235,-1.6929151473121444,-2.084405270575606,-2.350059282790098,-2.50218115925819,-3.511107134068605,-3.508870047649949,-3.3629001588331513,-4.16154001029061,-4.489832442227259,-4.344421825015116,-4.176081072011815,-3.601709134023847,-3.5687121093487963,-3.404845529182808,-3.823180689470046,-3.740967763584715,-3.3500369119259075,-2.730363973960318,-3.0267779244312245,-2.821525245520234,-3.1861703317599197,-2.9881881837095525,-2.9535133442204993,-3.2476902082727492,-3.3097693563902535,-3.4205051341133426,-3.5720677389767608,-3.6503657636294524,-3.6565177512807483,-3.8103174425628223,-4.158184380662624,-4.158743652267298,-4.096105232545141,-4.454039059528878,-4.658732466835193,-4.41600859041186,-4.009977405427171,-3.516699850115226,-3.3371736650186836,-2.964698776313741,-3.0821458132927795,-2.8148139862643053,-2.6833851591687146,-2.41325697411691,-2.0396635422026392,-2.115165208832021,-1.8752376904319974,-2.6380841591910733,-2.9753249368023083,-3.0446746157804156,-3.2773316033198356,-3.3103286279949073,-3.324869689716113,-3.6704995413973,-3.614013109326417,-3.380237578577668,-3.095568331804657,-3.0765530972461588,-3.0368448133151382
2020-04-03,0.0,-0.26569470267351014,-0.05890690867588538,-0.10185986291871685,-0.3614184292718225,-0.2650810890414675,0.019635636225298847,0.3172382477649168,-0.014726727168968553,-0.22519620295883822,-0.18715215777233707,-0.0355895906583416,0.20126527130927413,-0.0036816817922449285,-0.03865765881854385,-0.01595395443305392,-0.3227607704532786,-0.29208008885125614,-0.4681872012468584,-0.49764065558480675,-0.6179089274647258,-0.6197497683608539,-0.4381201332768787,-0.5086857009615303,-0.2699899980977978,-0.13683583994501575,-0.178561566923773,-0.2773533616822765,-0.34607808847081123,-0.30067067969982025,-0.40130331535445163,-0.4270750879001551,-0.40437138351465396,-0.3104884978124696,-0.17487988513152808,-0.23562763470353032,-0.20556056673355058,-0.03865765881854385,-0.2558768845608607,-0.4546877013419753,-0.3957807926660899,-0.36816817922426964,-0.43566567874871914,-0.5645245414772134,-0.4117347470991438,-0.3270560658775551,-0.16076677159459105,-0.09020120390993937,-0.1380630672091011,-0.10738238560707865,-0.23194595291128542,-0.0865195221177056,0.015340340801011236,0.5534794961004788,0.40314415625057975,0.07976977216525842,-0.16628929428296405,-0.367554565592227,-0.5074584736974449,-0.9885315612171662,-1.006326356546337,-0.9118298572121101,-0.8627407666488741,-0.9596917205112607,-1.0548018334775304,-1.132117151114629,-0.8651952211770336,-0.7725395627389235,-0.8087427670293079,-1.0707557879105842,-1.0707557879105842,-0.9087617890519077,-0.9075345617878224,-0.7326546766562944,-0.7056556768465169
2020-04-17,0.0,-0.18072159164472834,-0.024815502136283203,0.03722325320444443,0.03128911138923262,-0.11382762936428371,0.02157869750981831,0.04639419964612114,-0.311272711579133,-0.13216952224763714,-0.14457727331577874,-0.6781105692460442,-0.5518751888135993,-0.4304950153208713,-0.7309783781450951,-1.1652496655301885,-1.2909455785248765,-1.133960554140956,-1.4090889473911394,-1.499180009494615,-1.235380432437098,-1.1269474774502493,-1.189525700228734,-1.026606534029602,-0.901450088472652,-0.8318587890034997,-1.0810927452418855,-1.1835915584135224,-1.2650511415130983,-1.2672090112640684,-1.429588710025463,-1.5412584696387766,-1.75057183548401,-1.902162185490476,-1.826636744206112,-1.7608217168011622,-1.6248759224893223,-1.508890423374049,-1.557981960208878,-1.6906909498942528,-1.6588623710672823,-1.5693107764015248,-1.3772603685641496,-1.3535238013033417,-1.1523024470242897,-1.3222346899141089,-1.3810366406283718,-1.542876871952009,-1.7198221915325151,-1.6939277545207372,-1.633507401493242,-1.5860342669716456,-1.5989814854775248,-1.5622976997108378,-1.5946657459755649,-1.4074705450778875,-1.4339044495274227,-1.4425359285313422,-1.327089896853826,-1.2040913210478656,-1.2925639808381089,-1.1188554658840675,-1.0168961201501878,-1.0471062966639255,-1.0071857062707734,-1.0028699667687941,-0.7887013939838631,-0.7153338224504691,-0.646821457856792,-0.48390229165767945,-0.45261318026842723,-0.2988649605109718,0.018341892883353413,0.13001165249666707,0.12030123861723313
2020-04-24,0.0,0.3377289097039641,0.10110007814762798,0.05082328252826306,0.314776459529904,0.2956494177181906,0.3972959827747366,0.5147906681895474,0.5426615005437505,0.5994961390699926,0.3661462289670851,0.35357703006224883,0.3043932082607001,0.44757277839408166,0.3951100351391043,0.23007098864945894,0.27105750681741625,0.15848120358276815,0.17050391557870628,0.2557558733680495,0.17323635012323677,0.17268986321431873,0.15957417740058435,0.3202413286189649,0.3683321766026975,0.4158765376775319,0.41751599840424625,0.46833928093252924,0.24701208282555986,0.3114975380764754,0.3437402657019232,0.49129173110656943,0.4863733489264265,0.5388360921814038,0.5809155841671773,0.6208091285173184,0.6831086361326214,0.7350248924787006,0.9978850956625254,1.0733002890915628,1.148168995611702,1.2765934192046349,1.202817686502312,1.2459901523059016,1.0989851738101533,0.9585380382212825,0.9394109964095689,1.26074529884637,1.1836906446905984,1.1153797810773363,1.232327979583249,1.1525408908829469,1.0202910589276872,1.1066359905348468,1.0722073152737666,0.7082470339422939,0.6344713012399708,0.49183821801548744,0.20547907774868457,0.24646559591664186,0.22132719810696935,0.07432221961122126,0.08251952324481272,0.27433642827086474,0.14645849158683005,0.3502981086088003,0.4639673856612645,0.30002131298943535,0.22132719810696935,-0.03716110980561063,-0.016394607267182913,-0.07760114106466977,-0.0721362719756088,0.027324345445304855,0.16066715121838063
2020-05-08,0.0,-0.08139615831551235,-0.09906769268666227,-0.15154679475851193,-0.07818315206622298,-0.06479562602748483,-0.13012675309653088,-0.3084485999325191,-0.3587856978381823,-0.4107292988684707,-0.19170937287472636,-0.30416459160012677,-0.29773857910152857,-0.21848442495220263,-0.2238394353676979,-0.1322687572627173,-0.034807567700719175,0.0005355010415612147,-0.16279231663104415,-0.11459722289158683,-0.03909157603311149,-0.13066225413807261,-0.11138421664229749,-0.1215587364317268,-0.05247910207184964,-0.01392302708027988,-0.05729861144578368,-0.008032515623242888,-0.04605308957325143,-0.03587856978380265,-0.040698079157756174,-0.009639018747887569,0.03159456145142982,-0.23133644994937957,-0.1751088405866794,-0.13762376767821255,-0.18688986350077283,-0.3271911363867525,-0.39787727387129385,-0.34325616763323824,-0.22651694057544552,-0.2688215228578464,-0.2254459384923426,-0.2827445499381458,-0.23294295307404372,-0.20616790099656745,-0.20563239995500626,-0.05890511457044785,-0.0642601249859431,-0.19117387183316514,-0.23080094890783787,-0.23454945619868842,-0.1510112937169507,-0.21848442495220263,-0.14190777601062435,-0.48998345301781615,-0.5338945384248617,-0.5992256654939078,-0.3930577644973403,-0.4771314280206197,-0.7020418654714206,-0.6399237446516834,-0.5542435780037592,-0.5355010415495258,-0.7641599862911578,-0.888931728972213,-0.7984320529503353,-0.9949609351990152,-0.9317718122961749,-0.8819702154320535,-0.937662323753212,-1.0570790560187524,-0.9842509143680246,-0.9114227727172775,-0.937662323753212
2020-05-15,0.0,-0.06600986847533706,0.1441215461711566,0.43291472075075627,0.18757804291742816,0.10121513166219151,0.25358791139276526,0.020353042779899598,-0.1683251646121015,-0.2772414475964037,-0.13146965471336763,-0.16997541132398095,-0.1930788652903529,-0.04785715464460337,-0.17877672712070455,-0.23598527979931802,-0.3850575661061329,-0.3454516450209266,-0.25908873376568997,-0.23103453966367973,-0.382857237156947,-0.34490156278362016,-0.29759449037630326,-0.348202056207399,-0.37075542793646454,-0.3685550989872986,-0.40926118454707777,-0.43401488522532927,-0.30969629959678574,-0.2744910364099313,-0.20188018108705652,-0.22938429295178028,-0.20353042779895597,-0.2799918587828761,-0.26678988508782064,-0.29154358576607203,-0.25743848705381056,-0.18592779620552874,-0.12761907905230233,-0.07206077308556828,0.025303782915557883,0.03080460528850264,0.029704440813909685,0.09736455600112617,0.09131365139089495,-0.10451562508595036,-0.10616587179782977,-0.04840723688190985,-0.16557475342562916,-0.16337442447644324,-0.008801315796703605,-0.026403947390130827,0.1595238488153979,0.07151069084828182,0.0654597862380506,0.1551231909170461,0.168875246849408,0.1534729442051667,0.17602631593423218,0.1892282896293076,0.4087111023098114,0.4818720398699726,0.608390954447702,0.31079646407137873,0.3685550989872986,0.47417088854784195,0.44886710563230403,0.429064145089691,0.3427012338344743,0.4978244247515004,0.42741389837781146,0.39770945756392184,0.4307143918015904,0.4637193260392589,0.394408964140143
2020-05-22,0.0,0.3285172956323225,0.45427349480355445,0.6974760121435142,0.7971945841735627,0.8298801161167333,0.7329315044208526,0.8431759257207478,0.8553637511910911,0.8110443858444027,0.42657389146187424,0.3905644071176901,0.2576063110776254,0.4315598200633848,0.2055310567952788,-0.23046069980277076,-0.4470715979347216,-0.6226870831209577,-0.33350322423383305,-0.513550645954754,-0.5711658209054367,-0.5861236067099479,-0.5085647173532435,-0.3556629069071771,-0.1839253661887602,-0.19168125512441855,-0.25649832694395414,-0.1445919294435623,-0.007755888935658348,0.0,-0.06370908768586434,-0.12797216743855422,-0.13517406430738704,-0.2758880492831302,-0.3517849624393379,-0.29306180335496385,-0.24708046180777887,-0.19334323132491535,-0.18835730272342502,-0.2022071043942651,-0.19389722339176102,-0.25871429521129663,-0.4581514392713937,-0.4515035344693864,-0.41272408979103425,-0.2875218826866278,-0.36840472444434597,-0.3933343674518581,-0.42103397079353827,-0.43155982006336463,-0.5057947570190755,-0.4038602167216845,-0.3185454384293217,-0.26868615241429744,-0.16065769938174487,-0.1972211757927546,-0.2576063110776254,-0.17450750105258492,-0.04487335741351378,-0.14237596117624,0.14292995324306554,0.10248853236421655,-0.018835730272330407,-0.185587342389257,-0.17727746138675296,-0.07977485762402674,-0.02105169853967288,0.028807587475351386,0.05429122254968906,-0.07201896868836838,-0.0714649766215227,-0.008863873069329585,0.06980300042104606,0.22990670773594524,0.2215968267334412
2020-05-29,0.0,0.5848857420104753,0.4387975986094929,0.36148817965642244,0.2751148977916281,0.4105396730611331,0.433465914543764,0.45052730355410064,0.5923500997025037,0.5966154469550831,0.7784258735964342,0.8525362821100751,0.8050842939250793,0.902120943921351,0.980496699687571,0.9724991735889776,1.0316808667185617,1.2689408076435023,1.1356487060002773,1.03914522441059,1.0327472035317116,1.0540739397946275,1.1756363364932447,1.179901683745824,1.2534789238528998,1.2886680386867033,1.3094616065430544,1.312127448575919,1.3051962592904558,1.1345823691871277,0.9858283837533002,1.0380788875974405,1.0492754241354636,0.8679981659006776,0.7970867678264857,0.913317480459374,0.9730323419955427,0.998624425511038,0.9271798590302811,0.9058531227673651,0.9351773851288747,0.9042536175476503,0.8877253969438788,1.0423442348500198,1.046609582102599,1.104724938419053,1.1383145480331418,0.971432836775828,0.966634321116664,1.0204843301805386,1.0860640441890015,1.0759338444641087,1.1985625779758755,1.2508130818200354,1.3025304172575911,1.2902675439064184,1.2694739760500868,1.3419848793439935,1.5717804625769056,1.6272299768604952,1.655487902408855,1.6821463227375,1.3771739941777972,1.4976700540632844,1.5163309482933358,1.649623049936561,1.7013403853741358,1.7701191098220284,1.7327973213619254,1.8005097089966875,2.1534671941479515,2.218513739749849,2.122543426566727,2.0436345023939224,1.8762196227300434
2020-06-05,0.0,0.12095554883579203,0.2562869620824219,0.3896354974792593,0.332132039836016,0.3093289445636817,0.11104115958695572,0.07534935829115946,0.1462372414203354,0.20820217422556228,0.05452914086859965,-0.12789562130998464,-0.2552955231575347,-0.2002706628265004,-0.40549852027740096,-0.4471389551225206,-0.23893678089695838,-0.28652584929136543,-0.40401136189007913,-0.38814833909193747,-0.2483554506833601,-0.20721073530067502,-0.2939616412279926,-0.22604807487347842,-0.04560619054465058,-0.02676885097186522,-0.037178959683136115,-0.019333059035237996,-0.15763878905649353,-0.10162248980057206,0.02924744828405626,-0.0074357919366272235,-0.009418669786401697,-0.004461475161983548,0.1665617393804426,0.08526374753999577,0.16457886153068615,0.17399753131706983,0.09269953947662299,-0.00842723086151446,0.053041982481277804,0.17945044540394062,0.1834162011034715,0.2557912426199693,0.21415080777486764,0.1621002642184771,0.18192904271614968,0.22059516078660762,0.31379041972566524,0.3628666465074121,0.40450708135251373,0.5353770194371601,0.4357374074863445,0.47539496448168966,0.3673281216693776,0.4501132718971643,0.578008893207149,0.5428128113737873,0.5542143590099455,0.6816142608574955,0.718297501078179,0.5319069832000638,0.42681445716239547,0.42681445716239547,0.5081124490028603,0.5487614449230926,0.517531118789244,0.3802168276928756,0.37972110823042304,0.27413286273032,0.3529522572585758,0.4763864034065769,0.4387117242610062,0.5219925939512274,0.6667426769842411
2020-06-12,0.0,0.8559500049764419,1.2409703560521417,1.1990633790643104,1.3928831476330301,1.5505581485497566,1.5159848925347843,1.2907348912251915,1.185443611543273,1.2624476817584167,1.3598814032551167,1.3839779150231122,1.3069738448079875,1.327927333301903,1.4683157062111338,1.544272102001578,1.6778505911502903,1.8585744294103126,1.8549075689238734,1.9423883833859752,1.8391924525534367,1.8800517551165685,1.8758610574177892,1.6207523350043624,1.7276151263233397,1.72971047517272,2.234689547876094,2.3457430368938508,2.2881209435355827,2.4295569908695134,2.322694199550536,2.1435418729275537,2.121016872796598,2.200640129073481,2.2587860596440894,2.176543617305486,2.0550133840407714,1.943959895023015,1.91724419719328,1.8250488478200397,1.8276680338817792,1.9842953603738063,2.1472087334139927,2.219498268717998,2.2530238503082707,2.1398750124411334,2.124159896070697,2.2027354779228805,2.166066873058528,2.370887223086546,2.4400337351164714,2.4274616420201145,2.5772790847516225,2.7595744346486843,2.7522407136758065,3.172881995191159,3.0550186224128835,3.0550186224128835,3.365130252122839,3.351510484601801,3.425895368755205,3.7218633937317636,3.4788029272023344,3.437943624639203,3.603476183741129,3.6668604864352354,3.865394789915074,4.26403490851183,4.245176768867295,4.205888977941203,4.479855839999146,4.495047119157243,4.391327351112364,4.2697971178476495,4.261415722450091
2020-06-19,0.0,0.31802871655875753,0.35067241063789467,0.11771513925502775,-0.35710222916862805,-0.278955203948887,-0.2571927412294802,-0.08606064802677682,-0.16519687609738612,-0.10040408936458195,0.17805651315887094,0.13749919627268006,0.006429818530733406,-0.06429818530737005,-0.11276912500061466,0.028686882675592273,0.11128532072429433,0.041546519737077084,-0.018794854166766108,-0.18547553454049054,0.0613305767547294,0.025719274122951625,0.08457684375047449,0.1409614062507728,0.22998966283020827,0.3313829550456765,0.36254284484847527,0.47778497697631445,0.5277397209458794,0.5969839205076625,0.6419926502228144,0.7419021381619622,0.6672173229203319,0.8334034018686043,0.9056152099830459,0.8383494161230174,0.7137098569118041,0.7710836222630066,0.8264789819124367,0.7127206540609358,0.6642497143676732,0.8190599605308171,0.8403278218247897,0.7508049638199021,0.8334034018686043,0.46541994134028175,0.27203078399271946,0.46344153563850937,0.5104286710554337,0.6855175756616639,0.6741417428764993,0.8670362987986094,0.9051206085575939,0.6978826112976966,0.8299411918905115,0.773062027964761,0.8373602132721311,0.8071895263202185,0.507955663928227,0.4545387099805694,0.7107422483591634,0.7542671737979949,0.7864162664516801,0.9817838295009966,1.144013097045742,1.135110271387802,1.2523308092173957,1.4012058382752224,1.2310629479234232,1.2266115350944442,1.1919894353135527,1.239965773581363,1.2523308092173957,1.23501975932695,1.380432578406702
2020-06-26,0.0,0.05795197712828637,0.06229837541291487,0.3090772113508606,0.13328954739506918,0.07775223598046141,0.07920103540866505,0.16709486738656953,0.21973457994475246,0.18206579481136984,0.3423995981996323,0.2327737747986204,-0.14439700967796965,-0.22504684451483833,-0.21490524851739526,-0.12797728282496573,-0.11397222168562282,-0.10093302683175487,-0.30956014449358926,-0.33563853420132517,-0.21925164680200618,-0.06133250912743991,0.04249811656073982,0.033805319991500375,0.11542102111384404,-0.016902659995750188,-0.12218208511213358,-0.021731991423107385,0.02559545656498963,-0.0975524948326189,-0.03235652056329673,-0.024146657136785984,-0.014005061139325328,0.04201518341801113,0.058917843413761314,0.06809357312574701,0.104313558830926,0.17627059709853768,0.028010122278668226,-0.07678636969496888,0.029458921706889442,-0.17627059709853768,-0.2805841559294461,-0.17482179767033404,-0.13618714625147646,-0.08934263140610814,-0.2163540479455989,-0.24050070508238489,-0.028975988564143185,-0.0671277068402545,-0.17627059709853768,-0.25450576622172777,-0.3105260107790643,-0.39600517704329014,-0.2999014816388749,-0.22842737651399192,-0.28831108621322815,-0.26174976336276357,-0.18206579481136984,-0.11735275368477636,-0.07243997141035796,-0.031390654277821776,0.10962582340101189,0.06374717484111851,-0.1332895473950516,-0.049742113701775614,-0.03090772113507552,-0.04008345084706122,-0.13956767825061245,-0.00579519771283215,0.08885969826337944,0.0618154422701686,0.24533003650974208,0.31390654277821783,0.42449823246470464
2020-07-03,0.0,-0.055205605492253416,0.052846391582328206,-0.0896501285771581,-0.1462712624153632,-0.21987873640502298,-0.2930143676127046,-0.13305966451978543,-0.12834123669993502,-0.10427725481868755,-0.062283247222029055,-0.10003066978083247,-0.1071083115106081,-0.02359213909925213,-0.005662113383823944,0.031141623611005947,0.012267912331604241,-0.06181140444003372,-0.029726095265054247,0.002359213909925213,-0.023120296317273952,0.040578479250706796,-0.10286172647273584,-0.17269445820651874,-0.14202467737749097,-0.08445985797532948,-0.06605798947790596,-0.008965012857722676,-0.014155283459551277,0.0769103734635585,0.15759548918301108,0.20289239625356834,0.1892089555759952,0.211857409111291,0.17788472880836448,0.11654516715030895,0.14485573406941152,0.2014768679076166,0.1646731309127867,0.16608865925873842,0.093424870833035,0.03161346639300129,-0.025479510227199166,-0.03821926534078158,-0.014155283459551277,-0.06652983225988414,-0.03350083752093116,-0.08540354353928584,-0.08540354353928584,-0.032557151956974804,-0.03727557977682523,-0.1830749994101931,-0.20383608181754184,-0.3180220350579256,-0.29678910986859863,-0.1656168164767431,-0.0769103734635585,-0.1122985821124367,-0.06605798947790596,0.025479510227199166,-0.04246585037865383,0.005662113383823944,-0.04152216481468031,-0.1590110175289628,-0.14532757685138967,-0.1335315073017636,-0.06747351782385766,-0.10663646872861275,-0.07407931677165512,-0.060395876094082014,0.04576874985255256,0.03680373699482989,0.09436855639700852,0.03586005143085637,0.03491636586690002
2020-07-10,0.0,0.17567423119287875,0.1845044174168486,0.2974378517551157,0.28628393231430904,0.3462362493086894,0.3536721956025774,0.3411240362316551,0.3657556083301222,0.445692030989313,0.4001468599393143,0.42198995217758395,0.3796980076311433,0.2630466001459406,0.2583991337122669,0.16452031175205514,0.11432767426838275,0.05855807706429855,-0.031602771748977666,0.0027884798602143546,0.1120039410515459,-0.00418271979029617,-0.09434356860357239,-0.08133066258928945,-0.10131476825408291,-0.028349545245402702,-0.11618666084184208,-0.10735647461785532,-0.026955305315303983,-0.03764447811275007,-0.0952730618903105,-0.08458388909284752,-0.12594634035255006,-0.18729289727704604,-0.26025812028572626,-0.20262953650816581,-0.37412104791073153,-0.4233841921076658,-0.4020058465127736,-0.39410515357552495,-0.33182910336429083,-0.24445673441122898,-0.1961230835010159,-0.10177951489744351,-0.10689172797449473,-0.037179731469389465,-0.03810922475611067,-0.041362451259685636,-0.07482420958213953,-0.07435946293877893,0.042756691189801264,0.1501131658076735,0.1779979644097156,0.19751732343113154,0.0831896491627657,0.050657384127049905,0.0557695972040842,-0.04786890426683555,-0.1459304460173435,-0.11851039405867893,-0.09713204846376984,-0.20634750965510137,-0.1914756170673422,-0.07900692937245261,-0.05437535727396857,-0.028814291888763312,-0.009294932867347366,-0.03764447811275007,0.0390387180428657,0.10085002161072232,0.11525716755512087,-0.04879839755357367,-0.018589865734694733,0.027420051958681493,0.09713204846378674
2020-07-17,0.0,0.33528645833332654,0.25111607142857145,0.50130208333333,0.3641183035714252,0.3915550595238129,0.2971540178571496,0.403180803571432,0.2850632440476156,0.39946056547619724,0.34830729166667346,0.3738839285714354,0.42643229166667,0.4436383928571496,0.4743303571428571,0.4622395833333401,0.5468749999999932,0.573846726190483,0.30366443452380615,0.2715773809523877,0.4334077380952415,0.5040922619047687,0.4357328869047653,0.428292410714279,0.4706101190476224,0.5664062499999966,0.598028273809517,0.6133742559523877,0.4827008928571395,0.5282738095238028,0.5598958333333401,0.5082775297619014,0.4645647321428639,0.4803757440476157,0.5208333333333333,0.5050223214285647,0.5696614583333333,0.5287388392857177,0.5571056547619014,0.5440848214285714,0.6143043154761837,0.6296502976190544,0.6487165178571429,0.4952566964285714,0.4701450892857075,0.4259672619047551,0.4255022321428571,0.428292410714279,0.4664248511904728,0.4831659226190544,0.4492187499999932,0.27948288690475515,0.35760788690476863,0.500837053571432,0.525948660714279,0.49711681547619724,0.4296875000000068,0.4082961309523776,0.5719866071428571,0.7705543154761939,0.6821986607142891,0.68359375,0.6524367559523776,0.6412760416666734,0.6515066964285647,0.7477678571428538,0.9319196428571496,1.0937500000000033,1.0030691964285747,1.0398065476190408,1.1383928571428539,1.1932663690476122,1.3671875,1.4229910714285714,1.6020275297619049
2020-07-24,0.0,0.07683183264139098,0.2062328139321625,0.0795276864182756,0.046728132132769974,0.13479268884455706,0.20892866770906346,0.13973508743551763,0.24442407577145367,0.2170162290397336,0.13164752610484745,0.19814525260149232,0.09255764633992264,0.091659028414289,0.045829514207136324,0.16894017001850498,0.04717744109559497,-0.11637102136914079,-0.23723513236643348,-0.08581801189771114,-0.28351395553639486,-0.33698172211139266,-0.30148631404900245,-0.17028809690696364,-0.1464747218777618,-0.1419816322496099,-0.08491939397207748,-0.032350245322696966,-0.017073740586990304,0.07638252367858234,-0.05796085620316607,-0.10738484211283698,-0.03594471702521521,0.006290325479402856,0.008536870293478807,0.008536870293478807,-0.05391707553782282,-0.09031110152586304,-0.03279955428552196,-0.05122122176093822,-0.09884797181934184,-0.19724663467587505,-0.17927427616326744,-0.15141712046872235,-0.04538020524434402,-0.13658992469582437,-0.16624431624162037,-0.17388256860948187,-0.16938947898133,-0.12400927373700231,-0.1132258586294312,-0.06514979960820258,-0.07907837745548328,-0.09615211804245724,0.010334106144746105,0.18421667475422798,0.15456228320841564,0.25610610880465845,0.1999424884527596,0.27497708524288333,0.39404396038890876,0.46233892273682087,0.4663827034021642,0.5481569346345321,0.24397476680864502,0.3311407055947821,0.395841196240176,0.5140094534605678,0.4547006703689594,0.45020758074080747,0.5270394133822148,0.5315325030103667,0.5571431138908358,0.554447260113935,0.5908412861019752
2020-07-31,0.0,-0.08995773342676336,0.20206586352643682,0.18669620052889394,0.27801008069073074,0.5004181452433186,0.6324164274574575,0.5804308026128493,0.4154329498451798,0.303776868657192,0.1274777930972164,0.06057455416676742,0.14013516262459597,0.2608322220464287,0.38740591732025736,0.41995343896210224,0.2716813959270327,0.30422891756887765,0.37429649888117567,0.42537802590239604,0.4136247541984043,0.37836493908641244,0.36615961847071854,0.22828470040458376,0.2617363198698165,0.17132653753136748,0.0632868476369143,0.02757498361322037,0.12612164636214296,0.0329995705535306,-0.008588929322159235,0.09945076057229392,0.2097506950252083,0.1631896571208939,0.27032524919195927,0.28027032524919193,0.22240806455258785,0.3422010261510328,0.1876002983522817,0.22873674931626944,0.18488800488213483,0.0569581628732163,-0.03073932599506938,-0.04339669552244895,0.09131388016183681,0.12612164636214296,0.12250525506859185,0.16771014623781635,0.06464299437198777,0.022602445584612257,0.018081956467689803,-0.18714824944059605,-0.2969961349818083,-0.30513301539226545,-0.2603801731347266,-0.2716813959270327,-0.16228555929752256,0.055602016138142855,0.04339669552244895,0.14601179847659188,0.19392898311597973,0.09583436927875925,0.10397124968921637,0.0673552878421511,-0.02847908143660815,0.03028727708338371,-0.16997039079627757,-0.18443595597043272,-0.17765522229504904,-0.034355717288604044,0.05062947810953474,0.05243767375629386,0.006780733675383677,0.08860158669167346,0.20342201026151027
2020-08-07,0.0,0.2144420916627753,0.12696048523130707,0.09286508990416094,0.22072282238092222,0.3862649391666302,0.4347162904209786,0.3889566809029766,0.35441266195312776,0.44234289200731497,0.4611850841617884,0.48092452356169957,0.322560384739609,0.31942001938052744,0.26872555001255166,0.3485805548576835,0.36473100527581054,0.2624448192944048,0.20636686645372,0.2884649894124792,0.21623658615366742,0.2287980475899939,0.31313928866238055,0.27186591537163324,0.3180741485123542,0.3521695438395004,0.26962279725800586,0.31493378315327264,0.3014750744715083,0.2557154649535226,0.3001292036033351,0.3292897390804912,0.3068585579442173,0.48855112514803595,0.48720525427986283,0.40376126045293037,0.43202454868463225,0.4930373613752908,0.23238703657179446,0.225209058608177,0.24719161612173196,0.2902594839033713,0.3620392635394478,0.32525212647597174,0.42215482898466844,0.4351649140437138,0.47150342748447105,0.42619244158920433,0.36921724150306534,0.2956429673760803,0.3001292036033351,0.36562825252126474,0.374152101353039,0.3822273265620944,0.4064530021892767,0.39209704626205816,0.4010695187165677,0.38491906829845707,0.4306786778164591,0.4248465707210148,0.4486236227254782,0.3665254997667026,0.46297957865268047,0.6518501238201165,0.5639198937659131,0.655887736424636,0.6213437174747873,0.6904317553745012,0.6101281269066503,0.5280300039478748,0.5890428166385496,0.6069877615475687,0.586351074902187,0.5361052291569465,0.5885941930158144
2020-08-14,0.0,0.097505448833899,0.08471061618147965,0.16986243348893026,0.12221271188682789,0.08779902406309976,0.022942458549141374,0.03000167656427538,0.041914106964800975,0.10059385671551911,0.08735782293716092,0.04985572723181269,0.012794832652403297,-0.06794497339557852,-0.059562152002611904,-0.03750209570534824,-0.0586797497507342,-0.15177318732518047,-0.1844220706451371,-0.17162723799271776,-0.08250461055176933,-0.09441704095229492,-0.11030028148631835,-0.07721019704042284,-0.09838785108580882,-0.09088743194473595,-0.04323771034264963,-0.08735782293717698,-0.05338533623938771,-0.03397248669778926,-0.013236033778358202,-0.032648883319956655,0.0198540506675373,0.025148464178867742,0.03882569908318085,0.007500419141056807,0.16589162335541638,0.18839288077861888,0.18971648415646755,0.12662472314628062,0.11515349387170994,0.0855930184333734,-0.018530447289704693,0.03397248669777321,0.06529776663989725,0.028236872060487868,-0.009706424770799225,-0.06882737564747228,-0.20868813257212715,-0.17250964024461152,-0.1469199749397889,-0.3119291960433115,-0.43590671243394297,-0.630476408975802,-1.0174097964298099,-1.1202096587750554,-1.1983022580673721,-1.401254776002198,-1.3862539377200522,-1.320073768828261,-1.7573040846400367,-1.9448145631667781,-1.7793641409373002,-1.7506860677508576,-1.599795282677571,-1.6125901153299742,-1.5909712601586654,-1.4436100840929378,-1.4956718169544767,-1.4166968154102824,-1.4899362023171916,-1.5181730743776953,-1.4175792176621762,-1.4096375973951485,-1.3505166465184915
2020-08-21,0.0,0.06716447394413176,0.1044780705797623,0.14047471674590317,0.1352069148679286,0.11150180641705107,0.14354760117470702,0.10096620266111792,0.05487293622886843,0.03511867918647579,-0.025022058920367195,-0.05487293622886843,-0.04960513435090984,-0.009218653286459478,-0.015803405633923687,-0.02282714147121246,-0.000877966979665089,0.028094943349171054,0.026339009389856845,0.028972910328836143,-0.032045794757671935,-0.027216976369521938,-0.05487293622886843,-0.04126444804411544,-0.013608488184768954,0.03643562965596544,0.028972910328836143,0.010096620266108598,0.021071207511882285,-0.11501367433571143,-0.09569840078315932,-0.035557662676316326,0.0035118679186443855,-0.05838480414752878,-0.024144091940702106,0.018876290062727546,0.03950851408478527,0.07770007770006492,0.0895526319255037,0.097015351252633,0.10842892198823124,0.06584752347464211,-0.009657636776284036,0.020193240532217195,0.06540853998480158,0.05048310133055896,0.047410216901739126,0.03204579475765597,0.04477631596274386,0.09964925219161228,0.11194078990689159,0.03380172871697018,0.006584752347464211,0.051800051800048603,0.0711153253526007,0.0618966720661572,0.05487293622886843,-0.003072884428819826,0.0469712334118986,0.08516279702719422,0.07813906118990545,0.026339009389856845,-0.011852554225438775,0.019315273552552106,0.027216976369505968,0.04038648106443439,-0.05794582065768826,-0.051361068310224044,-0.03906953059496071,-0.20676122371038583,-0.18437306572899792,-0.24187990289686162,-0.20456630626123107,-0.18656798317815265,-0.14047471674590317
2020-08-28,0.0,0.1608798792322591,0.12896269139530497,0.18028897994392612,0.24843648910933164,0.26957084321759756,0.25447487599741214,0.21263748113003783,0.13025663144274627,0.08194953633814966,0.17985766659478425,0.07547983610092733,0.06167780892818319,0.019409100711667026,0.07634246279922677,0.17942635324562667,0.14319603191719096,0.16346775932715746,0.1772697864998859,0.23722234203148584,0.23808496872978532,0.28251024369204225,0.32822945870174053,0.33556178563726236,0.3683416001725316,0.3899072676299394,0.4071598015958656,0.4213931421177517,0.4718568039680891,0.6560276040543391,0.6672417511322006,0.6193659693767459,0.5943497951261559,0.5732154410179058,0.6323053698511906,0.5736467543670477,0.5033426784559014,0.4882467112357159,0.43692042268707904,0.4425274962260019,0.4097476816907484,0.38904464093164,0.38041837394867684,0.38214362734526003,0.3579900797929696,0.2980375242613696,0.27431529005822103,0.22471425490618308,0.2993314643088266,0.27302135001077965,0.3437567392710836,0.27388397670907916,0.2963122708647864,0.4205305154194522,0.42700021565667456,0.43217597584645556,0.45287901660556396,0.4619365969376689,0.4244123355617919,0.4351951692904958,0.5145568255337472,0.5059305585507841,0.521457839120127,0.530515419452232,0.5792538279059706,0.5149881388829047,0.5848609014448934,0.604701315505718,0.6357558766443884,0.47315074401553037,0.43390122924303876,0.4200992020703104,0.35367694630148805,0.39163252102652263,0.38947595428078186
2020-09-04,0.0,-0.00882273796027121,0.1460163132424821,0.15969155708091212,0.20601093137233598,0.31805970346777074,0.38643592265987264,0.5231883610440764,0.5046606113275036,0.5042194744294964,0.45481214185197444,0.4843683140188863,0.5871532112560427,0.5245117717381138,0.5249529086361371,0.46142919532217785,0.4089339044585738,0.3608499825750893,0.467163974996351,0.4512830466678692,0.4927499150811503,0.47245761777251694,0.4380489397274624,0.5536268070070185,0.6180327941169919,0.5584793128851612,0.508630843409632,0.5408338369646188,0.5823007053778999,0.6039164133805547,0.4976024209592931,0.5130422123897677,0.4936321888771646,0.5024549268374358,0.5867120743580355,0.5408338369646188,0.5637729556613271,0.5902411695421408,0.6061220978706225,0.4490773621778015,0.46760511189437415,0.5395104262705813,0.5725956936215983,0.5964170861143371,0.675821727756778,0.7922818688323483,0.7856648153621449,0.8333076003476061,0.8915376708853994,0.8778624270469856,0.8416892014098704,0.8800681115370532,0.7314049769064802,0.7062601737197041,0.7419922624588121,0.7164063223740127,0.6802330967369136,0.5968582230123443,0.580095020887832,0.49672014716326274,0.47775126054868283,0.5227472241460692,0.2761516981564825,0.22409754419088554,0.10587285552325454,-0.08734510580668178,-0.2505657580716992,-0.2695346446862951,-0.07675782025436596,-0.24615438909156356,-0.20424638378027535,-0.09263874858284771,-0.0277916245748511,0.0255859400847833,0.10763740311529914
2020-09-11,0.0,0.3448245683128945,0.38289530110886477,0.407838195009674,0.2551176691959604,0.0862061420782276,0.11683776616693677,0.01794137982338044,0.09364525078547281,0.12646484802337551,0.09233246689595989,0.15797166137176527,0.1334663621008043,0.22229807195805773,0.23061236992499945,0.1829145552725745,0.20610707065402256,0.23892666789192527,0.25949361549434746,0.2209852880685448,0.31988167441208526,0.2910004288427372,0.20085593509595495,0.2209852880685448,0.23586350548305116,0.2669327242016086,0.22798680214595768,0.12383928024434965,0.12558965876371084,0.10589790042096921,0.10808587357016274,0.060388058917737776,0.0914572776362793,0.10239714338224687,0.06213843743709895,0.15928444526127822,0.23892666789192527,0.2599312101241798,0.2345507215935382,0.209607827692729,0.2227356665878901,0.20785744917338372,0.2691206973508021,0.34044862201450743,0.32206964756127876,0.255992858455641,0.16497317544919407,-0.02494289390080923,-0.04069630057499616,0.052511355580644306,0.045947436133063776,0.06126324817741837,0.027130867050002744,0.1172753607967691,0.11858814468628204,0.05863768039837659,-0.05119857169113139,0.08445576355886641,0.1570964721120847,0.22142288269837712,0.23892666789192527,0.13609192987983013,0.1181505500564497,0.09539562930483399,0.13127838895161079,0.1439686332169236,0.18160177138306158,0.22623642362661245,0.24198983030079935,0.2651823456822474,0.3260079992298335,0.24942893900806049,0.2896876449532243,0.251616912157254,0.23848907326209293
2020-09-18,0.0,0.015567298295374543,-0.06875556747127165,-0.09816046425143231,-0.06745829261332639,0.019459122869226044,0.050161294507331956,0.043242495264946765,0.008648499052989353,0.013405173532127205,0.08172831605073995,0.02681034706425441,-0.08562014062460718,-0.10334956368322906,-0.12324111150509827,-0.05967464346563912,-0.11502503740476783,-0.17469968087039123,-0.2075639772717445,-0.21621247632473384,-0.12194383664715303,-0.09513348958288288,-0.1409705345637359,-0.1820509050654353,-0.19113182907106785,-0.1578351077170557,-0.11329533759416367,-0.09945773910937757,-0.04843159469674352,-0.019026697916582867,-0.046701894886155094,-0.05491796898648554,-0.05967464346563912,-0.04194522040700151,-0.0492964446020456,-0.04843159469674352,-0.04194522040700151,-0.00302697466854942,-0.03978309564375417,-0.031999446496066904,-0.056647668797089705,-0.10464683854117432,-0.14270023437432433,-0.07437709185571158,-0.07091769223451899,-0.10291713873058587,-0.10378198863587225,-0.05578281889178763,-0.16302420714885246,-0.16864573153329238,-0.2002127530767161,-0.17945635534952908,-0.16042965743296192,-0.11156563778357526,0.009513348958275703,0.0376209708804911,-0.006486374289742016,0.010378198863577784,0.04453977012289202,0.038053395833150004,-0.060107068418282304,-0.6373943802053217,-0.8549041313880007,-0.8043104119280099,-1.0023610402414787,-0.8462556323350113,-0.7455006183676886,-0.6936096240497523,-0.550044539770126,-0.690582649381203,-0.6382592301106237,-0.4895050463992005,-0.5474499900542354,-0.5539363643439775,-0.47782957267766174
2020-09-25,0.0,0.2931365612049057,0.17046028872573896,0.09418964740909551,0.41811014215744835,0.36205581540668297,0.38732620861400124,0.38181266827785576,0.3542449665971449,0.2196226900563434,-0.11900057892172528,-0.16081159313748014,-0.20216314565854646,-0.23983900462217128,-0.028027163375382712,0.15851428466408757,0.12497358095255934,0.029405548459431628,0.008270310504226636,0.08683826029424596,0.04135155252106632,0.08821664537827817,0.1575953612747439,0.28440678900600724,0.22008215175101523,0.20491991582662758,0.38732620861400124,0.41811014215744835,0.29451494628893793,0.2724607849443726,0.22973084733925736,0.34597465609293493,0.40111005945435674,0.4645157733199884,0.41029929334792703,0.684138463376315,0.8555176754913976,0.8610312158275433,0.909734155463459,0.7801659575641313,0.7654631833344155,0.9193828510517178,0.975896639497172,0.92903154663996,0.9552208632366388,0.9621127886568165,0.9010043832645774,0.8670042178583606,0.7254900158973814,0.7737334938386254,0.9180044659676857,0.986923720169463,0.8233553568639017,0.7190575521718754,0.7521387941887319,0.811409352802267,0.767760491807808,0.8913556876763185,0.9625722503514882,1.0581402828446327,1.2290600332650268,1.2837359749317767,1.3673580033632697,1.3158982935592727,1.3255469891475147,1.4463854148479776,1.557575144960165,1.460169265688333,1.524493902943325,1.3563309226909788,1.531385828363503,1.557115683265493,1.4904937375371083,1.4881964290637157,1.395844628433341
2020-10-09,0.0,0.14899921490498352,0.15153177946426896,-0.04727453844011214,-0.1865655892011478,-0.3224798872164644,-0.33387642773327947,-0.2249761516837456,-0.11312121698170184,-0.13338173345603122,-0.0894839477616381,-0.009708164143963253,0.01350701098287602,0.12325147521884348,0.1101665583291766,0.14393408578639735,0.01899423419468668,0.10214677055808052,0.2676076550984653,0.3490718150890073,0.276471631055995,0.28069257198814757,0.4719011962146571,0.47907679579931955,0.4934279949686292,0.5229745814936972,0.5001815004600826,0.5411246275019505,0.5896654482217053,0.6065492119503156,0.6605772558818812,0.5820677545438336,0.5145326996293921,0.5115780409768822,0.5938863891538579,0.4356011041981356,0.33767527457220764,0.2752053487763369,0.2773158192424132,0.3427404036907784,0.4474197388081751,0.42547084596097856,0.4773884194264524,0.4972268418075726,0.4482639269945933,0.44277670378279804,0.343584591877212,0.33387642773326415,0.3659555788176177,0.38410562482588617,0.32712292224182615,0.3549811323940271,0.3630009201651232,0.13549220392209216,0.12071891065955809,0.1954295651586621,0.3026414648353288,0.2633867141663127,0.2739390664966942,0.2570553027680838,0.48540820719754846,0.49638265362113904,0.545345568434103,0.48160936035860497,0.4617709379774847,0.46852444346893807,0.5166431700954685,0.5014477827397252,0.5157989819090348,0.4478418329013842,0.46979072574858083,0.5309943692647934,0.5246629578665645,0.5550537325780662,0.6525574681107851
2020-10-16,0.0,0.17181984071490386,0.03581356481403148,0.17267254463905043,0.21957126046694067,0.04135614032096086,-0.15817657792860543,-0.40546071593020855,-0.43615805719937617,-0.5026689632825597,-0.21360233299793024,-0.10488258266963925,-0.030270989307086587,-0.07674335317291131,-0.0447669560175316,-0.05841021880383004,-0.04689871582789024,-0.04348790013131951,0.04689871582789024,0.20550164571857668,0.1419752033698828,0.2012381260978594,0.19484284666678348,0.1893002711598541,0.20081177413579387,0.11682043760766007,0.1432542592561104,0.0707744257039164,-0.13131640431808958,-0.2123232771117182,-0.29460920579155886,-0.13174275628015508,-0.10871975032829102,-0.0737588894384061,0.11213056602486174,0.01790678240701574,-0.11554138172143247,-0.10871975032829102,-0.004689871582782819,0.13216910824223613,0.1419752033698828,0.17821512014597982,0.2920510940191347,0.1867421593874144,0.21743950065658205,0.22170302027729932,0.1765097122977022,0.23577263502566329,0.2848031106639122,0.3641045756092631,0.36495727953340973,0.20678070160478879,0.2327881712911736,0.13089005235602405,0.011085151013874273,0.08484404045228038,0.26092740078790155,0.19910636628750075,0.2954619097157054,0.26007469686375495,0.19015297508400064,0.07887511298326995,0.21019151730135954,0.3120896362365091,0.23918345072224956,0.24600508211539102,0.20507529375651118,0.2477104899636841,0.25410576939476004,0.23449357913945124,0.2860821665501398,0.24387332230503236,0.2703071439534827,0.19612190255299555,0.26007469686375495
2020-10-23,0.0,0.025109855618330193,-0.04143126177025091,0.01799539652646693,0.007532956685496013,-0.029294831554718563,-0.16614354467462117,-0.141033689056291,-0.08077003557229241,-0.014647415777359282,0.0184138941201149,-0.03975727139568948,-0.048545720862098955,-0.025946850805610912,-0.05984515589035059,-0.0916509730069113,-0.13433772755806045,-0.18581293157564951,-0.051056706423941105,-0.1314082444026008,-0.20966729441305101,-0.22557020297133903,-0.20087884494664154,-0.20087884494664154,-0.1318267419962335,-0.11717932621887425,-0.1360117179326219,-0.1694915254237288,-0.1531701192718081,-0.1531701192718081,-0.32349863988281763,-0.23770663318685614,-0.18748692195019573,-0.18288344842017462,-0.16739903745553464,-0.21134128478761247,-0.17283950617283647,-0.1397781962753775,-0.09499895375601894,-0.03306130989747418,-0.07449257166770987,-0.06193764385854477,-0.033479807491106926,0.04394224733207784,0.01213643021553235,0.06026365348399856,0.03264281230382621,-0.00544046871730183,0.025109855618330193,-0.04687173048755274,-0.027620841180157125,-0.03306130989747418,-0.04101276417660294,-0.06068215107763131,-0.11090186231429168,-0.055241682360329475,-0.031387319522912745,-0.05273069679848732,-0.0916509730069113,-0.09918392969240732,-0.10671688637790332,-0.11801632140615496,-0.15358861686545608,-0.17325800376648443,-0.1117388575015724,-0.045197740112991304,-0.013391922996445815,-0.04184975936388366,-0.12764176605984515,-0.15191462649089466,-0.1318267419962335,-0.16237706633186555,-0.1887424147311092,-0.22473320778405828,-0.194601381042059
2020-10-30,0.0,0.335760656751267,0.5169511901899402,0.6234328306941791,0.7157455432280986,0.7239034108473815,0.5877958300415528,0.6371723972108586,0.6736681207707803,0.7178923504963293,0.7805791227286747,0.6844021571119338,0.7226153264864462,0.6569230240785903,0.5534469137498618,0.5925188060316696,0.6796791811218325,0.5646103115446708,0.42034486311955915,0.3563700065262941,0.17947308762408232,0.012022120702088725,-0.038642530828152374,-0.08844845945111368,-0.11979184556727861,0.024902964311472847,-0.21210455810119813,-0.31429258406897576,-0.4568405866794965,-0.5950949747535559,-0.6762442894926665,-0.4555525023185612,-0.7011472538041549,-0.5972417820217866,-0.5774911551540548,-0.6058290110947093,-0.6981417236286288,-0.696424277814038,-0.786590183079727,-0.7904544361625484,-0.6990004465359243,-0.696424277814038,-0.6603579157077719,-0.9042352213787748,-0.9368666918558749,-0.7213272421255109,-0.5856490227733377,-0.6019647580118878,-0.5762030707931196,-0.5890839144025037,-0.6032528423728231,-0.5933775289389651,-0.4074640195101907,-0.3361900182049381,-0.3026998248205269,-0.4619929241232532,-0.43751932126542026,-0.3705389344966291,-0.22799093188610836,-0.26276920963143924,-0.31987428296637244,-0.43666059835812493,-0.4400954899872909,-0.29110706557209365,-0.22455604025694237,-0.18290797925326394,-0.2365781609590311,-0.05968124205681935,-0.09231271253391954,-0.14125991824958548,-0.1811905334386731,-0.08887782090475357,-0.03134338611618053,-0.007728506165642969,-0.018462542506796405
2020-11-06,0.0,0.14215138916930023,0.16234100676145274,0.07787423928404244,0.1021841869970592,0.16357710579770451,0.3016081648461555,0.37165377690059326,0.4000840547344593,0.43840312485835464,0.5249300573961896,0.5006201096831877,0.3811305361785586,0.37330190894893894,0.4033803188311358,0.4128570781090861,0.3753620740093636,0.38607493232356577,0.31767745231747363,0.11866550748045633,0.07251781012694136,0.1808824923052745,0.160692874713122,0.28100651424190903,0.2933675046044569,0.3094367920757751,0.3811305361785586,0.43057449762875,0.4095608140124097,0.4676574687163935,0.4664213696801267,0.4070886159399061,0.4351068607616782,0.44581971907588036,0.45241224726924817,0.47919439305476846,0.5422354439037596,0.5583047313750777,0.5933275374022966,0.5896192402935263,0.6320586405382709,0.654720456202942,0.7189976060881997,0.6988079884960322,0.8133531658556393,0.8871070750188473,0.8801025138134007,0.8829867448979981,0.9229539470702393,0.8112930007952147,0.7684415675383911,0.7812145909130179,0.8492000379070311,0.8887552070671783,0.8883431740550993,0.8974079003209706,0.9031763624901508,0.9678655453874875,0.9447916967107374,0.964157248278732,0.9208937820098146,0.895759768272625,0.6872710641576573,0.6596648523479641,0.56901758968928,0.5088607699248864,0.7214698041607033,0.8356029485082314,0.8586767971849815,0.9316066403240166,0.986819063943403,1.0008281863542816,1.050272147804473,1.0638692372032728,1.011129011656405
2020-11-13,0.0,0.018621605023874197,-0.038828027496579855,-0.038035618772156915,-0.09073079894610216,-0.07131678519780503,-0.0031696348976773406,0.04794072782740762,0.09429663820598377,0.09825868182808403,0.211176925057942,0.16838685393926187,0.2500049525545219,0.38471443570593133,0.6458131104023456,0.6252104835674211,0.6081736959923928,0.6054002654569197,0.5923255215039918,0.47940727827413376,0.471086986667729,0.5221973493928139,0.624021870480794,0.5950989520394648,0.5705342815824402,0.584005229897587,0.39184611422572335,0.3324154598942192,0.4477109292973316,0.45444640345490495,0.40214742764317835,0.44731472493512736,0.5027833356445313,0.4742566215654063,0.514669466510832,0.5546861070940391,0.36490421759542996,0.3744131222884764,0.4072980843519058,0.34549020384714724,0.38233720953267697,0.33162305116979623,0.2670417401295646,0.3633194001465985,0.41997662394262963,0.4314665504467262,0.4853503437072842,0.48812377424275727,0.40967531052517464,0.41759939776937516,0.4116563323362248,0.4770300521008794,0.39620436221002797,0.3958081578478237,0.4108639236118018,0.4588046514392095,0.5495354503853116,0.592721725866196,0.6925652251431259,0.6588878543552736,0.6315497533627903,0.5225935537550327,0.5309138453614374,0.62758770974069,0.5808355949998952,0.6121357396144932,0.6501713583866501,0.75001485766358,0.7777491630182819,0.7745795281206046,0.8007290160264607,0.7781453673805007,0.7464490184036985,0.7306008439152972,0.7468452227659027
2020-11-20,0.0,0.3613298816683657,0.13960472700823834,0.10519235732552466,0.24284183605633672,0.2756900071171037,0.18692173532194833,0.1267000883772136,0.01055834069810469,0.1431241739075971,0.1669782028922061,0.2756900071171037,0.29876193679072516,0.23267454501372584,0.20882051602911683,0.24127763743440425,0.18535753670000163,0.0398870648594987,-0.027373475883967744,-0.13061058493208036,-0.19669797670907965,-0.17167079875803198,-0.1360852801088654,-0.3042366319675244,-0.3664135271896854,-0.43367406793315183,-0.39026755617428016,-0.3022813836900981,-0.37227927202196415,-0.30384558231204484,-0.3484252430373694,-0.3167502209430553,-0.2756900071171037,-0.14195102494114417,-0.12318064147785485,-0.0398870648594987,-0.10675655594747137,-0.14116892563018504,-0.09619821524938091,-0.07469048419769196,-0.18692173532194833,-0.27960050367195627,-0.2170325587943157,-0.1611124580599273,-0.17362604703545825,-0.18105599048966953,0.09502506628291375,0.14703467046244964,0.1356942304533858,0.14664362080697005,0.10714760560295092,-0.08251147730739702,0.06335004418861392,0.13061058493206615,0.2275908994924204,0.4563549479512937,0.4297635713782851,0.5642846528652179,0.5767982418407489,0.6346735908525636,0.6417124846512954,0.6651754639804105,0.5165765948960142,0.42233362792407375,0.4497071038080416,0.44696975621964197,0.5345648790483444,0.48607472176816724,0.5005435590211246,0.5111018997192291,0.5525531632006604,0.546296368712902,0.533782779737371,0.4712148348597305,0.44227716035381603
2020-11-27,0.0,0.20111344416405283,0.09593342451504096,0.09285122613703664,0.07358748627457974,-0.07474331066633837,-0.15256881971065303,-0.18724355146307545,-0.017722640673454738,-0.07936660823331682,-0.07243166188283513,-0.08398990580030928,-0.01001714472847198,0.02658396101019613,-0.0053938471614935375,-0.02350176263219181,-0.04199495290016164,-0.12213211072797953,-0.08861320336730173,-0.08321935620580818,-0.07435803586908081,-0.07936660823331682,-0.08514573019205388,-0.20034289456955173,-0.16374178883088364,-0.1714472847758664,-0.22345938240450003,-0.22114773362101078,-0.24734641983394937,-0.08244880661132113,-0.043536052089149783,-0.0023116487834892213,0.0019263739862456898,0.047388800061641166,0.0639556163433513,0.030051434185429958,0.04160967810290409,0.0547090212093804,0.07551386026082543,0.19148157423282436,0.25235499219818536,0.29049719712585564,0.23964092388896663,0.07166111228833405,0.05586484560112501,0.08976902775904634,0.14293694977942456,-0.05162682283139009,-0.13369035464545367,-0.10903276762150324,-0.08476045539481035,-0.18647300186858837,-0.15256881971065303,0.08283408140856466,0.01579626668720905,0.01194351871471767,-0.05162682283139009,-0.07551386026082543,-0.1471749725491735,-0.14987189612992025,-0.07859605863882975,-0.0732022114773362,-0.060102868370859916,-0.07358748627457974,-0.0527826472231347,-0.23578817591647525,-0.47851129818343213,-0.3297952264452565,-0.05124154803413254,-0.1471749725491735,-0.1136560651884957,-0.06472616593785237,-0.08244880661132113,-0.0547090212093804,-0.3837336980601358
2020-12-04,0.0,0.1143165314617269,0.14242092790082947,0.19787014249688017,0.22293622580742065,0.23129158691093873,0.2445842068483495,0.2571172485036197,0.2863610123659261,0.26927050101782657,0.27496733813385976,0.39156260444200824,0.44853097560234,0.4124510072007966,0.39498070671163366,0.5241090146750523,0.4549873910005138,0.5256281712393196,0.5195515449822231,0.5495548871266562,0.5491750979855928,0.49486525081274596,0.5449974174338407,0.49904293136449807,0.4295415185488961,0.42384468143286297,0.3900434478777272,0.34826664236015054,0.2381277914501758,0.23850758059125293,0.309528149971136,0.36763588855467166,0.3387719138334286,0.282183331814174,0.29813447573906965,0.28066417524989296,0.27990459696775244,0.2730683924285154,0.24534378513049,0.19065414881656598,0.1458390301704411,0.15191565642755142,0.017470300489162885,-0.0022787348464215615,-0.0934281287029524,-0.0558290037371279,0.0850727675994205,0.1264697839759338,0.10368243551180108,0.19938929906116123,0.23015221948773484,0.27420775985171925,0.3015525780086813,0.309528149971136,0.3197824567799847,0.19445204022725476,0.19445204022725476,0.30838878254791835,0.2624342964785895,0.23167137605201593,0.23584905660376804,0.23660863488590855,0.3042111019961662,0.3706742016832199,0.39725944155804144,0.4435937167684474,0.4891684136967128,0.5119557621608455,0.5662656093336924,0.5962689514781393,0.6057636800048612,0.5761401270014778,0.6718469905508379,0.6855193996293257,0.7914805699875346
2020-12-11,0.0,0.1706023632683066,0.1776336971123422,0.2016882602629719,0.25016745676654323,0.2601593522291151,0.23758506988774694,0.22278226179505176,0.2427660527201956,0.22611289361591352,0.26867096688241215,0.3212209356114828,0.3049378467095127,0.39449483567032123,0.3981955376934951,0.41262827558387827,0.434832487722921,0.3452754987621125,0.3056779871141502,0.34194486694125065,0.32418149723001916,0.3556374644269964,0.30345756590025125,0.272001598703274,0.272371668905586,0.24202591231555817,0.19946783904905954,0.14062667688060423,0.13137492182266974,0.10028902482800447,0.14247702789219116,0.1683819420544077,0.20538896228614567,0.18281467994477743,0.19502699662124828,0.23129387644836222,0.2612695628360646,0.25497836939666646,0.2712614582986365,0.3193705845998959,0.3312128310740547,0.3519367624038226,0.34194486694125065,0.3334332522879536,0.33195297147867875,0.2875445472005932,0.25793893101520277,0.2372149996854349,0.23018366584139932,0.23647485928079748,0.10065909503031649,0.032196107601601257,0.10584007786276518,0.11768232433692402,0.11472176271838767,0.045518634885035,-0.13655590465511844,-0.4318719261043847,-0.38043216798227697,-0.4807211928102815,-0.7486520192880697,-0.797131215791641,-0.624308431309422,-0.5280901787069033,-0.4207698200348633,-0.35452725382006045,-0.416328977607052,-0.28458398558207026,-0.2675607562754762,-0.226482963818239,-0.10806049907667753,-0.03885737124332486,0.04440842427808555,-0.041077792457237215,-0.054030249538345496
2020-12-18,0.0,-0.1622349132443292,-0.1447746535229685,-0.364119166272593,-0.4379615146775361,-0.4488741770033882,-0.3866720017460233,-0.5125313739041921,-0.6034702266196262,-0.6289331053799478,-0.5536357353315656,-0.48088465315921836,-0.43323269433632294,-0.4168637008475448,-0.4084973263977275,-0.4448728674839012,-0.35138772689243225,-0.4234112982430666,-0.2968244152631717,-0.289549307045937,-0.32774362518641936,-0.30191699101524133,-0.3266523589538368,-0.3448401294969236,-0.30628205594558483,-0.3091920992324761,-0.3051907897130023,-0.2644501836964851,-0.2808191771852633,-0.35466152559019315,-0.3361099996362499,-0.3724855407224235,-0.40485977228911013,-0.30446327889127617,-0.29609690444145886,-0.29755192608489783,-0.30773707758902386,-0.34374886326434106,-0.33501873340365407,-0.33065366847332384,-0.42995889563857526,-0.43032265104943174,-0.36157287839657143,-0.329562402240728,-0.3335637117602151,-0.3528427485358845,-0.3517514823033019,-0.3201047615583282,-0.33465497799279764,-0.3266523589538368,-0.32301480484521944,-0.16187115783347278,-0.1651449565312337,-0.22116328980393318,-0.2277108871994418,-0.16732748899639882,-0.09312138518059927,-0.10658033538248617,-0.13022443708849904,-0.020370303008251954,0.013822705612743342,-0.050198246698916996,-0.005092575752069605,-0.1331344803753903,-0.027281655814630244,0.060383398203042976,0.033101742388412736,0.042195627659956145,-0.0043650649303434855,0.025462878760321557,0.03128296533410405,0.05892837655960397,0.1029427812738688,0.04365064930340839,-0.05128951293149957
2021-01-01,0.0,0.0825303593821961,0.08431673079739527,0.167204364462639,0.04501655966301369,0.15755795882056092,0.21079182699350116,0.19757267852102475,0.20614726131398595,0.20900545557830202,0.15327066742408033,0.17720804438775173,0.16291707306615844,0.17720804438775173,0.2232964268998953,0.22365370118292996,0.20185996991750535,0.20721908416310286,0.23294283254197337,0.23687284965540636,0.22079550691861388,0.22258187833381304,0.20793363272918508,0.20543271274790367,0.24330378675012074,0.22365370118292996,0.23758739822148858,0.24651925529748445,0.20507543846485604,0.17006255872695508,0.1704198330100027,0.14255243893288538,0.07752851941964625,0.07574214800444709,0.12075870766746079,0.1514842960088812,0.1904271928602281,0.15970160451880772,0.1507697474428119,0.23258555825892577,0.23330010682500804,0.26366842088339376,0.2554511123734803,0.23115646112677424,0.24044559248580466,0.23115646112677424,0.2554511123734803,0.24401833531620298,0.24902017527876585,0.250806546693965,0.26795571227987436,0.26045295233603005,0.23794467250452325,0.16398889591527532,0.19578630710582562,0.2561656609395625,0.2525929181091642,0.26438296944947604,0.29618038064001334,0.3186886604715332,0.2990385749043424,0.3165450147732864,0.3476278773977544,0.35548791162463333,0.32226140330193154,0.3251195975662476,0.3258341461323298,0.31940320903760244,0.3186886604715332,0.21007727842741894,0.1725634787082365,0.1350496789890541,0.07645669657051636,0.048232028210377385,0.12183053051657768
2021-01-08,0.0,-0.06814764855484066,0.012645955401938285,0.048827438913015,0.08114488049572913,0.0017563826947125855,0.007376807317800527,-0.046368503140402036,0.011592125785113289,0.04461212044570223,0.03266871812166432,0.07552445587264117,0.1320799786423941,0.14086189211595704,0.22341187876744859,0.23570655763043663,0.27118548806362575,0.3326588823785663,0.2690778288299758,0.2673214461352632,0.2690778288299758,0.21006337028763544,0.20303783950878512,0.18898677795108443,0.22903230339052372,0.22516826146216115,0.2051454987424351,0.19636358526887218,0.26205229805112545,0.3291461169891411,0.2813725076929639,0.29928761117902714,0.36181483511079265,0.2905056977054642,0.2694291053689132,0.30842080119154025,0.37551462012955594,0.38464781014205623,0.38499908668100646,0.3737582374348433,0.3526816450982923,0.42890865404882106,0.40888589132909503,0.3881605755314814,0.3790273855189811,0.36813781281176816,0.3424946254689542,0.37165057820119335,0.3417920723910794,0.4310163132824711,0.3649763239612804,0.33652292430694164,0.24835251303236217,0.19847124450252215,0.2792648484593011,0.3270384577554911,0.35759951664349265,0.32738973429442847,0.3161488850482654,0.27364442383622595,0.18968933102895924,0.24238081187033683,0.36251738818868023,0.37270440781801834,0.39729376554399454,0.5409658699714764,0.5824165015667037,0.5841728842614161,0.5040818333825121,0.5508016130618771,0.7074709494302346,0.7714032795177752,0.7836979583807633,0.7914260422375012,0.7703494499009503
2021-01-15,0.0,-0.01406759306913208,-0.024704065877511505,-0.15920398009950748,-0.36815920398009705,-0.43884028135186637,-0.6673528907188196,-0.5644192828958655,-0.3160061760164644,-0.32046663235546907,-0.38154057299708605,-0.344141362154741,-0.33247555326814704,-0.2985074626865672,-0.33659289758105526,-0.4072739749528246,-0.5256476239492219,-0.5180991593755361,-0.4728083719334338,-0.5115800308800773,-0.46869102762051307,-0.5362840967575889,-0.6954880768570963,-0.75072911305541,-0.687596500257339,-0.8052839252015809,-0.8667009778692694,-0.8667009778692694,-0.760679361811634,-0.6155429747812711,-0.5352547606793618,-0.5798593240693086,-0.5074626865671692,-0.5939269171384407,-0.6347572482415509,-0.6230914393549444,-0.551724137931032,-0.5764282038085435,-0.45908389089037327,-0.3997255103791388,-0.3712472122147906,-0.36404185966717634,-0.30159547092126077,-0.3355635615028282,-0.3232115285640787,-0.30948704752101813,-0.42648824841310434,-0.4275175844913315,-0.47829816435066547,-0.39286326985760855,-0.40075484645736587,-0.454623434551381,-0.3839423571796241,-0.3753645565277113,-0.40247040658774835,-0.6948018528049408,-0.9130211013895988,-0.8375364556527657,-1.0598730485503567,-1.1954022988505797,-1.4664607994510257,-1.442099845599586,-1.054383256133125,-0.9620861211185503,-1.0272774060730878,-0.9401269514496484,-0.8845428032252505,-0.9641447932750044,-0.947675416023334,-1.049922799794133,-1.015954709212553,-1.0331103105163786,-0.9802710585006029,-1.0111511408474891,-0.9747812660833712
2021-01-22,0.0,0.13576962472588286,-0.062213422975665206,-0.18835887177161453,-0.05018320306324521,0.17667237242810332,0.2904438807427114,0.2825383076573968,0.2564155444190041,0.2021076945286535,0.16704819649816985,0.12786405164056827,0.37087449387145477,0.08008689255982206,-0.028185086651957927,0.11239662603888541,0.15054960918971064,0.12133336083097634,0.07527480459484906,0.06599434923383685,-0.08489898052479507,-0.16670447592924856,-0.3289405844624579,-0.4155581678318844,-0.5255487498882958,-0.6376016553582599,-0.6327895673932995,-0.45714835667195997,-0.33959592209918027,-0.4344627991228301,-0.39940330109234645,-0.34337684835736443,-0.22651185492242723,-0.2928499247251979,-0.3725930967160987,-0.4633353269126431,-0.3908102868691893,-0.3643438030618628,-0.430681872864646,-0.433775357984975,-0.5667952181594501,-0.671286271113046,-0.6939718286621758,-0.7328122529508435,-0.8648009514185423,-0.9211711247224456,-0.863769789711766,-0.9978208115930173,-1.0545347054658545,-0.8324912179394665,-0.8276791299745059,-0.9170464778953401,-0.991977561921268,-1.1439020533866888,-1.1150295255968758,-1.1999285061216707,-1.205084314655565,-1.200959667828447,-0.9500436525122585,-1.0428482061223556,-1.060721675706525,-0.8819869798648565,-0.7950256759265087,-0.671286271113046,-0.9376697120309174,-0.8723628039349232,-0.8689255982456602,-0.7898698673926144,-0.8531144520750436,-1.2841400455086107,-1.2738284284408221,-1.259735885114837,-1.2631730908041,-1.27657819299223,-1.289295854042505
2021-01-29,0.0,0.08299798792756016,-0.11569416498994226,-0.2748634665133659,-0.36576602471974445,-0.45954297211843004,-0.4890054613394601,-0.36971830985916015,-0.5260132221902898,-0.632724920954292,-0.5026588100028796,-0.49080195458464554,-0.4466082207530873,-0.6711698764012621,-0.8497413049726933,-0.9345357861454389,-0.6909313020983016,-0.7538085656797904,-0.8077033630353524,-0.727939062949118,-0.6147599885024381,-0.5335584938200633,-0.5245760275941362,-0.5076889910893909,-0.47678930727220725,-0.4958321356711699,-0.46421385455590947,-0.644581776372526,-0.6582351250359325,-0.772851394078753,-0.8508192009198019,-0.8091405576315059,-0.8727364185110716,-0.886389767174478,-0.9722621442943322,-1.0002874389192349,-0.9722621442943322,-0.898246622592699,-0.8195602184535734,-0.7602759413624552,-0.790816326530607,-0.8784851968956597,-0.8400402414486896,-0.8842339752802477,-0.9183673469387702,-1.0858005173900571,-1.1386174187985105,-1.1030468525438344,-1.1519114688128722,-1.080411037654501,-1.0380137970681282,-1.0556194308709375,-1.2047283702213254,-1.2543115837884398,-1.3297643000862265,-1.220537510778962,-1.2424547283702188,-1.3466513365909718,-1.3362316757689043,-1.1738286864041416,-0.8105777522276463,-0.7078183386030469,-0.5946392641563668,-0.6021845357861403,-0.597154354699629,-0.8727364185110716,-1.038732394366192,-1.032983615981604,-1.2309571716010297,-2.2100459902270715,-2.1230957171601084,-2.211842483472257,-2.286217303822935,-2.191003161828109,-2.1108795630928427
2021-02-05,0.0,0.10905891523179095,0.12344398687279066,0.013381461991629897,0.13615637576483663,0.19838017402592298,0.021075802636826825,-0.14819969155729867,-0.09433930704098104,0.008697950294566735,0.1301347178686056,-0.005687121346432969,-0.2261467076585404,-0.2753235804777827,-0.3418963538861341,-0.19737656437654097,-0.11742232897654747,-0.16626466524599173,-0.16057754389955875,-0.31914786850036575,-0.5416146741112128,-0.3459107924836255,-0.1722863231422349,-0.07493618715312012,-0.04282067837321323,-0.03980984942509164,0.0110397061431044,0.09132847809288377,0.1495378377564665,0.08898672224434612,0.08697950294559433,0.1896822237313562,0.20072192987444845,0.15857032460081913,0.1712827134928651,0.15723217840165127,0.08697950294559433,0.09668106288953086,-0.013046925441831846,0.021075802636826825,0.11106613453053057,0.026428387433473914,0.04449336112217914,0.1157496462276059,0.02943921638159551,0.03847170322593595,0.0033453654979074742,-0.22648124420832624,-0.29338855416647575,-0.2097544167187889,-0.16626466524599173,-0.4031165424978506,-0.4261995644334049,-0.32015147814973555,-0.3920768363547462,-0.1428471067606394,-0.1880095409823903,-0.2231358787104188,-0.1722863231422349,-0.10136457458659402,-0.05620214036484313,-0.09132847809287162,-0.1642574459472521,-0.14753061845771473,-0.2562549971397076,-0.3017519679112444,-0.14719608190792885,-0.1582357880510211,-0.1746280789907604,-0.18533324858406677,-0.2636148012351065,-0.31178806440496687,-0.1953693450777892,-0.18232241963595733,-0.09065940499328767
2021-02-12,0.0,-0.06455331412103267,-0.14952655413750995,0.03128859613009469,0.014162206669408883,-0.03557019349526315,0.028324413338817765,0.07542198435570673,0.046109510086455335,-0.07937422807739332,0.0,0.048414985590780495,0.03754631535611842,0.02140798682585426,0.01844380403457734,0.06323589954714114,0.11560312885960822,0.16797035817208728,0.21177439275421747,0.19958830794565185,0.2147385755454944,0.24800329353643233,0.2736928777274551,0.2865376698229724,0.3003705228489114,0.28060930424043057,0.24042815973651707,0.2506381226842274,0.16039522437217202,0.16171263894606352,0.21967888019761458,0.19267188143268835,0.12186084808563195,0.12449567723342701,0.15940716344175038,0.08102099629476671,0.10605187319884966,0.14557431041581137,0.17883902840674934,0.15051461506793157,0.1281185673116557,0.09188966652944078,0.08431453272951352,0.1379991766158961,0.18213256484149618,0.24899135446685403,0.23878139151914368,0.23878139151914368,0.23219431864965004,0.24569781803210716,0.1725813091807376,0.18707286949361637,0.10473445862494615,-0.057307533964599276,-0.011856731165083722,-0.19300123507615824,-0.3616303005351973,-0.6577192260189402,-0.5852614244545105,-0.44528612597777106,-0.44331000411691573,-0.4120214079868211,-0.29477151090983944,-0.3428571428571381,-0.2147385755454944,-0.3082750102922966,-0.2901605599011891,-0.2707286949361901,-0.23713462330177026,-0.24899135446685403,-0.24701523260601072,-0.22231370934540964,-0.1353643474680891,-0.0882667764512121,-0.13766982297241423
2021-02-19,0.0,0.014956377233070212,-0.08641462401329456,-0.09372663066057575,-0.04187785625259176,0.09605317823016687,0.18479434981304044,0.20407145824678508,0.2682176983797282,0.1196510178645617,0.11167428334025276,0.20739509763191177,0.38820108018279775,0.40781055255505017,0.45135022850020534,0.45600332363938756,0.5231408392189496,0.4978811798919793,0.37324470294972756,0.27353552139592613,0.17116742833402576,0.08874117158288568,0.10070627336933702,0.11001246364768938,0.06713751557956203,0.14989613626920995,0.19277108433734938,0.24096385542168677,0.1811383464894059,0.15953469048608226,0.2519318653926025,0.3071042791857132,0.21670128791026416,0.20307436643123736,0.224678022434561,0.22334856668051756,0.21803074366430758,0.19842127129206721,0.17881179891981477,0.10203572912339254,0.11798919817199835,0.13327793934357637,0.2881595346904885,0.19808890735354728,0.1791441628583347,0.09272953884504015,0.1272953884503507,0.13726630660573086,0.1651848774408001,0.15255504777732098,-0.016285832987125732,-0.13394266722060413,-0.08641462401329456,-0.2097216452014908,-0.1272953884503507,-0.07012879102616883,-0.12629829663481512,-0.4021603656003324,-0.7531366846697085,-0.8847528043207336,-0.8923971749065226,-0.7547985043622718,-0.6969671790610743,-0.628167843788949,-0.6118820108018233,-0.677025342750314,-0.8026589115081013,-0.8069796427087637,-0.966181969256338,-0.932945575405071,-0.695305359368511,-0.4098047361861214,-0.3938512671375156,-0.39152471956792445,-0.3273784794349813
2021-02-26,0.0,0.1819288516163914,0.5704720681725982,0.6387799269579381,0.6063167861490575,0.5231299878263247,0.4997971053699421,0.5647233869876911,0.46598133369403244,0.4798458000811628,0.49134316245096465,0.5373326119302092,0.350331394562419,0.24753144866766105,-0.05816312728256705,0.01995130528879161,-0.023671040173136752,-0.004396050317865793,-0.0689841742188606,-0.006086838901661275,-0.1494657108075231,-0.37535506560259707,-0.47883132693087566,-0.5221155146760499,-0.6496009738942193,-0.7344785608007599,-0.8301771946435819,-0.9708508048153609,-1.0178547274448804,-0.8961179494116055,-0.8951034762613308,-0.9387258217232469,-0.8217232517246045,-1.1331665088597274,-1.1734072771540647,-1.1984309481942428,-1.351616393886111,-1.2166914648992266,-1.2089138374137698,-1.3056269444068664,-1.4882321114567785,-1.5558636548085978,-1.5281347220343617,-1.3769782226430431,-1.2917624780197483,-1.19099147842554,-1.2846611659678124,-1.3590558636548133,-1.4118084674692277,-1.4638847558501333,-1.258284864060593,-1.3404571892330632,-1.341471662383338,-1.230894089003111,-1.3303124577302903,-1.1784796429054512,-1.1115244149871524,-1.0043284187745165,-0.8508048153658817,-0.8129311510888727,-0.9468416069254699,-1.0317191938319985,-0.9214797781685378,-0.9847152712024912,-0.9711889625321275,-0.874814013255785,-0.8183416745570135,-0.8244285134586746,-0.9380495062897385,-1.6001623157040468,-1.7154740971188938,-1.829433247666712,-1.9785608007574684,-2.1469633437035083,-2.091843635871766
2021-03-05,0.0,0.15805882333243162,0.38309172434809596,0.1707838980922434,0.1282553587633882,0.3696969088114494,0.6007574768186023,0.6961955375172089,0.7296825763588253,0.6958606671287854,0.720306205483175,0.8944388074595802,0.7306871875240712,0.5793257719599629,0.5043148049547497,0.4658047102868908,0.5823396054557133,0.4296387083379353,0.44403813503984013,0.2417764204364725,0.20494067771069455,0.13428302575488887,0.2833003486000817,0.38242198357126117,0.4815436185424407,0.4564283394112284,0.4236110413464469,0.5431597700110197,0.6436208865358687,0.5635868637044008,0.5669355675885625,0.46312574717955174,0.46346061756797524,0.4008398549341502,0.3827568539596725,0.3489349447296448,0.48087387776561813,0.5009661010705879,0.5143609166072345,0.6349142564370533,0.5679401787538206,0.5860231797282862,0.6630433690640039,0.5883672724472018,0.6108035884710872,0.5280906025322923,0.4296387083379353,0.5207234539871343,0.4812087481540294,0.5210583243755578,0.5927205874966095,0.5746375865221439,0.3208058321026822,0.21565653014001418,0.16609571265442444,-0.08472220826928693,-0.2504830505352879,-0.17848591702581273,-0.3911286136700766,-0.45910730251855536,-0.41657876318970016,-0.22268880829674878,-0.25182253208895744,-0.18953663984354369,-0.06429511457590584,-0.21029860392534827,-0.19790839955394776,-0.1825043616868091,-0.17580695391848586,-0.3278381102594168,-0.1932202141161288,-0.022436316023885395,0.03750548350261275,0.09041500487236415,0.13327841458963066
2021-03-12,0.0,0.059821125029417846,0.022882397552237244,-0.06276314757185311,-0.07420434634797173,-0.03628494468998334,-0.12356494678207874,-0.11146996521876286,-0.09283715578336729,-0.060148016423028375,-0.06668584429509615,-0.054917754125367015,-0.09970187504903372,-0.17619446115223153,-0.17554067836502238,-0.2049609037893274,-0.08956824184733339,-0.1556003033552204,-0.13598681973901705,-0.12454562096289841,-0.14742801851513565,-0.2049609037893274,-0.18403985459870575,-0.1961348361620335,-0.22457438740553073,-0.20528779518292603,-0.2105180574805874,-0.20561468657653656,-0.09577917832579066,-0.13173723162216347,-0.12258427260127096,-0.11670022751641232,-0.13892884228144042,-0.12323805538848011,-0.1690028504929546,-0.2863568607965761,-0.3442166374643665,-0.4448991866942199,-0.4664740186720388,-0.43770757603494287,-0.4465336436622368,-0.5468893014984677,-0.61030623185753,-0.6443029367922872,-0.584808703156468,-0.6309003896545411,-0.5328329715735244,-0.6073642093150947,-0.6946442114072021,-0.6616281806532646,-0.6583592667172307,-0.9561573262899133,-1.0444180025628285,-1.8014984701482848,-1.7161798164177935,-1.3863464002719807,-1.3870001830591778,-1.5350819843615229,-1.6870864823870988,-1.960040796045929,-2.124467167028431,-2.2277648474070975,-2.2061900154292786,-2.0450325583828097,-1.9757315829388893,-1.9747509087580815,-1.8783179476450813,-2.0335913596066915,-2.0103820706608437,-1.944023117759358,-1.6952587672271837,-1.8070556238395332,-1.8014984701482848,-1.902507910771725,-1.8132665603180023
2021-03-19,0.0,0.018726526818818964,-0.33569033260392106,-0.4685099580040247,-0.29789049143260643,-0.09710050943088698,-0.08322900808361743,0.08565652081939211,0.18206345518291311,0.1879588432555052,0.30621339224098587,0.5316252891341163,0.3811194995162364,0.2770832394117147,0.6467587503164437,0.6571623763268958,0.6089589091451416,0.7244391578611583,0.6401697871764982,0.9522785674900635,1.039322238444175,1.2505158464563593,1.3257687412652992,1.3292366166021166,0.9658032813036437,1.070879904009221,0.8780660352821662,0.964762918702601,0.8156442792194531,0.6803971410835749,0.6051442462746349,0.7365767215400191,0.8482423073855417,0.7979581150016896,0.7070997811770713,0.6214432603576793,0.531278501600427,0.7629325740998263,0.7091805063791567,0.7941434521311828,0.8621138087328112,0.8600330835307133,0.8139103415510446,1.068799178807123,0.9658032813036437,0.926963077531299,0.9266162899976097,0.93910064121016,1.0254507370969053,1.1118008329836635,1.2258939315649482,1.041402963646273,1.3060018518454375,1.2026591668082818,1.2272810816996802,1.3323577044052448,1.3254219537316099,1.5761493405835048,1.5834318787908288,1.7478091697559657,1.532107323805934,1.6246995952989483,1.7006460651752542,1.8736930444824471,2.0834995023598992,2.0585307999348115,2.181640374391829,2.100838879043986,2.157018459500418,2.366131342310517,2.393874345005056,2.1667285104435168,2.0460464487222616,2.032521734908681,2.059917950069531
2021-03-26,0.0,-0.14040038316163178,-0.17809408208926836,-0.0010374412548864258,0.07884553537155707,-0.17394431706971009,-0.2880628551074937,-0.29947470891126954,-0.2808007663232761,-0.19192663215445424,-0.033543933908078305,-0.014178363816810506,0.1518122369654202,0.19642221092563716,0.20990894723919842,0.15699944323986492,0.10097761547585953,0.16806548329201615,0.09544459544979021,0.06051740653518828,-0.07262088784222594,-0.049451366483037044,0.09336971294000478,0.10512738049541781,0.10063180172423493,0.02662765887548536,0.12380132308341123,0.26143519623202094,0.31123237646668256,0.44194997458268676,0.46408205468698915,0.5131876074184016,0.5259827162287011,0.4578574071576581,0.5086920286472187,0.5263285299803258,0.5124959799151398,0.37832024428283917,0.2977456401531339,0.3662167629758015,0.5360113150259533,0.6235021941882516,0.5242536474705529,0.6110528991295893,0.6470175292990776,0.5239078337189157,0.4405667195761757,0.40010651063550445,0.26869728501623846,0.2953249438917238,0.43088393453054813,0.4519785733799515,0.4319213757854345,0.45094113212506515,0.49347622357550924,0.4727273984777304,0.4799894872619479,0.5342822462678051,0.5494980513395146,0.4803353010135851,0.3741704792632809,0.4132474331974285,0.4613155446739545,0.42362184574631795,0.4229302182430562,0.30224121892431677,0.1798231508474166,0.3959567456159462,0.3392432903486916,0.26869728501623846,0.3032786601792032,0.24483613615378777,0.10720226300519066,0.30224121892431677,0.3956109318643215
2021-04-09,0.0,-0.09210246652430563,0.07186016618928329,0.12044168699330009,0.16868583612508392,0.29992341663039185,0.20039877331659234,0.1430455890340638,0.21760472860135827,0.29857392994139853,0.38257947633168293,0.5050453933584914,0.487164694729235,0.4203651036237042,0.4510659257984646,0.401809661649945,0.4655729077052316,0.37212095449193267,0.30059815997489464,0.2925012398408857,0.2709094528168823,0.22030370197935714,0.18791602144333366,0.10492259006979728,0.12685174876605818,0.08198131635678833,0.16969795114183195,0.12010431532105484,0.10660944843104814,0.21220678184534822,0.23750965726411077,0.20073614498884984,0.3097071951256516,0.23750965726411077,0.20680883508935044,0.1882533931155912,0.2155804985678499,0.2857538063958823,0.32185257532665273,0.3066708500753952,0.35930083094642873,0.35862608760192594,0.24999240913736945,0.23008748047460464,0.23919651562536162,0.2543782408766192,0.1953381982328398,0.27327105452263595,0.2371722855918655,0.2806932313121298,0.2570772142546181,0.2388591439531164,0.13359918221106154,-0.040821972342277676,-0.2314369671636225,-0.22199056034062026,-0.09682566993580062,-0.1939887115438465,-0.048581520804029076,-0.015181725251257551,0.006747433445003357,0.09783778495254868,0.11032053682579505,0.04048460067002014,0.04217145903127098,0.07455913956728218,0.10323573170854644,0.13899712896705935,0.17948172963707945,0.056678440938025744,-0.00033737167225753197,0.016531211940250857,0.06646221943327324,0.08198131635678833,0.09075297983528778
2021-04-16,0.0,-0.20386975634994328,0.014390806330586727,0.16652218753962503,0.23504983673288327,0.17645869667264,0.30803178312370083,0.41973185130870677,0.4378916783449177,0.2679431083456423,0.21483418022086712,0.40568368322409387,0.41801866007887534,0.4423459755424895,0.4324094664094621,0.5266349840501922,0.5972184627192432,0.4930564359454981,0.4361784871150863,0.45605150538114114,0.39643245058300147,0.37758734705485547,0.38204164425241477,0.502992945078513,0.4745539706633134,0.5643251911064842,0.5639825528605229,0.514642645441372,0.4899726917317965,0.4567367818730637,0.29946582697454355,0.31111552733739,0.39163551513946837,0.22579860409179092,0.1795424408863416,0.25595076973682207,0.23093817778128528,0.28781612661168465,0.24361579288204055,0.2974099974987383,0.3662802849379703,0.3868385796959478,0.4111658951595495,0.4903153299777703,0.41527755411114753,0.45296776116743953,0.3751888793330889,0.3512042021154485,0.3587422435267094,0.29946582697454355,0.3457219901799929,0.3104302508454673,0.3789579000387256,0.4252140632441749,0.4067115979619902,0.40465576848619744,0.41493491586518616,0.2662299171158108,0.28370446766008667,0.3296179926195747,0.38546802671207764,0.40328521550232727,0.6047565041305041,0.5125868159655792,0.5513049377597676,0.5561018732032882,0.5598708939089249,0.37553151757906267,0.35839960528074816,0.1493902752413105,0.20044337389028039,0.18057035562423798,0.1377405748784516,0.06338807550376388,-0.04968254566511223
2021-04-23,0.0,0.3253633282015196,0.1459247544938166,0.02688087582779863,0.06493302472690965,0.07819891149907249,0.1522085955964187,0.0677258429947314,0.09111569598776237,0.26043030347460994,0.32257050993369785,0.3431675446589071,0.44370900230057897,0.4070532625353851,0.4527856616710028,0.6252421897091578,0.49397973112142124,0.5198133000987883,0.4447563091510105,0.5065474133266255,0.5110857430118374,0.5449486645092094,0.7058848171925791,0.771865148769933,0.8437802191664033,0.8406382986151086,0.8559987990881346,0.795255001762964,0.8388927871977184,0.7128668628621397,0.737653124989088,0.7264818519177884,0.6444428153004498,0.6831931687665067,0.7348603067212662,0.7170560902638787,0.4978198562396746,0.34980048804498215,0.35957535198237733,0.47268449182925343,0.40810056938581674,0.42904670639449893,0.5348246982883412,0.4367269566310182,0.41263889907102863,0.43567964978058665,0.48944140143619663,0.4922342197040311,0.49258332198750404,0.5187659932483568,0.5243516297840002,0.6158164280552483,0.18048588055813455,0.1906098467790027,0.18013677827466162,0.3086064185945764,0.3086064185945764,0.38785263694409317,0.32815614646935404,0.20143201756681675,0.19340266504682446,-0.017106011890428853,-0.06912225212866133,-0.15011398189555558,-0.12637502661905164,-0.336185498989359,-0.3368837035563049,-0.17839126685728413,-0.14732116362773381,-0.13859360654078293,0.11171273071297158,0.12148759465035407,0.12846964031991479,0.10298517362602069,0.03421202378084501
2021-04-30,0.0,0.13064842339590882,0.26367227267173343,0.48119341396207216,0.584694113015974,0.6393289082542581,0.6359354427115073,0.5755317560505441,0.5765497957133668,0.669870098139016,0.4160388755412528,0.31219882993308085,0.4235044997353072,0.37531728902824224,0.4737277897680177,0.5290412781148546,0.46965563111671416,0.37124513037693874,0.47746060186503875,0.4951066226873458,0.49748204856727385,0.5327740902118879,0.4761032156479458,0.499857474447202,0.48322949328771775,0.4815327605163423,0.38244356666801416,0.4095912910100212,0.3091447109446001,0.22804088447284918,0.2358458552211861,0.2443295190780633,0.34274001981783875,0.35054499056616334,0.42452253939813,0.33798916805798257,0.33493504906950183,0.41230606344423176,0.4418292136661546,0.4204503807468265,0.46388673969403527,0.49442792957879317,0.5090198314126319,0.36920905105129315,0.44420463954608264,0.4119667168899493,0.270119857202965,0.12929103717880355,0.17985367376579656,0.1941062290453404,0.1326845027215544,0.08551533167731228,0.1370960079271281,-0.06447584531226669,-0.18731929795985097,-0.07838905403755271,-0.016967327713754393,-0.353599109554644,-0.4014469737074388,-0.32170053345279315,-0.4085732513472108,-0.3047332057390388,-0.2640116192260282,-0.3084660178360598,-0.2660476985516738,-0.2589214209119019,-0.18358648586282994,-0.34545479225204934,-0.3220398800070633,-0.5049476727613406,-0.6729242171275092,-0.7404541814282443,-0.8062874129576162,-0.8948568636234092,-0.8300416717568723
2021-05-07,0.0,0.13228182778391065,0.1434177979800025,0.19471075161049997,0.20753399001812123,0.19572311253741517,0.1845871423413233,0.16602719201449945,0.04353151985745221,0.04420642714206645,0.09212484434950503,0.08740049335721768,-0.012148331123019341,0.02058467218065427,0.035095178799805005,0.029021013238301478,0.07997651322649796,-0.07761433773035428,-0.17378862578753243,-0.16433992380297002,-0.1167589602378447,-0.047243509922824355,-0.04893077813435379,-0.06951545031502034,-0.06715327481887666,-0.08031396686879895,-0.0688405430304061,0.034757725157504034,0.013160692049922276,0.054330036411243086,0.015185413903764971,-0.009448701984562415,0.029695920522915708,-0.04960568541896803,-0.04960568541896803,-0.27131272841393905,-0.22541903306033087,-0.279074162186972,-0.29662175158688064,-0.222044496637272,-0.2112459800834934,-0.17952533770673498,-0.1582657582414665,-0.13498145692235528,-0.14274289069538826,-0.1677144602260289,-0.21799505292961116,-0.26861309927549437,-0.34352780786739173,-0.2028096390258462,-0.21968232114114059,-0.24769097345252686,-0.18627441055285274,-0.15759085095685227,-0.12924474500315275,-0.01619777483068018,-0.02395920860372543,-0.12080840394550552,-0.10899752646479945,0.048255870849739556,0.06985290395732131,0.06445364568041974,0.01889740396912483,-0.0067490728461177645,0.02800865231138627,0.055679850980471554,0.10461062911482535,0.13936835427232938,0.13835599334541418,0.07862669865726951,0.0732274403803802,0.06917799667270709,-0.024634115888327385,-0.07086526488423653,-0.06816563574579187
2021-05-14,0.0,-0.2365329376369849,-0.2504866792817517,-0.46966252365329375,-0.4873599520808116,-0.2007977456198865,-0.18888601494752033,0.04866792817566492,0.07283172468247225,0.07453340049281026,0.10346188926855662,-0.05683597206529238,-0.12762568577535158,0.04968893366187764,-0.07691574662727359,-0.02756714812747099,-0.0507099391480656,-0.08780647181343941,-0.06296200498250677,-0.08916781246171476,-0.10448289475475696,-0.16370121295451265,-0.25797405284724145,-0.2178145037232667,-0.19467171270267206,-0.22632288277495677,-0.18786500946131998,-0.17289026233034047,-0.3396544917434665,-0.3920661067018825,-0.4958683311325018,-0.4516247600637132,-0.5047170453462545,-0.6667165824904292,-0.6755652967041943,-0.6374477585526201,-0.5067590563186553,-0.43324666131205763,-0.3924064418639452,-0.4567297874947273,-0.45707012265679,-0.36858298051921284,-0.2943899151884776,-0.25116734960588943,-0.2569530473610412,-0.24674299249901302,-0.2409572947438613,-0.17220959200620278,-0.29507058551261534,-0.2824781845161115,-0.16948691070966443,-0.10890725186163334,-0.17493227330274114,-0.24197830023006162,-0.23789427828524787,-0.17765495459929184,-0.355990579522709,-0.41963325482935354,-0.30596131069876875,-0.2535496957403651,-0.23823461344732294,-0.23381025634044653,-0.31310834910219587,-0.22496154212668143,-0.15519283390282257,-0.14668445485113246,-0.15383149325455958,-0.010210054862028126,-0.07453340049279789,-0.16063819649591166,-0.19194903140612132,-0.2079447840233012,-0.13511305934084133,-0.11265093864437203,-0.07793675211347394
2021-05-21,0.0,0.00900732595844863,-0.009340930623571412,0.18948744979250762,0.22918640494268916,0.26588291810672926,0.3519529217096572,0.42634676203313004,0.47038257782996845,0.4226771107167187,0.4840603691002088,0.4460294372756533,0.4787226944581593,0.547111650809325,0.543108394827803,0.6091621185230728,0.5924818852666909,0.6521971203245307,0.622839909793301,0.6865584008326869,0.6832223541814106,0.6785518888696188,0.7002361921029152,0.700903401433173,0.7102443320567444,0.6878928194931903,0.7279253793085068,0.7562817758443559,0.8280067788467979,0.8390157327960075,0.7936454983386536,0.7666235204633198,0.7412695659136121,0.6958993314562584,0.6381857243891796,0.659870027622476,0.6938977034654853,0.7109115413870021,0.7279253793085068,0.7042394480844493,0.7142475880382785,0.6625388649434947,0.6665421209250287,0.659536422957341,0.6722134002321889,0.6658749115947711,0.6365177010635414,0.6028236298856428,0.5891458386154145,0.6445242130265975,0.706908285405468,0.7793004977381677,0.7375999145972131,0.7289261933038872,0.6458586316871128,0.6695445629111703,0.6698781675763051,0.7419367752438699,0.7352646819413172,0.7042394480844493,0.8640360826805802,0.8900572465605456,0.8910580605559262,0.9884706227731986,1.087884812981232,1.0805455103484216,1.1479336527042068,1.172286793258522,1.1706187699328836,1.1169084188473388,1.1392599314108809,1.2106513297482002,1.2420101682702027,1.2490158662378783,1.2470142382471174
2021-05-28,0.0,-0.011997133657798713,-0.09273460070621672,-0.001296987422469189,0.014915355358336694,0.10084077209660787,0.15239602213957532,0.0975983035404467,0.035991400973384345,0.02496700788244342,0.05350073117665941,0.07165855509115727,-0.05868868086652437,-0.03793688210708813,0.014915355358336694,0.05252799060981342,0.057715940299666584,0.039558116385168714,-0.02367002045997423,-0.032424685561611766,0.0139426147914907,-0.15369300956204449,-0.15498999698450186,-0.12094407714480952,-0.1617991809524474,-0.07230704880239189,-0.04280058494132989,-0.06193114942268555,0.039233869529545516,-0.008754665101637537,-0.03145194499476577,0.022697279893128235,0.0411793506632493,0.03793688210708813,0.046691547208713866,0.08819514472758637,0.0972740566848353,0.0813859607596408,0.047664287775571655,-0.043773325508175885,-0.020427551903813054,-0.01945481133696706,-0.005836443401087759,0.07133430823554587,0.05350073117665941,0.08916788529443236,0.04798853463118306,0.04896127519802905,-0.029182217005450588,-0.03858537581832272,0.06809183967938472,0.0823587013264868,0.18709043569050227,0.19746633507020855,0.16212342780805883,0.24253664800085364,0.23994267315592707,0.19908756934828917,0.1533687627064213,0.083655688748956,0.0554462123103514,0.12126832400042092,0.14072313533738798,0.2062210001718461,0.14947780043902553,0.12029558343357492,0.047664287775571655,0.06679485225691552,-0.021076045615047646,-0.07425252993609567,-0.05382497803228261,0.028857970149827394,0.0969498098292121,0.1105681777650914,0.1656901432198314
2021-06-04,0.0,0.021682221534919253,0.10649797048029774,0.16293551771087456,0.1536886879386289,0.2133147971596336,0.1501812697491628,0.12371620522861325,0.13041218540850727,0.16421094250703877,0.25093982864668096,0.24838897905434093,0.21395250955772152,0.20757538557686564,0.24488156086487486,0.11606365645158154,-0.02646506452054956,0.008927973573207503,-0.058031828225779174,0.007014836378943782,-0.006377123980855873,0.057075259628664714,-0.029653626510977492,-0.08130833075591239,-0.15623953753096892,-0.22511247652420774,-0.24392499226773717,-0.22893875091272356,-0.17473319707544863,-0.1205276432381737,-0.09693228450900232,-0.0937437225185744,-0.12626705482094167,-0.08513460514441665,-0.1288179044132817,-0.13902130278265343,-0.11542594405348204,-0.09214944152336042,-0.06536552080377271,-0.032204476103317524,-0.018493659544479714,0.04177016207461293,0.06695980179898667,0.04081359347748687,-0.0057394115827679665,-0.09278715392144833,-0.14539842676350928,-0.11287509446114201,-0.10075855889751817,-0.11925221844199788,-0.2314896005050636,-0.21586564675196207,-0.23435930629645338,-0.31949391144087,-0.3685977660934649,-0.3733806090791068,-0.3357555775920595,-0.22543133272324586,-0.25317182203997124,-0.2330838815002776,-0.16006581191947317,-0.18780630123619851,-0.1658052235022527,-0.17122577888597093,-0.1976908434065321,-0.19705313100844418,-0.19003829462950042,-0.20916966657206804,-0.10107741509655632,-0.10968653247071408,-0.15687724992904523,-0.10681682667933588,-0.09597571591187626,-0.10394712088794612,-0.09151172912527251
2021-06-11,0.0,0.1364882924079644,0.0915199918930434,0.11748760204954806,0.19729050155488753,0.19729050155488753,0.15295555738524938,0.16467264977294177,0.15073881017677668,0.14503860306924254,0.17955652388703686,0.12603791271082618,0.08296968123175372,0.10703722235240982,0.17417299495214994,0.14757202845037393,0.18272330561343958,0.16942282236254586,0.15643901728429926,0.19127361627472925,0.18018988023231972,0.14123846499756848,0.186206765512478,0.14852206296829246,0.05795210559316758,0.0497184731045251,-0.0031667817264027258,-0.04781840406867656,-0.0519352203129978,-0.0009500345179185137,0.010450379697126692,-0.009500345179208178,0.027867679192341687,0.06175224366485316,0.04496830051492101,-0.2428921584150914,-0.2425754802424442,-0.11178739494201392,-0.12097106194858644,-0.09183667006567905,-0.09627016448263595,-0.08455307209495509,-0.012983805078246568,0.026284288329140322,0.017733977667862177,-0.03325120812722862,-0.04718504772339371,-0.060485530974287466,-0.013617161423529417,-0.13142144164571312,-0.1754397076427041,-0.17480635129743277,-0.0981702335184845,-0.09627016448263595,-0.05351861117619916,0.0025334253811198767,-0.01995072487633487,-0.004116816244321239,0.03641798985363135,0.10957064773354123,0.07726947412423112,0.05066850762244361,0.06966919798085998,0.06365231270070171,-0.014567195941447932,0.03990144975268126,0.04053480609795259,-0.0357846335083485,-0.006016885280158267,0.0012667126905656987,0.008550310661289666,0.0076002761433711504,0.044018265997002495,0.04370158782435531,0.07441937057046406
2021-06-18,0.0,-0.31715060204590506,-0.05656593904225371,-0.1773246853122385,-0.2583601597828862,-0.45379865703562466,-0.5767819065263746,-0.6775201238094959,-1.0042043110872418,-1.0391607902706586,-0.8078124553113216,-0.8770898413293631,-0.8151215373223972,-0.911092961989598,-1.1310009946707305,-1.1643685429821737,-1.1386278628561963,-1.127505346752382,-1.255890961207844,-1.382052072442541,-1.7945385268068552,-1.7452816697756768,-1.5949688092869878,-1.4614986160412151,-1.3073723214597872,-1.157377247145488,-1.1367211458098327,-1.2527130994638969,-1.2733692007995523,-1.296567591530363,-1.2190277649780639,-1.157695033319878,-1.1602373227150449,-1.1106626795094654,-1.1554705300991244,-1.2358704322209804,-1.1348144287634692,-1.0890532196506282,-1.0880998611274464,-1.0830152823371244,-1.0105600345751358,-0.9072795278968593,-0.8907546468283327,-0.9155419684311282,-0.9981663737737494,-1.0442453690609805,-1.0261315571204805,-1.0051576696104236,-0.970201190427007,-0.9590786743231926,-1.0992223772312608,-1.0989045910568591,-1.0763417726748403,-0.9714723351245904,-0.8780431998525449,-0.9066439555480676,-0.8932969362234996,-0.7118410306441207,-0.735674993723723,-0.7127943891673025,-0.6949983634012041,-0.7210568297015716,-0.7089809550745755,-0.548181150830852,-0.5119535269498634,-0.48176384038236725,-0.5179914642633557,-0.5164025333913823,-0.526889477146405,-0.7391706416420716,-0.6282632667783178,-0.4477607197221324,-0.32223518083622715,-0.1992519313454772,-0.10614058224783336
2021-06-25,0.0,-0.1372944142685006,-0.03954332208194009,0.05472795776140278,0.1009145579531042,0.12274247174233974,0.035430816585409114,-0.043339481001808636,-0.10407802371967091,-0.18759351995673298,-0.20815604743934182,-0.1284367101221483,-0.14393769237826193,-0.17145984454729454,-0.13792710742181394,-0.11325207444268562,-0.06927990028756364,-0.10629244975626186,-0.20151276932956896,-0.1980329569863629,-0.08161741677713355,-0.05156449199485908,-0.011704823336256567,-0.03574716316208305,-0.0718106729008055,-0.06010584956454893,-0.027522152169032605,0.03859428235196432,0.03448177685544485,0.013602902796185087,0.021827913789224024,0.0351144700087582,0.06674912767431027,0.06137123587116411,0.07402509893738493,0.11230303471270985,0.12970209642876349,0.12653863066220827,0.13065113615872775,0.1584896349044113,0.1603877143643398,0.20151276932955747,0.17335792400722305,0.13160017588869202,0.16734733905076354,0.24232147771812423,0.23662723933832716,0.21131951320588552,0.19328775833651857,0.19898199671631564,0.18822621311003482,0.19328775833651857,0.2214426036588645,0.18980794599331244,0.23915801195156908,0.26668016412060164,0.28186479980006435,0.3119177245823388,0.3666456823437416,0.351144700087628,0.30179463412935986,0.2489647558278856,0.24643398321464371,0.32330620134193294,0.333112945218261,0.3040090601659508,0.2720580559237478,0.2502301421345123,0.28787538475652386,0.31539753692554495,0.32457158764855965,0.32425524107190873,0.3514610466642789,0.3119177245823388,0.233463773571772
2021-07-02,0.0,-0.08834006780179005,-0.12437771278953698,-0.07654013094740736,-0.09503732925969516,-0.07941038585792817,-0.1393668217667283,-0.1792314733018363,-0.10237242514215272,-0.1170426169070678,-0.0583618498473958,-0.01371344012807483,-0.051664588389490694,-0.03763223104913963,-0.007335095882457551,-0.07239420718774685,-0.09089140550004625,-0.148615420922878,-0.2551337698246912,-0.26629587225452145,-0.22611230350712566,-0.16296669547551687,-0.13522089800707937,-0.14032357340358015,-0.14383166273866502,-0.07781579979652385,-0.07398879324915117,-0.10141567350531244,-0.09631299810881165,-0.10460484562812108,-0.041140320384224494,-0.040821403171948274,-0.03508089335089504,-0.013075605703510783,-0.03667547941229936,-0.03221063844036262,0.002551337698256194,0.0,0.007654013094745378,0.0239187909210648,0.03795114826142746,0.027107963043873445,0.06729153179126927,0.08674548174039733,0.01020535079298997,0.14670191764919743,0.10619943168953701,0.11417236199655861,0.04082140317195988,0.036356562200023146,0.044648409719320964,0.07749688258425924,0.09950217023163191,0.11193994151059024,0.03380522450177855,0.01243777127895834,-0.01913503273685184,-0.07941038585792817,-0.09216707434916274,0.03539981056318287,-0.0006378344245524464,-0.028383631892989935,0.13235064309655856,0.12373987836498454,0.1329884775211226,0.0943994948351427,0.1339452291579629,0.13649656685621908,0.08993465386320597,0.1113021070860262,0.21367453222817892,0.2171826215632754,0.2806471468071603,0.30105784839314026,0.30520377215278915
2021-07-09,0.0,-0.20427118276206557,-0.2036328353159434,-0.10117807021183792,-0.09702881181198578,-0.11586006147286834,-0.1570334717483402,-0.1369255271952017,-0.05394035919811258,0.05362118547503989,0.09224120596598825,0.019788770830065812,0.03574745698335218,0.15352256079461024,0.232996817837981,0.20618622510045528,0.24225285580688014,0.3447076209109856,0.3265147186962368,0.23938029229929558,0.197887708300751,0.09670963808891309,0.0989438541503755,0.07787838842803052,0.017235381045542314,-0.03702415187563135,-0.027129766460586832,-0.09160285851986609,-0.08585773150468531,-0.034789935814168935,0.050110274521309915,0.01404364381488504,0.0252147241221855,0.009894385415032906,0.00383008467677944,0.03319406719882869,0.007979343076643186,-0.02840646135285439,-0.0533020117519788,-0.02968315624512194,0.05777044387489202,0.06606896067459629,0.06543061322847413,0.13788304836438495,0.07660169353577458,0.007021821907436714,0.004787605845985911,0.05362118547503989,0.02744894018364791,0.022022986891528228,0.0150011649840799,0.05170614313663855,0.05234449058277234,0.016277859876347455,0.018192902214737173,0.062877223443939,0.061600528551683076,0.057132096428758244,0.13469131113372768,0.15033082356395297,0.16373611993271583,0.1646936411019107,0.1324570950722769,-0.07755921470498106,-0.035428283260302715,0.01404364381488504,0.1471390863332957,0.180333153532136,0.14107478559504222,0.10756154467314086,0.10053972276570414,0.1117108030730046,0.12479692571869477,0.1547992556868778,0.13469131113372768
2021-07-16,0.0,-0.0018831268694025868,0.033896283649120965,0.08160216434048188,0.0932147800350798,0.11079063081611351,0.13558513459648386,0.09792259720856912,0.11895084725015714,-0.00878792539052257,-0.04362577247433912,-0.07281423894997074,-0.05743536951657908,-0.14813931372580016,-0.10984906738141793,-0.04927515308252404,-0.0037662537387937556,0.02040054108512047,0.029188466475631624,0.033896283649120965,-0.044253481430806645,-0.03452399260558849,-0.0015692723911631132,-0.010357197781685682,0.023225231389207224,0.04174264560493653,0.022597522432739697,-0.017261996302794246,-0.09070394420923251,-0.10859364946849427,-0.07093111208057958,-0.07344194790643827,-0.11581230246784233,-0.17450308989734503,-0.21655958998050961,-0.16759829137622506,-0.2008668660688785,-0.24009867584795633,-0.27022870575829494,-0.19804217576479174,-0.17450308989734503,-0.12993575398831034,-0.11455688455490726,-0.13401586220533215,-0.13087731742300593,-0.16163505628980065,-0.1613212018115726,-0.08442685464458007,-0.08913467181806939,-0.1051412502079286,-0.11989241068486413,-0.16916756376738817,-0.23256616837038024,-0.22471980641456468,-0.21467646311111843,-0.26018536245484875,-0.26175463484601186,-0.28874611997401284,-0.29941717223392655,-0.2871768475828497,-0.1788970525925949,-0.13401586220533215,-0.05147213443015468,-0.06842027625472087,-0.0470781717348934,-0.0037662537387937556,-0.0295023209538711,-0.009729488825218154,-0.04927515308252404,-0.06339860460299206,-0.03358242917089291,-0.050530570995459094,-0.0976087427303525,-0.10106114199090678,-0.08097445538402578
2021-07-23,0.0,0.08709509458968599,0.05206771959166285,-0.4780763344325407,-0.4320042916423467,-0.35847836034017116,-0.4329509774531019,-0.26980545606588935,-0.07636598873444114,-0.02366714526893766,-0.10760662048943197,-0.10760662048943197,0.0006311238738406337,-0.03660518468261899,-0.034080689187267935,-0.04607204279019405,-0.1940705912052888,-0.2616008457059955,-0.23446251913094013,-0.2994682781362958,-0.22310228940185464,-0.15746540652266983,-0.13001151801069985,-0.07289480742832341,-0.11234004954321951,-0.11360229729090077,-0.11518010697549662,-0.1536786632796375,-0.15494091102730728,-0.1486296722889239,-0.10445100112024028,-0.04670316666403469,-0.021142649773586604,-0.029978384007321036,-0.005680114864542743,-0.014831411035203232,-0.026191640764288718,0.0646901970684296,0.006626800675297953,0.0003155619369145768,0.031871755628831454,0.07352593130216403,0.09782420044494233,0.12180690765079456,0.10097981981413402,0.1385316903075197,0.16314552138721258,0.18681266665615023,0.13379826125373215,0.14705186260432807,0.17071900787326572,0.15935877814418026,0.1940705912052888,0.24235156755391934,0.2306757758879078,0.23256914750942972,0.22215560359109943,0.25244954953533505,0.26033859795831427,0.2546584830937715,0.17829249435933037,0.14894523422585,0.15273197746888229,0.1688256362517553,0.20984868805124726,0.18491929503462834,0.20795531642973683,0.2556051689045267,0.2186844222849817,0.11297117341706013,0.10508212499408091,0.0829927894097391,0.04133861373640652,-0.023982707205852237,-0.003155619369191688
2021-07-30,0.0,0.11873543586064605,0.10159181677915845,0.18254779577505034,0.3619208472757519,0.3403325862101831,0.2879493056834295,0.3393801629278808,0.3822392106315883,0.4225584629158191,0.40128767627768047,0.41970119306890064,0.32922098124996263,0.3469995491863223,0.3463646003314503,0.30064828278082434,0.3289035068225324,0.3181093762897422,0.29588616636930126,0.26731346790016297,0.3016007060631266,0.33271319995175314,0.3638256938403681,0.3260462369756139,0.3289035068225324,0.3235064415561373,0.27747264957808115,0.27779012400551134,0.33652289308096234,0.330808353387137,0.3774770942200652,0.381921736204158,0.38001688963954183,0.3758897220828909,0.37906446635723956,0.4022400995599828,0.39811293200333175,0.36954023353419346,0.38668385261568106,0.3847790060510649,0.334935520943788,0.3774770942200652,0.38319163391389055,0.4092245369635522,0.37969941521211165,0.3504917678881012,0.3498568190332292,0.3650955915501007,0.36700043811471683,0.3803343640669836,0.40097020185025023,0.37112760567136777,0.39239839230950646,0.41747887207685425,0.52542017740471,0.5425637964861977,0.642885715555612,0.6095509006749507,0.6181227102156944,0.6282818918936126,0.6324090594502636,0.6501876273866233,0.5739937648022544,0.5279599728241983,0.48795819496739773,0.4606553942080035,0.3104899900313122,0.18953223317861978,0.19461182401758464,0.11841796143321581,0.05270075495419537,-0.02190573549299911,-0.010476656105348404,0.012381502669964555,0.10381413777120485
2021-08-06,0.0,0.16711466093234453,0.20213501267183556,0.12318562322401826,0.0006143921357828971,0.08202135012672061,0.1265647799708186,0.09154442823131641,0.08171415405882358,0.16434989632132707,0.31518316565547516,0.2307042469856341,0.2503647953306198,0.19414791490669142,0.21042930650487673,-0.10168189847169508,-0.21350126718378007,-0.16588587666077875,-0.17970969971584363,-0.24114891329390983,-0.21964518854158668,-0.14069579909376936,-0.035634743875273926,-0.049458566930338815,-0.042393057368863445,0.011673450579830342,-0.02150372475232317,-0.09830274172490591,-0.17848091544427785,-0.21964518854158668,-0.21841640427002085,-0.05560248828814544,-0.06051762537439744,-0.03440595960371931,-0.046386606251435515,-0.06420397818908366,-0.029490822517467305,-0.04270025343676048,-0.07741340910836565,-0.07925658551570317,-0.07587742876891398,-0.035634743875273926,-0.024575685431226478,-0.08570770294140682,-0.17418017049381992,-0.17571615083327158,-0.15697719069195468,-0.14622532831579307,-0.1434605637047868,-0.20889332616542505,-0.06911911527532448,-0.07649182090469689,-0.11673450579832577,-0.13117272098917357,-0.07679901697258275,-0.13270870132862522,-0.1698794255433508,-0.1631211120497613,-0.11489132939098827,-0.12195683895246363,-0.1271791721066015,-0.09645956531756841,-0.07618462483679986,-0.09369480070655095,-0.09093003609553352,-0.13086552492127654,-0.16742185700023038,-0.14714691651947304,-0.199984640196601,-0.2562015206205405,-0.2832347745948874,-0.3210198909453959,-0.3028953229398619,-0.2546655402810889,-0.16834344520389916
2021-08-13,0.0,0.2145254806225295,0.22215440952091217,0.2905096124504031,0.2868477265791883,0.2868477265791883,0.2538907537381663,0.27525175465363777,0.33231614281355343,0.3106499847421511,0.2978333841928549,0.2709795544705612,0.3500152578577879,0.3033262129996993,0.2996643271284623,0.3198046994202103,0.33902960024412127,0.39884040280743693,0.42233750381446883,0.42203234665853806,0.4296612755569207,0.4540738480317452,0.44583460482147863,0.49099786389991285,0.4931339639914512,0.51357949343913,0.4345437900518811,0.5038144644491869,0.5437900518767076,0.5605736954531495,0.5923100396704258,0.6051266402197221,0.6158071406774578,0.588648153799211,0.6109246261824751,0.5904790967348185,0.5816295392126901,0.6023802258162998,0.653646628013418,0.6237412267317712,0.6383887702166526,0.6557827281049785,0.6658529142508303,0.673787000305166,0.6393042416844675,0.5242599938968657,0.5117485505035004,0.50686603600854,0.5965822398535245,0.617943240768996,0.6185535550808577,0.6090936832468677,0.5444003661885916,0.5288373512358954,0.5477570949038755,0.6600549282880772,0.6811107720475956,0.6750076289288894,0.6823314006713413,0.7162038449801559,0.7168141592920398,0.7335978028684818,0.7705218187366494,0.7470247177296396,0.7479401891974322,0.8013426914861109,0.8635947512969179,0.8236191638693972,0.8193469636862984,0.9014342386329003,0.8681721086359475,0.8553555080866735,0.8489472078120144,0.8190418065303675,0.7903570338724443
2021-08-20,0.0,0.3336976632004423,0.42406775314310174,0.47413766784106853,0.6157988899133569,0.6817446312228639,0.6063344548180147,0.6765544571383278,0.6035867155967807,0.4738323634831586,0.4616201891665824,0.43047914465929976,0.5074158428537431,0.4616201891665824,0.4188775790585657,0.35934322926525675,0.2839330528603854,0.28240653107081337,0.3333923588425323,0.21066000696092824,0.16791739685291157,0.186846267043618,0.18287731039072186,0.1746340927270418,0.2399692253207289,0.3126316625043439,0.4039176655207554,0.4164351441952416,0.5174908866649052,0.49856201647422094,0.5104688864328872,0.47566418963064055,0.46070427609283027,0.5003938426217029,0.49245592931593285,0.5498531486038498,0.5373356699293415,0.4750535809148206,0.5791623669636282,0.5715297580157681,0.4716952329777444,0.5553486270462957,0.5135219300120312,0.4918453206001129,0.3553742726123606,0.34957348981198244,0.3242332281051002,0.2921762705240877,0.31415818429391595,0.3111051407147719,0.32514914117883004,0.45917775430325825,0.4249836662168538,0.3929267086358413,0.3950638391412332,0.3275915760421542,0.34346740265369435,0.3575114031177748,0.4109396657527956,0.4320056664488718,0.5297030609814813,0.6289269773036629,0.6289269773036629,0.6661741089692337,0.6695324569062877,0.5257341043286073,0.5205439302440492,0.5461894963088637,0.5101635820749773,0.5416099309401475,0.5348932350660396,0.5095529733591351,0.3773561863822111,0.24454879068944493,0.2094387895292884
2021-08-27,0.0,0.04425311578059212,-0.1511228851827235,-0.2531759889216646,-0.1848395448250992,-0.15834788367751984,-0.07014269372028091,0.07495935938347117,0.05569269673068818,0.051478114275388474,0.11590101752062135,0.11138539346137637,0.16045517490518066,0.18905412728039891,0.1998916250225825,0.25468119694141295,0.25438015533746766,0.2682280691191479,0.2655186946835965,0.2579926545848549,0.21524474682401107,0.23752182551629075,0.271840568366557,0.3061593112168014,0.33686555481968045,0.3443915949184221,0.3504124269974154,0.38774158588717833,0.43530615931121247,0.4548738635679407,0.44554157384550547,0.394063459570117,0.4524655307363565,0.4837738575471043,0.4524655307363565,0.4407249081823152,0.4097176229754908,0.4356072009151577,0.44343428261786655,0.4536696971521377,0.480161358299717,0.44463844903364763,0.42266241194533527,0.43590824251912486,0.5015353121801389,0.5087603106749353,0.4765488590523298,0.5123728099223225,0.4843759407550168,0.5451863447528404,0.5719790475043651,0.5828165452465487,0.44102594978626053,0.48889156481426177,0.5490998856041949,0.4988259377445875,0.49220302245770364,0.4988259377445875,0.4630019868745948,0.5120717683183772,0.5192967668131735,0.5563248840989912,0.5506050936239433,0.5710759226925074,0.518694683605283,0.522006141248725,0.5575290505147724,0.5355530134264599,0.5256186404961122,0.5503040520199979,0.5837196700584065,0.6075019567704345,0.5891384189294873,0.5111686435065413,0.4783551086760234
2021-09-03,0.0,0.14398868950013724,0.08633527056547549,0.07938209441254775,-0.015354930671026794,-0.0043457350955772005,0.046933939032246415,0.15354930671039443,0.1784648545916995,0.17498826651524615,0.21178215699112468,0.19410950093578164,0.20511869651125228,0.1523904440182363,0.1674556590162499,0.010719479902436409,0.04838251739743882,-0.11414797517716535,-0.1538390223834287,-0.0544665465312216,-0.009560617210257194,-0.11791427892665295,-0.11183024979284908,-0.1848385993985376,-0.15615674776774496,-0.13211034690554269,-0.2210530585283476,-0.18947405016717017,-0.26508984083020926,-0.24480974371751565,-0.200772961415654,-0.11125081844678056,-0.009560617210257194,-0.001158862692158136,-0.02288753817004414,0.01999038143965934,0.06953176152923521,0.07416721229784667,0.10545650498601095,0.0811203884507744,0.047803086051349204,0.0028971567303848005,-0.0008691470191027925,0.09126043700712122,0.11762456325361868,0.07416721229784667,0.08633527056547549,0.1428298268079791,0.20164210843477787,0.2022215397808675,0.14804470892265909,0.17643684488043856,0.19179177555148644,0.27088415429097884,0.25494979227386244,0.15325959103736017,0.13819437603936763,-0.09241929969927935,-0.17238082545789563,-0.026653841919531733,0.04374706662880627,0.05765341893466175,-0.0046354507686114646,0.13471778796289322,0.13674579767417522,0.14051210142366283,0.11820399459970829,0.15268015969129164,0.07851294739342388,0.16339963959370696,0.2813139185203599,0.3499765330304923,0.35519141514517233,0.39777961908184156,0.3488176703383342
2021-09-17,0.0,0.05282232209188927,0.10733947804766439,0.14660312922826152,0.07316032845880695,-0.02937712030776539,0.11129409039679297,0.17400294336149344,0.17795755571060148,0.24236124253920835,0.23049740549184314,0.20338006366925884,0.28473208913697057,0.3372719389181917,0.342638912820579,0.340661606646025,0.344616218995133,0.3499831928975204,0.39602617953376357,0.4440464723445608,0.4578876155665006,0.3937664010485413,0.26806622280851333,0.30591751243585175,0.18219464037037772,0.17061327563366013,0.07203043921619584,-0.003672140038460397,-0.09660553024288973,-0.26495902739132765,-0.29179389690324375,-0.13276198600632175,-0.23897157481137504,-0.3994158472615558,-0.514099605386182,-0.4994110452322788,-0.6352802266557657,-0.4991285729216312,-0.4338774691610814,-0.3677789484685682,-0.5833053214958605,-0.5872599338449684,-0.5686167613419572,-0.47850809424404533,-0.512404771522255,-0.4463062508297625,-0.4327475799184703,-0.4465887231404101,-0.3256905741814536,-0.3672140038472729,-0.3878344825248382,-0.5259634424335473,-0.5451715595578743,-0.40111068112548265,-0.33727193891817114,-0.3268204634240647,-0.3324699096370996,-0.3626944468768285,-0.43867949844215287,-0.45901750480909115,-0.3991333749509081,-0.6872551318156915,-0.7635226556916636,-0.9208597327246998,-0.8581508797599993,-0.7245414768217346,-0.7316032845880284,-0.523703663948325,-0.5259634424335473,-0.763240183381016,-0.7564608479253698,-0.7429021770140982,-0.6827355748452676,-0.6714366824191977,-0.7070281935613139
2021-09-24,0.0,0.004469935493259675,-0.036876967819250026,-0.015086032289680258,0.04972803236234111,0.031010177484392446,0.07151896789191087,-0.06621091949365994,-0.19975024235431507,-0.21232193592906215,-0.15728585516849042,-0.10783719377449327,-0.11258650023605629,0.016203516163015505,0.03156891942103974,0.1408029680371716,0.10001480666132952,0.14666975837204949,0.16510824228169485,0.10113229053464444,0.0628584678737355,-0.019835338751263584,0.04358187105913954,0.051124887203979674,-0.02765772586442736,-0.03911193556587987,-0.034642000072620194,0.010057354859813943,-0.035480112977611465,0.004469935493259675,-0.035480112977611465,-0.11230712926773263,-0.1603589358200912,-0.1645495003450069,-0.07822387113175974,-0.11677706476097198,-0.10392600021790124,-0.07403330660684404,-0.1226438550958499,-0.2640055650696891,-0.3008825328889392,-0.24165588760347206,-0.20310269397423947,-0.0801794679100456,-0.0927511614847927,-0.0759889033851299,-0.16063830678843516,-0.2100869681824323,-0.3207178716402027,-0.26065311344974434,-0.40788161375846144,-0.4313487750979731,-0.3754745814324305,-0.3718427588441824,-0.3662553394776281,-0.22936356499704857,-0.2964125973956998,-0.2913839199657928,-0.3891637588804925,-0.3142923393686775,-0.2821646780109905,-0.3033968716038926,-0.3290990006900341,-0.3651378556043132,-0.27154858121452924,-0.21316004883403308,-0.18578169393792937,-0.14890472611865901,-0.20086772622760962,-0.3201591297035554,-0.3084255490337793,-0.2573006618298199,-0.24277337147676661,-0.29529511352238486,-0.3425088071697725
2021-10-01,0.0,-0.11613305530049726,0.04319234322752223,0.09954261882898874,0.12013764341431182,0.17391354094261036,0.062357157772177936,-0.15331851635730806,-0.11413076124360039,-0.021167108601573385,0.03890171310558252,-0.012871890365819124,0.02946232683730684,0.14187683603213552,0.1747716669670066,0.1604695665605409,0.09181948460950559,0.175915834999528,0.19937127966612342,0.29433722636506815,0.31350204090972383,0.29662556243009014,0.22225464031646855,0.18907376737347228,0.2268313124465334,0.21481754810511056,0.12013764341431182,0.16590436471500206,0.11584701329237211,0.1593253985280195,0.04176213318687566,-0.03346691495114221,-0.008295218235754263,-0.10154491288590642,-0.12900494566631637,-0.03060649486984907,-0.0886730225200873,-0.011441680325172555,-0.06350132580472016,-0.030034410853577956,-0.08037780428433304,-0.11355867722735008,-0.08295218235750103,-0.05062943543890105,0.01373001639019458,0.05177360347140165,0.0706523760079322,0.1375862059101958,0.05091547744700538,0.10869596308913927,0.12500035755250183,0.12557244156877295,0.062357157772177936,0.013443974382069426,0.05034339343075508,0.03575525101616423,0.02631586474788855,0.07008029199168189,0.13443974382077753,0.1965108595848303,0.20337586777993802,0.17219728889383862,0.1544626843898295,0.2102408759750457,0.19222022946289058,0.17334145692636005,0.16275790262558373,0.14931392824349352,0.1970829436011014,0.2517169671537962,0.3566943841372461,0.26916552964968016,0.21252921204006772,0.2076664979018777,0.22540110240588684
2021-10-08,0.0,-0.055413756045124815,-0.026587408203474838,-0.017911517105482548,-0.09711400680636836,-0.08843811570839644,0.0235088662009713,0.1189436682787032,0.07696355006269032,0.01175443310049583,0.13909412502240162,0.1262202221028284,0.08088169442952226,0.0839602364320258,0.22949131291420385,0.3268851871753619,0.3238066451728584,0.3131716818914603,0.26839288912771325,0.27902785240911127,0.25300017911517514,0.28014732222820904,0.13853439011284255,0.11166711445459837,0.19254880888412065,0.22137515672579097,0.20458310943938582,0.2627955400322448,0.2563585885724684,0.23284972237149712,0.2630754074870142,0.11474565645710193,0.15308749776107258,0.19814615797958904,0.14105319720580742,-0.02714714311301353,-0.14049346229624834,-0.04449892530895738,-0.07976222461042451,-0.12118260791687835,-0.056813093318991904,0.07080646605768323,0.01651217983163581,-0.040300913487356094,0.09851334408025583,0.036382769120544514,0.021829661472334855,0.007836288733663887,0.08032195951998357,0.07864275479134712,0.05765269568334067,0.14553107648217806,0.07472461042451518,0.04729759985671194,0.04673786494717325,0.1046704280852629,0.09739387426115807,0.1438518717535416,0.17127888232134483,0.16876007522838,0.23900680637650418,0.28070705713774774,0.32100797062512415,0.2191362170875955,0.2776285151352442,0.2885433458714116,0.31009313988895676,0.3025367186100826,0.24908203474834323,0.12873902919577287,0.15756537703744322,0.1438518717535416,0.12705982446713646,0.12398128246463291,0.11670472864052808
2021-10-22,0.0,0.10875445934477783,0.23261370470966428,0.37185236856774817,0.40755459006982303,0.48939506705151026,0.34603691609703313,0.2740832081466857,0.1274294675150819,0.24826775567595066,0.35207883050506855,0.37597185566414143,0.18839787654171403,0.18235596213365862,0.32241852341102917,0.2669427638462747,0.3268126429805313,0.37569722319105253,0.22794495266709325,0.1444566808468527,0.12907726235365521,0.26502033653463253,0.34219206147372877,0.30868689975638497,0.19910854299234046,0.1738423554677832,-0.07717172493911623,-0.25760525976113263,-0.24250047374102407,-0.24716922578359507,-0.16148389417862344,-0.07881951977766953,-0.13841476643881723,-0.2438736361064885,-0.3182990363146559,-0.3504310356665352,-0.3660850866328216,-0.4196384188859339,-0.4048082653389142,-0.30896153222949385,-0.35235346297817743,-0.3888795818995389,-0.3688314113637504,-0.36718361652519715,-0.5239987586612296,-0.6162752696204343,-0.5934807743537371,-0.6769690461739576,-0.7546900360592517,-0.7404091474584297,-0.6986650115482994,-0.791765419926791,-0.7675977622946092,-0.7524929762745005,-0.5995226887617725,-0.72557899391141,-0.7415076773507853,-0.6489565339184915,-0.6690047044542801,-0.478135135654726,-0.4891204345784414,-0.751394446382145,-0.9397923229238591,-0.8299393336867057,-0.8145599151935082,-0.7846249756263799,-0.6393443973602406,-0.5940300392999148,-0.6022690134927013,-0.6283590984365253,-0.45808696511893754,-0.5303153055423739,-0.5528351683359823,-0.5934807743537371,-0.5308645704885517
2021-10-29,0.0,-0.18839113966724175,-0.08668825374161389,0.10141959097874334,0.14306394816835652,0.46347053307609737,0.6682927796616933,0.8725484363535407,0.9020111108278204,0.7374167466974768,0.7073874823294695,0.9144760884899973,1.0787871576734562,1.0725546688423677,1.1232644643317498,1.003997291700312,1.168308360883771,1.2445147015912552,1.285309173940256,1.3626486944352372,1.3501837167730397,1.3099558343177875,1.3864454699721562,1.0014476371784957,1.0473414185711085,0.9980480978160668,1.1014507534228988,1.1575431529027775,1.0408256347931564,0.9833167605789374,1.1408287510375594,1.11136607656328,1.0107963704251284,1.0320434914402308,0.9141927935431332,0.8065407137332808,0.9141927935431332,0.8994614563060037,0.8759479757159488,0.7122034964262384,0.7088039570638096,0.7750949746309334,0.770278960534185,0.7348670921756809,0.8614999334256834,0.7241018841946875,0.443923181742199,0.42267606072709657,0.3739493298658032,0.3170070455453327,0.2900940255928696,0.38641430752800077,0.36969990566278266,0.4039785942338105,0.45185544025451213,0.44222341206099497,0.38868066710293264,0.34165370592284333,0.077906110388709,-0.06345806809844344,-0.1934904487108746,-0.13031567555929505,0.08810472847595405,0.2985928739989106,0.5121972639373907,0.2481663734563925,0.34080382108223095,0.4612041735011449,0.471119496641526,0.11303468380034916,-0.02408007048378278,-0.08385530427293356,-0.06232488831096719,0.010481913034108965,0.13824793407158759
2021-11-12,0.0,0.0013928934575794297,0.028972183917656196,0.18330477901746106,0.1752259969634963,0.0259078183109855,0.004735837755761954,0.11477442090453692,0.09360244034933363,0.1426322900561255,0.08440934352932156,0.009193096820032344,0.013650355884282464,-0.1621327984622375,-0.11728162912818393,-0.07549482540080103,-0.17661889042107573,-0.18831919546473486,-0.1526611229507136,-0.23539899433092362,-0.19277645452898498,-0.1448609195882607,-0.16046132631314625,-0.11087431922333071,-0.07075898764503909,-0.01309319850123853,0.027857869151588593,0.039279595503735866,0.04234396111040656,0.03036507737523562,0.015321828033373728,0.04485116933405358,0.10084548632874261,0.0988954354881395,0.055715738303177186,0.030643656066747457,0.05237279400499466,0.07995208446505116,0.06463025643167744,0.10363127324390145,0.16408284930286088,0.1813547281768377,0.17689746911258758,0.23651330909699123,0.24626356330004723,0.24737787806611483,0.29696488515593034,0.334573008510575,0.4008747370913639,0.4390400178290322,0.41146072736895545,0.48026966417339145,0.4902984970679593,0.5460142353711365,0.5878010390985193,0.5451784992965807,0.5995013441421785,0.5443427632220452,0.6905965762678853,0.7114899781315768,0.7170615519618945,0.7084256125249061,0.7240260192497916,0.7371192177510302,0.759405513072301,0.8683297814550083,0.8778014569665525,0.9162453163957529,0.8677726240719847,0.8672154666889611,0.7878205396069337,0.7814132297020601,0.8073210480130455,0.8471578008998051,0.8220857186633753
2021-11-26,0.0,-0.09106309660782738,-0.12199564053494326,-0.07718681521998058,0.04018339818568041,0.11303387547193389,0.04018339818568041,-0.28012743051741607,-0.40241216024793547,-0.45300276947450624,-0.3590487809108749,-0.289956463167154,-0.37234688390756926,-0.728504772862619,-0.8088715692339798,-0.9771214810617667,-0.9768323918661905,-0.9872396029070809,-0.999959527512623,-1.0589337234110296,-1.1540440687569868,-1.196829269702874,-1.0462137988054876,-0.9638233780650725,-0.7770717577201354,-0.9103418768826976,-0.8236151182085762,-0.6955486045664487,-0.629347178778553,-0.5920546725486766,-0.667796041790734,-0.6487161548824316,-0.7842989876096453,-0.8525240377666168,-0.871314835479343,-0.9169909283810552,-0.9360708152893576,-0.9912868516452109,-1.0236648415502076,-0.8554149297224207,-0.8571494648958989,-0.8426950051168787,-0.7172302942349791,-0.6319489815387597,-0.6848523043299821,-0.6929468018062419,-0.6562324739675179,-0.7175193834305762,-0.7811190064582653,-0.8056915880825996,-0.8204351370571961,-0.8559931081135732,-1.0869753753823204,-1.1155952057447847,-1.1875784154443096,-1.3075504316101774,-1.3043704504587972,-1.2954086853957876,-1.1592476742774214,-1.0193285036165016,-1.0097885601623608,-0.9184363743589573,-0.8941528819301992,-1.0953589620541564,-1.167053082558105,-1.2373017570841307,-1.1242678816121967,-1.1199315436784907,-1.1468168388674767,-1.4269442693848717,-1.6798973155177255,-1.7839694259266712,-1.6108049977740255,-1.703024451164158,-1.7469660088923917
2021-12-03,0.0,0.22247292289232024,0.13692849576728577,0.13032607353950534,0.15501339143464896,-0.07721963388131768,-0.031576801958909974,-0.19347967745730438,-0.24515080793552071,-0.3037114224775034,-0.3154809577530929,-0.23366833449591706,-0.3685873974112597,-0.37059683026320284,-0.37834749983492694,-0.2635227654388907,-0.3117491538852343,-0.288784207006027,-0.2316589016439948,-0.22476941758022845,-0.2210376137123698,-0.2399836948877116,-0.2735699296985439,-0.1432438561590385,-0.08209968509316175,-0.13664143393127898,-0.18199720401770075,-0.16247699917038713,-0.15501339143464896,-0.09473040587672991,-0.11941772377187354,-0.1748206581179485,-0.1558745769426067,-0.20036916152107076,-0.21041632578072392,-0.2669675074707843,-0.24974379731137886,-0.25204029199928707,-0.3496413162359179,-0.4971910999348287,-0.5112571298983473,-0.5738366101441744,-0.6570845425813008,-0.6456020691416972,-0.6137382053468012,-0.5778554758480399,-0.6232112459344826,-0.774205771665266,-0.7543985049819457,-0.727414692398873,-0.8281733968314116,-0.861185507970272,-0.8786962799656634,-0.9168755041523329,-0.9309415341158515,-0.8884563823893306,-0.7885588634647707,-0.8680749920340174,-0.8729550432458615,-1.0193565796008077,-1.120976469541304,-1.11609641832946,-1.1307365719649503,-1.209965638698232,-1.2119750715501543,-1.3133078996546648,-1.2903429527754575,-1.2042244019784303,-1.1703511053315911,-1.3164655798505516,-1.3592377934130793,-1.3583766079051005,-1.2949359421512947,-1.3118725904747144,-1.2725451189440593
2021-12-10,0.0,0.14623655913978495,0.3472401433691714,0.3205734767025173,0.20903225806452028,0.16487455197132617,0.11870967741935902,0.203584229390681,0.22623655913978913,0.11498207885304243,0.056487455197124274,-0.003440860215045418,-0.022939068100358423,0.09749103942652329,0.08172043010752689,0.07598566308243727,0.19784946236559142,0.1812186379928232,0.14365591397849045,0.15655913978494207,0.22394265232974492,0.16458781362007585,0.11584229390681422,0.1144086021505418,0.1270250896057431,0.0906093189964116,0.0837275985662999,0.07856630824373177,0.07512544802866548,0.12358422939067683,0.11584229390681422,0.169749103942644,0.16573476702509796,0.09949820788529631,0.04559139784946654,0.004301075268817204,-0.06422939068100776,-0.05534050179212305,-0.052473118279578235,-0.05419354838710094,-0.13591397849462783,-0.14967741935483037,-0.1832258064516171,-0.15139784946237395,-0.12358422939067683,-0.0851612903225723,-0.14910394265232976,-0.14193548387096774,-0.12673835125447194,-0.17577060931900476,-0.16401433691755438,-0.15455197132616905,-0.012329749103950996,0.009175627240135023,-0.051039426523305835,-0.028100358422947416,0.03154121863799283,0.02494623655913144,0.08974910394266068,0.08888888888888889,0.0906093189964116,0.025806451612903226,0.08430107526882138,0.15713261648746354,0.23598566308244562,0.26035842293907646,0.29505376344086437,0.25978494623655496,0.24860215053762605,0.26351254480287156,0.35756272401432854,0.41806451612904055,0.4622222222222139,0.35440860215053344,0.3199999999999958
2021-12-17,0.0,-0.11104263804750153,-0.296501284838901,-0.35056916619187284,-0.3546387916700581,-0.4284734253456106,-0.414229736171994,-0.554341127635074,-0.7787519040033318,-0.8243898468658029,-0.7860190923572266,-0.6996848947129667,-0.8418310989151501,-0.9113054195783868,-0.811599595362944,-0.7985186563259337,-0.9380486727207107,-0.9874655535271941,-1.0403706847435386,-1.1153680685557397,-1.089206190481719,-1.0551957489855006,-0.953164424496803,-0.9784542399683691,-0.9517109868260241,-0.9833959280490089,-0.9118867946466901,-0.9479320488820115,-1.0293245584456314,-1.0426961850167935,-1.1511226352569097,-1.1220538818413313,-1.0517074985756185,-1.1953071404485807,-1.2110042672929973,-1.2002488285292205,-1.1290303826610533,-1.1348441333441688,-1.1365882585491205,-1.069439438159117,-1.1226352569096343,-1.1854237642872796,-1.168273199772084,-1.0528702487122459,-0.9560712998383609,-0.881073916026181,-0.8839807913677389,-0.9086892317709806,-0.878167040684623,-0.869155727125798,-0.8223550341266996,-0.8316570352196975,-0.8054951571456769,-0.842412473983453,-0.8703184772624042,-0.7371835866190672,-0.6927083938932236,-0.6470704510307739,-0.7084055207376403,-0.7581130890782753,-0.9147936699882478,-1.0031626803716107,-1.0360103717312017,-0.9793263025708238,-1.060428124600292,-1.169726637442863,-1.256060835087144,-1.2961757148006297,-1.314198341918301,-1.3595455972465993,-1.3531504714951805,-1.3060590909619305,-1.336581282048288,-1.2909433391858383,-1.2784437752171312
2021-12-24,0.0,0.014660778897861286,0.11230156635762599,-0.04456876784948977,-0.27679550559162536,-0.4380640734680995,-0.48233962573963635,-0.39730710813204084,-0.43132011517507474,-0.640089606680611,-0.7245356931323005,-0.7441811368554261,-0.6697043800543079,-0.6553368167343995,-0.6676518710085945,-0.6497657207532079,-0.833318672554427,-0.7793670062102932,-0.7550301132398562,-0.7474065082129726,-0.730693220269398,-0.7318660825812311,-0.6380370976349189,-0.5409827413310814,-0.6022647971241458,-0.6817262187505498,-0.7218967529306811,-0.7444743524334003,-0.7195510283070362,-0.6427285468822302,-0.6650129308069751,-0.5908293895838098,-0.5509520709816313,-0.5189915729842896,-0.5119543991133119,-0.44422160060519694,-0.43307940864281386,-0.48380570362942243,-0.501398638306856,-0.5984529946106935,-0.661494343871497,-0.6028512282800518,-0.6389167443687991,-0.6283609835623218,-0.5735296704843292,-0.5576960292746348,-0.5667857121913045,-0.663546852917189,-0.6497657207532079,-0.6093019709951022,-0.5644399875676596,-0.501691853884809,-0.4770617453363977,-0.4096221624062358,-0.3717973528497494,-0.4049307131589245,-0.31022208147873204,-0.2908698533335594,-0.3181389020835899,-0.14660778897861285,-0.06978530755380692,-0.08972396685490681,-0.17153111310497704,-0.16889217290335776,-0.15511104073937668,-0.10585082364255423,-0.023457246236578057,-0.0870850266532875,-0.2876444819760342,-0.2940952246910846,-0.4043442820030186,-0.39965283275568586,-0.32781501615616554,-0.31080851263465925,-0.3418893638981209
2021-12-31,0.0,0.2882078343819811,0.3143031111368884,0.4041868421815693,0.5291542230856215,0.5456812316970544,0.5042187364087143,0.4555075531328787,0.5213256400591577,0.4818927774072808,0.4818927774072808,0.561338397750003,0.5935225724143846,0.5459711792165702,0.4810229348487966,0.4795731972513017,0.5201658499811577,0.5340833309170956,0.5491606019310546,0.563947925425498,0.5175563223056626,0.4682652439908377,0.5422018614630751,0.5532198672040445,0.59555220505089,0.6167183739743022,0.5674272956594772,0.5569891849575185,0.5906230972193949,0.6219374293252921,0.648612601119189,0.6381744904172303,0.6564411841456739,0.6778973005886019,0.6344051726637563,0.6300559598712717,0.6274464321957768,0.630925802429756,0.6567311316651686,0.6465829684827046,0.7054423149410042,0.7297979065789008,0.790106990634695,0.8046043666096436,0.7799588274522312,0.8124329496361075,0.7831482501667156,0.8301197483255616,0.8370784887935199,0.7866276204007159,0.7961958885441692,0.8034445765316435,0.8234509553770768,0.761112238684798,0.7651715039577878,0.7445852300733652,0.7390762272028806,0.7625619762822929,0.7585027110093031,0.5703267708544669,0.5781553538809517,0.5729362985299619,0.6219374293252921,0.6199077966888077,0.6332453825857562,0.6541216039896737,0.6973237843950245,0.6993534170315089,0.6584708167821582,0.5645278204644875,0.6117892661428281,0.6097596335063438,0.6123691611818176,0.625996694598282,0.6181681115717971
2022-01-07,0.0,0.21724589537346514,0.24141555514334342,0.37715910943234204,0.40863587564427367,0.4066685777560356,0.5359481532693599,0.483112152842167,0.47664817406651305,0.47383774851187554,0.5553400895963625,0.5165562169423571,0.5294841744936855,0.5238633233844106,0.5157130892759781,0.553372791708104,0.5901893664738714,0.4569751951840506,0.4597856207386881,0.3333164707800014,0.319264343006814,0.23438949125674974,0.2400103423660247,0.18408287382875513,0.1621615545025746,0.1964487462691437,0.2110629591532709,0.26558521491324216,0.28469610868476475,0.2279255124810958,0.10623408596528458,-0.07166585164325581,-0.00815023410845279,0.004777723442875541,0.07194689419871547,0.014333170328647074,-0.14782838417394797,-0.07700566019707113,0.0014052127773187416,-0.0727900218651149,-0.24872266158541723,-0.35046006666330637,-0.4825500677312681,-0.34624442833135016,-0.30043449179075105,-0.2155596400407072,-0.21865110815080438,-0.19644874626916414,-0.2504089169182161,-0.15063880972858545,-0.14754734161846786,-0.11410327751829817,-0.06716917075583993,-0.06745021331129959,-0.03990804287586453,-0.036535532210287276,-0.14164544795373324,-0.13686772451085769,-0.15288715017228316,-0.23073593803575373,-0.28553923635118467,-0.24619327858625986,-0.1829587036069165,-0.14895255439578658,-0.1031426178552079,-0.08937153263748014,-0.11073076685272092,-0.08094025597356769,-0.16356676727991376,-0.13096583084612307,0.07588148997521203,0.06885542608861833,0.08178338363994667,0.09667863907951306,0.14923359695124624
2022-01-14,0.0,0.04497556695425912,0.25854052905613967,0.25743683416155233,0.4039523314175069,0.4781758130782206,0.5289457782290583,0.48893683830041224,0.44451311879343675,0.36477116265978626,0.3490435104119817,0.34821573924103616,0.418852212494366,0.4668629404087453,0.3711174083036485,0.309862341654261,0.28033850322416465,0.18073003898802215,0.239501792124573,0.3024124011158315,0.309862341654261,0.24888319872853545,0.31841597708729796,0.345180578280936,0.27592372364583534,0.2792348083295773,0.20335578432697263,0.11423242158937984,0.14430810746675984,0.1975613861304141,0.26488677470000194,0.3153808161271777,0.27123302034384406,0.2825458930133394,0.3324880869932316,0.3506990527538527,0.3727729506455195,0.3471120443464488,0.32503814645478196,0.3857413656568658,0.4505834407136371,0.45527414401562827,0.4939034653260453,0.544673430476883,0.4652073980668744,0.4561019151865538,0.49417938904968706,0.514321820875841,0.499421939798962,0.4955590076679162,0.5231513800324997,0.520943990243325,0.5201162190723996,0.5405345746221955,0.583026828063638,0.648420750567713,0.6751853517613511,0.6324171745962466,0.5910286160493713,0.5432938118586538,0.5529511421862581,0.532808710360104,0.5741972689069793,0.630209784807092,0.5954433956277005,0.6219320730977169,0.6368319541745759,0.6945000124165596,0.7284386304250052,0.7538236130004141,0.7579624688551017,0.738923731923535,0.695327783587505,0.6440059709893837,0.6191728358612586
2022-01-21,0.0,-0.03389869133960067,-0.1475590093605842,-0.07976162668140359,0.14186175031193324,0.17689989346125165,0.34753280196897274,0.5238629695253655,0.5714350825817658,0.4480894241780362,0.43270682474661853,0.4275792916028058,0.29340884100659176,0.23501193575770699,0.25979501261944127,0.18345174136723238,0.12847319154754233,0.11024196259180952,0.0450083464845146,0.08346484506304847,0.07520381944247037,0.08602861163495487,0.2059559146094897,0.19370680765483725,0.2914148003395649,0.2942634298639008,0.33215020253755506,0.23501193575770699,0.22589632127984058,0.23672111347230432,0.23159358032851227,0.21564125499223566,0.3406960911105626,0.3905471077864398,0.4304279211271416,0.4378343578904314,0.525002421335104,0.4888248263760264,0.5665924123904031,0.525002421335104,0.4754362676116562,0.48825510047116755,0.5403850207665216,0.5925149410618552,0.6272682212587649,0.6403719170707056,0.6643004050751309,0.6662944457421576,0.6685733493616346,0.531554269241064,0.36519430501986744,0.32104054739266186,0.35408464987495347,0.2523885758561515,0.2580858349048231,0.24811563156964772,0.26321336804863593,0.41419073283843555,0.3671883456868942,0.2578009719523937,0.07719786010949717,0.038456498578533865,0.03959595038827235,0.09172587068362656,-0.07976162668140359,-0.20282242213270368,-0.258655560809682,-0.25666152014265525,-0.37089156406851836,-0.3133492476769426,0.23843029118692244,0.31904650672561435,0.3575030053041482,0.41589991055303294,0.5127533143804516
2022-01-28,0.0,0.02789351650075413,0.12900751381601164,0.3446011517697813,0.4500735110382823,0.6892023035395837,0.6197590697512332,0.6430036668351985,0.7548682903017814,0.7080885386703055,0.7089602110609415,0.7246503140926224,0.5253278940976241,0.5445046866918912,0.556998657624531,0.5950616853495201,0.45617521777281894,0.3820830645676796,0.5110905783836912,0.553802525525469,0.6435847817622892,0.7066357513525576,0.6688632810911141,0.6337058280015997,0.5875071912972356,0.5325918306863633,0.6723499706537004,0.6828100393414807,0.6595654422575153,0.6947228953470086,0.7577738649372772,0.8100742083761989,0.7775317724586349,0.7423743193691417,0.7461515663952945,0.798161352370671,0.7807279045576971,0.8876530511439248,0.8269265412620612,0.7961274501258114,0.7060546364254459,0.736272612634605,0.7560305201559839,0.7961274501258114,0.8121081106210376,0.7598077671821157,0.7461515663952945,0.7359820551710596,0.6037784092560071,0.6456186840071488,0.656950425085565,0.6987906998367067,0.5546741979161262,0.36668351899956525,0.05433424568378157,0.1168041003469383,0.2019374371669485,-0.15225211089997692,-0.3408239047436285,-0.3257149166390595,-0.5857638465159213,-0.27457680305434007,-0.4059087765787356,-0.39254313325545975,-0.427700586344953,-0.46285803943444626,-0.3626157145098459,-0.35854791002016895,-0.4117199258497269,-0.6735122005078819,-0.7586455373279132,-0.727555888728118,-0.7333670379991094,-0.7200013946758124,-0.6319624832203066
2022-02-04,0.0,-0.06488587803169144,0.3364347067987168,0.42390201374895425,0.29956123426089526,0.41532678757736397,0.4121825379810976,0.5702525404107534,0.48964541439781306,0.41904271891837397,0.2892709628549703,0.21809658563078765,0.12834255170147196,0.11519387157170435,0.25468421729622703,0.31042318741156383,0.20151781503237148,0.2569709442753261,0.1846532035615731,0.2189541082479342,0.304706369963837,0.2924152124512367,0.27726564621475225,0.34500993297030713,0.4333347625376911,0.4121825379810976,0.4058940387886064,0.31699752747645804,0.337006388543502,0.2898426445997555,0.27069130614985804,0.1846532035615731,0.15521159370579232,0.12748502908430462,0.1194814846574995,0.0848947390987354,-0.00686018093727638,-0.1260558247223729,-0.009718589661139806,0.07489030856521342,0.14806557189613376,0.17064700081463816,0.07460446769283124,-0.03029913247294815,-0.08317969386442152,-0.14835141276851593,-0.12062484814702823,-0.15578327545055667,-0.1620717746430479,0.03801683602739187,0.08518057997113838,0.12233989338136292,0.1406337092140722,0.14206291357600392,0.17722134087953237,0.3101373465391816,0.274693078363271,0.2972745072817962,0.2898426445997555,0.1978018836913407,0.2712629878946432,0.20809215509726567,0.26583201131929857,0.1800797496033958,0.04259028998556919,-0.018007974960347898,0.06202746930782801,-0.04173276736840185,-0.011719475767835885,0.03744515428260671,0.11519387157170435,0.19408595235033074,0.06831596850034002,0.04716374394374652,0.02372479240807475
2022-02-11,0.0,0.05778469021943389,-0.11901921269078708,-0.005462234398856539,-0.10953217399805608,0.024148825763330523,-0.06525932676524858,-0.2900733951811635,-0.31278479083955374,-0.3320463542460248,-0.34785808540059737,-0.4456033325379553,-0.49562590019060737,-0.44502836049597927,-0.33262132628802177,-0.3475705993796093,-0.3702819950379996,-0.36711964880708925,-0.28288624465635775,-0.3308964101620726,-0.4444533884540031,-0.4743519346371783,-0.5114376313451799,-0.4786642249520617,-0.39270590467540184,-0.4352538357822393,-0.4404285841601077,-0.4185796465647025,-0.5077003130722935,-0.4438784164120061,-0.35015797356854356,-0.3032977521468019,-0.28116132853040854,-0.2814488145513966,-0.29754803172695726,-0.3176720531964133,-0.2213642361640165,-0.23918836946554725,-0.2305637888357804,-0.17134166851138535,-0.13224356965642545,-0.03392335047709142,-0.017536647280542716,-0.05347239990457137,-0.037085696708001756,-0.018686591364494902,-0.09429541488545955,-0.026448713931297642,0.004599776335871484,0.012074412881665261,0.11643183850185285,0.06295943859728147,0.18542848353998784,0.19060323191783543,0.20037775663157542,-0.004599776335892402,0.07043407514309616,-0.0008624580629850546,-0.14230558039115346,-0.23602602323463695,-0.08940815252860003,-0.12275653096369442,-0.1540925072518516,-0.22481406841593582,-0.13511842986634776,-0.21705194584913304,-0.23631350925562497,-0.3076100424616853,-0.15984222767169617,-0.19922781254762323,-0.031623462309145214,-0.048872623568678976,-0.1699042384064242,-0.2282639006678342,-0.28892345109719036
2022-02-18,0.0,0.192796831627976,0.23780211611944532,0.3792058164248921,0.31794055818167033,0.22038071567113465,0.10452840268986423,0.13850013356406166,0.1898932648865909,0.3109719980023418,0.3792058164248921,0.29442166757645516,0.3629458426731397,0.34726658226965584,0.35017014901104093,0.36410726936969795,0.2865820373747026,0.29035667413851174,0.2508681664556784,0.20615323863834334,0.21021823207628673,0.3774636763800653,0.4520853416336543,0.482572792418198,0.5621305211321544,0.513350599876876,0.46282853857679196,0.4860570725078729,0.49099313596821914,0.5676472979407905,0.5920372585684296,0.6216536393305494,0.6088779456684507,0.5952311819839491,0.5554523176269602,0.661432503687517,0.6925006678203505,0.7183424118186822,0.666949280496153,0.6190404292632986,0.6922103111462162,0.7497009326256289,0.8153215409809282,0.8005133505998683,0.78512444687054,0.7099220682686612,0.7070185015272761,0.7958676438136565,0.80573977073437,0.7241495453014525,0.6036515255339701,0.6750792673720397,0.6495278800478423,0.6730467706530575,0.7026631514151984,0.7282145387393748,0.7102124249427955,0.6788539041358278,0.6396557531271287,0.4982520528216819,0.34929907898861695,0.24796459971429324,0.22763963252459743,0.2465128163436007,0.3606229892800231,0.2224132123900958,0.15214689724858438,0.21980000232284494,0.27496777040916215,0.3054552211937059,0.31358520806959267,0.26770885355569934,0.2688702802522576,0.2494163830849858,0.24912602641083037
