date_only,09:15:00,09:20:00,09:25:00,09:30:00,09:35:00,09:40:00,09:45:00,09:50:00,09:55:00,10:00:00,10:05:00,10:10:00,10:15:00,10:20:00,10:25:00,10:30:00,10:35:00,10:40:00,10:45:00,10:50:00,10:55:00,11:00:00,11:05:00,11:10:00,11:15:00,11:20:00,11:25:00,11:30:00,11:35:00,11:40:00,11:45:00,11:50:00,11:55:00,12:00:00,12:05:00,12:10:00,12:15:00,12:20:00,12:25:00,12:30:00,12:35:00,12:40:00,12:45:00,12:50:00,12:55:00,13:00:00,13:05:00,13:10:00,13:15:00,13:20:00,13:25:00,13:30:00,13:35:00,13:40:00,13:45:00,13:50:00,13:55:00,14:00:00,14:05:00,14:10:00,14:15:00,14:20:00,14:25:00,14:30:00,14:35:00,14:40:00,14:45:00,14:50:00,14:55:00,15:00:00,15:05:00,15:10:00,15:15:00,15:20:00,15:25:00
2015-01-12,0.0,-0.0006704992087417584,-0.0010439990943252899,-0.0016123733175301975,-0.002182281113164871,-0.00209756088954952,-0.0017938373699995518,-0.0015760844582061856,-0.0010186111882759484,-0.00041916034463026,-0.0003478786083703501,-1.9323414786150357e-05,0.0004503713224613262,0.0006253939098748824,0.0009113993748906758,0.0012491907533236641,0.0011840541534069104,0.000982586332987447,0.0008752006729721106,0.0005348688099184571,0.0004455426789479134,0.0005602166639524306,0.0005167628065103811,0.000339306622330378,0.00038880437109837444,0.0003731102282126598,0.0003682812116176525,0.00043105660851153166,0.00043347096815711213,0.0004250206838954465,0.00035137946989280996,0.0003199897630580406,0.0003501721916953932,0.0005807358847296683,0.0005976337504088916,0.0003067092058537869,-0.00021620198422368268,-0.0009992684543733389,-0.0018107756951384337,-0.0022476416187394376,-0.0023541641895203484,-0.002230695892269731,-0.0018991016105639061,-0.0016607605118687065,-0.0014853680708333344,-0.0013487042521246394,-0.001334192377178134,-0.0012434979297323034,-0.0012289875814352966,-0.0011830395341588687,-0.0012314059581966731,-0.0010766416349332277,-0.0009642107027685489,-0.0007309266239532103,-0.0005194466439746594,-0.00016305302943366555,3.6230987032623724e-06,0.0003199897630580406,0.0006145313305552972,0.0006579809398775831,0.000770217026793697,0.0014325154435721424,0.0021269147076355814,0.0027859068109293947,0.003597303975347102,0.004151901464278864,0.00404365279533113,0.003669503274323177,0.003398729020772875,0.0034721461740617326,0.003729665375105654,0.004090561990564457,0.004685756802164913,0.005248160829765628,0.005404328053946232
2015-02-02,0.0,-0.0007383377060286413,-0.0011793284876027833,-0.001770652194283749,-0.0028427490998018134,-0.002920184882232249,-0.0025888473515822295,-0.002421512388144962,-0.0020288974137740896,-0.0016102779418555896,-0.0017001298511836861,-0.0019924887630744475,-0.0022940378743389685,-0.002761903431292045,-0.002942961253570049,-0.0030238215617374815,-0.0027379925845908964,-0.002438586101626841,-0.002037999783576073,-0.0019094364895845739,-0.0017433526327812103,-0.0018116029339620592,-0.0019924887630744475,-0.00217682119005987,-0.0022143745542482596,-0.002157476067960153,-0.002220064580940043,-0.002215512556996529,-0.0022530673742313058,-0.0024249271075205713,-0.002740269783454105,-0.0030773524049122927,-0.0037142475683212828,-0.00424663394291304,-0.004787290408829162,-0.004948175023529478,-0.005062293277552693,-0.005104520332433093,-0.005135335795178127,-0.004993820762393501,-0.005168434942535713,-0.0051604453928666884,-0.0050691407869423236,-0.005157021319691869,-0.005264314517862709,-0.005267738958437406,-0.0054172843009211115,-0.005493777968253163,-0.005440117618842803,-0.005432125898265329,-0.0050166444131744545,-0.0042249681514293855,-0.0024943622639339784,-0.0013157567725812875,0.00021798934436329344,0.001116693432792854,0.0015237946903934943,0.0014977179624544306,0.0019159973440356966,0.0019012641870087474,0.0017165146382979667,0.0017312505175002036,0.0010236832605888505,0.00021117789659008598,-0.0006622069223959329,-0.0012327606818769822,-0.001878720272727915,-0.002391918641984263,-0.0026093392715050593,-0.0023350100530970634,-0.0020357241833580835,-0.001714916382019404,-0.0013271266365296574,-0.0009451699907853815,-0.0009838137318680105
2015-02-09,0.0,-0.0013385930345301863,-0.0032170305558107226,-0.005211732139771037,-0.006986853002331875,-0.007073013727066665,-0.007315234990386766,-0.007637899620581454,-0.0079280372165837,-0.00880828663465753,-0.009534054819761729,-0.010095661379515987,-0.010478808964941489,-0.010420392836465394,-0.009884292167515516,-0.009650786973299056,-0.009532887567037131,-0.009316969251014665,-0.009362483288310191,-0.00940333098301791,-0.009362483288310191,-0.009374153887969023,-0.00952821856976258,-0.009834083949353919,-0.010060624719486946,-0.009858603927006852,-0.009557400160383103,-0.009169938055631174,-0.008686987709637266,-0.0083686480175107,-0.008424612489413228,-0.008496904568098332,-0.00841761675914036,-0.008496904568098332,-0.008723142580781138,-0.008914435265002447,-0.009050928633911534,-0.00923761639683752,-0.00927145728515234,-0.00908242974957867,-0.008838613665025377,-0.008690486511006063,-0.008255562706181165,-0.007973488080420043,-0.0077089697207792535,-0.007636734579050619,-0.007527226735150574,-0.007668191176812249,-0.0076111040087688715,-0.007543535654032608,-0.007548195393995897,-0.007549360332379411,-0.007604113967248005,-0.007924541081851935,-0.00846308988074402,-0.008706814412591295,-0.009047428571202021,-0.009285460746341487,-0.009397495495903326,-0.009455851899484842,-0.009556232880408065,-0.00985626866513639,-0.010062960458631635,-0.010524375914189657,-0.010737049135576628,-0.011072510371618344,-0.011065496092885029,-0.011072510371618344,-0.011127457257283748,-0.011373001507345014,-0.012021060103291042,-0.012712863895067112,-0.013519987714067495,-0.01393493180220364,-0.014550632180812506
2015-02-16,0.0,0.0007230276671579208,0.0021437232304635846,0.003625761014601893,0.004857045284164565,0.005250194106223375,0.0054162191673534105,0.005288596910988339,0.00493726923331629,0.004779074997584324,0.004683016286426207,0.005015227186902937,0.0050784929426390514,0.005269395692952783,0.005605928348265967,0.005951377622024236,0.006099229564938525,0.006314760791000119,0.006452405642679459,0.006136471264134785,0.005742541835616553,0.005326998241034301,0.005042341572328739,0.00475534370363433,0.004385740875525712,0.003928917463749259,0.003302141909198489,0.0028063263333753833,0.002283076236210701,0.0022139686362166178,0.0022910063110764133,0.002480176596047305,0.002516420709214435,0.002939926414187002,0.0028233103847853116,0.002640999830141344,0.002547000657944442,0.0026376024236081665,0.002463186715785759,0.002626277651802245,0.00284369086572008,0.002935397890146167,0.002865203144986701,0.0027293283488728313,0.0026761056884633968,0.0026217477071694604,0.0025277467251864564,0.002449594603741385,0.0024133480683964977,0.002319327493680145,0.0022978034680521753,0.0023782329843684722,0.0023963570526789046,0.0025651216677833933,0.0027270636125165493,0.002967097127782333,0.003244422602696752,0.0033598578843737205,0.00332477602197609,0.003425491611985661,0.0033734376297311465,0.0034560437744304948,0.003727577534533339,0.004109862585849509,0.004347303382233305,0.004395915258802732,0.004287383166547766,0.00412230136022321,0.003993382917922088,0.0035092249417471516,0.002960304518594017,0.002113130946855084,0.0014058484010765844,0.0004790500823810272,3.519869379149176e-05
2015-02-23,0.0,0.0005171552503256766,0.0010634423496505203,0.00162073214967546,0.002282745915722248,0.002399061424493924,0.002624878148085044,0.0028811183605748822,0.0032038650050058492,0.003082000890113253,0.0025876219013088834,0.0020331300799723813,0.0017179151974121803,0.0014851121116069826,0.0014704188365491932,0.001739384597021371,0.0020670182377587245,0.0021528630980764026,0.002165287401595675,0.002243218148307673,0.0021189778493386547,0.001917901752655157,0.001830906866656827,0.0017755425439771896,0.0016252525008616477,0.0014003402467730667,0.0012545158270287722,0.0011222380774795668,0.0010261278831104014,0.001046481401103605,0.0010690959352393293,0.00087120141915528,0.0007185131726303555,0.0005952145380912841,0.0005974770352771306,0.0007773291837225209,0.0011143234693175843,0.0012364275948930092,0.0013494736782492035,0.001344952080271158,0.0013675598657152332,0.001384515369387383,0.0014851121116069826,0.001482851621804003,0.0013144307591476544,0.001186683269409977,0.0010781416056988033,0.001139197741181178,0.0011979890152162506,0.001403731259346341,0.0014512042280209636,0.0016885352720353369,0.001494154019720885,0.0014048615943155925,0.0012386886418027769,0.0005431756899479075,-0.00016527447486573436,-0.0005627242341261784,-0.0018977713403919218,-0.0034072278595737595,-0.004382207994033392,-0.005436665049246315,-0.006745190866943379,-0.007014168922919088,-0.007321986815725491,-0.007488475970367828,-0.007970994933998303,-0.008128462850235711,-0.008444614612561782,-0.00827682487667655,-0.008046302582894906,-0.007934484175871065,-0.008356721239722607,-0.00867408696985605,-0.009299980716274896
2015-03-02,0.0,0.0006374553983089158,0.0012487619002175942,0.0017791536976212528,0.0028323891394158433,0.003001116760360122,0.003559614371662154,0.004046369832431578,0.004392313368969209,0.004155745564967211,0.003902377413550945,0.003899028505936598,0.004150165460050044,0.004156861582214322,0.004021814452234708,0.003914656645518628,0.003709238747762132,0.003068152945400645,0.002442307055164449,0.0018373230195848347,0.0013494908420779923,0.0006497747862818766,0.00029805257599119277,0.00016920616018037998,-6.387996844027935e-05,-0.0005638536349520763,-0.0006984183854700491,-0.0009765762642910038,-0.0015140438847071962,-0.0020091286907207347,-0.0019630900620573664,-0.002112442596639704,-0.002571869534215698,-0.00283481511049151,-0.0026909730667874217,-0.0027359214828691527,-0.0030348798512095593,-0.0026909730667874217,-0.0020383250169266833,-0.0013995693675075411,-0.0010427623155488354,-0.0006165560050570141,-0.000446124330366237,-0.0005201239895533094,-0.0006019784758695403,-0.0007500063412640224,-0.0009496543781421162,-0.0013468257156707608,-0.0017138445337138834,-0.00216522664643539,-0.002588722946048826,-0.002489853651176007,-0.0022303682508287405,-0.001968704415488921,-0.0016655744276617849,-0.0011257815222020491,-0.0009687239726277465,-0.0006389833879955054,-0.0005335790613867361,-0.0002656329786071846,-0.00027011684118572116,1.008593779346348e-05,0.00027788640675607856,0.0006979309376516044,0.0008849340013516637,0.0012890546945284295,0.0011883196645080152,0.000815511795623389,0.0006116961875697499,0.0007785593014098095,0.0013718736735519534,0.0021616668134253787,0.0030513943204344206,0.003919121783396351,0.004309744172588474
2015-03-09,0.0,-0.002553611771818517,-0.005082211772428676,-0.007417301431461789,-0.010267398533572083,-0.010717143506303364,-0.011308803833470694,-0.011562803766800486,-0.011701170158958983,-0.011370030058723052,-0.011354156232960506,-0.011203367454307627,-0.01128159338102724,-0.011586619568586231,-0.011789643952058186,-0.011790778282278714,-0.01171704949415951,-0.011489091784430845,-0.01124984878894244,-0.011207902123554582,-0.011082072683493918,-0.011086606802741313,-0.01128159338102724,-0.011476617986493676,-0.011688693715334991,-0.012084613141261837,-0.012349024857943527,-0.01248068938146849,-0.012454582106674895,-0.012284333986654166,-0.011878125573462286,-0.011709109795040142,-0.011566205989472628,-0.011673949028100813,-0.011774897776280184,-0.011821405684618137,-0.011872453439804188,-0.01175561464374608,-0.01155486529224648,-0.011426724350643576,-0.011550329049367015,-0.011616106585228178,-0.011793046946580003,-0.01187585671613816,-0.01187131901693333,-0.011811196446278184,-0.011697767477078479,-0.012266175897792534,-0.012794029854565157,-0.013608493038315326,-0.014299659773421179,-0.015225753261274611,-0.015562727283311215,-0.016184605809249887,-0.016610804499499608,-0.01689351772757373,-0.016805731274335097,-0.016567492597952083,-0.016205113885444898,-0.015904370911336476,-0.01588386900181062,-0.0159613228655442,-0.016123084104031123,-0.016094603114804734,-0.01576086637076598,-0.01573011807686676,-0.015790476732572542,-0.016071818907449194,-0.016321334262198145,-0.016795471023061476,-0.0171352553203146,-0.017509379611504138,-0.017802617513405856,-0.01821808998805348,-0.01885875804057548
2015-03-23,0.0,0.0007168212607242634,0.0013329932912171706,0.0015763290649303046,0.0014890144265757893,0.000879928310572614,0.00023783181439059381,-4.314222300867379e-05,-1.3991868392605526e-05,-5.5968648243392386e-05,8.62788626648118e-05,0.00014573698929680923,0.00013174715990265916,-1.9821871336894793e-05,7.11223041596156e-05,0.0003159309058581035,0.0003788720035015346,0.0003275869635697289,0.0003648854352691076,1.748956019072849e-05,-0.00010261158143931596,-0.00015741980805119822,-0.0001457582316626946,-0.00018424194984765615,-5.01384345600929e-05,-0.00020756613621344632,-0.0002997019911799325,-0.00023905465078039392,-0.00025188358913350614,-9.211673178671259e-05,0.0003124340620509001,0.0006131179453294132,0.0008671137196461507,0.001211885480663476,0.0014168285689182471,0.0014890144265757893,0.0016042681391243384,0.0015693441744127794,0.0015227769907642655,0.0014994925857262902,0.0012584671435674738,0.0010208779737206181,0.0008240088904424197,0.0006795359136281632,0.00040684455310801795,0.0004639527457600177,0.0004383127361551302,0.0003788720035015346,0.00033574612312959684,0.0005455302210988587,0.0005851511652012457,0.0004977499358182518,0.00017255028193012832,-0.00034285714621563526,-0.0009250505617070177,-0.0017318143445290758,-0.0020296991891244212,-0.0019911443866809002,-0.0021699110026667957,-0.002411822596261695,-0.0024246794394041397,-0.0027028952595216354,-0.002804615322488533,-0.0025988475096942547,-0.002411822596261695,-0.002335853715416331,-0.002425848251522898,-0.002576636470923868,-0.002770707485156588,-0.0028338471395696475,-0.0027040643968678454,-0.0025100063144411055,-0.002643271067280214,-0.002721601621088056,-0.0028396936055272762
2015-03-30,0.0,0.0009105948512313119,0.0020497642892904114,0.0033916729853914586,0.004643610671266135,0.005064148405833507,0.005557131738930107,0.005842807936427864,0.0060927076803316375,0.006334218085190898,0.006297340959175565,0.006175993719141174,0.006310426546650216,0.006183132199715487,0.006065340753499021,0.006133161765545302,0.0066339429827983794,0.007162999805734675,0.007778493390405854,0.008287949512493346,0.008584715712764023,0.008404292358370726,0.008119347083743941,0.007845010551857953,0.007594360315130498,0.0075195094376472316,0.007551589071181848,0.007274719830714531,0.006988263677644748,0.006752856541105546,0.006481712991531209,0.006233100136966153,0.006342544989955393,0.006457924961904455,0.006342544989955393,0.006233100136966153,0.006214065026704818,0.006189080894601485,0.006093897529726429,0.0062830655775468185,0.006500743007814445,0.006698158060520656,0.007039380126274986,0.007493369716081547,0.007793935268661152,0.008175155260368857,0.008616761193612045,0.0087722265426572,0.00913646670552629,0.009712810307641338,0.010051820283234092,0.010351617951679321,0.01080292238905211,0.010972257064046862,0.01128124854082676,0.011754613487998186,0.012290428853878942,0.012621473646079961,0.012838957710910485,0.012903957353435502,0.01305993925985074,0.013126106052179606,0.013168639535489388,0.013231254982740446,0.013136739592611118,0.01317218391077229,0.013270239978837991,0.013631664847149606,0.0141074598203729,0.014725773001528556,0.015224628768852022,0.01569730965028532,0.015894095907462488,0.016206282067192466,0.01659608340887598
2015-04-06,0.0,0.00010476286934140898,-5.820633682394396e-05,-0.0003364794386342964,-0.0003655919778145141,-0.0005554265137121324,-0.0004110092313710269,-0.00040169270350115196,-0.00046225168622200766,-0.0006008523900463712,-0.0005903693123543597,-0.0006451154852319944,-0.00023983188598367748,2.5609714930396647e-05,0.00021067861288454965,0.00011989437669004834,0.00013968138698408934,-1.513332165365797e-05,-3.1431001097228703e-05,-0.00010360963159740121,-3.0266872328317092e-05,-6.9845815362291215e-06,-0.00013038690002647159,-0.00022585951866843719,-0.00019092945447513892,-0.0001606577190756929,-0.00031784785833805754,-0.0004820506106751648,-0.0006544342812436139,-0.0007324826071757657,-0.0007056892116296532,-0.0005356261364559861,-0.00047273342092587285,-0.00036908553947165155,-0.0005775568110801909,-0.0008687905608393197,-0.0010237614866230463,-0.0010132739746278898,-0.0009456904244382438,-0.0008489839779461186,-0.0005833806549451419,-0.00045409930185343045,-0.00028990113875712614,-0.00018976514001478885,6.402305763517057e-05,0.00027701572765177827,0.00041433121018817995,0.0007214772442527198,0.0010401578626779706,0.0014342973966613756,0.0015714540693160433,0.0018201478472105706,0.0019165872017458327,0.002144286602346529,0.0025182516700061677,0.002958236422751573,0.0033957073834557576,0.0035743540081475847,0.003751808991010083,0.0038318274068852368,0.0037622465388125552,0.0037576076421276254,0.004229505113479535,0.004535481743424661,0.004845998652290948,0.005413485603739539,0.006062805085361081,0.006415645074930955,0.006656198997756088,0.00702848088187095,0.007402935240376108,0.007511546997358943,0.007756457877593921,0.008109855580721996,0.007966663718394348
2015-04-13,0.0,-0.00018919556609381844,-9.117411755462168e-05,-2.0513451696671313e-05,0.0001504191226564247,0.0003349934912697014,0.0004386592138356492,0.0003133476435404275,0.0002848655510844689,0.00031790470305228933,0.00025410398003158474,9.116954572484785e-06,-0.0001094099386343336,-0.00023137054095172864,-0.00026214799658196046,-0.00016069996837675946,9.686339249386824e-05,0.00030765128994736656,0.0005491482074785595,0.0005810396671762299,0.0005685110007330341,0.0005753448382518516,0.0005332020962223865,0.00044435482121225867,0.0005354801276843172,0.00047738870429705566,0.00045118950724400744,0.0005115605385076468,0.0005480092079643241,0.0006915129313350918,0.0009488569151192876,0.001151497158798836,0.001500898201338003,0.0018194637488928558,0.0021151837724307163,0.00249948911115951,0.003192684348370067,0.003579982562042395,0.004211150231794208,0.004653638155690034,0.005035835477362745,0.005047174412886021,0.005040371067000598,0.004708084678442066,0.004532257111516559,0.004357533293832963,0.004158946437247219,0.004220228874400949,0.004380226423715947,0.004484608188770155,0.004512970916290788,0.004694473325666437,0.004718293071442767,0.004557215164971163,0.004382495708380727,0.004284911817361182,0.0037673310870504004,0.0032290354270924824,0.0031370191980910032,0.003132474967389638,0.0031245225139726034,0.00345847111852432,0.003937617475108764,0.004356398623820514,0.004818102979020074,0.005179830407175624,0.005538027049624868,0.005846245492819714,0.0059787955349029556,0.0061351140307576,0.006418237495996237,0.0065959980643018135,0.006667319855233601,0.006737504588271586,0.006519010104954032
2015-04-20,0.0,-0.00014889278467493006,-0.0006003595356505048,-0.0013023994969350186,-0.0019035416851611532,-0.0019699690966317445,-0.0026671403351963795,-0.0031465818125677543,-0.0033507933554304896,-0.0036647770110172576,-0.004218281913857976,-0.004391169012004765,-0.004713659953505392,-0.004962609952658024,-0.00497780609096905,-0.004784949160408169,-0.004821180049348609,-0.004996509347440309,-0.005155501152683023,-0.0055437344155847374,-0.005880637205939985,-0.006279686280813277,-0.006184883076393985,-0.006520831228824759,-0.006785455218416127,-0.006885000064329853,-0.006936533053652823,-0.007266875734470853,-0.007168464374908775,-0.006966985613837141,-0.006784284161555088,-0.006502099441097542,-0.006275004430124573,-0.00587361723998683,-0.005749605966501256,-0.005831498479114557,-0.006070194916884537,-0.006188394145918469,-0.006575857884570127,-0.0066461090794548185,-0.0063522577696141875,-0.0059683909386013334,-0.005571805313317239,-0.00528645456385555,-0.005197591450407711,-0.005548412843819933,-0.005902867423241394,-0.006639083737876643,-0.007304368323830685,-0.007839962808408343,-0.008192885297513544,-0.008346521701433967,-0.008263250186401293,-0.008222203399508597,-0.008576433995598902,-0.0086949298492626,-0.009125622138020154,-0.009588206796912007,-0.01016615118702771,-0.010535176564648068,-0.01136421725923038,-0.011960846147293836,-0.012760439680803974,-0.013324897142004062,-0.014143277972947786,-0.015548114145126109,-0.016805876322032932,-0.017482696099647137,-0.017970479618684435,-0.01831751903838318,-0.017786940908967243,-0.0173643379168752,-0.017237710173277517,-0.017322915862228765,-0.017392742603176897
2015-04-27,0.0,-0.0002513800356149127,-0.0009240421241015959,-0.001681478797247038,-0.002604665181337711,-0.002854288787620764,-0.002901326298838659,-0.0032789126339757488,-0.0036892319284802244,-0.00390652796983932,-0.004651729036494982,-0.005737309898588711,-0.006583138616073446,-0.0070783832485838746,-0.00734124102284411,-0.00753994436304668,-0.007842921785063234,-0.008319387942854644,-0.008695386617947245,-0.00933490900027291,-0.009887387487396654,-0.00981208673981902,-0.009433239983655809,-0.009225663691036346,-0.008591063137427116,-0.007912013489783043,-0.0074648201657499065,-0.006936686753760594,-0.006212773620772303,-0.006103868839744791,-0.005887304576478051,-0.00558008156765475,-0.005656273748559704,-0.005990136507456049,-0.006097818921872309,-0.006258759200670573,-0.006526243572282324,-0.006713888430122886,-0.006954851849046062,-0.007172858734082537,-0.0073460869760490505,-0.007485418174407813,-0.007610226947535853,-0.007509651668975798,-0.007625980618293133,-0.007718083968011672,-0.007435741346396337,-0.007123197430220959,-0.00710502927669211,-0.006991183029559253,-0.006902779458723876,-0.007354567450665126,-0.007822316411302169,-0.0078380734236277,-0.007812619911738455,-0.007910801313472224,-0.00787080031950277,-0.008108405454830995,-0.008376385102107396,-0.008473409014939736,-0.008730567919937884,-0.009331267297679729,-0.009599574891483746,-0.00976229419860984,-0.0101096792188774,-0.010228741012088627,-0.010048938866856255,-0.009950547325534104,-0.010425588536090826,-0.010823046995063958,-0.011294854097946335,-0.011491911616267633,-0.011839898104276023,-0.011996896681266566,-0.012386456957862559
2015-05-04,0.0,0.0016089402019900528,0.003624990194700568,0.005702484738865917,0.00748512765419169,0.008732661637649054,0.009834907090688667,0.010156166624050517,0.009970186842173535,0.009817995834918969,0.009186034649893506,0.0085814916115957,0.008345620729851079,0.008270614227235941,0.00822584960144591,0.008303279040883129,0.00844844308255358,0.008521017201928523,0.008658893519833476,0.008748382008529215,0.008991411682923254,0.009047022110134197,0.009132849525760342,0.009282727629212641,0.009474877172904904,0.00973826749108802,0.010094579747590643,0.010344526469186292,0.01051715849840966,0.010605273849910928,0.010797169459288653,0.011033669358430753,0.01113621570494507,0.011190500690274208,0.011247195195566726,0.011241164017997124,0.011217038943962422,0.011266494719351518,0.011424495562753339,0.011541472469595165,0.011423289543996077,0.011309917286066132,0.0110360823344507,0.010651139042462449,0.010425413717838488,0.01031434298377624,0.010477322982869288,0.010680105448674787,0.010781481263388832,0.010768206443850632,0.010741656276100253,0.010589582643202705,0.010554578294814177,0.010584754530065535,0.010663208480352739,0.010855092973717815,0.011024017396126445,0.011127771109034094,0.011382284040810606,0.01155956046043601,0.011504089585042971,0.0108007897772372,0.010488187371756597,0.009906172812208723,0.009470043674829629,0.009343155993821876,0.009680279248187965,0.009807124162330129,0.010643897309805594,0.011486000590808754,0.012567147579626245,0.013779485644132467,0.015004776322952577,0.015842016123330003,0.01661616928948194
2015-05-11,0.0,0.0010497203843393772,0.0022346650297099214,0.003843599521768839,0.005566409693964452,0.005975126154129968,0.006970143273314969,0.007592585859764059,0.007723322220395071,0.007783842525581129,0.007757214042543618,0.007517525781399723,0.007592585859764059,0.007779001035951572,0.007916974305664983,0.008270292719407603,0.008506172160704907,0.00872143918940009,0.008971719547023593,0.009125242197053426,0.009359711620414256,0.009638827754474331,0.00988525516231432,0.010196826413812907,0.01084622489811589,0.011440935609398748,0.012063012861071412,0.01259797905890643,0.012873784481736908,0.012867763341513325,0.012896664483953737,0.012927973112373125,0.013141086574425384,0.0131916492040781,0.013121823947772948,0.013007444459382105,0.01296770957533938,0.012830431462914751,0.012982158806761202,0.013232578984230633,0.013391466961319242,0.013467290960614236,0.013606888366736104,0.013738044034864252,0.013756091633601714,0.013636971462264726,0.013585227977570186,0.013384245328194998,0.01306403384142308,0.012830431462914751,0.012966505463296968,0.013079685658328502,0.013003832262437886,0.013082093608416522,0.01334211809552073,0.013559956930547155,0.013706760758780879,0.01388241570554345,0.013976246115566877,0.013859558246461954,0.0135202439948954,0.013188037672457619,0.012866559109118363,0.012424507863724735,0.012205216487262343,0.012799119780402907,0.013163960461656996,0.013674273243910353,0.014245658869560524,0.014798689733159086,0.014695320248459924,0.014957329088550615,0.015058268304002078,0.015280538986152928,0.015261317527315622
2015-05-18,0.0,0.0005467594358463942,0.0015898533248620585,0.0027694254955128346,0.003933145309081121,0.004350066532674795,0.00494502291005535,0.005203850902242592,0.005385592383310095,0.0055396255248078225,0.005753788431407798,0.005863258494161752,0.005734539709041188,0.005836794302617087,0.006078554752867882,0.006107417766601408,0.00588009897868708,0.005828373731161014,0.005452984802169946,0.004735503755746293,0.004116322861666219,0.003802972444154289,0.0033713522824802087,0.0030553557389271808,0.0032423123215193786,0.003540164472085807,0.0036776047792037394,0.003884935112615106,0.004211513734500061,0.004335609746418267,0.004322357508747566,0.0043404286983924805,0.00424163554106368,0.004076556902406677,0.004110297817969666,0.004230791795224102,0.004260913021112048,0.004376570098008351,0.004429575121451397,0.004228382057957704,0.004048840298653,0.003857213197173692,0.003764399451994143,0.003858418513825468,0.0040428148483561115,0.004347657082812383,0.004701783928966621,0.0048884329829267876,0.00489445334016289,0.004931778746065861,0.004919738444769184,0.004999201754433664,0.00527005195486357,0.005587756016205271,0.005893330589004157,0.006201216808236366,0.00663522345979866,0.006887606073178182,0.007066638923781271,0.007245639727360149,0.0074426237110374336,0.007673189811877154,0.007943316827241512,0.008406564828017712,0.008844412901733743,0.009013502892188899,0.00908185030571589,0.009086646440031522,0.009056670223159773,0.009570937556401813,0.01044901590314275,0.011302396653089181,0.012238721270956977,0.01316939343511323,0.013445202970677745
2015-05-25,0.0,-0.000821636309980083,-0.0015088246586123471,-0.0022154622197174696,-0.0026484651133664825,-0.0027422082347370136,-0.002755261771444568,-0.0029320946476291726,-0.0030151812928045103,-0.0031042103596665882,-0.003108958799210699,-0.0030329864720942145,-0.0027944234039674076,-0.002342377890355498,-0.0022296949509671166,-0.002173951243913008,-0.002163277271505159,-0.002246300060122255,-0.0024432102317619303,-0.002555917234604735,-0.00251083290911183,-0.002477614180389529,-0.0024728687377940173,-0.0025796466434112575,-0.0026199879307072147,-0.002668636941747572,-0.0027315281950783983,-0.0028466412997642907,-0.0027967968855326566,-0.0026377860748357388,-0.0024942234068152987,-0.0025025281234791743,-0.0024621915742890953,-0.002464564267438261,-0.002500155340251824,-0.0025665953988857643,-0.0025440527413548375,-0.0025369341129719983,-0.002572527761645161,-0.0026840627321269373,-0.002926160151411587,-0.003543536464246508,-0.004250425333332813,-0.004882890553969101,-0.005538365788043363,-0.006166883364372016,-0.006419353885016395,-0.0063836230525198545,-0.006507495397462734,-0.006970961692756299,-0.007370262980414878,-0.007674315647063383,-0.008214684363440874,-0.00862045102930989,-0.008384131595949577,-0.008077477010104674,-0.007966531786510746,-0.00773632989366388,-0.007479949753253933,-0.007514527425738723,-0.007651657554694883,-0.007533605274091834,-0.007279661241753222,-0.0071127847871568905,-0.00706511091457522,-0.007276085025735403,-0.007627807485767153,-0.008218263937674226,-0.008794742552617188,-0.009149388265867612,-0.00930346548991577,-0.009308243457750547,-0.009311826948608232,-0.009358413498362958,-0.009522080890748052
2015-06-01,0.0,0.00010551693526976579,0.00016123486976088076,0.00016716212690498456,0.00028451458447733766,-0.00012805797723838437,-0.0003154316043556934,-0.0002502026239266403,-0.0003889675569461992,-0.00030950152122172887,3.2011932154061766e-05,0.00020509574071466072,0.00019679788565063168,0.0003662975479460994,0.0002928117117154105,0.0001802019689571868,0.00025369608057084305,0.00046940566519437397,0.0006163459887275324,0.0007751120685697205,0.001016767265687655,0.001209812543695224,0.0014300518239056756,0.0018348813748888086,0.002118874461566164,0.002571913110672033,0.0030342030858530426,0.003233950270407099,0.0031169434466482267,0.003109851683966987,0.0030081975584948088,0.002913626303121157,0.002819046103179035,0.0026866187931633896,0.002340096519135343,0.0021236069964418202,0.0018396152539597761,0.001569748374811807,0.001473857079951247,0.0016277522255734472,0.0015614618357617173,0.0016407730357876958,0.0018727517800005173,0.0021295226335412754,0.0023436451372740716,0.00255653918425942,0.002679523978054285,0.00266060422500384,0.0025127813307527433,0.0024879449404723608,0.002480848715663973,0.002465473389159762,0.002398055705238937,0.0024252598790707566,0.002241913089935158,0.0017212615537890628,0.001319938246968006,0.0010605906291141492,0.0005511735097389862,0.0003022940585490008,0.00044214823117221327,0.00037103838420596513,0.00039000150449334045,0.0005736881190551149,0.0006969170002691733,0.0007395696136957855,0.0008260540509938891,0.0007490477251824544,0.0006969170002691733,0.0005938323398270003,0.00047177584173710825,0.0003580010304092648,0.00026317879831791013,5.69093931479128e-05,-0.00033322206475548905
2015-06-08,0.0,-0.0007595711254682013,-0.001533298971067804,-0.002631366100544055,-0.003691050408866376,-0.004736997274815201,-0.00524489258002135,-0.0053725263431663815,-0.005238697180848699,-0.005158160484259302,-0.004942601858292312,-0.004623065950512784,-0.004749381896582857,-0.004748143427503987,-0.004795206330798488,-0.004962421401353324,-0.005113558335419487,-0.004985957618948021,-0.005019404775849899,-0.004979763823768173,-0.004798921917498922,-0.004780344122051059,-0.004942601858292312,-0.004927737458776616,-0.005272152792380021,-0.005524964706620475,-0.005837350043909009,-0.00577536106552954,-0.005746847425780012,-0.005586938164647686,-0.0056761866921062375,-0.005492740026230775,-0.005656352997633805,-0.0058460288075323245,-0.005924141069771359,-0.005837350043909009,-0.005875785140364066,-0.005905542358661611,-0.005958859589377212,-0.006125029194362705,-0.00649094767553012,-0.006745308885948685,-0.006868169909808489,-0.006892992151531314,-0.006880580953651941,-0.006771369053914151,-0.006710563051722486,-0.006814804176429711,-0.007295198332307882,-0.007460348330479126,-0.007595717164185338,-0.007906265371215583,-0.008264136489244412,-0.008226852271649281,-0.008467981453425857,-0.008513976611511287,-0.008521435485146814,-0.008332494498809902,-0.00831509383484999,-0.00805660534484752,-0.0078056371903949895,-0.007510022838276994,-0.006758959365421953,-0.006131230087167346,-0.005557190425473665,-0.0053774833227795,-0.005154443562539527,-0.005433251036633711,-0.005806355074390038,-0.006729176741347197,-0.007146214217463503,-0.0075236837605261436,-0.008054120202890034,-0.008486627884157818,-0.008492843438333392
2015-06-15,0.0,-0.00020422392786071368,-0.00047616960055642986,-0.0002781557539792517,-0.00023179108835729182,0.0012094534144562233,0.0023087112448077866,0.003675157585847707,0.0046158456549556534,0.005214231526968983,0.004497372659489162,0.0035378479311403478,0.0027385812157632626,0.0018899101973096813,0.0011331233155217118,0.0009266274556556524,0.001294535838105587,0.0018173835437327109,0.002382452073325855,0.0031320501364829846,0.003609001651292855,0.004290322991775159,0.004471181997705883,0.004610857601343929,0.0045909051380869596,0.004797892586159506,0.004610857601343929,0.004315271006351212,0.004212980190979028,0.004266621801413013,0.0042479099385279665,0.004209237645661557,0.004280343611669212,0.00434146575181139,0.0042441675239344,0.004160583281885672,0.003968437789726576,0.0037874878268890385,0.00337929424009657,0.0030795965578880183,0.0025061744679242075,0.0021049583151546746,0.0019286722862410764,0.001998690315912369,0.002011193019622164,0.002556158972738386,0.0031682664779245093,0.0037887358698019406,0.004442496200104617,0.00511452541066409,0.005525749081010058,0.00570140219024164,0.005999069983974789,0.006521953624401806,0.006857948789232526,0.007321934258515909,0.007892602309941536,0.008281564004604402,0.0081299739237725,0.007970903886639586,0.007837911857886527,0.007691227240737461,0.007310741432868322,0.006626497551614942,0.00618086530038228,0.00567275166129481,0.005337604084208655,0.004893890292262008,0.004926303020992716,0.004993618408567888,0.0048016329290615995,0.0045672110708932815,0.004422540377306656,0.004164326009298613,0.003772511190441715
2015-06-22,0.0,0.0015024183504638773,0.002771282572283441,0.003728832673200731,0.00489336218317241,0.005421367308751853,0.005879068317223441,0.00627863061472314,0.006840885924809832,0.007158070773269583,0.007355808128067538,0.007498058382670063,0.007789728667151924,0.008013847195462538,0.008215029109766566,0.008412557595461726,0.008541411858458116,0.00873646802802905,0.009080733602223659,0.009423677593205242,0.009533154240802748,0.00983505519672993,0.010065929876094157,0.010121235687186127,0.01004428763910371,0.01002504970189093,0.009885563587747885,0.00976890939813687,0.009737638952073321,0.00990119662034614,0.010234242399183663,0.010515501528437285,0.010790674279179527,0.011077782578040938,0.011305968870319188,0.011463266993212567,0.011510091426210208,0.011489681045489808,0.01153050139035547,0.011526899662246154,0.01158572626365233,0.011834200459325147,0.012046614946791682,0.012031015417897301,0.012208595671439849,0.012320167131576186,0.012246987256009234,0.012226591910226375,0.012396940261018395,0.01246411191460586,0.012576854190680118,0.012802300617529712,0.013073248745808508,0.013369289532083363,0.013562208218653893,0.013848522002545294,0.014032965289751653,0.014112001999949515,0.013921584776076676,0.013835346180178978,0.013753891788005299,0.013739516794743547,0.013832950557460918,0.01420420360061074,0.014614816574926172,0.014957064717741561,0.015392483923257946,0.015402051447254567,0.01540563924515408,0.01522503743398034,0.015062348277571478,0.014660296852650846,0.014565743428998459,0.014341891462445942,0.014299988467872502
2015-06-29,0.0,-0.003934332168826037,-0.007624737700342217,-0.011114463363540855,-0.01475980570407418,-0.014629776410843067,-0.014315102584673969,-0.01436976853624269,-0.014577526410375682,-0.014454810401189202,-0.01429931075500203,-0.014281089722950138,-0.01414019161876828,-0.013869382913102893,-0.013880310992377529,-0.013834171025566003,-0.014130475239868321,-0.014626130973381592,-0.015204706672325834,-0.016093885930929266,-0.01678777583236102,-0.017183630448048968,-0.017338360842828606,-0.017623517351812983,-0.017489459292285407,-0.017285969130698062,-0.01699725475431059,-0.01705206752911126,-0.01677559817495248,-0.016480944074815224,-0.016371384116192413,-0.016315391439046024,-0.016138913297231335,-0.016220454499011352,-0.01625575051391239,-0.016362863289160645,-0.016445640110724077,-0.016409120080092023,-0.01634338738572162,-0.0161401302812165,-0.015571959853740588,-0.015149995060258778,-0.014776820133526002,-0.014276230837141078,-0.013883953712007813,-0.013813530150683567,-0.01337652928065233,-0.012982178561857936,-0.012426711257686185,-0.012143032598238417,-0.012003647359636816,-0.01186670513389362,-0.01176491952338281,-0.012093336501977837,-0.012312745202473503,-0.012355177854284168,-0.012448536026617272,-0.012398824746086964,-0.011452357053775343,-0.009599584717844294,-0.008036295355300265,-0.006727381223183308,-0.0051035740271232494,-0.004381658320334026,-0.0045416380164852435,-0.004488709569718184,-0.004445406560513099,-0.004812338645501965,-0.0047425510284440885,-0.004493521130937421,-0.004319116826437804,-0.00419043797919873,-0.003960781374930729,-0.003996849601592159,-0.003928321083181989
2015-07-06,0.0,-0.0013707341594155014,-0.003645264842858822,-0.005544073857731489,-0.00697470879896509,-0.0074524385223636545,-0.007257516247003635,-0.006488894507064077,-0.006006876957516891,-0.005756462021034251,-0.005418323358419382,-0.005617633366814337,-0.005599836215188755,-0.005714930061295182,-0.005934475673964675,-0.00603061622440184,-0.005983138254171132,-0.006055543061169786,-0.006252605642235186,-0.006441394774241172,-0.006710985692441461,-0.007129173543288446,-0.00756180180232497,-0.007696144808755112,-0.007698522723632904,-0.0075772562737497825,-0.007294358399183589,-0.007057879158047485,-0.0069426306518435635,-0.006890357357544903,-0.006687230268780306,-0.006528083485228355,-0.006234797186423486,-0.005882255051316726,-0.0057635819587584765,-0.005637803854899332,-0.0054479800701210165,-0.005361384937306517,-0.005387481311216728,-0.0050850424060175725,-0.0046546694509819915,-0.004190121997164621,-0.0036938161488689184,-0.0030119454766255518,-0.0026155851242721318,-0.002159078057633251,-0.0017926040418588499,-0.001630688952378116,-0.001458165956761783,-0.0013187513090189402,-0.0015125193055323572,-0.0016992337464277955,-0.0016117808704723912,-0.0017441449522539079,-0.0018469755719935936,-0.0017051430003785608,-0.0015857828415941002,-0.0015526954187115626,-0.0014038155621173879,-0.0009974627501517022,-0.0007034324487424729,-0.00013687089556172302,0.0006192246444034816,0.0011096143136105781,0.0016468807010820076,0.0020519959937184903,0.0021344121529839693,0.0023180580183483875,0.002784084573820359,0.0033169245233095612,0.004021060912699714,0.004788110926609648,0.005122703387312992,0.005456010512960466,0.005529933308261344
2015-07-13,0.0,0.0005727866705684037,0.001003057676224015,0.0017078239559312931,0.0021746074264239086,0.0021769945056415657,0.0020218225031336462,0.0020576335639807012,0.0019084123492222416,0.0019394521960308532,0.0019895914518554855,0.0017149885199973668,0.0014653926192396962,0.0013256394803896777,0.0011906456833289385,0.0010819206160601448,0.0011858668078699173,0.0013184721262543488,0.001362669991743277,0.0014092548164466544,0.001227681193816724,0.0010998431441406416,0.000974378701495296,0.0007245978559972839,0.0005823502600704837,0.0006229944951096186,0.0007473077838820511,0.0008202151192887367,0.0008680203226552189,0.0007724076304757507,0.0007257931282173448,0.0005907183258578116,0.00034801598354516786,0.0002631160368856426,0.00024517850612987437,0.00028105324589217253,0.0005130121638994734,0.0009361387890599764,0.001737675967570919,0.0030168925742160707,0.004218247102753848,0.005912942897564782,0.007355454210121165,0.008531449565722906,0.00919656195688589,0.010098084595991456,0.01017504952547917,0.010350270653806962,0.010346719179027613,0.010312387605874397,0.010256744277228811,0.010345535351298202,0.010440237141351004,0.010663934504608154,0.010831970507308603,0.010973950753362079,0.011208174097036616,0.01152156901207875,0.01163034730193126,0.011910515144396675,0.011802949433168517,0.011562953451653526,0.011495555059138834,0.01154048782553877,0.011492007649487072,0.011683549765099537,0.012019251135880663,0.01219769436688577,0.012221326844054952,0.012164607960550772,0.012203602538536973,0.012101977122642079,0.011929426600957763,0.011896331317269093,0.011971976070632249
2015-07-20,0.0,-0.0002498075623350281,-0.00103100401832468,-0.0020118508248248286,-0.002698899975863188,-0.002707054240572747,-0.002779280630729172,-0.0025847472510418744,-0.0022912714944580987,-0.0021864795936118657,-0.0023448360403308223,-0.002585912008961477,-0.0029365658188083357,-0.0031754536050291964,-0.0033712676149817806,-0.003364273597198102,-0.003269859144490031,-0.003016965580448716,-0.0028223859621079998,-0.0027618060256986137,-0.002831706278066815,-0.0029517131057838013,-0.0030519240148739416,-0.0032395551605627466,-0.0032640313839527,-0.0032395551605627466,-0.0032617002892472496,-0.003478515346853313,-0.0036230848389783316,-0.00379799522700232,-0.004081414997486704,-0.004396420092673658,-0.004459433020847014,-0.004482772150065031,-0.004674173559083815,-0.004764051494402902,-0.004709189975950803,-0.004806075118689923,-0.004914644322616632,-0.004821250750361434,-0.004760549605425689,-0.004856272317813492,-0.004795569047055914,-0.004751211294772785,-0.0048924625594106,-0.00492631913246329,-0.004856272317813492,-0.004803740426565707,-0.004863276778487532,-0.004887792777221,-0.004927486620944533,-0.004776891858906086,-0.004611147098453826,-0.004501443845642322,-0.00433691152838185,-0.004202738544202683,-0.004273906319930587,-0.004242405204263429,-0.003935612901993996,-0.003556626912359556,-0.0030495934145578466,-0.0026080426672037585,-0.002256339640679428,-0.001747637268899602,-0.0013031710980236572,-0.0009600666507573559,-0.0005636078020035021,7.899591548732455e-05,0.00022767718261868032,0.0004901385842989291,0.0005737401393364285,0.00045298009404418863,-5.808769499435498e-06,-0.000286993558557997,-0.0006263796681387776
2015-07-27,0.0,-0.0016369676015030373,-0.003271903763831344,-0.004897709355672394,-0.006639709479462559,-0.007059708787609424,-0.007500010093375005,-0.007797204685200128,-0.008173856985099967,-0.008695245169220687,-0.008945370974320459,-0.0089916096095541,-0.0090627501465291,-0.009131524143345178,-0.009280946023255453,-0.00947902372136245,-0.009506306957535758,-0.009569179857616279,-0.009382945207350456,-0.00902955059946269,-0.008627686370817185,-0.008230722487539793,-0.00793339904779299,-0.008008017737440459,-0.00793339904779299,-0.007965377804426198,-0.008203474030778162,-0.008362236348519996,-0.008357496809866818,-0.008478362063031193,-0.00861820479943623,-0.008596871592521156,-0.008635982819522346,-0.008740286903951365,-0.008910989785332678,-0.009094765039385543,-0.009454113590589076,-0.009965488732172163,-0.01042488145157654,-0.010850037388074659,-0.01130627158670145,-0.01175082486553064,-0.012031446849348284,-0.012471563618239834,-0.01284283970554223,-0.01305710016852165,-0.013220206960376292,-0.013326181103975118,-0.013315464107115666,-0.013380958659480722,-0.013650126764923763,-0.013616774571716369,-0.013531016896649473,-0.013286886010319755,-0.01302495817232228,-0.012629815094443574,-0.012502498027775918,-0.012592927173627113,-0.012789281762082924,-0.013153532356231866,-0.013391676358271832,-0.013671568047971011,-0.013864560285993465,-0.013901495145415778,-0.014117174306223225,-0.01467267292222483,-0.015078167135773346,-0.015624651749962767,-0.01613919292132467,-0.016571564413996945,-0.01674599920390491,-0.017194173260694983,-0.017383064089530952,-0.017586340912607686,-0.01761384624475722
2015-08-03,0.0,0.00012654831291665904,0.0004276220472105886,0.0009370150900800117,0.0011945403904376148,0.0012963616450686326,0.0015654943490080184,0.001809991268570305,0.001666107975219511,0.0019117498796882427,0.0020684612795936817,0.0022146251506006786,0.0022684080780415476,0.0025501365836405397,0.002325695406159006,0.0021912403668444187,0.0019877696706001435,0.0019924476228266805,0.0017947850695876075,0.0019339716470797685,0.001953853862497259,0.0019456671157875736,0.0019152586126322362,0.001993617107464067,0.002052089595590243,0.0021503156793718703,0.0022684080780415476,0.0023069897006842283,0.002405190751046753,0.0026226016222129327,0.002768684526273695,0.0028142580249413463,0.0028002356311783733,0.002905398791919199,0.0028785248139320424,0.0028715140922016286,0.0029521344248097914,0.0030724686269144436,0.0029941946269855194,0.0030444308834369016,0.0030000361818204265,0.003036253060174823,0.0030549451293640814,0.0031565771409650437,0.0031028419619324155,0.002852818593959972,0.002449611867918047,0.0019515147988477697,0.0013466832645929426,0.0011266537938008161,0.0011570862863409964,0.0012846585799186376,0.001584213929689978,0.0018333849693494776,0.0016590887483873655,0.0014824219818130814,0.0015257140765078077,0.001564324363580158,0.0017386371009595108,0.001993617107464067,0.0023958386855261037,0.002530266220228423,0.002464808112809266,0.0023981767101058154,0.0021807170357422854,0.001828706272974746,0.0014110444361053209,0.001506993400690844,0.001428596763983469,0.0015303941907024968,0.0015654943490080184,0.0017327881729216354,0.00143912801283175,0.0011957108085868622,0.0009686240382247691
2015-08-10,0.0,0.0007418449884262841,0.0015378994908463992,0.002179643005318195,0.0029187099408082835,0.003464221493533729,0.003915294077364262,0.004206987838173939,0.004459100737291392,0.00459152168276136,0.004765733057346374,0.004613590135618597,0.004673985516319393,0.004833086653298922,0.005117547488733854,0.005297470725840957,0.005393803410260474,0.005363627904876549,0.0053880004991722005,0.005209254344930342,0.004953847259478376,0.004853988571050823,0.00477850736380341,0.00460197522113888,0.004500919772393102,0.0045636450461687275,0.004553191107095258,0.004460262400770369,0.004439352251680058,0.004430058711735791,0.0044149565251130505,0.004423088500096914,0.004517182258207097,0.0045102126538136625,0.004493950054654815,0.0044730406099740905,0.0044997581561433755,0.004474202257259528,0.004478848832907743,0.004342927574090759,0.004165156509058543,0.003914131780642586,0.00363514149118238,0.003493291582100549,0.00354212742855189,0.003653743265559639,0.0037386094705508044,0.003860664671038635,0.003772321443593773,0.0037014087330419546,0.0036979210929479244,0.003390961122070669,0.003010618658065745,0.0028361012274034556,0.002812829935333987,0.002630131478627726,0.002648751957197808,0.0028361012274034556,0.002883805683183453,0.0028139935127993354,0.002822138517148328,0.0029349981774441187,0.0029954950194109793,0.0030734374781396837,0.002989678174409644,0.0028093391948140027,0.002723230404449586,0.0026673720890521236,0.0025393516800964644,0.0020469022699026265,0.00023217732851855356,-0.0017506481809332333,-0.00332171468246618,-0.005059428240059557,-0.006668595793381682
2015-08-17,0.0,-0.0014235881046865977,-0.0032047503777837753,-0.005006785196014602,-0.006853435833725293,-0.008400444254585542,-0.008578006537982196,-0.008024116452064113,-0.007472898079933569,-0.007238781361038777,-0.007018903451499081,-0.0068203455954606645,-0.007300261252995278,-0.007722446440093395,-0.0077780415233730605,-0.00802293325465054,-0.008363751980258165,-0.008536572518396878,-0.008405178839664105,-0.008349548880668096,-0.008510529156197415,-0.008658511827104773,-0.00868219108679735,-0.008905987780869089,-0.009000731629103302,-0.008811252908180946,-0.008677455190002169,-0.008501059010830607,-0.008219363200198958,-0.007995720100520088,-0.007942479114650075,-0.007269520834544944,-0.006378459514534459,-0.005618022061062693,-0.005044534177091532,-0.004445437285915794,-0.004094165513473542,-0.0038855826213461493,-0.003720632612606668,-0.002993998375006828,-0.0023067139334218083,-0.0018750490116081664,-0.001649293081028733,-0.0015446630861000157,-0.00185153039073894,-0.0020843891088806778,-0.0023196549957066443,-0.0025232046434036474,-0.002706787834760031,-0.003011657452391322,-0.0035545318856812684,-0.0039150408434031276,-0.00440063737645122,-0.004623477814777435,-0.004641165690976882,-0.0044336476414677745,-0.0043688070814347155,-0.004319295302926149,-0.004253283411331497,-0.004327547095775732,-0.004431289729257476,-0.004852265160297186,-0.004895905804369262,-0.0049018033347784104,-0.0049442665804866484,-0.005017401952913796,-0.004591640426006589,-0.00436527044452894,-0.0041472019996419964,-0.004011669903371865,-0.003983387260781252,-0.0041967052580272925,-0.004408889840548591,-0.004855803519949055,-0.0051719475096533435
2015-08-24,0.0,-0.006475580381126939,-0.013202423170583073,-0.019190095685367416,-0.02553876384134303,-0.025071947328474866,-0.02483177734172453,-0.02432549388059453,-0.024175026592334333,-0.02390772320326284,-0.023915181863637756,-0.02437772748920265,-0.02546654864001177,-0.02644314041261351,-0.02814823233874236,-0.02998755001079699,-0.03149075351854272,-0.031970602081031675,-0.0331003452254042,-0.03384082476364442,-0.033754197991272314,-0.033224556904849246,-0.03305141758748904,-0.0319668425812457,-0.030887198032596905,-0.030043832478760576,-0.02972369001263001,-0.029628667444698723,-0.02970868584897429,-0.029383650904856565,-0.029698683198271753,-0.030155156021991106,-0.0303428080206603,-0.030917241971860267,-0.031704965547931015,-0.03245945744222922,-0.033291060407914574,-0.033646238895111535,-0.03376047504143545,-0.03333874488725297,-0.032883325482655455,-0.032221267285126115,-0.032134780690181095,-0.03202323656214312,-0.03264127231882323,-0.03360230539034678,-0.035065701596831006,-0.03598125564011247,-0.03670246715562816,-0.0368334234642578,-0.036449417496744796,-0.0357346778492318,-0.035363667697534046,-0.0354277985950051,-0.036224118707433625,-0.03720749890716664,-0.03813510417683938,-0.039216295156508374,-0.0400522751770339,-0.04177568866955014,-0.04305214394469628,-0.044273138350867665,-0.04581958735010408,-0.047761746733020166,-0.047793575114390516,-0.04820743628579445,-0.04812210319694599,-0.04773883092569524,-0.04722718134103531,-0.04783431692083687,-0.04826475364246105,-0.04953039347882335,-0.051454223450092554,-0.053505957526370995,-0.05426298940845989
2015-08-31,0.0,-0.0012313947099330221,-0.0019792306242477414,-0.0027000372066478128,-0.0035380793484920533,-0.003699997768321276,-0.003425128533431751,-0.003554395520768596,-0.0035468649466376344,-0.00329085916252059,-0.0034163440047436924,-0.003386226206503129,-0.0031202250430616796,-0.0028342272663756116,-0.002030610068346028,-0.001277726746603868,-0.0006843381297645736,0.0001363112550811449,0.0003363675215731703,6.753266895417979e-05,7.128435017658642e-05,0.0004851334212031352,0.0007251124241920338,0.0012960808808911639,0.0019678319037893157,0.002906029460683367,0.003478247006224693,0.0037984960306132664,0.004107432904063264,0.004342808631436453,0.0038944261636498297,0.0033835233623845536,0.003015761029942361,0.0024794583128753553,0.001901675721501104,0.0017144175181084838,0.001595802516667701,0.001483417430300014,0.00184924695907002,0.0021924806103206878,0.0024357931052433907,0.0027551288895313777,0.0032040223746471475,0.0032027757273491394,0.003151661849982716,0.0029184995636117187,0.0025555559749048233,0.002363429420303223,0.0023422183823276974,0.002333484294743531,0.002548071215745783,0.002333484294743531,0.00147092941879094,0.0006326273373465141,-6.003286801322238e-05,-0.0007969797767547027,-0.0011612746292662204,-0.0012301425225182687,-0.0015044090022989425,-0.002134630195707758,-0.0028166686645415737,-0.0031678992924522036,-0.003448972643153492,-0.0033272481456971172,-0.0032582356826462867,-0.0026624170572912796,-0.0022411680477672853,-0.0019391314288578457,-0.0015206920263073614,-0.0014893787539237858,-0.0021095641152518154,-0.0025846732331839557,-0.0028116519777872406,-0.0033535996153263832,-0.003317209673251484
2015-09-14,0.0,0.0008427663274113599,0.0006372790457086395,0.000361089002081351,-9.125664910637318e-05,-0.000285365385315785,-0.0006826987564518569,-0.00040107725774023015,-0.00021594468814984318,0.00040091645926401096,0.0007374593703767796,0.0008466188106899263,0.0013601503784895193,0.0022761492468637507,0.0027799757104614046,0.003407800944544022,0.0041862691684519246,0.00464819810742801,0.004768443766896577,0.005095848016868155,0.005372011998657895,0.005472997373121363,0.005331103628288042,0.005406527134506865,0.005401413856218183,0.005251838898111101,0.00505620711230873,0.004953900743008607,0.00469808901904142,0.004407663402740128,0.004104353677034549,0.0039750671401273426,0.003918739064919593,0.004073633637710706,0.004246421584453395,0.004256659933212596,0.00417091052492702,0.004136352714506285,0.004001949875716188,0.003880331739869732,0.003990428791812432,0.004324486346251594,0.00482216587777925,0.005475553832527235,0.0061540626980203985,0.0067453060565730244,0.007130766789024129,0.007559449222288733,0.007777547419634148,0.007864263310375449,0.007961172172766743,0.0082390955008643,0.008018547993973973,0.007901242800152017,0.007769895656476696,0.007614297105524902,0.0074561229452402384,0.007477809592326042,0.0074739825711324665,0.007346406816476434,0.007299199661904374,0.007303027352053026,0.007257094103262822,0.007389784399203754,0.007762243834769095,0.008297730005247564,0.008955220708111186,0.009577909124897636,0.010023358170348011,0.01052711280670248,0.010996292240837754,0.011226351300936358,0.011366140346786154,0.011433486275527678,0.011451275008906909
2015-09-21,0.0,-0.0018199235732019087,-0.003320804820493569,-0.004718031131961211,-0.0058824069191054165,-0.005648918493706712,-0.005333480183253626,-0.005296895778928711,-0.005117777670239841,-0.004815115756417572,-0.0044583445696595074,-0.004331047150411261,-0.004145801639722412,-0.003951771713147442,-0.0037414051770265945,-0.003910198769317098,-0.0036607973943014304,-0.0033245818807698608,-0.002724208422904777,-0.002324159606582446,-0.0019129554832140463,-0.0015936658621909497,-0.0014064134762180474,-0.001552190834236492,-0.0015697860905558017,-0.0015157445023986811,-0.0014328026295236452,-0.0013863079220580643,-0.0014792994988474526,-0.0015911521751650825,-0.0018337520932675145,-0.002145573130637728,-0.002236120033995528,-0.0020386880326448997,-0.0018702100173700166,-0.001576070185699617,-0.001368715893759506,-0.0016012069611805084,-0.001990907801580591,-0.0021895879623855734,-0.002114135151166584,-0.002031143633857973,-0.001483069610034279,-0.0009001279241271987,-0.0004480795723702281,-0.0002786141099673344,-0.00013051226080816876,3.137060035425896e-05,0.00014429661385988036,0.0001656256512748761,-0.00011670727381926103,-0.00040790738432389616,-0.0009528802119559033,-0.001246836768801393,-0.0015031771097555283,-0.0013749987254821276,-0.0011463290792502977,-0.0008184929642242347,-0.0005698613784444694,-0.0006477090657168675,-0.0005171292913339196,-0.0004141841823283667,-0.0005271732840220175,-0.0006213406219621164,-0.0003438862950019347,-0.0002874005021053069,-0.000155612725419076,0.00026724599399853956,0.0007325603310027847,0.0009971034659272448,0.0010459924021828158,0.0009670167786573864,0.000874243794083896,0.0006472898102239914,0.0007751928648990314
2015-09-28,0.0,0.0002553274206938172,0.00012068526377704312,-0.00031512071417044674,-0.0012063824042277218,-0.0022130262105314823,-0.0028766161032281277,-0.003377465837752822,-0.003513872963515535,-0.002749213448239256,-0.0022104796887619646,-0.001763665523557083,-0.0009761802641118382,-0.0004638210166111427,-0.0005489841389969402,-0.0005871192312948036,-0.0006023736754231182,-0.0006608512003658515,-0.0005286460177301297,-0.00019948020860364682,5.208700563787534e-05,5.462776578243507e-05,-8.51236294180787e-05,-0.00031257902086901274,-0.0005566110411146236,-0.0009545617907440822,-0.0010524844942010636,-0.0012369104245007348,-0.0012076543864658422,-0.0012369104245007348,-0.001158048278035778,-0.001132610202577394,-0.0008210462827195265,-0.0007358599885069818,-0.0005464418512176509,-0.0005197482197445103,-0.0004955974528610761,-0.0006608512003658515,-0.0008439333895230981,-0.0010219621034815336,-0.0009952557757972138,-0.0009520184716617627,-0.001217830302616356,-0.0015740526196400732,-0.00191894581752716,-0.002095892920352566,-0.0019698626385463167,-0.0014315484651483612,-0.0008413903517882931,-0.0003316418780995729,-6.225388278835295e-05,-0.00010291157173469303,-0.00011434684459636583,2.4138217978253294e-05,0.00019181922811562014,0.0005448736605840935,0.0008140256683434701,0.0007340493819046576,0.0002515170428758926,-0.0004167937439618939,-0.001155504441370503,-0.001866758766395375,-0.002376017093589753,-0.002418042488396072,-0.0023543683370236363,-0.002426957193137821,-0.003359619552902573,-0.004307187734246601,-0.005560938297455082,-0.0069748883109612405,-0.00834856326050807,-0.008867542868569885,-0.00932395488833397,-0.009580457552879269,-0.009434242971177221
2015-10-05,0.0,0.0021955970252400853,0.004638810445395737,0.006909032645321993,0.009446473060935967,0.010074236249505961,0.010598520433475514,0.010784811174246844,0.011062940754623714,0.011314928886447348,0.011304999521467293,0.011189563418015046,0.011214389511233365,0.011364574232516692,0.011587947794702395,0.011762888907612738,0.012072992968615732,0.012182126719576651,0.012111439171530791,0.011807549819645616,0.011726910611206082,0.011694653106991096,0.011826157944325517,0.011858411206869974,0.011988654184631815,0.012009739547483776,0.011942760975640329,0.011777776099913505,0.011755445228351062,0.011720707325821995,0.011508531800031245,0.011509772723452012,0.011409252936791847,0.011347198641745996,0.011422904364948763,0.011698375179813493,0.011782738448096505,0.01194400136033325,0.012061830890906578,0.012066791829714478,0.012007258939635602,0.012037025827695775,0.012027103630127278,0.01213872267691731,0.012148643767046873,0.012291248561661621,0.012525572275363599,0.01286642143927612,0.01307335315688474,0.01346479544086987,0.013743418894222686,0.014038056127358308,0.01423855787746969,0.014531812104381068,0.0147309779588579,0.014889292698785387,0.014947417601798236,0.015199665265826126,0.015386337026330466,0.015485221852781762,0.01578923144501918,0.01623766222279094,0.016695768080419053,0.016996941672240355,0.01751020890078569,0.017961567609127475,0.018291941551052508,0.01855443704669521,0.0188895424170611,0.01920113892058739,0.019114936164262457,0.018933886184736595,0.01878483405132118,0.018749107512104193,0.01879099367045969
2015-10-12,0.0,0.000338118878249803,9.644266948586248e-05,-0.00014895505613968588,0.00016846340660639118,-0.000211229730209794,1.2208447024758902e-05,0.0006395219913288574,0.0012993630070067988,0.001574879358084944,0.0016748267029816322,0.0019380548318892797,0.0021256844369800403,0.0021537040190149088,0.0022231404691589697,0.0021926864793490124,0.0017479525782395373,0.0013554477095531813,0.0011835259469439527,0.000939614583123879,0.0005919380651700325,0.0004650365247322413,0.0004467320890179901,0.0002526844686349308,0.00016480146039191015,0.0002355967107925213,-5.860262053059651e-05,-0.00046158863015822196,-0.0005678574525125984,-0.0007120102253820811,-0.0009197244895007041,-0.0010040443551277884,-0.001033374670699578,-0.0011898175510342702,-0.0012778274277550376,-0.0013560649324097806,-0.001175149991276013,-0.0009148365993707554,-0.0005886239437031275,-0.0005055605662985794,-0.00045181735136648276,-0.0005238827770325539,-0.00040662642887163904,-0.00044693174777453285,-0.0001452919607874449,8.301450072774912e-05,0.0003222530397793164,0.00024292007133608492,0.0002563460930415146,-0.0001220926684869322,-0.00036632273442189215,-0.0007535496267319093,-0.000966160637361832,-0.0011898175510342702,-0.0011225930020704543,-0.0014220825884891496,-0.0017277766937859134,-0.002327208352672811,-0.0029453661764155784,-0.0034695695646320204,-0.003887414361589959,-0.004203671061696941,-0.004404754460487794,-0.004683150045239544,-0.004943219455795702,-0.0051419973405701005,-0.005599827564747669,-0.005766809779074329,-0.00608366150371614,-0.006360067660365287,-0.006575103059092379,-0.00640921453211536,-0.006186844198595664,-0.005797508073172592,-0.005737340303309567
2015-10-19,0.0,0.0005059663488657923,0.0009692409322304119,0.0011147279259499348,0.0011365491495154041,0.0012917085640026936,0.0012347387634361752,0.0010359250984636424,0.0010989678572356075,0.001266254373362788,0.0011183648296114834,0.0009595410466891104,0.0009377159602062324,0.0009995524681364685,0.0010189513689468311,0.0011656433735864693,0.0013304946562846822,0.0014213936657299405,0.0014565390677150041,0.0013874590020736225,0.001273527065373972,0.0009862155055327631,0.0007691617487106472,0.0005411439380765233,0.0004780660016258538,0.0005156706350063244,0.0006054308176920678,0.0006187728597405061,0.0006600107733990882,0.0007133749609481488,0.0007194388929834001,0.0008031174002077715,0.001046836629588037,0.0013232223785707255,0.001457750956097617,0.0016443642405967098,0.001891512645990868,0.0020308095842878297,0.0021264892826426663,0.0024425305595371163,0.0027366861263734,0.003119080037900578,0.003511003042144272,0.0038157258857768436,0.004033328223201191,0.00425934273622867,0.004271427635060097,0.004295596994597434,0.0043644764646152395,0.00425813423831307,0.004067173220369798,0.00373955387967776,0.003463835256040366,0.003263044915558457,0.0032086068524512534,0.0031033515265253327,0.003137228012859305,0.003313851100859496,0.003393684177196936,0.003451740593535719,0.0035630059712513378,0.0036742589703599757,0.003523096987915398,0.0035013277802168397,0.003127549133866898,0.002910959714563007,0.0027729956285741436,0.002643485702425358,0.002397733848818965,0.002866183983485659,0.0030731036939314464,0.0033586067922488226,0.003699651941707988,0.004196498907955153,0.004134859778449344
2015-10-26,0.0,0.00033478890547699745,0.0007693655642343327,0.0011484125724061205,0.0014286946125528636,0.0010617859223850889,0.0009354419380858996,0.0004660244765249791,0.00023123308759457814,9.153615744841907e-05,-7.347587254404351e-05,-0.00039996675508410123,-0.0004999834446993408,-0.0006590667396019368,-0.000773574167944338,-0.0008374629580751417,-0.0008229972141618987,-0.0007771904055745628,-0.000994188598107741,-0.0011292334645583411,-0.0013173620678964778,-0.0017190627266949739,-0.002157136536465141,-0.0024710264071601804,-0.00273791028587881,-0.002960166599054248,-0.0029203017770362983,-0.0028417848055523956,-0.0026485385210168163,-0.0026038556336494476,-0.0025000058245310216,-0.0024722338661171458,-0.0025205334199593686,-0.0026002327843387164,-0.002787430513392067,-0.0029396299771223895,-0.0028937261118880137,-0.002814003353776608,-0.0027415336340094005,-0.002625593005143273,-0.0025978175587568595,-0.0027258325535936307,-0.003006073514334898,-0.0032912268163729145,-0.0035474508252388882,-0.003754169921923634,-0.003844849675554484,-0.003647782827544912,-0.003472510596080269,-0.0031993889102126098,-0.00301453028122843,-0.0027149627192557964,-0.002588156714761264,-0.002388922618265706,-0.002404618409681094,-0.002512080829632904,-0.002689600231943355,-0.002853863938367485,-0.0030906444017031534,-0.0032634328758127024,-0.003136557307345651,-0.0031740141338263686,-0.0032815592711679656,-0.003259807636169239,-0.0030290277622914046,-0.0030942690281399975,-0.0032622244611379514,-0.0034761366069061238,-0.003934328425620237,-0.004490727329595736,-0.004785986367090871,-0.005009908922292676,-0.004996593206055407,-0.004861025096792846,-0.004985698661014485
2015-11-02,0.0,-0.0005360566462273471,-0.0012810567986435409,-0.0021372504923737796,-0.0026421144820473878,-0.002987956604834855,-0.003318982302171498,-0.0036799998776893043,-0.0036862254617267927,-0.003814481116513967,-0.004083497861937709,-0.004209312935123154,-0.004134569398847028,-0.003934035180000143,-0.0037559546510162614,-0.003600315824916113,-0.0034285186895220833,-0.003305291097339042,-0.0033712595358215704,-0.003572925898182467,-0.0038157263976765898,-0.0038842192498515517,-0.003825688702804741,-0.0038867099874212957,-0.0041470262669414774,-0.004331406059936902,-0.004505850672345841,-0.004988223807907179,-0.005435904697477551,-0.005548168102469714,-0.005671672406252621,-0.005790200980199451,-0.0058351207422820996,-0.00580642177263539,-0.005939941368082241,-0.006001091807542145,-0.0061920550052707345,-0.006261959149241829,-0.006305651720824964,-0.006308148496862987,-0.006419261342059035,-0.006592821836130825,-0.006696473043666503,-0.00677390625755816,-0.006741433534642517,-0.006645270502011137,-0.006467955131175854,-0.006229503046118414,-0.006044772982397919,-0.00586007703757118,-0.005770237289161891,-0.00577398045087324,-0.005878794667769933,-0.005954916640164529,-0.006110922393973102,-0.006143374648596264,-0.006067238329600856,-0.005967396204877427,-0.0060148199711820656,-0.006378060757004918,-0.006534132542851602,-0.006530386534691646,-0.00647794389381795,-0.006158352967479994,-0.0055855920383244394,-0.0051104120752425665,-0.004765081729678111,-0.004458498411391297,-0.004160729001073142,-0.0036575880960637353,-0.002956850799680358,-0.0023498591831508076,-0.0016537651127381896,-0.0011469158038364129,-0.0008898625147778182
2015-11-09,0.0,-0.003520064505855085,-0.007053834295056075,-0.010563156939774292,-0.013951767538756986,-0.013120476150127446,-0.01244061000133693,-0.012094464822550575,-0.011761205756511482,-0.011292787896248699,-0.01081183496231838,-0.010062162908716322,-0.009418760216463274,-0.008838142147514296,-0.008449978215286987,-0.008112843311698028,-0.008045429968027889,-0.00806323682468572,-0.007994554981848657,-0.007994554981848657,-0.007984380295197099,-0.00814082754385708,-0.007758020290262801,-0.007515185350080194,-0.007534254023365257,-0.00755459434232752,-0.007377901635272411,-0.007674102072331344,-0.008011089068458392,-0.008178989122529847,-0.008346917371763607,-0.008908154959887478,-0.009313052442322263,-0.009342343838868042,-0.009355079496289163,-0.009385645735879989,-0.009050741661118373,-0.008680313060813342,-0.008638314355130917,-0.00867394950717591,-0.00854286931072431,-0.00855432223506964,-0.008411806294038711,-0.008129379354229102,-0.007941139031833246,-0.007880095725403569,-0.007819056145031703,-0.007979292990692706,-0.008075956202148626,-0.008017448405332063,-0.008129379354229102,-0.008159908151155146,-0.008199342559971762,-0.008187893700437019,-0.008199342559971762,-0.008111571319752375,-0.007663930645648896,-0.007067811503312333,-0.006624448005953119,-0.006011177343286802,-0.005267630999164403,-0.004566463393288798,-0.004034259333695263,-0.0035529853161151625,-0.002975762072929379,-0.002378636103359135,-0.002116873376497277,-0.0015733339609329399,-0.0006462068389592543,-0.00017034603630198652,-0.0001400601756323383,-0.00027887790313139033,-0.0005893945750699664,-0.0013724255763755534,-0.001815994124150002
2015-11-16,0.0,-0.00047322141520114415,-0.000989249250872237,-0.0018193224753581016,-0.002544102021018393,-0.002855621456339556,-0.0031478399136952483,-0.0035022370284214324,-0.003707948431574659,-0.0041324427978684415,-0.004281317338978668,-0.004327926098585738,-0.004096198438392932,-0.0038968779394317043,-0.0034996497330764538,-0.0033327833221862588,-0.003123269587277248,-0.0029448295407196933,-0.002485945241956905,-0.0019355618977016343,-0.0010357048200001664,-0.0003855231590505726,0.00017272804656591262,0.000541286651555467,0.0006520854076306873,0.0006598150952998175,0.0009161492224398088,0.0009676657399345044,0.0011685548034885028,0.0014685255167520026,0.0015933795053235183,0.0016268428738779714,0.0018867893675439964,0.0022830134091185255,0.002940039009821216,0.0034823063171952203,0.003975488469374511,0.004349066134545385,0.0045017948123466985,0.004444043012880794,0.004598040400362672,0.004785371914818633,0.005057325078976585,0.005186861665227411,0.0050893901531234974,0.0050457814005833304,0.004916226536803504,0.004673747087031727,0.004596757186785393,0.0046121556410375405,0.0044940947651197,0.004700692151820216,0.005120171657033274,0.0053420269710893,0.005802251822764923,0.006167460626946652,0.006225112984527703,0.0063852409847878966,0.006920522859325323,0.007135579376494542,0.007516934933742835,0.007832914752041835,0.00788663418314043,0.008045217573397313,0.00842622645883775,0.008822423990214072,0.009181422299367673,0.009390884900841655,0.009278495789184901,0.00889270070801351,0.008114270222233252,0.0072699662175374205,0.0066772484356141856,0.006159773394798605,0.005984232179641032
2015-11-23,0.0,0.00039088089389348926,0.0009088491210606669,0.0012892003590207306,0.0016935623880700028,0.0018715315820721514,0.0016770350700020277,0.001407474096729485,0.0013540618828695992,0.0010309843503558964,0.0007497965143938509,0.0007752466315294889,0.0007485239915345854,0.0005729003042839962,0.000604718477427193,0.0006556254487660864,0.000353963825537177,0.00019100323872233492,0.00017190455646698153,0.00027248685164874817,0.00036287496681902703,0.0006848957838560716,0.0008744958999657032,0.0010729648904736124,0.00125994770704312,0.0013477030959481622,0.0015460782010317416,0.0017494989763340003,0.0019274582165109747,0.001975755974741798,0.0021180936940964883,0.0021968790776693936,0.0021676529660428004,0.0021473212541626204,0.001989736469410089,0.0018206864727889453,0.0013845834972619237,0.0013578771356141496,0.0013324418423630454,0.0013604206293573438,0.0012167030887656697,0.0013337136223908676,0.0011594646889066342,0.0008897641439271069,0.0006365356382064592,0.00044307166517669624,0.0002508434145428469,-1.2734846488015232e-05,-8.787374204526481e-05,-0.00022543075518618986,-0.00013627127429002817,-0.000227978285737528,-0.00019740834744806773,-0.0007108525051142212,-0.0010639186717238218,-0.0016466867344201524,-0.0020115678267837896,-0.00253360475264821,-0.002506794262595447,-0.0026395770582258653,-0.0025080709362986964,-0.002449345632825211,-0.0021391800491452184,-0.002167256923629239,-0.0018954548551118687,-0.0014579194099936673,-0.0009185983676721246,-0.0004814900298482652,6.367179990871305e-05,0.0003832429915668282,0.000269940589243709,-8.532656838907561e-05,-0.0003324326265471964,-0.00044709019547372524,-0.0005897935320434125
2015-11-30,0.0,-8.182796116345742e-05,3.9023284947399324e-05,0.0004857943021000919,0.000924819773257733,0.0011939263410819204,0.001511982305269458,0.0014466193775904356,0.0011901543195487227,0.0005965123084840017,0.00023411687070029827,-0.00010952509551902637,-0.00045454460387634886,-0.0009559164584448957,-0.0010705870483994193,-0.0011940931602185778,-0.0013340011614828918,-0.0014335872490105843,-0.001306270092347524,-0.001306270092347524,-0.0012810606968044584,-0.001092010484505188,-0.0009445761256059555,-0.0009407960432378655,-0.0008740169440630868,-0.0008349595378606043,-0.0010050593868817365,-0.0011184753627778235,-0.0011852707892062847,-0.001337782730493674,-0.0014108958756394614,-0.0012684562373465292,-0.0011323381975889872,-0.000919375846385405,-0.0007253549645943656,-0.0004910682343544176,-0.0002467631237624578,-1.63650565762397e-05,0.0001158065930490772,0.00038387257412410714,0.00048076137416926796,0.0005675758309697228,0.0004606294091376241,0.00031340209556265307,0.0001485321127898628,-5.539050306059949e-05,-0.0004671388085273092,-0.0007480307872553865,-0.0008992160802380443,-0.0009395360189572413,-0.0009344959377111852,-0.0008954361693305603,-0.0006875630694397946,-0.0005452264178267272,-0.0005830129340907792,-0.0005540431439118024,-0.0004369129838322136,-0.00033490756990098205,-0.00021528484723336834,-2.2659380417855248e-05,-6.168507254669057e-05,-9.819435692466006e-05,-0.00023165342736641823,-0.0003235742772833807,-0.0004041693713526004,-0.0001989165350262374,0.0002995590965647178,0.0008896042099873422,0.0013359954585748686,0.001083274463093566,0.0008040755358184116,0.0002492193029472171,-0.0003613524188551809,-0.0011701469056952702,-0.0010479039104131492
2015-12-07,0.0,0.0006481476360632429,0.0015484397146677707,0.0022557928850913058,0.002587512663050427,0.0024299915078257214,0.002153308930145838,0.0018522015574671136,0.0017970955007208052,0.001635604450947231,0.0013894726922983013,0.0013625483554526063,0.0012548437582855316,0.0011971400947922257,0.0012099634188800286,0.001116349371575049,0.0011073722216277697,0.0008508481723742112,0.0004402727708503641,5.263755896453692e-05,-0.0003415695281283719,-0.0006408597757483327,-0.0006203047911638128,-0.0006305822306426488,-0.0004841386888622381,-0.0003916590792658562,-0.0005046908747164127,-0.00074235620579479,-0.0006704083063213223,-0.0006395750768335241,-0.0005419427882166465,-0.00034413816202612544,-0.0002157145488567541,-0.00024653471192348064,-0.00035055977563632753,-0.00044175113949204226,-0.0005316662596791502,-0.00046615587272713784,-0.0004905612015675512,-0.00048156969532967356,-0.000954375653269741,-0.0014736919156832383,-0.0019521128271720507,-0.0024204667774980647,-0.002983038763248916,-0.0031285608368217697,-0.0030100810864179053,-0.0030255341708537806,-0.0030654557442843155,-0.0030268219386693014,-0.0031234092514213427,-0.0035562349659643212,-0.0037675631904082506,-0.003897732675127388,-0.004044677006691884,-0.004009872450385342,-0.003980225080072586,-0.003996982181378118,-0.004221296573118118,-0.004430186247893878,-0.004497246506719913,-0.0043914996825725255,-0.004458557347030786,-0.003972491128023148,-0.0034364162399579197,-0.0031723503842638677,-0.0031530312299012037,-0.0031234092514213427,-0.003223869953983681,-0.003350104118526327,-0.00342353336078882,-0.003235462222970896,-0.0030783340111787583,-0.0030667435635103905,-0.003046138654905386
2015-12-14,0.0,-0.0007342917178636526,-0.0014203809245181317,-0.0019421764399557774,-0.002779462758364643,-0.0026581116988341224,-0.0025591950992951383,-0.002497212350261381,-0.0022321805284094822,-0.0016272218257380087,-0.0006803200266607568,0.00015521128496123466,0.0014892975123174238,0.002460811233245359,0.003329123024831837,0.0038796250441345223,0.00422942954367201,0.004217640373334568,0.004125942081609608,0.004321118346699506,0.004239908689516807,0.004463874176192965,0.004335525822869978,0.004205851064011171,0.003810173638141683,0.00357557568095131,0.0034602224245844984,0.0033710767027333418,0.0032701226872017247,0.003207185156613697,0.003289789853196428,0.0033841868661255103,0.0035310089547237935,0.0038691421221248665,0.00412070192524328,0.004213710619003173,0.004125942081609608,0.003912383467147115,0.0036594606013752753,0.003537563009619388,0.0035611572515767053,0.0037656173661837025,0.004271345468192764,0.004909036707144427,0.005470444455052358,0.005985772196581845,0.006334840860101594,0.006381896977143855,0.0064015030390775505,0.006367518954082704,0.006355754963266377,0.006427643857051403,0.006576633472489433,0.006571406142439672,0.006532200296058796,0.006610610451782419,0.006716454410445245,0.006698161193700105,0.0062851681119987365,0.005814461729943382,0.004885474246332398,0.0037747908785840945,0.0027665114958649855,0.0022153961951588536,0.0014065439464780892,0.0009861026082738933,0.0008796503529955209,0.0011661256963925576,0.0015996249484984686,0.002652376836521449,0.0037367857793436437,0.004787291349844992,0.005637889698886789,0.006130905428489507,0.00665373341692421
2015-12-21,0.0,0.0001765105669347955,-3.736754654791283e-05,8.632657865425758e-05,0.00018810506109604515,0.00027183908324432887,-5.798472168648506e-05,0.00021773482432424943,0.0003787507968125347,0.0008449068464815056,0.0017649914562218791,0.002545434393965538,0.00351274937407019,0.004177637041537684,0.004576614074861825,0.004739494624142194,0.005065176154082589,0.005380498920307172,0.0056803478448275305,0.005850734732367265,0.00609281353724465,0.0062567278104470395,0.005987791834797577,0.005700847051765052,0.005507369053517922,0.005263866719818667,0.005125428431669148,0.005169012922775759,0.00520618642883764,0.005281811020709102,0.005290783050406759,0.00537280930398045,0.00545867333001794,0.005581689533713749,0.005778996423439143,0.005918625177709888,0.005957051688933245,0.00589556856218941,0.00580205572684428,0.005727751623173743,0.005770028772957146,0.005990353470966009,0.006224715415244878,0.00654863357304963,0.006695834421192123,0.006819978292580017,0.006747029637522524,0.006850691923803779,0.006953063882166397,0.007104043394021755,0.007235811965105357,0.0073534934857887296,0.007284421228505556,0.007294654456564691,0.007466045461258734,0.0076591449061544845,0.007918683427666351,0.008158984162634761,0.008192212698281688,0.008156428075696954,0.008318726632554506,0.008445224563076654,0.00861130865822327,0.008885925680967594,0.008947225231456812,0.008915298851133001,0.008934454801642278,0.009012351886862016,0.009072366813996978,0.009146422823356834,0.009276645951934467,0.009373663925866664,0.009405575675839542,0.009411957903632983,0.009433657173453366
2015-12-28,0.0,0.0006187297434766823,0.0011837642795795092,0.0018892916588158482,0.002762897226332611,0.0030138067747572305,0.003258319647424316,0.00357622366208832,0.0037775528150397132,0.0038193330321129367,0.004020613250934703,0.004183886306497014,0.003995297211830113,0.003823131147108603,0.0038256632157579917,0.00372184314344643,0.0036686628343295725,0.0037724884276850875,0.003891494750352857,0.003913015658232124,0.003918079333954226,0.0038522495494976382,0.003800342240747092,0.00372564162873703,0.0035787563560008067,0.0035015063057815183,0.0034799765399296054,0.0035002398617979473,0.003586354399251485,0.0037307062533471695,0.003834525405541862,0.003980107280728944,0.004126933617080684,0.004231977162789293,0.0042825966183878015,0.004396481025837495,0.004444561659600125,0.004449622644467675,0.004472396759409758,0.004555897410383879,0.004505291787582165,0.004342071204724971,0.00421552528800281,0.0041294649165991735,0.004078837708767524,0.004090229054003209,0.00432688654022342,0.0045976451213818525,0.004808887117582054,0.0049758252699137456,0.005107332673717275,0.005162965215734243,0.005146528650444925,0.005211009011456211,0.005272956814762574,0.005248936693484979,0.005267899995072213,0.0052881271204064705,0.005291919660858794,0.0053184670412974215,0.0053854644391690635,0.005449929395851192,0.0053791441216867785,0.005271692612237358,0.005447401436622175,0.005703956709576801,0.006143612673239089,0.0067989475835524334,0.00742357810967965,0.007375640499208966,0.007404655643223881,0.0073314854037985315,0.007139703509692551,0.00692516702126114,0.006899924408194898
2016-01-04,0.0,-0.0012383450549225087,-0.00240257901598731,-0.0034141937502364804,-0.004097170672345532,-0.0035845787007352968,-0.003217340623484814,-0.0028224893278028353,-0.0028224893278028353,-0.0033649768355086757,-0.004068125189010898,-0.005183825147371814,-0.00631849055866017,-0.007002188071944751,-0.00748105461161886,-0.007955079573979592,-0.008315184515493023,-0.008661464012167518,-0.009219822655345041,-0.009544829386860843,-0.00989407543170691,-0.01004778234088088,-0.01057386740343091,-0.011191798878474601,-0.012180520282761344,-0.013097583452437491,-0.013732377853911864,-0.014112427545519156,-0.014322919887883315,-0.014487517494954702,-0.014973812846632831,-0.015488445735114409,-0.015858941027674555,-0.016131150894215403,-0.016154157940763386,-0.015548482204093897,-0.015275153816217657,-0.01496870615507952,-0.014879343274062944,-0.014904874710922425,-0.01519725613414504,-0.015314743488426626,-0.015572753289121336,-0.015743945039630003,-0.015852552014732225,-0.016072357513310622,-0.016437955045636696,-0.016793454225210752,-0.017110696877564,-0.017548349887143665,-0.017733962360834635,-0.017785171865329866,-0.018130904630154154,-0.018307658658172486,-0.018698421541183882,-0.019098310807948087,-0.01960865817579754,-0.019733078802332583,-0.019889588583230398,-0.019757451666100326,-0.01952785719434221,-0.019273953748098403,-0.01896756018381223,-0.01899960532388105,-0.01921369320456854,-0.01962918009962599,-0.019965286527938993,-0.02014621499945221,-0.01985623198580559,-0.01963815857373436,-0.019472711066708587,-0.019544529878138116,-0.019883173766543413,-0.02028995456414323,-0.020535129528514932
2016-01-11,0.0,-0.0022971247207917186,-0.0047598460603469625,-0.007322956732665982,-0.01017369918402191,-0.010326908826403943,-0.010532113292053395,-0.01048946993708084,-0.010199010462795767,-0.00951716198785029,-0.008906290452169244,-0.008306429160414155,-0.00789697447388224,-0.0077135718767594496,-0.0077281896906921995,-0.007690981130061225,-0.0075062876973807195,-0.0072007547592177696,-0.006908593186478812,-0.0065634213405777134,-0.006258176299434773,-0.005905269926077531,-0.0056519440275876725,-0.00539868228685607,-0.005193202879478249,-0.004773095779121933,-0.0048897008748967265,-0.00503282571445691,-0.004884400348289462,-0.0046366320832215285,-0.004501511627103649,-0.003996958387689429,-0.0034754570343941984,-0.0032386211083204964,-0.003504569231480617,-0.004056538033446683,-0.004861873423644388,-0.005543205998609165,-0.006194484736422188,-0.006446620928457915,-0.006450602536085094,-0.006311255700923911,-0.006300639595229884,-0.006118856273813381,-0.006083034261448359,-0.006117529509731233,-0.006101608478048019,-0.005990168353119801,-0.0058230314477083385,-0.005594921391574879,-0.005271412644736235,-0.004799595743348536,-0.004426011088298584,-0.004236622541236589,-0.0040538899738123,-0.00355088583724915,-0.0033484319097123404,-0.0026447933286951413,-0.0016946092003425608,-0.000870702117912482,-0.0003270840094313851,0.0006011334710470687,0.0010319870751090323,0.0008778497727205358,0.0010082751903160293,0.001018813875193731,0.000638033402390787,0.00022942251552970688,0.00027292774506286466,-0.00030861674002770464,-0.0008799409015343472,-0.0015387542032895198,-0.0020843529982758485,-0.0027016479837513496,-0.0025548902388768282
2016-01-18,0.0,-0.0008946572075478954,-0.0007519965593036316,-0.001070992357859421,-0.0013793170598704449,-0.0015597782329268596,-0.0013833568790211932,-0.0021552617373083414,-0.0027537969615837985,-0.0035969371893196794,-0.004561011327562562,-0.0047839338426463925,-0.005015015080891704,-0.004482662488773901,-0.003746753260005504,-0.003035663947857658,-0.0025272820409675146,-0.00169581900226549,-0.001306603105761333,-0.0010427227981827708,-0.0007022047094116468,-0.0005999373339609391,-0.0005784086927941114,-0.0006887478782529139,-0.0008865815330944799,-0.0011463817576069942,-0.0014439561247812718,-0.0017860740806903929,-0.001988167227456531,-0.002043413128999429,-0.0025030156281082576,-0.0028765139702478185,-0.003359436985788526,-0.0039978467328943635,-0.004478610129591708,-0.0044637516197513485,-0.004377306486693666,-0.004502924531012747,-0.00439621572101872,-0.004247652796919152,-0.004084259068309027,-0.003931692335256759,-0.0034592881536578348,-0.003193490208451564,-0.003054547829521044,-0.003020826862427433,-0.00333784885494191,-0.003742703881888651,-0.004262508096175979,-0.004832578087028436,-0.005571991631977993,-0.0055368334539795065,-0.005292112694691559,-0.004759612607775037,-0.003723807000818291,-0.0028778625924615314,-0.0023452982963316125,-0.0022563405175217203,-0.0023318193363140024,-0.0026634545029265034,-0.002953388339359478,-0.0034201561025463526,-0.0036630694444065616,-0.004112614742990405,-0.004870414135328,-0.005415141612726353,-0.006019690353099895,-0.006803307251923492,-0.007475080867816531,-0.008400863155531027,-0.009410305049776328,-0.010635485788131262,-0.011327520281513506,-0.011779164437134202,-0.011870334234140441
2016-01-25,0.0,0.001195510456523965,0.0026634001355116408,0.004181398493303478,0.005833556715796668,0.006201372688907834,0.006293639833111273,0.0062040472186921216,0.006004775162862273,0.005916494311991754,0.0058054633897657365,0.005915156663403939,0.0060475751944338105,0.006023500402077687,0.005693082192627106,0.0055820264605989005,0.005603435754106404,0.005598083473700534,0.0057385713414661145,0.00591114370690508,0.005929870699457572,0.005888403315889858,0.005620830467585826,0.005179178682758423,0.004627509199119864,0.004066154376655972,0.0036908489339407967,0.0035366648123206948,0.003551413886984096,0.0037618997010845875,0.003836966725248492,0.0037149799492678885,0.003681464492941856,0.0037940719728787008,0.003777985966363418,0.00393615379348072,0.004114397716069372,0.0042108774131979195,0.004206857611655546,0.004245715016374385,0.00426447322309031,0.004182738463060277,0.003930792581846769,0.003765921291663854,0.0035433689641349215,0.003399890303657738,0.003277850195225706,0.003268461877645819,0.0031544538446502627,0.0033127203174356462,0.003310038043511269,0.0033757516836077878,0.0034964389575494513,0.003390503131764392,0.0027653874113455212,0.0019612844294188223,0.0009992704678299183,0.0003457556510670181,-6.728153016887826e-05,-0.00014398799676336248,-0.00014937112764612588,0.0003067464051982176,0.0006981150505373685,0.0007129060503486825,0.0008003029472767469,0.0011498141728334486,0.00118475857763303,0.000840637400568795,0.0009280231353736229,0.0008218148581537203,0.0006308804758043167,0.0005111917470450033,0.0006873578223522558,0.0006671877076037147,0.0007250076147450855
2016-02-01,0.0,-7.665630488648522e-05,-3.436244449468573e-05,0.0001889723412227757,0.0005179368787738755,0.00028806943465400453,0.0005126531630536403,0.0007200180513738224,0.0007926516328158946,0.0011623408208449723,0.0016295380419970437,0.0018274371457642057,0.0020767342676735836,0.0025355950352182687,0.002799212875236927,0.0031905571874566263,0.003622570997543497,0.003725278526095781,0.0034803431562039446,0.003248521099667846,0.003036409528186491,0.0028637886486695976,0.0028242529558410072,0.0027280429068247433,0.002501319611089517,0.0023523396947569683,0.00224157917865794,0.0022956423917534215,0.002493409730990216,0.002800530789847972,0.0028756490517257774,0.0028440209976390678,0.0028334780906432645,0.0026924560230920957,0.002383983303344093,0.0021624570126738247,0.002031891750629049,0.0018788844983145488,0.0018129258754538333,0.0016849537389030953,0.0012916997551078036,0.0008666004048377377,0.0003528075656337344,0.00014536650886960947,0.00019029370039930246,0.0005060484791438509,0.0006988872915902354,0.0009893961066143582,0.0010303246565941712,0.0009590286805616077,0.0009577083367704408,0.0008415112558272734,0.00046377746912455074,2.1145532808662064e-05,-0.00019958299116905494,-0.0004216824133015588,-0.000486470704361077,-0.00020619238086456315,-9.119523253497853e-05,1.3216010403896278e-05,-0.0001546402997023806,-0.0001268825875176119,-0.00032913499259824174,-0.00023395229462560757,-0.00025510322235899397,-0.0006980535431375437,-0.0011954495004090411,-0.0016494069116478412,-0.0021366808619319613,-0.0024228001067274877,-0.002099597323310534,-0.0018241626512300413,-0.001446887329099083,-0.0012549948518202332,-0.0014429167668476809
2016-02-08,0.0,9.341628706400378e-05,2.001851044997246e-05,-0.0002762963756680804,-0.0007730209414330955,-0.0010254836227121136,-0.0014758001547336163,-0.001871497750686567,-0.002130925059673895,-0.0021162134637931177,-0.0019303310332261907,-0.00143169491963535,-0.001215206520964407,-0.0009493373711081497,-0.0008264468797387782,-0.0008050761618956458,-0.0005126103592792604,-5.071535341676575e-05,0.0003789491146048021,0.0006537308249425688,0.0009977684431151238,0.0011737419302306682,0.0013283597379780692,0.0013030360445294307,0.0012590512632568007,0.0009204369656986728,0.0005350237185822907,0.00020016707345172868,-7.874336274259459e-05,-8.675150969750723e-05,5.738532445308327e-05,0.00010942963151834833,-6.67292587115026e-06,-4.9380705900579484e-05,4.003662016720634e-05,3.20294243671702e-05,0.0003095748041511728,0.0007004095347247749,0.0010430979083419748,0.0011137544476005705,0.0011150875418657086,0.0007817586498314572,0.0005216849608206199,0.00037094463209474114,0.00031757977790805575,0.00031757977790805575,0.00034826491703097566,0.00037094463209474114,0.0003896216582857435,0.000238861419478874,0.0002735516292380417,7.339924588919585e-05,-0.00032302070015971274,-0.000700900452104405,-0.0007690141111230043,-0.0007075780566873952,-0.00021088598887582626,2.669125821411797e-05,0.0001374523672998209,0.00012811154262495333,-8.007516388683099e-06,-0.0005152808928785549,-0.0007035714885867329,-0.0011978360263524973,-0.0022834034354593433,-0.003761240173253315,-0.005003830201404243,-0.006732886967461848,-0.008084114066904716,-0.00959211348019307,-0.010790709015500005,-0.012375760719761519,-0.013185457114349597,-0.014330153008704936,-0.01511027087856624
2016-02-15,0.0,0.003048134594188719,0.006041548194403801,0.00952587968882946,0.013524183972284385,0.014362786810524678,0.015085253368019028,0.01614477150602786,0.017034574465662443,0.017232669244124352,0.017693333704564614,0.018034481860935127,0.018271672680657262,0.01830394873919194,0.018615429326788578,0.018859494956406236,0.01908947930726524,0.01920585367110575,0.01938109071470237,0.01953667547191521,0.019865986772861107,0.020233006034285347,0.02067689131193407,0.021004427903778745,0.021650787884422335,0.022096840362410244,0.022271571573833096,0.022393166479855196,0.022552475359146458,0.022537104555986995,0.02252313089354576,0.022432297327825597,0.02199198697880052,0.021741692461950034,0.021468953934683642,0.021375226601416615,0.02127729313733373,0.021638200445427344,0.021916485734392203,0.022190500088307398,0.02230092342212803,0.02267263894944401,0.022813742871319334,0.022843078810431152,0.02276764179960103,0.02279278810218755,0.02273690657101915,0.02282910942294668,0.023041423055676052,0.02338633659681224,0.023972556264520314,0.02403953092161428,0.024015811243559004,0.023953021144560355,0.023898599869456322,0.023648782172271732,0.023858130847440602,0.024040926179273024,0.024378521305485422,0.024537514239002824,0.02424042798347298,0.024068830923639425,0.02399627696858001,0.023763231545297865,0.023806495579424512,0.024285066294589815,0.024590506266504053,0.02449986030238396,0.024402232381836857,0.02410650109340374,0.023717174226258214,0.023415655743403742,0.02328022202369114,0.023047009647855048,0.022921303774291864
2016-02-22,0.0,3.329139542579836e-05,0.000492322210554946,0.0010869460799767191,0.0018833819677832185,0.0023277252157129736,0.00307200755718039,0.0034467058844783235,0.0035932286641946,0.0038143544718593973,0.0038751554977570577,0.0035420863593379204,0.0033513163113157137,0.003403850825120781,0.003417675238482136,0.0034066157230823353,0.0035503798837542176,0.0037176179475271274,0.0036816848549417443,0.003508911573830587,0.0033914086896909023,0.0032213506552487095,0.0029254083811925033,0.002684717847191506,0.002525608967265978,0.002437050450784613,0.002366474767676143,0.00247302829397227,0.002450888235964405,0.0022322288386208322,0.0019498383737898872,0.0017546101118711872,0.001577348607758784,0.0015136375788039802,0.001767072629119879,0.001897227416576856,0.002138107543885221,0.002337412744472849,0.0024674933254247126,0.0024162934139754615,0.0025574327685663405,0.0025837212318759084,0.0024785632318841204,0.0023318770252445118,0.0022682140514702323,0.0023346448886893143,0.0023554036203315095,0.0024744120313223723,0.0027732544343022827,0.0030471148723095324,0.0032420909883529823,0.003576642257307537,0.004020233919807111,0.004394577183133522,0.0047273625513816345,0.004843328109740624,0.004953758997372131,0.005138703417960699,0.005133183184233987,0.005055896712226323,0.005156643967121231,0.0050973009222122145,0.004619668204402187,0.004150095796687081,0.0038309369364562217,0.0035503798837542176,0.003327813135275088,0.0033319607947164746,0.0034909414388123445,0.003594610852350547,0.0035420863593379204,0.003425969794764788,0.0034010859195147663,0.0034909414388123445,0.0034135279345407937
2016-02-29,0.0,-0.00021486235729754817,-0.0003159063122154501,-0.0005749670335114058,-0.0009594115586305387,-0.0009209604545451234,-0.0008227032384347762,-0.0010334697028527393,-0.001457985647094849,-0.001855598549812647,-0.0020794144115933544,-0.0022947240697762756,-0.002504374702740483,-0.0023132628304034755,-0.002194905881393406,-0.0020893946293759798,-0.0020081300382383703,-0.0017330200103106428,-0.0016389582972065047,-0.0014679596647789092,-0.001537780574174721,-0.0015363556089260546,-0.0008241271871155611,-0.0005294130327946149,-4.5529889669113374e-05,0.00047936082349509196,0.0003030055182990066,-0.00021343927591365193,-0.0012656490489078743,-0.002512932805124116,-0.0033462721323122206,-0.0027896842584089676,-0.004428937594489945,-0.004882062412398698,-0.005153749864826518,-0.005937767393727217,-0.008528821114365823,-0.01115681890542087,-0.01299866149858996,-0.014822242165004964,-0.016430732099612547,-0.016814087534826532,-0.014171200005436408,-0.011899484042211913,-0.008989550409612487,-0.0055342363485578515,-0.003407658478723055,-0.001304113409189707,0.001349304332035233,0.0028769802621477227,0.0035038443878976557,0.004919224662224764,0.005090521171946238,0.004501477925371714,0.0028102996445469246,0.0018180776461106986,0.001353566897545562,0.0019913260976033584,0.001722920235087436,0.0027719917469435588,0.003275552499421325,0.0036753834981721753,0.0028032057001506185,0.0025421135388108574,0.0021361501295587264,0.0014743320372010238,0.00025464459789593155,-0.0008355188495579931,-0.0020794144115933544,-0.003293454338699021,-0.004050299899798962,-0.004985008971786733,-0.005379735657289082,-0.005923454997044522,-0.005811825332633416
2016-03-14,0.0,0.0018785086396886101,0.003639558085926152,0.005273179806515088,0.006860556204554521,0.007096927080801645,0.006852632190565967,0.006485417339335547,0.006141856913588467,0.005946239018156754,0.0055800134706913175,0.005478186873363731,0.0053657688474778795,0.005281116345945828,0.005005946214985426,0.005053577233372207,0.00486833274982,0.005099882992957042,0.005253338182358593,0.005345929060371293,0.005295666504642107,0.005373704652108979,0.004992714973908073,0.00471746546113517,0.00447655997301666,0.004440816302786552,0.004324309545925039,0.004336225632840987,0.004210437553810074,0.004072714564844625,0.0036302835715627483,0.003285740663949346,0.003028581292652138,0.002870806474113852,0.002649349405048432,0.002567119325239056,0.0023960060338950756,0.002230170644375586,0.0019568139015103928,0.001644883628006619,0.0014815791956542892,0.0013209040943058814,0.0011150428931687927,0.001084492136072327,0.001368710954599358,0.0016979850144964311,0.0018546176780364885,0.002029804810193339,0.0021439253720557856,0.002151886785737504,0.0019395607264279797,0.0019408879043104038,0.0020390941800356058,0.0021465791836590433,0.0022699736460580293,0.002575077370424644,0.0026201717636077934,0.0025883406383350916,0.0025777300380800897,0.0024901882898949804,0.0022540526354978877,0.0020815587718711545,0.0018758541165803256,0.0017285170349550952,0.001134966797138969,0.00079222033184388,0.0007403995970275264,0.0006659856401239504,0.0005477092066983794,0.0012664546084748395,0.0017232071853167587,0.002102790391592376,0.0023548814216711148,0.002502126252283999,0.002153213681855579
2016-03-21,0.0,0.0007870307210255247,0.0018831111294721672,0.0027591112746641468,0.003642202623254197,0.0037391117461454235,0.0036552989994870994,0.0036199383900235266,0.0037076827893351674,0.004121418289945708,0.004609563120297935,0.0050320805586980336,0.005266154232820637,0.005438732128635497,0.005434810234465053,0.005377287352761955,0.0054335029329901745,0.00572106809462297,0.006000711250872287,0.00622410823150025,0.006324685900077134,0.006366481436319876,0.006327298172270766,0.0061823067441450635,0.005936687711093385,0.005887033980520022,0.00567140365631082,0.005387746304644482,0.005271384303635771,0.005232158105760888,0.005114470279122892,0.005206006452321071,0.005292304313364413,0.005374672597699262,0.0055681460081277905,0.005730216537917269,0.005787719122282256,0.005847831925281863,0.0058243099544533035,0.005757661365647238,0.005643956461118505,0.005446575870832482,0.005361598719829995,0.005113162558799981,0.004800568344740563,0.004712919791834015,0.004821498206159557,0.004771789070002554,0.004901289284382264,0.0047992602138567896,0.004686754555750322,0.004296811419696492,0.004049419667051798,0.004055965210616678,0.004508812791956354,0.00479533581093842,0.005396897797808588,0.006038600802832879,0.006430477465975846,0.00668903196495871,0.0069240235128718375,0.007226820076356211,0.0074408106224442385,0.007796925065474194,0.008370615632525221,0.008997387407138234,0.009343832699598775,0.009697968475309264,0.00988409986508313,0.010158678028214652,0.010619175425566242,0.011421287219508764,0.012098096524776404,0.012756279535091002,0.01294314012206553
2016-03-28,0.0,-5.1839995852519935e-06,-0.0002527512636436322,-0.00021126975142925168,-0.00011275805567811225,-0.0003875780632670513,-0.0010152805114255988,-0.001433102574615829,-0.0019251106981313373,-0.0022212111354844117,-0.0025589765606099345,-0.002631740971568767,-0.0025927593786719584,-0.002409566243874472,-0.0024550365858518543,-0.0023602007848761448,-0.002300445857999706,-0.002312136758387544,-0.002553779305280502,-0.0026616278885729567,-0.0028461668989539354,-0.003232249472121808,-0.003472813980654662,-0.0037368513740454645,-0.00398274197738462,-0.0041844434273908635,-0.004183141997314546,-0.004343230606050317,-0.004433047633206244,-0.004534589639789581,-0.004461686642402518,-0.004431745879548814,-0.004276849292235563,-0.0040582125952775515,-0.0037810812026490767,-0.0037602669219703997,-0.0037745766933979536,-0.003928094395721651,-0.004121976694159494,-0.004298975907235371,-0.004548910495968612,-0.004913510449223999,-0.005170112248277414,-0.005375962298968535,-0.005557093273446654,-0.005558396492854709,-0.0054619628436916685,-0.005561002936766084,-0.005717402004946474,-0.005630076175930884,-0.005614436534130502,-0.005859485695085813,-0.005946831560650876,-0.0059807290260363,-0.006395414099534782,-0.006908139953128159,-0.007287961389412345,-0.007746288555539517,-0.00839169768108596,-0.008851838633513383,-0.009526746349809542,-0.010147121369379031,-0.010766571466814687,-0.011395581425910784,-0.012135174054256228,-0.012736167942995574,-0.013394000938856341,-0.013750015185813856,-0.014211314362275615,-0.014751738707146585,-0.014738586229153654,-0.014371701816639406,-0.013940554577124087,-0.013239023265838043,-0.012343775109431928
2016-04-04,0.0,0.000887943188560527,0.001678144731061536,0.002320450747978255,0.0028926214409386013,0.002722166895071282,0.002589140512385756,0.002427676954682724,0.002355332823956137,0.0026950464473497813,0.002992039843366727,0.0031146852929548243,0.003228280290766245,0.0031288853733790864,0.002790610468859967,0.002403132211228941,0.002118886036625269,0.0016212607330320186,0.0012967014874533747,0.0012229821189491774,0.0009578061278521794,0.0008271325831724236,0.0009215815093387452,0.0011156266526095998,0.0011686591065437246,0.0013212734026608341,0.0013768812971855474,0.0014570546786314682,0.0012385024376333918,0.0008025485228289397,0.0005385552608883949,0.00025377851745679293,1.2949518246496148e-06,1.6834242922528452e-05,0.0001605612395669138,-2.0719457254519146e-05,-0.0001502257922379233,-0.0003056555363636864,-0.0005362541610486766,-0.0006360239779112571,-0.0008135611234895563,-0.0010727960449220559,-0.0012620799817632843,-0.001276342551787925,-0.001167433534791639,-0.001193363177301117,-0.0009379854989036117,-0.0006386155343612674,-0.0004844296130442943,-0.0003367443844079504,1.553931122036888e-05,0.00023435896779567327,0.000450542017427073,0.0006912657428183466,0.0008672421210316509,0.0011298551480177462,0.001313513915717948,0.0013833471307511636,0.0013057543685651787,0.0013316192915925054,0.001414382549925837,0.001502311007251843,0.0014893808366380032,0.0015100690293699053,0.0014441239228285528,0.0013419650734880879,0.0013639495046321737,0.0016859013891828921,0.0020762421409309282,0.002509057846365076,0.0031366307868035993,0.0038115422383629342,0.004232002403377694,0.004600726840190212,0.004745085385822504
2016-04-11,0.0,0.000250045479150919,0.00029898886423069176,0.00046564296609286385,0.0006454924220040744,0.0005410249843432592,0.0005106083625829347,0.00018257904863520837,-0.000430118633348289,-0.0010511392059096313,-0.0013810062883649267,-0.0017547221414470338,-0.0017096567966894084,-0.0014499079299739206,-0.0011849275965885345,-0.0010895518624873134,-0.0008935303047862004,-0.0007293256047198758,-0.00043938476253555176,-0.0002606959803403119,-0.0003454037188398857,-0.00047909771730358106,-0.0005611761552117934,-0.0007822919168335718,-0.0009133956048091985,-0.0007915613098936795,-0.0007068157715630772,-0.0008352610345261996,-0.0008829356394649637,-0.0009451809056994595,-0.0010087545385566135,-0.0010405428706520873,-0.0010325956928934686,-0.001289586438667077,-0.001497611847667122,-0.0015068878737115442,-0.0014220816955306918,-0.0013068098293568273,-0.001047165567029859,-0.0009332612994701813,-0.0011133949432263147,-0.0014803851704343308,-0.001992011424044469,-0.002507879004720688,-0.002884670260191831,-0.0032549661626991087,-0.0035775937079322,-0.0036639109050936743,-0.0031235551466830304,-0.0025065525257463054,-0.001220695842206231,0.0007420159232376378,0.0025992695190613963,0.004040686973189466,0.005185218798299246,0.005818165607817477,0.0057787003878528925,0.005954966313080637,0.005958912209578555,0.006085172677199289,0.006219306958966558,0.0060891180599506115,0.005866837234176309,0.005856313840013172,0.005961542798593659,0.006848971542078182,0.00799817126744979,0.009353185913613919,0.010838573979037423,0.012466820286300565,0.01318789409044499,0.014035013836244904,0.014637611284179845,0.014767995840574618,0.014590668681934123
2016-04-18,0.0,1.1464595736123078e-05,0.00032223244955766024,0.0006570913249509083,0.0010274699490472228,0.0011025471736430148,0.0013735417827632512,0.0014994720290214976,0.001724580530361641,0.0019127679554192855,0.0021619346466815403,0.002529215167341423,0.002924304127838682,0.003259562661022729,0.0036162863670644446,0.003909440831742511,0.004329352250559511,0.004646389049773685,0.0047123200783342895,0.0046780872022177955,0.00474781960099617,0.004683158813367355,0.004608349940492875,0.00474781960099617,0.004977268259696433,0.004995013476410552,0.004910087086624589,0.004556360817620088,0.004259590663924233,0.003955119502602604,0.003913247467342785,0.003995721013999509,0.004255785346500525,0.004339498985023158,0.0043433039839038375,0.004127664542360864,0.003776199455910755,0.0035820159493490946,0.0034360361996545884,0.0033370117176747317,0.003573130834518571,0.003933549279153333,0.0042228053222446455,0.004571577426041166,0.004912622307175941,0.0051078149908586855,0.00538026054620088,0.005608297428353789,0.0057425614904994034,0.0060287624283048005,0.006289564510122693,0.006489551093967873,0.006705947213602274,0.00695771767365425,0.007046265078830488,0.007005787237912929,0.006743906617289914,0.0065389087171678194,0.0063731080737093005,0.006411080113635141,0.0064857542528131695,0.006576874461946402,0.00653258095289976,0.006770477342552146,0.006652801627583836,0.006598387744184362,0.006581936452346466,0.006614838765381929,0.00623639679000516,0.006604715092057578,0.006874222938201855,0.007309331114981227,0.007736665880109641,0.008262365793395251,0.008062733469984859
2016-04-25,0.0,-0.00020127232022906617,-0.00014303842758068682,-0.0004317092397752819,-0.0011752936420441674,-0.0014959529101019047,-0.001900409033077619,-0.0025131102335659824,-0.002730119303746902,-0.0024928077004435566,-0.0026983898921662127,-0.002777080680561564,-0.0032023719321294325,-0.0037561563514084974,-0.0042517739582657735,-0.004579779117752732,-0.004879909091544232,-0.0048061399862663655,-0.004682779676717222,-0.004864646071551887,-0.00492061161714144,-0.004948595564533512,-0.00500965416809126,-0.005262832737305522,-0.005182673793528372,-0.0051406883395735785,-0.005426987768739478,-0.005820305947209885,-0.00596545269846918,-0.006310579128327203,-0.006766685289208309,-0.006807464685424011,-0.006929812852775668,-0.006843148021309915,-0.006625244645940018,-0.006333506874085037,-0.0061602880345746885,-0.005777020643582079,-0.005764290028489478,-0.005648448878401079,-0.005657359259695356,-0.005778293714005156,-0.006032940380401095,-0.006232883454599906,-0.006570457700253921,-0.006785800424126745,-0.006853343494010375,-0.006845696879739953,-0.006915793032573114,-0.0070011895304764905,-0.007259972702855849,-0.007544328966188402,-0.007729267685039175,-0.007807079712904491,-0.0078083553703624025,-0.007689726187827025,-0.007545604288510181,-0.007605546272339888,-0.007634880892997588,-0.007620851184451765,-0.007446134031310288,-0.007453785238288244,-0.007386201601918651,-0.007415529788794818,-0.007697379258813253,-0.008197506852805105,-0.008394054004971886,-0.008291946766756307,-0.008182193112551438,-0.007749676811490942,-0.007157981191011093,-0.006732278967106974,-0.0064239492200173194,-0.005908155411480017,-0.005489348292766188
2016-05-02,0.0,-0.001420595293373222,-0.00257463843799243,-0.004034755186798006,-0.005281571833717929,-0.005329014878031573,-0.005511114487020631,-0.005731730262456424,-0.0054726399757383274,-0.005520092085987567,-0.005511114487020631,-0.005270031974080905,-0.005257210064000847,-0.0052841362650553805,-0.005159768919657031,-0.005081566448290926,-0.005011061265810338,-0.0047765070747063845,-0.004747031477615078,-0.004520226599953552,-0.00447282191059605,-0.004702178975062173,-0.004926461608003914,-0.005122589932959578,-0.005731730262456424,-0.006119208311284458,-0.006314287190507531,-0.0064169755724343075,-0.006405422603032162,-0.006066594866740606,-0.005667592751611208,-0.0052238738671706465,-0.004927743367603375,-0.004057806546509091,-0.003580239695679335,-0.0033025107995303324,-0.0031118568109896514,-0.002890539048312419,-0.003404890356469907,-0.003453524318086807,-0.003663445393653576,-0.0039118235750354126,-0.004167948155430765,-0.0043306213242593275,-0.004717556749309099,-0.004732934760035601,-0.004606073243306454,-0.004545851692045116,-0.004358803617582477,-0.004142332745198582,-0.00411415655177486,-0.004124402348436819,-0.0038990190678486586,-0.003869569323515157,-0.003845241927985723,-0.0038157937673093402,-0.003717212757644662,-0.003713372135771182,-0.0036762468847714854,-0.003642963348725482,-0.003618641465237632,-0.0038004298538129554,-0.004234551292975395,-0.0045215078389630285,-0.004738060816163339,-0.0048213629112591316,-0.004761128393914914,-0.0046227309084275765,-0.004639388851031018,-0.004408765089611655,-0.004380581388244203,-0.004422857238171251,-0.0043921109882505355,-0.004226866089170306,-0.004326778345797314
2016-05-09,0.0,0.0012001147356280949,0.002528883281447409,0.004721161271530288,0.006689341084366129,0.0074509225437179305,0.00845650070454575,0.009271749614973892,0.009394555263676352,0.00984854936443539,0.01020648388158094,0.010322785019865728,0.010634558695148963,0.01072270657413176,0.010648611776191426,0.010592398267048197,0.01054895839102377,0.010577066761570664,0.010837670392589843,0.011091821258677567,0.011296116829110896,0.011636942153050937,0.011819433802650154,0.011862818525619875,0.01181432959384708,0.01188451018128733,0.011838574353630539,0.011749248647802532,0.01176328607285389,0.011917684744566535,0.011991685573919941,0.011962341072662638,0.01181432959384708,0.01165098115467376,0.011458246731262582,0.011311437314515295,0.011268028662908759,0.011444205023560892,0.011599929294907427,0.011587165922722208,0.011431439663641388,0.011291009948483073,0.010957729604915659,0.010564290327447693,0.010302337448078142,0.010159192737477968,0.01003008930947494,0.010226933413415329,0.010419905276543975,0.010633281132533779,0.01085427518511661,0.011066281377513231,0.011084159362817881,0.011193974260979126,0.011292286671085108,0.011379099984216308,0.011559085930480592,0.011961065205248205,0.012286358689809384,0.01256436885299881,0.013112511047156562,0.013587749296343592,0.01396854133564153,0.014309730076158277,0.014820022792909204,0.015076979385195957,0.015412704338053966,0.015588152079868672,0.015768653136035832,0.01585634963503176,0.015889392697770763,0.01575975596006304,0.015614847950972458,0.015616119165153639,0.015626288820427797
2016-05-16,0.0,-0.0001331004078165381,-0.0003750301636042703,-0.0006772045410043358,-0.0006976942449288204,-0.00045312580776337943,-0.00035710743361351213,-0.0002252572229421851,0.00012796445676719893,3.199264937162103e-05,-5.7589348290057656e-05,-0.0005184235687775089,-0.0006976942449288204,-0.0011178257215175365,-0.0014227877637950866,-0.0016496475827035553,-0.001599657100111886,-0.0016560567996703373,-0.001641956576566043,-0.0017868137931122737,-0.0021843174752554603,-0.002470361418942592,-0.0029926347183322813,-0.0036127873882046235,-0.004000738804082921,-0.00399174484866336,-0.0041703542528591445,-0.004066268635277163,-0.0038157365745354506,-0.003584531907281574,-0.0035793946328881807,-0.0036346217157499612,-0.0036795762442517975,-0.0035819632667859844,-0.003548571540738838,-0.003467665443778149,-0.003269922537160598,-0.0031107293893190835,-0.003149241536696919,-0.0032416767422513955,-0.0033007370415502352,-0.0033957544079713455,-0.0036693007452799045,-0.003921080870624651,-0.004062413820452855,-0.00400716310747969,-0.0038838236926716997,-0.003608934321066769,-0.0031864713557322125,-0.0026897599726903114,-0.002095827177389297,-0.0016957948617527805,-0.0014150985022334537,-0.0010973274075031568,-0.0008654694879721167,-0.0009589747771733088,-0.0010153383529960408,-0.00066311811308535,-0.0004454439985436937,1.0237759159359352e-05,0.000348025025488293,0.0007176689500458082,0.0010999595658872897,0.0018487744033869292,0.002491081521047203,0.003136803507856878,0.00367501184828331,0.004047251921930278,0.004462671380493722,0.004947958342995203,0.005326089627806201,0.00581477479448347,0.006164597946548258,0.006067931784335788,0.005846581956568463
2016-05-23,0.0,0.0009299618381221524,0.0018178990768369387,0.002283429275262833,0.002580380895542075,0.001969670298732145,0.001618503566177055,0.0012710744736029484,0.0012659264684547176,0.001053548158818636,0.0010020557146798552,0.0009595724521132825,0.0009634346414726192,0.0009672968159152849,0.0010638463294774213,0.0008990628713039429,0.0006672901826173402,0.00041743056635888237,0.0001108164597080878,0.0001249897722625356,0.0006544123469176494,0.000984032732802679,0.001182267670171177,0.0014255023059232435,0.0015541739515023347,0.001366307788862419,0.0011732578436681545,0.001119197179867236,0.0011488021910967883,0.0011076123716697688,0.001081867872945956,0.0011513764984794955,0.001130781853858477,0.0010406752963571782,0.0008076478373296697,0.0006093386159450494,0.000512745207790353,0.00038909202903763965,0.0002409456936817431,2.3195158913727396e-05,-0.0004163157150997667,-0.0009321173079831203,-0.0014275372639296323,-0.0018767237019216194,-0.0019800134814897292,-0.001866395310723398,-0.0016301624873331603,-0.0013617251651903534,-0.0010740094005749995,-0.0008818149456317188,-0.0007347917776109774,-0.000733502196331517,-0.00024358165679913533,0.0003826513403734877,0.0010419625900602596,0.001763873252479731,0.0025559596313034063,0.0028464055063151033,0.0029222159878569093,0.00315860499275799,0.003469422870113787,0.0036812887739141533,0.0040227478085663,0.003984243223949169,0.003480980349633026,0.002793720261448154,0.0020416892603271255,0.0007831832417829181,-0.00016238117857387947,-0.001035309560400456,-0.0018999629721579026,-0.0026813749651971933,-0.0032358373350914265,-0.0037065314624329373,-0.0039380804680978565
2016-05-30,0.0,0.0009458049602678687,0.001938427689110985,0.002955730481867812,0.00399519542817474,0.004162434921011066,0.004056234980602889,0.0037168078278118646,0.0031280314517620287,0.002747952241613182,0.0024692171591647453,0.0020693167009205593,0.0016631378836785122,0.0012396554071984328,0.0010927409772436463,0.0008404875322181016,0.0007694532360950579,0.0007265852712575515,0.000921313524921529,0.000889473762198542,0.0011306959394004465,0.001320449144503492,0.001611742058721284,0.0019151839237912737,0.0019910300052153004,0.0018283208609083947,0.0016300980137303378,0.0014820170388666538,0.001245776373405279,0.0010817215248492852,0.0011478364178651847,0.00123353440352513,0.0012616907102031758,0.0014391796099625436,0.0016484536318040488,0.0015701339798949554,0.0014465232995300814,0.0013694118691910877,0.0012445521831611155,0.0010804971337541789,0.0009898880323752437,0.0008906983872031606,0.0008515096431849667,0.0007988473499261243,0.0008527343146822487,0.0010707019510250333,0.0013057598596021988,0.0016141895388571295,0.001846672840873206,0.0019286409064056863,0.0019665641558698314,0.002114573401213365,0.0020705398819129187,0.0021488203535437204,0.002118242773634574,0.0021268045902564673,0.0019604476000047075,0.0018552369829328529,0.001698623935522333,0.0017683687124928178,0.001698623935522333,0.0018344382249850196,0.002071763061408886,0.0024398721041100713,0.002547466429591491,0.002785844433442512,0.002723504904232541,0.002591478953606739,0.002362837237235271,0.002388516185573853,0.0024239765063955206,0.0025682503628780065,0.0025988141859502067,0.0025095652038490124,0.002316368892563954
2016-06-06,0.0,4.500956453997947e-05,0.0002238113377081302,0.0003198888808725994,0.000583750589685945,0.0005752400082977297,0.000422037156479537,0.0003040792867593294,0.0003575876736035545,0.00017516095998913945,-1.9464222934257347e-05,-0.00020439323870196415,-0.00034432936721418114,-0.0004769825590260694,-0.000424649381666316,-0.00026401580354853304,-0.00011679102084988233,0.00011434465925559472,0.00028583713681190674,0.0004305490418074237,0.0003928529995834675,0.00038920492008440773,0.0003113760535619842,0.00028462098164978264,0.00018854004980988208,8.028591521732629e-05,3.771085385719652e-05,-0.00020317648867781933,-0.0004940218589548042,-0.0006108705947478023,-0.0007581681415362538,-0.000905487388088134,-0.0009091402071208938,-0.0009919410176419698,-0.0011624348656626693,-0.0011307695244720565,-0.0012014089698112785,-0.0011807037878515567,-0.0011258980225148517,-0.0009383632397431543,-0.0009225339910659887,-0.000839738927065528,-0.0007727773453347807,-0.0005001073935780877,-0.00043925371379817114,-0.0003966583412311995,-0.00029565371014390857,-0.0002372460489891434,-0.0003759698149047109,-0.00033946169488633277,-0.0002457636204348428,-0.0003066055264114698,-0.00044047075110348013,-0.0004867192662908526,-0.0006473886249208081,-0.0008433915059382923,-0.0007995614399671815,-0.0006948640579147562,-0.0005974809844767526,-0.0006145223377552825,-0.0005195813532433187,-0.0005536616952185457,-0.000805648834251909,-0.0014352854986879175,-0.0018934522062696486,-0.0025286526967731745,-0.0029922013160747934,-0.003231378839409023,-0.003117884413022769,-0.00316181621135366,-0.0030178247432094372,-0.0028665340133824033,-0.002692090053062059,-0.00256036233406637,-0.0022408727342716045
2016-06-13,0.0,-0.0016524093416846457,-0.0032227023801885534,-0.005080007975532552,-0.006866716893690704,-0.006948175144530904,-0.007256789308914003,-0.00765936530674399,-0.00777176975536101,-0.007983025486149448,-0.008219042265443085,-0.008194325855352076,-0.008106587532988372,-0.007999087688883254,-0.00801391456655317,-0.007907660134037167,-0.007839712636424714,-0.007948430848809104,-0.0080868165794841,-0.008189382646641095,-0.008164666969609569,-0.0082573539084179,-0.008477365305401193,-0.008636842024301712,-0.008730809207568555,-0.009115424834753435,-0.009474202964023421,-0.009580623987968277,-0.009869007636757592,-0.010080706932936155,-0.010207005048661974,-0.010254061366414739,-0.010382858402279498,-0.010558742685738082,-0.010747047472457007,-0.01098743536549963,-0.011039485715550046,-0.010968846611323527,-0.010662801474092173,-0.010183477720120822,-0.0096907692994475,-0.009399962444503609,-0.009293560643985751,-0.009041210945342543,-0.008693715843567094,-0.008457587019980142,-0.0082573539084179,-0.007882951418901546,-0.0076754223115817494,-0.00772730055089541,-0.007459291945844451,-0.007013593392419006,-0.006679141307584111,-0.006077162654712655,-0.005804664442451937,-0.005773843527376562,-0.0060155049756608694,-0.006251057788985392,-0.006676673442275127,-0.006951877949961479,-0.0071419737143608815,-0.0070864225137308575,-0.007022233858312954,-0.007001249999220051,-0.006961752164807179,-0.007004953001182064,-0.00710370477879427,-0.0073172888499384095,-0.007475345738398969,-0.007253085374285827,-0.006977797971883893,-0.006670503805648359,-0.006126491535302294,-0.005729463078436395,-0.005624683722092552
2016-06-20,0.0,-0.0006030838358975596,-0.0010899838439836047,-0.0011734061202333787,-0.0011329209111310048,-0.00047802437118527985,0.00027935459468801584,0.0010410569259295635,0.0016492672949012905,0.00256883457615115,0.003189553408015391,0.0034716820275601554,0.0035803596952002294,0.0034497008385723465,0.003323910296756128,0.003370320299829886,0.003411843213767426,0.003171230615376802,0.0030319664187550043,0.002889017205190393,0.0027570459454065725,0.0026812767968567,0.0028279215648342494,0.002951330913187678,0.003013640738428928,0.003064951797072889,0.0030564001367986023,0.0032774981396937967,0.003492441595737583,0.0037403019698103476,0.004046684805491628,0.004456675903690021,0.004583543851405198,0.004761619778083893,0.00493966399937303,0.005081101196616361,0.005194480365327128,0.005329787063763403,0.0054467943110334946,0.005706355264530897,0.0061570756939382035,0.006638026109916414,0.007263524307968741,0.0075055868768506215,0.007574910587594187,0.007385171113917052,0.00719904550048793,0.006966643982626645,0.007009234690192619,0.0069447394838067986,0.006784091830012385,0.006676979054764045,0.006591767517070287,0.0065637678554991774,0.006619766394682299,0.00683764391551378,0.006998282967212587,0.007233110294162163,0.007407065967532572,0.007582207540751497,0.007835135671598907,0.008207115618146365,0.008436798832533607,0.008705303318839707,0.00907695978137767,0.009357432507243678,0.009308871432577678,0.00933072420800242,0.009227526349084334,0.009219027227225762,0.009231168807768048,0.00942784187706043,0.009435125322032672,0.009524950115192702,0.009419344457544665
2016-06-27,0.0,-0.0002486760487675009,-0.000499889267616331,-0.0002833223961797414,0.00019543329354921484,0.0007209346493803983,0.000976784749809637,0.0009644263462185841,0.0005416769857896062,7.545662082858517e-05,-0.0005964313290872545,-0.0008625891201374884,-0.0008328749702571726,-0.0007226927051572643,-0.0006905069188929665,-0.0004503841333050503,-0.0002845597879311904,-0.00013113488602643195,5.566527113213581e-05,0.0002980823186901966,0.0005515679013548575,0.0006479992015460713,0.0006517079120087601,0.0005194220680702623,0.000504585181096069,0.0003846455958813483,0.00027334857741368737,0.0002189321931216145,0.00033889165438786,0.0004687284620687032,0.0005738221036907852,0.0011102457775342143,0.0015228736795053998,0.0018130936991901819,0.002124214799414153,0.0023624286165715804,0.0021069328330220686,0.002135324477239794,0.0021945740078896667,0.0020810093234219403,0.002524085463862432,0.002892960098167886,0.0032789607356071573,0.003630301412081903,0.0040098571638889375,0.0038090063196093613,0.003715344281750525,0.003352937452702149,0.003018765809913327,0.0027560358966015968,0.002557400802802851,0.0025043425170295746,0.002224197456826519,0.0018735970500448897,0.001280753396425426,0.0007011560705693404,-0.00018062421799234208,-0.0007870673856274257,-0.001478118181829488,-0.0015921007450986728,-0.0013802522172420917,-0.00095916620544186,-0.00030559568197292803,0.0004984030798864897,0.0011300162668667975,0.0016006856081131708,0.0020402710219440427,0.0021686527701860444,0.0022501172548017607,0.0020810093234219403,0.0017686399249338977,0.0015512819107304818,0.0015043461373869672,0.0014327030779012779,0.001342524344826759
2016-07-04,0.0,0.0011589493570786462,0.002360823659305322,0.0037106104867661626,0.0049344831991751876,0.004819920625210614,0.004878396912197858,0.004975054297046574,0.004887943736387334,0.004797245226525664,0.00475308639555778,0.004737570667681931,0.004805599380598861,0.004986986659642806,0.005284056586003026,0.005458201131186275,0.005656164258219063,0.00572651520813495,0.005786130783079287,0.005881508311252253,0.005984029009197941,0.006038861347417619,0.006196189627500389,0.006270077701402924,0.00614136591551606,0.006048397099335487,0.0059852210485209795,0.005867202261938959,0.005731284584920674,0.0057587080600131615,0.005914888297092634,0.0059518434103432456,0.005988797157964371,0.006110377270468405,0.0061783126603631305,0.006155668043196262,0.0062569689253752815,0.006467880187924806,0.0065477050498371145,0.006576297480231581,0.006542939565288856,0.006461922853164648,0.006169969966328534,0.005827859571001188,0.0056382776343724865,0.005474898329873531,0.005274513542702449,0.005022782893166738,0.004979827259170701,0.004895103794718023,0.0047578604172415755,0.0046695373265441455,0.004776956276066307,0.004569269228665526,0.00444033832828661,0.004355569142193059,0.004282733538684959,0.004257657759080583,0.004403327313923614,0.004482123311127821,0.004706538489697902,0.004756666913957308,0.004687441286124656,0.004691022039574779,0.004479735644856841,0.004140629139478946,0.003925642927627476,0.003720168466065959,0.0036114410604995272,0.003718973723649392,0.003748841855847984,0.0037464524381012093,0.0038229109743161127,0.0038563597457336226,0.003785877100861116
2016-07-11,0.0,0.0028371766706227573,0.0055114137772820536,0.008531456863458232,0.011544775868058485,0.011936788526441706,0.012102548250996853,0.012516827393469699,0.0126836742195959,0.012830381759561573,0.013023198451223633,0.01319350865274304,0.01335433054757181,0.013401626183139316,0.013337776546646793,0.013351965707074172,0.013297572832054695,0.013185230355305177,0.013045671597293494,0.012856408268745855,0.012725085786088922,0.012734551046217993,0.012721536290442675,0.012707338181867154,0.012720353122427495,0.012651726982230355,0.012551145681392808,0.01248132447690142,0.012425700706601267,0.01251091032823937,0.012674208477889902,0.01277004497380223,0.012881251122907125,0.013010187451606108,0.013049219942611363,0.013119001508597067,0.013351965707074172,0.013473747720967197,0.013649891577755435,0.013842550334189664,0.013918185343307734,0.013931184534403911,0.014048169650839881,0.014084798540521849,0.014095432483002941,0.01405171444073723,0.013850823191947957,0.013623885712249465,0.013441825714701901,0.013207699860344289,0.012988896359797924,0.012907276308190135,0.012863506290054135,0.012862323290001493,0.013005456137045839,0.01314620317286749,0.013289295396049585,0.01332476963938743,0.01351630881091601,0.013587239935641393,0.013606154052547944,0.013523402149797931,0.01330112028365415,0.012945129914105668,0.012644627457543732,0.012397295885827895,0.012276566395491049,0.012357054341872831,0.012533394989855007,0.012818551304183563,0.01318404773579091,0.013639252896337165,0.014192314306158428,0.014608090662269422,0.014820636788530787
2016-07-18,0.0,0.000619862761184834,0.0013363194985034283,0.00217251025476531,0.0030488255859764083,0.0032599132890356935,0.0034861125248868484,0.0037565516637411665,0.003695942353666427,0.0035735469709666607,0.003425486820968945,0.0032797369170516617,0.0030593227123880276,0.0029706768478929275,0.0030639880665352857,0.0031689527809934006,0.0033042243855909456,0.0034966050620699727,0.003709929443582648,0.003870766917662212,0.003878924650931064,0.0038276463648266703,0.0037075982755157004,0.003705267102014839,0.0035852043195263865,0.00345929776300921,0.0034324822820808363,0.0035164239985982348,0.0034966050620699727,0.0035933643826618865,0.003734406380190437,0.003797344323398941,0.003698273548904971,0.00365281426147746,0.0036038557945671534,0.003552563401101117,0.003468624718259702,0.0034861125248868484,0.003487278367788461,0.0035782099266979494,0.003650482960261688,0.003869601521762548,0.003969820605424378,0.004061873471800083,0.004046726114227319,0.0038964052838470504,0.0035863700469081035,0.0032820690827473687,0.0028236940201219253,0.0023651087534426883,0.0019541871041139592,0.0016073405720506305,0.0013222991690256926,0.0009927648261113095,0.0006537686956033356,0.00020939284923904517,0.00013453116785758828,8.656995793908076e-05,0.00023512525792255238,0.0004152335807004384,0.000718069896479687,0.0004947516079469962,0.00021524118208394216,2.456791185165288e-05,-0.0003405032108651871,-0.0005347941023937612,-0.0008473773360778352,-0.0012162809878987371,-0.001811498177721496,-0.0023695430655764314,-0.0028938731052188813,-0.0032529690322826103,-0.0036474190320556366,-0.004047897967929773,-0.0044814415590685155
2016-07-25,0.0,7.610033774648495e-05,-9.015712519625428e-05,-0.0003466224835777962,-0.000616040495450052,-0.0007542918272179748,-0.0009218593160019757,-0.0008855311129492431,-0.0006289275236605083,-0.00044266753580882406,-0.0002505866551130473,-7.37643160188109e-05,-3.278346870472445e-05,-8.19576641859554e-06,8.312469235473994e-05,0.00028680951537897085,0.00042257635243083834,0.0006414030560128815,0.0007467036542175765,0.0006776745139480844,0.0006882046908025018,0.000713944656312344,0.0008040293184066399,0.0012110640061882391,0.0018680520088103243,0.0025794968968773364,0.003275265229430302,0.004003202295021066,0.004461390849372423,0.004755080714987545,0.004708469034558134,0.004756245979161722,0.004708469034558134,0.004562793528238426,0.004441575331840046,0.004548807563154013,0.0047026424217373195,0.00477255953502788,0.0048331504126236146,0.004942670760215711,0.00491004893224864,0.0048308200621390235,0.0047842119119964385,0.004794698935179265,0.004815672651617717,0.005119742116940065,0.005433034996515295,0.005817237972178231,0.0064351457978992395,0.007032907813386421,0.007354899936079781,0.007627988881683968,0.007783674304498403,0.007884740670917554,0.00810077933570974,0.008392241414898973,0.008731205974292413,0.00924755780352628,0.009691755092412279,0.00971378585315278,0.00987030623155599,0.009971161940161599,0.01001173320678445,0.009876102812152917,0.009921314987683704,0.009892333059073537,0.009769440350050418,0.009748570276691574,0.009866828267069335,0.010191386175685328,0.010441687465580236,0.010841344345200737,0.011066008797049606,0.011143587372896582,0.010994214305277718
2016-08-01,0.0,0.0012510217441483703,0.0025177749532292724,0.003866981735713595,0.005056827909551962,0.004977472185978594,0.005121227925674213,0.0052201198759501315,0.005152276451647944,0.005135027389565116,0.005115478092850316,0.005097078405644671,0.005152276451647944,0.005451212929872696,0.005850038984362067,0.0061039634690445745,0.006294651681759573,0.006437069757151153,0.006147618196916181,0.005766149307282484,0.005736269092464593,0.005505241911261567,0.0051718250290007555,0.005122377888271557,0.005136177336293932,0.004902711033449078,0.004795735356510131,0.004738216821146195,0.004671491175119433,0.004579448494863504,0.004390734511057773,0.004268741888007492,0.003562964210907368,0.002832483789634432,0.0021522194980289834,0.001447254310380512,0.0006528520331921656,0.00033283446993055736,-0.0001017215212407443,-0.000604701543881346,-0.0010026396743814023,-0.0014215712199199709,-0.0018429943395937886,-0.0020363990093559426,-0.0021777122965149615,-0.0024036233707677686,-0.0028185058363459016,-0.003213847304641045,-0.004021246652700633,-0.004542458173639778,-0.0048374286961458,-0.004544780436359547,-0.004014283527092855,-0.0031813793580386935,-0.002577435855344927,-0.001966907996253192,-0.0017630955446913848,-0.001644995975038528,-0.0014898667544024351,-0.001420413708684778,-0.001607948003700212,-0.0016635204754277444,-0.0020271332619285548,-0.0022553272695247676,-0.0025739593095711988,-0.0026736250816462976,-0.002648128240935314,-0.0024603987932819236,-0.002509066006884914,-0.002277338582181864,-0.0021707619957985506,-0.0021568615392840904,-0.0020039692689646483,-0.0017492007537325358,-0.0014933395333141884
2016-08-08,0.0,0.0008363383136404711,0.0016501473640180711,0.002111930775131304,0.0026228603738339927,0.002694025356101471,0.0024885513676392765,0.0024403334778744464,0.002712389690727787,0.0030578059006084696,0.002948800380805383,0.0029361779214338002,0.002858144635607572,0.0027410832884422346,0.0026285996730539946,0.0026079380417027296,0.002392113263032612,0.0021303058025506625,0.0019718100873460163,0.0018684297809725937,0.0017661876335684288,0.0019017423800875186,0.0020315360600069512,0.0021142276720234744,0.00216820323029609,0.0023094446275806076,0.0023599651613176523,0.002392113263032612,0.0022681077469245124,0.0021578677106175925,0.0019614725376322756,0.001852347439383106,0.001647849400932678,0.0015743117938819041,0.0015203041696011156,0.0015961438353913329,0.001588100507131006,0.0017627410869221949,0.0019499862459469407,0.002026941881061191,0.0021073369655194743,0.0021257120773498506,0.002154422513652779,0.002145235263718246,0.0021773902692215664,0.002256624976820906,0.002366854127261206,0.00240129824512763,0.002432296936870544,0.0024874033496636756,0.002572353120292868,0.0027055031047641723,0.0027915820208198375,0.0028340448902030254,0.0027605944646167356,0.002480515214132637,0.0021808353870589824,0.0020981492829860704,0.002124563642752182,0.002261218100685019,0.00246099857246386,0.002589571788773801,0.002473627031155082,0.0023852244710970073,0.002325519619715674,0.0022141375809303335,0.002184280493027603,0.0022761456075446,0.002345038905631936,0.0025654655698847464,0.002858144635607572,0.003000436055560279,0.0029992886250874585,0.002854701850394303,0.0024173717607961936
2016-08-22,0.0,0.0001430423730860963,0.00025723087073785145,0.0003575675754298989,0.0003852448947911532,0.0003483416320771579,0.0001776463250917729,-0.0002699905519708712,-0.0010445986834521183,-0.0017504646201876909,-0.00232846724422737,-0.002867466638468265,-0.0031324462313830595,-0.0030849993097246476,-0.003256281729392021,-0.0038328394642325185,-0.004313558304520838,-0.004569649896324367,-0.004769006392761239,-0.004778279755259331,-0.0046287572706819775,-0.004489686656194672,-0.004553424953719802,-0.004577762466346282,-0.004547630395158025,-0.004429428729072184,-0.004492004341290568,-0.004536041378764113,-0.004704095263029786,-0.005053042136800987,-0.005366154593117162,-0.005425309066923431,-0.005504187142339348,-0.005567990137273517,-0.00555290906199256,-0.005567990137273517,-0.005723454477083644,-0.005781469751361232,-0.005794233563401632,-0.005699089065524561,-0.005745499884823033,-0.005682845787630558,-0.005594672596864076,-0.005334838935343651,-0.005250175585187529,-0.00492434655905575,-0.0046612098638208685,-0.004597464696117787,-0.004653096616800932,-0.004541835870172851,-0.0043228274444257935,-0.004143253150872209,-0.003843262241010917,-0.0035861987842918347,-0.003270170779033863,-0.003295634537740572,-0.003374344800673545,-0.0033940233344613414,-0.00334424896859675,-0.0032967919967246176,-0.003083842095855851,-0.002881350288850244,-0.0028767223839723205,-0.002852426234737153,-0.002936886818016708,-0.0031879967076849534,-0.003425278272310027,-0.00376219906264138,-0.004208127884734778,-0.004439857725854952,-0.004510546015442305,-0.004611372386143255,-0.004540676969204942,-0.004373809249725779,-0.004480415969526354
2016-08-29,0.0,-0.0004152363816058864,-0.0008108043914966234,-0.0013501491357450178,-0.0016292750180738097,-0.0015989060822222917,-0.001690015656733579,-0.0020194810845373104,-0.0024004877883194156,-0.0025384339801711293,-0.0027231713963370196,-0.002592214769686046,-0.0022648982130798337,-0.0019633941965854014,-0.0019224994905161844,-0.0018103397375238627,-0.0017706195081225247,-0.0017998254056130637,-0.0016117543656043334,-0.001408537227393531,-0.001173837790470555,-0.0009473641935220883,-0.0009216848583820889,-0.0008925045961428428,-0.0008633251853664552,-0.0008738296751605672,-0.0008913374033639689,-0.0007804603011808888,-0.0006427563853874748,-0.000492237356989602,-0.0003639056917917452,-0.0002974130336649327,-8.046773918550317e-05,3.2651728503959214e-05,8.279337867617155e-05,4.4312801742581476e-05,-1.865860925776935e-05,-0.00033007554130860004,-0.0005727447167476098,-0.0007594533934086055,-0.0007711238432462916,-0.0005949145481584633,-0.00043856938438920155,-0.0003277424696681218,-0.00023792335014994958,-0.00012128718370856678,-0.00019360000433670264,-0.00023325764228632564,-0.0004152363816058864,-0.0005552425654409125,-0.0007676226939941932,-0.0009928882719736371,-0.0010967843153207215,-0.0010010594797893047,-0.000904176598860171,-0.0008014676502526164,-0.0004619029316145723,-0.0002122622262847094,4.54789015876106e-05,0.00038125908065386266,0.0006644859338512878,0.0009651081541945975,0.0013331890243188584,0.0018431531283100357,0.0022469812380228192,0.00259947015659425,0.0029181155674238663,0.0032912900249986434,0.0034191370921868806,0.0035423197129017315,0.0036236584084366964,0.003609715101920686,0.0035295373163534752,0.003521402978932769,0.003803741979318167
2016-09-12,0.0,-0.002574590275486327,-0.005651931873850451,-0.008840385474685235,-0.011845478552110492,-0.011535174686566597,-0.01162447737005699,-0.011467630518092554,-0.011315386666647222,-0.011063605600397583,-0.01093659466527199,-0.010996093275081572,-0.010907990824460718,-0.01079129563217018,-0.010967487732355247,-0.011286771989032543,-0.011544333569137201,-0.011854640277171775,-0.01207225592070098,-0.01221086741181569,-0.012175353546225122,-0.012102038587420327,-0.01207569233697714,-0.012025292748410348,-0.0120413287056085,-0.012044765015607108,-0.012034456121035418,-0.011769897522912834,-0.011623332413390875,-0.011440156229446042,-0.011311952862100488,-0.011199788396829965,-0.011247857341439852,-0.011269603575479447,-0.011265025381645463,-0.011155155017120263,-0.011105946163865375,-0.011029276729814196,-0.011064749916379929,-0.011043008136631154,-0.011112812370114742,-0.01124099020788443,-0.011539754117366146,-0.01163020217305231,-0.011666841688315537,-0.01168058185264824,-0.011501974440423684,-0.011251290925901773,-0.011135700064775602,-0.011212377658990792,-0.011236412145045815,-0.011436721996438911,-0.011498539995112439,-0.011785929385094086,-0.011831736121899021,-0.012026438165396511,-0.012175353546225122,-0.0124514784274613,-0.012577535877738159,-0.012781553419369537,-0.01285491821553445,-0.013032620887331746,-0.013172512299717755,-0.013381239146991233,-0.013818330420556964,-0.014127048022723647,-0.014342862643394814,-0.01448293748032752,-0.014313013165126958,-0.013991613697260952,-0.013913575127805984,-0.013812593077279563,-0.013721947421984362,-0.013715063277545856,-0.013777022283651305
2016-09-19,0.0,0.0002765522937608693,0.00027882812702873536,0.00019803287410441936,0.00045860259020923886,0.00031979224019575267,0.00033686012543391865,0.0006508572315043333,0.0011637346155862615,0.0013774506378258485,0.0017649786063411957,0.0020558100340899695,0.002272742462761113,0.002531636848924105,0.0027904642261319993,0.0029924846581212854,0.003042416002533157,0.0031048266772752816,0.003221694373531678,0.00333174175641548,0.0034213590283329047,0.0035393239520534023,0.0035914963068417976,0.0035869596883918923,0.0035279817756030105,0.003406612434370486,0.0033147249114400716,0.0033169938408345763,0.0033238005981293473,0.0033385484133260724,0.003352161588156656,0.0033510271639991067,0.0033067836180190138,0.0033555648529087,0.003312455976897957,0.003328338410586249,0.003336279532836899,0.0031717719801509538,0.00293801125701565,0.00293801125701565,0.0028188403459264984,0.0026848979908834654,0.0026905738784077284,0.0027870590376463575,0.0026724109249294465,0.002716682546089803,0.002872185271389608,0.002995889147167226,0.002999293624622439,0.0030356073296457205,0.003020855046020122,0.00293460657091925,0.0027132771063537154,0.0025214186042480965,0.00235109915267396,0.002112603175311093,0.00202514039663137,0.002096701420893176,0.002297726421925021,0.002432856109725521,0.002701925556810292,0.0029243924430781736,0.0031649641879520907,0.003347623883804045,0.0035801547221273786,0.0036788222008959973,0.003802426338957171,0.0038772617860487056,0.0038273721102531693,0.0035869596883918923,0.0033964031265444022,0.0030548984490928574,0.002793869403022372,0.002629272588223556,0.002637219263760135
2016-09-26,0.0,-0.0008110102739571208,-0.0017419303967234642,-0.002646433771303674,-0.003430012994120089,-0.0034106720097204102,-0.003382230065131356,-0.003393606745893656,-0.0031899837344250047,-0.00302620536713385,-0.0028272052567428333,-0.0027919579370989083,-0.002673717939325838,-0.0026816759618936356,-0.0028158350178880773,-0.002993225468379286,-0.0030409898127601673,-0.0030955804286467796,-0.0031285637032861186,-0.0031433496623123323,-0.003185433973116661,-0.003298046649896852,-0.0034527675723422606,-0.0035756512426224755,-0.0037247248528298024,-0.003922765390326447,-0.004123122162656854,-0.004251781481497994,-0.0043360452270713775,-0.004340600226410764,-0.004279109485872193,-0.004256336097031484,-0.00438387375497532,-0.004492065769713052,-0.004684562608062709,-0.004903302213107256,-0.0050639695869800425,-0.005159698591916015,-0.005277093095138723,-0.005417300705221877,-0.005483421683836511,-0.005502802799220274,-0.0055119234540833995,-0.005660145755882371,-0.005924720157571596,-0.006084410996447465,-0.006432397215141144,-0.006907222902543693,-0.00745309439191564,-0.007913548215562248,-0.008392508001813424,-0.00893118311426819,-0.00937858404845749,-0.009747182234823515,-0.010024292684576688,-0.010354177124926431,-0.010472183054001933,-0.01057645230709887,-0.010522597599067244,-0.010312935618093372,-0.010081556482877188,-0.009929242018492022,-0.009749472089165863,-0.009671619982940872,-0.009925806621420374,-0.010141114311828788,-0.01033813855904872,-0.010277423461190099,-0.01005521472838892,-0.009934967706505092,-0.010044907274209723,-0.01016631292269935,-0.010452705387723665,-0.01098790632145709,-0.011151847419965952
2016-10-03,0.0,0.0008079712537498212,0.0017136991757170771,0.0031944525480517906,0.0048022869271418175,0.005627146271949674,0.006852219275511887,0.007782410135305626,0.007937741362199777,0.007950396917672147,0.008038981321698106,0.008060838603999112,0.008384040537282613,0.008860026809351733,0.009365657709575054,0.009737822541537648,0.00993533525993179,0.010001929591401015,0.010053594552178694,0.010239566312558552,0.01044730867604804,0.010884459629165986,0.011166613081223905,0.011343205220351503,0.011148264057563613,0.010913137394894856,0.010486327289078818,0.010009966538394515,0.009778017244685263,0.00965627975191355,0.009489728043828187,0.00947709195458259,0.009542568141663505,0.009359913339775367,0.00933004208488185,0.009471348224868809,0.009603445662427958,0.009740119425240557,0.009920408335836814,0.009864143311481657,0.00984921532466367,0.009881367634752697,0.00987218136592781,0.009913518911103475,0.01007311173160248,0.010213165020959848,0.01027629738486888,0.010440422880411485,0.01059189943281931,0.010755973142440622,0.010785801833972961,0.010993430763967173,0.011144823578144463,0.011288166859746897,0.011564474723495345,0.011841852292305652,0.011948427342728636,0.012003429376672115,0.011938114124563656,0.011766211494373813,0.011716927290123106,0.011582816111755394,0.011735265882430429,0.011959886349278751,0.0121695629839924,0.012299013489688891,0.012585348879721391,0.01279489442429601,0.01310970272295311,0.013241320448044812,0.013255053473453527,0.013336303348333228,0.01320126471334557,0.01307307557925943,0.013142894913176854
2016-10-10,0.0,0.0007660147111741076,0.00159109205877268,0.0022298011771599087,0.0030021285219040644,0.0028245689573636813,0.0027088518866177384,0.002350158466514959,0.0019374445802866176,0.0015773272286016557,0.0012710107393239798,0.0012147851622941333,0.0012698633101675125,0.0015601209244408025,0.0018468540157479227,0.002061276632078339,0.0020463717339271547,0.0020039488847449975,0.0018594683836279597,0.0016690891843886158,0.0017080854659834615,0.0018307991355802323,0.0019821634790167064,0.0020933787351126655,0.002255020094558888,0.0022951397888063526,0.0021850933513914202,0.0020899392733656286,0.0020085352254755476,0.0019512044544297653,0.0019271245504271942,0.001983310091150456,0.0020463717339271547,0.002072741787178862,0.0020280269389180796,0.002115161718132592,0.002152994192501175,0.002245849652726847,0.002264190452294476,0.00235703558839381,0.0023776666702656425,0.0024223658875208503,0.0024521642557187497,0.00259197551075243,0.0025633272557443287,0.002478523610511904,0.002311187215830847,0.0021484085142623355,0.0020761813080766235,0.0020922322491778644,0.0021266262554526538,0.002249288578269043,0.0022894085024592345,0.0021163081777791745,0.0020555440052337,0.0018629086381607956,0.0017172608406543055,0.001667942211908544,0.001720701584451232,0.0016954691883472376,0.0018502943136778159,0.001834239488743823,0.0017080854659834615,0.0015142359992366466,0.0013823051101812043,0.0012537991637357635,0.0011574088655740816,0.0011034721448104274,0.0011367525928370117,0.0010242831775136307,0.0007694587295170418,0.0006190588780258682,0.0005386832712905088,0.0004743781342065808,0.0005869094105561937
2016-10-17,0.0,-0.0002773323904718405,-0.0003449292521384572,-0.00037057063640157323,-0.00035308780308657497,9.902864557274308e-05,0.00047990626441569295,0.00036810402382909854,0.00023765227623124538,0.00015844112605560204,-4.427480205241823e-05,-0.00022372433526585361,-0.00011302114264762863,-0.00016545796939253257,-0.0001141863755923019,-0.00013516080077716552,-0.00018410283710191698,-0.00029131757317083775,-0.0002959793442011378,-0.0004743084014120896,-0.0005186042088210957,-0.00035541882986899246,-0.0001759456647041502,5.475822787429893e-05,0.0002574540834380523,0.0002737611596611054,0.00020503668014914652,0.00011766823512952793,-0.0001736150562406824,-0.00046148629703646855,-0.0008508853216972897,-0.0013967655145533284,-0.0021565947471092585,-0.00281768383950594,-0.003868616770635285,-0.004563610503885499,-0.005241519082442183,-0.005556627847357484,-0.00603826838759764,-0.0060324076195206475,-0.006183626425801406,-0.006064056175206312,-0.006231693006231204,-0.006148457220891512,-0.006277417019611661,-0.006255140957057189,-0.006030063321907291,-0.0056948853345721116,-0.005623410857081615,-0.005341078036358957,-0.00523800541809421,-0.005311794962149513,-0.00538441855993087,-0.005458218908934686,-0.005493363846661404,-0.005493363846661404,-0.005624582528640918,-0.005691370076889057,-0.005571858667508034,-0.005512108318507178,-0.005405503818173444,-0.005553113075650563,-0.005725351418791971,-0.00578159893600637,-0.005837849617181705,-0.006190660415210734,-0.006347765738238848,-0.0066444572779632925,-0.00725688177061931,-0.007646588357014743,-0.007604323674433756,-0.007652458593097921,-0.007497495912966542,-0.007172387124830301,-0.007024538671572122
2016-10-24,0.0,0.0005850087372219842,0.000809037358676762,0.0006091373080359633,0.0008584317887180937,0.00037701929911775544,-3.793969084209592e-05,-0.0003311585750891157,-0.00010922421500218787,-8.507888772527006e-05,6.667839289138742e-05,0.00013680087160053913,0.0003655269088042001,0.00036437766250846225,0.00030806297602563445,0.0003620791659551218,0.0004609097474352823,0.0005356007994244132,0.0006826684094272622,0.0007596404887051918,0.0006206268990412377,0.0004827430935054282,0.0003241532100584247,0.00013680087160053913,-9.427703889702252e-05,-8.852818450001812e-05,-0.0001678652942448231,-0.00020006185887402593,-0.00010117570779902336,1.2646243749705477e-05,1.6095191561857584e-05,7.357590392458552e-05,0.00013565136241203518,0.0002597907204951541,0.00044367255854461186,0.0006091373080359633,0.0007607892808361709,0.0008951888509600494,0.0008917429337689794,0.0009847785302888282,0.0011800102824825267,0.0013706115727183353,0.0017895770555175293,0.002141831343151479,0.002336837354542977,0.0023723931751778115,0.0023941848274848816,0.002337984336231956,0.0023643645519891604,0.0023976255712818435,0.0026831660445702493,0.0029709175209952947,0.003232229584097021,0.003381192743491482,0.0036675980043079227,0.0037683931405700275,0.0038623067378390527,0.003809624586424956,0.0037867184374975418,0.0036973794429140134,0.0037065427840514854,0.0037031065409650916,0.003688216017808951,0.0035461721901763163,0.003451083193104586,0.0032505647089252805,0.002876920168900492,0.002432032358138769,0.0023632176005574245,0.0021613336556100086,0.0019456398665255214,0.0018423657321289789,0.0017138319126385239,0.0014337545911016457,0.0013223905828009884
2016-11-07,0.0,0.001763261129095221,0.0034090022314501077,0.00514389425944457,0.006739410210671592,0.00664417429890104,0.006705314445068438,0.0067358831164153294,0.006673569066517011,0.006757045495349629,0.006970995507098299,0.007002731445288797,0.007211928353228455,0.0076160950351874535,0.007979000893288114,0.008299516915082074,0.008607021797091281,0.008741965458317631,0.00877716515795071,0.00870207096750691,0.008578857344852945,0.00848262281418619,0.008381683965436901,0.008211473297042951,0.008288952090197237,0.008340601284187617,0.008334732191942565,0.008206777419671143,0.008132814442216736,0.007733554711415753,0.0073834841651021395,0.007187250096005599,0.0069792234396364675,0.006872255035767349,0.006959241200320088,0.007095582665379327,0.007149643961500513,0.00740345792897646,0.007591426750201821,0.007681874153630299,0.007845128626020206,0.008058845993835644,0.008108158900677155,0.008178601692354105,0.008265474301944535,0.00817977569684231,0.008109332987868376,0.008095243850592942,0.008102288444043742,0.008385205259583105,0.008763085426779215,0.00903760443366515,0.009206501757396008,0.009184218327412324,0.00906106410121942,0.008869851773424219,0.008695030598028381,0.008506095504884978,0.00847205992361579,0.008408680237018783,0.008476754555421635,0.008643399707254742,0.008812363618608104,0.008764258745282008,0.008733752016785952,0.00856946901782918,0.008381683965436901,0.008376988887287596,0.008379336429117607,0.00800835645073765,0.007532690288939334,0.007096757942024743,0.006319598625820354,0.0056254058147235915,0.005262822095704361
2016-11-21,0.0,-0.0004845006361686419,-0.0011713819740519459,-0.0016440418358556557,-0.002087130681175678,-0.002367731018743977,-0.002804929132341914,-0.0033094349013671424,-0.0044983906881586174,-0.005484455138637295,-0.0065463081717788115,-0.00697286229449362,-0.007150023032145255,-0.006990327451505724,-0.006920468653572651,-0.007360910175237596,-0.008188666397743237,-0.009362182562659365,-0.010260433785590535,-0.011594285828106742,-0.012591139239675796,-0.012827018480636094,-0.013227387729342706,-0.013921824789203441,-0.014039914499832508,-0.013822589964984386,-0.014067554531143013,-0.013915543812210121,-0.013865297416436297,-0.013739692471455624,-0.013901725801689363,-0.014181891867873504,-0.014567719797175764,-0.014354050759645708,-0.014188174518021013,-0.014227127829968367,-0.014114041761297639,-0.013842687361995447,-0.013933130647208273,-0.01409896458500118,-0.013997199590438133,-0.013940667956891356,-0.014126606248528411,-0.014204509593134346,-0.014294985610140264,-0.014326402808545616,-0.014032376442063307,-0.013398126816579663,-0.01299392410718631,-0.012759260237004189,-0.012540959344741826,-0.012638812472293846,-0.012952508834357257,-0.013406915646729932,-0.013685687195252691,-0.014512412843569198,-0.015090773132878226,-0.015845659168358655,-0.016364344438750802,-0.016970237491343125,-0.016807706236792144,-0.016593558098369706,-0.015937542531933444,-0.015692119512665477,-0.0151951650781911,-0.0150454980869666,-0.015154916290366046,-0.01562416686305234,-0.01597908161801661,-0.016825344009847382,-0.017426474076827216,-0.017908142929983186,-0.018238636377363865,-0.018112480951188527,-0.017457989813582674
2016-11-28,0.0,-0.0004390866082529775,-0.0002207525945853794,-0.0002404870429156968,-0.0006611700977519378,-0.0008796003012235459,-0.0010536381715629082,-0.0015759335914963166,-0.0018884534739482296,-0.0017253874367833889,-0.0013314209237810944,-0.0012030139723435448,-0.0012425220474289792,-0.0011067195780843783,-0.0010993127010460165,-0.0013128996728058165,-0.0011499274542697564,-0.0008635557813832723,-0.0006019430112136834,-0.0001319523962065255,0.0003957527521638332,0.0008936115997497981,0.0013653628834897848,0.0015488300313795866,0.0017458042616316804,0.002015349857393352,0.002084263095653513,0.0020559600189226346,0.002190084894304655,0.0023414152173144177,0.0024779619506462435,0.0026157199395973325,0.0026932004695783174,0.002803876528246267,0.0029747854876730874,0.003103870014244195,0.0032771858853108174,0.003263665869233908,0.003263665869233908,0.0031911462996733818,0.0031616453089296174,0.0029858505285985464,0.002993227154529773,0.0029575729584266092,0.002871505867846939,0.002747310295321023,0.0025985012287616654,0.002747310295321023,0.0028161731120096394,0.0027460805590686496,0.0025148632728247177,0.0023943139120209075,0.0017753470500545526,0.0011991051898398903,0.0008283125578359296,0.0007753309566086762,0.0006373191884218084,0.0006065103896730662,0.0007309721083049379,0.0008258483595567872,0.0007272754487913563,0.000815991505716594,0.0011498383421075608,0.0013099467235075295,0.0016190065499758037,0.0021556325148722483,0.002711647330015385,0.002914540339079784,0.0032513747869057285,0.003229250458009344,0.002875194609377386,0.002418917002662411,0.0023081983276304454,0.002182702341491569,0.0018799707402768974
2016-12-05,0.0,0.00014957467048826704,0.0003609189133493903,0.00013350573723649995,4.944864758942546e-05,-0.00012610511991144522,-0.0001347599759966011,-0.0003177658982327314,-0.00033878899334016823,-0.00044391109894613033,-0.00035857583954005377,-0.0007247031322348178,-0.0010662129057030711,-0.001255578364895363,-0.001206067593198012,-0.0013521314208746428,-0.0012419626583111312,-0.0010488871379545253,-0.0008570861945721049,-0.0008397640496941721,-0.0006108924537012809,-0.000489673585465082,-0.0006282106344515952,-0.0008187304200127939,-0.0009276151680892596,-0.0010748759021468686,-0.0012964265970080821,-0.0012964265970080821,-0.0013149945268515807,-0.0013335628014694994,-0.0016158430333280223,-0.0018350365876859968,-0.002214094744204848,-0.0024557263909477313,-0.0028127045744474515,-0.00292552626360696,-0.003060681087382959,-0.0030458007623963617,-0.0031003630365654647,-0.0031512078353084965,-0.0031487275412449382,-0.002816423767903169,-0.0026280020348821652,-0.0023057839821827623,-0.0018102665465541466,-0.0015118357824430028,-0.0014115533200902918,-0.001145420238363321,-0.0010439369737328089,-0.0010983901279453124,-0.0008632727476040844,-0.0007234659900086152,-0.00026582838152687836,0.00019407190734087909,0.0007649440969036015,0.0013700586919606634,0.0022437412823998423,0.0029576690062746327,0.0035934862376397667,0.004121794131505381,0.00462152089230272,0.0050447393519283635,0.005151745881273762,0.0053226865781810725,0.005208319418893525,0.004860218441495439,0.004447998768104249,0.003982663182586506,0.0036230492956444683,0.003692026365723074,0.003993745118108133,0.004087321010071791,0.0044849208907365,0.004862678944274582,0.00528333591333437
2016-12-12,0.0,-0.0007516509396128841,-0.0018243376978362774,-0.0030452508129805837,-0.004138655527227254,-0.004167861809987467,-0.004337031642906809,-0.004291998028957694,-0.004278610048321566,-0.004177597427134641,-0.004291998028957694,-0.004703461554504762,-0.005091950829353495,-0.005417228765159407,-0.005620733557059133,-0.005747488009479109,-0.005645108165543294,-0.005551269182201483,-0.005350215293599046,-0.0054099179863909205,-0.0054501279310467474,-0.005430631998385156,-0.005402607261069529,-0.005501306562760601,-0.005481809632308046,-0.005502525133535541,-0.005754801256572971,-0.0059218016196080055,-0.005897420265978323,-0.005774303510302822,-0.005662170744991292,-0.0053270662288506295,-0.005076116027748098,-0.005012779328616375,-0.004994509872406238,-0.004985984240398066,-0.004973804892187919,-0.004989638073786831,-0.004972586965525329,-0.0050688077423449735,-0.005116312552215843,-0.00528929785255136,-0.005394078149077998,-0.005559799635004037,-0.005637795720615181,-0.005814528109844827,-0.005904734609650037,-0.005996168419864197,-0.006205888200866162,-0.00629856909330328,-0.006287593276077294,-0.0062278381622718195,-0.006290032336160966,-0.006057128938193762,-0.005994949247401844,-0.006292471402193778,-0.006651078838237008,-0.0069158477922687,-0.007262471630765733,-0.007527402533574944,-0.007446817043315019,-0.007700805456459171,-0.008007387007414851,-0.008424048843492429,-0.009169830322527455,-0.009768080001331721,-0.0099945050265479,-0.010266282748324088,-0.010588349267027956,-0.010388729279138254,-0.010200167855308142,-0.010154869433583147,-0.009985936659856053,-0.009610224776271315,-0.009540482730048054
2016-12-19,0.0,-0.0005532360762502635,-0.0010957045424292836,-0.0017147978674410787,-0.0024882797938417973,-0.0026225915908706047,-0.002516619313612011,-0.0025720685230745423,-0.002512922808965168,-0.002379857741182889,-0.002377393740236695,-0.0023170276135000617,-0.0023293469352476076,-0.0023626098620555974,-0.0022763749284769688,-0.0023342747064413775,-0.0023601459036078866,-0.002161817161365915,-0.0018391550732087712,-0.001584300994256584,-0.0012975139366031235,-0.0012384435566895168,-0.0013652030368993997,-0.0015744528647239928,-0.001658165057330717,-0.0017246473792133469,-0.0016938679770331121,-0.0016027664985406953,-0.0015252136717936698,-0.0015609118449741207,-0.0016039975442832858,-0.0016150770241634433,-0.00164831620035187,-0.0018329984120400546,-0.001911806537691099,-0.001983231766590082,-0.0020349566689400744,-0.0019783057249477473,-0.0018563939261360362,-0.0018120660475872108,-0.001723416184936422,-0.0017505028091936111,-0.0018490058099208866,-0.0018613193672707884,-0.0019019551823292818,-0.001957370318680117,-0.0019696852104631297,-0.0020004731034345075,-0.002112549039308971,-0.002119939102875916,-0.0021236341551392683,-0.0022258693491395277,-0.0022492740565662845,-0.002164280631187811,-0.0021729028233555326,-0.0020140200766406257,-0.0018440804294352021,-0.0018293044335328248,-0.001929046643102568,-0.0018933353259976606,-0.0020337250925530803,-0.001929046643102568,-0.0018046782588631114,-0.0016101527957284442,-0.001538754208159118,-0.0014218192577078602,-0.001591687155053275,-0.0017911341212889658,-0.0019635277456144977,-0.002174134571162568,-0.002516619313612011,-0.0028925019489942187,-0.003332649041666656,-0.003823573729125816,-0.0041493452181171975
2016-12-26,0.0,-0.0011400314649278648,-0.002533913928908722,-0.0045780182194756465,-0.00665280713620934,-0.008006385422991386,-0.008769843622187787,-0.009083485397796121,-0.008563753598048887,-0.008342538570452487,-0.007776450991192406,-0.0073255792666615275,-0.007244772206100494,-0.00740386733395844,-0.007369773389986573,-0.007352095506281489,-0.007626137827960433,-0.007785293645630924,-0.007816875192661988,-0.007823191621757257,-0.007941947915032926,-0.007902782046944763,-0.007680450061425382,-0.007766345196150485,-0.007887621477564092,-0.007940684475989685,-0.008021547793021666,-0.00840573787073084,-0.00850054431081372,-0.00861811678078635,-0.008710414533401696,-0.008829276243000601,-0.008955740381733315,-0.009086015166853532,-0.009274500962350463,-0.009456695496006215,-0.009583239010693356,-0.009487064479153736,-0.009480737531608642,-0.009239078101950647,-0.008917799460801389,-0.008600416815427406,-0.008341274625186303,-0.008035446834177668,-0.008079672341309236,-0.008091044930715233,-0.0080897813032833,-0.008069563481525361,-0.008027865515053299,-0.007555410038982624,-0.007047832347866755,-0.006872386554171333,-0.00677268647464424,-0.0066389272990069045,-0.006731042549130339,-0.006786568168539092,-0.006526633882500645,-0.0062983007699904565,-0.006188568044743855,-0.006197396669162169,-0.006260460539009234,-0.0063739855278733,-0.00642696826686621,-0.006584671601987753,-0.0067449236649451015,-0.006987243270544074,-0.0073041142543151145,-0.007549095301078949,-0.007730975717732893,-0.007868671089048951,-0.00819719533582932,-0.008371609752507659,-0.008565017824547664,-0.008650988976222209,-0.008619381076014527
2017-01-02,0.0,-0.0003826440998163237,-0.0012988952656507928,-0.0018963173094394582,-0.0021155431735805593,-0.002378922701938716,-0.002699972021302416,-0.002543110621507437,-0.0026190872893543577,-0.0027686066217472694,-0.0029316326799238026,-0.0029684091488720444,-0.003016220580594457,-0.0029806682724183033,-0.0030235763883725186,-0.0031633470176415162,-0.003388982937875019,-0.0035790961907518687,-0.004099332664680853,-0.004508104446216184,-0.004735272102448407,-0.0047856243532967465,-0.004781939956288229,-0.004569496021346918,-0.004541255428685408,-0.0046112444453498495,-0.004549850307242893,-0.00455844525967295,-0.004482321108512589,-0.004181564611593049,-0.003704222697493419,-0.003403700092558818,-0.003276158613812219,-0.0032577645504343485,-0.003377945214000855,-0.003582776158662551,-0.0038514504001238943,-0.004004835643414396,-0.004055151127647099,-0.004071105346403089,-0.004030606672729131,-0.0038072798133104834,-0.003658831860914123,-0.003510405942041653,-0.003332569184677607,-0.003117980724666704,-0.0030897810933443737,-0.0027722836082852116,-0.002572520259783249,-0.002296838850175187,-0.0020641003871339617,-0.0015657323179257775,-0.00135397047698522,-0.0010358000034577824,-0.0006700290637340931,-0.0004437829204186962,-0.00044011448577021715,-0.00020536265527845653,0.00016010471615912885,0.00041304236837684245,0.0007599638710945376,0.0009101777429562885,0.0011201950823691211,0.0012972103250646497,0.0012654719663255482,0.0010847882733918848,0.0010347282318560345,0.000822250409955721,0.0005804103725253124,0.0002578659832231952,0.00015155015055686596,5.622289691177404e-05,-5.255904490411561e-05,-0.00029705603025181334,-0.000266490637731731
2017-01-09,0.0,0.0002279705297336182,0.00044861590622890623,0.0003819424913796096,0.0002194831967746552,0.00012975555647867435,-3.031914539050246e-05,-0.00019891036000425512,-0.0003177903168621957,-0.00018556757350890633,-0.00015281785233332547,-0.00022923553687816795,-0.0005155505314276531,-0.0006114115790922637,-0.0007182043260246639,-0.000628400571439266,-0.0007473316000779402,-0.0007898103955799356,-0.0007679639325214528,-0.0009791664036471006,-0.0012499106667062754,-0.0011891992994555057,-0.0010993532396911794,-0.001044721068977651,-0.0009099744743117959,-0.0007012138079470382,-0.0005470987225055415,-0.00035418496588247725,-0.00014190151694707027,-4.851001489115142e-06,1.4552863276094971e-05,-2.4255242771821036e-05,-0.000155243720824605,-0.00023530068260867442,-0.00022195741055909218,-0.00011400475679012269,-9.581163682089228e-05,-5.821357105514244e-05,-8.974733705054173e-05,-0.00014432735895686817,-0.0002280225121463955,-0.00033356116881023875,-0.00043061804057345466,-0.00041484565789397796,-0.00046095024494446175,-0.0005398182823784191,-0.0005798613590270714,-0.0006368951758486354,-0.0007983063712183953,-0.0008856977389488501,-0.0008602078011005106,-0.000775246033844526,-0.0005919959412515986,-0.0003323480175222589,-8.853448150950252e-05,-2.789357993051831e-05,7.033687728984241e-05,7.882547619208687e-05,0.00019402076568117007,0.0002534320964092539,0.0003819424913796096,0.00040982464201684576,0.0002667688488012074,3.5169057054681477e-05,-7.883169013760421e-05,-0.00012734658846599351,-0.0003748091883044938,-0.0004027132251104753,-0.0005640866222675467,-0.0006441763227748147,-0.0008225809850712966,-0.000871131980618922,-0.0009743106734607465,-0.0010993532396911794,-0.001288767876180673
2017-01-16,0.0,-0.0003347990254187839,-0.0005528956860077645,-0.0009868468899985594,-0.00142814421586148,-0.0012706860671962998,-0.0012587584297867624,-0.0014496177026675004,-0.0012754571619957007,-0.0008699953473655363,-0.0006565976680602356,-0.00037889123534542356,0.00013817617007162917,0.0006156898689627025,0.0007347350789024859,0.0010477563496466519,0.0014582250928617362,0.001586685036730007,0.0015022363764102939,0.0015747912906992625,0.001402316074662971,0.0012357600483996743,0.0011262938388435875,0.0012179131144134552,0.0012072048011332356,0.0013856617203220093,0.0012536066638789685,0.0012774016557479933,0.0011262938388435875,0.0011298635781633313,0.0010203857752736456,0.0010882158265111304,0.0009466004951654457,0.0009073254646181736,0.0008573368310708459,0.0008037748077228786,0.000828770775636398,0.0008847118684900821,0.0009251779424533001,0.0009358892761752044,0.0010465663402516908,0.001050136364188659,0.0011262938388435875,0.001374955203205596,0.0015402986272261903,0.0016283120338655929,0.0017793440166616375,0.001945809537874814,0.0020361649318563187,0.002235868942647734,0.0023963164846681102,0.0024830662846335666,0.002597136758922155,0.002707630123789109,0.002738518558330032,0.002825238678699698,0.0028489963034135585,0.002917890223433656,0.002903636698358236,0.0029713391331180694,0.0030034071077253855,0.0031577940730219,0.003233791208916397,0.0032219170371398185,0.003174418940023501,0.003126918586730568,0.003069915184324403,0.0030022194233002048,0.0030675399720399084,0.002800292565273279,0.0025270324877014775,0.00227865747104969,0.0020979823398955804,0.0019006287791632857,0.0021395880591426764
2017-01-23,0.0,-4.792146631009908e-05,-5.151566886155804e-05,0.00036532568591935756,0.0012906193650764626,0.0022951433948856363,0.003314182062580199,0.004216472221996601,0.004602918921017083,0.004662542458022306,0.004494394960072417,0.004311905045711805,0.0042522605981745775,0.004309519336112266,0.004274925907309641,0.004320254984488827,0.004494394960072417,0.004571913276794978,0.004673274317155983,0.004867620281005197,0.005104838086803835,0.005334849856554819,0.005630331374429552,0.005724438202426088,0.005724438202426088,0.005698232127379708,0.005587444312734661,0.005454006134920924,0.005295525168689475,0.005275266392616888,0.00507980770767001,0.004835430614719752,0.004458615248596045,0.004231980675595577,0.003934892318259784,0.003796459567714038,0.0035672873796205656,0.003431191539287266,0.0032867186709809467,0.0029403764001474696,0.0026572420653509445,0.0024230281983415435,0.0021457245442842846,0.0017511514732005456,0.0015298832946685883,0.00136599367934062,0.001291815827138166,0.0012750652280049048,0.0013229233382885995,0.0015143328787245182,0.001547825781820828,0.0015023708557549234,0.001416240066097794,0.0012666898232186348,0.0013600117984576977,0.0013013874720973707,0.0013061732602210469,0.0014102584857761198,0.0016925500733280285,0.0017738735410533588,0.0019353049477046666,0.0022031040234854605,0.0023381718833373785,0.0024732215023262577,0.0025425319234148487,0.0027814965386719005,0.0031243110250451975,0.0034371610434782724,0.0037439455798852334,0.004020806456677219,0.004196191573611977,0.004372738717525648,0.0047853557408503375,0.005141786549066622,0.005464729503584066
2017-01-30,0.0,1.0417745819914096e-05,0.00018981745173840938,0.000341414047701526,-2.19933753645396e-05,-0.00022806007224266688,-0.0007075030937183458,-0.0009137111143193295,-0.0011674748431110557,-0.0010075614277728268,-0.0008256620384880409,-0.00045964635827480205,-0.0005441887149142822,-0.0006391626261155446,-0.000682019661423084,-0.0006878112935570842,-0.000830296007099913,-0.0009171868947914209,-0.0010191484970671768,-0.00099133975631472,-0.0009867050413726929,-0.00099133975631472,-0.001027259525458722,-0.000978594341911827,-0.00099249843840652,-0.0009739596860408713,-0.0009658490899525628,-0.0008221865761213695,-0.0006959196348976757,-0.0005465050444585681,-0.00038437493237263254,-0.00023732249401867597,-0.00012617909460668053,2.315064005702696e-06,-4.514481937915513e-05,-0.00021995552356478357,-0.00040637676315748346,-0.0006206304229372261,-0.0007735313712212009,-0.000885905305452272,-0.0009449935734939598,-0.0008129187355279499,-0.0006669615748539468,-0.0005916745430094932,-0.0005210257145636788,-0.00048164984524937994,-0.0004920727185924286,-0.0004457496685819406,-0.00039132282663951416,-0.00035195206405756974,-0.00011460236753245282,0.0003147995146605218,0.0008400162943371821,0.0012493552407902295,0.001656215464488779,0.0018850016162984932,0.0017763924946432017,0.0015001948902595502,0.0011718943397192698,0.0007706202022346221,0.0004559641695795043,2.0835383111308804e-05,-0.00027089949215726314,-0.0003461623767644301,-0.00016785642179930891,-0.0001435444365104332,4.167033211869496e-05,0.00011690403407468053,0.00010417257469620053,-0.0001180753715825122,-0.00020374662325726105,-0.0004017447585532124,-0.0006414791756614088,-0.0007932248594540726,-0.0008129187355279499
2017-02-06,0.0,0.0011318878892042914,0.002131360853146987,0.0033382955738887193,0.004665494696019393,0.0050282896770511,0.005281826834393154,0.005647807461963503,0.005597805586882896,0.005515978943400254,0.005409139636435746,0.005182920881936189,0.005129484860474172,0.005218164354649837,0.00535344227994271,0.005356852411329374,0.005437555459959401,0.005344348539391736,0.005382996365626689,0.005478472827341689,0.005615988376191437,0.005671671111887255,0.00578189105760464,0.005896643246969602,0.00591368452833795,0.005923909157766171,0.005954582418807737,0.00597048670228586,0.005959126525612259,0.005863695946174272,0.005694397868098343,0.005680761876352526,0.005736441005499869,0.0056841708917206996,0.0057273507471886555,0.005803479108732977,0.00571939670338112,0.005638716397911336,0.005638716397911336,0.005688716227467663,0.0058114324837759326,0.005979574750707143,0.00607840194462361,0.006197663138705606,0.0062964687829733575,0.0063600626543625785,0.006544007870999935,0.006637103047261151,0.006484967414645501,0.006084081371637488,0.005803479108732977,0.005226122386264896,0.004481203579239585,0.00422973931058875,0.004070407955662084,0.0037436992920735976,0.003691324910876537,0.004110243174439457,0.004298016406380797,0.004651844666842098,0.005123800009294917,0.005409139636435746,0.005625079646867136,0.005753485017115114,0.00580575150805708,0.005802342907134388,0.005804615309040614,0.005696670515311821,0.005577349553716247,0.005623943242552595,0.005679625535313786,0.005760302540422511,0.005819385795563438,0.005838700717989103,0.005667125698663682
2017-02-13,0.0,0.00033190908269262415,0.00043305125059659474,0.0005000949147966335,0.0007227839770255222,0.0006489385082921289,0.0006239434220975495,0.0007034710733355559,0.0008068475654998041,0.0008852248156912309,0.0010294683353468627,0.0010805732520484045,0.001199807902006198,0.0012554458736869863,0.0011850462878800622,0.0010067542006805192,0.0009352013040355217,0.000886360672709509,0.0008397894769857507,0.000673932969747768,0.0003887317845139308,0.00020120461383464484,1.4779117562035251e-05,-9.777504924948996e-05,-0.0001841888645983068,-0.00013870697832026562,-0.0002979026312506095,-0.0003945695008034278,-0.0006789379942358378,-0.0007437853328157281,-0.0009485940137785603,-0.0010100447985473195,-0.0013287390653168932,-0.001633870165894424,-0.002060982341724286,-0.0023389879947773203,-0.002888390334095961,-0.0031814523495979,-0.0033479772043876017,-0.0034791635684946996,-0.0035099663400620846,-0.00335025855932996,-0.0034643329427961173,-0.0036411739580505115,-0.003750716981182223,-0.003886521345504182,-0.003952718393596521,-0.0038465769708936545,-0.0035738565948803844,-0.0032977887123700517,-0.0030046926061122023,-0.0027424615197365987,-0.002383430489330431,-0.0021635164144561017,-0.0019459288445690995,-0.0017750817386452838,-0.0016247604265582675,-0.0011659646606067733,-0.0007028286297334917,-0.000371823514331683,-0.00019555965939428236,4.319988359441325e-05,-8.41314452004652e-05,-0.00037637267023587264,-0.0006846261890133132,-0.0008666655077332112,-0.0009508699014316731,-0.0011227143791885368,-0.0011329576978417345,-0.0006812132682642955,-0.00016826996909654696,0.00020916102633369428,0.0007841283735751902,0.0012088918639307318,0.0011770976361701285
2017-02-20,0.0,-0.00018935582226502952,-0.0003855526661666739,-0.0003560639773450603,-0.00024378808246472344,-0.00019389173078489401,0.00020065536148724096,0.0006834236047139136,0.0009111277194955358,0.001023261437372306,0.0009836196406423248,0.000905464066836075,0.0008057785293123402,0.0008318336631096855,0.0008816763753792608,0.0012565498882739095,0.001411667905655869,0.0014739347940127372,0.0014716706114564725,0.0015509139508120273,0.0015158212466383993,0.001607512491716777,0.001691272453824687,0.0017116454378905356,0.0017422041357753547,0.0017274908052145978,0.0016312829236777562,0.0017297544086222016,0.0019198788048710024,0.0021201493404835155,0.0022615591741326716,0.002426700545701572,0.0025115228402180396,0.0025872913392181542,0.0025838988426292835,0.002594076297869656,0.0025364026818932195,0.00247420191702976,0.002321510907349344,0.002221966436340591,0.0022434598313645446,0.0023984248486046663,0.0025838988426292835,0.0028948298800652297,0.0031740200946227507,0.0033096309369176394,0.0033231910097352847,0.003310760950008607,0.0032565188812027535,0.0032666894932195257,0.003334490929958062,0.003435054595034484,0.0035005850243388812,0.003535608148077509,0.0034768589855186265,0.003642929437052605,0.0037841241136830485,0.0039896679246017855,0.004233555218266435,0.004461581191638565,0.004514629284261751,0.004642158928022982,0.004698582784044295,0.0047380775890722565,0.00480013770277476,0.004715509320057345,0.0046681142972030375,0.004748233143963285,0.004783212599178808,0.004857680912381636,0.004971629262312862,0.005026906457720016,0.0051340678264876795,0.005531028824644094,0.005975167664784243
2017-02-27,0.0,0.0001387465371536398,0.0002595746123752495,0.0004262486436607637,0.000564936056993582,0.0007919392634103286,0.0008053565591992248,0.000814301323046222,0.0008847385425493915,0.00082436408673964,0.0006611111942291444,0.0006924220337087828,0.0005056607258590475,0.00031886453170791167,-2.0142226500034207e-05,-0.00031896623872922775,-0.0006346751085164006,-0.0010053683931897657,-0.0014266248190983812,-0.0014456751809717903,-0.0014983457172539196,-0.0014759323840092585,-0.0013448244489339184,-0.0012350207733136586,-0.0013235350390141227,-0.0014692084819944475,-0.0015857625172496607,-0.0016630991338782827,-0.0018054589783300865,-0.0019186887569859526,-0.0018121851416479404,-0.001679912233300677,-0.0015958495628491424,-0.0014512782976492697,-0.0014580020791039533,-0.0015835209653784418,-0.001649648857867382,-0.001701209231713764,-0.001704571957135618,-0.0015431738908719516,-0.0014109365582872615,-0.001307848395406315,-0.001177882813694642,-0.0011308304746805796,-0.0011465143416953376,-0.0011185076088748283,-0.0010871409993002499,-0.001108425377071903,-0.001084900564835171,-0.0011599578520647932,-0.0012361411580986226,-0.0014064542432613587,-0.0014568814457219526,-0.0014804150104699258,-0.001463605264851434,-0.0014120571401830416,-0.0012193355181254757,-0.0011666796750231733,-0.0011509954917375226,-0.0010210502925817046,-0.0010927421074234508,-0.00133249894584333,-0.0015599849740832634,-0.00190747731593445,-0.002397534601887016,-0.002731853318434727,-0.0030191425668150236,-0.003328968774753212,-0.003486163699028213,-0.0038410659586288797,-0.004214073686011413,-0.004365788314458081,-0.0044512081586637695,-0.004724375843164273,-0.004611952122540233
2017-03-06,0.0,0.0007240426816720173,0.0014240133204599453,0.002549220773198711,0.0035042050403967036,0.0039998103294647605,0.004612544484635221,0.005074083384184974,0.0049701718987996395,0.00508413876138178,0.005231606011630666,0.00523607437672302,0.005218200796555074,0.005327671461318808,0.005494088595742991,0.00556109438618499,0.005632562280938717,0.0057732497740526755,0.005863681283131449,0.005951872038676618,0.006050100686024099,0.006213049661033941,0.0062487609575251875,0.006234253397133169,0.006182917262621179,0.006080237086724559,0.005858099328029471,0.00567052752264803,0.0054114419369661925,0.005128828103428024,0.004926592900964632,0.004773492648497236,0.0046572549064184225,0.0046438419897796126,0.004705316380406146,0.004667314475835596,0.0046572549064184225,0.004659490375034286,0.00466172583865262,0.004611426698477801,0.004781315857387596,0.004894186773968814,0.004942236862283971,0.004922123152779175,0.004924358029369014,0.004596895364730397,0.0042335433771943,0.003978559161348632,0.0038107709231341605,0.0036686882027829964,0.0038230763505550827,0.003903617227330569,0.003918158638753855,0.0039438852332868285,0.003918158638753855,0.0037716162829965296,0.003856635837545368,0.003821957681591968,0.0037973466477930146,0.003711203259272936,0.003740291467027159,0.0037369351785455154,0.0038778895968049703,0.003946122297185148,0.004033363885976957,0.004004284202048765,0.00407921859255118,0.004160857134040057,0.004296161134939932,0.004735493334715629,0.005230488917238114,0.005708491323052262,0.006100327515979519,0.006516555038867883,0.006592416992461224
2017-03-20,0.0,-0.0004885953527613694,-0.0009664910460869839,-0.0013461270267895425,-0.0017434221418381017,-0.001756558560259357,-0.0017751687817598606,-0.0017499903294780433,-0.001727001861477643,-0.0017445168367822058,-0.001850707942555773,-0.001999613432735459,-0.002102546364356153,-0.002366497295110784,-0.0025582065811646407,-0.0027214623172545473,-0.0028661138279097195,-0.003037092594078701,-0.003068880330920452,-0.003158768365568303,-0.0031686346175601996,-0.003092995839824792,-0.0031149195344066074,-0.0031061499988959016,-0.003056822794549162,-0.0031795972339420373,-0.0033034831516155494,-0.003336375796603813,-0.003412032986238421,-0.003443832644010984,-0.0033155436624878313,-0.0032081005989854383,-0.0030623034748769123,-0.0028726893937645165,-0.0027828270693602886,-0.0026820155364355356,-0.0026118917679553407,-0.002641474633123819,-0.0027313242555966487,-0.002804743964876676,-0.002883648766274868,-0.0029154316257812953,-0.00289899208957312,-0.002961463764990592,-0.0029318714322522643,-0.0028913203984967982,-0.0029241994889326033,-0.0029855766835976713,-0.0029362554262900692,-0.002952695575106667,-0.0030272276398219103,-0.003112727143319211,-0.0031083423755638795,-0.003149998445517082,-0.00304476540356008,-0.0028902244474331975,-0.002753240022348058,-0.0026458573542458325,-0.0026206569701030425,-0.0026874941629438094,-0.0028332366471906464,-0.0029011840121194723,-0.0029537915946377426,-0.0029165276044710933,-0.002994345161795403,-0.0030897073270930156,-0.0030743610773325066,-0.0031554796365359807,-0.003174115910728749,-0.0030732649256470287,-0.0029855766835976713,-0.002941735445864639,-0.0028288531047624137,-0.0027269411598819663,-0.002633804917379941
2017-03-27,0.0,-0.0006848566163691558,-0.0011523234113667493,-0.0015473656909793425,-0.0019491704049858993,-0.002107735042981533,-0.0020923179330727157,-0.0025901904197106096,-0.0031235854808198903,-0.0035844739231044326,-0.004044471515400914,-0.0044406581962404415,-0.004524550721134512,-0.004567603565195469,-0.004657026933568515,-0.004655922892612961,-0.004674691754629784,-0.004707814135204522,-0.004725479853443328,-0.004717751063313704,-0.004765228860551546,-0.00474425002102292,-0.004673587694171382,-0.004587474733786458,-0.004612866246067605,-0.004588578699174875,-0.004602930360131479,-0.004792833267320847,-0.004977250253420845,-0.005224665374176702,-0.005703101240578819,-0.006128692667079631,-0.006290133158916932,-0.006535661122688774,-0.006671722844035143,-0.006666191518757104,-0.006751377320658735,-0.006930623094755814,-0.007054564886537158,-0.007181842534042513,-0.007393269907590585,-0.0075061970796487226,-0.007523912303004862,-0.0074685532719952095,-0.007357844402994662,-0.007146424518443851,-0.007013618131146915,-0.006970459852579987,-0.006914024914026708,-0.007029111300872621,-0.007238292589317725,-0.007315778246208067,-0.0072615376559685375,-0.0072869971584801135,-0.007228330583301684,-0.0069317296499332975,-0.006452705743233668,-0.00600928770168134,-0.005567171238794674,-0.004930866732373154,-0.00446052684241365,-0.00432918033634534,-0.004201161689592436,-0.004056608609394697,-0.004100744738464658,-0.004056608609394697,-0.00414488281561849,-0.004389884560550337,-0.004557668128971766,-0.004641570471110692,-0.004952953855029274,-0.005221351374350089,-0.005505290529312517,-0.005826890975030896,-0.005956223404322984
2017-04-03,0.0,0.0005870343986668627,0.001155225509027229,0.0017046052405070968,0.002312378780404584,0.00217106905643001,0.0021591111634322816,0.002215638125177558,0.0022612921848097073,0.002368897079305848,0.0025851587633058015,0.0027622628939347614,0.0027035938341331777,0.0026644792152568336,0.0026253630663670125,0.002464536154896809,0.0023721576529386504,0.002404762804555412,0.002476490396234461,0.0024797506190707753,0.0024917046785337426,0.0024938781285377054,0.0025666859739955756,0.002586245387344234,0.002629709380692357,0.0026840367159390714,0.0027742135767261523,0.0026677388252660888,0.0026090642194014566,0.0025362594594592696,0.002497138294686723,0.002406936443531422,0.0024667096639509373,0.0027014208398882986,0.002942594378453813,0.003235835180124971,0.003485565093094638,0.0036983292036313763,0.003736318031664371,0.003855702096855133,0.003937092152229039,0.003996773982981409,0.004070557504333488,0.004107447223606933,0.00411287206754766,0.00414650544314304,0.004250653237636328,0.004376484019265753,0.004454577920714218,0.0045652005090917784,0.004582551961679898,0.004593396466660932,0.004611831855233369,0.004688823039780904,0.004630266903948519,0.004648701612818914,0.004712678260280101,0.0048633867258814955,0.005037919944819965,0.0052579401593873965,0.005409650038375476,0.005378226310532601,0.005328379751235312,0.005227595421487656,0.005135471826239529,0.005030332177385035,0.005074773996276753,0.005061766839088227,0.005074773996276753,0.005317543213898954,0.005630671809919568,0.005889551857292428,0.006168937124893749,0.00649262320851477,0.006623583455772978
2017-04-10,0.0,0.0003693989920472814,0.000617037198239964,0.0007734086850867745,0.0008146693056307227,0.00033029261618222524,4.563902789663216e-05,-5.650834912365999e-05,1.1953280061654974e-05,0.0003748303121893634,0.0006257251445833369,0.0008646140949337414,0.0010111767928181552,0.0009264987430550205,0.0007538635863994677,0.0006474446802203729,0.000583370693205502,0.0004704167185718713,0.0005486169829718463,0.0006420148405364127,0.0007766661643948867,0.0009601536983432867,0.0012467177538831365,0.0014518211391877256,0.0015559845282377763,0.0016351848437785596,0.0016297603647319892,0.0014116719360628117,0.001270594385499247,0.0012293525728073467,0.0011566326016461703,0.0010459144313787676,0.0008646140949337414,0.0006539604489236391,0.00033898305409329907,0.00013365127143432455,8.693308760376824e-06,1.0866677280160315e-06,0.0,5.650515611045934e-05,-2.173338998578732e-06,-0.00022931330546941187,-0.0004184548426017512,-0.0007413825492887064,-0.001120983103125884,-0.0014898448641237005,-0.001724942811800037,-0.002099472204758927,-0.0022301550007725454,-0.0022366895888921456,-0.002248669778015764,-0.0021016501114202338,-0.001920899997959369,-0.0018871490786518512,-0.0018272712185817637,-0.0017478025049912954,-0.001744536802541528,-0.0016563668674525803,-0.0015823536647695865,-0.0014506672458565806,-0.0013189981659735448,-0.0012798272403703303,-0.0012689466999990279,-0.0010328681271669993,-0.0008827641962289263,-0.0006783110316039241,-0.000568489089830992,-0.0006630874681371734,-0.0011220709908556852,-0.001535554025444735,-0.001975339365038925,-0.002268274033446772,-0.0023510517937239453,-0.002199660820802316,-0.0023085728766032904
2017-04-17,0.0,2.5138081845371696e-05,-8.416252553762326e-05,-0.0007489674713285323,-0.0010804415988699184,-0.0015247673691945744,-0.002051428650030402,-0.0022332514127695316,-0.0019035851120294846,-0.0018641638598084116,-0.0016003004935159508,-0.0012763145884467733,-0.0009524336162486481,-0.0007785003110280952,-0.0006013163542436105,-0.0007161542279005954,-0.0006352194973415539,-0.0006527183435120544,-0.0006439688821507131,-0.0004821176536964009,-0.00021205940366170214,2.0766286917631967e-05,0.00013005542674613744,0.00022184907468983164,0.00018032442051336915,0.0001256840904722337,-0.0002678144444511499,-0.0005203909171474572,-0.0008594466392812747,-0.001087006552521314,-0.001361679067463442,-0.00141530919797808,-0.0015707433741068385,-0.0015685539926070557,-0.0015685539926070557,-0.0015795009480399761,-0.0016134372714585034,-0.001512726383869625,-0.0015072532566506277,-0.0015718380666541988,-0.0016035846718225574,-0.0015718380666541988,-0.0015236727281739148,-0.0012905414955776782,-0.001153752694537109,-0.0009983833144657376,-0.000853977086367791,-0.000888982741972823,-0.0010016655165605757,-0.001022453046669193,-0.0011077958567534281,-0.0012084659696327499,-0.001184391759785286,-0.0012828808281254338,-0.0013726237584676187,-0.0015400924693005629,-0.0015860691788213014,-0.001673649711914418,-0.0016495643006656363,-0.0016484695230286868,-0.001521483449727195,-0.0015608911951057187,-0.0017656175276231905,-0.0019506736445022,-0.0019408177216673416,-0.002039381321552809,-0.0020218581937614423,-0.0018597838165991668,-0.001629858486573971,-0.0016167214929092078,-0.0014601855990733464,-0.0014317271598855222,-0.001268654029981163,-0.0012391067113160766,-0.001176731905464818
2017-04-24,0.0,0.0006594037564249103,0.0012647521868561148,0.0020654820752039316,0.0029354940435612343,0.00294095655136571,0.002994487548830117,0.0030698630746511485,0.0030523851978196616,0.0030960793171442235,0.00330141610842969,0.0035667623786776654,0.003701046619313769,0.0038003835183048076,0.003715238209050358,0.003691221554591161,0.003662837492021973,0.003747987262878403,0.0037392542867237155,0.0038658749771504123,0.003972835136775883,0.004033950091842613,0.00405904979495805,0.004139801087568219,0.004143074651087749,0.004109247311282915,0.003960829974556063,0.0038767898033046557,0.0038560515317513622,0.004031767479189783,0.004299102083863852,0.0046874283045810275,0.005002559798256875,0.005315412202605121,0.0054930513569212925,0.00552138351883045,0.005605285597526538,0.005794856579352935,0.0059636970217239555,0.006270804604358585,0.006670338885522938,0.007082769484142737,0.007365605065003603,0.007553755196312063,0.007546142872394463,0.007543967912060296,0.007461315913901192,0.007491767444854344,0.007659234291703642,0.00795277732558902,0.008263621552747697,0.00863085838225367,0.008955609350536001,0.00918688937793075,0.0093920649041414,0.00953208117447785,0.009533166495350366,0.009485411262615805,0.009474557482569694,0.009453934975924824,0.009497350284603969,0.00971439855916253,0.009529910529199269,0.009369269702204823,0.009252029026503617,0.00919123215318107,0.008961039072290046,0.009068541492555338,0.009170603802770084,0.00935732915095271,0.009516886558581128,0.009715483682180106,0.009871729104995328,0.010016017430204712,0.010002999789131233
2017-05-08,0.0,0.000527394382666052,0.0009555631608577335,0.0013996752155839697,0.001896244918053999,0.0017812604542627422,0.0019660888384111655,0.002333494976722367,0.0026417111965975513,0.0029841815491519342,0.003226738486825712,0.0032632242627427684,0.0031859586912769975,0.003128005594633709,0.0031741537032402537,0.003208495099650599,0.0032664435320006913,0.0033694546766100176,0.003693441389551939,0.003888640981754275,0.0040473466302925875,0.00421674784030812,0.0044257793978665265,0.00460583309293684,0.004695847784681425,0.004738709075905795,0.004720493251604388,0.004482585552239339,0.004187801565128901,0.003986226491134312,0.003942260572220609,0.0038253661668791175,0.0038671923405247744,0.003712748541672497,0.003569008577746271,0.003278247430613813,0.003077562202573144,0.0029680805551299764,0.0030700491392341377,0.003132298531785988,0.003100101053919154,0.0030550228432158636,0.002929437111736779,0.0029208494770718405,0.0028940126434086116,0.0029777411826519815,0.003063609325731195,0.0029648603252162213,0.0028628810140463043,0.0027598176707951216,0.0026996924815436527,0.0026986187845957402,0.002924069848713314,0.0030410696518792715,0.0032449815411857205,0.003415591644400163,0.003593681831457713,0.0036569713073509287,0.0037106033209562002,0.0037224019779472793,0.0036537532950634117,0.0035303883497534326,0.0034123728552549197,0.0033040009076030154,0.0033190234628969915,0.0033962787541182587,0.0034005705397476636,0.0033533598847232463,0.0033404838647010182,0.0031859586912769975,0.003089368330919738,0.003107613891480241,0.003060389403427847,0.002938024672654661,0.0028167185382263894
2017-05-15,0.0,0.0008190856976124624,0.0014549813366151834,0.0019631947229021493,0.002471149959532672,0.002365126333128533,0.0021371374643599163,0.0021339558565983334,0.002245306105740118,0.0023068085467701296,0.002467969414291847,0.0027149616490726044,0.0029046696212449204,0.003117650770039441,0.0032500788604556785,0.0033305865675232436,0.00347040034004317,0.00351382336664554,0.003531827483234278,0.003519118728702614,0.003505350729028581,0.003419561229928366,0.0033613049052610465,0.0033146974018683152,0.0033517717290131245,0.003431212087617022,0.0035032325584078506,0.003583719888051254,0.0036377274904284846,0.0036642007400055714,0.003614430451057465,0.0035667757254208127,0.0034428628095647747,0.003519118728702614,0.0034449811080624363,0.00339096309463075,0.003336942163095658,0.0033401199457339993,0.0032723250591375004,0.0033824894159948694,0.003515941514833053,0.0036472579410122313,0.003633491705458167,0.003359186429504385,0.0030456025231118586,0.00284214415401896,0.0025867029096803685,0.0024128383560901856,0.0024022358810482525,0.0024541869346857113,0.0024563073285274106,0.002535818852174534,0.002625924270274241,0.0027287405350501243,0.0027902132517819557,0.0028771165073173868,0.0028983112777204293,0.0030032187764244514,0.00313460254436106,0.0032394852585675375,0.003338001425097213,0.0034619273345090954,0.0034566316695934206,0.003556185477979522,0.003617607352022518,0.0036387864338676525,0.003633491705458167,0.003726674830485131,0.003675848747799102,0.0037224394222606615,0.003779615919770853,0.0038389066125260564,0.003908780416230312,0.003924660145280101,0.003908780416230312
2017-05-22,0.0,0.001294816521844185,0.0022487103206838585,0.002959837053248156,0.003651458796472487,0.003473055610077071,0.0031573412138877375,0.0029608933289784057,0.002945049075873695,0.0027538419615414176,0.002342781361300324,0.0021408876824765308,0.0021599160516612243,0.002096486746243726,0.0018871414886295784,0.001909346851225585,0.0017898550402377057,0.001541308638782642,0.0013667604141032917,0.0015286152497111039,0.0015064014311283035,0.0015656371841537636,0.001715826401696445,0.0018998303276326544,0.0019516414159573663,0.0019812465469514753,0.001937895878630672,0.0018807970087500413,0.0018363845224894078,0.0019230927809766843,0.002055255540135287,0.0021789440587741946,0.002128201901862184,0.0020816859960568423,0.001993934191934596,0.0018860840781115885,0.00185859101217812,0.0019431826461161715,0.0019833611656276426,0.0018839692537214738,0.0016989048005319723,0.0014937075989554516,0.0012842361011243502,0.0009445451108332254,0.0006746148623459169,0.0006439122976735117,0.0005539165909372217,0.00029235368224315696,0.00020444471351224456,0.0001408912486089253,5.932505044354392e-05,4.237620322070507e-06,4.131603216241909e-05,0.00011970586271125987,0.0002478705916353614,0.0004914442203816758,0.0007889471565797172,0.0011413894636764417,0.0014535094006756758,0.001497938894250062,0.0013625285637162137,0.00123979711161728,0.000959362701006489,0.0007053164843995635,0.0004914442203816758,0.000244693152301844,-0.00016740036803603316,-0.00014091110175002656,-0.00021190391508198243,-0.00010276779096963072,-8.475617771650499e-05,5.932505044354392e-05,1.6950373544347322e-05,-4.4496097593695395e-05,-0.00012925604687309794
2017-05-29,0.0,-8.34504247111478e-06,0.0005016177538117587,0.0009154454416623924,0.0012415919197489012,0.001954992051339426,0.0020434806709798254,0.001591586090085525,0.0014218125498732706,0.0012270061706505318,0.0005016177538117587,-0.00022534059387052178,-0.0008139694292565509,-0.0012410465419612961,-0.0014718902978011741,-0.0014781582921683134,-0.0010332282934136102,-0.0006615606393588349,-0.0005143933741029853,-0.0005550970466756215,-0.00041003255273037265,-0.00036620425529615457,-0.0002816836773545153,-1.0431313970202803e-05,0.00032018840284163473,0.0005912775782428259,0.0007184556329027065,0.0008445752705750419,0.0006976078798728442,0.0009258671020416045,0.0008049691637251868,0.0006903110636301683,0.0005975326148505153,0.0006892686569634889,0.0005443635565194452,0.000753895815610993,0.0011363613892532846,0.0015051405884525298,0.0018081877770931565,0.0021257160150484353,0.002303695943337429,0.0022974515697783224,0.002086160617709403,0.0019289644964860541,0.0016957273724088563,0.0014895171101139578,0.0012780553617663067,0.0013197262389339623,0.0011676191385729625,0.0011103125184444016,0.0010915569112990406,0.0012613865246779484,0.0013259767207420227,0.0016592791572477862,0.0020091271955759507,0.002283921959966861,0.002563843521321793,0.0030288187752286026,0.00344056263062187,0.00396227719184787,0.004212645083318082,0.004273928917336715,0.004198102605258706,0.004029809975143682,0.003642213675213024,0.0034530370710133514,0.0033511579203895133,0.003303333514962592,0.0031047337982759373,0.0026762063451594904,0.0025014142744479435,0.00225582141621941,0.0020112092579838603,0.0017925690327254022,0.0018019403086195784
2017-06-05,0.0,-3.31557428885527e-05,-4.973402658061823e-05,8.599258500564356e-05,0.00030871008121411683,0.00034703320627303826,0.0004371385519111346,0.0005293068844908019,0.0006711673799460175,0.0010169327412217774,0.0012528955429880928,0.0013636132785820837,0.0014712150321806445,0.0014908717940814902,0.0014463848858987324,0.0013946534341991027,0.0014722496082294955,0.0015105281696016423,0.0015343222125055195,0.0015736328691123075,0.001730860044084425,0.001811532813655559,0.002003880081728157,0.002122785961660523,0.002240643924343049,0.002360555314104599,0.0025166253268088805,0.0026385703710823426,0.002769799695548185,0.0028224932397230983,0.002832824981623544,0.0029619627495895582,0.0029898543175055957,0.0030198110610033108,0.003166482851116543,0.003298675609004937,0.0032284503822158747,0.003111741671017395,0.003029107798933081,0.002834891317194618,0.002671637650598838,0.0026313367579286337,0.0026313367579286337,0.002581733429535276,0.002599301556406501,0.002393631787948677,0.0020131862692573063,0.001888062502558269,0.0017784370801063871,0.001633630365786661,0.0017670601687203916,0.002051444130347413,0.0022054947574779203,0.0024814858592920744,0.0027553343153355957,0.0029237397078058364,0.003051832794466547,0.003166482851116543,0.0031778438526198294,0.0031644172006121923,0.003026008895893074,0.002950599295182264,0.0028069954267223376,0.0027470682898370615,0.0026923041450456686,0.0027336358526710404,0.002753267815366792,0.002845222931003005,0.0027222698033700444,0.0027140035045535417,0.002672670985464962,0.0025920676591907727,0.0025248932573664435,0.0025434958511886176,0.0024928546456692018
2017-06-12,0.0,-0.0007062315386695909,-0.0013766808632573926,-0.002070400550564623,-0.0026940182485203144,-0.0027355373924844583,-0.002821695116188465,-0.0031300552604358375,-0.0034073491028102348,-0.003947617837302128,-0.004165886056549201,-0.004304147240461907,-0.004321821100563318,-0.004336376278724165,-0.004124307484475999,-0.004048431046620082,-0.0039320290730596105,-0.003800053940308268,-0.003711733855796101,-0.003617188057377353,-0.0035870599558039656,-0.0035579716155513088,-0.003486293245715249,-0.003372034003835988,-0.0032577878156398146,-0.003108248893702861,-0.003097865076673986,-0.0030179132968995255,-0.003070867657002549,-0.003138362572843813,-0.003231824593062427,-0.0033512609987708932,-0.003610954582578763,-0.003739787625523254,-0.003892538624546716,-0.004061942867644891,-0.004122228601252145,-0.004101440006705795,-0.004077533657230268,-0.004032840710757132,-0.003966324675171627,-0.003891499423276795,-0.003835384158351356,-0.003803171262279362,-0.003790702032700963,-0.00393306831644887,-0.004109755392664505,-0.004261523333537732,-0.0043415746079810144,-0.004344693618506168,-0.004304147240461907,-0.004211624482656197,-0.004078573051845285,-0.004118070847769433,-0.004322860749120536,-0.004546410290449289,-0.004837619518015392,-0.005164290772081629,-0.00535472484266535,-0.0054025992203074625,-0.005245454957909005,-0.005106023111241263,-0.0052340083275626455,-0.00539843613996098,-0.005493150505963414,-0.005659703015149574,-0.005595160625872096,-0.005308934104250403,-0.005054001282870407,-0.004851142006694522,-0.004742967216931724,-0.004737766800690425,-0.0046098450761309735,-0.004427870821346383,-0.00438212250362897
2017-06-19,0.0,0.0007690248040406181,0.0018080400194517012,0.0027628151634084357,0.003839223637558773,0.004015743761830218,0.004102953969632728,0.003960714360022477,0.0036740971986232865,0.0034694687517506317,0.0032003757442071747,0.0030372223313150522,0.002969666947567154,0.0031453014536516406,0.003325061043868177,0.0036169716423475173,0.0037374508172523953,0.0036990236914359615,0.003630474341069895,0.0034995943495252095,0.0032606422468564452,0.0031577713699784825,0.0031453014536516406,0.0031702411308088935,0.0032772668498146067,0.0033541520436344784,0.0033707750921147758,0.0033946702402061152,0.0034175259345474844,0.0033842811155417973,0.003402981462225942,0.00339882585985058,0.003313632205271844,0.003254407949493,0.0032014148526106592,0.003154653905474977,0.0031453014536516406,0.0032388220360412665,0.0032481736132628485,0.0033011642323770153,0.003392592423907814,0.0034216814592136595,0.00348089580946517,0.0035806173164645333,0.0036460541515054585,0.0036387836035086762,0.003686560522695658,0.0036117782481373544,0.003572307570690522,0.003506865909570896,0.0034902451231997255,0.0034694687517506317,0.0035546491316444683,0.0038610307515593457,0.004162127993706857,0.004483890340739584,0.004861569506781142,0.005383237674400684,0.00557399862455395,0.005869398932985643,0.006199936515475526,0.006567647745117445,0.006728155322196114,0.00711844366948623,0.007325431367911442,0.007503406528429443,0.0074951293163185665,0.007434082761058281,0.007182614438274159,0.007124653923858179,0.006886566571589853,0.006791315756450312,0.0067385097651324975,0.006716765311132387,0.006558327158893844
2017-07-03,0.0,0.0006837922628748904,0.0012497695005443388,0.0017127940648315853,0.0022656285070946133,0.0021546673214127643,0.0021494329991239517,0.002269815480582664,0.0025053045165163985,0.0027930491603042353,0.0029865762549627886,0.0033672445834583772,0.003655786643078537,0.003958875222513108,0.004208592985273893,0.004533446190519935,0.004787196978326375,0.005107687216295862,0.0053529442338325454,0.005720195446133139,0.006249968052594857,0.0067158942143344625,0.00706701945973119,0.007421145553150628,0.007615861463773821,0.007562760884496662,0.007603367463496826,0.007654383648652989,0.0075835849771396634,0.007601285114940849,0.00767104143116943,0.00759607922457995,0.007553389901329459,0.00771580784678696,0.007896935208964635,0.008022872256219383,0.008268455914069576,0.008362094815483178,0.008224754759207547,0.00820394401420291,0.008186254540427708,0.008191457359315275,0.008294467599560498,0.008355852494838093,0.008263253495777384,0.008143590404466312,0.007980201148975801,0.007809498509436086,0.007663753685461488,0.007573172985023406,0.00754610129815374,0.007400318077544251,0.007088895587719818,0.006899286577598386,0.006694009924908524,0.006344838629911661,0.006303138385855109,0.006449081632955222,0.006586665760133257,0.006697136281291351,0.007004513599786394,0.007184728222346854,0.007382614382209861,0.0075575547935784575,0.007854258727394505,0.008083233151951872,0.008253889074646789,0.008291346233026367,0.008296548505170602,0.008307993408625166,0.008380821543622656,0.00835169092609295,0.008458845802964764,0.008742802707911971,0.008775041801351266
2017-07-10,0.0,0.00040944029257613217,0.000783580008150249,0.0007990800151255941,0.0008559113186496158,0.000488000572125813,0.00015821271370396455,-0.00017168394063022573,0.0004673274127083223,0.001105930691287258,0.001744126415970638,0.0023819151066243635,0.003019297282121383,0.003019297282121383,0.003019297282121383,0.003019297282121383,0.003019297282121383,0.003019297282121383,0.003019297282121383,0.003019297282121383,0.003019297282121383,0.0033553579328915394,0.00377372960760643,0.004191926320659791,0.004721116743749804,0.005250027272446611,0.005443411078184367,0.005554486992515015,0.005665550570357413,0.005665550570357413,0.005665550570357413,0.005665550570357413,0.005665550570357413,0.005665550570357413,0.005665550570357413,0.005665550570357413,0.005611048689257704,0.0055565438375410475,0.005502036014883598,0.005607963588289877,0.005533918309568155,0.005531861418004343,0.005558600678336477,0.005545231137544026,0.0054002115570752855,0.005519519979774265,0.005736501398892133,0.005977079775140816,0.0063337283716240304,0.006675868125179018,0.0069521658402906935,0.007157542182890234,0.007344398005686999,0.00765540472049871,0.00807300745093779,0.008504791479483716,0.008896415246824566,0.009313500157317993,0.00952761131255885,0.009711976528281306,0.010084700128354995,0.010414301395697599,0.010598503224114729,0.010893155592724411,0.011080337518247706,0.011079314761396472,0.011111019737392593,0.011057836625881952,0.010987262361014024,0.01087167345844268,0.010717193092743578,0.010557572416615509,0.010522779912963964,0.010339587649100975,0.010132816401850956
2017-07-17,0.0,0.00041843669026751996,0.0009033615970265826,0.0013264684903375064,0.0016565493025671,0.0014274222001186701,0.0014566968697079913,0.0014768857976969532,0.0016050759796149118,0.0017625154490056416,0.0020773200457344823,0.002202407178164105,0.002241745864590158,0.0022941950393346156,0.0023990851367968616,0.0025039642334806463,0.0025372408788751273,0.0026007659453332038,0.002577574722101035,0.0026098406254128673,0.0025937078038929047,0.002534215775051005,0.00254329105906975,0.0025120314007151044,0.0024464837831203855,0.002329495819636492,0.002241745864590158,0.0020389837598299397,0.0018180170446908258,0.0017322405529470047,0.0016666418003091817,0.0016737064881231151,0.0017978350026711875,0.001945154544067413,0.0018936960748244989,0.0017917803106379626,0.0016706787708858485,0.0014455927855752035,0.0013678607440354986,0.0013486791809494481,0.001410260788460778,0.0014859706823163426,0.0015808523225881279,0.001566721585003894,0.00159397354298316,0.0016303083317306237,0.0016535215333822028,0.001637373276232926,0.001608103895485095,0.001566721585003894,0.0015334126277680533,0.0016161782929837115,0.0017322405529470047,0.0018452621553302416,0.0019885390391620734,0.0021227163784248533,0.0020722758815550127,0.0020369660198601746,0.002116663653134984,0.002202407178164105,0.0023052897045656487,0.002461610537761362,0.0026521880436383197,0.0026915090406020776,0.0026814268810838883,0.0027086484784994147,0.002841721177722659,0.002848777568872719,0.002948569769338117,0.0031108368320506385,0.0031723100219490023,0.003052383408830106,0.003013076599525035,0.0028830507604862125,0.0026572292835010127
2017-07-24,0.0,0.0002761879627828187,0.0005180417734112224,0.0008776911342761952,0.0012986288648699196,0.0014627264318124208,0.001746561712631377,0.0021218655194274855,0.0023109733134450833,0.0026287547991130544,0.002983625503736957,0.003067047074693838,0.003211761966510854,0.003432813731705591,0.003661852193086118,0.003905901239116459,0.00419004791493086,0.004271361255935234,0.004407872490720585,0.004476121120505224,0.004563432429031085,0.004539347312227265,0.004618625300534431,0.004596548517482159,0.004534329506543573,0.004420920383009439,0.004319543819678515,0.004156918361810371,0.004131819484783048,0.0041378432727217146,0.0041629419985610774,0.0043024794271929075,0.004430957107383774,0.004452033900681206,0.004480135600735547,0.004401850329165967,0.004295452828001695,0.004272365083025884,0.004273368909108866,0.004338615443160962,0.004479131982188789,0.004637691220954963,0.00472900190562272,0.004805254989645388,0.004782179011987922,0.004712947883839232,0.004641705052618788,0.004511247276096576,0.0043366079209753786,0.004244257543578113,0.004218156978097793,0.004213137560480738,0.004247269103450504,0.004322555152830654,0.00435166423913371,0.004431960774280869,0.004577481812614501,0.004739035538359723,0.0048724732810720974,0.005099176288064667,0.005293738768808534,0.005406046266855913,0.005552428177521406,0.0056366381973605275,0.00572986244836379,0.005638643111405024,0.005315800165676833,0.0048865183235233586,0.004620632256644482,0.004346645491602304,0.004237230535271713,0.004367724061974198,0.004617621820969172,0.004804251697341828,0.004805254989645388
2017-07-31,0.0,0.0006424972211534777,0.0008708633918419976,0.0010234108600742221,0.001490878742629789,0.0014350731692330174,0.0011659668696246527,0.0012317550973434145,0.0014450386786051944,0.0016124443887264672,0.001471945057860068,0.0014500213960495422,0.001331425984157807,0.001049331646153279,0.0010144381237335049,0.00109020536679918,0.0012018518940102745,0.0013493656888110067,0.0016423353167325009,0.001905336964001142,0.0020726656417379046,0.0020587226546122136,0.00208362070952751,0.001993984810489307,0.0018973682333005661,0.0020039447516062487,0.002208101686256618,0.0023405324328865788,0.002502810862208372,0.002535661572159846,0.002442083981336379,0.002351484566586388,0.0023056839367200112,0.002234987542356258,0.002271829948966063,0.002296722698555603,0.0022499238167416956,0.002284774256084906,0.0025904103573725847,0.00281932735207509,0.0029845131516465376,0.003205381643266479,0.0033695090602244657,0.0033128135434819074,0.003256114812175478,0.003293914323571455,0.003286951363040173,0.003268051654343746,0.0032362197585824592,0.003235224995512637,0.003227266855329931,0.0032242825364337813,0.00315265621094286,0.003093958591711429,0.003075055235121592,0.0032083660185695914,0.003407304285697495,0.003558470904417749,0.0037344716605816368,0.0036927115722829008,0.0034878630252454575,0.003336685731786937,0.0032302511653201685,0.003180511502704059,0.003286951363040173,0.003446092637063058,0.0035704041379763904,0.0036877400170362185,0.0037851779948577637,0.004003881738645264,0.00438649823388489,0.00476598866822708,0.005222775636689215,0.005690269673736631,0.005891691234362849
2017-08-07,0.0,0.0002292848357976613,0.0005329318772250227,0.0007759815265202182,0.0009317006591124814,0.0007253923862123485,0.0005626962328238973,-5.956150817685163e-06,-0.00039119591272232366,-0.0005838714615992859,-0.0007497610798227395,-0.0007388333720734182,-0.00040311291083050484,-0.0003057949152660977,-0.00022040121051754915,-3.772288767155279e-05,-0.00011019453317197613,-0.0001717499186423548,-0.00015387860993590916,-3.4744713223114186e-05,0.0001042268970860297,0.0003751660004661784,0.0005626962328238973,0.0007164646251907261,0.0007491993592760541,0.000704560819841636,0.00054384557714297,0.0004297419183101436,0.00033448019658092744,0.00022432251716446384,8.437499229508138e-05,3.672881281492262e-05,2.8787562186968657e-05,-9.926937738343895e-06,6.948797783582215e-06,-3.3751990377895825e-05,-4.367926317757533e-05,-8.636765923690403e-05,-1.6875852789396622e-05,-4.5664729563477795e-05,-5.857035716196572e-05,-0.0001191297572649548,-0.00016777848910651345,-0.0002760055854046116,-0.0003008299653300967,-0.0002740196616323503,-0.00022437284904684547,-0.00016182137437534632,-0.00013501479723105974,-0.00019756459508166006,-0.000378285991695983,-0.0004527685983038067,-0.000564999535922554,-0.0007199585217676976,-0.0007179717161437751,-0.0006663161554111393,-0.0006911502265659871,-0.0007348596897711601,-0.0005411618230703429,-0.00045574801796262115,-0.00032863400247817035,-0.00025912535905026686,-0.0001032449696293363,-4.963456551104828e-06,4.9633210584016605e-05,0.00014690715791847655,0.00016973538691056184,0.00017072790678434465,4.367735538276333e-05,-2.8788390934340956e-05,-0.0001995503670257516,-0.0005431482774379691,-0.0009087230584393241,-0.0012784073602096861,-0.0017148504652474196
2017-08-14,0.0,0.0008622546281763172,0.001951598927083344,0.0031443064270065308,0.004462525332606822,0.004949631857901951,0.005411958864294779,0.005748341284175121,0.005962994318813281,0.0060304471861478675,0.006046798711234407,0.0060549743735142415,0.005835230205943255,0.00576163066713384,0.005819897415390376,0.005726873446317634,0.005847496269119835,0.00605293046421055,0.006125486686372871,0.00610709264931042,0.006103005039570844,0.006106070748441896,0.006106070748441896,0.006088698273901146,0.0061704484637601885,0.00621540821967741,0.006186797699791499,0.006150011542827186,0.006238909105815021,0.00641872369294064,0.0066209764626031994,0.006882414372589164,0.007230551713732714,0.007502035137560809,0.007539792031132228,0.007439784173288617,0.007289753631075547,0.007071301577369776,0.006972267870605289,0.006872203236937035,0.006878329930840423,0.006963078678932584,0.007033526990576049,0.0070304641237018415,0.007124387774052383,0.00726321527396157,0.007330580497608792,0.007433660918288781,0.007588771822896323,0.007698967583736057,0.007724474131013037,0.007748959804344906,0.007728555118203867,0.0076112200923907965,0.007510198911020268,0.007581629086013597,0.007667338561554723,0.007792828469729382,0.007872399277078307,0.007992763593487901,0.007983583774605778,0.007904021814157211,0.007826493814779418,0.00804478097546481,0.008207955204089498,0.008351730425544497,0.008570922362605473,0.008700375961570824,0.008698337452088287,0.008415963737267764,0.008119232520037316,0.007811191525709446,0.007422434853407103,0.006782340746909447,0.006648553216627038
2017-08-21,0.0,0.0006265152200869682,0.0012577104934806851,0.0021510534246806236,0.0030506875531209196,0.0031377713105362024,0.0030952429810931943,0.0030273964256723376,0.0029008047247538276,0.0029524560741063252,0.0031316959456347045,0.003108406704908467,0.003117519950656965,0.0027235494163794587,0.0021652431268084625,0.0017597437386250232,0.0012607538784550178,0.00034529194776965194,-9.446827320550712e-05,-0.00024888724672784225,-0.0004897065211560423,-0.00045109024398380193,-6.0944580047286e-06,0.0002995983880658027,0.00021125158517244539,6.297389124860806e-05,1.9298871981318332e-05,-0.00011275348595442255,-0.0002824155692734202,-0.000255999221210035,-0.0002631112462727685,-0.000595400800551536,-0.0008617186127899098,-0.001159631344865225,-0.0015980192845208724,-0.001747583031768254,-0.001822882091176163,-0.0018544279769593577,-0.0018035480078834147,-0.0016397320938693234,-0.001691621187556591,-0.0016275232866390346,-0.001664150155503811,-0.0017516531062405486,-0.001970443987298836,-0.0022585068378863098,-0.002678025883788648,-0.003057985030018809,-0.003335150848280735,-0.0033983391034396963,-0.003334131715593284,-0.003264833129358565,-0.0032576997239777685,-0.0032413949884708285,-0.003579772735412973,-0.003806101269576625,-0.004117131685249679,-0.004479272564047957,-0.005075305290008734,-0.005246832577561909,-0.0054418785135403125,-0.005604275617713505,-0.005869887466380747,-0.005796326352387174,-0.005894409040258267,-0.006149877862699999,-0.006304212651958647,-0.006262304823621222,-0.006542405129984924,-0.006911562213582353,-0.007353502789998949,-0.007902108107829991,-0.008547309064217292,-0.009042245201430071,-0.009381566551740338
2017-08-28,0.0,0.0005744806149210176,0.0011547052986458826,0.0018458773991666744,0.0023788566392466907,0.002577007968873627,0.0028044292100879776,0.0031974933012671814,0.003475273185224125,0.003679265991650592,0.0038034590524471377,0.0040083943597320525,0.004082080041880269,0.004301086249109049,0.004564435722948268,0.00475105906664044,0.004713737184059802,0.004667335063272799,0.004627992448103349,0.004521053416364816,0.004431256151287068,0.004370714118448709,0.004311177545063493,0.004271820914954952,0.004166862328085531,0.004050789525074566,0.003989215003986152,0.003982148832826285,0.003983158288906209,0.004058864590886282,0.00406593021998218,0.004038676804092914,0.004026563936391475,0.003946817228045924,0.004071986433758384,0.004371723182365436,0.004779301727584961,0.005039500145473406,0.0052845088505576,0.005340963252050174,0.005188730700908286,0.004995130009794315,0.0048529306288785145,0.004786362268190643,0.004756102457453127,0.0047944313964120465,0.004691545134058056,0.004606807321877223,0.00442923814257737,0.004233471939271454,0.003912493902314235,0.0038074975922324774,0.0037772081462846916,0.003787304730206431,0.0037802371321651444,0.00382970926951782,0.0038034590524471377,0.003644933481284397,0.003512641317382414,0.0033793215851577146,0.003357099901641928,0.003424773490736593,0.0035429387778516106,0.0037166265018985594,0.003989215003986152,0.004120434823616106,0.00417291793062801,0.004197139974101808,0.004043723788998947,0.004094192237145205,0.00421429689992435,0.004348514454671888,0.004563426853472394,0.004859990649645101,0.00479140548095908
2017-09-04,0.0,-0.0003851863787944436,-0.0007002667921297095,-0.000908033347580569,-0.0011700614162012599,-0.0012072127148691607,-0.00111885513167286,-0.001073675293318568,-0.0010616276811550014,-0.001023477866829686,-0.0010917469837148652,-0.0012614360063970295,-0.001539627642054654,-0.0019565578263546694,-0.002341493480018427,-0.002594847914171217,-0.002872405011257677,-0.002920683675718318,-0.002864358793784552,-0.002793957152391534,-0.0027476959151766784,-0.002742667648777169,-0.002779877418860212,-0.002713504202238976,-0.0027205435769816237,-0.002949853165038081,-0.003016242071275115,-0.003266748996988865,-0.0037357378716283184,-0.004413442864298187,-0.004989803044898803,-0.005916504462800238,-0.006681503475736266,-0.007552174543353075,-0.008123269570385219,-0.008631970336366347,-0.009259353400602867,-0.009488142570357091,-0.009587368305949322,-0.009427396978949726,-0.009148014776208042,-0.008574311322653324,-0.008403376943338267,-0.008065639879552562,-0.007863456704952027,-0.007846273019950702,-0.007691633141050125,-0.007393538770249469,-0.007210684166931016,-0.007317766231292647,-0.00729857143288034,-0.0073207970226172045,-0.007578447864716749,-0.007873564892887564,-0.008007002550405526,-0.008389218009303503,-0.008694690933325174,-0.008819132149428142,-0.008572288259736004,-0.008395286099341806,-0.008031265855796778,-0.007677484280892067,-0.007307663659885083,-0.00732584836190399,-0.007174319281668312,-0.006873349611685166,-0.006607803956718302,-0.006482628180490305,-0.006405915287538802,-0.006263608268484396,-0.006083987187752219,-0.005956859180776704,-0.005845887624690188,-0.005554393746771432,-0.005694582618727589
2017-09-11,0.0,0.0008897320985483554,0.0019734316673270208,0.00322941455364458,0.004459790564636569,0.004317593194447361,0.0042735279337891485,0.00414532704281802,0.003970025787161918,0.003957002181877054,0.004031134285319163,0.004114275917136919,0.004249491518619059,0.004291554866026472,0.004274529438550179,0.0042274576304983215,0.004211432679649687,0.004097247471117265,0.003995070705223847,0.003867836020676669,0.00365240181219806,0.0034950554137779936,0.003485032511446139,0.003572228397058056,0.00379569578001775,0.004249491518619059,0.004789170177614959,0.005390583667504315,0.005920648347804815,0.006370482816308645,0.006623300915034029,0.006757178684830332,0.006654274231524526,0.006561351403865892,0.006476414384614611,0.006508391520964708,0.006495400932645881,0.006510390058035605,0.006528376711938968,0.006521381940530563,0.006443436891750511,0.006377478643297658,0.006383475027478113,0.006370482816308645,0.006367484589759487,0.006504394434840643,0.006576339540755738,0.006669260975749454,0.006781154900425783,0.006873058401813819,0.006860072549899415,0.00692300241458605,0.006953966449861509,0.00693099322515407,0.0069749415419404475,0.00706083494827614,0.007216622765584377,0.007331450810713162,0.007594008009508244,0.007775661234003258,0.00790439546236697,0.007957281466597077,0.008023135599716047,0.008074019914238046,0.008077013028578668,0.008060051928860296,0.008060051928860296,0.008090980777047467,0.008093973840622794,0.007876454557379179,0.0076099788467598045,0.007317472449216523,0.00693099322515407,0.006440438883926549,0.006319511742381995
2017-09-18,0.0,0.001389537915283204,0.002871956703154724,0.004405428421781269,0.005817417555558562,0.0060625634949199175,0.006244661132238775,0.006390315370985589,0.006447390300542941,0.006531028709120025,0.006421805390128202,0.006306665192048479,0.006157061543015108,0.006046812952018185,0.0059483664379296475,0.005876494362316855,0.005870586838691793,0.005959196028901013,0.00604878178344778,0.006080282559156971,0.006140328164304317,0.006194464553567959,0.006245645353692518,0.006274187354479137,0.006294855191339555,0.006277139928754552,0.006199385898177858,0.006169857467218078,0.006169857467218078,0.00624269268642543,0.006345046731123219,0.006479862513433806,0.006511349712905832,0.006573337239657571,0.006581208396688229,0.006542835920965344,0.006567433831226432,0.0065949827724142065,0.006593998894725966,0.006639256266519957,0.006719927371452675,0.006731732353155277,0.0067848530463337515,0.006857643487604038,0.006872397660945089,0.006863545183062671,0.006825183539979556,0.006665819422145791,0.006543819848992956,0.00645231040057854,0.006329300636892479,0.006317490903506727,0.006373585894976909,0.006381458624432621,0.00634898321594083,0.006381458624432621,0.0064267256160452,0.006596950524886425,0.006769113875866303,0.00697468727637593,0.007103517961073163,0.007062215274327306,0.006989439722946648,0.00689993820209864,0.006733699836557054,0.00668943052369325,0.006715008587946632,0.006564482113941755,0.006403108310857416,0.006303712704946998,0.00610390748975977,0.00584498716636609,0.005715994231750721,0.005620469656503784,0.0055741812709902
2017-09-25,0.0,-0.00133610627895322,-0.0025682323049443173,-0.004211414277484466,-0.005851237293681775,-0.006549786190433457,-0.0069462856716822705,-0.00735002701355043,-0.0073318096070203904,-0.007486668142034113,-0.008066841714240328,-0.008528791169382183,-0.009208934015457379,-0.009787064277204424,-0.010287365940106822,-0.01008437362977344,-0.009476658058472557,-0.008657486146756998,-0.008007087526745301,-0.007600043842908386,-0.007648637364186759,-0.00791695660899466,-0.008012151302468625,-0.008114445062891681,-0.00825929472084906,-0.008330207797655326,-0.008718292684694734,-0.009055836192239767,-0.009216031834044193,-0.00924746563623381,-0.00934988584616312,-0.009196766443658294,-0.009222115718645093,-0.009202850211051555,-0.009168376018529992,-0.0091308613358366,-0.008892625254919897,-0.00879734671208246,-0.008814577265502898,-0.008878434258296243,-0.008987912876623202,-0.009469558389773565,-0.009847939541776908,-0.010180789839341413,-0.010573655126625312,-0.010823463709560196,-0.010748311475472318,-0.010764560128611598,-0.010732063086347365,-0.010586854831561488,-0.010502582787137794,-0.010841744836734396,-0.01103879597722131,-0.011507202190491275,-0.011961593093413676,-0.012491468249531167,-0.012771266084703909,-0.013116288277938514,-0.013063356789594423,-0.01280891758748652,-0.012532161251357747,-0.012163949889809705,-0.011584444242729024,-0.010970737843359142,-0.010665041271736952,-0.010240674059816473,-0.009860115039399913,-0.009505057237332552,-0.009677498138712706,-0.009512157158066968,-0.009307293989719714,-0.008975747993801164,-0.0087111983980785,-0.008103303650515118,-0.007811645378770993
2017-10-09,0.0,-0.00041781746593842333,-0.0004498874104902965,-0.00023443722649919436,0.00013823209190189534,0.0006389130284206463,0.0014564866017910962,0.0019025178313714104,0.002132456208899428,0.002311371671820839,0.0025012469243506415,0.002490255129725263,0.002474266849134619,0.0023773324251964664,0.0022593995288777186,0.002271393340071158,0.0024392915941238297,0.002538218437803713,0.002497249922102218,0.0023153694170923943,0.002196429659938978,0.0019465101327255927,0.001598518133029698,0.0013444475000275893,0.0009782321613178995,0.0006429174653368597,0.0004526890003776031,0.00045669418308391365,0.0004406733560083972,0.0005578197305372471,0.0005968654726288653,0.0005738386809559105,0.00045168770219437143,0.0004606993497490218,0.0003585625885370742,0.0002994787189669502,0.00020133169464594047,8.013687382318301e-05,-0.0002013722372598596,-0.0002494671284894362,-0.0002544771460196293,-0.00027852557956591225,-0.00026449725638124917,-3.305833142878974e-05,-1.7029913042672564e-05,-0.00011620987516503095,-6.411412316127621e-05,-1.7029913042672564e-05,-1.8031681665201933e-05,0.00015626095611401497,0.00033653172329384533,0.0003395359607707766,0.0003916079763801471,0.0004366681091348827,0.00038259570617429754,0.0005307871698160606,0.0007199997507145385,0.0008721447451874746,0.0009902413483459914,0.0011393434089825637,0.0010532872142345034,0.001032272367244114,0.0010332730842579916,0.0011113259260715483,0.0011353409594835817,0.0012504049927449942,0.0013014291526956916,0.00109431492846107,0.0009261906842489066,0.0008701429876442986,0.0007540341935739988,0.0006659426664205106,0.0007760558628976356,0.0007650450888549463,0.0006749523834002375
2017-10-16,0.0,0.0011949397643513681,0.0025521193929674054,0.004025866644278688,0.005570723020802233,0.005769034831115936,0.005906755361215746,0.005630318387817494,0.005431001925376556,0.005269761014983452,0.005047890114592239,0.004907118293749943,0.005087967356149427,0.005040069977739617,0.0049491563988542575,0.004833791787896174,0.004578573626320763,0.004168719314496548,0.0037195452147973764,0.002778463606650055,0.0021482960033610645,0.0015540262756814822,0.001284232881824713,0.000985903816767678,0.0013048378536089165,0.0016069953388182674,0.0018276695730545327,0.0018551278487354864,0.0022208394044433157,0.002361989859299805,0.0022796545152384967,0.002514880372349285,0.0027490711487525416,0.002956759335078476,0.0031673424601167343,0.0033651522558719427,0.0033514439279646673,0.003193784648924534,0.0028627171982542345,0.0026422712793585223,0.0025158603643426355,0.0024345177605210595,0.0024443184248101207,0.00226593129879087,0.0020208421488370236,0.0016040526866943092,0.0013431031034193827,0.0010850295961761134,0.001157650168438638,0.0012567589256615047,0.0014784914621895776,0.0016364213838129071,0.0018727791992605308,0.0020228031004083753,0.0022992587834803208,0.002506060401190461,0.0027167384472104733,0.0030762584575877035,0.0035080993353443055,0.0038888654629184393,0.004390785341410433,0.004615735877692524,0.004718413866409051,0.004648985142544417,0.0046196476132904785,0.004548256029936623,0.004686144777406445,0.004826947706340035,0.005107516647243797,0.005213076215681356,0.005256078771408089,0.005224804368820065,0.005199393196503473,0.00518277785008041,0.005188642121517979
2017-10-23,0.0,0.0013810714658493907,0.0029745170381611846,0.004386821804266697,0.005890235660039293,0.0058843558607758325,0.00549033053416006,0.004633132420861737,0.0037339524202360005,0.003213315030444716,0.0027995588605824817,0.0023669465737425604,0.0024239834490813465,0.0025901585557445406,0.002540997199313878,0.002570494303191868,0.0027553230127290297,0.0028526392951468684,0.0029843452411725696,0.0032044716771826485,0.0033970425679365327,0.003456967779326172,0.003432408700742078,0.0033931129204163735,0.0031926804178465146,0.002909648475606226,0.002612771968153575,0.002418083233526777,0.002173193582627878,0.002037445774303834,0.002051218131019995,0.0019341470525090934,0.0018731466058095217,0.0014499765638696014,0.0007843516346819363,2.0700596917054056e-05,-0.0004979291672937904,-0.0009309839811425337,-0.0009783453135835164,-0.0009605845510542785,-0.0009773585962784786,-0.0009714383128943302,-0.001002026820991441,-0.00112636393657003,-0.0010780087767937748,-0.0009388773807804426,-0.000811603908889344,-0.0008037115138039197,-0.0008204829278170209,-0.0007445205360700687,-0.00041508811358717583,-6.900508471639131e-05,0.00019811670913102785,0.00047502006423950867,0.0005508841139284156,0.0005863510459438395,0.0004809317553968044,0.0005833955163203121,0.0008473883703454985,0.0012343862319164033,0.0014440705986478336,0.0016940592815646463,0.0017668788759719913,0.001818046229637165,0.0019823544505831645,0.0022164716184414606,0.0024731505582618447,0.002756306052829621,0.002972551385967537,0.003006949741533109,0.0030737774498982512,0.0033282715067721215,0.003637704044353008,0.003931330823260579,0.004257263587788011
2017-10-30,0.0,0.0007616223989001285,0.0015729296875826714,0.0023217650420935673,0.003265947337475408,0.0035090891945789493,0.0038727267898391073,0.004192849904979445,0.004539855586823827,0.004731620951406806,0.004928166377155593,0.004839533026294571,0.004713313283335809,0.004523471915946509,0.0044145618692723815,0.004279612614806939,0.004215987363658511,0.004045336019847108,0.00410125887717258,0.004136932169594597,0.0041648914281362725,0.004172604189478218,0.00431335163577114,0.004165855526557228,0.0040260515507866594,0.003832221984227768,0.003811968966165645,0.003677902931208866,0.003693335908201557,0.0037685682604634107,0.003967231623156554,0.004036658054791258,0.004187065456661745,0.004363476079352308,0.004451187810466922,0.004349017363083583,0.004188993609818593,0.003962410164192908,0.00372420114767476,0.0034695344268978233,0.00338173654720856,0.0034290132864344923,0.003494618119604705,0.0035621480112543583,0.003719378516804425,0.0037348108537233497,0.0037010523073825294,0.0037116622590350496,0.0035978405403778433,0.0036431778621170445,0.003762781357382425,0.0039363738840814625,0.0039894100349807645,0.004156214500520561,0.004125362592568518,0.003961445869610552,0.0039296236267278494,0.003986517226550721,0.004058834926917997,0.004081975486534987,0.004283468560530667,0.0043374502395474935,0.00443480268680941,0.00451961689555321,0.004646824722475449,0.004644897451885908,0.004600569203123764,0.004541783059868346,0.004402031634055778,0.004225627813443449,0.004045336019847108,0.003891049853417346,0.0036209917699984292,0.0034299780945751613,0.003342176741702408
2017-11-06,0.0,-8.517280274878937e-05,-0.000303401399983705,-0.00072850959833555,-0.0011595469778651576,-0.0012026609362074988,-0.001378010185888971,-0.0018026168679862629,-0.002143966487138554,-0.0021631468893714466,-0.0021823276594990027,-0.002321399246582855,-0.0021017708971468895,-0.0016664930602973004,-0.0014949267698728286,-0.0013943010213839488,-0.0011595469778651576,-0.0008989866183504898,-0.0007036108929711511,-0.0005858292666730213,-0.0004154056198837748,-0.0002488397857888344,-0.00017705272341375658,-0.00020480977645895111,-0.00020768123971335808,-0.00024788259105849197,-0.0004020027447754646,-0.0005446568485487598,-0.0006241307124614845,-0.0006260458232602737,-0.0006059373427952751,-0.000526464924709219,-0.0004939117817005908,-0.0005149754591129853,-0.0005312522410020274,-0.0005705090991084063,-0.0006001921369300101,-0.0005073158887191112,-0.0003905147090859649,-0.00022682453879362203,7.559674784460333e-05,0.00046879904113771167,0.0009421587033814201,0.0014554289485603467,0.0019245014594338181,0.0022692393164489098,0.0024888164309040824,0.0024783160144670005,0.0023809432648223307,0.002342755284484322,0.0023370269616514797,0.002391444703758025,0.0026510815763251395,0.002911605230340289,0.00304995100626802,0.0031186397290379106,0.003165383522973097,0.0031711071026904814,0.003159659910495939,0.0030365943178106316,0.0029077885238525405,0.0027589256072386567,0.002393354044443757,0.002112641835629644,0.0019464689122654579,0.0018108360606348215,0.00192163610392197,0.00210118252049539,0.002254917394981367,0.0023131585966380676,0.0022157697630502244,0.0017487444621335255,0.0011629832209623591,0.0003109626807651999,-0.0003512649162190541
2017-11-13,0.0,-0.0004519327945447731,-0.0012789081166632193,-0.0022811035317120074,-0.003136768776293509,-0.003474579725745629,-0.0037357819273493554,-0.00371830158302497,-0.0035998317470545232,-0.003541573041488253,-0.003890204907738129,-0.004268107610548256,-0.00442941548738676,-0.004656845490466452,-0.004930996547470617,-0.005006838834443484,-0.004959193649102031,-0.005107970832207647,-0.005188689284830129,-0.005134227927095062,-0.005297620899226365,-0.00537251826798069,-0.005476605744357053,-0.005671190831191652,-0.005995259028486217,-0.006095517608100885,-0.006357405392143324,-0.006615466014449717,-0.00684631627985704,-0.0069320464034290695,-0.006876515825794511,-0.006749878675155841,-0.006545344841138033,-0.006416802125827184,-0.006214283494394629,-0.006185077460426005,-0.006067288447668413,-0.006015699282354977,-0.005730546818744435,-0.005548597813586105,-0.0053968368018661155,-0.005344309509548516,-0.005386136574097289,-0.0054902254680520846,-0.005461040572984262,-0.005452285270554115,-0.005455203696180322,-0.005284976442386014,-0.005183826543011892,-0.005229537249683186,-0.00527233214542582,-0.005466877483857643,-0.005732492976348233,-0.005889171089271529,-0.006113039556775766,-0.006350589599172041,-0.006490809549974162,-0.006726501262411004,-0.007055783517754943,-0.007147378329654779,-0.007290633845602687,-0.007454379568355328,-0.007472900117636168,-0.007416364778647981,-0.007464127183113938,-0.007478748783409493,-0.007268218362935561,-0.007136659354388929,-0.007349111382935413,-0.007826805979447082,-0.008438393086511906,-0.009204623917595734,-0.01004180414437092,-0.010566742388204528,-0.010842518670845094
2017-11-20,0.0,-5.64389000403301e-05,0.00011870591111009443,0.0007635581791320572,0.0010785384079774864,0.001364267967866864,0.0012826392811686918,0.0008918954340576356,0.00037552949126098094,6.227371049232931e-05,-3.892303845399453e-05,-0.00016348694330427197,-0.00021701526247422091,-0.0004340776307955723,-0.0004730175688664513,-0.0006063983483098784,-0.0007066890453607427,-0.0007222690853822798,-0.0007008465929327443,-0.0008050421183648216,-0.000760246449903737,-0.0006716348427964288,-0.00048762043657808165,-0.0002744397359246673,-0.00013234451242082109,-5.74120124576891e-05,1.94609511158096e-05,0.00017027048236931136,0.00032883920059561877,0.0005204500502464599,0.0006984109975268082,0.000883145689866014,0.0008607848846622798,0.0007168860025473119,0.0006060308521909415,0.0005817188691537309,0.000512669614153147,0.0004533417982891064,0.0004533417982891064,0.0004319440174327673,0.0003551027573346135,0.00030257495406431703,0.0002393433830062436,0.00013038114123373437,5.8381717197980504e-05,9.730565506476797e-07,-0.00011872000387611604,-7.687445966621386e-05,0.00010605759131750626,0.000256854064522534,0.0004027644874545904,0.0004864101954085572,0.0004572322547077585,0.0005000262763895287,0.0005000262763895287,0.00042610817955228756,0.0004455608400445543,0.00047182133147729676,0.0003774748727308471,0.000438752451916004,0.0005243402455928723,0.0007586965957045692,0.0010241044722933688,0.0013467766673589548,0.0016771162205570977,0.0019403381458406419,0.002157856745024118,0.0022685400104098105,0.002330672614999656,0.0024112450873123616,0.0024626915832105635,0.002427747081870102,0.0022986359728447577,0.0021530019353884437,0.00197529968329725
2017-11-27,0.0,-0.0005577747341647277,-0.0010589776315852802,-0.001664611588743033,-0.0025061642644009625,-0.002504233287181814,-0.0025206467123983643,-0.0026809331426607763,-0.0026423075568746787,-0.0025013368283440013,-0.0025399569693316613,-0.002499405860446268,-0.0022744736167159417,-0.002085299400211427,-0.0019444071661319274,-0.001754330609090803,-0.0017089877325212265,-0.0018546710914460385,-0.0019820408198863767,-0.00202353597726275,-0.002112322097348397,-0.002283161047307045,-0.002443409413309738,-0.0025640953148808984,-0.0026509981835992793,-0.0026818988014209264,-0.0026268577402926265,-0.002491682026141823,-0.002471407244927853,-0.002519681209339966,-0.0025515433024794203,-0.0025592675991581815,-0.002586303107403057,-0.002566991955502051,-0.002573750816247746,-0.002667414017927147,-0.002839313644420607,-0.0029948213459873403,-0.0031580821574275523,-0.0031803031451515555,-0.0031938292055223956,-0.0031938292055223956,-0.0032469690711102867,-0.00338031425754675,-0.003551369985890404,-0.0037127883803018116,-0.003800757875244501,-0.0037775563779735045,-0.0036354589520661094,-0.0034663216725984384,-0.0032711244890025306,-0.0031030148811425646,-0.0029368653384444564,-0.0027340457592855555,-0.0026278233468359996,-0.00242410102062656,-0.0022020812966407795,-0.0019994106762382118,-0.0017475772844049902,-0.001401289338179435,-0.0012093874987562116,-0.0010011337060489938,-0.000829549744679849,-0.000743768803128447,-0.0006194476902075258,-0.00042095144315839537,-0.00018300059381781366,-6.163856495807346e-05,9.822861079899253e-05,0.0003119869452992987,0.0005988519936268933,0.0008394471309163457,0.0011915740387820285,0.0014868417270527709,0.0016810745512799523
2017-12-04,0.0,-0.0005059288645464588,-0.0005919226938009179,-0.0010605707417686045,-0.0010407921238383276,-0.0011218869435063365,-0.00041203600216359397,4.445416948742905e-05,0.0005777501189054393,0.0006517965124602777,0.0006745029746710321,0.0005234459454189323,0.0004987612553069689,0.0007485422046375987,0.0011087882220168102,0.0015034293947241268,0.0016464483676674356,0.001808183111206876,0.001943270743350822,0.0020359480528568835,0.002187762531912028,0.002492307798414578,0.002587890262751125,0.002552417424595086,0.0026115381224730413,0.0027514431843088413,0.0028401052734426837,0.0030725596479312355,0.003248834353312326,0.0032990521854781934,0.0031346040096697754,0.0028686724943317718,0.0026253324490638215,0.0025938022801088047,0.0026499647018472195,0.0027209022000296134,0.0029661889281443017,0.0030764990869355632,0.00309028700123779,0.0030085415889072992,0.0028844333703214576,0.0026785373549626226,0.0025938022801088047,0.0026006995895176003,0.002727798632849667,0.002867687431334386,0.0029858880632546393,0.0031533150457841814,0.003255727146257187,0.00324292620725902,0.00330692926367283,0.003478240365051209,0.003314806279819816,0.0031178622595360497,0.0029543692608089635,0.002488366057347631,0.001824946801842249,0.0014294460369998936,0.0011462858290817507,0.0008630454187495913,0.0008916691738032436,0.001126550421688023,0.0012903425047791016,0.0012498903283723408,0.0012291702872078557,0.001109775019164297,0.0006547582541620616,0.000242004350345108,0.0001827433937176318,3.062419519117731e-05,-2.6673450286376864e-05,0.00015311159840410588,0.0003555780353456228,0.00045235238824262755,0.0006843751887324181
2017-12-11,0.0,0.0006917873637943891,0.0017193413558258613,0.0026652737232468336,0.0035016878649069905,0.0036190403730637457,0.0039041205028733975,0.003919632736208647,0.003972954203104421,0.004127085728007787,0.00426956355332003,0.004217227119202624,0.003986526486175938,0.0038575823590386495,0.003721833734254699,0.0035414534805545956,0.0034347616733172532,0.0033115669726675417,0.0029186005807911503,0.0025371299535282485,0.0022798220433859974,0.0020545018838538276,0.0019437656138238833,0.002184649893404311,0.0023749851364912858,0.002532275700061462,0.002601203890990754,0.0025720798829037086,0.0022594287737468,0.0021166642402935107,0.0019913642851501286,0.0018893643579187707,0.0019398799079758818,0.0020603297689242303,0.002001078021344538,0.0018398177819412703,0.001744603744599948,0.0015735843422262576,0.0013626849234589832,0.0012926992510525772,0.0012800624270558221,0.0013597689515630353,0.001480288702855089,0.001692134992644464,0.0018398177819412703,0.0019437656138238833,0.0019505655627272698,0.0018922787859402765,0.0018281594072933303,0.00173294425985177,0.0016532674754869286,0.001728086101084227,0.0018815925083350356,0.0020535305663736346,0.0022914751536011334,0.0025303339920769597,0.0025157710620149817,0.0024885863584578334,0.002450720718366029,0.0024604299935395662,0.002521596259489358,0.0027273981254406984,0.003069013367131865,0.0033193277166899617,0.003522055816808427,0.0038168597064757344,0.0040088234084745536,0.004037905603484295,0.004103822114431092,0.004168765015589013,0.004224011626295992,0.004303483853217431,0.004474037066233242,0.004632935474289205,0.004802463861254917
2017-12-18,0.0,-0.003284260611555869,-0.005656328731276065,-0.006269295190311437,-0.006907100847512902,-0.003351538073095282,-0.0009197512847724847,0.001396481443885984,0.0025380490262991483,0.0038777520412613103,0.005650605798365757,0.007423215966878042,0.008642714793193238,0.009301492841570468,0.009896331622191508,0.0098260859209832,0.00983570891146239,0.009842444949699913,0.010385989886107748,0.010819651870220104,0.0111301190874243,0.011931313428545483,0.012368145376643495,0.012206875800759198,0.011861210535716057,0.011650872365910192,0.011357861911987078,0.011170482356854416,0.011325193132095845,0.011642227385018208,0.011921710583030345,0.012043659870522128,0.012235675846841348,0.012335509585352246,0.01247564398022485,0.012731866371145225,0.01288729515341452,0.013116556477313983,0.01329302311694559,0.013395627986164095,0.013418640716999695,0.013663118281648495,0.01385578201166789,0.014088654281322643,0.014223752838800126,0.014071406343169567,0.013728302205782143,0.013279597401906398,0.012588888937826297,0.012058062347748614,0.011674885809597696,0.011560576657008584,0.011461626251735415,0.011768052512269925,0.012122390880307423,0.012533227764647248,0.012590808233368127,0.012768327143196425,0.012826853497582407,0.012441092117876192,0.012057102189053662,0.011949558580977099,0.011747883137543743,0.011588434713488218,0.011608607304413161,0.011670083166991788,0.011644148498341646,0.011581710426082427,0.010873485911420037,0.01064947878840289,0.010432153542046905,0.010063746685897506,0.009507512664486586,0.009634569150891212,0.009551791757542429
2018-01-01,0.0,-0.00011681261133629224,-0.00030108137830182907,-0.0006222080988042276,-0.0007561997335553042,-0.0007533486607679137,-0.0008151237244753726,-0.0007619019035160492,-0.0005699467254110292,-0.0003371792377025616,-0.00019279561777333295,-5.887944814554217e-05,8.45144384875967e-05,0.00019180899680986237,0.0001804154307565873,0.0002734590882369055,0.00028295285225814594,0.00024972428385087347,0.00028580096388879843,0.0003095349120274935,0.00023263487586545146,0.00014908245474315107,5.222886690663783e-05,-8.262214192626929e-05,-0.000117762363284856,-0.00013390828442181492,-9.876749569737393e-05,-3.418764458850509e-05,7.027093245785375e-05,0.00011110177361199668,0.00011110177361199668,0.0001243951760967213,4.843049583795062e-05,-0.00011966186988785204,-0.0002963317569652369,-0.0004473807641052439,-0.0005908509470193125,-0.0006564170222052713,-0.0007267390400580569,-0.0007200867455153573,-0.000725788709556838,-0.000688726524432779,-0.0007324410420309161,-0.000771405592373017,-0.000847438354927102,-0.0009206253491555508,-0.0010527556945075405,-0.0011364155866729754,-0.001237197023197942,-0.0014663699808412209,-0.0016033282705984907,-0.001668009539401163,-0.0017165232366823816,-0.001726987283881133,-0.0016299612275526764,-0.0016280588499611043,-0.0016527900409405104,-0.0015843051641817978,-0.0014739782826397737,-0.0012980511103295287,-0.0011021902393773904,-0.0007904132410515503,-0.0005784983996151362,-0.0004141290242048795,-0.00034952880454159257,-0.00030773088607202075,-0.000500585847863497,-0.001256213527622838,-0.002434991664257,-0.004077511567034139,-0.005807740464232589,-0.007283614403460094,-0.00827129527144601,-0.0089341241958197,-0.009062526251578853
2018-01-08,0.0,0.0010203566270119817,0.0019074757447881605,0.002704172704164409,0.0035539751361671895,0.0037085784987213426,0.0037877563312317866,0.003872582766970065,0.003946093191346708,0.0040667139738884694,0.004016771196051236,0.003991327689821758,0.004064829386047741,0.004191088919281277,0.004235370203426993,0.004334289393594997,0.004468992173998239,0.00452173796941688,0.004498191083091214,0.004417185559600493,0.00432110073358155,0.004289070406511537,0.004256096939315505,0.0042966070463571334,0.0044303729524532934,0.004558470004983222,0.00461026930061878,0.004703501271718425,0.004749643173140152,0.00476376781937685,0.004671483190917169,0.004579190045218601,0.004414359667077751,0.004345593820879947,0.004225948817823744,0.0041807249313130105,0.004142094575291526,0.004194857615548093,0.004165649847975516,0.0042438493745788185,0.004332405309956667,0.004426605143669408,0.004436966583664797,0.004512319281421212,0.004530214712765114,0.004485946483077493,0.00439269422576373,0.0043427677260388965,0.004247617872012681,0.0040902710222290905,0.0039046264368400225,0.0036425921823738682,0.0034917499639907645,0.0033899186022949895,0.0033663450497453873,0.0033474858075846175,0.0034361211533440127,0.0034700645244897894,0.003485150097402463,0.0034285780255104577,0.003545490113410824,0.003748168198617599,0.003692553650780224,0.003712349013858507,0.0038226302924977535,0.0039225327463170865,0.003961171584857295,0.004214643037931997,0.0044303729524532934,0.004744934913392987,0.00500668051323014,0.005164824505547218,0.005232592847027788,0.005162941986058346,0.004983145043157466
2018-01-15,0.0,0.0006341729633955204,0.001459491886631362,0.002577212637267024,0.0039127297516957475,0.004166201949389364,0.0045621236813016275,0.004842434632725376,0.005083569550741763,0.00534512122381334,0.005482850478096643,0.005545194646773761,0.005820579093572591,0.005988935604228108,0.006131225911103841,0.006393433439635863,0.00670576118552314,0.006948305617181016,0.007244668944063676,0.007474081171441108,0.007670943630220635,0.00783898893414441,0.00786683901899621,0.007953169353254875,0.007993083009810434,0.008080330572039034,0.00812766383020487,0.008047845667075506,0.00775914772526904,0.007594803312864378,0.007284610888916661,0.007057942412886186,0.006910208662284679,0.006906491808490043,0.006800555667440085,0.006675090458545534,0.006580284081909138,0.006607239750525104,0.00651521568105365,0.006338580104888038,0.0062530400869838946,0.006177721622347864,0.0060521782402023485,0.005952662287573436,0.005956382688297885,0.005931269714794981,0.00577313650490999,0.005636377625022047,0.005461447852365996,0.005474475592146566,0.005498669515750549,0.005555429885117723,0.005545194646773761,0.005644751155176718,0.005609395773106938,0.005651263852377704,0.00572662197794986,0.005841043829113017,0.005865228885726044,0.0057982534498723535,0.005723831037528411,0.005609395773106938,0.005564734556341984,0.005696851545197203,0.0059210383225581295,0.0060977476603392275,0.006250250615379654,0.0062316539391630826,0.006161913323083332,0.005974984484301802,0.005779648366032461,0.005537750771268877,0.0053413985482518725,0.005063089307659273,0.00477259706092135
2018-01-22,0.0,0.0003109862094883465,0.0006668045771381871,0.0007639906730016131,0.0008630007556092103,0.0009271687216990902,0.0010151638086970999,0.000981249952637812,0.0011040676473392135,0.00138355915788583,0.0015906074109457266,0.0014843402111331422,0.0012030440662881955,0.0006503003396748107,0.00017247627347218974,-0.00019269484720195698,-0.0003689054928000095,-0.0005221972968995636,-0.00046711969254104523,-0.0004414178486160716,-0.00042489558348654565,-0.0003285211439324189,-0.00013580012444756084,0.00015137704978524197,0.00027888296545261666,0.00045681368666995617,0.0005540201918791346,0.0006081216063692867,0.0005934503255845454,0.0006136232811706678,0.0005430161561489715,0.0003861954885142831,0.00035409465888857294,0.00038802979051195854,0.00046323327558700473,0.0005842806657878875,0.0009565012777220236,0.0011929635827916424,0.0013084248552845958,0.0015173208954487522,0.0016474007665047933,0.0016794601074317714,0.0017637254737749091,0.001849815362662222,0.0017857065755234628,0.001728005152892723,0.0016877037718322568,0.0016299966938598182,0.0015035790758391326,0.0014385319005813903,0.0013652342387439616,0.001350574061648755,0.001389056568147578,0.0015906074109457266,0.0018717945721626393,0.002226142641811905,0.0026508286185475357,0.0029774578218273295,0.00312838485712479,0.0032097845291016603,0.0033707351624149657,0.0032207592588718624,0.003173201226631507,0.003197895102597302,0.003129299496987756,0.003095457264897051,0.0032198447026580753,0.0033762216592317603,0.0038113878474701664,0.0044793102818291635,0.004987034828432871,0.005302862834413587,0.00575087536800888,0.0059752624092307294,0.005858514459711969
2018-01-29,0.0,0.0006459237565462647,0.0017924027858319633,0.0028934790797521827,0.0041425378395397085,0.0044893716368481626,0.004936663507635383,0.004931275639498129,0.005147665512039343,0.005360418195927049,0.005323616117054269,0.00542504295944086,0.005564151542889045,0.005510305354513165,0.005677219101773229,0.005960729137325762,0.0061419181322943245,0.006206492412918699,0.00633473174535319,0.006306933006427716,0.006351769300159777,0.006372393320239313,0.006534680548366471,0.006672738450428333,0.006765961577360847,0.006742656610354418,0.006739071182608157,0.006710387297840135,0.006651224186919083,0.006617158989714032,0.006663774230216873,0.00672383297126928,0.006755205506230991,0.006801814312256146,0.006852005981704251,0.00687351592602136,0.0069084685987615526,0.006876204636529319,0.006806295813738385,0.00651764610966207,0.006271062523975043,0.0061293615379295835,0.006145505701724812,0.006057606545320681,0.0061724120622107526,0.006292584967849303,0.0063481824706388456,0.006303346016082969,0.006354459413857288,0.006354459413857288,0.0064719206551451785,0.006657499228255816,0.0069165344266717815,0.007077837324290619,0.007285700465080451,0.007213132467266854,0.007082317588948576,0.006815258756451749,0.0065185426663017625,0.006271959301718047,0.006005580955895093,0.00550671550552911,0.0049447452554121606,0.004439959661800866,0.004276433534993126,0.00418477533017186,0.004300694594780307,0.0046636416570068565,0.0048890696680651815,0.004854046339381728,0.00489894782104834,0.004871109139917506,0.004601662500846551,0.004486676501163727,0.004269244959795607
2018-02-05,0.0,-0.002988963976442583,-0.005599705438901589,-0.007724025850294422,-0.009585574236703512,-0.009413376623049878,-0.00880198535028616,-0.007988943933912064,-0.007401897357685816,-0.006799241712078339,-0.006042212775150078,-0.0054966068578215935,-0.0055968935184209905,-0.005847185409754801,-0.006159435020690483,-0.00670352611120687,-0.007259179713035793,-0.007351192703832688,-0.00738405653817186,-0.007272323907667633,-0.007214115214464591,-0.007001025197207146,-0.006785165313834332,-0.006690389390789006,-0.006570290233778206,-0.00587906228252363,-0.005381336485412867,-0.004913831142512247,-0.004579497458463853,-0.004672200641199013,-0.005213609028081908,-0.005560339271680269,-0.0056925032508144836,-0.005848122950332524,-0.005777809846050362,-0.005815309553088487,-0.005824684699575072,-0.0057187506588845215,-0.005625013079045228,-0.005321363660581275,-0.004796754810014735,-0.004435309587035514,-0.004059021004826002,-0.003639841280998026,-0.0034602466032525236,-0.003396647888673517,-0.0030899344146278923,-0.003533203051091682,-0.004069315574580798,-0.004557025253771082,-0.00507120332711614,-0.005824684699575072,-0.0062766710088966995,-0.00667537620733704,-0.006885581289443484,-0.007405653360247265,-0.007721207950052729,-0.008034043364069512,-0.00813458483163679,-0.008375173673986096,-0.008247353644413482,-0.008107334276405167,-0.007775688762018138,-0.0075596616131404,-0.007423494565073712,-0.007291101628278275,-0.007308940789462632,-0.007014165999021444,-0.00667537620733704,-0.006618140513078108,-0.006559031677275032,-0.00628792638685699,-0.006230712863627907,-0.0059868886484249735,-0.005244528734759481
2018-02-12,0.0,0.0013327159848825906,0.0026731789644155284,0.0039947329958044606,0.00497359256011007,0.004718991209347489,0.004176322052663139,0.0033717555716650032,0.002766477644021278,0.0025370234346005945,0.002391326007902292,0.002442751053053317,0.002844537197788726,0.003178601319315862,0.003324184095513143,0.003324184095513143,0.00343264375909006,0.0034250329384056025,0.0032804163386417158,0.003187165598753226,0.003341310087631776,0.00352777413057928,0.003832130519039121,0.004074598213783844,0.004363580939571264,0.004510891967113368,0.004458622796076349,0.00424286475979705,0.004101218535739258,0.003814061944996044,0.003634309403843168,0.0036257489530306538,0.003623846620676097,0.0036856705698669933,0.003781727892385743,0.003808356011681353,0.0038891870306766055,0.004035617178052903,0.00407364747489336,0.0041278381490719935,0.004087908463341744,0.003920566724498944,0.003809307002828087,0.0038749232079623498,0.003964306473002181,0.004063189287439912,0.00418963094832923,0.004259975025957139,0.0041772726939419665,0.004084105552974489,0.003954797994767406,0.0035401404141925867,0.0032984945573857633,0.003159569324629071,0.0030396594282076188,0.0029720848189129065,0.0032528226378060634,0.003466891735370929,0.0037075458210172785,0.004014699898287405,0.004514693254799743,0.004864349920224297,0.00520058909772534,0.0057199229000357895,0.006091930473541173,0.006302546868814035,0.006616491663584315,0.00676347121045957,0.006625974866934477,0.0065918349139874426,0.006714164351106922,0.006547261554528613,0.00633385092463646,0.006164038377357776,0.005986605638844305
2018-02-19,0.0,-0.00019429509466015508,-0.0005829985724187347,-0.0010025082694366545,-0.0015889674051574472,-0.00169153725939213,-0.0024625857700721863,-0.0031468616088700203,-0.003882524381979177,-0.004686994472311548,-0.005302557857264661,-0.005461319249329529,-0.005517132271869287,-0.005544077604602444,-0.005002423371675884,-0.004529317325556721,-0.004344751276341957,-0.004132350225840024,-0.003637563490441417,-0.003831606001729824,-0.004114091607892086,-0.004407230760262445,-0.004967798265392557,-0.00562299311308058,-0.005598932846924776,-0.005680740113861748,-0.0057230900339326875,-0.005526755521640712,-0.005361248526186766,-0.005626842809387696,-0.0057009523519878005,-0.005668227980701794,-0.0055383035436091105,-0.0054815270529102065,-0.0054305271909836205,-0.00541898041354488,-0.0054930745525880505,-0.005647053958146721,-0.0059627858812667965,-0.006478952699349316,-0.006925998925978081,-0.007720384283193138,-0.009017436374132062,-0.010117001200291194,-0.010559874001505876,-0.011320370779923981,-0.01155753958569046,-0.011443304322883227,-0.011158741009497694,-0.011119063442946699,-0.010931342156252967,-0.011121966626142019,-0.011281654683121214,-0.011621439576417618,-0.012120193428492796,-0.0122354748533439,-0.012055292927234734,-0.011738600165472388,-0.011506228912623486,-0.011335857638356981,-0.01134456910162634,-0.011645645184664676,-0.012313951324733275,-0.012499025168271411,-0.012106631781605008,-0.011501388418989985,-0.010605332745527486,-0.009684954126537061,-0.00898460329460829,-0.008649574377127581,-0.008635094389676572,-0.008369665104511863,-0.007601764839784232,-0.006952018545736584,-0.0064240491634033475
2018-02-26,0.0,0.0008615376360815986,0.0017803275232644812,0.0024446401338526383,0.003188260631072964,0.0035138360029856627,0.003841202880272096,0.003962633484728321,0.004353388158364955,0.004811287281615639,0.005004622706859,0.005238660190877988,0.005553150624246162,0.005818306660656131,0.006086232231967656,0.006349354261532022,0.006561315901053839,0.006474265664496745,0.0063966710226517395,0.006175209298660662,0.006052153811839991,0.005923402631837366,0.006135454566422568,0.006305820863838046,0.006452501921283319,0.006496028934059741,0.00642506000470039,0.006218748382567625,0.006003874061919716,0.00598494019035893,0.005931923442734678,0.0058987865480656775,0.005880797488253939,0.005968846117663402,0.00595937889508145,0.006010500832273296,0.00603416751077439,0.006133561444513019,0.006167637090557581,0.0061979255789464125,0.006247142416036569,0.006283107034427224,0.006226320203656722,0.006183727964240237,0.006121256064742805,0.006100431230938545,0.006184674478158523,0.006274589215386474,0.00633894427362155,0.006506437286857516,0.0065480696147448055,0.00674106958223094,0.007006856599485321,0.007212060165451865,0.007321736968823195,0.007542944954388302,0.007635573078999525,0.007621395860938221,0.007841592630794656,0.007937972526400798,0.0078500971128931,0.007741423287821646,0.007843482521955674,0.007857656591818089,0.007914350862310173,0.00811086611838423,0.008297897654524489,0.008330010662089935,0.008289396979901362,0.008321510260445817,0.008264839069513814,0.008243114261435196,0.008096695637102412,0.007971986742456853,0.007771664146815776
2018-03-05,0.0,-0.001598468570797981,-0.003154348328484358,-0.004744401508234281,-0.006417935703148945,-0.006796747136217215,-0.006899908949469188,-0.006896052241593709,-0.006796747136217215,-0.006485397974899161,-0.006695523925938039,-0.006838203408292083,-0.007265399508885827,-0.0076879534776294325,-0.00815316224120959,-0.008211087195585798,-0.008440889238552522,-0.008577057380342954,-0.008578988976720268,-0.008604100069160375,-0.008776997399003651,-0.008744154265533913,-0.008622450881643233,-0.008710346284238961,-0.0087586437502735,-0.008602168424278004,-0.008562570526438152,-0.008581886378282395,-0.008615690016812675,-0.008807909568837539,-0.009063937704346447,-0.009318098378747633,-0.009472752451725837,-0.009664169986156476,-0.00964096590919914,-0.009433120066261829,-0.009407988147854152,-0.009454386029026074,-0.009400255376950991,-0.009500786063061038,-0.009792769006370548,-0.009833382659332476,-0.009897207446774067,-0.010035508462539821,-0.01022316419800438,-0.01041375786883987,-0.010565678332479827,-0.010872492562743127,-0.010949936899664612,-0.01091315009179709,-0.010820221025647959,-0.0105695492190579,-0.010130299226508235,-0.00987303091164747,-0.009356759654748489,-0.008916109688929296,-0.008634041041983672,-0.008522974196529838,-0.008289291206719035,-0.007988094526873046,-0.007879994766131545,-0.007945625370091818,-0.007885785528514431,-0.007879994766131545,-0.008149300696881587,-0.00830860178061056,-0.008300877506306101,-0.008364604553728023,-0.008449580268106384,-0.00843992357326458,-0.008300877506306101,-0.008258395064100019,-0.00815123146718176,-0.007998712097891552,-0.008019947578132656
2018-03-12,0.0,0.0018481292104075816,0.003527498629648208,0.004914622514575262,0.0064598683287550715,0.006722671881703667,0.006792482617071705,0.007110447643598057,0.007467068586453504,0.00801047710789808,0.00845002478750198,0.00863101579603373,0.008660048737779194,0.008827455591497191,0.00872778899070854,0.008598110776370047,0.00858359351171293,0.008595207340298564,0.008629080236613613,0.008464543991327263,0.008273841649515123,0.008195420490090578,0.008081166313153174,0.007969804341602077,0.007911697519941576,0.007940751352822057,0.00774123136238809,0.007550391020098173,0.007339164831916283,0.007347886062152641,0.00736339028366158,0.00744478350307015,0.007600768658637541,0.007716046398197673,0.007728638959578295,0.007680205163240688,0.007559110408384664,0.0074845087400822515,0.007380832245534044,0.0074438145751354505,0.007450597050962076,0.007656956107732467,0.007833247954497503,0.008063736562311092,0.008166374055490014,0.008337735825292129,0.008586496981504347,0.008850677450233695,0.009127363106137985,0.009543214999228222,0.009765576439963727,0.010024613500142972,0.010329959079304547,0.01056180483336346,0.010664186264165681,0.010986715825733651,0.01124350629384676,0.011124773032804555,0.011209721841545109,0.011475140367096388,0.011570673793494737,0.011604446053638825,0.01187072449563089,0.012079066872355729,0.012109928718340279,0.012493693357692886,0.012791539756941347,0.013256927851309741,0.013907914996117923,0.014652755996421716,0.015272071941387313,0.016110038000905536,0.016700612733694276,0.017069185038506483,0.017304270881904178
2018-03-19,0.0,-0.00025477332661100817,-0.000611565066942641,-0.000825308998605187,-0.0012205614626772737,-0.0016228397367359275,-0.0015158767924248469,-0.0015198018358700543,-0.0019771748737531015,-0.0026479088517368005,-0.003319093015761462,-0.0035068693658328056,-0.003843185293561903,-0.003914003061769448,-0.003808761801000055,-0.003708448666582829,-0.003999581223455366,-0.004141243930689353,-0.004327206694395877,-0.00448269417255464,-0.004537809461943502,-0.004456121814792712,-0.004378377119475683,-0.004307526458862126,-0.0043547596748427985,-0.004537809461943502,-0.004696282841946425,-0.00498376449481924,-0.005316637586580877,-0.0057028304099677055,-0.005925550193923854,-0.006049742941227034,-0.005745202477124951,-0.005492967337462092,-0.005338307723753632,-0.00516397492791538,-0.005210263723720548,-0.005678196312532705,-0.006084243664020446,-0.006536806196116744,-0.0069767473339600134,-0.007325089136771478,-0.007697248281053418,-0.008007322128512726,-0.008049791956422414,-0.008266119767984163,-0.008495340015063668,-0.008558582434146847,-0.008590205143603017,-0.00865543014021658,-0.008558582434146847,-0.008244386092443434,-0.008012260387924372,-0.008073496830738462,-0.00831255238463361,-0.008663336489509227,-0.00929209136799718,-0.009886608473917495,-0.010051869842073815,-0.010134015892849698,-0.010162719115877284,-0.01011026212441226,-0.010102344326985016,-0.010092447168360346,-0.009823282014122553,-0.00959474642662496,-0.009220891723174083,-0.008640605903775765,-0.00814461482539894,-0.008262168155479404,-0.008802696156773888,-0.009475058150146523,-0.010236955410035534,-0.010995471171741046,-0.011354134530396213
2018-03-26,0.0,-0.0003231792056807902,-6.802904842992002e-05,4.901806316612686e-05,-3.0011839669391645e-06,-0.00033819006603851633,-0.0005904062166154905,-0.0010359433189535408,-0.0010399490471448608,-0.001024927649163178,-0.0011431020747526438,-0.0012282363741613468,-0.0013294053770666748,-0.0017452072569714024,-0.0020068001587715684,-0.002365724752368033,-0.00257030925099218,-0.002813056914985629,-0.0029013434047018265,-0.003051849708190002,-0.002865225262254069,-0.002439931938866879,-0.0020108097778478496,-0.00173117738737864,-0.0012262331309104671,-0.0011340882791383653,-0.0011861691085975625,-0.0012522756061891776,-0.0011030413827990866,-0.001188172271591765,-0.001085014594991858,-0.0007425673555549332,-0.0004402698925515005,-0.00015507296213919798,0.0001720528206403843,0.00033007526015556174,0.0003830771947385101,0.0004720741244032279,0.0005860586226347561,0.0006110534861916302,0.0009069451919869896,0.0011158160061481212,0.0013176496958736254,0.0014884770752225367,0.0017361748851624532,0.0018000869421937779,0.0018360356792986622,0.001950863265803772,0.0019119232140086015,0.0018649934444002114,0.001876975722610995,0.002301255514040418,0.002909907369013193,0.0038431190005869874,0.0048192671976189415,0.00600629362719342,0.006718032476925377,0.0073557812652620125,0.00781744826859065,0.008024880805375697,0.008042743796236334,0.008306681913210847,0.008266004263242333,0.008323547770614424,0.00868361556247302,0.009161521826588612,0.009653070860077462,0.010378060962835972,0.010827449346879403,0.011406209461038,0.012114116695435335,0.012644718446815086,0.01282251079964409,0.013265866227370885,0.01367942157047296
2018-04-02,0.0,0.0013013815437001419,0.002293558615265722,0.0029311487629887947,0.003462984040535979,0.0031793737585502062,0.0025843186097247884,0.0023645315657296476,0.0023113023251211218,0.0020569457276324757,0.0018291529352538213,0.0018488773068854765,0.0018469048872294179,0.0020687777017678963,0.0023901594488679664,0.0026099408608775297,0.0028424820443776425,0.0027508515084867344,0.0027045404092352803,0.0026286643984835835,0.0024828086239624906,0.0024217005572842116,0.0027882929569628483,0.0031005788478728636,0.0034176905733233624,0.003931552552643047,0.004291689172294409,0.004292672974483214,0.004250368606354155,0.0042739805673876015,0.004282834909040231,0.004410722210989308,0.004500233592027819,0.004526790372639395,0.004580885336853969,0.00451793819079789,0.004385146058979164,0.004272012925262465,0.004214949619412253,0.004004377521798405,0.003998472992138581,0.003969933940627208,0.004154931249837467,0.004393999416393616,0.004618258330149686,0.004641861606285687,0.004737252504984527,0.004856232521890197,0.004999776343804184,0.005191463699366272,0.005461729588591567,0.005785952267565685,0.006081591009001515,0.006281907785121007,0.006522431283217262,0.00669419836943447,0.006555805483589291,0.006531265738772059,0.006538136928022619,0.00649592744825803,0.006356525345613115,0.006559731786876586,0.006541081708963091,0.0064173934425024995,0.006184700243506553,0.006248524442227725,0.006340816848199104,0.006481202791968246,0.006754064534224699,0.007368221760114413,0.007809475673596668,0.008158418654365854,0.008601283250857019,0.008909800836112891,0.009088991160706694
2018-04-09,0.0,0.0008000182292982502,0.0017172681485065073,0.0025632142727895746,0.003447987784602818,0.0036148202393990457,0.003759450131757118,0.003952257455176643,0.0043136710198293975,0.00465954193635237,0.0048059470646460946,0.004844471167737661,0.004706740667582262,0.0044707247310760805,0.004281871867129485,0.004334869893206504,0.004350286973404506,0.004529493090786249,0.0046730275154523255,0.004798242065931842,0.004741415866919912,0.0046585786737434395,0.004654725614028722,0.004668211258079071,0.004616194200325719,0.004493847120776046,0.004204778814813673,0.003985994915086483,0.0038385056306868884,0.0037816248657699197,0.003937798195345872,0.004251999014660124,0.004507334934536384,0.004765495159067064,0.005029366206625205,0.0052277051666315254,0.005477017273469351,0.0055905828774571705,0.005688739363995839,0.005654096998303552,0.005438517531412713,0.004910921757655606,0.004534310016306411,0.004234653077897333,0.004115150670359832,0.004173939929675529,0.004476505378624114,0.004648945996620233,0.004668211258079071,0.004739489498499918,0.004768384635161759,0.004732747179807039,0.0046730275154523255,0.0047558635117855245,0.004821356883975872,0.00494173792381876,0.005088101746024574,0.0053307103675224515,0.005519365277825901,0.005613679388152804,0.0056848902715156205,0.0057127958563389985,0.005731078403483244,0.005755133877331658,0.00562522744346062,0.005469317443635565,0.005358625837555701,0.00528739171599633,0.005268138379633244,0.005270063729950621,0.0053624761860605885,0.005365363937709928,0.005073658900456345,0.004552614121676937,0.004292471697050532
2018-04-16,0.0,-0.0003609732565656035,-0.0006475527413465221,-0.0009925122980206694,-0.001563246825886567,-0.001127279516528914,-0.0010842667288206021,-0.0010584599442154709,-0.0008462960726331637,-0.0005472405793680755,-0.0004354760222763668,-0.00034378109886344687,-0.0003733899987277445,-0.0004985211597499066,-0.0004249688857814704,-0.0004908791132098145,-0.0004574458462463439,-0.00035619762755550826,-0.0003256341419404465,-0.0005157159779964168,-0.0006112481303702552,-0.0008262288474279111,-0.000998246703305618,-0.0011932360511964764,-0.0013404590809683518,-0.0014045174257130526,-0.0012783168469348329,-0.0013060413665496912,-0.0011492645447257403,-0.0009972909668078502,-0.000932303027781965,-0.0009743535648881564,-0.0009628850612219452,-0.0009638407648371721,-0.0008759198553725076,-0.0007344980886069866,-0.0005930963191294512,-0.0003915378223027783,-0.00033423002785392623,-0.00027979066493395585,-0.00018142529672219567,-0.00022248927392696364,-0.0002836108744150321,-0.00026737508490878387,-7.256616892008347e-05,7.828917159736411e-05,0.00048682100171751043,0.0006862537165003673,0.0009667281207566164,0.0011355472314809377,0.0012423559029208552,0.001443544825241106,0.0019268049243686663,0.002437453287385555,0.002800274324891479,0.0032600394149271926,0.0033532992950701997,0.0034265688141741986,0.0034608228516340785,0.0035083959572344706,0.0036254161661874967,0.003847051062129518,0.003925039641597585,0.00410762325731747,0.004303483197169851,0.004272110156021735,0.00431013795815241,0.004374781903128629,0.004303483197169851,0.004349114954599517,0.0045107106842611384,0.004619060254295369,0.004879431389160001,0.005106488093984803,0.005226170877758994
2018-04-23,0.0,2.8384939519119e-06,-0.0001760023622924014,-0.0005233667268642874,-0.0008253972929491306,-0.0006672696002471384,-0.0004277585046735986,-0.00016275379455705287,9.555819951032683e-05,0.00039352761113477046,0.0007613737062088022,0.0010591448207352997,0.0013832836702911242,0.0016572549805955238,0.0018990431564428075,0.002457954502353039,0.002888254416704535,0.003218402920499197,0.0036710008402400436,0.003928324552531711,0.0038123956912521958,0.0038500976085877104,0.003764323685033084,0.0035437283784820754,0.003476785990867259,0.003330628586626623,0.003002403798747307,0.0030542855743419415,0.00308164033588795,0.003173131860016601,0.0032665011767577,0.0034371841589944997,0.003445670397851151,0.003465471341791077,0.0035220433070030457,0.00367948509511286,0.003965079678108751,0.004115855798472442,0.004505883529301016,0.004726266714390929,0.004831732080415738,0.004862804575845535,0.004901408452527077,0.004699898634832998,0.004471974112652616,0.004254361324075186,0.0040404705799705135,0.003960367558017557,0.0040319893872508145,0.004360818518256125,0.004793125513810488,0.005154650588664643,0.00555368275275136,0.005869783873873505,0.005960080130308384,0.005875427628776593,0.005734324199729162,0.0054765238561984035,0.005204538317752646,0.004839264895240362,0.004450309161127155,0.004229865144535836,0.004094183130203407,0.003911360192766278,0.003908532771492256,0.004036701169864229,0.00418652427993523,0.004388137563730379,0.00446349657882358,0.004173333209159221,0.003555984950008252,0.002943915660502287,0.0022342386375583793,0.001664811746073241,0.0013908425063815877
2018-04-30,0.0,0.0010168500098128078,0.00211284377301915,0.003009266064691542,0.0038304362876482056,0.0037652886770998375,0.003534445839090852,0.0032327805325960066,0.0029701458959109648,0.0028760649387122327,0.0027353927396386694,0.002830418513122221,0.002942201981208844,0.0031797003698974817,0.003429245742358748,0.0037652886770998375,0.003912330119785483,0.00403701921141957,0.004139364309876403,0.004152389298316837,0.004062141251032751,0.004029575522922959,0.003996078238991136,0.004040741034889681,0.00408168017885786,0.004127269525845068,0.004170065796993807,0.00421099964696762,0.004261234354695882,0.00425472259049618,0.004286350762269507,0.004403552323974956,0.004518880134102126,0.0045914182329104955,0.0046760393650894195,0.004736478647107596,0.004759723552174154,0.00474019786822823,0.004613736589387589,0.0045235301700701685,0.004416573871846462,0.00434402308859204,0.004274257755887669,0.004285420536201448,0.004364486662965048,0.004356115251335792,0.004199836035874255,0.004159832072685498,0.004053767307952333,0.003868592202959645,0.003872314653336975,0.0037503971987481637,0.0035800601403923583,0.003487898488790307,0.003359416558479824,0.0031880816355339724,0.003067012088381621,0.0030632866390925165,0.0030502474572822146,0.0031089224365650086,0.0030483847031443807,0.0031983253092505836,0.003067012088381621,0.002894695534062784,0.002574200926156601,0.0025583598660352787,0.0024372140501238825,0.002426030619494617,0.002549041478153577,0.0028751333998332036,0.002999020454120711,0.0031117163973255206,0.00322067477859124,0.0033370701897636507,0.0033491745348047304
2018-05-07,0.0,0.0005918493394019783,0.001188989198362933,0.0017444322489523687,0.0023174088120404847,0.0021267661720300113,0.0020272043379436517,0.0019088443562546187,0.001937026574967396,0.0020657152795174752,0.0021023462622885092,0.0021023462622885092,0.002172786688735765,0.0022535522713718714,0.0021943874254155425,0.002393467899659418,0.002569977810961232,0.002683566117308255,0.002729561017514403,0.0028065273429076546,0.002774615195170535,0.0027736765871730815,0.0028008958614246003,0.0028891187613309093,0.002972641781121532,0.0030101779448736808,0.003033637331749593,0.0029979788461991165,0.00290882706899328,0.0028450082842876524,0.0028440697423594207,0.0028187287773273344,0.002735192900731507,0.0027530269883378794,0.002849700980715719,0.0029595037909333744,0.0031753203289479003,0.0035102129014495296,0.0037193466057024046,0.0038909348711738735,0.004014685180707378,0.004125297494970455,0.0042705747427940095,0.004509533334281434,0.004612595884908614,0.004726889201028565,0.004896431451410169,0.004985406214011791,0.00500881930951908,0.005082801088496123,0.005166141093760268,0.005130558570393663,0.005087483295407535,0.005059389725087495,0.005141795293503215,0.005248537866100466,0.005338417511698119,0.0055584013086725555,0.0058120246849355395,0.005943022636876259,0.006139487394537544,0.006385481687401002,0.006553807926492446,0.006600560187206505,0.006831484291333263,0.0071950582931616545,0.007476293506224251,0.007811616832504261,0.008088010568343289,0.00816363202975007,0.008118820002194486,0.008175768274973448,0.00814496059564336,0.00831672464081028,0.008634037118799402
2018-05-14,0.0,0.00025629199292577726,0.0005004947231049839,0.0007141232036455315,0.0011393946904248828,0.0013473420703209607,0.001449913518123768,0.00160051738911273,0.0017935897858564738,0.001887802971892873,0.0017991319836888717,0.0019081222993606215,0.0017723444096115894,0.0017474036093708142,0.0017963608886120564,0.001898886292603524,0.001783429010053299,0.001840697488390226,0.0018619414125130667,0.0018351555209177072,0.001678120344715678,0.001704910442912184,0.0016485580241082751,0.0015330718340494237,0.0014591536725083027,0.0015229084108236823,0.0014314329532093947,0.0012050183112547787,0.0007344663932549978,0.00037932582229627265,0.000141570123943595,-9.161487887560353e-05,-0.0001675042655036599,-8.328590668458848e-05,-0.00022396230123263125,-0.0005942579309764665,-0.0008711434979785148,-0.0011342094966408525,-0.0013574993727625182,-0.0014881609700686349,-0.0013741786260883647,-0.0012250018545806552,-0.0011175342453073386,-0.0010619520823502853,-0.0009785846300668615,-0.0010600993967899148,-0.0012111045307881202,-0.001345453418373051,-0.0014835272881125237,-0.0016624029945345497,-0.0018932277397865416,-0.0021315244295638143,-0.0022659970397825475,-0.0023012411282858185,-0.0023049511045977675,-0.002245593135216289,-0.002159344865344823,-0.0021268877655137787,-0.002016541505328645,-0.0020202504255598954,-0.001977598673400981,-0.0019896522450366,-0.002092577119705217,-0.00194792896218716,-0.001762513208548105,-0.0014297781464641974,-0.0011082703369385844,-0.0006618516814505709,-0.0006905572589927514,-0.0005025969930541654,-0.00032022597491393516,-7.218071834060556e-05,2.0357722193517836e-05,0.00010270973267007464,-3.608970791340143e-05
2018-05-21,0.0,-0.00013119315473699217,-0.0002576834274260457,-0.00016989370358180795,6.794940037264163e-05,0.0006670255202948101,0.0009612432944909456,0.0011969322615673493,0.0010498688628367949,0.0004680022428751971,-0.00011797867619902181,-0.0007165809483681291,-0.0012134852261121826,-0.0012938066251462607,-0.0014497430544328418,-0.001855291606940992,-0.0020860266503764558,-0.0022647883430730363,-0.0026763454396560677,-0.0030360052432215254,-0.003133514266433404,-0.0032679597735997008,-0.0032698535013839683,-0.0032187241099262422,-0.0030473650284458934,-0.002852373286580316,-0.002731232518967458,-0.0030246455870403008,-0.0033342423799318055,-0.003661932376764813,-0.004043741407728576,-0.004351758137841539,-0.004454135472347402,-0.004558419458593103,-0.0047366754517375615,-0.00478977912434328,-0.004894098120547616,-0.005164429790695156,-0.005401623017948186,-0.005372208001960015,-0.0054984140168405195,-0.005631279663294383,-0.00571290588547887,-0.005704363294254684,-0.005808777747588003,-0.00584485072892882,-0.005878076994579726,-0.005762264508155639,-0.005848647960557228,-0.006076508249007775,-0.006134431015187456,-0.006146775644964992,-0.0060831549534055805,-0.005885671724596624,-0.005741381716619134,-0.005777452266822373,-0.0059606727808173745,-0.006269280615353667,-0.006702441767571831,-0.007000824138238382,-0.007273627325739177,-0.007380107297622534,-0.007632091675924512,-0.007774752490569484,-0.0075950031975512075,-0.007504665224112751,-0.007529388489943328,-0.007254614238079665,-0.007029336668071455,-0.0072536635931859045,-0.007362993680316837,-0.0072793313225297035,-0.007423843428046901,-0.007566474534801904,-0.007462827243588047
2018-05-28,0.0,0.0011914746047185924,0.0023129487885234046,0.0032060319614286236,0.004161151728925045,0.0042989964288035485,0.004319624613280276,0.004168653970219733,0.004081436939022725,0.004182720520946816,0.004227732153648197,0.00433931475606719,0.004576503628427433,0.00487736192035011,0.004946705823971247,0.005138782070398888,0.005411373304672261,0.005516268344169468,0.00550128401216143,0.005638944118339571,0.0055921230795780395,0.005356111671264733,0.00516220347916007,0.005022603774060145,0.004840813873956462,0.004756467130065611,0.004789269486964633,0.004852059568963729,0.00492046815567394,0.004884858790406963,0.004895166894966963,0.004940146471435567,0.005003864075038067,0.005008549032716524,0.0052015502109975685,0.0053495550036254955,0.005538744421195908,0.005737261164675137,0.006015305624558131,0.006281107500775051,0.0064981890091836934,0.00658332449393893,0.006684355005239378,0.006768539301550502,0.006709611038275643,0.006629163676063958,0.00673018955654824,0.006870486349967775,0.006910701134330709,0.006970552702459751,0.006992996117001759,0.0069986068919338385,0.006926599556506166,0.006877033052977994,0.006906960292379484,0.006993931248343386,0.0068817092431736355,0.006829334663911887,0.006837752192011439,0.0068583280735248124,0.006985515034788305,0.007172525302197097,0.007213662868093159,0.0072547987417592875,0.007430542052280902,0.007452040443407456,0.007629618171514815,0.007679147386986811,0.007809033111093181,0.007752034978467351,0.007584759406525208,0.007257603398798868,0.007108945735152517,0.006731124933680478,0.006404625171912712
2018-06-04,0.0,0.000491432179638077,0.0010610417510329383,0.0014959676104975097,0.0019969245232880828,0.0007781450927887609,-0.00032058876447401373,-0.0013456667872818275,-0.0021928971671208533,-0.002997728446637011,-0.002939616485491935,-0.002750307388155988,-0.0023689864860728443,-0.0019484841341009358,-0.0014570295825842505,-0.0011697575559912147,-0.001268936615443455,-0.0013054294995690301,-0.001411172811987811,-0.0015908685090401935,-0.0015955485159105634,-0.0013073009654227326,-0.001331630340243106,-0.0012015686356058024,-0.0012015686356058024,-0.0011837917310790068,-0.0012483514734238507,-0.0013325660972494696,-0.0014935293315356537,-0.0015244147750881755,-0.0016189488788044592,-0.0014691960175429845,-0.001252094195000101,-0.0012118606721427342,-0.001151045628914902,-0.0010434588425265521,-0.0010528137557738323,-0.0008872447241007155,-0.00048512902906324676,-0.0002635669218211986,-0.00016448751894580774,-4.205389347258263e-05,-0.0001271016160438585,-0.0003028275140067296,-0.0007338605928847696,-0.00132695156834586,-0.0018604726138980233,-0.002544169925596498,-0.003221772288923019,-0.003452430519146923,-0.0035715310011757624,-0.0038688752130570502,-0.0038163410987043563,-0.0036324934291124336,-0.0037309790486500594,-0.0037516153599290226,-0.0036550035727467476,-0.003721599047937111,-0.004189768462508951,-0.004564274112394589,-0.0050704080627664745,-0.005559883183293402,-0.0057337467853863676,-0.006027974057864929,-0.006175590314161515,-0.006138919273607115,-0.005980026968878526,-0.006138919273607115,-0.005824919782451737,-0.005953704054403915,-0.0061031898095829954,-0.0062367117036107745,-0.006317585745156516,-0.006710764383126349,-0.00672299490590127
2018-06-11,0.0,0.0006513382819128314,0.0014005019980896595,0.002382465447908287,0.003341264912022622,0.0033764157600403113,0.0033366397084556502,0.003520706294831497,0.003520706294831497,0.003890586920078107,0.0043240977778104105,0.004688138672677584,0.004875651172135866,0.004905206584842574,0.004663195937040217,0.004520918068122889,0.004456239617019642,0.0041753018003875125,0.004142951918854787,0.004097660326491738,0.003914624425984655,0.0038286414533339236,0.003811998733691487,0.0036224371059452322,0.003468912088002108,0.0035549259954865773,0.003578971571101845,0.003690868374622749,0.0038868887909618236,0.004178074598681759,0.004271420988254466,0.004433139156349377,0.004613308599267707,0.004762963146966776,0.0048581022325301605,0.004899665011497387,0.004883040107205894,0.004903359397139552,0.004866414926521922,0.004872880307409169,0.0050345012457073774,0.005264419736460337,0.005405668737912474,0.0056622662015899244,0.005813609372518174,0.005884658936077571,0.005924333768537395,0.006046116445655677,0.006176186106906114,0.0063671087944049045,0.006508202138952219,0.006608707478037239,0.006590266888085261,0.006557995037388626,0.006552462615552371,0.006568137731260434,0.0065496963931565375,0.006534020988373435,0.006478694066186917,0.006394775725138641,0.006160504846058595,0.005985226960974091,0.005839446161523396,0.0057850035774435335,0.005729635197757251,0.005705641281137004,0.005532129673421142,0.005244107781766376,0.004677053089201581,0.004068081036429354,0.003321838913282799,0.0025056060139456737,0.0018360198774225287,0.0013569397761683966,0.0009054492704271619
2018-06-18,0.0,1.478800471022951e-05,7.393783679732712e-05,-0.0001811708075928765,-0.0004095297537150419,-0.0007267301072370626,-0.001354954229036095,-0.0017567063922377286,-0.00187522633752402,-0.001877078323130386,-0.0018326316151888158,-0.0015289653050951301,-0.0013022015331991587,-0.0009774173013482,-0.0008146022283831773,-0.0005158685148946219,-0.0003984341866712547,-0.0002754665616729569,-0.00017007777401797344,-3.142523613084475e-05,-5.822989441235947e-05,6.93168821544718e-05,0.0001811379906768411,1.7560731247928794e-05,-0.00015528725400152768,-0.00018394408521430852,-0.0004076804839915465,-0.0006786349528145511,-0.000860853814820776,-0.000908032636903955,-0.0009792676249697997,-0.0008867556376630836,-0.000869179327568385,-0.0007165559393566883,-0.000578752407206362,-0.0005038470445485105,-0.0004927504309573528,-0.0003706958076633973,-0.00040860511842581937,-0.0004483652079005083,-0.000541761403414314,-0.0006508888005104782,-0.000788702274354182,-0.0008423529235399464,-0.0009478125890159918,-0.0009922199861854132,-0.0010912185739171834,-0.0011717199774147833,-0.0013290402763147969,-0.0014123375142265533,-0.0013790177864455794,-0.001233719728510355,-0.0010394050065230408,-0.0008405028532372769,-0.0005084706698868487,-0.0005121695855498325,-0.0006120454805855887,-0.0006055717406179709,-0.0005121695855498325,-0.0006185192624625648,-0.000510320126008038,-0.00034480734808994015,-0.00041045438985910456,-0.0003318633696286677,-0.00020335724391613388,-6.654872755734517e-05,-5.268404409485263e-05,0.00015156668223673708,0.00019499924049066195,-0.0001811708075928765,-0.0005833763788928053,-0.0009404115478745051,-0.0013743901342803313,-0.001894672357456722,-0.002017839265905407
2018-06-25,0.0,-0.000347509442167848,-0.000688666745341362,-0.0009272686502945933,-0.0011973829139699764,-0.0008708498824378864,-0.0005758593102871303,-0.0002717125113524954,-0.0001839061769472312,-4.5280291945475336e-05,-0.0003530557846322726,-0.0007543228323084971,-0.0010937688171795302,-0.0011483499050311406,-0.0012325401361460069,-0.0009984903287237165,-0.0007469247478575114,-0.0007349029773555549,-0.000792238874174218,-0.0009032209173935284,-0.0011714783832661628,-0.0014453602345688747,-0.0016341603180536834,-0.002029460235022454,-0.0022341147839526126,-0.002330437301453049,-0.002456411517661739,-0.0024452955072719633,-0.0022128139415035376,-0.0020248305260876223,-0.001931314994802585,-0.001835956676591974,-0.0016637792519593312,-0.0015971378843057742,-0.0016221278767405399,-0.0015573402966821601,-0.0015008859707619005,-0.0015008859707619005,-0.0015323519232157453,-0.001519395234649092,-0.0015166188232255526,-0.0014981096107271458,-0.001629532438876388,-0.0016489696753464072,-0.0016822915311546264,-0.002027608348876505,-0.0022711608080848785,-0.002331363524542282,-0.002478643909145442,-0.002556461172018132,-0.0024378849023257527,-0.002248933028917044,-0.001973905142411785,-0.0016702585106951444,-0.001628606865611062,-0.001537904841135252,-0.0017035810759063472,-0.0020063119046872567,-0.002330437301453049,-0.0024879075514799716,-0.002713967020906533,-0.0029363704616630778,-0.003073543910288934,-0.0031912685617351247,-0.0035556539297142897,-0.003849669690891484,-0.0040500580367531566,-0.004270902815321224,-0.004368349842498454,-0.0043924810494405395,-0.004490868150785236,-0.004617114836977538,-0.004930944029196068,-0.0054065179313820735,-0.005661117213003273
2018-07-02,0.0,-0.0007808428642330611,-0.0013332183028991588,-0.002231128757381605,-0.003153261073340417,-0.0035579570510146635,-0.0037125716650273986,-0.004081869347523217,-0.004291886215274734,-0.004499133591078602,-0.004825564967409034,-0.00511456441206438,-0.005315411914112159,-0.005402708685172635,-0.005419605714675364,-0.005560425398120129,-0.005942616068962511,-0.006125781305652163,-0.006217846247199524,-0.006314617516167197,-0.006297705356982034,-0.006038421392618283,-0.006226301615771496,-0.00646590010622562,-0.0067685339629253985,-0.007160590360135378,-0.0074220467111108974,-0.00750106136084433,-0.007390066365852048,-0.0072950719596346116,-0.007228299114715025,-0.007206669430888453,-0.007099468338462955,-0.007194444164365603,-0.007195384564176601,-0.007066558027988943,-0.007321406138484563,-0.007608305515435269,-0.007883053539354186,-0.00820306077048361,-0.008560837137710267,-0.008519403847185364,-0.008639000064132346,-0.008824543761853683,-0.008857511980023255,-0.008868815619324358,-0.009027079987091829,-0.0090798403429726,-0.00901671667284722,-0.009011064001253405,-0.00881606639571483,-0.008517520556587218,-0.008110812887177498,-0.007716502062565546,-0.007180338273322147,-0.006950910384603813,-0.0066369427714499125,-0.006362536853837223,-0.005972671653010447,-0.0057284961760309,-0.005260972624700422,-0.0050075873491584755,-0.004867783702682787,-0.004717680741150993,-0.00462669178967946,-0.004544152273839442,-0.0043181414252945576,-0.004260005815529249,-0.004514139593479808,-0.0045957386728622115,-0.004705485865156183,-0.00494378191816863,-0.004924078122513185,-0.004753328154465706,-0.004861216226793478
2018-07-09,0.0,0.0011884468067141416,0.0023828858633560736,0.0035056532789949292,0.004502508970381975,0.00435752314780203,0.004271629911195209,0.004178339651415566,0.004125686850898099,0.004210668944667791,0.004134924384846127,0.004022220640375651,0.0037958509759008258,0.003650762654285531,0.003381785307304055,0.0032273910571198536,0.0031182837397943854,0.0032329385687837036,0.003342957859251671,0.0034825447470003055,0.0035795969930736945,0.003588839572899637,0.003642444851368583,0.003691426472642317,0.0037561155032535035,0.003944613956553632,0.00419219519079119,0.00429656741734427,0.004381534991183186,0.004548678386291569,0.004695482963349491,0.004726872340263835,0.004803495210381567,0.004814572729940367,0.004788724993416046,0.0047554912075769935,0.0048801122098851134,0.004990873397801191,0.005195749259434826,0.005312011484400376,0.00540242831527814,0.005456858995744471,0.005439330794944551,0.005376595769221026,0.005404273471604535,0.005470696831986632,0.005561099316825185,0.00577600302833818,0.00590141904541906,0.006100576866663869,0.006214890290226394,0.006258215350323678,0.006298773279957479,0.006408455804461557,0.006409377455377936,0.006437026587888241,0.006549458518306256,0.006654506439605751,0.006707026262395727,0.0066342348930243,0.006671091944796146,0.006636999219028735,0.006660956390977897,0.006713475875027338,0.006826797996041162,0.006872860227967244,0.0069087872960228855,0.006898654151104564,0.006906944913675201,0.006845223143419881,0.006741116600874634,0.006692284134461435,0.006662799226585821,0.006633313449324781,0.006648977876746467
2018-07-16,0.0,-0.0005055389293218177,-0.0008968944272089488,-0.0015891786656899983,-0.0023828969682889766,-0.0027968259103334334,-0.0028568825820107766,-0.0028395931704556336,-0.002380168334965913,-0.0020273278288532445,-0.0017409638000362852,-0.0015764552099990783,-0.0017327831754819388,-0.0019655026214235884,-0.002073699242975979,-0.0022064606717929905,-0.0023010412071893653,-0.0022664818974990385,-0.0022419273242768258,-0.0022273767505747756,-0.0023983593644241125,-0.0026467000090117615,-0.0027404123222870636,-0.0030297931403603802,-0.00339755499503912,-0.0038592693659732203,-0.0041353069799004594,-0.00428018889000738,-0.0043093500509880775,-0.004260141085104718,-0.004085195481806894,-0.004042374918636858,-0.004098862004975237,-0.004018687735224141,-0.0038975274568809246,-0.0037135376650629087,-0.003506817247316098,-0.003341107508485212,-0.003221849909654606,-0.0030343438219842212,-0.003017051341982713,-0.0029533447852824407,-0.0028923723106956383,-0.0028423230576702253,-0.0028423230576702253,-0.0028241239503359944,-0.0028059251742031323,-0.0028787222659915723,-0.0029760966610617497,-0.003047085840702268,-0.003038894524316748,-0.0031089779554845987,-0.0032136571616020702,-0.003412122605596227,-0.0036570723397666024,-0.003902082089010225,-0.00414624073138923,-0.004289301661465485,-0.004395015879579467,-0.004586423500921622,-0.004778779493198602,-0.004912812411701776,-0.005064190913872571,-0.0053277901023458755,-0.005644383378888507,-0.005817776639800806,-0.00619113049824041,-0.0066249071885864826,-0.006993080064068782,-0.007237080688531908,-0.0075286801134323705,-0.0075405652789631164,-0.007557021895208971,-0.007492111259304311,-0.007359560372138974
2018-07-23,0.0,0.0007568388095034512,0.001522169720978388,0.002189089527752855,0.0027505520254888743,0.0028845319630989843,0.0028528491389436415,0.0028637119345928763,0.0029053515581403083,0.0029777641652071005,0.0029596615050206253,0.0026065941152736806,0.0023792976159743486,0.0020604521238044814,0.0017659732383040895,0.0015312341126035996,0.0015384855667468218,0.001509479434667294,0.0016463447390278278,0.0017922533397829723,0.001871089500611525,0.001994315186799286,0.0019127704762423856,0.001870183373151047,0.0018294067876047405,0.001781378898797057,0.0017396924461633221,0.0018312191156033828,0.001864746591146148,0.001968946433853245,0.002163725715570431,0.002294161325401472,0.002473482513676665,0.0025875792569721593,0.0026201759355547107,0.0026500552908690416,0.0026591094647075743,0.002565847547600461,0.0024191461553041676,0.0022977842939353233,0.0020296491630939382,0.0018828690828805888,0.0016164353779847727,0.001549362649368382,0.00151219879529118,0.0015792740165513908,0.0016010271761985452,0.0017605358897003422,0.0019281738754105655,0.002037802980326034,0.002118431593652597,0.0021501376944073375,0.002191807040902399,0.0023222389882187116,0.002530532512582765,0.0027143381499575275,0.0029306965670758737,0.003197685311239944,0.003331605359361803,0.003393130179669929,0.003657281978025977,0.003970193468229265,0.004221536981996596,0.004496315150069213,0.004743912373907885,0.004805350366278185,0.004844198913415033,0.004980608601605426,0.005079968184015648,0.005275045551776049,0.0055883540788138186,0.0059060768755697995,0.006121745908362974,0.0062507641384571344,0.006220089983685573
2018-07-30,0.0,0.0003474241019645098,0.0005698185109464537,0.000989663546467471,0.0015111242324908336,0.0015739644603471868,0.0016084806517631179,0.0018102437789974436,0.0017792740138916627,0.001572194367134096,0.0011269164085157177,0.0005857652135231282,0.00012054856703635079,-0.0003094154068340914,-0.000816744639790092,-0.0009445044515181723,-0.0008948181407077205,-0.0009214355001962002,-0.00103057408190236,-0.0009240972751120512,-0.000885945844983379,-0.0009178864779962118,-0.0009728977375726073,-0.0006756954732766922,-0.00040873233699404056,-0.00019680903470182127,5.495776674303438e-05,0.00036869104462963753,0.0003713493806618946,0.00035539925846606187,0.00037932434635864814,0.00042097035616722354,0.00039970452530619835,0.00043337521532802267,0.0005228628543538176,0.0004989412004272679,0.0005255207805777338,0.0006141142791134005,0.0006956133662799781,0.0006761250583782481,0.0007912777332365391,0.0008426492645622442,0.0009143878491906655,0.0010180011643914247,0.001097696409815335,0.001138427082673998,0.001249985213429542,0.0013243503871907204,0.0014438542603648272,0.0017235260195884261,0.001923496467100205,0.0021004281188648304,0.0023693042888578903,0.002533778409756446,0.0026540219384121756,0.002814913454560548,0.0028820912618667998,0.002859993797019658,0.002837895843863773,0.00273181887077701,0.002670819515671529,0.0025744506331973685,0.00244004916165268,0.0024701142171293065,0.0025514621884265513,0.0025479254577097242,0.0027008776339294146,0.0029254008765638353,0.0030738767455309292,0.003305384409291886,0.0035059221514762507,0.0036613774857618677,0.0036348811259186045,0.003517405474378907,0.0032921316000275847
2018-08-06,0.0,0.001077481189001321,0.0022073251194789827,0.0032561379788656566,0.004324865112812463,0.004318736328671152,0.004065672304312181,0.0036609870598144703,0.0031781287395518136,0.002696791085051907,0.0020607896091438525,0.0017307867274005218,0.001591204867021955,0.0015429172978568876,0.0015060415839345757,0.001831730020616466,0.0021406409628202646,0.002291551382857061,0.002357348215421235,0.0024626141435692382,0.002600320335785287,0.0026108448697895656,0.0027423921998316956,0.0029230223364441654,0.003081704416354195,0.0031404367019029597,0.0032482496806738106,0.0033227477934958316,0.003284184757388266,0.0031965359625468186,0.0030510219999624593,0.002887074278753372,0.0027353767790597606,0.00270205285826964,0.002688021401497236,0.0025503272865626783,0.002372261562296759,0.0022503164944507304,0.002188899678682954,0.0021485380029658964,0.0021871448570910806,0.002251193850205755,0.0022055703302206447,0.0020195452040075177,0.0017702874904288364,0.0017334201601459055,0.0017588763191553106,0.001836118628317452,0.0020406063893843858,0.0022924287024351808,0.0022924287024351808,0.0022740048296576816,0.0023503300928743587,0.002325766276076992,0.0023169933381339694,0.0023915608575221345,0.0024608598022323315,0.002475771605495058,0.0025292768338895347,0.0025020860100016733,0.0024775259206717896,0.002487174599131933,0.0023748933063052293,0.002098522362099403,0.001914232623005927,0.001735175778123631,0.0014366764374344483,0.001145992929568806,0.001046737215586279,0.0010897785137183099,0.001063426918435277,0.0011661942134051544,0.0013102263222751773,0.0014068216021782152,0.0013813564795160896
2018-08-13,0.0,-0.0011650011858756074,-0.0024516728163057853,-0.0037795746324655074,-0.004967479264633738,-0.005202587637908255,-0.005458892315990888,-0.005474748371198385,-0.005423657537851732,-0.005391947298965353,-0.005314437614619862,-0.005204348957911785,-0.005192019783032899,-0.005123331448398598,-0.005136540377106346,-0.005091630731343413,-0.004975403365831659,-0.004823975853100007,-0.004669930692916367,-0.004327595284479898,-0.004151632968115399,-0.004072460026218678,-0.004030237020127775,-0.004039912968227866,-0.004192981329384526,-0.004351352569498453,-0.004551112066768695,-0.004577514985877067,-0.004584555882042381,-0.004632083227877725,-0.004660248646906176,-0.0046646495652899415,-0.00481693327100766,-0.0047949255216380715,-0.0044155880550506175,-0.004042551879413134,-0.0035544717964502174,-0.0031501174218040843,-0.0028961609946165723,-0.0028012734143631865,-0.0027283566698790337,-0.0026756490810280974,-0.0024121528000709907,-0.002116241423807443,-0.0020354737090772946,-0.001982802626805962,-0.001909945535957373,-0.001939789967471502,-0.0020047485739390484,-0.001968757473393225,-0.0018318275646151015,-0.0016598139961818807,-0.0015395975889545748,-0.0013553523141053812,-0.001347456846586133,-0.0013062259734288643,-0.0015167844278655424,-0.0018291944808834547,-0.0021496039054171743,-0.0024376210760415056,-0.0026914610659859754,-0.00279688068889227,-0.0026598373460851345,-0.002753833000392812,-0.002915491050041797,-0.003119358020520233,-0.0034674338940263757,-0.003974822030007038,-0.004387429526050344,-0.004701618044384592,-0.004998295566459719,-0.005118047925768335,-0.005202587637908255,-0.005137420978556958,-0.004963957462034226
2018-08-20,0.0,0.000808290596588568,0.0017594595051202827,0.0028287700495654043,0.003964637438478527,0.0043395030509446484,0.0046925465366439425,0.004985642735862274,0.0051000830189668065,0.005234446938209129,0.005310722936009706,0.005333257912895035,0.005481456070569188,0.005657358709345575,0.0056235670074579695,0.005588041166520834,0.005524784715749858,0.005406926409029413,0.005236180548226558,0.005246582145218572,0.005239647759245231,0.005308989455215002,0.005364459350243747,0.00545199151945513,0.005516985698166241,0.005588041166520834,0.005566378448966747,0.005580242642261488,0.005614035808160103,0.005633964575813473,0.005640896227990094,0.0057006797337385865,0.0057491970531315505,0.005808107776546341,0.0058886712356903586,0.0060194647497311595,0.006066234436746607,0.0061978707016884516,0.0062905253126419956,0.006400487401807443,0.006495720385044015,0.00667231027884777,0.006790885010711347,0.006925887295570366,0.006969153402034202,0.007031453306874096,0.007034049052015203,0.007003764939447818,0.007002034391028214,0.007036644790418434,0.007025396542008616,0.006997708006877357,0.007075580057945426,0.007086827741895929,0.0070375100350556176,0.006994246886079817,0.007079906105205721,0.007006360756461552,0.007040971006117451,0.007194972093081283,0.007161232310716998,0.007038375278943934,0.006953577819355792,0.006873965496710802,0.006712125260365122,0.006726839091496494,0.006814252095058638,0.006863580813426178,0.006816848404059016,0.006736359690394151,0.006658461218030327,0.006515631589728873,0.006430789789334983,0.006455031038245312,0.006537273753859546
2018-08-27,0.0,0.0014469208841785205,0.0029692785390838523,0.004611445052645604,0.006238899374410918,0.006482703405252951,0.006668950236054784,0.006879187233992505,0.006958979910354187,0.007063644520428136,0.007037908336896975,0.007049918638304033,0.007052492255553333,0.007015603108722069,0.007013887301331737,0.0070928113944105356,0.007183737953263298,0.0071923155037549105,0.007287521373654775,0.007344125972536226,0.0073372649796819,0.0073672814758929586,0.007447035216964598,0.007507918200317956,0.007495055907031086,0.007603951427888584,0.007731695624167644,0.007826850158203072,0.007877424108257666,0.007999991037025499,0.008073695383215642,0.008077980352528637,0.0081251138031903,0.008195381368396685,0.008330761048627603,0.00840444102055977,0.008466979062771052,0.008502958081866845,0.008581764743469047,0.008591186863437355,0.008671699540801511,0.008802732910392198,0.008896929299657455,0.008969711341876433,0.009029645517046212,0.009035638737002133,0.009016802781903003,0.009046768907340982,0.00916833654789702,0.009243666824112087,0.009384039925775033,0.009496153066023357,0.009622800119680475,0.009669860815579889,0.009844393875921084,0.009921384072540793,0.009905131080172016,0.009810174108013422,0.009671572071881598,0.00957488149917999,0.00950043194449488,0.009564612924611823,0.009710074564494856,0.00995987694815595,0.010100149556224621,0.01025921541239001,0.010289144331209935,0.010345579283956338,0.010300260558636129,0.010260070536786877,0.010152319103845408,0.01009159691170409,0.01002830506871858,0.010124096571743514,0.010181396031134493
2018-09-03,0.0,2.6535586577083414e-05,0.00016433811577126243,0.0007008167497082989,0.0012677850877859597,0.0016430216985282768,0.002147958513126155,0.002545064681902068,0.002690203926186225,0.0027900816400940123,0.002857514797003016,0.0027234976058964247,0.0026936187135816964,0.0025536028676571773,0.002446870305628494,0.0024289381174784027,0.0024904185667148438,0.0023554981823457493,0.002237641432818274,0.0021513751526733797,0.0019873632853638873,0.0018139256440910696,0.0018455396726907792,0.0018549382452183161,0.0018737351252787096,0.0017797471915513756,0.0016524221746199257,0.0014105454493745556,0.001231023132131134,0.0011027731710716445,0.0011061933835011732,0.0012344429059474287,0.001511405753664989,0.001763512017362539,0.0019002210384055738,0.002033494341995267,0.0020616844956889177,0.0019719857935691478,0.0018737351252787096,0.0018737351252787096,0.0017549670829704973,0.001714804913250831,0.0016729319975438625,0.001638748725637405,0.0014524293531827561,0.0013259175151816949,0.0011173089931090358,0.00095141705849699,0.0006931181350741676,0.0004373193506483643,0.0004125059538085642,0.0004321855949209205,0.00047325490280620696,0.0005237336164139643,0.0006597567867591219,0.0005331446201873918,0.0003329278035306048,-9.758853599268515e-05,-0.0005068792699869269,-0.0010517184316997232,-0.0013816788865763326,-0.0017726300861003708,-0.0019758822064753633,-0.002368781879709595,-0.0025240970260372634,-0.002923221703720858,-0.0031662078413981177,-0.003529509250288313,-0.004105221430730016,-0.00504511759539801,-0.005858457795871142,-0.006865505925096085,-0.00790204085262881,-0.008573516043202547,-0.008924105096844041
2018-09-10,0.0,-0.000459366772719688,-0.0009215368638563151,-0.001688259912572512,-0.0025412491029540504,-0.0031160861472911516,-0.003755374324301625,-0.004376863030741224,-0.004855594609369462,-0.005397913500087166,-0.0059848168897181815,-0.006380910852553149,-0.0065512099886096365,-0.0064269582683671245,-0.006086431299597423,-0.005879739342826273,-0.00581374586747307,-0.006022161156530853,-0.006211509364976657,-0.0065129770457109885,-0.006587706434120572,-0.006629418288635674,-0.006599872211961374,-0.00677629262486911,-0.007022290274789317,-0.007304001480933001,-0.00758405237896978,-0.007468369674753289,-0.00738661703731538,-0.007170091814107181,-0.007140529758568391,-0.007308349497954805,-0.0077380268116889125,-0.008166148122745024,-0.008789514092697634,-0.009198918197683582,-0.009642483265449708,-0.009946731010892976,-0.010095837484090507,-0.010306019449245904,-0.010319102774765639,-0.010253687858833177,-0.010399350916017628,-0.010613959104230807,-0.010429881791239904,-0.010488329209734379,-0.010259793069936206,-0.009994686807864148,-0.009803749194623448,-0.009951962440625198,-0.009982479659532402,-0.01003915696556185,-0.010092349359410965,-0.01007578093333684,-0.009863903687070507,-0.00949257286278159,-0.009253808510733205,-0.009180622096190359,-0.0091823645676245,-0.009231155000527427,-0.009626793914596235,-0.010135951792433642,-0.010639261478510997,-0.010832104052815187,-0.011198694728759267,-0.011418713658259458,-0.01148158510189578,-0.011476345663947729,-0.011509529234590279,-0.011529614562302722,-0.011769796472868514,-0.012003046480805607,-0.012071197202268605,-0.01246708746456254,-0.012606079492850553
2018-09-17,0.0,-0.001484779975331991,-0.003186369436451348,-0.005184548335652948,-0.006876687904301246,-0.007145558906081701,-0.007526656304732561,-0.007736979124745056,-0.007578356564165467,-0.007523151299146354,-0.007467072880473032,-0.007283963694757937,-0.007139427491472324,-0.007145558906081701,-0.007283087654843753,-0.007481092190320229,-0.008008711587401594,-0.00842083395324013,-0.008741003637134545,-0.009042846460041954,-0.009466808669679088,-0.00960729128035811,-0.009722326113647052,-0.00994892196861506,-0.010030614461427985,-0.009902369017039931,-0.009698615561528302,-0.009409743245911255,-0.009112177881377087,-0.008962112128601254,-0.008728721265408225,-0.008474334629685623,-0.008330503241920945,-0.008198968254740079,-0.007891243978521355,-0.007721203378727166,-0.007642328381534565,-0.007649339240478718,-0.007544181516941367,-0.007579232862785306,-0.007712439182920981,-0.007843033655279205,-0.007812355568765625,-0.007964002139630316,-0.008100766745163537,-0.008077094609501826,-0.008119178793657995,-0.00812970011643383,-0.008106027295855514,-0.008294548627164139,-0.00866818892291543,-0.009056010284273512,-0.009528267383490613,-0.009715300706261233,-0.00970651901643587,-0.009331612793474211,-0.008950704542117346,-0.008428727315667885,-0.008087615489503474,-0.007887737694822579,-0.007908775581427325,-0.00781498508216085,-0.008041149104636823,-0.008364705172754767,-0.008435743690131796,-0.00857081849458836,-0.00892613479782569,-0.009221889318465636,-0.009345658267452197,-0.009625731088215943,-0.009807513105732827,-0.009977908863466325,-0.010103528451502633,-0.010365359849394688,-0.010600011996242201
2018-09-24,0.0,-0.0010318464594967788,-0.001756569747065415,-0.0030375695514221366,-0.003935696953291814,-0.004485050036325155,-0.004794081181105089,-0.005289811600442019,-0.005741590928807118,-0.006366843858565231,-0.007024999664817369,-0.007581474663097443,-0.007562498825212027,-0.007373663679990931,-0.007000615797724368,-0.006380381795248502,-0.00566582925335553,-0.005501698644702776,-0.00571633639922539,-0.006108755587334739,-0.006115071637998454,-0.006207110045149397,-0.006226962576934343,-0.006135824656773845,-0.006410165901097966,-0.006963589580901031,-0.007499248632729517,-0.00831277049489573,-0.00889891630458882,-0.009043696569120083,-0.009498986104465734,-0.010010642137887372,-0.010165548947257174,-0.01079538802380929,-0.011613411427528928,-0.012470241842968131,-0.012979786737766941,-0.013665947983492542,-0.014093332614335874,-0.014929534088424937,-0.014878559471952366,-0.014805743098430402,-0.014848522075391425,-0.01467104678380919,-0.01369958653363777,-0.013556857768503836,-0.013395971420726752,-0.012947989354325458,-0.013268735013493203,-0.014119709139230358,-0.014583685901408797,-0.015288250397748521,-0.016321416578844422,-0.016372464799369133,-0.016048899637131072,-0.015900368162081745,-0.016025206021101506,-0.01629680497501889,-0.01664051071888091,-0.01701534844179389,-0.017377551424485594,-0.017524477185717972,-0.01698707111049709,-0.01636608362929047,-0.01568991041570828,-0.015128906203481203,-0.014459027857823444,-0.014234318671048551,-0.014114251870102212,-0.014286170155672675,-0.014953201757934366,-0.015467656817974183,-0.015975997996903076,-0.016811039902354497,-0.017128465763734235
2018-10-01,0.0,-0.0012549528110646678,-0.0024096915835310107,-0.003012334700841409,-0.003527207987768769,-0.0031187751754828737,-0.002674736434064328,-0.0023289998351354534,-0.0026673986069233138,-0.0029398515519949743,-0.003257348285638523,-0.003751228495763225,-0.004291287474511155,-0.0041617569489919405,-0.004023976933856956,-0.004170024353601034,-0.0043344680450985605,-0.004140629447736177,-0.004209525119048367,-0.004399701804786869,-0.00445023792411053,-0.00467078906392162,-0.005353887193208786,-0.005789916463752035,-0.006186555436843976,-0.0066864893878454245,-0.0071313921498505775,-0.007184830640318061,-0.00747142023078382,-0.008017181193659382,-0.008446993180593505,-0.008487585833328933,-0.00869426488917234,-0.00858630666059738,-0.008302164643030189,-0.007830003250973109,-0.007455752439568821,-0.0072023369736951975,-0.007405985789849482,-0.00730277396684352,-0.007295402101383707,-0.006945301075236358,-0.006617422858793256,-0.0056675515078184685,-0.005147897300698622,-0.004665274692550549,-0.004865649707008312,-0.004870245935251631,-0.005084453604429334,-0.005116634686461147,-0.004796708818277833,-0.004135117999079461,-0.003688791506601442,-0.0035180278898537406,-0.00314905772544107,-0.0028517778342362103,-0.0025756803104345907,-0.0019384704428356647,-0.001561836582848607,-0.0011239833391285237,-0.0005526808363181821,6.769155340053217e-05,0.00031646438210572203,0.0009993568558263968,0.0014233017054899012,0.001914633544270127,0.0022542237388544213,0.0026685136436805767,0.0031346126995344978,0.003640599537350363,0.00399600475315438,0.0046791215043290165,0.005557379134160517,0.006652072979267805,0.00732974595260715
2018-10-08,0.0,-0.0006986515725551776,-0.001985330244566252,-0.0028433863711767454,-0.0034649616893770475,-0.003544028004093373,-0.0035947899209523657,-0.001974609200765351,-0.00025099131974195296,0.0011966927605023693,0.002441443752592168,0.003145662985927819,0.00311948189129465,0.00342197718892694,0.0039017099433762015,0.003712751785417851,0.003483046867995556,0.0037088753468955665,0.0034946787649836795,0.0036962768179191873,0.004540027518830856,0.0056413534793702666,0.006511491277076147,0.007809489124077852,0.008441459817812939,0.008548517576540402,0.008773205148453894,0.0088734785864899,0.008574556920060976,0.008618918684470728,0.008836841380631979,0.008722100393820318,0.008525370924172045,0.008018903810796106,0.007759300288573976,0.007412735547729426,0.007267895754770801,0.007204159599256339,0.007036108441770628,0.006307560239853625,0.005637484509763749,0.005180840967253045,0.004846933535871655,0.005284378015465587,0.005715828226903789,0.006047512008625408,0.006338490845110086,0.005949855616912722,0.00470462605369468,0.003590636752905636,0.0028653927026834488,0.0015531877483352828,0.001037346004134848,0.0008604802399293574,0.0007263523769976183,0.00024314856107763452,0.00026454280447098043,-0.0001575918413491466,-0.0008699832974767962,-0.0017105179581429705,-0.0023967152823868403,-0.003664103622590379,-0.0049301677103506065,-0.005605862241958243,-0.006189027947990521,-0.006627604695181387,-0.005906208816767545,-0.004791369507075777,-0.0036894873067406164,-0.001018948935858351,0.0020250809810549585,0.004310512573931322,0.006392617102350572,0.007866431098773512,0.00797548040605673
2018-10-15,0.0,-0.0005332711628594865,-0.0005810692027665638,-0.0008803368597601128,-0.0012380457287285475,-0.0014150345937209508,-0.0016140648957844107,-0.0022190539679558625,-0.0025054026554617932,-0.0026452548912660034,-0.0026011897476496413,-0.002449850345764513,-0.0021979880719170497,-0.0019069411146063252,-0.0017624065086062962,-0.002021817952402975,-0.0022104360477566776,-0.0022535263914566224,-0.002537011381580133,-0.002866567910692208,-0.0031118897866799023,-0.00352217176543139,-0.004054447082294262,-0.004280869852949354,-0.004446881828263756,-0.004605242631128786,-0.004462236929372595,-0.004471833987298657,-0.004379706033021009,-0.004384504154460601,-0.004094738910253551,-0.0039105609477772425,-0.0035212129664612696,-0.0033668583195766055,-0.0028014144022963385,-0.0023416279841414734,-0.0019672498089843655,-0.0015298549335047032,-0.0007923639094730635,-0.0003832001656141636,-0.00028284677824474584,7.260991568025582e-05,0.00032765822579156794,0.00020539599225217055,0.00035249091554569536,0.0006723954243914322,0.0007440018183956306,0.000805101886961257,0.0014416570666283715,0.00221128071861497,0.002850752542415817,0.0036288126218084293,0.004141791522406049,0.004292113954791944,0.003653563471192267,0.002959355414211102,0.001894729069426364,0.0014864965009146797,0.0005759573778843233,0.00032001727411094615,5.25471766282702e-05,0.00016049907604182427,-0.000306739528468681,6.783310955782132e-05,0.0003926039579247173,0.0010389660931059014,0.0015361037451090017,0.00244386324356515,0.0028574214796968592,0.0030650889838130086,0.003381270428882033,0.003834416469609241,0.004073282665230656,0.004463339827819992,0.004789539100425508
2018-10-22,0.0,0.000881578838753755,0.0014353165825780102,0.0020322740523326596,0.002304994996670185,0.0018475165460332824,0.0010771646042190535,0.0006782065379409751,0.0002064172514004085,0.00013761623505639058,0.00032268989926309506,0.000929994719559341,0.0013007826384449578,0.001341435090954928,0.0010442469052408406,0.0009135335830917536,0.0006065321565620412,0.00026164844482999555,0.0002878095244117446,0.0003352852911907617,5.136602119453672e-05,0.00015796632442789557,0.00018219208135069256,0.00010757487003276451,0.0003808211538391486,0.0005367899894508084,0.0003343164205209583,0.0002945919148070545,0.00038954055057333254,0.0004883550670872416,0.0007915190651495388,0.0012678722997558102,0.0017894704922779346,0.0022189315252905423,0.002566041116300312,0.002912063887664417,0.0032705254440854995,0.003447293401827837,0.0033719535029410265,0.0032714914741222606,0.0031903416976743694,0.002823153265009103,0.0023407720130354808,0.002175413467465628,0.0018900815108173878,0.0014014428339074987,0.0012891673484641817,0.0015078993233052032,0.0014449945857351633,0.0013820858909101836,0.001446930175126951,0.0011904319360571437,0.0007479388433968341,0.00029749863946629924,-0.00010370925362374036,-0.00021227625653481654,-0.0001841640266950005,-8.626208462029975e-05,4.3612828575236636e-05,5.427345292922043e-05,-0.0002830450234961259,-0.0003295806407024586,-0.0003906619248828248,-0.0006660588035840574,-0.000839675387798592,-0.0010482491273746887,-0.0017548127246827814,-0.0023715226696168442,-0.00275825296698175,-0.003552587855401418,-0.004566597229910783,-0.005578712007704675,-0.006523562181769683,-0.007272080185296753,-0.007382404651616296
2018-10-29,0.0,0.000275281791548798,0.00097710686454449,0.002057791257018942,0.003281488147821238,0.004014988158345207,0.004329890126601022,0.004790640462689252,0.004822408524075858,0.004849212040897481,0.0053900924386346746,0.005455573696136226,0.005152935031985348,0.005089418897873744,0.005101328480323684,0.004679444299636439,0.004737029570531463,0.005130109385683845,0.005530971045161425,0.005928697167868481,0.006324282676751702,0.006361949326902669,0.006209291494267846,0.00601893220044163,0.005781923898587602,0.005800767618199496,0.006043720618897106,0.006188472711363027,0.006288597173091915,0.00646106531151767,0.006652331389476409,0.006945601051048582,0.007426931672076889,0.007762537525460546,0.008275133747430783,0.008716270661324603,0.008782523298475805,0.008648035745294044,0.008688581691520812,0.008684626061819103,0.008738025742620503,0.009141397859851639,0.010015800592323276,0.010847995834053497,0.011401421935461401,0.012132934276121029,0.012611775135715536,0.013135675645994766,0.013679965658718611,0.014409813721411825,0.014756845643474754,0.015356248813102732,0.01574321341459933,0.01586398642089909,0.01602303105387066,0.016080948433272627,0.015680366405801695,0.015384736084942258,0.015227554816303522,0.014841373423186947,0.014347866179160743,0.014342949543182259,0.014005610593513327,0.014001675940234902,0.014025283627685918,0.014311482500481521,0.01503595673543188,0.015960201628866882,0.016640316538558075,0.017693434364448955,0.019131099875024572,0.02019137525468058,0.021142123539736008,0.022148560034453865,0.02257679360680359
2018-11-05,0.0,-0.0008794628917909432,-0.0013446480628615594,-0.0017606498924303703,-0.002121704975305087,-0.001783449515097663,-0.0012041203430628931,-0.0012895740357587982,-0.0010294377380630421,-0.0011186739520764077,-0.0013807326908138603,-0.0014481574588057246,-0.0011500034477073184,-0.001222159959009288,-0.0013465472213444597,-0.0015022904921729132,-0.0017226516764421236,-0.0018537516241899827,-0.0019791676587943745,-0.002177775220883777,-0.0024600748909850397,-0.0028461084673882214,-0.0033807162473441237,-0.004012721027452835,-0.004422214423189884,-0.004792807619472373,-0.00498625656218164,-0.00515591254219923,-0.005327504044265267,-0.005363732681290593,-0.005196901168814314,-0.00523979804235379,-0.005121597774740279,-0.00499483398269385,-0.004966242867095254,-0.004719440222671844,-0.0044403121863544216,-0.004208876009561307,-0.00377567242423938,-0.0035796023904411662,-0.0034187775202888762,-0.0032846179796555013,-0.0031219380026807175,-0.0031685511973625824,-0.0031362071172302028,-0.0032655897150705893,-0.003391182952991509,-0.0035520033849552385,-0.003480630178712107,-0.0033883283860411165,-0.003871817895266824,-0.004192687005798881,-0.0043107775204109,-0.004619402446418807,-0.005026285154038134,-0.004982444398902711,-0.004838545863322369,-0.004849027838850937,-0.004790901904710206,-0.004662274553689398,-0.004437454623027377,-0.004452695055131989,-0.004668943713351402,-0.004659416356021229,-0.004632740238385595,-0.004663227288060819,-0.004661321820225568,-0.004834734263098306,-0.005107300302485574,-0.0050672684676400905,-0.00457081628003392,-0.004007960462450037,-0.0030591563174094177,-0.002190130104460415,-0.001699853439884785
2018-11-12,0.0,0.0008067312960968743,0.0015845397540260786,0.0025839600604496615,0.0036209443548928595,0.003792103317786232,0.0034986700143869428,0.0032427860939779358,0.0027967142012500406,0.0021620834945204983,0.0015977337089329994,0.0010924694289458205,0.00042278949205185696,-1.2271114222013102e-05,-0.00038708459697808176,-0.0008404472807166499,-0.0011437483036354345,-0.0009557097296610327,-0.0009226412746493404,-0.0010048420249901206,-0.0010038971503914748,-0.0008801262963799764,-0.0009982279215484046,-0.000909414198824927,-0.0004947396250441795,-0.00021901483063392895,8.778127178043021e-05,0.0003888219404958603,0.0005511009418547272,0.0004482643985626631,0.00027936309172380474,5.191458635858863e-05,-0.0001954117884839297,-0.0005240162423313842,-0.0008498945225945234,-0.0010823247803912282,-0.0012666066698305326,-0.0014102755963790628,-0.001442414891869603,-0.0014934617784460621,-0.001416892425717523,-0.0013403289354056603,-0.0013252059762959853,-0.0012892898649863413,-0.0012741676777129082,-0.0012599908348294847,-0.0016797104796160748,-0.0023067821182691283,-0.0031160301155321118,-0.003712737445459218,-0.004451063469353762,-0.004891095796069105,-0.005217451693864037,-0.005359791398246472,-0.005698641409105736,-0.005941696998824245,-0.0061933597549671884,-0.006413735382314689,-0.006746290539651866,-0.006855582805812209,-0.007152157653686426,-0.007316642519310385,-0.007306183138553063,-0.007236773656334257,-0.007159763293648766,-0.006956332344445582,-0.006943025219810849,-0.007225364339485956,-0.007458330364109203,-0.007975804152387609,-0.008551618171808398,-0.009069658163891076,-0.009503151483687819,-0.010261025183853172,-0.010610126252156843
2018-11-19,0.0,0.0007918896704795751,0.0014757570604961084,0.0019314089727338743,0.0022860761632968324,0.002046222911272006,0.0015112456070383688,0.0010909056298809472,0.0009787851226422434,0.0011871323737961507,0.0011320133330029647,0.0013776900545012965,0.0014776249101341535,0.001323515584673922,0.00114042151865197,0.0010796941448354635,0.0007526371872876031,0.0005582212243769621,0.0005871990773537401,0.0005685037844541942,0.000628327491485298,0.0008741279728281335,0.0010376499563872275,0.0011049198094280387,0.0011955400960087486,0.0011703167172986046,0.0011525665508904511,0.0011011827140852868,0.0011058540810815062,0.0009535562759777697,0.0010058820638197353,0.0009937352499521665,0.00106754822752186,0.0012347751983520863,0.0015224522548218157,0.001684000805415156,0.0017895068681434386,0.0019062041485291047,0.0019062041485291047,0.001871663172425686,0.0018231170811698143,0.0017811041383766252,0.001584086572829612,0.0015429974495816557,0.0015355265185075138,0.001592490958238143,0.0017222830529611344,0.0018147146338172006,0.0018604604374644544,0.001866061820632729,0.0018950018005167585,0.0019603470615617872,0.0022030206537058607,0.002333666661069572,0.002613564929207204,0.0027478882755528912,0.002872867406998685,0.003092941934820004,0.003360509694221697,0.003553449676038912,0.003906610492277574,0.004183274706129196,0.003951329086556138,0.003682987519675967,0.003820894263254543,0.0038190307853715106,0.00394480774943955,0.00430248686293001,0.00472613381772793,0.004956969135439592,0.005255672847309351,0.005533824415658789,0.005958809647541449,0.0065007060098802435,0.0067766535592982445
2018-11-26,0.0,0.0007223489468181416,0.0009870479244339946,0.0012052058754492359,0.0014593472913415845,0.0011482996938102384,0.0007308887172405617,0.0005467930628966602,0.0005392007618693801,0.0007441726596114504,0.0008324115118044981,0.0008343090360097615,0.0008694125843655233,0.0005923456585957663,2.1839482651882195e-05,-0.0005594432308672885,-0.0008720698816518709,-0.0009927756206910686,-0.0008777721870939963,-0.0006212006278790401,-0.0003969919836966452,-0.00047013927910806224,-0.0006202504851913771,-0.0008758714150004018,-0.001108742887634067,-0.0013635378836219204,-0.0018048290478409979,-0.0022339431621466936,-0.0024271521982683415,-0.002727985394243216,-0.0030784368898201255,-0.003079389371009797,-0.0028184434500947743,-0.0027841636449910355,-0.0024033559663528864,-0.0018666634069310411,-0.0012589499930928665,-0.0009053337884627991,-0.0006801112376968466,-0.0006059984532076823,-0.0002925051280479109,9.020347536357469e-05,0.0004670710270193283,0.0010155060085238494,0.0014517619155668948,0.0015807054792335918,0.0014574509527920858,0.0014252126472347072,0.001557951940820514,0.0017039448158690026,0.0018868798237415372,0.002363491060606266,0.002938343871030713,0.0035535531893705155,0.0041163747278466795,0.0048300875440478236,0.005092756851515827,0.0052958530777885,0.00538652458536842,0.005555567214261002,0.005887902914138971,0.006442808367961252,0.00678239449120781,0.007362254143708884,0.007886195741861855,0.008074596829493465,0.008521907206783464,0.00901983432487227,0.009010424012675615,0.008929491672068128,0.009120519122729235,0.009139337586653553,0.009092290762823092,0.009211785366654904,0.00948177177019937
2018-12-03,0.0,0.0009298197893572759,0.001385693807251457,0.0018321938093974627,0.0023490413078236117,0.00218045375046888,0.0021850353097843216,0.002419583100887839,0.0025386683431610456,0.002565231578088278,0.0024965321093829078,0.002361867458513,0.0023224723294865608,0.0022959026452197013,0.0024360726726084447,0.002603701219134763,0.002653160011727468,0.0026183559312201042,0.0023233885129045253,0.0020136707018378634,0.0016002587318443857,0.0011151296702068246,0.0006958399518465628,0.000622423229319532,0.0004911774080026075,0.00039204327117326897,0.0004048945470297971,0.00012855571346841201,-0.00015888096405289158,-0.0004335382297982176,-0.0010033021607764269,-0.0015007324974569967,-0.0016644513061705654,-0.001975406880668733,-0.002255165517050455,-0.002363777129395407,-0.0026003703719414623,-0.0028471498094686234,-0.002983457097883007,-0.0030064838120962643,-0.002842545157941689,-0.002589321970737005,-0.002551574187609157,-0.002529478585461755,-0.0028139967917120506,-0.003161237086864609,-0.0033132502247775948,-0.003288373766336252,-0.003136364409637453,-0.002948457507743097,-0.0025552568354330063,-0.002371141055546205,-0.0020416584323135864,-0.0017270026465834162,-0.0012046350958012685,-0.0008369342971488982,-0.00040965199442395494,-0.0005189821269738332,-0.0005373581125015018,-0.0006880539323559098,-0.0007312453359868164,-0.0009407960710083419,-0.0010796016537894615,-0.0010621349909835343,-0.0011457938815591007,-0.0015715513892077442,-0.0016948066150634829,-0.0014777404292596564,-0.0015494774304078654,-0.0015329222810662522,-0.0013186498019828834,-0.0010400722740324516,-0.000825905361817799,-0.0007220555194063176,-0.0004675311638648169
2018-12-10,0.0,-0.003087466681328425,-0.006333514973391219,-0.00979077210656775,-0.013386353192723504,-0.014107593757706639,-0.014749450542987314,-0.015493568996822998,-0.015697298969633743,-0.01570396373525559,-0.015788705342435504,-0.015754426973511204,-0.015443118920256599,-0.015362213733952298,-0.01529178396002164,-0.015251812511051389,-0.015004405760723554,-0.014930195670019974,-0.014978717029179406,-0.015112876569812828,-0.0151652131856154,-0.015083378956976428,-0.015039609909107882,-0.014934001181732956,-0.014713305437506211,-0.014312943109010911,-0.013973569008552924,-0.013658063926969121,-0.013222032527700526,-0.013028301805200692,-0.01298937025777591,-0.012984622611777538,-0.012856444689252266,-0.01289726994813041,-0.012703602125813333,-0.012510920880268691,-0.012542240920303947,-0.012638105320657754,-0.01293619791004283,-0.01316219991653521,-0.013437649566081096,-0.013506048823975925,-0.013555451197770043,-0.013502248742464085,-0.013551650928520875,-0.013537400047459978,-0.013394902405554812,-0.013317962121151352,-0.013108068733874297,-0.012985572139174093,-0.012951389720897493,-0.012904865529021434,-0.01291436008626667,-0.0130605876527022,-0.013346457832548583,-0.01386807279847759,-0.014506922890079542,-0.014926390172789083,-0.015358406592325586,-0.015654455108367122,-0.015590668760242505,-0.015675400766761254,-0.015925830569407037,-0.016099168525519788,-0.016368759220843788,-0.01640210587696333,-0.016437359265460603,-0.016332555538925226,-0.01634494086155601,-0.01634875176091871,-0.016581244089242768,-0.016653670773933378,-0.0169224577456743,-0.017243762493594838,-0.017445941834988054
2018-12-17,0.0,0.000909058217381109,0.001821903695613613,0.002659253219905052,0.003716925959608484,0.003463665459571085,0.0033503681816702342,0.0033466835018319766,0.003462744395244281,0.0032895692281303913,0.00323060913672514,0.003322732751942177,0.0035714241299885643,0.0037473129097968677,0.003992216431923463,0.004313446275557295,0.0045738520407376596,0.004664012084075421,0.004749564608548109,0.004932604029219602,0.004847986953627259,0.00481579379467101,0.004759683240306931,0.004754163999312812,0.0046925304054890584,0.004681491151742467,0.004502086196096589,0.00434105434042693,0.004243502433071701,0.004223254618224367,0.004287678060648806,0.00434105434042693,0.004418352867376138,0.00435945929356842,0.0042701921080805375,0.004222334253262934,0.004164349552923926,0.004018912814427196,0.003945265892466863,0.003879899706003728,0.0037657287938656966,0.0037583624809355335,0.0038274195345194156,0.0038955511537857915,0.0038458339434265985,0.003884503098427523,0.00403180046814702,0.004076905948240411,0.004132134377640704,0.0042996419572902496,0.00441375193182212,0.0043447353581545795,0.004330011205943493,0.004112804774306461,0.0038927891513893397,0.0037031134042717286,0.0036552284019373974,0.003634968672201475,0.003824657343936597,0.003925932676666712,0.004126611671956595,0.004415592308584094,0.004777160635825967,0.0052103184596486544,0.00570486376382619,0.006044836679529333,0.006269890291464413,0.006448060084073952,0.006571107283849374,0.006702402149811981,0.006666596168648476,0.006583962087919457,0.006377347006946595,0.0062992813095714105,0.0061210850047441305
2018-12-24,0.0,1.4888332851247865e-05,0.00032842235223243607,0.0003386547437981468,-2.4194013657843247e-05,0.00029586404611734314,-7.444249549869646e-06,-0.0008937058571214137,-0.001444290995822646,-0.0017900755270413324,-0.0022217749516043914,-0.0023439526811811335,-0.0020716380329804844,-0.0016838109505175696,-0.0014256537164174887,-0.0014368360423788159,-0.0012942707521263984,-0.0016008578576479214,-0.0018851639313618006,-0.0018851639313618006,-0.0017360096822866332,-0.0016567805352403126,-0.0014163352069690275,-0.0012616606335763465,-0.0012383683428110442,-0.0013315407612338108,-0.0016250906339702915,-0.0018133806720260863,-0.001957884694850094,-0.0022096512582234916,-0.002442824977430825,-0.0025557005862977306,-0.0026611248514225956,-0.002718039915035904,-0.0025976823690090547,-0.002498794761224848,-0.0024474890064336884,-0.0025239821859845512,-0.0025081233630913843,-0.0022712038381355703,-0.0015589179016786611,-0.0010557755809889183,-0.00033225358978977574,0.0001339870164864654,0.00037772291217579176,0.0001981827670288339,0.00011537878215615033,-7.351439280201661e-05,-0.00024196648137798316,-0.00041882517360586363,-0.0005687141303754513,-0.0003648334138523631,-8.747343232721181e-05,0.00018143644679974286,0.00023539580797120432,0.0002595835420001899,-9.398771745653273e-05,-0.000639476972464152,-0.0010650907311493198,-0.0012066916979987835,-0.0014414953817682016,-0.001630682896515805,-0.002277732364297465,-0.0031296042245013813,-0.0043578376797202955,-0.005205871801503983,-0.006295252600060189,-0.0067326489654045835,-0.0070334114145287506,-0.00726302619223264,-0.007784306829273358,-0.007747733317213499,-0.007798373920860262,-0.007781493434701766,-0.00752832033046008
2018-12-31,0.0,0.0008874245179560077,0.0013110873328097891,0.0017933481809689702,0.0023699186858970305,0.0019733326256564667,0.0019595594505674393,0.0020458682174800394,0.0021964316370962546,0.002154202721482709,0.0020073056464902555,0.001883344452612754,0.0021340056531783578,0.002218463406909203,0.0021643011026663563,0.002089019807645624,0.0019742508305841135,0.0018126337781641738,0.001798858389548688,0.0019448678547109477,0.002099118847089533,0.0023001603160118494,0.0023267792155238763,0.0021000369365269684,0.001872324936130555,0.0016362944714920576,0.001261470165994825,0.000808369937161377,0.00046082335506618724,0.00026493039292889724,-4.968226353417426e-05,-0.00022911099055466724,-0.00020058427136933937,-7.268414738949148e-05,-0.00012237002225747398,-8.924583138183392e-05,-0.00024751575738978703,-0.00046103581113924355,-0.0007215552035865452,-0.000930572120445602,-0.0009710914679790104,-0.0008292809339813732,-0.0006460620352220855,-0.0005512433253022494,-0.00043894541539812176,-0.00043986583881132764,-0.0004196167194171811,-0.00041409430347069724,-0.0002585587800860657,-0.00011868950242096112,2.7600190995003396e-05,2.5760201961505036e-05,9.291760836759185e-05,0.00010671651687422377,0.00033299145292342146,0.0005730076758617997,0.0008626057295804467,0.0010822765642892161,0.0011410923633325544,0.0010813575399806472,0.0010491911570644796,0.0009379794037978131,0.0007164381468076918,0.0006566779506662524,0.0006566779506662524,0.0004801346676797127,0.000388172695729455,0.0004304762531891966,0.00047645635117172093,0.0003164364862952723,0.00017846777186195824,4.600084733594184e-06,-0.00019690346365278086,-0.0005383560393461455,-0.0006874905073596625
2019-01-07,0.0,0.0015697641417074964,0.003074905443459076,0.004299815687193521,0.005677783791543861,0.005381606786597364,0.004896427432016516,0.00469636129837732,0.004928841787503763,0.005143676097369168,0.005490832266974221,0.006089509181155115,0.006626810232015615,0.007004874905913172,0.007125012232262962,0.007269157974946285,0.007403120965330002,0.00734953792268726,0.007211871770280434,0.007164746786961663,0.007043690081912684,0.006984542545760009,0.006911527481056133,0.006832036665900643,0.006827414912508937,0.006745144127881166,0.006622187530018635,0.006279123409265146,0.00604510650810697,0.005447328632331166,0.005242743612887822,0.004930694004653922,0.00490754104369013,0.004851045569101774,0.00507700831954828,0.0050927497234687655,0.005226078736152001,0.005234411209234676,0.0051751565586531404,0.005137194702906542,0.0051094168222457605,0.005083490104113293,0.005056636723108859,0.005143676097369168,0.005231633725921567,0.00532328660228914,0.005251075947112597,0.005344578492347997,0.005546366071803744,0.005668529587821695,0.005701844320432353,0.0056416919127215,0.00556395113375688,0.005349207104111541,0.005039042737658584,0.004745455305537378,0.004882535243732708,0.004887165994604259,0.0049260634553458214,0.005156638760270798,0.005412154097209838,0.005338098399886249,0.005294588120112833,0.005254779184482778,0.005099231406002523,0.00477972705177422,0.004396187028284585,0.0038780818357821473,0.0029988206552767956,0.002493916390732292,0.002177293059818764,0.002124357971690458,0.0022135101898751314,0.0026043859840890735,0.002622022856663416
2019-01-14,0.0,-0.0014169125281421329,-0.002445361254657372,-0.0033688000648109504,-0.00421021562851683,-0.004367594241274606,-0.004046344698853056,-0.004052861779889849,-0.004206490990970784,-0.004508231589477245,-0.004891126174706336,-0.005524015465841738,-0.005911962985884831,-0.006090133547821912,-0.006224482083578442,-0.006319656551512973,-0.00605841499955857,-0.005824288604749241,-0.005621920713221722,-0.0053133185898088,-0.005169771809624184,-0.005148334773228495,-0.005275099577150399,-0.0054456981688671986,-0.0057077122380041765,-0.0058942409485777635,-0.006075207046845346,-0.006120920159753029,-0.006224482083578442,-0.006300061067618156,-0.006341118712557474,-0.006605234316465372,-0.007071106394927048,-0.007367173975214894,-0.007608202214054311,-0.007920317329127026,-0.007962376214376655,-0.007771723433632936,-0.007691361092877726,-0.007556815352729222,-0.007382119773344149,-0.007284042049939157,-0.007298986605637797,-0.0072214641486041155,-0.007185973944830437,-0.007118732802191406,-0.0070384229180559055,-0.007009475587721404,-0.007034687731572102,-0.007120600550657958,-0.007229869907669881,-0.007236407769125985,-0.007008541816823042,-0.00673871855875549,-0.00650163295574147,-0.0063439181588270735,-0.006295395532810294,-0.0063607150010211114,-0.006361648167193153,-0.006189027244642405,-0.005879317371283856,-0.005612595990958421,-0.005337555793731543,-0.0051986659336332695,-0.005167907701259864,-0.005172567978686119,-0.0051194421034364826,-0.005055135609343969,-0.0050607273142360834,-0.004832424789103701,-0.00471130583616885,-0.004555736089606072,-0.004479357407790486,-0.0042213896243939114,-0.004217664945228291
2019-01-21,0.0,0.00022006194832633182,0.00034474222608487254,0.00044924166014126675,0.001025625604608452,0.002153606702345547,0.003083782748281722,0.004149174700361058,0.005139537231145436,0.00569042957207771,0.006006781841626407,0.0061143370480856,0.006239195955404168,0.006291139959779093,0.006490689197848985,0.006733921399712035,0.006860524488723046,0.006852327651700403,0.0068969540626195374,0.006857792217181061,0.006780374754403875,0.006754871218974837,0.006545353273451981,0.006218235329938345,0.005984904790651957,0.005609274100490228,0.005314688230911708,0.0051659942970308965,0.005192450662958761,0.005204310185996112,0.005293708218021922,0.005342052803642927,0.005407724723174793,0.0053913071476123856,0.005216169568387065,0.0051659942970308965,0.005137712580109831,0.005113079465264899,0.005182415572070214,0.005366680278876456,0.00546244802847599,0.0055837406799770575,0.005642101826060758,0.005634806869064481,0.005678575812817531,0.005682223138324711,0.005688605925952699,0.005734196081404781,0.0057934601763613485,0.005870954078313826,0.005962115686941756,0.006046888525410503,0.006174490000656753,0.006107956977239269,0.005845427338596696,0.005696812307326157,0.005622040566267528,0.005469744242926373,0.005449679525090421,0.005581916839278706,0.005654867872753577,0.005584652599078948,0.0056193049087502325,0.00569042957207771,0.0057952836312797325,0.005979435453125329,0.006126185643092875,0.006191806088989049,0.006318477825732475,0.006366772895863056,0.006270180423075224,0.0061143370480856,0.0058481623775916885,0.005426878220672304,0.004977130249842972
2019-01-28,0.0,0.0003366146336741961,-8.996855280536717e-05,-0.0007728803816578314,-0.0017767534096372205,-0.00283464961509231,-0.004477628439318887,-0.005632586333444236,-0.006164371221268057,-0.006323028495756976,-0.0064341035672183244,-0.0063155617066349284,-0.00639396577323267,-0.006407033715330707,-0.006219431776227027,-0.006230630904188443,-0.006407033715330707,-0.006211965760596884,-0.006133575961682576,-0.006266095636848677,-0.0062791619080429795,-0.006160638412021191,-0.006311828332981097,-0.0067337877807244284,-0.007205435460251923,-0.007851159569739245,-0.008412184614586041,-0.009176620155489831,-0.00962507395705113,-0.009869514458781342,-0.010008150950375999,-0.01019459112868069,-0.009734643344784931,-0.009390991558978509,-0.00909051008430233,-0.008791990188635572,-0.008582424447376457,-0.008732109781019081,-0.008761113905688471,-0.009028740035456152,-0.009242143655516618,-0.009393800222957983,-0.009480872719292389,-0.009653167527371118,-0.009489299492273763,-0.009356352018501253,-0.009299246206565278,-0.009304863027070351,-0.009445293793996952,-0.009635374841194913,-0.009762739993512109,-0.010286418665387133,-0.010637877433753886,-0.010967892493686111,-0.011453737803721345,-0.011985812188447369,-0.01214727345076803,-0.012477787092628645,-0.01282250148326545,-0.01296154800018625,-0.013212444345134534,-0.013048931717648534,-0.012975641631697123,-0.012320967285308312,-0.011634817763215125,-0.011123562395037456,-0.010705371654587004,-0.010372631782391433,-0.010707246559083918,-0.011184524079699687,-0.01140307881469501,-0.011726777653753854,-0.01185910213045572,-0.011525039988037666,-0.01114794662294501
2019-02-04,0.0,-0.0004538755907553595,-0.0010320843089513937,-0.0015600261482787779,-0.002373638928224928,-0.0027208223030101585,-0.00310221829063092,-0.003528005911989469,-0.003788913438346849,-0.003901410476197099,-0.003726215663728461,-0.003536302276568703,-0.003216481152468723,-0.0032809901468879277,-0.002974148827053123,-0.003009158993824944,-0.003212795049904697,-0.0034293766285066287,-0.003296657245014463,-0.003424768021379674,-0.0034395156389485427,-0.00355750440987283,-0.003850693031829105,-0.0041780963712242224,-0.00442810179238569,-0.004509297809765546,-0.004417030118985108,-0.004184553289512484,-0.0040794029521042585,-0.004024987382228404,-0.004100616603551138,-0.004109840070633908,-0.00394383067781017,-0.0035713321303041776,-0.0031925217286732812,-0.0028663620623342987,-0.0026471393625118306,-0.002670164698210694,-0.00283596276759562,-0.0030754974082137375,-0.003375918091580377,-0.0036782729589393747,-0.0039631970203062895,-0.004278644543338577,-0.0044899208885086925,-0.004892299728072745,-0.005225584595085599,-0.005138790581232889,-0.005134174089369574,-0.00509631965995827,-0.004751079539258301,-0.004321080750655134,-0.004385661043355366,-0.004393041913799803,-0.004570199149613797,-0.004524984163883421,-0.004422565940362656,-0.0039567415311346915,-0.0031676413961601252,-0.002389291817127092,-0.0016851542667544296,-0.0011442716214197144,-0.000797635072802625,-0.0006551535687291677,-6.613908500822802e-05,0.0005831206485709625,0.0013924977202128999,0.0020903117384618412,0.0027381733368370314,0.0030010469314158614,0.003116433026237492,0.002764738615744055,0.0025613588463829252,0.0023258630280944726,0.0021480590171373153
2019-02-11,0.0,-0.0007591029763963287,-0.001645299222833712,-0.002382714359501534,-0.0031417924694703467,-0.0033401472276044187,-0.0038352874685070332,-0.004104548229881129,-0.004525585771873162,-0.004932082739319635,-0.005360830957519908,-0.005260527885723208,-0.004964278474675347,-0.004724215229274616,-0.004630413068997421,-0.004632252242472667,-0.0047416891528929,-0.00494588078468873,-0.005041552468979006,-0.005062711865936965,-0.004913685641645416,-0.004806989148915304,-0.004782156253605449,-0.004658920637988799,-0.004605584558141222,-0.004602825872765108,-0.004327915067636789,-0.004099033630438782,-0.004143151277504642,-0.004034698883863255,-0.0037939398484932822,-0.003677256896612896,-0.00351282136255031,-0.003276779625234259,-0.0032198440450729045,-0.0031913774705685845,-0.003107818980724866,-0.0029746907564726483,-0.002839744369916229,-0.002836072613889782,-0.002985707592033578,-0.0032409649304611875,-0.00352476269752747,-0.0035918205349372333,-0.0034567908488690804,-0.003256576306379315,-0.0031142463089903274,-0.002861775189197499,-0.0029765268873043426,-0.0030637469854407893,-0.0031427106878878937,-0.0034053557640678204,-0.003631322461579977,-0.003623973147776189,-0.004015399266960097,-0.004168887470498148,-0.003951988862394195,-0.003891339194156841,-0.003663476344554592,-0.0030040692543521594,-0.002555223235419365,-0.0022405086757136686,-0.0020414546860189754,-0.001864449169496349,-0.0016847243314066693,-0.0017314863589984015,-0.0018470254498526894,-0.0019524894479804693,-0.0023267471287592052,-0.002987543743093754,-0.0034659759638392554,-0.0037480000535053,-0.0037268684564839756,-0.003633159798470423,-0.0031978053359159432
2019-02-18,0.0,-0.0006573589234486863,-0.0015233076906284921,-0.0022283778276197966,-0.0030984937032506317,-0.004102263302217176,-0.004599375893475043,-0.00519136513506125,-0.005644023668163839,-0.005882149934334727,-0.005887775649855457,-0.005687144692950962,-0.005226033594496704,-0.004977758984640357,-0.004980569295671599,-0.005042398136597282,-0.005126716353597902,-0.005337543005678558,-0.005546539509262354,-0.005749017237404118,-0.00580995606093794,-0.006132524912023559,-0.006551832385451423,-0.006948788683711605,-0.007091468683690764,-0.007461405066363969,-0.007749749879916184,-0.007695267942074156,-0.007694328624347564,-0.00779578003719243,-0.007527144123652112,-0.007267969480749713,-0.007096162450603002,-0.007068000179595605,-0.007041716108867456,-0.00721445265039792,-0.007322428142882811,-0.007358109564133901,-0.00723041351061356,-0.006731053188305405,-0.006385776855913326,-0.005868085783994465,-0.005441567195613612,-0.00498900027615239,-0.004906567072760838,-0.004722990265488991,-0.004770754456496571,-0.005003052068248039,-0.0053300461847991705,-0.005505299071882834,-0.0055577871964568384,-0.0056243386011143245,-0.005510922667741392,-0.005359096678776662,-0.005316926883495396,-0.005646835852232381,-0.0058193315941715736,-0.006200990408019473,-0.006430806139026561,-0.006576227046024411,-0.006312608595146454,-0.0061691017855959015,-0.005832457488373172,-0.00583151991878813,-0.005983417656272666,-0.006266646656313723,-0.006578103583025544,-0.007051103197677834,-0.007250130219069245,-0.007259519264494455,-0.007483943684879062,-0.007570346428783477,-0.0076520602398249486,-0.00790006027115663,-0.008337028134659958
2019-02-25,0.0,0.0006184475312937801,0.0009691631937878097,0.001088508018596612,0.0011430873392456384,0.0006554681832688733,0.0001305724213453885,-9.261488883568327e-05,-0.00012873702054557132,0.0001805743658760249,0.0002074262301609051,0.0003833344028452732,0.00040184925268097214,0.0004157351650990485,0.00023427737344252993,0.00030279081691797754,0.0002444621012580268,0.0002611277957596179,0.00034260052651139046,0.0004453578004975286,0.0004981209462857467,0.0005804999406141961,0.000701742071014699,0.0008109399571261818,0.0008784886118463803,0.0009682379844707516,0.0010718561073730652,0.0011791635599785963,0.00121616346008325,0.001313281684949246,0.0012642612836659074,0.0012698108836785918,0.0012624114101509782,0.0012744355268294268,0.0014316606698583844,0.0017044338828160648,0.0019401609563300106,0.0020658593450605034,0.0021776806602604375,0.0021758324756859094,0.002140716319755568,0.002127778477768958,0.0022248082128384357,0.0023486229639534386,0.0024114484670631005,0.002462260325083476,0.002539858907655139,0.0026553218425647692,0.0027402940465455555,0.00299055065321766,0.003290591322519036,0.0034991819337442647,0.003598847040611551,0.0036385257537714833,0.003571163285068407,0.003520407742667688,0.003445653980142073,0.0034871845381020975,0.0037003475878790307,0.003987261589912592,0.004215995768592036,0.004649340449429118,0.004967314414188149,0.005172791626520895,0.005288872193935267,0.005504414647882358,0.005460204598562469,0.0054933623187879135,0.005679393581785943,0.005943645825439615,0.006276853978683402,0.00684268523898139,0.007262941215077517,0.0075543498561647555,0.007687615729591197
2019-03-11,0.0,0.0013600695153128187,0.0026289441938690383,0.00399716233728172,0.005619100002855266,0.00599606450742961,0.006311741657768631,0.0067252987853411396,0.006993120622510352,0.007172826606035138,0.007368669350327985,0.00742975006581772,0.0074306482837982,0.007595008592500925,0.007616562039212115,0.007581537452397753,0.007641707139915151,0.007663259580146255,0.007598600865880065,0.007563575649966142,0.007667749613394728,0.007756648120542219,0.007946990063233052,0.008107675102500263,0.008216279974298224,0.008246794923035582,0.008318591129534194,0.008354487299865513,0.008343718584061627,0.008414610498599267,0.00844601670240381,0.008472038238366932,0.008493572790556656,0.008558173664844224,0.00854920157074867,0.008605724419676797,0.008538434951574591,0.00848818919598457,0.008524976514592428,0.008491778262253042,0.008449605920035295,0.008519593089082842,0.008509723400377209,0.008498956356146026,0.008541126617235748,0.008524976514592428,0.008475627362602623,0.008644301672649266,0.008734010460043773,0.00894569129636378,0.009265818273830528,0.009521308284888407,0.009800031697622155,0.01000163204667032,0.00985917201251667,0.009774044695602325,0.009659335376061192,0.00932140411272454,0.009081107650292304,0.008946588153730546,0.0089044349879543,0.009052411676066694,0.009213815820737565,0.009497106766914428,0.009885156802455861,0.01011003143131881,0.010167361892172922,0.010255142791105619,0.010333064275845016,0.010352767597556834,0.010291865166814537,0.010386799693409101,0.010567687710787482,0.010651852168186803,0.01084611966618933
2019-03-18,0.0,0.001459736309923644,0.0032345794493271866,0.004865353635990049,0.006438752571121428,0.006657615233069813,0.007168108573449574,0.007218449240908098,0.0069137626642481135,0.006655010006899143,0.00643527817438532,0.005914850960543635,0.005595857690160964,0.005317633350866258,0.0048723133349832205,0.004497290544255514,0.004130833143003178,0.003190137812734823,0.002607857086423736,0.0022014544072933434,0.0016220887092550358,0.0010336541377227036,0.000940206110696266,0.0008205449525217471,0.000804821984234534,0.0009445730354336305,0.001195202557846745,0.0014265642973221235,0.0013776772203492951,0.0011864708780024722,0.0008467493503199528,0.00025174033117908917,-5.420238998900592e-05,-0.00038472569532793,-0.0007800980940383804,-0.0009979695953391758,-0.0006786159294416523,-0.0006777411279669794,-0.00032700740429804956,-4.458562254287946e-05,0.00010927008034366271,-8.043040763319455e-05,-0.00016786210167797912,-0.0003576151740391401,-0.0004170843764435501,-0.00037510574880620105,-0.00031738801300427744,-0.00032176045212145544,-0.00042757930870308705,-0.0002194503869516641,-2.972352748555828e-05,0.00011975937994685668,0.00039506415061993247,0.0005654529389254654,0.00034088317040280455,0.00020629190377443677,4.108695092134262e-05,-3.496894757807974e-05,-0.00019846500064923562,-0.0003252584171802378,-0.000702235858539286,-0.0008544665635914578,-0.001092482839077832,-0.0009988446769952763,-0.000888590418312814,-0.0007862223472622432,-0.0008107197352294725,-0.000985718532559384,-0.0011817535499420173,-0.0009717175017332312,-0.0004302030589780551,0.00023950441930203133,0.0010581063855405741,0.0018751662203928684,0.002442176365001977
2019-03-25,0.0,-0.0015751071657313137,-0.0034841258189611426,-0.0052535919388807485,-0.007203979908656371,-0.007299926685556436,-0.0075631674092717085,-0.007947147686562768,-0.008095142750140501,-0.007933054060845178,-0.007764826740419847,-0.007511218099459452,-0.007155569891646246,-0.006976913204636423,-0.0070314749157053096,-0.00693027410196431,-0.006873958084618233,-0.00685987957581364,-0.007010353900206136,-0.006982193240118265,-0.007081639115462657,-0.007231266587345418,-0.007513859524666834,-0.007800935978796165,-0.007992953341983711,-0.008259901112991155,-0.00859919500600382,-0.008808116298532105,-0.00889716353285871,-0.009082336634966753,-0.009062935940068522,-0.008907743929323992,-0.008855724724527104,-0.008720840070537573,-0.008694394232493916,-0.008870713031443876,-0.009049708409344218,-0.009204040489072474,-0.00940162031328699,-0.00950307155127757,-0.009434260023378558,-0.009393681085429798,-0.009342518684490597,-0.009326641230210745,-0.009290476858728131,-0.0094589610527071,-0.009556006718062195,-0.009536596831547547,-0.009565711802600232,-0.009740419432473769,-0.00972541808455832,-0.009754538553735207,-0.009857790687152845,-0.009778365022914,-0.009500424866492767,-0.009292240944067595,-0.009234909763430913,-0.009337226171720201,-0.009322230870982613,-0.009463372015007007,-0.009638944113610829,-0.009889562719294526,-0.010136712989681634,-0.010368913354034632,-0.010415713111567443,-0.010464281213548764,-0.010321232834696529,-0.00990456652982144,-0.009595709932130748,-0.009329287455084285,-0.008921851298749402,-0.008491666039183183,-0.008146241370488819,-0.007795651618564736,-0.0077137476056187695
2019-04-01,0.0,0.0011864675377479211,0.002403260109784249,0.0033076010504969394,0.004557758553326603,0.004688677781911684,0.004751992043983663,0.00486149914237719,0.005116398907419317,0.005357552958992603,0.0056336969813956875,0.0058268669698763416,0.006021708623194264,0.006319879573044582,0.0064975437676850125,0.006514625199997591,0.006295960828435579,0.006019145163686087,0.005653357579634195,0.005304538261082554,0.004986391038338698,0.004935922903608844,0.004862354619376321,0.004762258843890431,0.004664719988696837,0.004663864342609266,0.004635627610983392,0.0046843996466479675,0.004814446780361375,0.005116398907419317,0.0054174048853445934,0.005675582138285297,0.005840541306991529,0.005793534989761221,0.005748235902530169,0.005566164156356629,0.005372088756172276,0.005267768352203688,0.005331045961357464,0.005372088756172276,0.005578987195425538,0.005905491854863885,0.006170378032259522,0.006377111389679145,0.006529998239615158,0.006566721766546775,0.006566721766546775,0.006565013725430774,0.006541100843474906,0.006498397846230473,0.00637198628589568,0.006257518790268154,0.006143892571707654,0.006188319397315756,0.006289981052890918,0.006439464715245669,0.006533414438547326,0.006782765444074988,0.007041444092790099,0.007200203787280781,0.007471573283260083,0.007748840251748707,0.007846931690960852,0.007962923063379828,0.008184633835764798,0.007996182813073323,0.007856313846187051,0.00769936439723505,0.007433176412344368,0.006857046360018285,0.006241287263774115,0.005455024262748425,0.004493576200114145,0.003322166675707341,0.0025413214289524244
2019-04-08,0.0,0.0005410773735650647,0.0007225124571036218,0.000600988824458618,0.0002337607969814212,-0.0002235367027024633,-0.0007007534671221201,-0.001049599898948088,-0.0013625509743885036,-0.0012339290891116416,-0.0010650308070573372,-0.0009715917303388873,-0.0009878786475301196,-0.0010161670815486289,-0.0013145302019651741,-0.001529784161732565,-0.0017862627126536638,-0.001941554272869454,-0.0020101991122201956,-0.0020282191633891225,-0.0020059086717078524,-0.0018892157490010832,-0.0020745579289497534,-0.0022453434009282345,-0.0023989894256824383,-0.0025337710174681625,-0.0027106457614181068,-0.002708069691135964,-0.00281798792238759,-0.002893563715496957,-0.003095413432626383,-0.003506969485452378,-0.0037777093417748356,-0.004036484819385086,-0.0042506055215044015,-0.004438106274636891,-0.004448428437956046,-0.004301347668415464,-0.00413966979574406,-0.003940188446588729,-0.003897201988176186,-0.0037725517072722753,-0.0039522249860837085,-0.003998652995594428,-0.004057980811458106,-0.004126771091418804,-0.004227385397740097,-0.00427210611685674,-0.004422623229431362,-0.004610156241812624,-0.0049268055441730185,-0.005459656598229096,-0.006012606756369344,-0.0064288129524751395,-0.0069986845226425,-0.007310052608376928,-0.007505030462616289,-0.007464478839747751,-0.0075188356455999205,-0.007545583729985744,-0.007698320369601931,-0.007986598831328282,-0.008505536841971542,-0.00899104377862099,-0.009657487745714066,-0.009933357808341058,-0.009940277158129798,-0.009706775558447614,-0.009730123265033835,-0.008770722272493153,-0.00806083967556716,-0.007398046755960174,-0.006746038746626705,-0.005959193245322752,-0.006046207039648704
2019-04-15,0.0,0.000493695518385933,0.0009150757206957356,0.0012479349329023528,0.0016149810561965244,0.0014289020784250739,0.0013079750568775006,0.0012848171504027792,0.0012453617041735874,0.0014186109863086316,0.0015712513213847023,0.0015703938564882308,0.001685287601336273,0.002120735090507442,0.0023760865471839704,0.002509734467358593,0.002639081790370688,0.002711885838307862,0.002579978135820365,0.0024968844819431837,0.002502024495924108,0.0024403425843821016,0.002329819643691039,0.002376943321505771,0.0024334888037939877,0.002459190238792121,0.0024403425843821016,0.0023615212714009353,0.002306685389185039,0.0022090015249392535,0.002191863020976177,0.002270697707250489,0.0024137839229371335,0.002595396817266432,0.0027624172965066878,0.0029919178853952044,0.0030758265927707576,0.003152879408233157,0.003164864868158156,0.0031485988520178346,0.003112641456390922,0.0030783951156090313,0.0031314764439219138,0.003164864868158156,0.003265023452667357,0.0033095351592535207,0.0035115249303567203,0.0036398870554908095,0.0036869490399836086,0.0035449006679955345,0.003347197363523957,0.0032521831691023927,0.0032256460605925735,0.0031879792780676775,0.00336260422008922,0.003602235873153781,0.0037263082716966177,0.0037442761015809294,0.003933346547139949,0.004050535166633816,0.004179683357519983,0.004371236710417553,0.0044926488534910184,0.004472984506789078,0.004431089609111291,0.004228430325275646,0.004073629114096228,0.004100143729424113,0.004211326396674061,0.004195077393528651,0.004354990305468696,0.0043053943839534235,0.004174551959521827,0.00401289944280021,0.00396072030067347
2019-04-22,0.0,-0.001206472808226427,-0.002140249824588723,-0.003397188895239065,-0.004984503719159139,-0.005466759004296894,-0.005959533441418196,-0.006525452281468595,-0.00668499636315044,-0.006750193743954552,-0.006909773688697679,-0.006829980533106274,-0.0066558304899650735,-0.006582919528370113,-0.006239880473440619,-0.005973248898824631,-0.0058369598939220025,-0.005906387820690493,-0.005959533441418196,-0.00597067723623182,-0.00596296228813429,-0.00600239487042486,-0.00600239487042486,-0.0059509613760647725,-0.005997251401944079,-0.005963819501650124,-0.005978392243850457,-0.00600239487042486,-0.006091552527797898,-0.00620386819839549,-0.006320484074407094,-0.0065022947722378184,-0.006583777273486891,-0.006636101116916645,-0.006727888898483255,-0.006783651945013238,-0.006879743259290226,-0.006835128286497956,-0.006805958034319223,-0.006731320380789361,-0.006754483194351598,-0.006676418076851853,-0.006894329355223267,-0.007113146328570575,-0.007298534640368529,-0.007501127833929976,-0.007785342542451806,-0.00801552119817671,-0.008294726864171445,-0.008622141106694016,-0.008804370790522554,-0.008941924619421431,-0.008706375229471172,-0.00839869719920858,-0.008198499492565134,-0.007980303866435765,-0.007720077639917972,-0.007854047041850509,-0.008014662224109763,-0.008068779031385824,-0.008033559824029183,-0.008240597828269414,-0.008375496270139251,-0.008602372901788221,-0.008878303621719498,-0.009500071448883858,-0.009778831484759576,-0.00991307699935398,-0.010078326991983947,-0.010369302200022383,-0.010647443443315743,-0.011037660458024885,-0.011528878438551536,-0.011908229339231116,-0.012144534221923827
2019-05-06,0.0,-0.0017714022978741512,-0.003570843224344137,-0.005190361649265748,-0.006749637676462413,-0.006393164893344931,-0.006114274805219088,-0.005887088523539585,-0.005788140938575827,-0.005767492242583311,-0.0059826037400036915,-0.006005838550569968,-0.006183129324254619,-0.006373364575247985,-0.006327739247845931,-0.006155586947724331,-0.006012723042563316,-0.005799325826931388,-0.005712431137647787,-0.005702107517980247,-0.005778676899986605,-0.005997233002228782,-0.00616419385890193,-0.006148701472118699,-0.006239077112072106,-0.006314826797273636,-0.006334625956326519,-0.006354425507393975,-0.00640693925890656,-0.006442236936710428,-0.0064362104157133365,-0.006308801044065199,-0.006277812029668337,-0.006301053700435667,-0.006315687622124573,-0.006355286366333155,-0.00628814159443225,-0.006122881360832672,-0.006075546221583285,-0.006024771017600113,-0.006011862478472092,-0.006118578073766836,-0.006198622244420652,-0.006053170390234067,-0.006059194603267499,-0.006006699109477118,-0.006037679723360556,-0.006374225450491192,-0.006802172186695581,-0.007112268138035382,-0.007381095766862871,-0.007593968904326435,-0.0076836132576543065,-0.007741369164828137,-0.0077120597801335075,-0.007837923802327446,-0.007956043492198117,-0.007954319016805064,-0.007888791155369576,-0.007831888864347276,-0.007730162533950634,-0.007662925385918197,-0.007586211597697794,-0.00791034589903053,-0.008297548220528155,-0.008588264078020078,-0.00891617565528755,-0.009327079814222358,-0.009258008486825344,-0.008828146726508253,-0.008608971102102177,-0.008338950659137609,-0.00795345678022366,-0.007741369164828137,-0.008006916854183819
2019-05-13,0.0,-0.00026088044636064957,-0.000591959398400071,-0.0005253797586955438,-0.0007100381943820644,-0.0012304612585602999,-0.0014134729744860305,-0.0014721148812532649,-0.001450790153631516,-0.0009346927445593752,-0.0001197835911221931,0.0005091419471748371,0.0012041367715531054,0.0016108038129847774,0.0018446289181862253,0.0018224887327303236,0.0016090322019879574,0.001274141357325344,0.0012652802882548682,0.0013459131231408057,0.0012032506061459742,0.001087156147664946,0.0011137438547515418,0.001010934135951746,0.0007219467687164505,0.0007671619597871938,0.0007042147631553595,0.0005703279717739192,0.0003175788806576698,0.00011976924473204698,-0.0001916606334926684,-0.00036205648476603887,-0.00053691991199323,-0.0006478897216606796,-0.0009071631891376913,-0.0010927803467351896,-0.0010465948676192766,-0.0007908369836872463,-0.0006381238842468408,-0.00028572975306622144,-9.582572502153737e-05,-0.00015705252374431316,-0.00035673117489955317,-0.0006869540250604476,-0.001099885994392768,-0.0014392394493714616,-0.001570747662160177,-0.0017102719025014678,-0.0017458225915664032,-0.0016560595348695918,-0.0016916082966655982,-0.0018231497044017143,-0.0018658154987963207,-0.001994712809154546,-0.002327255689355314,-0.002519362928475689,-0.00244376076835255,-0.002384172505443858,-0.0020284955417364217,-0.0014347969063355731,-0.0009213718972998849,-0.0007375623235003325,-0.0008885145660494491,-0.0008698662907256425,-0.0010563646949287473,-0.0010545883555910147,-0.0012748784999193497,-0.0016960519807464078,-0.0030086915704591985,-0.004491484104725696,-0.006471967186880765,-0.0083973274681663,-0.010139959336347808,-0.011034842066010124,-0.011376686982107934
2019-05-20,0.0,0.0041672243774845,0.007749118834498401,0.010789891367560927,0.014337858975330343,0.014225992045229471,0.014288811169629096,0.01496064290836645,0.015970551702751776,0.016685895250573596,0.01744533388603427,0.018255623666826946,0.01880915846325266,0.01911492787182139,0.01939492035580981,0.019603793349804582,0.019585818291481517,0.01956613095210933,0.019612352787826255,0.019552435183074562,0.01928533018867762,0.019168877475197875,0.019132911396344272,0.019171446431332482,0.019124347853572456,0.01926135573859036,0.019494226071962655,0.01971933958190647,0.019816045794072267,0.02001199696435231,0.02015401616969408,0.020431152193077635,0.02068940119785976,0.021168097102611076,0.021664502022001278,0.022184565688148,0.022479063070743543,0.022967140176134982,0.02333560001818134,0.023721825335575594,0.02397326054183481,0.02405847846969313,0.02392468307333339,0.023976669398384963,0.023886330773362732,0.023878660136857445,0.02393831909219563,0.024081486065183195,0.024246784335210485,0.02448701454846686,0.024721226033991198,0.02512223904419137,0.025646463591096288,0.026115139505183106,0.02681731687886858,0.027147832618122238,0.027573348817727106,0.02791210350272194,0.028320324450125105,0.02851970653600842,0.02932361895285536,0.02960754745732818,0.029543140895972153,0.029192221763972855,0.028975166658255662,0.028509526286201913,0.028435716375533618,0.028836939049742303,0.029480425257976672,0.030331835579450038,0.031070830994148674,0.031555579406107225,0.03178729579981031,0.03202825772096089,0.031951325311962014
2019-05-27,0.0,0.0005283989213953223,0.0009620513701015098,0.0012041062570180656,0.0016104917420024388,0.002004072918564381,0.002331798551958564,0.0026973091760484724,0.0032327010308464913,0.0034876690160747024,0.00366434136756348,0.003608819134680754,0.003721542868277433,0.003598723852038068,0.0036290093942272965,0.003724066388537819,0.003800610143635007,0.0036071365946511095,0.0036525641818229856,0.00367107112571314,0.0035600243244196367,0.0034893517571251685,0.0036340568954197415,0.003639945614610635,0.003757712716843181,0.004222757230319842,0.004759854121135166,0.005210994265767087,0.005875991746154486,0.006527965121411359,0.00687517511649607,0.006943093408301717,0.0070151991388101706,0.0070151991388101706,0.006991723425273045,0.007052926809587727,0.007154365265664127,0.007196278978747478,0.007313628030282635,0.007316980657988246,0.0075457709408468165,0.007842366130806027,0.00833063491781186,0.008281232622772257,0.007999006619844744,0.007705809216310888,0.007440181930050614,0.007256631639479673,0.007406659277534249,0.007761942229784548,0.007971365963452656,0.007998169035421292,0.007865821883623576,0.0076597275218368765,0.007480407629752893,0.00733206734356954,0.0073438012749983145,0.0074376677700923426,0.007642132132833814,0.00795210081172444,0.00788341333719325,0.00782896259646139,0.007586830323193659,0.007663916854539029,0.007663916854539029,0.007635429046062454,0.007541581113161848,0.007600237103337942,0.007296026550416608,0.007241543815772337,0.007275072003761145,0.007272557428655315,0.006984177543165626,0.006830732255961626,0.006486862238793212
2019-06-03,0.0,0.0006855509105648995,0.001346352464252737,0.0018092396749423002,0.0025387099713380466,0.0030403302152099574,0.003061225599127908,0.0030127476398733085,0.003000209854121359,0.0031255806383795096,0.0030954930835927867,0.0033035801499775104,0.003665331280008748,0.003887496894529578,0.0039384376917307295,0.003942613051845246,0.003917560629650545,0.0037572102637581516,0.0038833213042786547,0.004041981477901785,0.004329175866227538,0.00455202862449362,0.004844916825487625,0.005040962133437534,0.005227795081971306,0.005502142705477581,0.005708896036985028,0.005937275427821488,0.0061439388230533,0.006316403396383163,0.006278080506032672,0.006304740063485648,0.006210595324628179,0.00614893821479384,0.006282246108734906,0.0066087753639092915,0.006941026040522718,0.007291476656170125,0.007487042960635975,0.007548617624512011,0.007462079178921583,0.00726734029069776,0.007126671949374273,0.0071732861362441514,0.00726734029069776,0.007308954350263538,0.0075178307665040075,0.0076784112528255535,0.00748038601311271,0.007300631676887582,0.007332257467223009,0.007231550814381323,0.007026777088632019,0.007147482122719639,0.007311451138769363,0.007504517237045631,0.007692554412382751,0.00829802680329176,0.008844965456727895,0.009410707193691002,0.009893120898945887,0.01044582534726565,0.01081246663518136,0.011205502769714059,0.011526284850776235,0.01179145331717039,0.011971230683684107,0.011888387986179175,0.01179145331717039,0.011769911003508524,0.011916555273356402,0.012191558857591041,0.01266849415992619,0.013209738837244647,0.013547247743486722
2019-06-10,0.0,0.0014902568404608694,0.003198962120886185,0.005037908220914764,0.006516500907131601,0.006100841497647658,0.005984559752704802,0.005797142008883458,0.00561638448373171,0.005693377794557351,0.006002964958366835,0.006050649597271392,0.005950258238205987,0.005588765873305939,0.005397088439890868,0.005119132751940158,0.005009436205135921,0.0050060865029245925,0.005203699737625396,0.005202862475789905,0.005260631897948264,0.005352721177733001,0.00507642789316743,0.004593149767256063,0.004138135616677857,0.0038480922338787024,0.0034808067961392196,0.0030487802873200897,0.0028213670946125743,0.0025040770510807325,0.0020287930683565007,0.0015104256703752884,0.0013969707104019428,0.001341499155948694,0.0012372715496597874,0.0010792283261906882,0.0011321924018475368,0.0009943118112648464,0.0009556345728147777,0.0009077063541419365,0.0006343875260293846,0.0004484880432788323,0.000604107613468731,0.000399694218211768,0.0004131548215499377,0.0008362301819547684,0.0009581570470088169,0.0009102289492364152,0.0009901078360698278,0.0014146201051752376,0.0015751312536915318,0.001724694370025273,0.002058189974040472,0.002393253632971603,0.002209360411437669,0.002300051705891325,0.002284937061311905,0.001769222886556625,0.0012196190244866188,0.0007580209874569955,0.00028611316307310775,0.00025834694286584666,0.0005872850436358188,0.0009564753982531845,0.001375959119987593,0.00156420722818773,0.0016297495912656857,0.0017608214314246949,0.0019397571675107063,0.0022026422105716884,0.0025275834700132856,0.0028415090957210646,0.0031024791758497558,0.003444741820468613,0.0036116362550944166
2019-06-17,0.0,-0.0004142707432884995,-0.0012348469049730238,-0.001943219946006836,-0.0026758745100952403,-0.0030343321607185256,-0.0033521248130360024,-0.003500859274277387,-0.003684470603612304,-0.00403733700907797,-0.004354597918858532,-0.004435417720945185,-0.0045239016258655455,-0.004740890493486299,-0.004715359947463048,-0.004723019042830357,-0.004786847118950381,-0.004759613308172693,-0.004713657934236853,-0.004592822398911806,-0.004245714198058302,-0.004190426222115585,-0.004172564606259859,-0.004197230731123459,-0.004283992279820598,-0.004671108545026899,-0.004866850727666507,-0.005139251430782746,-0.0052984699491693205,-0.0055258472888036194,-0.0056510546370201935,-0.0057984275866839515,-0.005841876936888713,-0.005941561991838544,-0.006099203941284068,-0.006394956149116387,-0.006659246815823236,-0.006782890624602237,-0.00693554786291994,-0.006979899585735743,-0.0070327830570191254,-0.007159032327841344,-0.007403898981255688,-0.0074064588796788604,-0.00749435270058659,-0.007496912830572977,-0.007345023126098906,-0.0074252316683516935,-0.007560918210460326,-0.0077819816288218005,-0.007891251094261297,-0.008137151055200206,-0.008220839137809867,-0.00834125979035338,-0.008312220859393961,-0.00846682016776321,-0.008577873094848193,-0.008621443380774406,-0.008582144607574432,-0.00863511288129963,-0.008577873094848193,-0.008437777590488695,-0.008278058490777094,-0.00821913114774688,-0.008140566758211584,-0.008334427024851349,-0.008552244401645237,-0.00880514291037938,-0.009023062852582734,-0.009427408764474213,-0.009754937656006159,-0.010289647387672823,-0.010840055306898029,-0.011430175647758924,-0.011647811523235595
2019-06-24,0.0,8.354290103306844e-05,0.0005130818946925225,0.0005880618503701785,0.0006579244766198402,0.00030771027573196324,-0.00021741475189317804,-0.0011430220184337413,-0.0016970899712406497,-0.0022659905989641208,-0.0026001356543548875,-0.002611247254566371,-0.0023719477855238765,-0.002273680662078083,-0.0021369772476120537,-0.0019575823716737138,-0.0017944464026066742,-0.001859355956290855,-0.0019832082408190324,-0.002066923990021347,-0.0021335599016766445,-0.0022497562154793513,-0.0022830797084167306,-0.002346311952780823,-0.002365111499199701,-0.0023087139201790167,-0.0022130162154837788,-0.002172005716790333,-0.002177986309766103,-0.0021335599016766445,-0.001919998951424192,-0.0016373144028640184,-0.0012539817691784234,-0.0007556129779126265,-0.0004749631822286443,-0.00033594701561866,-0.0003555616227024716,-0.0003342414157932931,-0.00032486066875306026,-0.00039990910914534147,-0.0005252866813089518,-0.0005193159642641305,-0.0004826394845026798,-0.000625941277470404,-0.0005534348275634559,-0.0006216760466510952,-0.0007197809584162,-0.0010090331922186179,-0.0011250989060250611,-0.0012830040429219662,-0.0011916720857638357,-0.0010943743178174466,-0.0009817255701475979,-0.000961245342952878,-0.0009228460474472305,-0.0009202861468397179,-0.0010482892054341749,-0.00135812442764183,-0.0015920581349699557,-0.0018328791821852148,-0.002209598609687365,-0.0026471471144752716,-0.0028232460449155823,-0.003178102645957897,-0.003509986130530458,-0.00396607789417183,-0.004096183468180927,-0.004102175579993711,-0.004034552401995171,-0.003760682498756868,-0.003452668485106528,-0.0032148781209963956,-0.0029788544012273282,-0.0026103925117050668,-0.00256680159450674
2019-07-01,0.0,0.0009985023295893782,0.001995163006855182,0.003107406760345389,0.00405471152980137,0.004077496580277438,0.00417285060325565,0.004051335922613987,0.003905330007005104,0.0038394937771352696,0.003860595604849717,0.0037018989430554687,0.0035119363144651724,0.0034182081236166307,0.003451140651203745,0.0036090328331247045,0.0038065740367253516,0.004195632962116846,0.004408243286161515,0.0045271841056520835,0.004559236658345454,0.00462333868179821,0.004807187481016128,0.005074466952803784,0.0053787581778672105,0.005558255005763745,0.005710759856092585,0.005761308817827575,0.005801746147554026,0.005647570060465176,0.005400670315253731,0.005239689189732438,0.004920178687216323,0.004603096381462505,0.004479103350218198,0.0045162185228206355,0.00460140950460545,0.004691653420476888,0.004818149873684993,0.004830798638975914,0.0049100605921836024,0.0048864513056382395,0.004905001506276151,0.00495053235807346,0.005039058635892214,0.005004492164775483,0.005029784821896876,0.005067722608147439,0.005040744774651226,0.004942100875253838,0.004916806000246943,0.004836701341359468,0.00472370070202661,0.004715267306454785,0.004822366146558799,0.004904158322803047,0.005109031005265228,0.005442807691534232,0.005778157903933732,0.006097394434378957,0.006414845264795982,0.0066000485343315,0.006701054044267736,0.006526813159592288,0.0063912714788448245,0.006243080669435086,0.0060679177590597325,0.005979482519496039,0.005953371572395851,0.005825333834782429,0.005836285071872256,0.005759623893602922,0.005579320596007576,0.005457976712348786,0.005425952954088318
2019-07-08,0.0,-0.0019035465981751996,-0.003978552215296914,-0.006045919771070347,-0.007888315200516178,-0.00787206404315536,-0.0081526474188914,-0.008003791555577568,-0.007775417878799467,-0.007653981958760346,-0.0077198291838153745,-0.007691608413583109,-0.007881472575753699,-0.008174892152023975,-0.008531731076411139,-0.009006858181847708,-0.009479641057414194,-0.009861799244706048,-0.010268109575378263,-0.010788667999661782,-0.011040039498460375,-0.011468288673931584,-0.012304718592689253,-0.012920895180717209,-0.013445417018009973,-0.014125985607259217,-0.014440184246221968,-0.01446773513573009,-0.014373032132885372,-0.014378197519970841,-0.014239602213309126,-0.013879000098545405,-0.013517667810864938,-0.013347370719437318,-0.013182261837494276,-0.012957860658833368,-0.013168503994448763,-0.013355970887312728,-0.013793817155216534,-0.014044224067755831,-0.014247349270180735,-0.014453098631168173,-0.014453959596094476,-0.01436528410228406,-0.014396276584887574,-0.014745008217045958,-0.015043033329159268,-0.015360105514849072,-0.015583322590934142,-0.015677278267197545,-0.015671244151167465,-0.01568676052309531,-0.015862629566631203,-0.016041116540789425,-0.016294674547422613,-0.016437005681477074,-0.01671137375227683,-0.016917630762186445,-0.01724738514132598,-0.017839834964510973,-0.018611582310449615,-0.019511121184476152,-0.02005642796766952,-0.02036729933220969,-0.020250386506176568,-0.02012742628192234,-0.019429783438092745,-0.019055196031355158,-0.019149478492162652,-0.019472182076150993,-0.019566503861481396,-0.019659103625894108,-0.019674681998958367,-0.01933374419171062,-0.019026653553009882
2019-07-15,0.0,0.0008993024095173679,0.0016553010786784278,0.002076684205929129,0.002427988892122883,0.0021267548227750805,0.0018029780808447695,0.0014108520358007434,0.001391846426553761,0.0013374192744756998,0.0010928925038404035,0.0008560852180575991,0.00091918169042405,0.0008370690621037936,0.0010652390704920447,0.0012518849071034047,0.0011352353417070605,0.0008249676836704203,0.0002119277256539071,-0.00039889193369805405,-0.0008957824825717106,-0.0012430598875261985,-0.0015350047665951723,-0.0013600008675468574,-0.00113825774045864,-0.0009174296689362238,-0.0006507690034402822,-0.0004897680968131342,-0.0003729288324559557,-0.0005209275396848311,-0.0006992474720841184,-0.0007762984456698707,-0.0007079045887968268,-0.0007607146237545389,-0.000763311910542298,-0.0008117958355332222,-0.0010568487764206535,-0.0013452742137325328,-0.0015098785615649834,-0.0012759752249503725,-0.0010222086740903117,-0.0006516346697715699,-0.0004741887394613028,-0.0003556204727775276,-0.00042918307047038097,-0.0003140816317916273,-0.00010987409045909926,0.0002724702559350437,0.0005993365964549052,0.0008379334406740587,0.0009295533322809827,0.001029806991407267,0.000910538573370258,0.0009183173820802084,0.0009502962932873403,0.0008534921271754904,0.000690978349885188,0.000767051916518699,0.0006563975427483972,0.00047655806628840144,0.0007886626696846636,0.0010894358664917776,0.0013659291045375692,0.001643209597990097,0.001976535450409723,0.0020611445392028616,0.0022329307667724317,0.00231147644608851,0.0024236738584160994,0.002471138205149385,0.002472001172419305,0.002380522497242847,0.0024124546836379514,0.002510833928803343,0.0025841805767433308
2019-07-22,0.0,-0.001346905478302034,-0.0031113232853012523,-0.0050585156725349726,-0.0072354436616128,-0.007889712213178943,-0.008124682299741422,-0.007791677110351146,-0.007097757442991438,-0.0066142406785687086,-0.006093045622091797,-0.005756309368899939,-0.0053580139271132594,-0.004921128840318344,-0.00467106280044868,-0.0046543352616811185,-0.0044721112568176374,-0.004882382120575555,-0.005381801456898402,-0.005373872217431347,-0.005357132918358381,-0.005254941169548237,-0.004942264047523464,-0.004930815754838062,-0.00525317933442095,-0.0053315840020934716,-0.0056232328466188745,-0.006027805135938916,-0.0062208940522211105,-0.0060657146301118315,-0.006195323058544036,-0.006336412551843582,-0.006583367074659717,-0.006817148077621534,-0.0071992550625180635,-0.007319300326788289,-0.007493214982802765,-0.007245153020773164,-0.0070686339412501815,-0.007120703829642566,-0.007341369039048939,-0.007473791541180298,-0.007698066973541396,-0.00783053672206032,-0.007817288957509968,-0.007864098511083576,-0.007904727447017161,-0.00808316101278768,-0.008471054671172025,-0.00863721460933279,-0.008670803483286513,-0.00857534332103783,-0.008477240982544095,-0.008204195958904674,-0.0077704815949682145,-0.007179837329714389,-0.006818912670362394,-0.0064872239571758875,-0.006172397895973016,-0.005883233279948645,-0.005898218416016235,-0.005933478445514831,-0.0058497379053923035,-0.006108033902579191,-0.006733333508924149,-0.006859499162830287,-0.0070306864085632696,-0.007144533326942737,-0.006898322566641808,-0.0065524944239004936,-0.006252638264416268,-0.005806548157397712,-0.005645264160166235,-0.005580934085173196,-0.0056179454035910495
2019-07-29,0.0,-2.9236074660381202e-05,-0.00059995367002542,-0.0012446181188023532,-0.002273217074128136,-0.0025884872077363143,-0.0030442504213200722,-0.0033259857528383746,-0.003515335160398303,-0.0035011104852096663,-0.003915487045606802,-0.0042179302553046055,-0.004469739524017027,-0.004726062834554262,-0.004755437409793336,-0.004502666271351309,-0.004572972955365384,-0.004459060811762697,-0.004323806992638354,-0.004471519320479528,-0.004685117896589044,-0.004620143501373318,-0.004711820926850521,-0.004651295081851291,-0.004556953276079033,-0.00457386294507272,-0.004967315963224109,-0.005513243583932278,-0.006030056499362723,-0.006804885043791615,-0.00786690249465394,-0.008801339234016187,-0.009605152876588129,-0.010440050386165039,-0.011087508553479649,-0.011148425223972348,-0.011008680723273366,-0.010973747649217566,-0.011050781177650914,-0.01097553905922745,-0.01102480409212622,-0.010979121888874588,-0.010570761967665869,-0.010149144157511818,-0.009909322054250054,-0.009547013419692748,-0.00942627303953577,-0.009368143981384608,-0.008984576919280627,-0.008543969338438982,-0.008475169858071232,-0.008401014679839208,-0.008393867483327027,-0.008567201400830593,-0.008263440119123793,-0.007897262429543203,-0.007599953342417851,-0.00753478928742298,-0.0073660965973519595,-0.007621378068873957,-0.007845472507314724,-0.007961557099179997,-0.008070510282462055,-0.008607412015097734,-0.008960441255394462,-0.009185730108840405,-0.009513920161546731,-0.009560429917423443,-0.009387818053551449,-0.009301970397318582,-0.009229542169413522,-0.009048047556310114,-0.008961335158483701,-0.00882189593632859,-0.008717329277893164
2019-08-05,0.0,-0.002781805386159905,-0.005430287671517922,-0.00845418757421687,-0.011808036135517752,-0.01284850377565057,-0.01402679310255712,-0.01473757741222586,-0.014911422108320003,-0.015139870395142023,-0.014969685336979286,-0.014487035301581862,-0.014410313556984211,-0.014590572770220151,-0.014461152609336683,-0.014596119722863163,-0.014826345395891756,-0.015009454251843517,-0.0151805711135153,-0.01526752819839864,-0.015593221919645074,-0.015337839455259687,-0.015211097739442094,-0.015049224748337123,-0.015160220547260045,-0.014765316560672839,-0.014634949252910597,-0.014590572770220151,-0.013877121409906507,-0.013057096504642885,-0.012838352142552575,-0.012549535214950417,-0.012009035045452752,-0.011857821092173676,-0.01170294269905929,-0.011216338138599064,-0.010972203472705567,-0.011216338138599064,-0.011503848576655653,-0.011584956212062151,-0.01127254361477795,-0.010814699151373095,-0.00990055877316012,-0.009235501526590157,-0.00895140029821693,-0.009262168892127349,-0.009717462934858551,-0.010246600237165731,-0.010409538877320022,-0.010383761505432207,-0.010032150858132024,-0.00989871844720155,-0.010198736303275203,-0.01065998221858563,-0.011290050883750284,-0.012084650597579101,-0.012410231631163596,-0.012159349622791504,-0.01170386452329416,-0.01125042960785724,-0.010700501006416362,-0.010340493839214185,-0.010323003186356717,-0.010766808018959803,-0.010601969539575989,-0.010531069724208092,-0.010696817412407397,-0.010655377914758577,-0.010470302454545659,-0.010788911333536998,-0.011009050169265124,-0.010967597731095756,-0.01072260285542108,-0.010511734283311182,-0.010341414408365286
2019-08-19,0.0,0.0011551196670427611,0.0021157987170457165,0.003000720599933334,0.003836212184788755,0.0033234635208717295,0.003074654153538159,0.003341490779890579,0.0036316849236102873,0.004101945034760817,0.00480782084973962,0.00503280406694058,0.005247840707223283,0.005716442380548434,0.005933130124917219,0.006197407628619322,0.006615255019760566,0.006830849896264784,0.006699701883867535,0.006668259735845028,0.006510135662023984,0.006209091756316372,0.005946615361954122,0.005716442380548434,0.005696659417635471,0.0057685955887019314,0.005956504420205689,0.006138984942264615,0.006468803657298909,0.0064598182128204696,0.006387033136783996,0.0062360546069023595,0.006083255506861525,0.0060239272110222996,0.006128198842311652,0.006282788492483034,0.006517323662376138,0.006664666284550708,0.006727549817979315,0.00682725702918384,0.006865879673824908,0.006955694009690305,0.007226884348355701,0.0072888347350940795,0.007389383714651405,0.007394769981824567,0.007370531551073438,0.007202641847929115,0.007245739220163212,0.007118237446638376,0.007021253381583124,0.006580216461620702,0.006111120612784427,0.005639106754684894,0.005054399793147158,0.004555779538834525,0.004273057627264024,0.004236135808310823,0.004212721265537304,0.004304575174661089,0.004306376147366426,0.0041325673339215226,0.0032378296022158473,0.0024478489679614413,0.0016057786166149561,0.0007611912195922421,0.0002513837422213543,0.00022968404077227333,7.506003676047486e-05,-1.718321055671291e-05,4.521756431849549e-05,-4.069755611731651e-05,-0.00013295148240128796,-0.0001410919433413772,-0.0001275245452561274
2019-08-26,0.0,0.0015473748378586505,0.002522464144981616,0.002993110354580046,0.003679378721622124,0.002781714655052071,0.0010788098761952932,-3.6871456887794565e-05,-0.0008806774869102754,-0.002758046969933657,-0.004489863793228675,-0.0050659502925236655,-0.005036304302697382,-0.005003880007633565,-0.0037151711209599415,-0.002758046969933657,-0.0022202401552857557,-0.0020816770178468044,-0.0017492038019662239,-0.0018323117435319618,-0.001285772835191585,-0.00043332550337623704,-1.3826637016512342e-05,0.00029215822649339364,0.0006044979994213512,0.000650557558123622,0.0004957890288895433,0.000913056540720493,0.0015473748378586505,0.002268664505559686,0.0030703046010738823,0.00393649321887838,0.00464963988242185,0.005154134018517068,0.005512628766190978,0.006064331176149436,0.00675124252016033,0.007237290615537258,0.008201364753780267,0.00912158148542142,0.009870288858914904,0.01047432441865895,0.011305872979498255,0.011468090216073175,0.011635747794087428,0.011718655013212695,0.011826150843297927,0.011811575814694017,0.01186896376132805,0.012125802784784338,0.012779442799899466,0.01319343652129702,0.013446297811854743,0.013984552062692713,0.014604276586815417,0.014941238240407618,0.015457813367954104,0.0162163046961847,0.016789328008162678,0.01704581274578136,0.01737561161676323,0.01782211641097553,0.01796155169828853,0.018062041700296926,0.018019493112292492,0.01771616881147238,0.01712827266102146,0.016903530750784098,0.016680551364576336,0.017019532882453295,0.017531412811131603,0.018138986676982286,0.01868738759531621,0.019169478558845043,0.019193893493371313
2019-09-09,0.0,-0.0008205475808520743,-0.0015364465177134202,-0.002136475208841824,-0.002499415357947088,-0.002177711774318366,-0.0018771819967024438,-0.0013899293227427514,-0.0010804823057505427,-0.0006119164746614932,0.0006599743196931792,0.0018727521035538245,0.002918139904413676,0.004025277683921501,0.00478453008441006,0.005125732768026757,0.005463181431962439,0.005478641311075627,0.005514107189493965,0.005753241687421375,0.005792334284606766,0.005879605266515349,0.006213164762942936,0.006413973906339748,0.006313120055749628,0.006216799675918602,0.006077754841005562,0.005840516080897114,0.00576233312546891,0.006071392850084227,0.006262234973336741,0.006462125760945013,0.006644718330661691,0.006899928687592842,0.006941700692364487,0.006909009706628703,0.006868144471541011,0.006742814003086227,0.006699217114443889,0.006662884921937396,0.006744630498865954,0.006898112473889971,0.007184125486253619,0.007430122029926557,0.007445551530496661,0.007391093406965018,0.007402892918737462,0.007470056718563849,0.007376570739804234,0.007631594412556179,0.007762257500691883,0.007537216007717181,0.0070306874061622565,0.00659203334959339,0.005610495273455373,0.005115725813192946,0.0047563187854191375,0.004632543680985029,0.004578842363150938,0.004941952721291384,0.005121184164607226,0.005354046074908723,0.005469547293484151,0.005486825856198892,0.005506832240055007,0.005293106985328963,0.00497015878386818,0.004830030502566927,0.004850959999736487,0.00489281767998989,0.005164849903383714,0.005516835281889072,0.005846879540819257,0.006051397757969793,0.006172271081510848
2019-09-16,0.0,-0.001228819633449441,-0.0024627746424842572,-0.0039957949331737705,-0.005612952222015037,-0.005680201228754326,-0.005632944697574777,-0.005592051424921513,-0.005257698068460588,-0.004937078261310139,-0.004694638058633914,-0.00437419869994806,-0.004025735338160739,-0.003769002798078555,-0.003502361040581107,-0.003612092746670087,-0.004003960409268674,-0.0043705682473484464,-0.004524874107283598,-0.004571170508654411,-0.004257123244683413,-0.0035041746899247823,-0.00287594200197957,-0.002505351984912554,-0.0020642661458094413,-0.0018505860946549776,-0.002135804838991121,-0.002305163662288775,-0.0023160325875785297,-0.0025062579055114267,-0.002726420944831836,-0.0028541920950955445,-0.0031415102629670953,-0.0034932928432027067,-0.003715487355005571,-0.0038225211052075703,-0.003936824029854012,-0.0042271759111508775,-0.004578432883741578,-0.004994291824572965,-0.0053367334731833,-0.005499366197517314,-0.005533894984079192,-0.005643849852714495,-0.005988332207762866,-0.006313836173511288,-0.006856881634848667,-0.007259125469196641,-0.007703419799643741,-0.007911067615124261,-0.008066831777566901,-0.007837293058296052,-0.007592327709650548,-0.007119868907871371,-0.006763169321573467,-0.006394773997392075,-0.006142887919495126,-0.005964696381303463,-0.005931970774604053,-0.005944697272172103,-0.006047424218131367,-0.006360215473437688,-0.006360215473437688,-0.006284736534526577,-0.006148343263413564,-0.006127431273341479,-0.006286555237155138,-0.006759530185577194,-0.006987911630896028,-0.00681411861611862,-0.006574861422137475,-0.006161981753414926,-0.005803805792464981,-0.005562064087753876,-0.005803805792464981
2019-09-30,0.0,-0.0005371932564530563,-0.0013792026117949777,-0.002206244669188046,-0.003615532166514202,-0.004736884888324859,-0.005523017549384092,-0.00589970670095206,-0.006422587101790214,-0.006454948216851996,-0.006311517726607421,-0.006524921775622222,-0.006810989617642814,-0.007000871869341713,-0.007145276517671962,-0.007494559418922941,-0.0075243285158008025,-0.007385997280562404,-0.007384246374906466,-0.007400004636175264,-0.00726169059655447,-0.007226677418466011,-0.007377242782939143,-0.00740525744511482,-0.007359734017613064,-0.007386872734540002,-0.007375491892611424,-0.0073991291707012205,-0.007465666731178631,-0.00714265079247939,-0.0068136144721273155,-0.006580904148187233,-0.006413841034240729,-0.006344749789604583,-0.0066298912951942195,-0.006775117296852952,-0.00732909441592559,-0.007882502707005815,-0.008295131248620385,-0.008539634848379423,-0.008955165168346699,-0.008985854633488735,-0.008786828283759743,-0.008636050550890716,-0.008583459015310855,-0.008126905426085598,-0.007678441538743743,-0.007356232301334394,-0.0069492413287278775,-0.006672757017451173,-0.006861738025422395,-0.006955366846716969,-0.006989495419555238,-0.0071610310136115685,-0.007288826652803088,-0.007225802104720746,-0.007095388917924717,-0.007078760271054221,-0.007033251704058612,-0.006856488070703055,-0.006109525523169491,-0.004927246978551547,-0.0036565244769729633,-0.0026217649226318806,-0.0018936294224256459,-0.0019241029328937072,-0.0024318411616403184,-0.003054019485464805,-0.0035396572171155776,-0.0035719251702007724,-0.003537040942228713,-0.003532680499294943,-0.003249292484711407,-0.0028430977479775767,-0.002754210175883142
2019-10-07,0.0,-0.0008199141924091051,-0.001255683116248801,-0.0015579636321762932,-0.001382145449252678,-0.0005115834335252968,0.0009534805220818256,0.0021116535287439074,0.0027460675614577063,0.003297948390641204,0.0037335226772237835,0.0040672155811373855,0.004278615760232176,0.00488580820048386,0.005099708894337923,0.004852827772582247,0.004522071983680731,0.004211721802738439,0.00358448479678404,0.0031470597769543227,0.002436952690660643,0.0020329938889644783,0.0015546458346998148,0.0017021981433785183,0.0016217177648985789,0.0021179102798901867,0.002198350736120203,0.002438739756414689,0.0023842328141380144,0.002439633288094222,0.002326148376327626,0.002280572070636829,0.0025888418797480497,0.002861291142224974,0.0032390241858999695,0.003762970648238325,0.004022610677980709,0.004045805475923937,0.0040654314232110075,0.004090409344513969,0.00393517929594694,0.004184962966746397,0.004297345266474019,0.004535446981619078,0.004432009006414407,0.004478379077038965,0.004273264408302502,0.004130551125288976,0.0039173352175040236,0.0038325714963258492,0.0035862698130007674,0.003403289074114034,0.003230988798051944,0.0031381307431293604,0.0029050547597505357,0.0027550000966987875,0.0027219493177469043,0.002383339232955009,0.001984722410158294,0.0018050247576794722,0.0017764131962819188,0.001661064536948031,0.0015841580382216145,0.001821118401226871,0.002131317471955023,0.002108972051983255,0.0019042647670409894,0.001759424694368009,0.0010259615707800842,-0.00025172726693079483,-0.0011884224330969604,-0.002190626558368112,-0.002989879434221668,-0.0036710955121003336,-0.0037717894914947583
2019-10-14,0.0,0.0002306936597318951,0.000256323003741122,0.0004975601538415929,0.0010637528149108604,0.0008509161115218935,0.0012076789342620436,0.001989639170038421,0.0024641655786630107,0.0024712200346542874,0.0023997913687130654,0.002276322383965276,0.0021572485664370605,0.002197823459757183,0.002666961339339642,0.0033473491866452144,0.003992056488091115,0.004540435066129154,0.004870373555390885,0.004877411057359245,0.00481583123581577,0.004905560569978804,0.004952181457288104,0.00512457189743387,0.005297811939532609,0.005254724580785412,0.004951301838022447,0.00473049292876164,0.004653066308042901,0.004550114811745501,0.0046169904942764285,0.004646907114897213,0.004544834962115694,0.004484114687641302,0.004377625303696317,0.0044128296605910914,0.004658345586259908,0.004837824464541325,0.004877411057359245,0.005025187159241804,0.004867734479384218,0.004614350749486776,0.004735771798238877,0.004845741908473857,0.004849260752322319,0.004896763932405345,0.0047155359805769485,0.004397867960343298,0.004216549563863002,0.004204225761230142,0.004410189376813433,0.0045685940659234625,0.00471465615312887,0.004837824464541325,0.005183494467477511,0.005492121654882375,0.006230330126831958,0.006781873055770495,0.007395414433102729,0.007741955973960522,0.008197979526709696,0.008367181520540919,0.008655547953005155,0.008687096680016772,0.008587188963114107,0.008323349554757822,0.008169922542973992,0.007440164523597209,0.006664212670920465,0.0060502223691916756,0.00527934615596962,0.0038758285085398335,0.003098867391504315,0.0026105353442213686,0.001984345784123975
2019-11-04,0.0,0.0013042987467358574,0.0024996699696459897,0.003833344523902005,0.004810076146720111,0.004910371265190124,0.004733176409729302,0.004357787378134818,0.0038860521700786834,0.0036308543966956323,0.0034844000355878577,0.003515366460035399,0.003825814633373949,0.0039830939031191975,0.004188858146536666,0.004286706773116827,0.004215621115287488,0.004162930837509609,0.004218130106886084,0.004222311745561559,0.004103546403156022,0.00414285762044987,0.004446421995362169,0.004848523797740395,0.0053022615643194835,0.005744937909161933,0.00594199112919816,0.005768319135040596,0.005522788993312105,0.004864403917878084,0.004105219252394709,0.003364709974114256,0.0027023892569023626,0.001865278471842763,0.0013269452792381788,0.0011356917712922175,0.0010308223483094583,0.0008168546180222396,0.0007505572862137965,0.0007933573323770979,0.0007278976966115495,0.0008160154387562132,0.00093601092438475,0.0009351718451065319,0.001065220731085557,0.0012573265257631112,0.001430106326724663,0.0014267516633231145,0.0015659607379670914,0.0014879724990570593,0.001245583125763628,0.0010962621583896599,0.001222934750594827,0.0013370102401736655,0.0014166876055955633,0.0015667992881305398,0.0016271730520589173,0.0016196265309002438,0.0016950891798596195,0.0018988098920440148,0.0019457519914878086,0.002169534921304388,0.0024200788501298484,0.002769394860271146,0.00312277513042413,0.0034392040734208726,0.0036601426952274567,0.0038007145887782516,0.003789837707129749,0.003630017575561415,0.0035547008057450064,0.0032642597057021437,0.0030189512290640947,0.0027643695957536483,0.0027677197749045655
2019-11-11,0.0,-0.00014791407563860662,0.00015545428183912324,-0.00013866880490966463,-0.00042867482141487447,-7.731599217917461e-05,-0.00016556437529506086,-0.00030089369014255947,3.025245675390841e-05,0.0003730496854696324,0.0003402873822768703,0.0005486037416601477,0.0005091277642570753,0.0003612889821794982,4.957993610257879e-05,-6.218847985626216e-05,-0.00030173430212493836,-0.0006094457552862305,-0.0008348245903085417,-0.000881925091853472,-0.0009845445805620966,-0.0010148277534669258,-0.0009710856869670363,-0.0009004294672977517,-0.0009904329034709834,-0.0011511133814330686,-0.0013648331838068113,-0.001251236263423514,-0.0012630160850939202,-0.001281527513798058,-0.0014944335771655349,-0.001670346695056417,-0.002161215327672512,-0.002658223182203341,-0.0030079614930264517,-0.003061907927601782,-0.0031478910732721478,-0.0031436760408648694,-0.0030728661527402107,-0.002986046585240959,-0.0030079614930264517,-0.003068651436552987,-0.003055164464125183,-0.0029177762972445033,-0.0026540102132526105,-0.002435802690293244,-0.0021797433909513876,-0.0020887907376398672,-0.0020020565614149873,-0.002197429589779389,-0.0023203994294754525,-0.002290918980275536,-0.002028160230876553,-0.0017907261345619005,-0.001581123734394163,-0.0013059294661237825,-0.0012142148701022968,-0.001146065434349077,-0.0011216673826583417,-0.001057730484989469,-0.0009382803926941565,-0.0008045468678973138,-0.0007675420076413035,-0.0009794974742362297,-0.0009862269549979457,-0.001146065434349077,-0.0011283978202209536,-0.001186449724529127,-0.001038381966433426,-0.0009761327508375678,-0.00044044495738524434,2.6891117865447505e-05,0.0005217266497598157,0.0009533525761852563,0.0013512238860152247
2019-11-18,0.0,0.0007385695361984805,0.0013422956106889788,0.0017669525764932492,0.0018726691588250085,0.001552968147869012,0.001111428122983583,0.0007864442958363167,0.00044959249610117914,0.00017229764839538195,-0.00010423347635643511,-0.00017064595419262745,-0.0003724324378733823,-0.000348047741539432,-0.0001496288702449593,-2.4376210668704336e-05,-0.0001302935431304927,-2.7738493255173483e-05,0.00015969150996201074,9.07751441469169e-05,-8.405490970913985e-07,3.0259296961183853e-05,0.00011178673456123126,3.866449473564076e-05,0.00018490362791580823,0.0001832228398279128,-5.043419641328686e-05,-0.00048343236230557823,-0.0008518385890047753,-0.001183351967427762,-0.001409752929546897,-0.0015124498172479287,-0.0015393884518816528,-0.0015452813749441156,-0.001658095454934419,-0.001781026777737805,-0.0017372412862217755,-0.0017574497363858372,-0.0018517612372381423,-0.0019208163693671277,-0.0019039732145089826,-0.0019275537107448885,-0.0016151572526830439,-0.001273401229484371,-0.0009763535696640478,-0.0007803336153828947,-0.0006154710439440305,-0.0006062193581395331,-0.0006137889128857478,-0.0006306103507995752,-0.0007054691809591874,-0.0009023157666010019,-0.0009561608979203213,-0.0010848961666395406,-0.0012431033763375232,-0.0012616186219595793,-0.0012119648726914743,-0.0012818174627150685,-0.001301175067961029,-0.0009839259266905148,-0.0008030464058393546,-0.000556598140433111,-0.0004985696703038413,-0.0002908721645759557,-0.00019250419008244983,-0.0002505149019027243,-0.0004363399804988606,-0.0004102719370173811,-0.000580987922797554,-0.0008425847161538937,-0.0009856086804834185,-0.0009872914371080986,-0.0010655427475419583,-0.0009805604275996643,-0.0008652989205666287
2019-11-25,0.0,0.0006088152609894903,0.0013613553286168799,0.002410446261617275,0.0034392107728255772,0.003766854914102735,0.004365029996727316,0.0046806820839463414,0.004781703106005931,0.004765006120396084,0.004880209646753074,0.004735785724724787,0.004734950843730735,0.004657303864430552,0.004708234283886968,0.004833461989762105,0.005069682233266021,0.005452691161054794,0.005651230645203778,0.005853900466318027,0.006032349345773992,0.006102385998317425,0.006058196776728548,0.006085711049759279,0.006149908076291679,0.006244945457733281,0.006511668804692159,0.006685000838469139,0.006932446917107442,0.007305583114481318,0.007510415664588533,0.007538722554570638,0.007588673935237115,0.007643617572236606,0.00763945528117847,0.007719368242687153,0.007873349170164606,0.00814213472293682,0.00843081148309314,0.008627928993629828,0.008787590644321665,0.00890898296449422,0.00898962587978772,0.00898962587978772,0.008883209115056209,0.00889318616783493,0.008938913052798399,0.008838311145683913,0.00881336695830203,0.008821681756564163,0.008808378046159242,0.009041167429354333,0.009465037468837192,0.00986796296256537,0.010401900607515282,0.01085755653790908,0.010991972723811754,0.011118904756027066,0.011223424921463039,0.011244991215006226,0.011296416653522963,0.011486336079326299,0.011458970002065317,0.01144818922054967,0.0112507974453401,0.011074936660265707,0.010969571280825948,0.010882449787359274,0.010813576949410033,0.011118904756027066,0.011599938756159767,0.011924920395899428,0.012335141792750097,0.012808965918434138,0.013062353110322231
2019-12-02,0.0,0.0004892469426367289,0.0011149682518725808,0.001744438234102123,0.002713544030609653,0.003191544047980905,0.0033486221963360025,0.003461868500969595,0.003408966713951619,0.0030360950647011493,0.0025687757691851224,0.002234487836596876,0.001695585669063754,0.001252491573061921,0.000827433701206637,0.0003789799679399096,-0.0001451616584987827,-0.00042476091245433463,-0.0005915620854284205,-0.0007417899382040177,-0.0007085884700319175,-0.000709418493301537,-0.0007559008959853239,-0.0008272887929447803,-0.0009210969172123947,-0.000886229153203778,-0.0005434275477264954,-0.00016507118628681847,0.0001617267443578943,0.00047432430408198445,0.0006566968386206394,0.0006558679477967228,0.0004759823860292033,0.0003350356048131641,0.0003060146836289492,0.0001758247595647233,6.220568935229804e-05,0.00014928715411785783,-3.06895655085965e-05,-0.0002803883313778319,-0.0004040164432403228,-0.0006164601692733535,-0.0009061534409111617,-0.0011162127938288855,-0.0013487409993022342,-0.0016270154503118313,-0.0017582881895559066,-0.001896226215715179,-0.00202254760408868,-0.002049143614023982,-0.0021322607044417627,-0.0019743441389151076,-0.0017549646164488147,-0.0014102039164180507,-0.0010805078939919884,-0.0006197799606243606,-0.000570814155759911,-0.0005334689671230126,-0.0003144052809484293,-0.00017170778363701877,-0.0003484233877113601,-0.00038410215764390633,-0.0004255907001739195,-0.0006148002777306101,-0.0007749925087499851,-0.0005990314454910635,-0.0005376183636554527,-0.0005849227010986128,-0.0008405708244316982,-0.0009028326987251672,-0.0011037574514210038,-0.001127837920044734,-0.001004950565247914,-0.0006272495314602346,-0.0005757936196211054
2019-12-09,0.0,-0.00012591995033566894,-0.0004382698653834682,-0.0006255586673625363,-0.0005289703757200296,-0.00018552758936603623,0.0002324905073351529,0.0006016784239806541,0.000856674118116018,0.0009698914918202205,0.0010981890215141024,0.0009036399177971127,0.0009958877458454958,0.0009489262785593159,0.0005924503870229834,0.00032563940591672104,0.00022997284910975094,4.616667597804387e-05,0.00020059970145164976,0.0006922764464890405,0.001154366418008381,0.00157098681118973,0.0023124266710308075,0.0027879991671209666,0.0032198373650657616,0.0034716568879312004,0.003535229200203128,0.0034482344909320768,0.0033938589542217815,0.0031671229271130765,0.003073401508938907,0.0031395094934268414,0.0031403462753475998,0.0032633456015165544,0.003300995432159406,0.003204776380629418,0.0031629391225367976,0.0031955723340282727,0.003166286167598246,0.003249121963251904,0.0034055708581173347,0.0035628317090218033,0.003561995280554696,0.0035887606445026026,0.003925775639842031,0.0042050022675034155,0.004354615592562374,0.004669649787240969,0.004973726590695982,0.005010476864239045,0.005035533094597317,0.005030521898750763,0.004952845151747022,0.0047565383093218375,0.004357122887746677,0.00397176143525588,0.0036565072704746577,0.0032892823034152974,0.002996409486780637,0.0026908935831386886,0.002240401257753812,0.0020083771563612143,0.0017578647146788589,0.0018718179537552397,0.0020703672044651983,0.0024154307473195813,0.002451437799681519,0.0026691272447800533,0.002509213848845821,0.0023249887118097596,0.0021742338063365026,0.0022043866056493397,0.0021398920108184807,0.0020670164892969706,0.002096334866350882
2019-12-16,0.0,0.00026626357936176373,0.0006704848451681218,0.0007671761433984803,0.0008390687408469235,0.00031008277804799354,-0.00017286120487607047,-0.00043179536548775286,-0.0003664350501796382,-0.00031679715858851847,-8.353206664430187e-05,9.179452092402638e-05,5.044668055715815e-05,-0.0001571453150771969,-0.00041359332950693733,-0.0005964561088770814,-0.0008290131908951137,-0.0008008717353841271,-0.0007214177826322662,-0.0008314962985208021,-0.0009399313449997584,-0.0009564873485793999,-0.001095568601230324,-0.0010980523708309401,-0.0009051646296561476,-0.0007354872934644893,-0.000665141718730954,-0.000651900752173109,-0.0007992163803103555,-0.0009771827385164809,-0.0010516896888076962,-0.001088117329443041,-0.0010558291265974763,-0.0009291700896576846,-0.0008414287906825831,-0.0009788383882141148,-0.0011825042080812254,-0.0014160258227270686,-0.0016413182068094462,-0.0018476046416396785,-0.0018310338782658025,-0.0016802525490165587,-0.0015717372004081138,-0.0014566078350455253,-0.0012752438531866259,-0.0011576646920529066,-0.001178364245895476,-0.0011146109924915068,-0.0009349645973749942,-0.0008207362100066322,-0.0007768693550088582,-0.0005186732834511409,-0.0002853611015940765,-9.014876620148998e-05,9.096758087081328e-05,0.0002778386486470381,0.0003373654601191071,0.0004316089987195086,0.0002745314996655457,0.00021334727062563428,0.00021252043108341322,0.00019598349666689806,-9.841970221518913e-05,-0.00018030565993583123,-0.0003349974327512957,-0.0006245918123416952,-0.0009150978535584147,-0.0009490371130484067,-0.001061624368290161,-0.0015129284584303212,-0.0018558901262992456,-0.0022379255176986643,-0.002680639277326479,-0.003062160390024174,-0.003007411459481084
2019-12-23,0.0,0.0001760386898465579,-6.5205466500139855e-06,-0.00011411570529782787,-9.292180392370842e-05,-0.00012145216042882302,-0.00014020112363204797,5.5422929947225405e-05,0.0001744088441113825,0.0003007140146833682,0.0005052130762074653,0.0004131529372458496,0.0002778987773632447,0.00022656259010667634,0.0002436749453500309,0.0003227139291290309,0.00034552814401540507,0.0004490003705733116,0.0004107087472687384,0.00015566542722683183,-0.0001075944570331057,-0.00021601573330667573,-0.0003464629227622893,-0.0003815235062309882,-0.00031792614598932827,-0.00026167031401800434,-0.00026085503536999285,-0.00016547202154500317,-8.96576260548617e-06,0.00010350798345118271,0.0001760386898465579,0.00029989919374215904,0.00028034329197409124,0.00020211586034472287,0.0001458861137343398,0.00012225237796100044,0.00011980747686336105,0.00016951929096763494,0.0002143392999309131,0.0002778987773632447,0.00038708126948859887,0.00041641184792229547,0.0003186399074136011,0.00023145186434304007,9.046819743396152e-05,-0.00012389765743318296,-0.00036195465690327786,-0.0005315640745465116,-0.0008349757453366338,-0.001191520528323132,-0.001451054103875632,-0.0018200668357365665,-0.0021451067539898553,-0.002247213960927711,-0.0021851315366870983,-0.002265185908352004,-0.002203919232054117,-0.002048727116155638,-0.0019662400577973907,-0.0019711400889942656,-0.0019107080488882404,-0.0020650619942243764,-0.0024146923535428647,-0.002933644963568885,-0.003348183243775026,-0.0037023530240351994,-0.0038103465936139658,-0.0037956195109997877,-0.0036459064811461108,-0.003027657316861371,-0.0024849599341528277,-0.0018568122832858481,-0.001099312551125423,-0.000366846833334627,-0.00024373433730175782
2019-12-30,0.0,0.0004968810414835884,0.0008557219890857823,0.0013334330286487626,0.0018353543548716778,0.0020552729532965367,0.002198601264955079,0.002271071966263012,0.0019998906033113916,0.0017221181411579886,0.001524942478188213,0.001344843129685407,0.00128045585405589,0.001441823732418421,0.0016357567267323392,0.0017041946873404272,0.001729450370583529,0.0016724205023965282,0.0016601993932002768,0.0015925732224984863,0.0015477581802810295,0.0014320446022230131,0.0013073523088194656,0.0010994972621045397,0.000804350387703536,0.0006657154361423269,0.0003614666774019403,-0.00011589282375225611,-0.0005951134748423101,-0.0009528417570776236,-0.0014904915541111893,-0.0016760396469516709,-0.0015820352090554816,-0.0015550616541721981,-0.0015828526008644856,-0.0016793095255655155,-0.0019482936542624097,-0.002205899467274028,-0.002381763769196277,-0.002523295643351408,-0.002601842204729778,-0.00261084272553265,-0.0026386630292830286,-0.0026828498084423124,-0.002769592497765476,-0.0026247527806615655,-0.002349042487435425,-0.002158462301063314,-0.001968736135865935,-0.0016817619415428074,-0.0017038339559870112,-0.001644158890786381,-0.0016719523137198318,-0.0017046514473591948,-0.0017259064576155673,-0.0017226364266321103,-0.0018207420079371865,-0.001824012359745418,-0.0018640750374010902,-0.001953199811735277,-0.0017602424285543647,-0.0016972940490661698,-0.001523184754582263,-0.0013752565460786437,-0.001311515224683036,-0.0013442025742730593,-0.0012910861737547197,-0.001401408007170389,-0.0012919033277788616,-0.0008580884749491186,-0.00047671563428071216,-0.000173844272697477,6.446977084043985e-05,0.0003027270343263355,0.0003182281085917658
2020-01-06,0.0,-0.0017853971102128041,-0.003938996678343814,-0.0063461290078888465,-0.008460024319808898,-0.009410339441426035,-0.010177034004146851,-0.010385557484894625,-0.010205992998626524,-0.010249846786794008,-0.01006865206775195,-0.009814703770094805,-0.009843652273604066,-0.010121600553851312,-0.010286255166352037,-0.010271360669041047,-0.010131528707115492,-0.009990889061229559,-0.009994198002153312,-0.010011570121639241,-0.01027301560223147,-0.010649584107595157,-0.010963361547584946,-0.011104966193447592,-0.011340190154245993,-0.011640098112919505,-0.01211665622866861,-0.012510506041001266,-0.012986649520153753,-0.013544374018715558,-0.01406503155366723,-0.014277690581470574,-0.01451947901942804,-0.014822835852082899,-0.015040644630138813,-0.015165365670906322,-0.015188648654788101,-0.015150398324666423,-0.015030667618835722,-0.014812861013612856,-0.014684859417573894,-0.014796236503931531,-0.015151229838024876,-0.015467254976296526,-0.01580418122216964,-0.016037184274731525,-0.016021371636188688,-0.015937319175753074,-0.015918179503997727,-0.01588489399084862,-0.015880733379604876,-0.016008888150799237,-0.016019707162466073,-0.015910690166941497,-0.015799188893714358,-0.015746770949625594,-0.01583496779839264,-0.016223625813780458,-0.016473378767783063,-0.01696724069053214,-0.01759720606327167,-0.018099129139508313,-0.01823340708922741,-0.018517034688093976,-0.018764857581939496,-0.018782382737840754,-0.018644693357354844,-0.01830514058763423,-0.018169184950666495,-0.017863977661681813,-0.017786439829642384,-0.017701405248861764,-0.017899830519887996,-0.01791567288997369,-0.018029078235823014
2020-01-13,0.0,0.0011857895603348378,0.002310013114488866,0.0034126713473453625,0.00442487592504927,0.004376196674245825,0.00408163665997662,0.003782930752388446,0.003645723408738842,0.003618929245155747,0.003372876542349093,0.003444343631784729,0.0036855073575445788,0.0037748124986573704,0.003933106559835234,0.004256922494002857,0.004475986588164644,0.004553053283748947,0.00451654874724511,0.004459761263840131,0.004323458144965021,0.004316967056823374,0.004383498712934519,0.00453358436344613,0.004711224211694546,0.004941541231112976,0.0049228907703447,0.004846663532044832,0.004834499073429951,0.004732311778628078,0.004623624942605669,0.004591178821414967,0.004643092110011826,0.004613080068691954,0.004484910404329181,0.0044840991516048164,0.004483287898222541,0.004450837223245685,0.0044289324223208346,0.0045303395065442315,0.004512492605374301,0.004558731647439327,0.004652014435088647,0.004761509214122174,0.00488721065875942,0.004694191621455022,0.004513303835064514,0.004155487678159984,0.003873038943162287,0.0035872624898464706,0.003562902764915192,0.0033891195111743046,0.003532858286905326,0.0034508403866556434,0.0034329742091970075,0.00344028313855667,0.003548286645121383,0.0034987526503772555,0.0032599806196806215,0.0030227764434499517,0.002805018970786253,0.0028627130677615683,0.0028115198805072797,0.003188500352671279,0.0034808873289145443,0.0037967316324788824,0.003773188840002444,0.0038754741869849963,0.0038438155547082108,0.003971255740180434,0.004168471908812161,0.0043818760422783135,0.004553864480536035,0.004776918628057769,0.004823145445215992
2020-01-20,0.0,0.0004149667984999283,0.0007594282897369612,0.0008540131451554229,0.0009275729592196793,0.00020952717720977505,-0.0004790841815009222,-0.0012637564712892758,-0.0017815399966789724,-0.0024723353387411163,-0.003158738418967538,-0.0035321577838015967,-0.0036896851565383316,-0.0040105005990406966,-0.004019436173145208,-0.004345232986874326,-0.004759741438622044,-0.005232978740178879,-0.005333021482100541,-0.005400535655018527,-0.005142704856474223,-0.004809331406825643,-0.004628055426656526,-0.004801201735312996,-0.004962994628567609,-0.005272831966445117,-0.005576256558611118,-0.005596596620030662,-0.0055193065875180835,-0.005545340457584432,-0.005448530429291713,-0.005319193840400506,-0.005277712062485548,-0.005261445168298903,-0.005243551890314926,-0.0052264722418136605,-0.005174421778878145,-0.005273645314131347,-0.005271205273057479,-0.005280152119436434,-0.005433887711602987,-0.005710508610123034,-0.00596767195339412,-0.006285148295932952,-0.0067248973854504065,-0.007025503855152346,-0.0073033804398080285,-0.007770484845318579,-0.008126869994598968,-0.008309597215181964,-0.008361811125795413,-0.008490725892099628,-0.008307965574403954,-0.008157866010797628,-0.008073037091915852,-0.008156234617571567,-0.008146446314104674,-0.007933574414471194,-0.007876490039672439,-0.00790095437271466,-0.007996370990692033,-0.008174995800358598,-0.008715142501665888,-0.00899838734668728,-0.009106155732935514,-0.009264563684366097,-0.009485070131397938,-0.00949487154655905,-0.009730134335361153,-0.009912337647798631,-0.010237608144137711,-0.010385567672163304,-0.01052782564988714,-0.010686458983171577,-0.010839392255902164
2020-01-27,0.0,-0.0014525696920682286,-0.002593366481682133,-0.0038495017846895945,-0.004923222493922604,-0.004621019365134214,-0.004179375820111906,-0.0041235685848535625,-0.0038831406712455537,-0.0036345678104301653,-0.003386056722727332,-0.0031277690700238893,-0.0027351356546635964,-0.002261557690620518,-0.0020780860295153535,-0.0021329601854806826,-0.0021255888551234537,-0.002245994055626792,-0.00259582473541231,-0.002832664846908351,-0.00302611222736503,-0.003120390402979977,-0.003257314537794476,-0.0033286537010163795,-0.003392617277881468,-0.0035344998133225807,-0.003665738576191821,-0.0037379272380093998,-0.003782227406111318,-0.003889704488367833,-0.0038421177903177253,-0.0037658197076187016,-0.003581251647622824,-0.003460685577475525,-0.003354894673508289,-0.0032499349148194115,-0.0031458060408955622,-0.0030941555833060015,-0.0029982403821077917,-0.002858892807226914,-0.0027130085063316977,-0.002709730451922636,-0.0027359551880786707,-0.0029097114380034726,-0.0031031737249376527,-0.0034385423691451478,-0.0036903477618176962,-0.00403740176501643,-0.004322190869121125,-0.004451070230419012,-0.004590639863577371,-0.004616913973153489,-0.004688350198493643,-0.004787712514226539,-0.00500043033006355,-0.0050924304286999586,-0.005204977773666745,-0.005176223597634098,-0.005072715409304642,-0.005085858712381167,-0.005105573990901216,-0.005210728708090922,-0.005437506200903689,-0.005845177662808122,-0.006299894494302274,-0.006771275002109914,-0.007449531316798473,-0.007824251156339432,-0.008051622179870543,-0.008171095065641351,-0.008382885532318432,-0.0084908582458229,-0.008879986405804011,-0.009242869416304865,-0.009654571157001478
2020-02-03,0.0,0.0005515457358785214,0.0012279104173663733,0.0009716486072441245,0.0008662108023787116,0.00030969221045621233,0.0003131231659086657,-4.8049490984941316e-05,0.0008387780062977966,0.001718824027716831,0.0025116587615015883,0.0027991842642559528,0.003656135844202449,0.0043295503545573285,0.005088734144659249,0.005704880264169074,0.006058011707796201,0.006243910040704028,0.006495414700620749,0.006689754635872756,0.006802249969991828,0.006734924737534537,0.00698460188412722,0.006963300805738006,0.006110032613389579,0.00517836347621694,0.004411559720756177,0.0034714658472511013,0.0029668693042344337,0.0028162962708959288,0.0024688651610212187,0.0022668546420915514,0.002218913951565328,0.001966331292547936,0.002023703123251563,0.002278839455621084,0.002269422828511327,0.002367009025449095,0.002277127348196517,0.002224906663571458,0.0022796955082340165,0.0027401455934816738,0.003249132647542022,0.0037364908423690724,0.004189435460114954,0.004692561643923986,0.004901767112207866,0.004648153219638475,0.0046601095278724905,0.004316735783535633,0.003834788708059675,0.0037262331170196516,0.003668104019115563,0.003216633654580445,0.00300023185118595,0.0027341559683680006,0.002404671326431779,0.002004864974630024,0.0021041893973884327,0.0021529917491578056,0.0023610171649635437,0.0026776805963215455,0.0032961687931180998,0.0035518356853491214,0.0037005883432949787,0.0044004546794518505,0.004635342730751648,0.005007634017116939,0.005646012897873807,0.005892550180635224,0.0053209002468907725,0.004993120668891677,0.0044884373938950265,0.0040962994554197135,0.004415830857651809
2020-02-10,0.0,-0.0007828883848816313,-0.0015266205298390112,-0.002309047136452597,-0.0029095436423393945,-0.003232335085775243,-0.003526174178615247,-0.0038715870001862366,-0.004123248862657685,-0.004567757013407606,-0.00491352986071779,-0.005105585173238084,-0.005382509057946373,-0.005770997008683642,-0.0060023313260806265,-0.006502629142739168,-0.006979018718484135,-0.00717897006432309,-0.007268127926709841,-0.007274794254504936,-0.007105649928581276,-0.0068773921095517275,-0.006635862107436434,-0.0064235304679337805,-0.0063752417212005865,-0.006318630297832803,-0.006263686981007584,-0.006476817308511416,-0.006707482161415289,-0.006784104642488752,-0.006580901358557394,-0.006361088564900757,-0.005963217088784611,-0.00553056589540655,-0.00506401163129936,-0.004858663688442627,-0.004712368611011039,-0.0045403330349594075,-0.004523712807976697,-0.004828737954137779,-0.005090618499032413,-0.00539748010145318,-0.00566450135618474,-0.00567282092063895,-0.005548866577273986,-0.005464020784451409,-0.0053384289535774445,-0.0054764976554519534,-0.005619576904130623,-0.005703603910959229,-0.005867518491028902,-0.006015647160188855,-0.005938251354253846,-0.005984854562893326,-0.006190433920786443,-0.006401050933675549,-0.006482645728971953,-0.006422697883579545,-0.0064035486347498085,-0.00634860065215947,-0.00622705978014566,-0.006230389470242947,-0.006508457713644418,-0.006650851926850983,-0.006632531066969196,-0.006611712315435665,-0.006678333846040114,-0.0066591797013949685,-0.006655015805453942,-0.006510955683003561,-0.006113856912995671,-0.0055596807739851165,-0.005008305794685209,-0.0044863183072075125,-0.004239549666510505
2020-02-17,0.0,-0.00034080167941554905,-0.0006346610120591788,-0.001019450121825424,-0.0008113483560082809,-0.0014010825384486185,-0.0011185614238988096,-0.0008848396681708717,-0.0004720371709632528,-0.0008105226416104388,-0.0010219277846626779,-0.0011458187541606147,-0.001229247321389518,-0.001663022823345803,-0.0018531170941463457,-0.0018795678564670364,-0.0020275397123248203,-0.0020184458383303463,-0.0016415361789473316,-0.001466354613549377,-0.001521715282122111,-0.0015382414488286532,-0.0015109734202186907,-0.001760544935322374,-0.0018597297191352924,-0.0019010596160313512,-0.0017026916875074393,-0.001705997497220121,-0.0016415361789473316,-0.001663022823345803,-0.0016514530343786909,-0.0017142620693135727,-0.0017233531775073946,-0.0018415451056321966,-0.001904366081576788,-0.0020143122865801328,-0.002303702180293532,-0.0028488094016554484,-0.0032319684492068536,-0.0035771855606678907,-0.003862058715370121,-0.004082394189444342,-0.004011980959017771,-0.004115531542949208,-0.004240634950191891,-0.004557191611919507,-0.004707218115501771,-0.004896233816802912,-0.0050637249492853035,-0.005274372433987665,-0.0053141848181328675,-0.005431972402462204,-0.005554751694395609,-0.005580470888091964,-0.005305890440725265,-0.00511762657716887,-0.004986609210546626,-0.004887113817930455,-0.004800063469197269,-0.0051400173382442375,-0.005403768478133188,-0.00555641097725358,-0.005617806378591422,-0.005845168120398323,-0.0059182003782811115,-0.0059970480077679855,-0.005951398622429141,-0.0059787880035677655,-0.005626103343561684,-0.005624443945060429,-0.005688332775198884,-0.005909071054353176,-0.005980447990171585,-0.00629008368093952,-0.006189628352550768
2020-02-24,0.0,-0.002391924412826335,-0.0048312606913000645,-0.006985817091363149,-0.009062150446898742,-0.008778417744634164,-0.00863783667598653,-0.008555840178362514,-0.008490582464752048,-0.00851568108140114,-0.00856588020460039,-0.008448752836820459,-0.008339167508429533,-0.008421146240850028,-0.008572573611427332,-0.00873490244481528,-0.008882192640241034,-0.009068847176299815,-0.009015274596742248,-0.008902279347862987,-0.008688878707437021,-0.008551656863846936,-0.008231266972544251,-0.008234612550693715,-0.008287306883012227,-0.008379319517248273,-0.00847385040361265,-0.0085056415591486,-0.008386011675460934,-0.008190284548562007,-0.00802135432804915,-0.007594138410726831,-0.007417787413280706,-0.00729745197811031,-0.00721556530921423,-0.007145382072451522,-0.007307479377980506,-0.007225591888003667,-0.007169611442710491,-0.007164598421387555,-0.0072356185673261705,-0.007346754328964995,-0.007603332917594035,-0.007773864550371311,-0.008043932457786618,-0.008150976454644156,-0.008195302714321997,-0.008282288255539876,-0.008380992552602906,-0.00842281934618377,-0.008590144017509292,-0.008826956274612479,-0.009180186873411857,-0.009632370172776546,-0.010032806804842495,-0.010466095628788905,-0.010872736541545388,-0.011094152868884677,-0.011152869967404489,-0.011307228498956049,-0.011428886521760414,-0.011523706140094495,-0.01190895085288518,-0.012695008119333374,-0.013514475343429559,-0.014213444035632643,-0.015086368737968568,-0.01556903508717398,-0.01572913296630329,-0.016170798930730774,-0.016833663846944937,-0.01732477077129722,-0.01808637900038108,-0.01887561834648046,-0.018982982740915276
2020-03-02,0.0,0.0028632479780682724,0.004784653534531296,0.007084947590781526,0.009334131346174872,0.009476905896589427,0.009703364451456377,0.010731035484658834,0.011226441113641114,0.011490322600719426,0.011123508456581057,0.010399161250502447,0.009522730443220842,0.009273313772874324,0.00914637822599066,0.009111115492172988,0.009495412216277949,0.009748297600189583,0.009565028161000935,0.009632877013169675,0.01004780033979547,0.010370106008120168,0.010604284851396072,0.010865690431561405,0.010880650973133218,0.01086041018698049,0.01078296339640711,0.0106729434386759,0.010784723617350035,0.010946650690678293,0.011215884405644888,0.011536054978371305,0.012104896460582553,0.012683077438543626,0.013315354685069893,0.013380316085730678,0.013427717687913702,0.013178395202913813,0.01281132153114654,0.012404573014277716,0.012385241752903613,0.012282428311317456,0.012044247170358712,0.011846452188167962,0.011714567128444065,0.011416442803116596,0.011182454095082926,0.01126162933544298,0.011609925939905905,0.011995900898527886,0.01263651900704485,0.013142396328533217,0.013624322568034511,0.013933195019330769,0.013948109740028703,0.01365767134712109,0.013602381975260133,0.013983202323039476,0.01421215119870322,0.014234955495735332,0.014177943778057752,0.013590095033032141,0.012430933223017044,0.011408526786772438,0.010321678728055311,0.008860714319974724,0.007835531978014043,0.006839340033315612,0.005413979340266048,0.002395632140352234,-0.0008303907452043475,-0.005325381949353331,-0.008130583619082707,-0.010644207131413138,-0.01090949836203644
2020-03-09,0.0,-0.006027035146439413,-0.01206930494940672,-0.018385112482315235,-0.02541785349780498,-0.026585712976305437,-0.028508179745280946,-0.029969202287174517,-0.031321842808605636,-0.032118424824257266,-0.03281914765653911,-0.03257606131003184,-0.03242002534200626,-0.03228859575191032,-0.03206832445808869,-0.032056981327441295,-0.032323578919810025,-0.033333891190321124,-0.034176598508305754,-0.03488540105024995,-0.035613678639636895,-0.036175421499541234,-0.036203896600914415,-0.03600648590725744,-0.03569621228993371,-0.035560557134616276,-0.03540120954882185,-0.03554253440795745,-0.03587837962631607,-0.036321602289367705,-0.03644027124157941,-0.0363310952873324,-0.0359599861746225,-0.03542966261264958,-0.03511861973458856,-0.03473184771196411,-0.03469678019514341,-0.03463138729991602,-0.034734691078035604,-0.034734691078035604,-0.03536137661950291,-0.035955241425517745,-0.03735972070054279,-0.03910881675751007,-0.04105267235801133,-0.04294106494096511,-0.04587715170284171,-0.048292383511289054,-0.05052953597144103,-0.05212244310297087,-0.05435755771772846,-0.054991830104828346,-0.0551562651306332,-0.05519302489301443,-0.055055666374490594,-0.053601983875652015,-0.052616345063827286,-0.05158058921671148,-0.05050642714040024,-0.049575777769701096,-0.04860851278484991,-0.04810890141444809,-0.04748953778355709,-0.04652524670020189,-0.04609281716341653,-0.04552739329609107,-0.04445205384534188,-0.043332937696295634,-0.04256940563075343,-0.04167474152124759,-0.04206707302061903,-0.042084258940768005,-0.04315992127890021,-0.04430180907527598,-0.04486271043738883
2020-03-16,0.0,-0.010765297152254575,-0.021823495374823636,-0.034841924550134615,-0.047974759777128534,-0.049428724635763775,-0.0491141746787058,-0.04838131713889559,-0.04453466946595533,-0.04294840003086594,-0.0412096728303612,-0.04003500114240946,-0.039126762153150044,-0.039031039936844675,-0.03849369299812315,-0.038551514909805164,-0.039185672687001745,-0.03925405533740309,-0.03912045051606903,-0.03740726286460448,-0.03639229701813575,-0.035198119304428274,-0.034280651534725703,-0.034382201852209957,-0.03567289365142661,-0.03686239097212972,-0.037712899018173845,-0.03900053697989611,-0.04038989096442963,-0.041503820092721855,-0.042900882479721514,-0.04363501663318763,-0.04419205052148659,-0.04467005745322844,-0.04514829298487378,-0.045300699257956975,-0.04559922884318529,-0.04657483505957731,-0.047358339314306955,-0.04876679697845407,-0.04812865891830351,-0.04811273721909705,-0.04703807801228451,-0.046479456975481157,-0.045091146620319315,-0.04540549204619193,-0.04606096070590911,-0.04658013410876894,-0.04609273908771429,-0.04611816252028153,-0.04587560693652732,-0.045258361852111476,-0.04540760918538631,-0.046207149624625826,-0.04739228029730491,-0.04874130612011182,-0.050542133456323884,-0.05206270943841111,-0.05402113931024232,-0.05666298211711688,-0.0596618098155751,-0.06262119360230416,-0.06363403959192868,-0.06515415497753313,-0.06475043557214516,-0.06425410570544934,-0.06252642647092034,-0.06268042762031022,-0.06387339346699214,-0.06512068540865587,-0.06644304536531287,-0.06931308735463867,-0.07167939999783107,-0.07147185232496137,-0.07195221140803965
2020-03-23,0.0,-0.01449725891640389,-0.03206865405850899,-0.04915609861322469,-0.06860964965181564,-0.07355300274116028,-0.07858855581446966,-0.0818608625969758,-0.08525992269426637,-0.08650661999161752,-0.08783072855980942,-0.08822779733759076,-0.08865539159511365,-0.08865539159511365,-0.08865539159511365,-0.08865539159511365,-0.08865539159511365,-0.08725816495706296,-0.0864927311991783,-0.0857278828820438,-0.08741233305619771,-0.08712802514502609,-0.0903828095860641,-0.09291219294933561,-0.09693581548215674,-0.09824315374164286,-0.10253976979413873,-0.10506154114845054,-0.10600353644636115,-0.10462944682171033,-0.10456002050165024,-0.10474131047674679,-0.10394567908073038,-0.10561350452444851,-0.10795727120017826,-0.10942508130939342,-0.11000014117346385,-0.1116703346947817,-0.11213527659513398,-0.11132209366445624,-0.1099044903145366,-0.10767609008286212,-0.10438261957895728,-0.10141518217931142,-0.1002124915427042,-0.10091804837601884,-0.10195103085206285,-0.10352562516121226,-0.10558004352452777,-0.1063563696101576,-0.10442632413105045,-0.10406646118353938,-0.1035551644700074,-0.10235887846122683,-0.10259365864454857,-0.1047271661051457,-0.10598808674415391,-0.10735759964745487,-0.10999497062285189,-0.11216118500889288,-0.11321104026419324,-0.11426459520099101,-0.11346135364358303,-0.11199149709823121,-0.1095529873774187,-0.1093075255138543,-0.10868509768957364,-0.11074756692151431,-0.11251231020029082,-0.11683436678516113,-0.11933768945648515,-0.12202782114967399,-0.1242006203762755,-0.126558183255786,-0.12614560242548148
2020-03-30,0.0,-0.00551584148084327,-0.012348679357969187,-0.017087559260026974,-0.02118939240359801,-0.019457765661538513,-0.01767958439239192,-0.014988813849879204,-0.014064502636950275,-0.013333655326825126,-0.013661413061581825,-0.014152663409342705,-0.015097058822476537,-0.015357129961047716,-0.015658473413639858,-0.014721781256788361,-0.012819327528987252,-0.010973215743041264,-0.010037387815534718,-0.009203026109383793,-0.00854936367643372,-0.008979633642394952,-0.010127535863275727,-0.010922829733467823,-0.011752764640596871,-0.01309054963278539,-0.014401906569672386,-0.015084115872060412,-0.01642990254490212,-0.01740121816443852,-0.017288006612022018,-0.017221972458190425,-0.017534494020299142,-0.018253074306545606,-0.01947431074156393,-0.021085220804469677,-0.02199709044898871,-0.02230518236709389,-0.02197694928311068,-0.021773190887737617,-0.02196391698017803,-0.022698730086277413,-0.023847067377546296,-0.024257846902757865,-0.024491805452783347,-0.02529861022306914,-0.026291671364852685,-0.026488021747385043,-0.02710826613878968,-0.027800393839554082,-0.02807332627378555,-0.02733693693126097,-0.02678916723328212,-0.02648564151190823,-0.026360687105228604,-0.02681773910403915,-0.027876664399869744,-0.028543087491117364,-0.029453430686532958,-0.02946536729360008,-0.028795943754414275,-0.028502541020085877,-0.028772086658417993,-0.029238596120257136,-0.030168684915860645,-0.03186752249968158,-0.03482134853117212,-0.03724724662085123,-0.03902564776913806,-0.04139050517608514,-0.04192941287399947,-0.04069494621934799,-0.04073599008558934,-0.04070218913215773,-0.04001072756851324
2020-04-13,0.0,-0.001978779343457845,-0.004537201878012806,-0.00794425477159086,-0.011407387768576293,-0.015144544959643756,-0.01683742261359621,-0.01852533954407779,-0.01884647801066555,-0.018912508804541976,-0.01825351545174225,-0.018287069984011972,-0.017696674625618764,-0.017647490742720068,-0.017377022618868813,-0.017450779398100105,-0.01672797407775208,-0.015315153558842528,-0.014006783819096306,-0.01279800836387679,-0.012364274060482855,-0.01242320639561576,-0.012809132230354903,-0.01256221150844759,-0.01224864334483334,-0.01115192843464668,-0.010523554093830233,-0.009931067998256665,-0.008720559037670174,-0.007819172236325604,-0.006771528702132597,-0.0055924455208457725,-0.0049763835065348245,-0.005612324809388876,-0.005763641234964954,-0.006150320044481541,-0.006407820577759005,-0.006366925506217409,-0.006706294713874788,-0.007220542427819698,-0.007710706244181625,-0.00791104549335806,-0.008008462503552237,-0.007499342042403955,-0.007474999296541149,-0.007462828145819506,-0.007668651167519123,-0.008753795210594259,-0.010015370439971465,-0.011279649944177765,-0.01244433392751499,-0.013860896369334427,-0.014629550471632941,-0.014612834315858107,-0.0143988921975276,-0.014461287254076608,-0.014137098239016753,-0.013831944139398157,-0.014279683896477966,-0.015047545206526737,-0.01532407507072659,-0.01571446915061816,-0.015771367869240802,-0.015038626161355066,-0.014109251850830696,-0.013066127995789302,-0.012020756560224602,-0.011490703837016983,-0.011238555156823482,-0.01128631412288429,-0.011846263742050557,-0.012305345198165302,-0.012317575431190357,-0.012635614003275706,-0.01225197865897274
2020-04-20,0.0,0.0009827037411887646,0.001991311399851292,0.0021600301852613265,0.0012225821895830182,0.0006319258391818702,-0.0002121668544098615,-0.001362097063868506,-0.002056790989611306,-0.0011000941199580975,-0.00039744579669540145,-0.0002703321278190755,-0.00025417476806066425,0.00031762763648984885,0.000839609824533901,0.0012677546515976051,0.0016204598936794075,0.0022975632928130987,0.0028024054920155624,0.0027862974435216045,0.002902269601743082,0.003551679868825,0.0035731407772444873,0.003478709334937823,0.0028679088829132266,0.0017344173124306656,0.000585648401630608,-0.0007810392096265967,-0.0020535537186953385,-0.002917197398470757,-0.003131064406411533,-0.0031926406613307225,-0.0028081212356620014,-0.0027022963304276764,-0.002132330286268342,-0.0018636521648162825,-0.0020999556032677016,-0.001919755688779648,-0.0014203292637032365,-0.001546510664193033,-0.0018798355506289958,-0.0021172219704352776,-0.002701216542174159,-0.0031807572291577737,-0.0035729850720977855,-0.003480046662098904,-0.003375231145416499,-0.0028264797570672043,-0.002546818825226043,-0.001604753604140629,-0.0009459433958181055,-0.0003823636691241072,-0.00032203743344140094,-7.538408193284676e-05,-6.030681091870508e-05,-0.00035112284274769936,-0.0006894375217206155,-0.0006452561777708683,-0.0005601317748696899,-0.000698058499361034,-0.0002401719341023545,0.00043388642869213715,0.0015742281814046146,0.002402849294814134,0.003273719495169236,0.0036643445001363815,0.003141688084383065,0.0014699301901217065,0.00015936478093628406,-0.0011841863497778625,-0.0028005619424558144,-0.003097577157758539,-0.0027541275377932876,-0.0026709829444384707,-0.0027508880086263617
2020-04-27,0.0,0.003565027439413416,0.007237314166517746,0.010889706216675262,0.01405143965635502,0.014521299447254755,0.014666074748197736,0.014491269352807883,0.014181263177018826,0.014772229982635186,0.014891239119139216,0.015405710238110906,0.016379265284715082,0.017397858986030648,0.017759253115919686,0.018132271593209744,0.018663235508151278,0.019015631322772935,0.01885333110117586,0.01847844504452236,0.0182936204270666,0.01781911645648294,0.01728770403640629,0.017113356355671197,0.01721390412717861,0.017094101373711236,0.016994611393500413,0.01679132152070181,0.016718555101943828,0.01674744828438552,0.016970004817873287,0.01734438722498976,0.017110147217757922,0.016777410702954375,0.0165301938973737,0.01628826894431122,0.016174779552235355,0.01663829188134435,0.017251339544403502,0.01751441751538651,0.017723974826335837,0.017900353829995164,0.017957002303253478,0.017710076976600007,0.017555049405438082,0.01790249156649558,0.018037159753904727,0.018068152245709165,0.018187838368994187,0.01826049795565686,0.017835150671359896,0.017222460917526623,0.016824492689822928,0.016273280517517537,0.015443213405793478,0.015008090165812714,0.01463175953508094,0.014407609334203457,0.014376503183388841,0.014583501774285417,0.014293906294241113,0.013760616727371236,0.013196973624135773,0.013045541055641397,0.012522331545573086,0.011963366047138104,0.012171939715791242,0.012240737982101806,0.011842932572508215,0.011847234017793739,0.011771956053876747,0.011355674155105723,0.010815432604494527,0.010217813694198274,0.010043306219557038
2020-05-04,0.0,-0.008813316674753482,-0.017651930707907763,-0.026670153577121398,-0.03560199069061086,-0.03606292493299304,-0.036494382316838776,-0.037701755715842215,-0.038835126595453774,-0.04026136526365656,-0.0414669044996908,-0.04242641023598756,-0.042775258799244896,-0.04306765989452413,-0.04240081146472727,-0.04169070683840029,-0.04142321560087328,-0.041138751645705185,-0.04057538964836736,-0.04044231642862421,-0.04073616571799445,-0.04101518951989586,-0.04103862254299124,-0.04124847909030044,-0.0416885751512978,-0.04224723259687749,-0.04258961780918137,-0.04352350656286058,-0.04388555628083343,-0.04418789879660704,-0.04397635626615419,-0.04378835602205465,-0.043353740780507875,-0.04313063336296888,-0.042648293707539406,-0.042337883937486276,-0.04196786486182058,-0.04183887022557975,-0.041845266261742856,-0.04201264375007494,-0.04186658667774768,-0.04203396773497394,-0.04228029272205035,-0.042716575450841454,-0.043253389658252595,-0.043920807060760576,-0.0444101735012717,-0.04457370518750357,-0.04452988034789822,-0.0441772137573715,-0.043999858781992765,-0.04392828465867845,-0.04373281725865362,-0.04382360337570299,-0.044362081035481435,-0.04497249257977425,-0.04530618492067411,-0.04627259554057335,-0.04702882347756603,-0.04756474180786638,-0.048049459276407906,-0.048541923986351515,-0.048882177419404815,-0.04940083041513836,-0.049992831541221444,-0.050541094260943296,-0.051524419766024745,-0.051781707108422406,-0.05159546321127419,-0.05167727706757283,-0.051529801668516395,-0.05146522075021802,-0.05162560437959121,-0.05152872528570106,-0.0511606703014502
2020-05-11,0.0,0.002984374886005504,0.005465819002407248,0.008751328166626418,0.012467934350872064,0.013406364071564574,0.01410163836081724,0.014854838034167152,0.014835722915488427,0.014288663294123916,0.013633922940111572,0.012957474692918814,0.012108075820364494,0.011190809252843995,0.0109029913053017,0.010585229370294094,0.010344174787329904,0.0101841507193686,0.009809594300230831,0.008999176057662511,0.008600666456907996,0.008335617725933634,0.008287516675237019,0.008416849802815445,0.008535479533381712,0.008492731702827503,0.007885515215775397,0.007189114381688404,0.006335870638921714,0.005625528053587181,0.004795620453795562,0.004500590736799003,0.00431923837348996,0.004342848235545149,0.004520977407565097,0.004952219046873429,0.005267487027265863,0.005665183395086665,0.006167705390998454,0.006059507701931327,0.005600876643284128,0.005494761461049726,0.005465819002407248,0.005577296464781227,0.0061205712031707675,0.006618581581718156,0.0068583948710930105,0.007048919789224487,0.006876592639083645,0.006849831100978695,0.006967576511987508,0.006979350290605322,0.006909775951734284,0.006967576511987508,0.006554336112607616,0.006071292176742991,0.00576699396214701,0.0053093008240022,0.004728039513525792,0.0039950829993327264,0.0034098345715235265,0.002874757461453791,0.002407136445246898,0.0018317163323656272,0.0014766191234647037,0.0009092780377593991,-2.047904804837184e-05,-0.0006825015184540742,-0.001515504000888342,-0.002487497701136123,-0.0030960144684452702,-0.003473416014647902,-0.003948344094690816,-0.004083615451944789,-0.0037406029221320634
2020-05-18,0.0,-0.0012221570343204672,-0.0024633796056971694,-0.004665371081739851,-0.007454770095134068,-0.011276215282773446,-0.014243023404951309,-0.01776377950107413,-0.020167408092704862,-0.021626019695145597,-0.021454768706256247,-0.021589080726712475,-0.021238788038483957,-0.020972513398115747,-0.02115375145591892,-0.021733486271464618,-0.0222642718465589,-0.02272473813562311,-0.02427013762832378,-0.02547289434313748,-0.0266962254865656,-0.02785572291247838,-0.02934928930184252,-0.02967760927121512,-0.03013134207778591,-0.030843960018820563,-0.031335521833575374,-0.031121917014109806,-0.03098518867446238,-0.030798771061186538,-0.029892034443294652,-0.02895567309736748,-0.028590391527736122,-0.02821960938166331,-0.027949216702249705,-0.0280528585880841,-0.028235384545021273,-0.028330040751496532,-0.028323279296746866,-0.02784783829373634,-0.027299446660813225,-0.026796362021126268,-0.02616758080670402,-0.025758354317743783,-0.025848279848224433,-0.025786455177350957,-0.026232802696092836,-0.02643524254684379,-0.026798612395532273,-0.027199259738950158,-0.02796836711125229,-0.02833792917315303,-0.028738066465031187,-0.02915302575310603,-0.028590391527736122,-0.027633850954212787,-0.02655560121582224,-0.026012414789999126,-0.025118992174854627,-0.02501677708388687,-0.025560546610915173,-0.025889873141143466,-0.02573025424777285,-0.02608437284747734,-0.02660509870383466,-0.02667372427431166,-0.02722740111899395,-0.027754353981293202,-0.02821960938166331,-0.02934703318013833,-0.030352639718369018,-0.031421428699282425,-0.03286599500092444,-0.03384228659775855,-0.03386381652577579
2020-06-01,0.0,0.004332207114427378,0.008822908086188503,0.014340979550831997,0.019602579442566312,0.01981246869109783,0.020236188447564835,0.020990494824338728,0.021049512345436873,0.02130284110189462,0.021601869566750226,0.02189165877001253,0.021627293032712425,0.02123366532112171,0.021277409385796597,0.02140863009973406,0.02150220334680402,0.021978070873453694,0.022474033564460864,0.022922017871169955,0.0233799530788035,0.02373519070606035,0.02412174883688893,0.024164352401596444,0.024022333460088693,0.02403247833910596,0.02413290708879666,0.0239097183909575,0.024199853985731566,0.02449497550745516,0.02452742341842117,0.024725130122690987,0.02520959973930069,0.02560976893009373,0.026230474073067125,0.026981285632383833,0.02782350673941399,0.028601400061784316,0.028807389924580474,0.02882051529152293,0.028823544197890835,0.028297386525285663,0.027728501680828466,0.027999343353294258,0.028244856550356762,0.028497379253489465,0.029043620175467303,0.029613775247859884,0.029738863137396945,0.02946042035710226,0.029334288512831912,0.02917382581476647,0.027991259589332088,0.026744567635248014,0.02544364217499779,0.023667197840210968,0.0222667348187907,0.021738131792428273,0.021179745585213523,0.02114820627884163,0.021333358307497316,0.0216415298913296,0.022261653427607227,0.023295692498340258,0.02399595629297457,0.02436517333389794,0.02457305151195038,0.024299251716705224,0.02357788675339819,0.02303880619247071,0.022919986649258175,0.022278930052283763,0.02169542473436871,0.02126316734226644,0.02065769291930941
2020-06-08,0.0,0.0033318917475204917,0.006548316941972448,0.0093010739934449,0.012112260531267226,0.012363551064709434,0.012347059027695192,0.011865759821086926,0.011613373311165178,0.010783932184523011,0.01013757912399146,0.00975248461062163,0.01000145154501448,0.010279521005834572,0.010873319570079285,0.011097724424577302,0.011084125563773247,0.010963670437533516,0.010574034741974672,0.010268827456232211,0.010015065136824593,0.010089936579189955,0.010178413784456896,0.01063720295847027,0.010963670437533516,0.011302656290305734,0.011334703448186812,0.011140462497504831,0.010774215682891162,0.010577922132058897,0.010358260895454779,0.010433106647628672,0.010779073945508496,0.010794620227275488,0.01074409392783999,0.010793648591745593,0.01074895233679835,0.010647892569577447,0.009935325748441848,0.008742365821188303,0.007869611573696707,0.0066439377994911815,0.004990751916129064,0.0037595853551273825,0.003017611219703568,0.0023142833135557477,0.002033009622110936,0.0022084474452893784,0.002281945764415824,0.002066335375472134,0.0011249456382892392,0.0002111464721094062,-0.00030550473598053276,-0.00018761403624121818,0.00041341244076446105,0.0009444113544364945,0.0015182797581304952,0.0017595004536824332,0.0013152562768358957,0.0005704839989623135,-0.0004116182500291003,-0.0013425591228948361,-0.0021483700567518343,-0.00195349909909244,-0.0019397217818703043,-0.0012884680955505107,-0.0005894818919759205,-0.0007221632196325126,-0.001312071093132246,-0.001260931969134225,-0.001279617115083084,-0.0017419397930641526,-0.0014891113348414332,-0.0010387038461358257,-0.0010308382688515528
2020-06-15,0.0,-0.0010815136615270203,-0.0021259422136219648,-0.0039134580935490555,-0.005466776111823822,-0.005980032380422507,-0.006289325738539009,-0.006678605288129398,-0.006628040939422861,-0.006837393963492841,-0.007077141834855558,-0.007873679216809268,-0.008910025899117028,-0.00971309708099534,-0.010675197700804606,-0.012118052771474023,-0.013621037399252174,-0.014339237589961152,-0.014925385853318795,-0.015273159620302087,-0.015457804228413613,-0.015225218805778472,-0.015733304313826503,-0.016379496676023404,-0.01726831025022288,-0.01808937662940901,-0.01915480214043469,-0.01951224512619588,-0.019391376180763416,-0.019047286984534045,-0.01858970891572915,-0.018392206350367986,-0.01854672576204855,-0.018831267666857606,-0.019624932725556866,-0.020598672578228394,-0.021003822604669056,-0.021323955914195565,-0.021880328706521117,-0.021697574351479187,-0.02140811052473764,-0.02107358651541601,-0.020609953015540364,-0.01973046080918799,-0.01942927419311952,-0.01950200142863061,-0.019439517145712147,-0.019398545964835066,-0.01958190505260972,-0.019080052283627847,-0.01806380399417314,-0.017241736550620584,-0.01711807593039175,-0.016842194128666523,-0.016775789504837126,-0.016834021013923128,-0.016674658626582385,-0.015561873118031118,-0.015031438935025117,-0.014407518923348853,-0.013402114407849044,-0.012453662491033926,-0.011606718783511568,-0.011019464818926676,-0.011676846543105765,-0.012335677751612822,-0.012810752849370272,-0.013223956650210901,-0.012553350102693,-0.011744946320486562,-0.011894375516484774,-0.012380428945154981,-0.012993925584824473,-0.014200651009811471,-0.014450324524774088
2020-06-22,0.0,0.0016941219009572231,0.003838809909181257,0.006094170738605508,0.008246849137985948,0.009299730943508368,0.01013062800785135,0.00994347102794147,0.009418472801262867,0.009208975627501689,0.00892989970496918,0.008015839639955415,0.008142466517597534,0.007935602098119943,0.007556561858267543,0.007098040610253244,0.006561865211923236,0.00577450210632215,0.005286083622765462,0.004427866382957141,0.003869872622861086,0.004290095133464345,0.0043065898747956305,0.004209558077399505,0.004757664093852095,0.004872097879485571,0.0043531617934895635,0.003919376828544857,0.0037776523717141914,0.0033504160501285235,0.003224152197359327,0.003220266902907363,0.003545608016219658,0.0036155182592641434,0.0036708604023687275,0.0037009574751392864,0.003978584522844692,0.004326965356106491,0.004737297386435315,0.005036937093750417,0.005389795590492493,0.00578031517545795,0.005986657239988469,0.006511523517662736,0.007219946522260522,0.008009072866937443,0.008338658177182075,0.008481670203964092,0.00853191281782747,0.008647847678023833,0.00851645382088393,0.008428526230647222,0.0087927473545715,0.008886437967951258,0.008810133904916095,0.00878405396603823,0.008853598958295591,0.009191596010316336,0.009515965736722035,0.009909701863334168,0.010550156839733756,0.011279814063350154,0.011212364792402927,0.011237417909830945,0.011397357634092851,0.011220073510770626,0.010251200292287481,0.009747593997563463,0.008800474747600175,0.00708449459152481,0.005725089654277329,0.00532097856959288,0.004832338472380227,0.00490312851351163,0.005503187955818819
2020-06-29,0.0,-0.0016589173969799613,-0.0034143843579460963,-0.005109007216414834,-0.007184012590909832,-0.008075453073950134,-0.008861706413390036,-0.009781892499857997,-0.010871452163662875,-0.011915387709923172,-0.012300681208350428,-0.012499726377625255,-0.012643180549386788,-0.012854007695333907,-0.012391417474673932,-0.012168981921531314,-0.01166185779203491,-0.011114062653713,-0.010937701395244715,-0.011203716764316566,-0.011017596012338636,-0.011179353438916266,-0.011542915906704929,-0.01147467694944758,-0.011478576192994394,-0.01205193044801218,-0.012552421437182755,-0.012987749804626832,-0.01322794477379459,-0.013420337638663791,-0.01322794477379459,-0.012937960506094054,-0.012640252707513795,-0.012529976905669992,-0.01244605833785708,-0.012341657857519886,-0.012175810347096425,-0.011887106187848636,-0.011685257861066193,-0.010968879022961052,-0.010172205918697573,-0.009221509245322005,-0.008616725602328276,-0.007701495113150888,-0.007264578571822309,-0.007104423658000151,-0.007264578571822309,-0.0076276913650524325,-0.00842719829743697,-0.008963799466921638,-0.009312939239675987,-0.00968458121069856,-0.009908411334301566,-0.010088484970304587,-0.010378617732417501,-0.010887039823302642,-0.011026365322481498,-0.010838329193659468,-0.01027930106992096,-0.009992117207485563,-0.00981206092237775,-0.009662200953587226,-0.00922637233239987,-0.00895991001676342,-0.008687686091460624,-0.00812888705749068,-0.007897684189545116,-0.008292121271744238,-0.008782956036003887,-0.008745041399345564,-0.008600201279739993,-0.007924881752645212,-0.006863754207593022,-0.0060693739933155395,-0.005622509428975847
2020-07-06,0.0,0.002105354956514545,0.00391860738887835,0.006128894404216316,0.008387490495766009,0.008788609529951096,0.009011487538736039,0.009323806180870729,0.009446842264153607,0.009713368524625166,0.00995467193688532,0.010064590094544175,0.0101977798067207,0.010300221361574798,0.010208955759051515,0.010272283796443769,0.01013630983617898,0.010123270265739334,0.010160525730188868,0.010381235886965044,0.010355162962857076,0.010526486878139398,0.010662407798440153,0.010798310246755032,0.010868115968153336,0.010970488879253856,0.011299872404681562,0.01153707299237668,0.011676576471819834,0.0119322823166494,0.01213958851282581,0.012289231299044724,0.012390529543000945,0.012361720994852174,0.012331982268150668,0.012457436517241679,0.012555930305708096,0.012721303715527288,0.012945164592036986,0.013109545024449047,0.013219116969683628,0.013325891636706078,0.013706473783457435,0.014146283429058552,0.014622989307782299,0.015068883818013738,0.015406185390127527,0.015470111598922025,0.01574522559465028,0.015868400259722144,0.015954520899975923,0.01613599818109243,0.016318368186268202,0.016056374449474928,0.015654455605739623,0.01510873580957606,0.01464153358223808,0.014290061080415303,0.013917124057919304,0.013705545710503433,0.013820620188874491,0.013604380594562314,0.013219116969683628,0.013224688103780661,0.013066827284693862,0.01256522167179935,0.01247695020818728,0.012381236553632064,0.012305960156789536,0.012356145050960984,0.012566150803660175,0.012663704845192598,0.012676711331713365,0.01258937881962164,0.012719445739235198
2020-07-13,0.0,0.001909781492835412,0.003974757782440569,0.00597281573772372,0.007908946154380153,0.008034945469368341,0.00797056824085912,0.007529932817221148,0.007155378056756325,0.007086341598575357,0.006888410666617832,0.006813831177508178,0.007122241151629679,0.007243737769202691,0.007122241151629679,0.007140650678928869,0.007270428230263765,0.007312763362539583,0.007514290831001563,0.007670699684061369,0.007972407647760924,0.008205065339917402,0.00781604598106838,0.00704859965313922,0.006407689686414432,0.0057636034856016205,0.0051181798394006545,0.005041623403203728,0.005163373056552134,0.004899563403832053,0.004484337334956474,0.004132644428466727,0.00375958555378825,0.0033291021493882145,0.0032117494234594015,0.0029890185853617994,0.002836497903492673,0.0024583311570405887,0.0023917442097221363,0.002520290028391496,0.0028845675379139614,0.0028753235569010916,0.0028725503459341236,0.002823555684031449,0.00208649729034583,0.0014997916165260569,0.00138222400691497,0.0014960889104958088,0.0010738905283920568,0.0012655684655981738,0.0014025910393557744,0.0008701345643518347,0.0004838104336054638,0.0002725197246062835,-0.000404281682274016,-0.0011604302963946986,-0.0014082745400885068,-0.0018103398425805498,-0.0018799980668533988,-0.0013999192392767721,-0.0010063708291357567,-0.000685335198846596,-0.0006074114583191186,-0.000567524274112484,-0.0007567706289020802,-0.00036625740515945404,2.5957459433756497e-05,0.0003800240851238146,0.0010868554120785387,0.0015756940689521334,0.0015275614747532803,0.0013887044713235019,0.001707121276054013,0.0015599586680486496,0.0017950382861550297
2020-07-20,0.0,0.001724291260044216,0.0034839135049012752,0.004797047906204038,0.00611664548397984,0.006464910731037797,0.006840319378662458,0.006902116493302066,0.006992078995356263,0.0070256992671112115,0.007155626449014246,0.006894846442729922,0.007084759169770365,0.007274635836815279,0.0073482147086300735,0.007184698751833572,0.00667853825907491,0.006021146878868849,0.005373334678072813,0.004901769245093662,0.004365298073927577,0.004400828832863926,0.0044718865636559505,0.004578463693489005,0.0045283647480613065,0.0046376683023575714,0.00463311422611747,0.004340699116648934,0.004265987462598496,0.004152998260236502,0.004066425314045825,0.004212228063232897,0.004562978832900114,0.004748781336303871,0.004983717426572728,0.005124834665643184,0.004929086051760492,0.004772459567359007,0.004642222357857715,0.004487372834849034,0.004448201214410005,0.00460305680277437,0.004613076044272334,0.004630381770418805,0.004735120563349777,0.004835295231627767,0.005008300571550423,0.0053460300043300605,0.005668177658122818,0.006072990110405432,0.006426725684479106,0.005909265483945951,0.0054543341570809966,0.005034704017110325,0.004560246185552612,0.004102877994369874,0.00436894231243208,0.005017405286700311,0.005522587051371601,0.0062812454813504,0.0070829419940068635,0.007693327282326508,0.007701499557519852,0.007629762862035495,0.0074081638608669035,0.007275544250955896,0.007281903126833822,0.007259192670166472,0.007435412287499073,0.007440861883729562,0.00760615219110083,0.008000195782504535,0.00839045456533028,0.008736114786592423,0.009045383929847176
2020-07-27,0.0,-0.0004358107935719433,-0.0011149109762212152,-0.0022418046791563436,-0.003201559513999273,-0.004412414694990135,-0.0059139023290885745,-0.006816058039082398,-0.007010253745809882,-0.007498606805091234,-0.008161817660704446,-0.007811709902241492,-0.0074203463461482815,-0.007361879885416836,-0.006905059723430662,-0.006276823307928041,-0.0059210876050211445,-0.005833071532151643,-0.005739675192142548,-0.0058537276698767534,-0.00595970934771979,-0.005858218191060025,-0.005861810622525519,-0.005895041225399121,-0.00604324519565051,-0.006199556816659728,-0.006514949462897973,-0.006683918634515175,-0.00677111070386756,-0.006784594692305629,-0.006425982490704424,-0.005965996749338772,-0.0054685160209465705,-0.004998202320225029,-0.004463534097819022,-0.004334395381134926,-0.004265348881877033,-0.0042052733391056574,-0.003907638814172515,-0.003633391446707154,-0.0035572249682543013,-0.0033377187488514803,-0.003320697830590409,-0.003502567894338628,-0.0036100928491920687,-0.003538408261347836,-0.003434474735703604,-0.0031630441470348962,-0.0031057216965919695,-0.003497191950076253,-0.003867303601661061,-0.004040308322073677,-0.004204376716548312,-0.0039228769845346435,-0.0034873361273234558,-0.0028836282319434844,-0.0029355650266668326,-0.002962429944488647,-0.0032633663425986866,-0.0034111807721540276,-0.003679990270274613,-0.003961421628425092,-0.004151477408575544,-0.004377439767077419,-0.004437525654041689,-0.004305700153149338,-0.0037077713713309472,-0.003481064290692058,-0.002974967153132947,-0.0029149690784263816,-0.003402221699883788,-0.004252795485107015,-0.004859125190965505,-0.005680408961933473,-0.006328038109556005
2020-08-03,0.0,-0.0011559827003459304,-0.002407541652112973,-0.003894784288714043,-0.005580580045476586,-0.0055787619248134634,-0.006065227065086334,-0.006534640170877063,-0.007034315938125396,-0.007534241506070549,-0.007884975979530653,-0.008385327101564588,-0.008633316971719927,-0.008711738331550067,-0.008733624459849256,-0.008698059744602455,-0.008384415487556534,-0.008331543296949087,-0.008504755722365262,-0.0085065791706336,-0.008498373679610045,-0.0085065791706336,-0.008535754795130768,-0.008455523875914733,-0.008554901761317221,-0.00878013407298434,-0.00881387769532883,-0.008857654902185763,-0.008837590111150892,-0.008426350592076696,-0.008162917916971518,-0.008074514890249568,-0.007827574647166251,-0.007642637208787868,-0.007993409709087483,-0.00818843777005151,-0.008310577512652401,-0.008559460616825831,-0.009192431487553762,-0.00981758694117638,-0.010612143812057122,-0.011335099608432419,-0.011927746415608582,-0.012079622960398096,-0.012430124945969876,-0.01257383881465125,-0.012708417658602455,-0.012793568730847825,-0.012865907058151676,-0.012471314707665455,-0.01216472050465328,-0.011825288523882961,-0.011685340688523942,-0.011559130026299071,-0.01165150003501194,-0.01165424382912132,-0.011960681538907865,-0.012536306448702553,-0.013271648069983155,-0.013607905872018928,-0.013935109861877511,-0.014172560178348328,-0.014044201654478476,-0.013672971526494588,-0.01376737007264388,-0.01403411703997883,-0.014347704455039776,-0.014552231098099411,-0.014736616076108067,-0.01501279846651093,-0.015044917648869434,-0.014998115755311294,-0.0150586833285523,-0.015290893015860334,-0.0151256790082738
2020-08-10,0.0,0.0013952799452411158,0.003052313541911134,0.004779278792749851,0.0063670143366911,0.0068632731657528746,0.007155959243457158,0.007182482449053406,0.007083458891975408,0.0072443671931576425,0.007002995031037337,0.006975582786693522,0.007057817265534535,0.007109099860940354,0.0068482386371891465,0.006876538738540857,0.006839394691268174,0.00677660042604424,0.0069985737521294136,0.007268235999590196,0.007369893053859726,0.007587316061782403,0.007756095640030821,0.00784621756976146,0.008027320415912064,0.008345275332584024,0.008494502640045315,0.008775236858976238,0.00891292672336619,0.008987059567691962,0.00896764435392986,0.009000296997318701,0.008950876365959986,0.008859088713100104,0.008761113749596781,0.008461833476686418,0.008206624091013746,0.007927497050182947,0.007660663566829225,0.007266467959392014,0.007085227255770301,0.007030406523970611,0.007077269594067283,0.00715949571151582,0.007412320767648749,0.007542244444300088,0.007503357494843825,0.007319507805588803,0.00729652421763775,0.0071276670487412305,0.0071550751244884424,0.0072567436824250865,0.007189555185070492,0.006916334401084074,0.006815515646587874,0.006520960535452911,0.00616260086327306,0.005776667594841779,0.005386156910828717,0.004557698659604285,0.003980473500501269,0.003700164164897145,0.0035608673297712013,0.003351441944341879,0.003669999617287779,0.003926369273573141,0.0037729102129115738,0.003999098868518992,0.004270457739628636,0.004219029360728583,0.004033687917363549,0.004010628684401277,0.0036141040798220586,0.0034783447657925626,0.0035590927226248387
2020-08-17,0.0,0.0005921972162945061,0.001026966440589687,0.0012911280947779929,0.0012054616904124428,0.0002465681478608158,-0.00041644511971432487,-0.000776729614258252,-0.0008974494803790219,-0.0005415912727062713,6.254115433349124e-05,0.0005537998851720204,0.0006734518231852112,0.0011296051021644406,0.0014713605237195216,0.0018798860466364543,0.002076061692237672,0.002465623751858979,0.0026233665859156452,0.0025886118275179077,0.0022080127492856436,0.0019565774715919167,0.001769297357962927,0.0013223588126009336,0.0010885509016891818,0.0010171482774339814,0.0009778746608197096,0.000813622823106208,0.0007011304563979841,0.00047164250373172575,0.00047789384609575006,0.0005091499717407532,0.00043502671365917855,0.0005734452155224147,0.0009136054155060314,0.0012393721863389246,0.0015275649830673625,0.001714890369594731,0.0018745352626128354,0.0020047295465541785,0.00196103609445695,0.0018317279596803803,0.0015454070079950744,0.001358942127312041,0.0013009435683368163,0.001317897341198643,0.0014053385526542636,0.001707754807290123,0.0016818879671060603,0.0016462084688986685,0.001603391390586788,0.001541838628476514,0.0014963406734234044,0.0016408564343673518,0.0016310442966636636,0.002111725857067026,0.002438885211995463,0.002612672942751768,0.0027320788007310975,0.002544943880363298,0.0018763188604685869,0.001500801348778452,0.0012206323175798929,0.0012447263700532292,0.0016158798944730518,0.0018513482009922793,0.00213134060557529,0.002325684139584257,0.0023060732027422952,0.0025903941522039888,0.003144543066728849,0.0035203342808426967,0.004278610609204709,0.004982971897389041,0.005399840967874807
2020-08-24,0.0,0.001154064166794373,0.0021245528844347733,0.0030231900120239754,0.0039979896821438895,0.004035597558812106,0.004204378284628796,0.004377501969692702,0.004710549607761449,0.004840766418935902,0.004764735844121307,0.004759492143117062,0.004792701785102658,0.004706179622046983,0.004693943560450568,0.004674715161153022,0.004578567618304376,0.004464926784407961,0.004370507654322626,0.004285697687614308,0.004251596807589619,0.004179893728261423,0.004130048314619597,0.004039095894041875,0.003911398728570482,0.0038624146667498643,0.0037793112164652364,0.0037075742635930002,0.0037303206838759243,0.003832673172814795,0.003888656426838581,0.004106436461993012,0.004284823320601478,0.004496397846768661,0.004623146264877596,0.0049229078998181165,0.0053789325435348884,0.005837368359853727,0.006210947258736566,0.006730932229277177,0.0071059213328253665,0.007230595860542415,0.007322130198405423,0.007443291340693579,0.007607140613673975,0.0077291385921444515,0.007835438981461006,0.007892941039788985,0.008024486344486628,0.007941728072205383,0.007731752671664023,0.0075626947942099435,0.0075086599609029735,0.007330847317432615,0.007194851606318393,0.0072480316184926835,0.007281158721085954,0.007381405109357928,0.007516503908186444,0.007633284290609433,0.007852864196793317,0.008060200956862636,0.008255302174947899,0.008380704289182864,0.00848519403970412,0.00840073233715868,0.008281428912268435,0.007952182126636382,0.0076306699536726735,0.00745810860245523,0.0074546222076750145,0.007254134061954617,0.007050989859824206,0.007003903338332148,0.007032678698255047
2020-08-31,0.0,0.002359760943681769,0.004042754866404039,0.0060363078041221355,0.007817679420548762,0.007738631363113775,0.00735265111302867,0.007719930908692125,0.007923067111364323,0.007688479355769191,0.007224241399125156,0.007135790681426016,0.006481522751118885,0.005870259136153368,0.00565648410247454,0.005334457753165862,0.0049620387425383175,0.004735280985343138,0.004206548183491063,0.003564871063287468,0.0031482431648773407,0.0025110131972654556,0.0020512037793099006,0.0012533003499934242,0.00024324940206927383,-0.000621239645813839,-0.0017318634545101033,-0.0030903014770979624,-0.004228619228461783,-0.005764477157054547,-0.007804165089161826,-0.008399174711933119,-0.009294515026968297,-0.009681937633771965,-0.009307484337688484,-0.008593557902286926,-0.008495929621456432,-0.008086513034365937,-0.007961303037608884,-0.007857692826039198,-0.007886184564084617,-0.008216920800635541,-0.008505432840672046,-0.008656632567590963,-0.009093944437552084,-0.01012748620009588,-0.011211473682807527,-0.012111937798972587,-0.013719881890813461,-0.015185161294741794,-0.016306863475580673,-0.017723623827885948,-0.019034126796552964,-0.019934674829062943,-0.02055443632377561,-0.020341104108753016,-0.02020473522722111,-0.02032449408372843,-0.01966206646336571,-0.019690896526308958,-0.020539571538669924,-0.021507992943244493,-0.02193520121377069,-0.02308642015221448,-0.024441719777768326,-0.025906981999425174,-0.02629386015258167,-0.026362458719074295,-0.02667472960384753,-0.02598786232910932,-0.024843838192132445,-0.0242275567550042,-0.023959040071133784,-0.024131022848710947,-0.025032661354532984
2020-09-07,0.0,-2.0261594808422254e-05,-0.0002528588704160928,-0.0010224012510716583,-0.0020131882489715217,-0.0037571682509162,-0.004648000654208198,-0.005025096261264166,-0.00529959797596711,-0.005351850387007028,-0.00439668256028356,-0.003943761566022572,-0.004168427199936287,-0.0038491340644583104,-0.0037111885155921075,-0.003723567467130433,-0.0038623990624180355,-0.0036625584037288913,-0.0038792016457712933,-0.004010094592331998,-0.004255122712082361,-0.004216197266690923,-0.004084392805936247,-0.003749210068511865,-0.0030995055286201488,-0.002575629630168852,-0.0022347718131448843,-0.0017316449130473427,-0.0015445815774448757,-0.0015869324758197615,-0.0015710506787410608,-0.00179518381829329,-0.00222682573698348,-0.002495261491058666,-0.0028132391558072225,-0.0029996564067456956,-0.0029104191686054703,-0.0028794972310343565,-0.0027681861721656777,-0.002565031264083577,-0.00251645685669277,-0.0025358863365132875,-0.002678969586478201,-0.0026542376847086433,-0.00279822126906206,-0.002919254183536715,-0.0028494596929440398,-0.002452872107473534,-0.002279800770745229,-0.0018428406467757186,-0.001635461751997439,-0.0015860501471426,-0.0016169321140616863,-0.0016434031305060696,-0.0019469875469551223,-0.0019619926553120994,-0.0017501766767113445,-0.0017554715294085842,-0.0013893102934982625,-0.0010920683350341932,-0.0008954256337468361,-0.0008883719054987762,-0.0009642020917685511,-0.0020343733992412394,-0.002979334355242527,-0.0037315254454679623,-0.004383410473207838,-0.004908234529806936,-0.004882562191174862,-0.004099430020831994,-0.00338231820864406,-0.002429028868818729,-0.0011202892945662997,0.0003417424317055624,0.001089997052757228
2020-09-14,0.0,0.0015589322514969453,0.002967800006228814,0.004389429669048236,0.005836754667569838,0.005775264305731711,0.005247677526479029,0.004927004422224114,0.004620969064516069,0.004529053474179943,0.004448403592184049,0.004449270829811294,0.004542928066939152,0.0048931977521648835,0.005036218161421176,0.005235545821220451,0.005547457199330352,0.005701644110553098,0.0055803755021695805,0.005552654898135915,0.005456493096734517,0.00533519475378123,0.005262408685002567,0.0052927368574941696,0.005255476402141264,0.0051861509302886305,0.00517401847857981,0.005297069378479883,0.0056730606917922135,0.006083544132730718,0.006363165252266608,0.006713663330928286,0.006948990631624716,0.0068875686256579145,0.006854693325992275,0.006861614531527754,0.006726642382306861,0.006392594506505635,0.006036788700000929,0.00569731334204517,0.00551453781284079,0.005270207445779623,0.00520954881434092,0.005210415392125604,0.00533519475378123,0.0053880479834074995,0.005503275668675768,0.005472087530561794,0.005124620548343046,0.004804774903643155,0.004367747205260286,0.003873259432455236,0.0033073348467637575,0.003072017334190916,0.0028314325992173993,0.002665508320249221,0.002532575291799982,0.0020310936507711144,0.0009638479433780597,-0.00028663443024227255,-0.0018545577331250387,-0.003528091576479175,-0.004692306831490096,-0.004982040501750929,-0.0055626357639222464,-0.005525845971158572,-0.005263101091420475,-0.004782456650923382,-0.004448155416146251,-0.0035516948010305134,-0.0030762409696523077,-0.0027529915589519292,-0.002760853142668003,-0.0031889660102414398,-0.0038682066680587597
2020-09-21,0.0,0.00029967856441107246,0.00039347253040134135,0.0006695925766473452,0.0006279189643726846,0.000515044209212888,2.258760079814923e-05,-0.00028847114836910655,-0.0008291442038605961,-0.0010474085855018975,-0.0012213585370606129,-0.0013640200797521316,-0.0016259091716542748,-0.0012465837920653039,-0.0008021905532696746,-0.00021547660815470393,0.0002935990222872671,0.0007373084927784707,0.0007121325979150936,0.00036394574917436427,-6.950351038977197e-05,-0.0006170125318934928,-0.0009439227205785629,-0.0014658093525557567,-0.00171728196968775,-0.0017938675079387908,-0.001764276945585468,-0.0018600142841780317,-0.0016111162658095236,-0.001384029118618601,-0.0011161152008887798,-0.0009343573409916699,-0.0007778459449035831,-0.0008778365110942704,-0.001078717343781702,-0.0012561521586974109,-0.0012404948791494153,-0.0010526266438101943,-0.0007517630935944327,-0.0007091625661236818,-0.0010900235251755977,-0.00164331287046288,-0.002161211501860548,-0.0029006609897417935,-0.003355576437347558,-0.003737446839708603,-0.00405142214464183,-0.004540896920070796,-0.0050637914631104265,-0.005775681675161361,-0.006189072574475237,-0.006542294460068526,-0.007153733104981677,-0.00767974695188673,-0.008292757685634877,-0.008923675297334264,-0.009562008078018549,-0.010234100645020852,-0.011241330037298264,-0.012579431030584856,-0.014378400476711448,-0.016122340024617845,-0.017425442165920686,-0.018883394055214463,-0.019624685574803232,-0.01925529960611825,-0.01920924665407156,-0.01935361204223348,-0.018977242884298008,-0.01919153454492205,-0.0200633425117969,-0.02068222025266125,-0.02151360862588774,-0.02246829485309549,-0.023222919631976178
2020-09-28,0.0,0.001170208525514438,0.0024391720718518564,0.004333301469551173,0.006685600540736891,0.007476549114205552,0.008145807912666087,0.008866599092844214,0.00900191363439055,0.008825373805605795,0.009039547537165096,0.009105851443833494,0.008934706713665407,0.008851363858586524,0.008971447056672013,0.008757258737719648,0.009060155979010866,0.009474026932431923,0.010061393728534273,0.01050348196723841,0.011028543374363394,0.011274431346360315,0.011714196490262037,0.011883972743439868,0.011858061389753467,0.011989398224697558,0.01228863882575124,0.012380626149426956,0.012550289305961766,0.012660108528453631,0.012508322678353334,0.012097492474054821,0.011971530281306394,0.011878611828796277,0.01211982454026764,0.012537788792547373,0.012898455100672118,0.013009128575655506,0.013084986382464133,0.012837757994387857,0.012542253279562283,0.012310073521379401,0.012281493825108151,0.01217877879892598,0.012582432765796963,0.013060890996863233,0.013421368722975828,0.013614938030089138,0.013960058524709463,0.013820062760021467,0.013768339621485567,0.013563204280495712,0.01354714843469575,0.013424937159795213,0.013515927996545638,0.013591747369858954,0.014011771748148855,0.014325560166404154,0.014565292344823868,0.014804967065500408,0.014838819830918316,0.014756858532641137,0.014670435540151086,0.014750622071886236,0.014629448829640847,0.014533212558829013,0.014391514526011019,0.014207901047909583,0.013844139860247958,0.014030494842060528,0.014399535705490053,0.014665980544296586,0.014936808218482147,0.01528859648654248,0.015447083417489984
2020-10-05,0.0,0.0018885499536883618,0.003783987746243953,0.005907834323114587,0.008028046687226915,0.00841376639513507,0.008669386242158478,0.008832255655036621,0.008986437357611786,0.00901415289572392,0.009013286796785088,0.008833988165773897,0.00885824300093306,0.00850822337373472,0.008196221436791627,0.007926608035632518,0.00796562411936773,0.008063591130572319,0.008294165860776683,0.008446697364027908,0.008576677442597458,0.00860527079273927,0.008846115656890497,0.009081706301913387,0.009476542610163069,0.009927469679702245,0.010139447646900774,0.009870357727280024,0.009504244568260411,0.009050528373805596,0.008276831263173193,0.007614424552459309,0.0073515945659485635,0.007382825507485747,0.0073620049881693754,0.007574527417675611,0.007917937588072651,0.007922272821249778,0.007783536036789726,0.007663860098274915,0.007630903339274208,0.00725442539868993,0.007018403818974457,0.006851766805210093,0.00631955749461277,0.005673232662622989,0.005352521358711751,0.004728186541940208,0.0041252205051140875,0.003591557733359899,0.003061966368651502,0.0027778922913762496,0.0028789831137227702,0.003160414932623525,0.004012939925402114,0.004723837439486341,0.005221252110952356,0.005760997505039134,0.006205785972891519,0.00644026274339706,0.006529696803854028,0.006713749505954747,0.006975011437281203,0.007095637600027098,0.007156379079968615,0.007296938071159924,0.007235337488451119,0.007008857656553155,0.006620859215831588,0.006135432219424543,0.005883507819735583,0.005628043799236722,0.005302971415618819,0.005183867649582043,0.0052934088632692064
2020-10-12,0.0,0.0015001229196932283,0.0029178123404869985,0.003932198763392658,0.004811335831099249,0.004772149783661838,0.004722122810775024,0.004651246981445959,0.004537835204845763,0.004230057561335746,0.0038837987590439756,0.003475643494121984,0.003251045317265717,0.0031967668142534825,0.0031224422387982707,0.003139144871801783,0.0030773437361445635,0.002761597256224425,0.0024658077425635367,0.002357162506759145,0.002272745367355042,0.002147360225831465,0.0017886719175240365,0.0016648987768064958,0.001567876685803893,0.0011236294913312683,0.0008792512360971734,0.001029902426149948,0.0009746662916609893,0.0008533034622682432,0.0010868091919611672,0.0011144245435881783,0.001111914088589087,0.0007628995072010988,0.00038780321692617894,-0.00034269861668145824,-0.0007995333967098062,-0.0010611547968200135,-0.001045220767057381,-0.0008188172529787,-8.880548254015296e-05,0.0004782410870084594,0.0007135087091990665,0.0008541404977397279,0.0007721076912676725,0.00017842491060132047,-0.0005337894273034491,-0.0009655544264216287,-0.0017398446746127033,-0.0024030398050440935,-0.0031792847341628075,-0.003601263619625074,-0.004246344354880559,-0.003901464554688823,-0.0038922133201745447,-0.003097767505199307,-0.0026852409760360746,-0.0019513477573031655,-0.0014302244184435592,-0.001027609766387439,-0.001147538429942892,-0.0012297356109614013,-0.0017113119689969262,-0.0021914411766227435,-0.0024223546082037446,-0.002433271835883127,-0.002316547653732927,-0.0018825204156983411,-0.001587120263836277,-0.0013446552407446065,-0.0011928299184218317,-0.0009496219198731974,-0.0008137866459268681,-0.0006980896679203147,-0.0004298583167730763
2020-10-19,0.0,0.0011181489100340102,0.0023468397548646294,0.003853948030215831,0.004934012330575584,0.004841939660677513,0.005357099734835859,0.0060652227111118095,0.006557827741258178,0.007379701600809249,0.008127651721801611,0.008275827684395772,0.008312868244655356,0.008324653589747195,0.008258990612530565,0.00810070827861317,0.008376844162794782,0.008604935506370431,0.008555281673526092,0.008349065648463617,0.008200900538382079,0.007886818944475724,0.007262573168506832,0.006885815329573296,0.006610110605055382,0.006230576112200506,0.00598253575628185,0.005958065856577686,0.006060160440970708,0.0060711286605544595,0.006162244603123392,0.005717553944804276,0.005456723023803774,0.005173868283024605,0.005146000650897419,0.005037056091324618,0.0053554111189772395,0.00555802466556801,0.0056272415524900275,0.005736965823946731,0.00588718414715121,0.00603737990820049,0.006190927533575941,0.006340234206807173,0.006303964014111509,0.0061521210194759,0.006050035823807457,0.006049192101083575,0.0061057199497120095,0.006100657884575017,0.006030630021050193,0.006000254965043757,0.005916718803329892,0.005810389958492512,0.005769036798704361,0.005948784013844989,0.006137779100535367,0.0064895185908836125,0.006839448292313297,0.007223808219768433,0.007375488585710059,0.007556632209086297,0.007523776034460256,0.007700681155651029,0.007495973812724088,0.007494288804745643,0.00742604359546967,0.00738981276462938,0.007060304727256163,0.007293752580322342,0.007437839396670076,0.007681307358879039,0.007688046113371866,0.007884292419117611,0.007936505979328004
2020-10-26,0.0,-0.0004606471880660263,-0.0009122706056167013,-0.0011583148990292587,-0.0015816863533170225,-0.0013657781159991023,-0.0013271379799809232,-0.0012129063096302415,-0.0012750601589052936,-0.001417020599221068,-0.0013162182121351303,-0.0013548579262060352,-0.0014825476001492067,-0.001642182624412421,-0.0015699236144808399,-0.0016379813762216397,-0.001725370973386151,-0.0017203290582649532,-0.0016968004571485714,-0.001695119863966315,-0.0017362952100235499,-0.0017354548798914668,-0.0018110874200715796,-0.0020531499961102,-0.002685478659901019,-0.0035151754558606675,-0.004058301119436467,-0.004455938216802851,-0.0052424109274162795,-0.00560593151440185,-0.005744289608992974,-0.006091112616707702,-0.006581595693267274,-0.006477738408281857,-0.0068239713133243585,-0.007183842777205037,-0.007718820666135946,-0.008171197448742581,-0.00856878149647908,-0.008760862756750231,-0.009349182469181466,-0.009612557095702063,-0.010021729856604844,-0.010658271161953335,-0.01153619301204988,-0.011857017584871385,-0.012303627348765108,-0.01251766317340363,-0.01227050685001848,-0.011832400413714084,-0.011832400413714084,-0.011732240242237763,-0.011904555906285199,-0.01215077265977721,-0.012245030289726214,-0.012375816852187931,-0.013059752422383612,-0.013783279012515401,-0.014779728552384281,-0.015706440843045056,-0.016218715631278312,-0.01615647856686974,-0.01581978353650411,-0.0157226318698931,-0.015355415667016493,-0.015069233900463217,-0.014852948457333323,-0.01481378365524681,-0.014360094615120583,-0.014064839163832015,-0.0139482925669671,-0.013703333783459457,-0.013201695797414943,-0.012841351971117661,-0.012597513666140526
2020-11-02,0.0,-0.0005849015689830766,-0.0012010929842309233,-0.001918312473810631,-0.0027970482869396638,-0.0035490190153282053,-0.004248954480893476,-0.0049467915163975435,-0.005536321295014193,-0.0055794923282936745,-0.005756513052701487,-0.005783284768126834,-0.005611440092837985,-0.00528251331061358,-0.005091768078773948,-0.00471901366094214,-0.003854965013506366,-0.003211294397249243,-0.002908128638188361,-0.0025998895248541664,-0.0024535522602389974,-0.002597306916910778,-0.0028211577023563948,-0.002519831779934702,-0.0022220388023776404,-0.001906268572068131,-0.001576838083866801,-0.0013352100428320897,-0.0013756206316157286,-0.0014616060416643337,-0.001518360462719963,-0.0016645609278976923,-0.001783257025601888,-0.0017299280503226967,-0.0019742324892762972,-0.0024199837898090217,-0.0026773708648034737,-0.003207848815475598,-0.0036463944879023148,-0.003959266591700898,-0.004138587294325458,-0.004277410496303027,-0.0037739448489220607,-0.003537817135480276,-0.003367219396779014,-0.0030648676405124814,-0.0026627350406965406,-0.0025757854434292978,-0.002138569400964045,-0.001988858239975481,-0.0017961596243144394,-0.002094686221422723,-0.002096407094146157,-0.0024122373797321513,-0.002195362256782233,-0.0020662922490309508,-0.0018107827707771302,-0.0017256274504320228,-0.0014762242966834982,-0.0011907770324165144,-0.00045002607303608517,0.0007570295963559972,0.002168277284159784,0.0036562453953037167,0.004683175243471561,0.005415319437668058,0.00572868757991447,0.005702221588072072,0.005476805399673835,0.005476805399673835,0.005050595809997603,0.004115544215744123,0.00332682305791842,0.0022736551087365157,0.0012982718849650532
2020-11-09,0.0,0.002895493462574323,0.005768070766042278,0.00829126056199718,0.010958555018319884,0.011407372175494992,0.011491000419053168,0.011350275799611786,0.011383247343965609,0.01156899353559721,0.0115931138865012,0.011353492583503358,0.011183793107998309,0.011088073118655575,0.010744531832194378,0.010490219179171775,0.010442729587633672,0.0101835093560557,0.009898450542627415,0.009741391904260661,0.00947634986051582,0.008852539130569027,0.008573552093593511,0.00864209658363103,0.008450966703037835,0.008053267223880564,0.008044391800532746,0.00784911255462608,0.00733329515223246,0.007110418475596306,0.007310686738833442,0.007292922626860849,0.00744148548335199,0.007611013952431686,0.007505263851123863,0.007195214369910621,0.007024807707324631,0.006917380054293472,0.00683498410941972,0.0068567954614215864,0.007036922883885392,0.0072363983529001325,0.007399502565549146,0.007614242787217798,0.00772482408577273,0.0077619508308350346,0.007795847959509339,0.007933038886723493,0.008113779374537165,0.008332399431095634,0.008663062195190642,0.008867050777375296,0.009163687180706028,0.009410279811736933,0.009731725951531902,0.009842878767437314,0.009978178565418536,0.01006353687711543,0.010231816356715757,0.010546559837342116,0.010771890732690043,0.011001997741509909,0.011062331726334498,0.011236073266925752,0.011392093183104232,0.011740235429661544,0.011982175160520343,0.0121324537588404,0.012100310502773996,0.012188701970965596,0.012243340061924509,0.01257190914652975,0.012990296850267929,0.01349197064520376,0.013757555183486347
2020-11-23,0.0,0.0010888044497346337,0.001965509522580822,0.003097106621193853,0.003937225154413476,0.003286872508750281,0.002823625495303529,0.002416751725569578,0.0017972107321123363,0.0012882642016301261,0.0010530992843577705,0.0006656939133659247,0.0004645565937549881,0.00020511513712834646,0.0005282415118677251,0.0007301424878904813,0.0006548226600656343,0.0005670717886159206,2.1756630333915285e-05,-0.0005712809089115568,-0.0008628765417087249,-0.0010160955210956001,-0.0009235391170403121,-0.0002416858336850903,0.0002711470429925051,0.0007612005587210775,0.0012680872027873251,0.001701802986094443,0.0020500360172283167,0.002171772632844663,0.0022996964183537028,0.0021958080470905507,0.002038404354757338,0.001616471274528935,0.001238597010602312,0.0009366605399326589,0.0006983069641798933,0.00060900679402329,0.0007573183526186395,0.0013169769211728018,0.0018119477024009067,0.0023508613508505453,0.0028786376231672655,0.0033132045213539493,0.0034433054659309226,0.0033155279009418953,0.003460341241059295,0.0031381610698557327,0.003220264911122403,0.003413104969478979,0.003758420336424299,0.0038559542004914745,0.00449123964569419,0.005010929482992652,0.005296952985251996,0.005650117774297669,0.005925916869153555,0.006086571475227373,0.0060193777367316,0.0061908286832597645,0.0061722948628980985,0.006150671638318482,0.006152216169865923,0.006235617331043844,0.006163027823902348,0.006043320850982679,0.006176928350191919,0.0059212822186527694,0.005875707011248577,0.0056779328964543805,0.0053556936321733474,0.005064275206978421,0.004840049384347919,0.004522954650026666,0.004407692868346412
2020-12-07,0.0,0.00045064122939135167,0.0009018325440428322,0.0011548324008212266,0.0016922446608837946,0.0020157570147297994,0.0023730036920927644,0.002839864303589337,0.0031058999013224495,0.00298341207574507,0.0030337616483291437,0.0028270868016133806,0.00236398008407818,0.002158671001062237,0.0019292465207648912,0.0016847198723490828,0.0017697466878262465,0.002022527085450667,0.0021248247974559433,0.0024587239073780476,0.0025993192272892782,0.0025015812596949063,0.002334652795673335,0.0022135746282879254,0.00206765971898516,0.002011995844524297,0.002087968739538224,0.002063898743989864,0.0020142525483452106,0.0019563288714242537,0.0019683652362916066,0.0018532615657492842,0.0018758319571585851,0.001978144676072886,0.002370747797722637,0.0027925115658970342,0.003293735517160377,0.003829248971307694,0.004336708105839675,0.00437348137872879,0.00447703965624215,0.004527314083339977,0.004560328750108668,0.004606847566978541,0.00485216101239811,0.00487691407249647,0.004928668491041711,0.004946669400087993,0.005028419451227253,0.00513340971347686,0.005439318478574072,0.005382342565125934,0.005231640619923473,0.004861912291034548,0.004579086597923801,0.004220375582324764,0.003977159361906998,0.0036099709807576458,0.0035724185575704607,0.003399659245413928,0.003159248803531156,0.0032186055046384116,0.0036655459792322704,0.003932112828830667,0.004031212523204171,0.004181344865145375,0.004489045719303993,0.0047163833305146055,0.004992420252205543,0.005453561949723202,0.006036620445207736,0.006345997995779912,0.006492038883743295,0.006624580611180722,0.006694214140426926
2020-12-14,0.0,0.0009856527015302907,0.0018751567970883417,0.002615683401376513,0.003609074631570251,0.003458066133924784,0.003140505585685416,0.002785985954225404,0.0024335529091687627,0.001960743672245729,0.0015349503305484638,0.0012581243198329516,0.001073531063165017,0.0011865061818072953,0.0013400728038133719,0.0013319520826490501,0.0010476852878586057,0.0008453267018465726,0.0006658284322672226,0.0004220137509035739,0.00034885775309503306,0.00019292155359480393,6.50505065667855e-05,-0.00012198110638673468,-0.000352676965975692,-0.0007380281525186328,-0.0007143554687972028,-0.0006063559598680873,-0.0006855051431749328,-0.0006411216520509203,-0.0006374231167079738,-0.0006529570570733902,-0.0008319846418555003,-0.0008682379310130329,-0.0009999446130238118,-0.000840123020934638,-0.0007898141019664455,-0.0006618337027667237,-0.0006374231167079738,-0.00036598796640855406,-0.0003460215322022516,-0.00015525126339176396,-7.022972886459262e-05,-8.649415892593951e-05,-0.0007017795835008737,-0.0010613643335834558,-0.001281174239605987,-0.0011531309445144931,-0.0010295440074224187,-0.0005952607806125265,-7.170830248448005e-05,8.944335561955207e-05,-7.170830248448005e-05,4.657067933051742e-05,0.0002283973280789588,0.0002453956906935944,0.00040132370842911814,0.0007330517225769407,0.0009383871956659754,0.001117098143738023,0.001330475580806775,0.001564473915835813,0.0016818215494782177,0.0017585697857823487,0.0018537589337011872,0.001927542736861792,0.0020241912826160745,0.0019459878370505167,0.0018943406991389243,0.0020264044986883683,0.002140009678026278,0.0021702530374906083,0.0022329497715644305,0.0023332563705690513,0.0022690908086465153
2020-12-21,0.0,-0.0009426227372145928,-0.0018744721248285245,-0.0025839591182225618,-0.0029932550291899627,-0.002362235934332124,-0.0017155810385028638,-0.0009375250899608894,-0.00030998478703191427,0.0002226058423583557,0.0005026114442997612,0.0007047485724886788,0.0007301945958400665,0.0009591796731925312,0.001103813065951807,0.0011118072665227071,0.0013617754768092266,0.001402462062956086,0.0013225404151907417,0.0011314291242553573,0.0009751703230238049,0.0005709645418852014,0.00018332605900325924,-0.00031216811925530684,-0.00048612223874923573,-0.0005800263685252768,-0.0006193376923756647,-0.000642634020948123,-0.0007307281696241682,-0.0009462639297343266,-0.0010555058708829606,-0.0011057611714621377,-0.0009848613855842606,-0.000682675853748127,-0.0005152388551674877,-0.0005217902106976549,-0.0006164256894635086,-0.0007452899333453362,-0.0010118076623568514,-0.0013476046023303595,-0.0016492624109971901,-0.0020559887073041106,-0.0024884079025160686,-0.003126804913006719,-0.003737128600610445,-0.004425284457805914,-0.005100019953107952,-0.005576922378549856,-0.005887177331580617,-0.005866685828235335,-0.005587165109320417,-0.005693988411242362,-0.006441338956710857,-0.006900566751651423,-0.007638556046558984,-0.008790232706793771,-0.009975569917547254,-0.01056876582373407,-0.011064468153609447,-0.011618562857638393,-0.012788836282050077,-0.01401434018604466,-0.016307156788727566,-0.020971029044771293,-0.024172403412659322,-0.026587275895059197,-0.028420229403206647,-0.03050404663603684,-0.03162079832590749,-0.03171241529794053,-0.031721427256810014,-0.03213305994205064,-0.031357258595392665,-0.02993714214425835,-0.03111030006853252
2020-12-28,0.0,0.0013633257381630898,0.003038439033267705,0.0046196455154511535,0.006008464375732676,0.005872702444180796,0.005870535880967566,0.005466750988087913,0.005247092887926507,0.005058466345155381,0.0049840177256913155,0.004986909037660207,0.005080149366844535,0.005143027471155285,0.005319354167401795,0.0053359735230985444,0.004969561040449817,0.004733887598888368,0.004521300104595404,0.0045372095768063505,0.004435963161023836,0.004670983762565047,0.004804017096287561,0.004775821291604448,0.004757746639676489,0.004812692568558462,0.004778713205595976,0.00475268567859284,0.004791003746759476,0.004843056128818412,0.004910286445812957,0.005091713452840976,0.005233362654494314,0.005406060810702366,0.005430626326210668,0.005611236587098373,0.005755701313036333,0.0060351813087460085,0.006266938800478011,0.006440180345099822,0.006554214647896314,0.006604010359196716,0.006658133320082281,0.006805332955523984,0.006995073066250611,0.0069856951232445995,0.00705927354489086,0.007085241107079135,0.0070015654368135935,0.006801725380337677,0.0067230770067130815,0.006718025982347172,0.006649473843186969,0.006517407528384938,0.006616278487069704,0.0067360652379326,0.006829864121650216,0.006877481726320682,0.007069372121424467,0.00712130604705671,0.0070405187750475625,0.006848622842652369,0.006899846788342945,0.006951789518609082,0.006987859271744319,0.007350648628180392,0.00761166014300986,0.007722677538252049,0.007714027274887693,0.007858188562785928,0.007880531702235785,0.007830078742762514,0.007740698679935189,0.007812779999227398,0.007898549999456588
2021-01-04,0.0,0.001097618719427504,0.0023689507833438124,0.0034938019018265587,0.004613842221120051,0.004634414243949983,0.004539353770519901,0.004467697739303838,0.004461312299242488,0.004464150277636799,0.0044570553165490445,0.004474083138591826,0.004382555185784626,0.004167537971160692,0.004110760033916195,0.003967381394106686,0.003909172317023772,0.003833921415574602,0.0034888306127962205,0.003151435393007304,0.002594306581646565,0.0012584920484001846,-2.9219813173450006e-05,-0.0006587221029855351,-0.0014513319674918134,-0.001922486941217316,-0.0014791667729193748,-0.0007371703118748556,-0.0003906183223999143,0.0002579525281893498,0.0007914608136052745,0.0010655833295734702,0.0008939985514991646,0.0008569722478663124,0.0007729459347632065,0.0009473994595407457,0.0011616864205008929,0.0014414006298491642,0.001612179996132044,0.0018882116305404975,0.0019956157200367716,0.0022978500876647038,0.0026525922439587933,0.003039892358416823,0.00324520717103864,0.003344652479397604,0.003422781141718379,0.003490250983612349,0.0035477743063174138,0.0034838592990520446,0.0037387848128310214,0.0039609927584957705,0.004022747859788471,0.004320112705577416,0.004659951338709474,0.004879827116874018,0.005142905238765379,0.005154958373236518,0.005081219276308505,0.004982655646137381,0.004445703274103617,0.004180312562781949,0.004354882294962727,0.004544319839851144,0.004767058160133323,0.005336446834329775,0.005612869865388585,0.005705702511933105,0.005758847094617222,0.006023819263462704,0.006337585864059783,0.0065124874823456035,0.0068048659977933655,0.007202590058972437,0.007382292460959238
2021-01-11,0.0,0.001133346418439513,0.0025063898217782188,0.0039295565901636045,0.0054988658031433985,0.006033877040412763,0.006048407634752471,0.006063629935700397,0.006320990127235383,0.006393620132382529,0.006193701966730235,0.006258039855508072,0.00581243233425066,0.004995430905442209,0.004137553662314596,0.0036133181603980355,0.0033177945090713343,0.003405212008861485,0.003750644500013812,0.004208956014948459,0.004490356420469384,0.004715558314918863,0.0050882426369117505,0.005168580165384837,0.005096553715024837,0.005005128056488557,0.004890141498013425,0.004541637618853065,0.004271342246743146,0.004039107107275158,0.003894192785014433,0.003446142973245857,0.003107544946230028,0.0031436305217884056,0.003491234469101474,0.0037922548193789485,0.004247774572164765,0.004617861567623003,0.0046351843820817504,0.004562426544731558,0.004660821596786928,0.004891526956929592,0.004981577669395336,0.005112483088339472,0.005170657774472186,0.0049545633071040145,0.004727336710639015,0.004794540196931761,0.004883214174641326,0.005106942465531909,0.005448326013952767,0.005775750820795157,0.006121057439546713,0.006383244740322215,0.006567910625277304,0.006561686487865048,0.006564452775942135,0.006301621234921008,0.006354193069849167,0.006307155242434812,0.006489760311754508,0.006498059749951738,0.006742170746289618,0.00678365677587526,0.007031845569316636,0.007174232499819384,0.007387083886817742,0.007664828272570306,0.007735979222102829,0.007740123781574148,0.007826464864130802,0.00803503416238139,0.00801362673448641,0.008220085725317676,0.00826289128452354
2021-01-18,0.0,-0.000249418544314597,-0.001097907224847621,-0.002535880652209941,-0.0039112451685483504,-0.0047705044703679565,-0.0053602373565725895,-0.005737793264757213,-0.005997707006912283,-0.005936380785543019,-0.006404785437168232,-0.006859459275802282,-0.007401572294872348,-0.007651447881862002,-0.008195387420928783,-0.008694200479773524,-0.009475055930124224,-0.009566673387440104,-0.00941071891603876,-0.009442886905674958,-0.009514918983058859,-0.009210041997860586,-0.008970261420406562,-0.00876128676184194,-0.008210054842385763,-0.007578153878290841,-0.0076402789248610015,-0.008045233338114173,-0.00857191935671718,-0.00932680729171214,-0.009899644140155386,-0.010011591983772074,-0.0103839087008242,-0.010560317645215244,-0.01049451066965204,-0.010402108183959405,-0.010148045364686192,-0.009674387087328122,-0.009279959697764514,-0.009116359943498391,-0.009119156295657136,-0.009133138173745168,-0.008936011745163492,-0.008920634721511925,-0.008697694445868806,-0.008585893585444784,-0.008541875426200241,-0.008587291019057851,-0.008509736406772913,-0.008555150540008325,-0.008578207735478767,-0.008677429612446861,-0.008265234212020947,-0.0078804389954942,-0.0073715635050860895,-0.006676030688117097,-0.005875755149869875,-0.005570592251129512,-0.005136696715640091,-0.004406533677267509,-0.0038736911585754838,-0.0037610375897372495,-0.00393836838619828,-0.00434530495596835,-0.005339343590923335,-0.00606530958601122,-0.006725546116890653,-0.007444144448572614,-0.007847623025704154,-0.007792466694144794,-0.00815138644731273,-0.008676032052865391,-0.009121253564907724,-0.010143146715978392,-0.011605408649937633
2021-01-25,0.0,0.0012538663965462585,0.002189941037219924,0.003120289742424985,0.0036516281561790116,0.0018888828918780802,-0.0003170151658518041,-0.0017295096428680049,-0.0031760778151773005,-0.00372780196710377,-0.0031342401078217406,-0.0019934428268249724,-0.0011176476456412877,-1.7377613810789593e-05,0.0004795029939197198,0.0013524418425931075,0.001940221796650271,0.0014218553402144726,0.0009587761749098483,0.000870579372368601,0.0003787569520248129,0.0001174647494155614,0.0006059422830824624,0.0009907195545776257,0.0005385562999667959,8.479842307806891e-05,-0.00035317240255279997,-0.0010000515463561741,-0.001705139379184006,-0.0018200329652192759,-0.0018945467713738131,-0.0022602323715112315,-0.002698534706094493,-0.0030401116656581712,-0.0030164066398429873,-0.002938323470072924,-0.0027194442285008716,-0.002305517036145897,-0.0020435910426733796,-0.0017058356641901928,-0.0013403527057246063,-0.0010292753211515655,-0.0009784821651357292,-0.0006876888329673003,-0.0005972679515245967,-0.0005708387764958683,-0.0004581748660348838,4.518038268556581e-05,0.00035374256875319525,0.0004551859130798391,0.00068304850736452,0.000611499687246739,0.00025854322159603793,-0.00032257773255912176,-0.0010237088220132432,-0.0016104491345757053,-0.0019495652008203763,-0.0025131560627165137,-0.003126570051338681,-0.003501076946259258,-0.004058563873884274,-0.005170278752541206,-0.005991590401885203,-0.006515485155090709,-0.006916460517273454,-0.007226574397354797,-0.007090056438205379,-0.006916460517273454,-0.007012354538354745,-0.007393921832375815,-0.008182722308166596,-0.0089020116308818,-0.009692003056430485,-0.010298601092213647,-0.010479106951593804
2021-02-01,0.0,0.0014558765552456893,0.0028753086845907617,0.004127880050023146,0.004426192761997862,0.0036112749801822373,0.002992164901912809,0.003014073922514564,0.003318559612396893,0.0040994299356552424,0.00511437938103827,0.006046757968039135,0.0065337257660898155,0.006856056797025696,0.00677748454215804,0.006558468172173762,0.00656501753013649,0.0069520811698311645,0.007158647807580752,0.0077119488512655005,0.00830780461948423,0.008399331483772579,0.008169772077003567,0.008136350806977739,0.008450902455428254,0.009052125395815942,0.01044560109493543,0.01155116517919891,0.012705413792080537,0.013598228070483621,0.014747230547257104,0.015471629324368368,0.016063601521126174,0.01678416647520311,0.017211936381848404,0.015882658171399944,0.01465122998128535,0.014007860580948332,0.013630022137424588,0.013476100551135574,0.013981857155717854,0.014425267464834078,0.014947863624674582,0.01669988719089317,0.019769693106881023,0.023464962318918803,0.026526942251531464,0.028750033091086036,0.030355136197475187,0.030801291067501905,0.031541838033951254,0.03271649953174127,0.03440867735137405,0.03564713066681947,0.03693911640370707,0.0373710541097616,0.03759894603635342,0.03794738620586048,0.03744232001452475,0.036592443209616785,0.03644272231168966,0.03702947174733427,0.03754674008810887,0.039000432630866035,0.04061801720811917,0.04217681139118632,0.043034587053331436,0.04390845243409134,0.044132056077589445,0.044384338711160536,0.044182517696282834,0.04430866060374984,0.04453637833704344,0.044806069185405875,0.045599309114854325
2021-02-08,0.0,0.002289668658057516,0.004442377192046442,0.006488213122154601,0.008425171072893327,0.008567641368905808,0.00876706568919693,0.008731953992592838,0.008802176153013068,0.009025396871206983,0.00920618899949364,0.009180363553680477,0.009276377867170735,0.009414754693974016,0.009625924519318964,0.009842343865405837,0.010081872748970044,0.010381533895977553,0.010567371300687958,0.010517112633867778,0.010349785974471795,0.01025982805619601,0.010239983308273378,0.010206907853234677,0.010212199999557288,0.01010502857744202,0.009981965741799898,0.009904547488323517,0.010052761803848159,0.01002431165231622,0.010070625438813867,0.010243290793608762,0.010167877409152605,0.009936971247001254,0.009734470963404247,0.009495520833674565,0.008926046621756238,0.008340341907515002,0.007864369868183337,0.007852434510082733,0.008076530238350593,0.008571616993029083,0.009143941919623092,0.00959680029789326,0.009679537345373116,0.009710644704483294,0.00968152295039843,0.00984896145602064,0.009944249905478283,0.010116937080444031,0.01020624633297509,0.010309438203134964,0.010188385120548888,0.01014472303596851,0.010175815927970532,0.010244613784679963,0.010585225745304454,0.010961417505720277,0.011453757010511692,0.011699505626770251,0.01216045168377218,0.01206867564233858,0.012029717797692945,0.011972929068259268,0.011982173964911318,0.011636752985441383,0.01151189654541184,0.011194730736398642,0.01077036415663162,0.010353754519781653,0.010082534351510367,0.009931677643923496,0.009862858253768338,0.01002431165231622,0.010316714151066914
2021-02-15,0.0,0.0017124372871552666,0.0034475282041711106,0.005080736963151533,0.006657017575588077,0.0065628638669740684,0.006367989838029963,0.006154761992805142,0.006088691378994784,0.0061011208377282355,0.006018691015880252,0.006174386086744984,0.006222136440057557,0.006349023559092244,0.006471317039399981,0.006753777428170294,0.006972106479678848,0.007191041339590305,0.007445207061581972,0.0076163568291511595,0.007734576776520962,0.007740454751715221,0.007717595765209939,0.007669916768941804,0.007658159954724684,0.007563447242803601,0.007564753686051067,0.007579124449125698,0.007499429432765691,0.007479831324635785,0.007498122904172952,0.007454353209845114,0.007438020743547553,0.0072707609357547,0.007134188237208982,0.007102819624640038,0.006991714540683838,0.006896938683880232,0.007068835850581899,0.00726422678173153,0.007384448381646787,0.007633992735857743,0.007690817430709765,0.0077247800744173764,0.00777049719646723,0.007872373550008777,0.007953344786980038,0.008110697552290064,0.008160966868529981,0.008132894704788035,0.007941591304521094,0.007772456454992283,0.007659466274241308,0.0075588746779965315,0.007563447242803601,0.007617663203277127,0.007657506794326556,0.007583696921340746,0.0075445036239122,0.007345900638465524,0.007008707882562358,0.006834185587876607,0.006649171771785576,0.006517745406486615,0.006513821965890951,0.006774043508733767,0.0067897330954899285,0.006930274664485715,0.006988446557215987,0.006982564160060746,0.006929621028488295,0.0071773184728832025,0.007372034863848401,0.007726739422516051,0.008241261962836687
2021-02-22,0.0,-0.0007998812946386011,-0.0008339187926188661,-0.0009126766609375419,-0.0013225846910607391,-0.001015471684413979,-0.0005429689327046471,-0.0013272588784949428,-0.00223646979487564,-0.0028481971279776274,-0.004080810544603549,-0.0054678104922393075,-0.006220409408657273,-0.0068869523677951485,-0.007383960256272484,-0.007336935417071839,-0.006835922298987555,-0.006518385788851672,-0.006141232419864354,-0.005816538142834227,-0.00570654167736594,-0.006203634099496319,-0.006794965838049653,-0.007433674633747829,-0.00844596674156982,-0.009427644965216137,-0.010235105975353822,-0.010700753056306404,-0.011064796122576272,-0.011435717008730448,-0.011627975599149711,-0.011823645096451382,-0.012184722081649299,-0.012412908969049584,-0.012715438128617473,-0.013035624460882706,-0.013476893010359979,-0.013952167104733314,-0.014075247856682328,-0.01393931888848832,-0.013852766786097235,-0.01327954824300534,-0.01314440306309034,-0.013580987788072995,-0.01404481439285458,-0.014458788878457706,-0.014986651938676987,-0.015027945286967648,-0.014849245369005315,-0.014738250892220162,-0.01474637202157156,-0.015226312515456256,-0.01562519713372049,-0.016493270096869014,-0.017273212990332545,-0.01827378667264994,-0.01872688567030342,-0.01908910491612462,-0.01891783293580177,-0.01901298041446553,-0.01917611144302851,-0.019494973495741166,-0.01976972511588574,-0.02003366656595316,-0.01982550075092627,-0.019085706377292424,-0.018038147663728854,-0.017254215849401674,-0.016991685181157578,-0.017247431243672093,-0.017779484043460515,-0.018834246549732904,-0.020252083168932834,-0.021380988924433877,-0.02225339306643308
2021-03-01,0.0,0.002154164244642881,0.00455958060227262,0.0072137465853726835,0.010085417652595215,0.01060300773485471,0.011318079048143307,0.012330674778602464,0.013235777475230975,0.013406664440023005,0.013325971456776461,0.013037729065312378,0.012995672641865935,0.01341683536237305,0.013938803805302286,0.014661652878189064,0.015445559943438955,0.016090908047921425,0.016310664268160364,0.016251841951767956,0.01631945351255931,0.0162119489866166,0.016056418841518004,0.016060476456952088,0.016013812885401782,0.015407664930215028,0.014793700988586029,0.014082466777637949,0.013325971456776461,0.01219965877647358,0.011510354142078948,0.010970803138702996,0.010347986969682107,0.009705046047410175,0.009666932867595623,0.00982141837501871,0.009736352215612526,0.009360613496626872,0.008823988121799683,0.008221644140655224,0.007428640801963686,0.0069462581635696555,0.007295616494133475,0.008000102901210684,0.008626426575626168,0.009553945977357967,0.010526168323406882,0.01106324059904958,0.01134593744729939,0.01172093108291613,0.011957946912132788,0.012238354407843469,0.012728369511742275,0.013299524440489959,0.013664295926727197,0.013834431910525387,0.01344260123601721,0.01337547296641307,0.013339533757919395,0.013377507222609435,0.013382931885568343,0.013536844434389317,0.013127940910595904,0.01305197358193689,0.013200511450718662,0.0133544520767336,0.013376151052271731,0.01306621789565804,0.012732440653588995,0.012350359637586598,0.012135841657305984,0.0124725328549258,0.013526674732575192,0.014209171232214355,0.01489864987011354
2021-03-08,0.0,0.0011034489402747165,0.002385604256693693,0.003457139127993062,0.004607976039744674,0.004485637810291576,0.004645206443426193,0.005109140559810828,0.005861744735188804,0.006582597523266869,0.007434869642650009,0.007967750879083751,0.00787829438685177,0.007757018364132417,0.007304257159424846,0.006778319570719832,0.0061870557254031094,0.005039364795829401,0.003876383376512998,0.0031309387075640293,0.0024822160157525848,0.0017490659370911171,0.0021163746648695052,0.0025321839530032895,0.002901869108692805,0.003180874240801047,0.003600899814618225,0.004006779081090743,0.004071970557793821,0.003743309005708461,0.003568954781369198,0.003614875445776144,0.0034078830282143866,0.0032381305834548206,0.0030310601597951328,0.002974457887631652,0.002813956376674828,0.0026667518470389656,0.0025528366378029135,0.002872565723417141,0.0028865515371402023,0.0024522340548965866,0.001993064636975282,0.0013889591015062961,0.0007617969562041454,0.00037062227904167955,0.00043605122589946246,0.00077981667578428,0.0012875723034479207,0.001495004029306735,0.0014996724154956185,0.0015530238527624366,0.00089326671150922,0.00039399025150061497,-0.00011087948146490353,-0.0005197703239982534,-0.0008399175811024492,-0.0006774918629389706,-0.0005144242670494124,-0.0001242392850224422,0.0005542130683735941,0.0015536907277165968,0.002337628052881524,0.002986444518542689,0.00349707472519208,0.003808517660117627,0.0035330153991234483,0.0030030923786771614,0.0025594987032030473,0.0016650526069266743,0.0003973284887043767,-0.0003553921442301712,-0.000513087757277866,-0.0008265482128650589,-0.0007416568954244046
2021-03-15,0.0,-0.0013741611916655693,-0.002881778144828312,-0.004813833268544391,-0.007111079293167964,-0.009101061560664196,-0.009867495040497224,-0.010304759681366195,-0.010174232985780353,-0.010282555484166418,-0.0098567340139759,-0.00985135354413981,-0.009880273909896986,-0.009712143951768767,-0.009237497524185947,-0.009002946709760448,-0.008877293117733373,-0.009054691013614568,-0.009401514157453586,-0.009582366956206583,-0.010057849837525291,-0.01103104138336233,-0.011655432462394968,-0.01251823190899339,-0.0134978720708115,-0.013990753655526059,-0.013914442393331118,-0.014159604578123463,-0.014197431093569518,-0.013998857848432794,-0.014195404636825785,-0.014335915366537314,-0.014108270881390324,-0.01383611122531934,-0.013466821914005772,-0.012976897079998785,-0.012916853936620972,-0.013147601214725647,-0.013406074395523172,-0.014025196928977506,-0.014696064254492255,-0.015192241536508019,-0.015374144738134025,-0.015821943395862462,-0.01599110382598739,-0.016070280738041228,-0.016313264416351416,-0.016666677530843863,-0.016770965033977212,-0.01667277195583322,-0.01652922425543069,-0.016242867526781838,-0.01565889982532065,-0.015125980190918752,-0.014741345432026844,-0.014141367305122042,-0.013596428955089796,-0.013871224438425034,-0.014114349734243182,-0.01420013304228248,-0.014407529391296314,-0.014402800005086211,-0.013912416509969919,-0.013539048765753159,-0.012956657415382775,-0.012280213649239704,-0.011709335624030467,-0.010987947860985413,-0.00996973056837381,-0.008869902221637608,-0.007560560317877475,-0.006681912868584866,-0.00614772392659566,-0.005913896618051613,-0.0060586085043088005
2021-03-22,0.0,-0.000882744243289773,-0.001555348761223134,-0.0018383995333034965,-0.0021126813912783113,-0.0014859591179395772,-0.0007005592189386419,0.00021258481823740446,0.0004319141128526258,0.0004074711244244831,0.0005819538125524819,0.00047197216308336715,0.0001521419759249563,-9.71384573613952e-05,-0.00033289129300754795,-0.0008616689047323177,-0.0011914468719574243,-0.001694142494228554,-0.0022093445386648174,-0.002576341131894462,-0.002916222462774133,-0.003616101494734023,-0.0037190461552524924,-0.0034838570194973147,-0.0031805787839286467,-0.0029959307984348147,-0.002815403925156985,-0.0028535502845684372,-0.0028644495116771037,-0.0029121350270745997,-0.0026941626596583296,-0.0021399095015810702,-0.0017179570806638165,-0.0016614834121770783,-0.001513850454654163,-0.0017111528552398016,-0.002503475805032341,-0.0033080125909270763,-0.004027943737704089,-0.00489377448948384,-0.005617580923356295,-0.006104054640822805,-0.00624553172330921,-0.006373356733095719,-0.006576406514147568,-0.006865669821336261,-0.006899183272373285,-0.007057190385758119,-0.0073240123124408115,-0.007422549176940664,-0.007135861245052142,-0.00699767828238108,-0.006492993870383205,-0.005583427334664641,-0.004690383594006063,-0.0039604281707368676,-0.003453184253264725,-0.0032862045845255604,-0.0028978291336933973,-0.0026614709020647983,-0.0028344769229697304,-0.0025960905929562042,-0.0022263636657813743,-0.0023243994775249363,-0.0025606780435622097,-0.0025484201455599135,-0.0029141787428360304,-0.003344814680199582,-0.0033502669567635987,-0.0028072298945969634,-0.0018731059830924199,-0.0004653992717105204,0.0004488880588642884,0.0011852798607066939,0.0015990501413536203
2021-04-05,0.0,-0.00140256683920333,-0.002654473122573293,-0.004014110095469575,-0.005441960591076721,-0.00520700335458257,-0.005329553411525308,-0.005819903879699403,-0.007118733014785694,-0.009098011336627273,-0.011377502289482656,-0.013920325100087607,-0.01741222012594091,-0.0189705365819292,-0.01970732953353408,-0.020987879815801726,-0.02153551817352925,-0.02089228024998483,-0.021126824974646276,-0.02133390284182383,-0.021053910751319044,-0.0213937639022564,-0.021866585773191626,-0.022730217432206216,-0.02349185125275504,-0.024000849427074894,-0.024260276068057782,-0.024328593745283397,-0.023694591837218316,-0.023200225159460377,-0.022987247073686646,-0.022546271628872648,-0.02223357253032802,-0.02218674496044995,-0.022087587932821,-0.02180256623413107,-0.02148734699241063,-0.02104772016589249,-0.0205532849586354,-0.020007558348617848,-0.01933096856871173,-0.018727575753019955,-0.01835226926833431,-0.01808819831470726,-0.017988075355400476,-0.018479185314912043,-0.0188826795253037,-0.018914252266499804,-0.01882708646920532,-0.018390685398723315,-0.017702848460958973,-0.017127157410213457,-0.01665999475719314,-0.016060948626078295,-0.015863171056763256,-0.01530289962173035,-0.015055358280378713,-0.014781219636290723,-0.014811296016627914,-0.014539274395383116,-0.014558409175306418,-0.014250247079606622,-0.013803546509090008,-0.013288790617627746,-0.01304242964432724,-0.01285479926198306,-0.012863668269135313,-0.013028100264424154,-0.013155024774536108,-0.013585732831783385,-0.01384725151939844,-0.01400638121009042,-0.014170318100219582,-0.01425912847168965,-0.014045996829304828
2021-04-12,0.0,-0.004863594807259187,-0.010122117399727239,-0.01603268507643808,-0.021270230499335317,-0.02186356114850743,-0.021740440297628456,-0.021328994634287196,-0.01999072024172255,-0.019812602982103494,-0.01982295776813749,-0.020215828515609234,-0.020884546956882483,-0.02184488453850544,-0.022322285163488446,-0.023063053117542164,-0.023779419769927035,-0.02410590398495872,-0.023896553649580134,-0.02361933588840343,-0.023146164128967882,-0.022455167619462507,-0.022088399568460048,-0.022405334629182053,-0.022758371825663138,-0.02337960449727062,-0.024141262175565975,-0.024904194257521432,-0.025355291507162384,-0.026162221986182954,-0.026744560738937006,-0.027383577717577347,-0.02794644550547488,-0.028977683900996233,-0.030083913017152616,-0.030907931994584532,-0.031456025846159814,-0.031639721944880496,-0.031333813296035865,-0.030944927602233024,-0.03064062705144589,-0.030023934762739013,-0.02984332430587894,-0.030116693350908236,-0.030185047290423473,-0.030383858261956036,-0.030968661354212158,-0.031300294749452826,-0.03132054540367191,-0.03149932759017933,-0.031601303620312854,-0.03142948699432687,-0.031408535766688755,-0.031534249717331486,-0.03147278758915796,-0.03161457523829442,-0.03177314977232505,-0.03152866209503244,-0.031246527760904457,-0.03111666098587957,-0.03091212010788146,-0.03071111045245965,-0.030724370261316213,-0.03129610501012447,-0.031766163580533045,-0.03233430034835786,-0.03324972823842445,-0.034123277802812685,-0.034557536627892654,-0.03441463064857543,-0.03443564495301317,-0.03392302195078637,-0.03313778987157244,-0.03206731273583571,-0.03129191528834984
2021-04-19,0.0,-0.004865394299392519,-0.009714284285033778,-0.014701989045513814,-0.019840300847868943,-0.02048401133797281,-0.02112673115358477,-0.02170307168838527,-0.021657374034600246,-0.021253919218877825,-0.02040958087144213,-0.019462831418059715,-0.019018890831478806,-0.01870831973922491,-0.018378224628888953,-0.017814301474216556,-0.017287093357983552,-0.016686708757936854,-0.016198549751080878,-0.015554097331581225,-0.015346590980758208,-0.015542218701829981,-0.015262762242820572,-0.015214563900345193,-0.01575116342343403,-0.016370567137847677,-0.016843417757341814,-0.017674945878076068,-0.018331277275432212,-0.01839994728453344,-0.01838032680074769,-0.01825630622158087,-0.018016016331339875,-0.017758276789726,-0.01751460592903432,-0.017629431925766176,-0.017735867794754445,-0.01764133537479063,-0.017558014206999706,-0.017843015341580785,-0.017784187816164664,-0.017825506787776325,-0.01788643787788391,-0.01795367649304591,-0.01753981050618678,-0.01702114428566297,-0.01649645226783298,-0.015981822003627903,-0.015370343734157459,-0.014868861277279622,-0.01463845923866843,-0.014263645724940809,-0.014172929865094473,-0.014184792240605046,-0.014326453833627757,-0.014318777075397126,-0.014128970523989112,-0.013554188109341048,-0.012974857237704524,-0.01265222275364192,-0.012589519708970529,-0.012712839434325903,-0.012953252109064383,-0.013217424267204009,-0.013374287723464546,-0.01356255635686256,-0.013985941596667982,-0.014306913110410964,-0.014569348977407637,-0.014312496135224015,-0.013720171431885173,-0.01306407045386543,-0.012496865740475654,-0.011972452846286247,-0.011946691969189707
2021-04-26,0.0,0.0020708908264610265,0.004025190281296946,0.006487604413173104,0.009168168418341968,0.009890090790296128,0.010303565096691681,0.010957883310150863,0.011247712743084805,0.011571176088561456,0.012008717416022285,0.012049985019240095,0.011828495591359352,0.011612461751639332,0.011386745980511774,0.011063911421469586,0.011090072473035123,0.011116232840217944,0.010921390515580278,0.010643175250923877,0.01050610511453806,0.010657638842791847,0.010815347291160888,0.011134131644509517,0.011413586805132325,0.011568423650417313,0.011324114587916809,0.01118782613526112,0.011019160667670046,0.010838760398921591,0.010790556344262497,0.010698962238313547,0.010561899748968458,0.010461329390963447,0.010402773496417633,0.010354548420333093,0.010251201139618315,0.010031380406330346,0.009672258906016284,0.009240591027056554,0.008979845085248689,0.008961217773262501,0.009057110230290436,0.009219899388340235,0.009604693807362891,0.009869412586569723,0.009876994644250625,0.00976325774239699,0.009485409581525937,0.009133679618231492,0.008846686674494177,0.008420184455462647,0.008177866737089257,0.007980379246865522,0.007834655429154668,0.007941015190456585,0.008263478564829738,0.008583077322702588,0.00876871522925401,0.008917062758798024,0.008614824537577503,0.008266240114666767,0.007760749453408467,0.007388373653532247,0.007040052605821359,0.006894191685678265,0.007071157632638263,0.007254312056865297,0.0073593515331465045,0.007588050647295086,0.00784570632058195,0.007800120606307966,0.007897505746310571,0.008272453573916917,0.008427777509198868
2021-05-03,0.0,-0.0017749471078549264,-0.003113726888989118,-0.004518314245583676,-0.005881452222084606,-0.005003017529230146,-0.004311147728733244,-0.003976055559770349,-0.003541359967080211,-0.0032422725938664075,-0.0034052125536019593,-0.003530357467449696,-0.0038040805989006934,-0.00409645563215578,-0.004254029626029689,-0.0041989791206176455,-0.003907949938244092,-0.003317895433925125,-0.002592839141575222,-0.0021697316996308427,-0.0019424540556658978,-0.0022631296332695054,-0.0026113885312150035,-0.0030511785385783554,-0.0031817784390957807,-0.003283520706771106,-0.00314534622517824,-0.0032498346205308637,-0.003247772243951194,-0.0034526557601389993,-0.0036472652163659263,-0.0037270454082245527,-0.003473283943326312,-0.003261521501491583,-0.002886234619136927,-0.0023812630431147707,-0.0021388298921817383,-0.0022397793320495466,-0.002415606768862921,-0.0025104015725300882,-0.0028882962502238684,-0.003134348081802189,-0.0032037758901419544,-0.003036057546586065,-0.002833320875741729,-0.0025035320818615936,-0.0021786590662328698,-0.0015704070032107483,-0.0015628576657165235,-0.0017049320271271544,-0.001903320822449149,-0.0020543698237189384,-0.002612075552254035,-0.0027096373322979747,-0.0029357149383501444,-0.0027824713449895342,-0.0026519235801253753,-0.0024087379293534564,-0.002259695731247663,-0.0020475034650312245,-0.001833296753363037,-0.0015882511183936156,-0.001009166220992085,0.00022130449842044822,0.0014365782060669929,0.00259638554548244,0.0036162595124407545,0.0042639847330643785,0.004192339251253636,0.00408793235907571,0.0038681645885676277,0.003457847672736197,0.0030418971600684468,0.0028191661628500795,0.00287587845559637
2021-05-10,0.0,0.0015353941604612088,0.003173912680003604,0.004605836633281044,0.006087962410662116,0.005882968737281706,0.00561158895032781,0.005122249173864444,0.00488889055895561,0.004710482016334946,0.004666210306084866,0.004653465056457234,0.005122919666136426,0.0055707080815298425,0.005868899002988363,0.006242014964320996,0.006479745157744063,0.006435551708277586,0.006539336262349707,0.006554066100382183,0.0062862169674824595,0.006131501407711299,0.006165661447501155,0.006113416208336625,0.006207187767491531,0.006458318274638366,0.0066176697279528695,0.006662524590679383,0.00680310142451811,0.006841254584022712,0.006821843509334681,0.006776326408284106,0.006690641538439143,0.006669888629600236,0.006647126879515292,0.006697335933289482,0.006708716301685489,0.006797077108369963,0.006814480589334362,0.0068686971846458654,0.007042705904260286,0.007306338345959652,0.007503682627746875,0.0076240769594597396,0.007782574059528601,0.00783205745952973,0.007852117599830897,0.007587291340358432,0.007212000711496222,0.006898816245294908,0.006625703582616458,0.0064154631310436045,0.006538666719102159,0.006931611524116159,0.007153787943814071,0.0073377822465313415,0.007511709367492583,0.0076240769594597396,0.007639459635289738,0.00761270700349794,0.007731081976090751,0.007730413230293272,0.007624745776372689,0.007464216886847662,0.007432776961685409,0.00729028150474141,0.007144420055463144,0.007106947624461671,0.0069978680916554445,0.00702329873960297,0.006956374593412965,0.00692291084067752,0.006858657296168927,0.006988498742544031,0.007031329336175949
2021-05-17,0.0,0.0011043848733708476,0.0017960441561674782,0.002806175423342549,0.003841044356586395,0.004000316341624942,0.004136524595445758,0.0046439233814615415,0.004796295975412307,0.005241091118027192,0.005653889776947289,0.0062538357524600215,0.006931132351109217,0.007259476345059856,0.0073932152180835545,0.007299329698235215,0.007364172437728484,0.0072243500389655955,0.007371602066480071,0.007365523283425468,0.007483715217132376,0.007395916829189408,0.0073783562265360815,0.007300005165109492,0.007388487381085957,0.007576908148853574,0.007642408128112957,0.0077214075498378025,0.007851709198337824,0.007839557430863226,0.007972543739882553,0.008139932834873761,0.008220242655356843,0.00834238220297855,0.008657446849495902,0.008687801155070875,0.008860465898573379,0.009062095185269736,0.009351992469276952,0.00961619771515309,0.009869553501476742,0.009955787636638867,0.010226568375948512,0.010395600766930215,0.010339708755668683,0.010493235942066043,0.010646739561484564,0.010399641032214142,0.010288527788512334,0.010183463911598991,0.00996521904403399,0.009920082217124992,0.010223200906578302,0.010423208921033999,0.010814354757776526,0.01117641538467788,0.011431394286387064,0.011730020406688671,0.011973428879581194,0.01201712854723517,0.011994270497738503,0.012081666102064188,0.011992925890320135,0.012095110901750226,0.012458052181835908,0.013020350970779674,0.013394369888947396,0.013860858090389188,0.014296274418000375,0.014627573684191512,0.014724796563024205,0.014943345905765732,0.015153805338141152,0.015232213610052996,0.015245616118198477
2021-05-24,0.0,0.0008552862802532642,0.001330640676419495,0.0017808026601864246,0.0023575024297260677,0.0018754094802263472,0.001170242046037652,0.0009335413371975014,0.0004277345794514937,-0.0005787199127592528,-0.001012815027245036,-0.001105718732621348,-0.000998320192018125,-0.0004496475477635859,0.0002948274260876564,0.0008204312164829746,0.0012063997211162099,0.0011991682906899392,0.0010643911543423805,0.0011906219873113438,0.0012951448356738559,0.0013036902458189784,0.0015665902579150087,0.0017302106183038513,0.0018511016378251481,0.0019161402159076312,0.001983802125792872,0.001878694278475541,0.001906943098021583,0.0018294211717599905,0.0017446657485943183,0.0016355900598142585,0.0015173017700856242,0.001371393606527899,0.001305004917821581,0.0012307232396918718,0.0011110721211726833,0.0011143594310717424,0.0011334256153864067,0.00102494075105546,0.000905265006424217,0.0007408518950947946,0.0006027239884338392,0.0003428602674006107,9.543356958745654e-05,0.00020533543128408116,0.0005981193962740931,0.0009072377996330327,0.001200483100111721,0.0015245309003259903,0.0015061293751020008,0.00141083034474674,0.0011498616894134888,0.0009966670046406643,0.0009000042055069059,0.0006954691160101134,0.0006408755078555528,0.0006093019404542163,0.0006217999300870003,0.0006106175256661065,0.0007678174984962229,0.0006941536424230583,0.0007290131078074366,0.0007717636233686356,0.0011505191267556613,0.0014785264523449722,0.001964095245923375,0.002648353459914898,0.0031438527939096307,0.0029194318580380595,0.00258467547878752,0.0020770760879083847,0.0012741096688180444,0.00048299770100292393,5.528676390203039e-05
2021-05-31,0.0,-0.00028238689653390975,-0.0008590665080364245,-0.0017577943434969499,-0.002054305281375634,-0.0018719763302449289,-0.001327782633158718,-0.0004255538336376219,0.000565181897760609,0.000928205872006693,0.001415266278094966,0.0019079067439252775,0.0023273003095703438,0.0028052849288582433,0.003397926889759615,0.003685083413009094,0.003808309577370037,0.003918619597018559,0.003962482188427305,0.003950226658038464,0.004170158338213032,0.004259794033657324,0.0044848151585455305,0.004758769661250787,0.004997210132817128,0.005026850110189609,0.005100301920036835,0.005198229274768438,0.0053289988798470075,0.005396631621205033,0.005539611502504795,0.005674200008012572,0.005721849012575852,0.005807482732740501,0.005866070000585022,0.0059169286916541585,0.006022500501504067,0.005995464880140294,0.006103602980323528,0.006383549090917011,0.006631895433685054,0.006827440858094948,0.0073071370511366834,0.007498694017743017,0.007639445715591826,0.007833509173666289,0.007981923024998588,0.007837364357539395,0.007735196962921307,0.007438273969838551,0.007004942408484009,0.006688504620599358,0.006537325211847429,0.00637711442816085,0.006303756346094267,0.0062188086853859955,0.0062439076089331295,0.006450467129213968,0.006858956114858528,0.007262778024597984,0.0077178467458985335,0.008046164614511877,0.008125818454383045,0.008164358357318612,0.008133526553797003,0.008116183246562731,0.008098197276903162,0.00793373912438708,0.007657439938161696,0.0075912453098636,0.00767607647019924,0.007937593921875184,0.00846941350883852,0.008952815590332888,0.009138924069009497
2021-06-07,0.0,0.00022702865505238535,0.0006471507899057383,0.0010537170313909643,0.0015295336757966448,0.001477950042317019,0.0016072225218190176,0.0015709260252864715,0.0014887764576241047,0.0014480175782328026,0.0014913238324269537,0.001688725643178961,0.0020127621863861547,0.0022520616510772807,0.0023856880293776465,0.0025313840638084206,0.0026229899144328056,0.002564464922336082,0.0026217176684159623,0.0028017243921214467,0.002979791034032615,0.0031686342174978197,0.0034013010187114684,0.0035303251168419918,0.003497276194901148,0.0033695191289195487,0.0032303025493350297,0.0030948815280345174,0.003057367297261015,0.0031374807277481293,0.0031813496486911754,0.0031966079527054763,0.0031940649182039538,0.0030580031434052557,0.0029009368614295477,0.0028029964091462085,0.002736849378265086,0.00268214756673105,0.0027438459057612286,0.0028010883830024156,0.0028735908172716437,0.0027858240427903564,0.002560011793583748,0.0022577888621069424,0.0020458602055364056,0.0018905446249708026,0.0019707515844317384,0.002388869392190868,0.0029282821578017694,0.003366976534099879,0.003737491551028571,0.00406022979723171,0.004279987962512856,0.004477475051087164,0.004592393314804955,0.00471428112865019,0.004761254757409823,0.00474792462753934,0.0046165181238710445,0.004650799746131445,0.004904066427460598,0.005041146445597199,0.005182649160242413,0.005311443640910779,0.005475743553960339,0.0053349167098474355,0.005238483287217404,0.00514457864984559,0.005098257574350836,0.005043684787247784,0.004971339525164519,0.004947223274681952,0.0048488483334291005,0.004719359465165024,0.004509221748004689
2021-06-14,0.0,-0.001175735888829712,-0.0029178070843723803,-0.005361561916259824,-0.0070765156850030484,-0.008206985537258854,-0.008450854811769028,-0.00801423044732136,-0.006627107127776271,-0.006094453064431295,-0.005667133247898369,-0.005101263335135737,-0.0047863226415908715,-0.0047017191156090155,-0.004627299374879688,-0.0045452532591925285,-0.004636204009424009,-0.004650197166770287,-0.0047322518935025235,-0.004785686498146902,-0.004860118027376992,-0.005131171951587689,-0.0055423470078386486,-0.005704062774268644,-0.005805944400642078,-0.006039674598724207,-0.006046044033589706,-0.005776015596171473,-0.0056957853480513725,-0.005582455172561277,-0.005343739803855392,-0.005183991480316178,-0.005138171969724069,-0.005054174985930058,-0.005017269451368302,-0.004962549958744216,-0.004953006167854975,-0.004825128156940878,-0.0047290713523079585,-0.004527445689066791,-0.004274358082522315,-0.004034683403195432,-0.0038490862501807175,-0.0036298463255218104,-0.003490701569958539,-0.003444959577658096,-0.003371268546331495,-0.003571390462540941,-0.00378235596728625,-0.0033121925895617252,-0.002907647838188386,-0.0024048941083638403,-0.001620798271478026,-0.000843019503661343,-0.0006428092822608225,-0.00027797222293035113,-0.00022984393824474844,-0.00016462114380486891,1.0129646817262019e-05,4.2417211264717855e-05,0.00011205350724949525,0.00021903073291303893,0.00037599434805686983,0.0002886547317006603,0.00029941437178443236,0.0003323254934048379,0.0004823105426446058,0.0005512834568820679,0.0007841110029509187,0.0008410442733777592,0.0007619694112667792,0.0008068847000907163,0.000923275497505428,0.0009802008456192394,0.0010364905033583708
2021-06-21,0.0,-0.0014123015580458215,-0.0030569651500836344,-0.004863967469597369,-0.006704429259532302,-0.0061740186090888044,-0.00615604351614744,-0.006374976466077585,-0.006408366348175915,-0.006358924034984774,-0.006168240865406797,-0.005879396235491493,-0.005214728679517155,-0.0048171658625626055,-0.004339017428746863,-0.0040686378898332,-0.0038681429292395982,-0.0036446352344250716,-0.0034800784057617486,-0.003454468883115531,-0.0035761199572524323,-0.003497365204314306,-0.003798971886516224,-0.00398471977208637,-0.004228806515704476,-0.004315308241788185,-0.004515251976236905,-0.004472311970148298,-0.0042723768202421065,-0.004084012964786899,-0.0038841554266739837,-0.003596610015412811,-0.0035204147339128696,-0.0036062148747032802,-0.003697145446712877,-0.0038495687534281474,-0.004158969840593789,-0.0040929818676786805,-0.00392130540819933,-0.003515932839326294,-0.0031043244529635468,-0.002607163602233638,-0.0022285402134953817,-0.0019203749833467338,-0.001745236246173562,-0.0015381774579930367,-0.0011158848757934024,-0.0006120503910435484,-0.00023162882063793434,0.00019457778754997844,0.0006639604622995311,0.0008329098049943654,0.0008309973306572944,0.0010062922807949901,0.0007315436246818218,0.0004949825709009472,0.0004605458378721589,0.00042483241765806426,0.0005593888328698463,0.001193664538395138,0.001670859076851427,0.002181568056434549,0.0026226565018178743,0.002928694454821055,0.0032060200960534993,0.0034877194636476114,0.00345211399260886,0.0036161429510812443,0.0036568281405336737,0.00363394292514474,0.003791586008817323,0.004093454002012891,0.004301848620849013,0.004583239506720896,0.0047547030244672875
2021-06-28,0.0,-1.8280354450376975e-05,0.0004014531776439006,0.0008436843734890512,0.0009633429562066043,0.0006232231803796572,0.000657240364100374,0.00037561881434754706,7.753020293783811e-05,0.00017774326607823565,0.00010715397784730471,3.214739897876535e-05,-0.00018029672097940786,-0.00024775874603204473,-0.0002887425722436242,-0.0003568424899825842,-0.0007384139192643787,-0.0010753269036326775,-0.0013239834338833341,-0.0016970841990907512,-0.0018947388036814733,-0.0017899075345651605,-0.0018113781044138812,-0.002002739133471614,-0.002077904141227248,-0.002062744357102336,-0.0019800012526032577,-0.0017747521157447013,-0.0015884855197207716,-0.0014035160849189727,-0.0013435504042067978,-0.001450859951955871,-0.0015910109364618964,-0.001800642761866294,-0.0021158046070285453,-0.0022055080991446384,-0.0023116465669837266,-0.002427906387594356,-0.00240263136373972,-0.002279424769819804,-0.002321123763742843,-0.0022825837236374103,-0.0022320416599942196,-0.0021991906884237648,-0.002082325788221267,-0.0020305305788876375,-0.0019781064525346854,-0.001819587561771902,-0.0015499737046383174,-0.0014237158607021158,-0.0013530184305243144,-0.0014066722729885765,-0.001596061789077305,-0.001852426065172707,-0.0020873791230116754,-0.0023432375721425935,-0.002518901763322725,-0.0025031033610464376,-0.0024873052083557215,-0.002393785256311291,-0.002170762834052036,-0.001918737868982225,-0.0018145355800373115,-0.0017791724225077836,-0.0019250535082101657,-0.002038110198049627,-0.0021840290655234114,-0.0022907970502652943,-0.00235776976964819,-0.002485409446804518,-0.0027356810496785406,-0.0029259546554791026,-0.003132704893393611,-0.0031877190374172935,-0.003025214725478855
2021-07-05,0.0,0.0010934285531925792,0.002140018383645489,0.003143081834675259,0.004241305197068408,0.00454176135502699,0.00465243297694397,0.00474854924735274,0.004786487337452685,0.004719462403519661,0.004642947317837725,0.004625872904699089,0.004752343121131787,0.004824423988308329,0.004993856793433667,0.005205607437931019,0.005280183554900835,0.005218247849199614,0.005287767255253618,0.005334532136605799,0.005346538983036104,0.0054545941140065465,0.005529783485424041,0.0055007193566856275,0.005433742278617775,0.005429319106122547,0.00532821268584188,0.005300406628037778,0.005329476579189637,0.0053642330202725,0.005354754110688378,0.005383190569896042,0.005423000254333719,0.005457121579659914,0.005524097091921237,0.005579064208015879,0.005398988253387151,0.005149355670172824,0.004887016315963523,0.004705551005215318,0.004529744841807951,0.004522155390639161,0.0045778100283290785,0.004591723203790174,0.00451266849567756,0.004498754220263309,0.0046505358523209256,0.00476372465610882,0.004916730494022804,0.005033681979835023,0.0050526457968726925,0.004977420539862179,0.004981845711629994,0.00502925703744616,0.005091836545838135,0.005237208166520061,0.0053724480025676615,0.005440692938725222,0.00553231076104624,0.005587909208852881,0.0055468424719248245,0.0054842914319934285,0.005297878766261213,0.0051537800811652405,0.005138610590550073,0.005189806699151231,0.005241000186845252,0.005453330378784438,0.005563901167421551,0.005611916673912215,0.005634028302892737,0.005790690983825264,0.005925224423009027,0.006068580515683306,0.006163297935803186
2021-07-12,0.0,0.0010996235788549255,0.0021351418166333687,0.003191802815702532,0.003922683838987799,0.0038662372411012494,0.003754603126868592,0.003708296684143431,0.0036023547028213804,0.0036448597201644115,0.0037584090404970127,0.0038516493999397753,0.003949320452790662,0.004047616101448485,0.00426953848278738,0.0045123285539295475,0.004626413189641727,0.004702462383366735,0.004735415237974104,0.004775971106857536,0.004723374897764769,0.004702462383366735,0.004572541511332516,0.004484439218809485,0.004425488746380361,0.004329766060633109,0.004243544407533196,0.004346882710283993,0.004394427422132332,0.00436273119873465,0.00425876053358382,0.0042543225207357545,0.004153510923892871,0.004090102197562841,0.004074249387731097,0.004093272729371846,0.004013372262482352,0.003923318052323817,0.003833890001729159,0.003792027315140727,0.0037863186311858734,0.00367404122340716,0.0036448597201644115,0.0036467628876376674,0.0036607193384365533,0.0036106020862597815,0.003530663042909945,0.0027607640850556324,0.0019356225684006652,0.0009068950414909791,0.00021327384665481723,-0.00023751963389724839,-0.00011970793824374913,0.00017826185822799687,0.00046214192780746097,0.0004640511621693893,0.00029475154663525935,0.00021836639739889423,-5.412149512905313e-05,-0.0003349635774352588,-0.00048719893741716217,-0.0007057194777839594,-0.0009293861529236572,-0.0011868878019745347,-0.0015114088095880315,-0.0021135498729426823,-0.0023732713215552786,-0.0025430520176426726,-0.0024881573611130925,-0.001986585311516041,-0.0013845206708763495,-0.001090635613517596,-0.0009172775592314199,-0.0006980736381718919,-0.0008484525487052905
2021-07-19,0.0,-0.0012571218353581962,-0.002411136228205673,-0.0038039024632923893,-0.0051530802541598485,-0.004810399921605713,-0.004816089226755109,-0.0048552830973444564,-0.0046384717467054274,-0.004397063691983429,-0.004275749709766355,-0.004247318873932618,-0.0043022858858417475,-0.004386953631335616,-0.004532295580121494,-0.004592334289307325,-0.004561998490977381,-0.004438768772616185,-0.004380634895335557,-0.00437621180389163,-0.004535455422319027,-0.004650480475155048,-0.004714950851039693,-0.004792700068134833,-0.0048420075820408606,-0.004720639613174459,-0.004768047222863282,-0.004817985668997861,-0.004758565521125273,-0.00469409233341578,-0.004675762480120576,-0.004606238504433469,-0.004615086741990968,-0.004750980224464367,-0.004820514264249386,-0.00483947893244092,-0.004905858103566486,-0.004927353255778213,-0.005039894241680216,-0.0052605872121769485,-0.005701486616134666,-0.006167900255006302,-0.006734597530048617,-0.007330133939041562,-0.007932366401216575,-0.008396015467144568,-0.008969690161105897,-0.009170300117619152,-0.009120143855456415,-0.008945568889507444,-0.00876340860127928,-0.008390305758260382,-0.008311641976737727,-0.008311641976737727,-0.008410607093517966,-0.008460727779699728,-0.00852861676537243,-0.008500064761225898,-0.008552093468394105,-0.008647274938283517,-0.008882729361646571,-0.00902174330865092,-0.009382380980909983,-0.00974505456881492,-0.010182216101242009,-0.010558531381604088,-0.010751829408976486,-0.01074992168009909,-0.010545179936929954,-0.010204460532587882,-0.009700586634000107,-0.009444616835768277,-0.009193791890261717,-0.00901222118892539,-0.00886622670598797
2021-07-26,0.0,-0.00014008748549478758,9.464662892419612e-06,-2.0191580237895587e-05,1.2619602280736932e-06,0.00023848219445968567,0.0002233421585902053,8.013131444565014e-05,0.00022018795559902664,0.00046366316806080676,0.0007751745240335231,0.001062637363876544,0.0011880612605706432,0.0013405656091305986,0.001236587894296948,0.0013745923314532468,0.001561718611049837,0.0017834525715220103,0.0019062669868138455,0.0020202504605929313,0.0018842244844598157,0.0018388783803122075,0.00187036894857479,0.0019138243043438747,0.002080700511238392,0.0021889977141281588,0.0021436654284665625,0.0018628113026302403,0.0014961968943574574,0.0010689404476601446,0.0006269980247443365,0.00026434589214365575,6.435794122424368e-05,9.148798911036878e-05,0.00010978458256915397,0.0001413296472203051,8.644059407088961e-05,7.760759144946071e-05,5.994135213712905e-05,0.00023154303980666923,0.00043906603286885705,0.0006200615655482321,0.0007953500511198237,0.0008539828662840683,0.000729778099750755,0.0006408707987948153,0.0006698768862918758,0.0005614150329130666,0.0005172702126697115,0.00045357210886521,0.0004415888438100613,0.00031039423471119777,0.0004384353291389789,0.000532405799145742,0.0006673546512132355,0.0006106026800129935,0.000525468683781215,0.00043465109840704394,0.0003040863679181243,0.00016341060041166782,0.00011546276764472982,0.00023154303980666923,0.0002845317279956184,0.00012303363092492004,-5.30037676969583e-05,-0.0002738830448176535,-0.000561730396810457,-0.0007827220821084658,-0.000785879460032539,-0.0008970255149040252,-0.0009166036564779466,-0.0010119736336393558,-0.0012438048135708076,-0.001410604899632166,-0.0015047581413692957
2021-08-02,0.0,0.0014304229087857975,0.0028657530091804055,0.004094578656696731,0.005222934080298768,0.0051100927706777865,0.005064700496309108,0.0050697441841021625,0.004980214943918701,0.004803024297986175,0.004890677687532702,0.004808069305761645,0.004630848151903459,0.0045999416028979145,0.004678782950495061,0.004588587936830584,0.004636524761151335,0.0047771682336496795,0.004885633096500778,0.0050256110533537105,0.005156113389814462,0.005211587485317273,0.005299835386335267,0.005285968374757867,0.005285968374757867,0.005382403155769751,0.005606751365296579,0.005678582569558749,0.005772459435312223,0.005834829124419502,0.005863807656369179,0.005785059686057423,0.005729617395167748,0.005788209723936587,0.005814039660267131,0.005845538679705258,0.005877666657412499,0.005951998021629022,0.005925541728683089,0.005965225905630609,0.0059853823447947735,0.006016246104916485,0.006021914855268704,0.006004908507806722,0.0059727846179283995,0.0059324708254406555,0.0059727846179283995,0.00596900526892127,0.006009947455724858,0.006047108912495905,0.005984122579249669,0.00593625031252668,0.0059299511594476575,0.005914833030164724,0.005961446528056306,0.0061611040876633355,0.006192592176981271,0.006224709006675129,0.006333646647540041,0.006366388590034111,0.006278864461811383,0.006156695676036274,0.006079860237982833,0.0056886637291945295,0.005243735836724248,0.004851581441397735,0.004534971660934748,0.00433435821209553,0.004484506657457771,0.004950580260744285,0.005425260073544571,0.005995460412023028,0.006379610993697366,0.006683678034323336,0.0067164085183029605
2021-08-09,0.0,0.0007177561296651203,0.00135758228596259,0.0020590151540629265,0.002648894233683068,0.0027292774468888436,0.002962413576743959,0.0033181481755008286,0.003399090789071468,0.0035419507788606286,0.0036559788703562253,0.0035609563637442787,0.0031783227730448563,0.003036637621135901,0.0030090342811299542,0.0028084271217261856,0.002678348374814875,0.0027458441762947833,0.0025059065957334123,0.002190402320304312,0.0020436650598590917,0.0019908589363014043,0.0018225975731961542,0.001922083990004717,0.0020172623466410836,0.002159705929706283,0.002144357381049389,0.0022174143646081805,0.0021406736943174794,0.0019319092719288851,0.0016014812048932168,0.0013944473995880409,0.0010331106710017757,0.0006986964306909721,0.0004545771972182693,0.0003371081687765953,-9.844281918180597e-06,-0.00019136559717240762,-0.000442473118054291,-0.0004073881308243589,-0.00042893139816936414,-0.00011629176941186116,9.35158451592561e-05,0.00022270098240430276,1.7842513973702648e-05,-8.552543540887148e-05,-0.0003612255492815973,-0.0005378858876177206,-0.0006702477059204967,-0.000726891604218045,-0.0011191770723626392,-0.0014339788899704717,-0.0018715393311348697,-0.002349993489433733,-0.0030205844026093436,-0.003171791669486523,-0.003287218317677306,-0.00316315063829055,-0.0029428295672684255,-0.0023734288260988602,-0.0020718949784898927,-0.0018844841753114618,-0.0016490374911868086,-0.0013970107232545823,-0.0012386792044475764,-0.00132307848950626,-0.0013471058659304106,-0.0014832719049137435,-0.0016262353903111855,-0.0014992926579511382,-0.0009559626973100808,-0.00047201932524669493,-4.430003181703698e-05,0.00043674247405736075,0.00043920245478333396
2021-08-16,0.0,0.00018752771381849224,0.00025224685845960106,-3.690475578694806e-05,-0.0003951331507911164,-0.0008546036539372318,-0.0011925309034760214,-0.0015966189226153896,-0.001230691155338473,-0.0008636862263277788,-0.0005966930312518734,-0.00032311409657602067,0.00012159455852098024,0.00027523021971676025,0.0005600590930093808,0.0006308001845741075,0.0005328496483073391,0.0003683679075259988,0.00037381075086750747,0.0002843024537514302,0.00023107750575410637,0.0004699627654622739,0.0010206933134609558,0.0013651235476884438,0.0018139133479410743,0.0022975110342859104,0.0026179694071624677,0.002582971416526463,0.0025383170294064035,0.0023162223497732886,0.002114000870688409,0.0020047238887494316,0.0018507498641650232,0.0017172865296966409,0.0017348008332968051,0.001838068593707001,0.0017951926311427513,0.001784926282813135,0.0017734520040696509,0.0015403144609234794,0.001240658941697024,0.0011053012042848435,0.0013053099666648297,0.0013959352083941733,0.0016309184087806815,0.0018139133479410743,0.0019159652864278534,0.0018259910437586357,0.0018598078160355783,0.0019938559117268196,0.0021381488689412695,0.002265519909707805,0.002285439032035542,0.002179199127744816,0.0020705330043016053,0.001928645569101805,0.0019534018480651433,0.00197151581024731,0.002018610576397562,0.002120037924919668,0.0021616926058104446,0.0020548358104163166,0.0019684968393359975,0.002149618963838232,0.0022902678504239577,0.0025582307186503665,0.0028110397511317995,0.0029998506262339845,0.0029648659983552207,0.0028882574526045775,0.0027669988606663135,0.002582971416526463,0.002374164847896121,0.0021671256971397294,0.0018598078160355783
2021-08-23,0.0,0.0010954765932446177,0.0024346504116620152,0.004121831929508293,0.005551828415293211,0.005214013746633523,0.005177747786584809,0.0046535577977353205,0.003978417163169145,0.003775664998549142,0.0035680283897136095,0.0030090719462079725,0.002896395002396139,0.002887913428312915,0.002440711432810818,0.001364911073749248,0.0006917958694658819,3.949201122679503e-05,-0.0009233422970190961,-0.0015328869823758456,-0.0013260138028066118,-0.0011721035856932887,-0.0007494286185739645,-0.00025643222703643106,0.00018286528074143421,0.0004695501668194001,0.0006911887080577611,0.0007525101486936823,0.0009352378857851331,0.0011142908176482703,0.0013230442629899456,0.0015639061492778415,0.0017422400381027071,0.001947830460860225,0.0022788695628747652,0.002643128437984796,0.002767952033926963,0.002766134326365123,0.002863074118953651,0.0028358107521016807,0.0025879829554009528,0.0023213025490724454,0.002257652394547676,0.0019872456247276636,0.001762255122198402,0.0016961431691635438,0.001758616045795818,0.0018059230061143266,0.002117001495908236,0.0024316198873116776,0.002697664935337359,0.00288427844597011,0.0030962969905119226,0.003319170877518899,0.0033246209753633425,0.0033300710435043815,0.0035038520864889076,0.0035704500563652555,0.003543811400647193,0.003698789997565409,0.0037992710963079337,0.003659442238127835,0.003627357534507353,0.003460863768708762,0.0032295427855927464,0.003205317597937171,0.0031750352880730664,0.002878825947680783,0.0027273557779263317,0.0027231142829569122,0.0025528336983194257,0.0024576820965946274,0.0024449541257573343,0.0023716136139106084,0.0021412530622574965
2021-08-30,0.0,0.001303920610939033,0.002601968320836052,0.004081774720184981,0.005719343962802127,0.0059981537381687145,0.00618834181692139,0.006500290802422938,0.00684421316608268,0.007091835297165409,0.007297843433137664,0.007446831516444202,0.007561970445933524,0.007751861366039018,0.007892476089937511,0.008147549380401617,0.008467188919865072,0.008767758492571316,0.008755903416138784,0.008815770114949651,0.008655129591639244,0.00846125961731114,0.008329027036018693,0.008390105244311193,0.00846125961731114,0.008515807874745053,0.008482012022441584,0.008341480177368183,0.008141025060554561,0.007884763558527531,0.0077340606239849905,0.007764321696943982,0.0078147547836702,0.007934597327323408,0.008084676890535469,0.008242443765987411,0.008264979859320773,0.008292852745912842,0.008232361665067012,0.008216941784689564,0.008246002130278377,0.008376466744605345,0.008494463258805216,0.008704924985931256,0.008861408655934865,0.009000682234806443,0.009055201076413126,0.00921992473507297,0.009302276390313547,0.009418386626450146,0.009531521898150187,0.009648789978446174,0.00962865401330195,0.009593118968044196,0.009626877291028662,0.0096422754458565,0.009606740884642272,0.009607925390359835,0.009783808916833878,0.009895126610540952,0.010019456193030598,0.010352701630785315,0.010589398246596332,0.010650930190865422,0.01073848835350154,0.010830771091311779,0.01068879412092111,0.010658621417690008,0.010781673002489573,0.010896428623422567,0.011088052983486883,0.01148892592218669,0.012037352990406421,0.012450247716093285,0.012730139445880025
2021-09-06,0.0,0.0008835096364614752,0.00190321432140643,0.0028316169489639165,0.0037907509630473683,0.0036011808787070484,0.003604053420852151,0.0032385998147396104,0.0029920155657404517,0.0030069617966748986,0.003010410895166773,0.003039727752045436,0.003075941506320677,0.002822417681915482,0.002452076912422789,0.001957308502842354,0.0016183083772910705,0.001352898710733416,0.0011720804211043589,0.0010851147595273229,0.0011784153724419672,0.0012527040797001244,0.001383991555120968,0.0014795672085050617,0.001531957214691754,0.0016378802709011244,0.0015457739017955595,0.001309712600761645,0.0011208234297691477,0.0009543640689400302,0.0008109218412034512,0.0008287812319164656,0.0010252134814236703,0.0012590385203125414,0.0014784157489725347,0.001570528322115978,0.001518716043745958,0.0014075984394653555,0.001402992261890085,0.001342534214430601,0.001332169610703889,0.0014214168448906392,0.001571103999018577,0.0016321238713676333,0.0016378802709011244,0.0018525703079495526,0.0020188802334963414,0.00219436763582121,0.0022421178939261463,0.0023634968394303777,0.0023611959537617466,0.002276059462081636,0.002160423294756711,0.002228886123063557,0.002079872789546442,0.0019210542152653459,0.0016885351580149435,0.0016067953197565542,0.0016447879066016342,0.001751274585938199,0.0018134345407886789,0.001985505373394429,0.001993561476093645,0.0019268089518451545,0.0020505277788146854,0.00195500668239011,0.0018024992732557333,0.0018370312896182485,0.0018174632934205596,0.0018519947930580735,0.002020031070874385,0.0021776832731823354,0.0021189981310352143,0.0021040386223970817,0.001978600090853057
2021-09-13,0.0,-0.0003174075605938305,-0.0010493842530186132,-0.0017859360876249775,-0.0022603388367464414,-0.0023763766813783256,-0.0025484376722274263,-0.002624084590561252,-0.002669706490698195,-0.0030243577982499055,-0.0036571508899636246,-0.004048585021136768,-0.004032392683928724,-0.0041781331585719755,-0.0040248749022063325,-0.0036103278207490546,-0.0035531026022154197,-0.003546744446739627,-0.003364109239827884,-0.003226576893505959,-0.003178618380499418,-0.0028845616462289648,-0.002700892278297615,-0.002651803977964473,-0.0025853942303750064,-0.002626394510164447,-0.0026500714937410033,-0.002651226482889853,-0.002450855825376125,-0.0023284589244053095,-0.0021962640065588948,-0.002066395188312459,-0.002024840728300887,-0.002035806320868544,-0.0020034870246877497,-0.001902495955963562,-0.001855754971122428,-0.0017709343191471176,-0.0017761272135363513,-0.0016128524404820312,-0.0014196110990396169,-0.0012350572200295078,-0.0009703972013769313,-0.0005640296175770847,-0.0003905811239975317,-0.0002453915649458517,-7.6030384543012e-05,-1.7855101245957677e-05,-7.257433256384563e-05,-2.879833476499147e-06,-3.8014469694084454e-05,-8.179049771759675e-05,-0.00015840315825658337,-0.0003358444893015318,-0.00048738587580346985,-0.0005017921458735056,-0.00045396412850000106,-0.0003877001737910207,-0.0002534570985586409,-0.00013190488237117883,-5.5294251830949854e-05,-2.3614879333330683e-05,6.911566506414443e-06,5.7596420730171985e-06,-0.0001664679902891405,-0.00037675263870054986,-0.000675836286673138,-0.000906404968051981,-0.0011295307770519507,-0.0010257451381236835,-0.0008251234407908146,-0.000617626100047031,-0.00048277591321341603,-0.0002983948338773507,-0.000374447909742379
2021-09-20,0.0,-0.0011610624968006649,-0.0020895147174141066,-0.0026271334901759925,-0.0034552435904706977,-0.0025848897058573417,-0.00211062592584043,-0.002026183766102147,-0.0020301774913891787,-0.0017900118044348729,-0.0016417197578069424,-0.001321826044183553,-0.0006629736317826218,-0.00011559005175429221,0.00015315047348594878,0.00039449989112095787,0.000849148682767241,0.0009936370491453888,0.0009236708803191964,0.0011853078991268745,0.0013740990506142085,0.001444033712904981,0.0016850718151466717,0.00205504321336048,0.002083453175940775,0.002262985472067089,0.0024481653981835885,0.0025282479343552338,0.0022811641606230006,0.002115839548780504,0.0016992821537366416,0.0011574411261853013,0.0004923891818263971,-4.2704127872877255e-05,-0.0009758174098968228,-0.001616056058907941,-0.002143720068408294,-0.002403375914592048,-0.002428489066465026,-0.002204775929690042,-0.0018909770493740013,-0.0018829907265223245,-0.0020084974601233506,-0.0020798151224291515,-0.002096361546989704,-0.0021477142631315532,-0.0019229229786097398,-0.0016234699487165701,-0.001528804408841292,-0.0014569558245696814,-0.0015282341616591152,-0.001594385003851908,-0.0018567504005019338,-0.0022972227400272533,-0.0023097779042801792,-0.0023811170572065822,-0.0028332402456406106,-0.003356976743340424,-0.003538092330145974,-0.004183976413552496,-0.004583146967614963,-0.0047112813258171895,-0.00470956513218587,-0.004688971038342527,-0.004733592111051885,-0.005046567638291357,-0.005242298642707177,-0.005674530554734671,-0.006297158310193707,-0.006891507880308821,-0.0076858626694378445,-0.00822649939424963,-0.008782937218929214,-0.009306926397212329,-0.009775416697254024
2021-09-27,0.0,0.0007078743054914155,0.0012743722589077917,0.0021455821808692072,0.0030874675900591916,0.0034172248364777082,0.0033424670739093205,0.0034585065787963837,0.0030640289259729414,0.0025471225599202276,0.0019645849863900483,0.001548837772585865,0.0008465925158910432,0.0005663395256004947,0.00043541600545077904,0.0002619439163949838,-0.0001225998903736426,-0.0003404057131450804,-0.0005795428269364946,-0.0006714046019161527,-0.0008461893286409552,-0.0009117414780606612,-0.0008069721483737011,-0.0007851232436330776,-0.0010445397708170629,-0.0013185970561090624,-0.001436874013233212,-0.001689170190097828,-0.002138975917505569,-0.0024200669903384226,-0.0024223115484075194,-0.002434656707842674,-0.0021513175795910876,-0.0015826373734039434,-0.0009929872844910124,-0.0005761821902973968,-0.0001287582721972334,2.2391050745557214e-05,1.1195644443823903e-06,9.516257826690904e-06,-9.460772369972951e-05,-0.0001522724425651608,-4.2544377711023284e-05,0.0003033561172186585,0.0003850562408776185,0.0006530529336457419,0.0008320503806132623,0.0009975944982188348,0.0009679551669359613,0.0011167021971625205,0.0011905082996187394,0.0013023253491516978,0.001297852907220713,0.0013688505612533361,0.0014465508778791127,0.0014744991556801127,0.0013884159578935792,0.001373322685663418,0.0013230101328942688,0.0012151091233002028,0.001069172656845185,0.0009332816267023264,0.0005333305104997592,0.00026921915693259134,-1.0635924739313057e-05,-0.00036840476117928325,-0.0008120142711071839,-0.000981780573912598,-0.001098336503238917,-0.0010764812316485547,-0.0008075323829775217,-0.0005252139191553339,-0.0003236066606112441,-0.0002614526199206616,-0.00031296740663549664
2021-10-04,0.0,0.001096542867209331,0.0022515960683240637,0.0035535556414465447,0.004991071761682514,0.005247938482438958,0.005757507363625193,0.006455971253030294,0.007225246256388336,0.007716276479320715,0.008410548200371714,0.008860888576589416,0.009222934938857473,0.009442584048877078,0.00975418843576254,0.009880044560931287,0.010059489129687838,0.010319570162474034,0.010515291535957236,0.010697441566617179,0.010940444589000254,0.011009782650127321,0.010984415624496991,0.010804009326474812,0.010564920838912778,0.010265979821132833,0.010041997522132636,0.00970790551844022,0.00942508164723675,0.009125799639474545,0.008805525160946298,0.008692529086874656,0.008647327081932072,0.008682923831782981,0.008713434323156712,0.008743378900266777,0.008441067003064838,0.007968486285285402,0.007461740217559361,0.007074155046525298,0.006847758447393571,0.006882287241156148,0.007050385811836849,0.007164133460255165,0.007273341664106591,0.007173753314729514,0.007087737212688429,0.007106978298972919,0.007273341664106591,0.007491722299025303,0.007835603396476118,0.008135271728073237,0.008471019737087764,0.008720214305935827,0.00892698170182694,0.0090958665117738,0.009248911384998853,0.009242134985841784,0.009180015853750298,0.009076663656195772,0.00890382136023902,0.008724169274661714,0.008649587230706376,0.00846028206767616,0.008261331755990392,0.008261331755990392,0.008285637467579546,0.008229111646286704,0.008364768249890884,0.00849701572240477,0.008432024491959407,0.008423547063536591,0.008383984780629301,0.008364768249890884,0.00844841398313113
2021-10-11,0.0,2.2350439242865165e-05,9.051619379987571e-05,0.00046422779390624164,0.0007306005772087309,0.0012458333071683203,0.0018427916270795984,0.0026339095167458265,0.003165986974145721,0.0036254072272896235,0.003925447838004897,0.0042326317706941575,0.004403434183596217,0.00439397683249436,0.004353364837541371,0.004370054898109879,0.004467964309730359,0.004637614172289705,0.004853389459849592,0.0050285336136657215,0.005160844410808969,0.005164179750905374,0.005253673889515842,0.005557671797772596,0.005833801856228383,0.0060665363852233775,0.006375284281693457,0.0066078928377960545,0.006541835288324131,0.0066045623095077645,0.006586244205641882,0.006446904614014714,0.006059316318993362,0.005737137230183989,0.005463759091508932,0.00537761838143945,0.005424302009832911,0.005648797590324304,0.006058205534946258,0.006223698755100124,0.00650797216362584,0.006791054813438176,0.0070008173164407975,0.007161716398664441,0.007420765003899394,0.007612096150725858,0.007598787342568248,0.007409117578133047,0.007221630820915944,0.007109010929849776,0.006938115147008513,0.006940889662418497,0.007171702384997148,0.007319261447721178,0.007354206457868441,0.007178914424220669,0.006736109743232077,0.006433580289404878,0.00618593761319863,0.00609597150037386,0.0059215696870416525,0.005946009990213575,0.005857133297123571,0.005773804222783479,0.005448198738177524,0.005322039791631887,0.005333155756714607,0.0052169878199906225,0.00498905935518591,0.004729379971574708,0.004456282440408788,0.00395939852658098,0.0034850976105053433,0.003008343273648549,0.0029258907339522614
2021-10-18,0.0,0.0015727303822040003,0.0034258106457030805,0.005157352711661339,0.006792864628350116,0.007045451003280377,0.0070200329919137385,0.0065164068460476475,0.0061917012970076285,0.006003865123160062,0.00603418112963459,0.0062084803336043244,0.006478529964306213,0.006864806860391749,0.0071492795737514705,0.007419615895406855,0.007525567797666925,0.007586647211464072,0.007797964010449727,0.007836331324528965,0.007833629449184375,0.007815796888819991,0.007899012783319942,0.007628806046502841,0.0075417839349944185,0.0075488108461722585,0.00754394606676972,0.007407182028038818,0.007416372292737363,0.007416912893912974,0.007433130793284525,0.007433130793284525,0.0075131352476291895,0.007628265559864812,0.007827685297729387,0.007968714274554908,0.00804867589302061,0.008123769158621546,0.00818481204667136,0.008300405182728395,0.00842894634335121,0.008619027355154563,0.008973712618893038,0.009119976902522234,0.00894726402537654,0.008649264185127794,0.008306346524937185,0.007781211622896267,0.007247690454397428,0.0069118640167257096,0.006771767804476365,0.006779882020176614,0.006867511354639086,0.007187131058588744,0.007475836670079055,0.007729331481143704,0.007881721738837813,0.008092976199402193,0.008353875991865257,0.0086276665427255,0.008792876643377289,0.008755625768719704,0.008648724249752583,0.008360897198881065,0.00810324062449867,0.007686636428926404,0.007452591925350025,0.0072157890869345345,0.007125486478506636,0.007022196252076676,0.006980552671901791,0.006824238568941372,0.006602436147464419,0.0063757140528581425,0.006168967959595724
2021-10-25,0.0,-0.0004986389689440664,-0.000784239694996375,-0.0011981464138480973,-0.0015469778734690386,-0.0021238394363342944,-0.003023256702291621,-0.0037444816859438738,-0.004777925090173149,-0.0056980558158651615,-0.006395099352099562,-0.006273984405533737,-0.006303983988875122,-0.005822988040296001,-0.005551488570384157,-0.0049121736810419795,-0.004172920614594025,-0.003336720703573506,-0.002499005650986091,-0.001678581413020157,-0.0010798698687781263,-0.000761587529766174,-0.0005389606252968926,-0.00041082071401310315,8.501439177308988e-05,0.0008216870651492072,0.0010798079465761273,0.0013665308055352638,0.0014894656179896798,0.0016272669483765301,0.0014029166743703345,0.0018223611563504846,0.0021986642065041973,0.002967358774179906,0.00321392066796748,0.0032199738784391345,0.003096701276884518,0.0025874904683005884,0.002056534161681309,0.0017992163758281973,0.0016410460370665032,0.0015330128906281247,0.0018477095870638317,0.0018449543539805129,0.0017854394664242313,0.002016866357498406,0.002182138494975642,0.0021259490329089336,0.0021386194814291227,0.0022311639758414684,0.002223452261747755,0.001955157756512024,0.002206926959857536,0.002263662688977837,0.0021226436721094055,0.00195625972920841,0.002160654661697007,0.0019468929225813576,0.0018736084069882258,0.001394095979255468,0.000775350622853153,0.00022411326314386544,-0.0003682951482716559,-0.0009433718064794165,-0.0008864570661266041,-0.0006588304920616546,-0.0004715746594482313,-8.723006991677988e-05,0.0003190426539616116,0.00046969696578810923,0.0007290120333914999,0.0007086003067985941,0.0006523279840499182,0.0007052902578210089,0.0009138019484697143
2021-11-01,0.0,0.0006896300755465382,0.0017595635268612916,0.002686928380577131,0.0035115322626117643,0.002950605208968303,0.003935960655699448,0.004444587060323369,0.005061455709640434,0.005352606961961397,0.005430719998308149,0.005056396347867668,0.0045171465105905894,0.003961285567281687,0.003521666604574952,0.003293619064965662,0.003063829687320166,0.0030548172631299354,0.0024502361199852584,0.0021294850750059728,0.0019947276733644653,0.0019620223019552576,0.0019902166512457144,0.0024620720636609585,0.002317776717893771,0.002451926977658945,0.0025342119293656337,0.002735950488148777,0.0028508894551204935,0.0033054450306755673,0.00331783398761017,0.0035622029454100562,0.003624693251692226,0.0036049895225916725,0.0037215173645744203,0.003995051118431323,0.004155984577857823,0.004351208237560036,0.004758411007665945,0.004764596511487756,0.0049119126589535185,0.004939461743411966,0.005086752134554264,0.005183434795156667,0.005331251256840309,0.005299216844010092,0.005593670000551139,0.005726257994790226,0.005871185775508423,0.006105385113912934,0.00647314147582111,0.006970941093978509,0.007723063097705008,0.008608506908581282,0.009541856994632529,0.010538073858493969,0.011143373856770581,0.011581331128303096,0.011693024222602813,0.011683530794707566,0.011519894608405853,0.011588591558539614,0.01170363441771617,0.01199118367646627,0.012476200760640474,0.01284050650142486,0.013109884649458873,0.013191297304041581,0.013106538782134997,0.012866722469126131,0.012866722469126131,0.012804807057272643,0.012797555451948555,0.013066945168746886,0.013378632758827749
2021-11-08,0.0,-0.0006463114151036074,-0.0014204254395321766,-0.001957518849408253,-0.0023589903204119774,-0.003156819997571382,-0.003014663483009674,-0.0029184114907430847,-0.0029027434385724337,-0.003127155749285066,-0.0033157905849890124,-0.0035761315098971885,-0.0033941656680228217,-0.003324187621506962,-0.0032973173528419108,-0.003131073618434418,-0.002940794848269846,-0.00273768423369928,-0.002487629480475003,-0.0021789232924908863,-0.001974290197237959,-0.001729456439812355,-0.0014288065756064233,-0.0011522661669609142,-0.0010036921975172686,-0.0007992994276188255,-0.0007987410346513517,-0.0011539419391217755,-0.0017417525960899975,-0.0019060884699189492,-0.0018731073359630709,-0.0017540489035649586,-0.0014679194727538598,-0.0005826663624242494,0.0003419630216775675,0.0009692419814812582,0.001637349087348565,0.0022471155601213764,0.0024614200218978886,0.002453071357169224,0.0025654941918124004,0.0027780612458324066,0.00321696381845539,0.0038624513632491454,0.004273100347217844,0.004865715666977132,0.005408036853747855,0.005754258052601465,0.005769790809521979,0.005981123278158502,0.005942853780468836,0.005965593803492726,0.00578809696330241,0.00619296559728203,0.006494015031262516,0.006837643933169313,0.007057061259152932,0.007658549711927349,0.007817999786675255,0.007934249440133045,0.007985727112257675,0.008104724490304702,0.008059894582439307,0.007947534254372923,0.008038309095191706,0.008043843879929976,0.007992369199511323,0.007822428592514098,0.007808034901822197,0.007613146081954656,0.007643046265178749,0.007676267642473555,0.007806927686264515,0.008073177727622751,0.008325523967923638
2021-11-15,0.0,0.0009686160360508699,0.0017859141426532442,0.002780870342321817,0.0036384799745882743,0.0035290505390056957,0.003679169273308351,0.003639579707133332,0.003430608805570842,0.00328210293931605,0.0030659049803619344,0.0026080491683258392,0.002223772784097166,0.001723111145717605,0.0014393466859454432,0.0013021190639592663,0.0011731409999727743,0.0013208580823438874,0.0014365912964725963,0.0016349599354822384,0.001642673476603804,0.0017137454485749862,0.0016344089659824153,0.0016112679728693116,0.00143769345317284,0.0010557234257344375,0.0006206621091390747,0.0004033362750820022,0.00017382422441608928,-0.00023291664173271054,-0.0005326972741189832,-0.0006381663423754353,-0.0007557968011785348,-0.0008706793366741684,-0.0006917334270160682,-0.000588467489801143,-0.0005525754101026591,-0.0005652755371868514,-0.0005956460603325064,-0.0006050334995522433,-0.00043276041094336416,-0.0003190322641533473,-0.00014349672852069948,-3.807981695645943e-05,9.381761249142225e-06,-5.518710499278774e-07,6.953331559163434e-05,-0.0004034990208762889,-0.0004261351155656227,-0.000718794179234926,-0.0009093446968248315,-0.0009248112594974295,-0.0005592015432404372,-0.0005387711070802716,-0.0005288321268968567,-0.0003979780998981465,-0.0004818993884042677,-0.0004261351155656227,-0.00020255713270445405,0.00022568972724714277,0.00043257321038026763,0.0007210352546640758,0.0009217513264642924,0.0009377407095141389,0.000979091376685621,0.0009195458742553666,0.0007237926164753644,0.00044801879338509325,0.00026596640041032715,8.222538313240101e-05,2.2626450818576243e-05,-0.00014901624470217755,-0.00025002877116924967,-0.0004001864646318032,-0.0007392282937135228
2021-11-22,0.0,-0.0013492629612077186,-0.0027783518807908206,-0.003943468207482919,-0.005077082479919745,-0.005408576168000656,-0.004973407014625635,-0.004588825282162251,-0.004527102077870243,-0.004579764756719666,-0.0047836464380904406,-0.005204000414047376,-0.005669315069511204,-0.006382159368176717,-0.006815671938886306,-0.007477651782327626,-0.00820315342295141,-0.008671003252261068,-0.008875152138354134,-0.009158982646237268,-0.009218716761176022,-0.009372335157451773,-0.009430943949754685,-0.009787222741105462,-0.009841301703804461,-0.009683627001188409,-0.009524838980301016,-0.009625572542674982,-0.009491263380994713,-0.009656306836172907,-0.010095227303829722,-0.010480224053768052,-0.011064266825718247,-0.011738191607696912,-0.013150801394749454,-0.014178837025947239,-0.01537048578679755,-0.01644321098080933,-0.0171465763003063,-0.01690518655934484,-0.016708562924722545,-0.01610059276701347,-0.015356747706728197,-0.015054557685284181,-0.014795937240812239,-0.014390404023428548,-0.014392691478794661,-0.014369817160591136,-0.014594580023849614,-0.014973302463733356,-0.015890381842201835,-0.016657550280740528,-0.01745284096354368,-0.018046137079307915,-0.018447413937304084,-0.018630022378800622,-0.01895627391243451,-0.019102777097129903,-0.019067729284153134,-0.01922459216477022,-0.019752820643048973,-0.02006506071507219,-0.02126029385154811,-0.022404497628499262,-0.023278223032700215,-0.023327266554219725,-0.023246490271015538,-0.02257745195399927,-0.021677839890624905,-0.020743929791331703,-0.020155933415135222,-0.01986321483090724,-0.019214823428117648,-0.018517467321456742,-0.01807713126962169
2021-11-29,0.0,-0.0020642494425517337,-0.002968626405036831,-0.0031629498573289955,-0.0036131693025966984,-0.0018382829406814007,0.0003255759352195791,0.0012005142466947763,0.0015744977040500164,0.0028341923477127303,0.003929259666453733,0.004598268377085562,0.004704353968329304,0.004329780524841107,0.0038342370339853856,0.003038508107861762,0.0022368577811960762,0.001835497617356101,0.0016291722450400001,0.0014874825927627215,0.001701479143766972,0.0021399114438557113,0.0029704074926989866,0.004254145387534555,0.005439610425792654,0.0063282267132787826,0.007256391128751286,0.008066879724748413,0.008399182960053729,0.008518294667123618,0.00882243225407279,0.008423707118394625,0.008292320678862762,0.008415532465773663,0.00866074298022793,0.00890881147642171,0.009523172669519549,0.009744203683869981,0.009817675470736732,0.00952492244722464,0.009508591069573696,0.009382597190609555,0.009112473483394806,0.008986429683007278,0.008499027558733725,0.007921425816294491,0.007527016605495418,0.007089770988668001,0.007164022690863835,0.007636298143774036,0.007846061856531169,0.00789279986488123,0.008049356278376642,0.00802482293756523,0.008162669137638209,0.008406189923808066,0.008716198925892898,0.009305009728937675,0.009162069697288463,0.009037199235642166,0.00838283318702331,0.00769590122234908,0.006447000279805442,0.0056018213196344915,0.005060625404051205,0.005045392710002476,0.005000865043080883,0.005486461039690662,0.005964797305147601,0.005756980403382926,0.005452494563427966,0.0051748632139028816,0.004808670260108994,0.004336229767978349,0.0040465591050758976
2021-12-06,0.0,-9.831660456096963e-05,-0.00034851487344680053,-0.0013085768941819979,-0.0023896766672520877,-0.0023605211792833564,-0.002758275331639233,-0.0030826612183302944,-0.002932123746760405,-0.002809026611005187,-0.002648614696197564,-0.0027670253684624305,-0.0029776326854824013,-0.002998054036297061,-0.0028101933373694066,-0.0031912022921882915,-0.0031748620224098766,-0.002898285109217516,-0.0028446123775191447,-0.0029227888358270703,-0.003003888784556799,-0.003527988022894395,-0.003961248413323262,-0.004148157205297674,-0.004488771488625281,-0.004909587386713718,-0.005204848679021887,-0.00561134098071294,-0.006226950324646349,-0.006682464246481977,-0.006957746749566024,-0.007104790367596256,-0.007150489601028736,-0.00702921544894244,-0.0071340845077157485,-0.007226073685869025,-0.007430589501250523,-0.007850886511458748,-0.008130009737965049,-0.008250244377474847,-0.00815992041939422,-0.007817467314237547,-0.007430589501250523,-0.00724365219883267,-0.006914399371284948,-0.006697105024739166,-0.00672697287706422,-0.006859924925204896,-0.006973563152758162,-0.007057335681686042,-0.00726826263612027,-0.0074751314430639955,-0.00770373315188995,-0.0078121907009789686,-0.008090716672980789,-0.00832121892550396,-0.008523612034034705,-0.008609274788039164,-0.00907174569377461,-0.00967245546538602,-0.010276464978684728,-0.01070031199330782,-0.01134671587235863,-0.011645649833717742,-0.012015321677645416,-0.012497041934699318,-0.013071522803935847,-0.01312692609867806,-0.013406346933028515,-0.013823855158049353,-0.014225015933917446,-0.01472964510564028,-0.01563861983122148,-0.01626871275826211,-0.016507613484911553
2021-12-13,0.0,0.0010887602833261627,0.002378916277348814,0.0037719632094913745,0.00522094588217379,0.005225484848061259,0.005212435265605044,0.00521583952092413,0.005332711924759506,0.005329875377665718,0.005345192636387207,0.005344625334692416,0.004750483824716571,0.0041417895856216925,0.003945815684173773,0.003808895185057845,0.0036725241875483327,0.003885027569083862,0.004046931652345801,0.0039043438192775475,0.003582168159162776,0.0033599371579330272,0.0031603987107318684,0.0028783619485549623,0.002405089327870566,0.002246902625124631,0.002135929392608189,0.0018610041913065022,0.0016754011774007063,0.0017511268126425364,0.0015165295188877062,0.0011702271193900632,0.0009343538745267211,0.0007770741299531966,0.0006858861384362934,0.0006374391356008432,0.0006060898241859885,-3.136930137677384e-05,-0.0009774733977418288,-0.0021650789130252548,-0.0032562451507622786,-0.004226025743795944,-0.004924460825033488,-0.0053332056773430885,-0.0060008566377158295,-0.006838344693338387,-0.007484016332010811,-0.007798386409097579,-0.007870239880930278,-0.007691477999039987,-0.007311068726947277,-0.007087028265451752,-0.0067665653258560735,-0.006590871175617324,-0.006430706349020726,-0.006668953653719284,-0.007263384116399302,-0.007658143305494706,-0.008245111310745887,-0.008883636121583391,-0.00897513387952059,-0.008988945589088249,-0.009065488937551748,-0.008686857988867825,-0.008349778429148559,-0.008122630188067559,-0.007596074768016496,-0.0073599047210379746,-0.007667913704003548,-0.008036959821711038,-0.008478039340776398,-0.009021173653289206,-0.00944368754813589,-0.009535812372732133,-0.009286519158002523
2021-12-20,0.0,-0.0034461539078174197,-0.007007688157133885,-0.010661923542192423,-0.01461832935916552,-0.015469541698710272,-0.015850424048758412,-0.01591281860797323,-0.016197843264535466,-0.016256658462399425,-0.016475745506558014,-0.01716813593551455,-0.018002884353026438,-0.019135626090849518,-0.0200190080013928,-0.020393792820848723,-0.020196139590744348,-0.020012983669114623,-0.019308989209363935,-0.01915127569383154,-0.019422775091548456,-0.01967748565772358,-0.019912382683561918,-0.020349196911009563,-0.020481182465110926,-0.020480579751755858,-0.02083624376514037,-0.02143513014390108,-0.02191365261085151,-0.022193751806431634,-0.022624315818717593,-0.022678073852611943,-0.02261585976182527,-0.02260921576728648,-0.02275358158932155,-0.022781369871608944,-0.02314510511020406,-0.02359663501541096,-0.024193547598143923,-0.024906438856142826,-0.0257767580311173,-0.026193107416683147,-0.026877703160543876,-0.027843239771342086,-0.028703965901899855,-0.029206043822052073,-0.02991460912865397,-0.030103239006968822,-0.029652411859295992,-0.028682696979774467,-0.027579763953133957,-0.02654899020223023,-0.02554169113896412,-0.024958503459852076,-0.02436778987157528,-0.024208066628055313,-0.02406046631250351,-0.024079822489755893,-0.024107647650962082,-0.024425272281217512,-0.024261909871028647,-0.023863901360006386,-0.0232822954462969,-0.02247996865568894,-0.022237222507186304,-0.022256543425220335,-0.022061540039210827,-0.021967976063566944,-0.02193719241137388,-0.021039451003152937,-0.020369084030514458,-0.01998286255210086,-0.019535971778137488,-0.01894423922157117,-0.01901705821014767
2021-12-27,0.0,-0.0015366749255360348,-0.002379990343890091,-0.003658416895655287,-0.004937296104683739,-0.0044538270957187685,-0.003450945501285594,-0.0034166666225088405,-0.0027650004640192402,-0.0019880464387946805,-0.0011839799310923054,-0.0010967100684456691,-0.0006699050570297256,-0.00040707438093746706,-0.00010955799251242824,5.2418664943883624e-05,0.0005411346353101154,0.0010066646755540623,0.0014478647704803634,0.0017077875595861139,0.0015719539866693142,0.001226112520948082,0.0009666529073815986,0.0009095745260972334,0.0009337008373414093,0.0011731670465382133,0.0014902097408452564,0.0016442832506799682,0.001488445402879241,0.0014466884957072678,0.0016531035347461956,0.0017901019583024538,0.0019611766398728333,0.0021621960794822592,0.0023102898136834376,0.002309114552922664,0.002626972253468843,0.002933571000930217,0.0032852802144343134,0.003642734264998718,0.003984807885745211,0.00421650655181619,0.00444111502003068,0.004629911309395595,0.0047946391995189516,0.0047512615330312456,0.00458769908390821,0.004281607148389465,0.0041578537365815375,0.004161373002509633,0.004397135610596628,0.00488666396421,0.005429847825961593,0.005802347077656421,0.006094509600552525,0.006221535614421791,0.006008450551697894,0.0059054041245072885,0.005893693631319599,0.005827526768421718,0.005501898598942273,0.005369508631799553,0.0051849535481747425,0.005082994229854097,0.005154484036434461,0.005580972740362577,0.005891937045513657,0.00640706996412176,0.006640548505783774,0.006622410521948692,0.006598421070285135,0.006617729698521797,0.006438086544242333,0.006380734376753381,0.0065826228244165235
2022-01-03,0.0,0.001009209770964649,0.002202270630195843,0.0034053775101618496,0.004657434470690606,0.004544613061992972,0.005066806285347352,0.005428517135808999,0.005825561619732246,0.006090361004291456,0.006431694328741463,0.00658374168092393,0.006559164164149298,0.006696904778215793,0.006880910351475393,0.007184274178722441,0.007289373134626945,0.007498966874766313,0.007497253752506632,0.007493827499183324,0.0074658459909610585,0.007571486358699115,0.007582335278075632,0.007790725883896135,0.00793628807816932,0.008036171443020376,0.008116641640127306,0.008202811763400987,0.008113788197777168,0.008145175615819424,0.008125772600932734,0.008171426154385064,0.00831465065161083,0.008312368350343744,0.008207947496548284,0.008219360142444947,0.008334050002075512,0.008473828313900974,0.008763021805469354,0.009127389188755337,0.009537784975646954,0.009865410692124831,0.010206597107101999,0.010471377777724014,0.01069112096372315,0.010818049039786302,0.010891466446517365,0.010919921356300136,0.011061614751946246,0.011221493631234307,0.011308534374037036,0.011387604037010902,0.011354042857394891,0.011296588053972474,0.01134380362920511,0.011467236227342076,0.011609420796802123,0.011865302087476172,0.012197849909922487,0.01245642178198286,0.0127501465004044,0.013120446197491477,0.013423058688044833,0.013797648984293266,0.014024037808347451,0.014220880665133172,0.01410856585681816,0.014030845700964219,0.013739199435175058,0.013756223928313827,0.013643289374902468,0.0137227421496338,0.013870847970094285,0.014008152545332414,0.014041057452989109
2022-01-10,0.0,0.0011272088770699475,0.0020540189372896633,0.003043123492577986,0.004187563491247948,0.0039614602951115905,0.004037392007971864,0.004384036357414387,0.00473613970422014,0.005063021677079972,0.0055542592850912,0.006109886529801221,0.006656852663843819,0.006823890619153053,0.0070755084619667456,0.0070315355726377855,0.006924100001173373,0.006596712168947367,0.006479205024405598,0.0062168525230742455,0.006305425076169095,0.006396217726705703,0.006759862700731638,0.006879007021947575,0.006945810710426801,0.00671531912207107,0.006337732608227149,0.005913752487156537,0.0056813507197453735,0.005475097684446776,0.005224192053198438,0.004997765382961872,0.004707685876829799,0.004561498548109444,0.00458214461948371,0.004808665406245226,0.0052665716449779585,0.005777216026833145,0.006025197003226441,0.006158914030338925,0.006358342040273991,0.006467509244994405,0.0066178731258688785,0.006921873235111201,0.007035988611446878,0.007125601802568569,0.007063263041475715,0.0070037036308069475,0.006727568803996931,0.00673090960029792,0.006602837755158943,0.006608406437335894,0.006682466961523386,0.006915192907173827,0.0070137232191021135,0.007088310332153362,0.007230233130285359,0.007229120088665349,0.007092206520984989,0.007033762094520806,0.007094989503713524,0.007024855977242848,0.0070972158843200595,0.007193502102691829,0.007304247617681199,0.007408860256096269,0.007658662126681109,0.007806622224448788,0.008083571381023539,0.008371561633598874,0.008605562128791315,0.008805058498368814,0.008980071284471756,0.009113949277379572,0.009170605934718698
2022-01-17,0.0,0.00048466873293847917,0.00058212175983534,0.0007271887303935856,0.0011721119747934439,0.000811482132787927,0.00030835316923830786,0.00031547210168336796,0.0003746120426812,0.0004151318349624653,0.0006313921475212698,0.0010172595534921741,0.001272233461084492,0.001535893457185538,0.001451661098345511,0.0013903967442795212,0.001343351924780654,0.0014122773016002255,0.001430328400980817,0.0016031648554634518,0.001864003823331022,0.0020947103110334733,0.002247209785916424,0.0023909424805152093,0.00265540037888399,0.0027280594127421774,0.0025789114814834453,0.0024679921871770677,0.0024128011565250785,0.0021767021665550154,0.0019607758211987645,0.002077217845092736,0.002257594209063075,0.0023412122125598283,0.0024253696788795473,0.002494766936404467,0.0024384844903107424,0.0023461307009117072,0.002284374592161023,0.0022548614765849407,0.0022636061942290127,0.0022630596516166287,0.0021242281534781526,0.0020564451443566205,0.0019651494756167745,0.0019689764075407922,0.0019410941395953789,0.0020427786585430277,0.0021351604666082114,0.002275630056129635,0.002273443910173726,0.0022636061942290127,0.0021302409404896747,0.001780345905429366,0.0015479260721356603,0.0014937781646516977,0.001580741558860429,0.0018213555632095896,0.0021706896588993,0.00238055944202808,0.0024614349964522295,0.0024570635120820202,0.0024800135918346296,0.00256907677019777,0.0027739466089113656,0.002811091844602067,0.0028881091869246583,0.0027881493619512383,0.002784325563668672,0.0026581320170175737,0.0026991056936212033,0.002667965852513912,0.0027772241852092264,0.002806721888487446,0.0028558827937789377
2022-01-24,0.0,-0.0009353990743425245,-0.002785500505033039,-0.0049970358428018235,-0.007631281628034779,-0.008959025399824674,-0.009345494851648622,-0.009362102071150957,-0.009381000277110396,-0.009197760004508886,-0.009310563324596137,-0.010114870420766132,-0.010850426565595955,-0.011390254986702162,-0.011921762914722168,-0.012664395423027684,-0.012827584271385733,-0.012759777220345879,-0.012826434961029354,-0.012716107316544972,-0.012624751448892257,-0.012596599436064412,-0.012909763385696315,-0.012988500760098401,-0.013310986373912892,-0.013638752101407893,-0.01405867920133227,-0.014054076304729313,-0.014242236971476764,-0.01441777042817262,-0.01503324417093258,-0.015679640218737717,-0.016660401860725326,-0.017510481220911322,-0.018077602523834765,-0.018500554003391838,-0.01918505115309093,-0.019941201855755413,-0.020562402054160205,-0.0210263828730255,-0.02129815200189916,-0.021822776769553773,-0.021999646038979623,-0.022203229396772196,-0.02258556769307383,-0.02250839204328756,-0.022410915524607614,-0.022032123796068365,-0.022015304825893475,-0.02240511365048616,-0.023397142959844765,-0.023888587992373585,-0.02498213521413256,-0.025721145381515154,-0.026138025054887278,-0.02633196826158586,-0.027196142357570903,-0.02794670903563064,-0.029351379122471672,-0.031243736402273594,-0.031838029508136106,-0.031340321589166234,-0.031491364399552337,-0.03053397516645713,-0.029435511764642593,-0.03015150985122305,-0.031591486742112276,-0.03201902238635547,-0.03238110644771523,-0.03189249964694599,-0.03078903333397168,-0.02906981996047571,-0.027563482232129687,-0.027028260490050332,-0.027327319680056725
2022-01-31,0.0,0.0024518113318081998,0.0049336175462630525,0.007521032610991236,0.010263458909493477,0.010620813622483901,0.011021314773651265,0.011131511012493977,0.011075548995112367,0.010593107323108681,0.010482274448579002,0.01051517924029915,0.010760487858528508,0.011150548923032041,0.01168403991319932,0.011912344756502113,0.011850084968292263,0.011258423570488963,0.010402605731844226,0.01000763228347651,0.00952005227661286,0.009228777345696406,0.009774270568294852,0.010438977020352909,0.01070046495746508,0.010873021088411304,0.011087087811691357,0.010852246676023665,0.010708545173230003,0.01075702509677971,0.010903027811073688,0.011189777413997855,0.011573327890625713,0.012014949652805777,0.01251398961632421,0.013058845807355068,0.013636207545117181,0.014162622816067026,0.014439814327270492,0.014263846879643861,0.014105104578456094,0.013719647024065822,0.013605131752984076,0.013590168990121177,0.013906641259146951,0.013944035910508166,0.01414996908764579,0.014206334464135426,0.014308129185678134,0.0142845505395341,0.014229339827261718,0.013864642521979645,0.013279353292116922,0.012829074797053258,0.012180939775621638,0.011775714029653496,0.01162234253765347,0.011508740216583909,0.011632721801729152,0.012111204226052925,0.012622869396160382,0.013187816923185672,0.013849683641639868,0.014176426700825383,0.0144311891936886,0.014501913093077324,0.014544460021195672,0.014555958880221622,0.014418538863198778,0.013672461415437643,0.013077271270885375,0.012475389176101326,0.011956154876531577,0.011139010838700164,0.011158625502854399
2022-02-07,0.0,-0.00040089178971447123,-0.0009088045847525495,-0.0013157780113472717,-0.0021027581075106234,-0.0030260756016811216,-0.0034625582231989026,-0.0035439185682118075,-0.004204213489532214,-0.0044852003171130025,-0.004797245552436998,-0.005264922083743375,-0.005749470510174191,-0.0056374982975410685,-0.005520945671458168,-0.005713293501233851,-0.005934970019821628,-0.006013085372112713,-0.006114184886863833,-0.006350315042212652,-0.006618686337519453,-0.006967044287455135,-0.007675056152504273,-0.008490091527331465,-0.00943373728432416,-0.010047757901844916,-0.010596371196026603,-0.01096112617360867,-0.011113531581524647,-0.01110198490408109,-0.011348535435341294,-0.011204755020700048,-0.01120186807549525,-0.011625183216834098,-0.012175240778740583,-0.012567168007843271,-0.01305700392260943,-0.01340645501603066,-0.01311253765676393,-0.012604750222556076,-0.012208184499598165,-0.01175978068828014,-0.011390114348370575,-0.01159630200007793,-0.012073526664663835,-0.012489117151600261,-0.013188901577162791,-0.013828388990492503,-0.014150892033761873,-0.01423196840369273,-0.014396457806370618,-0.014779985360747991,-0.015369467725951446,-0.01598598465692098,-0.01691466713807807,-0.01803196978503373,-0.019282644003202423,-0.01975423419657865,-0.020068751258227293,-0.020158464995732678,-0.01991206280144819,-0.019144702251071125,-0.018710630018360857,-0.018512276353126647,-0.018401773781503167,-0.01866874561581558,-0.01905857106041114,-0.01936530176460948,-0.01960050629466175,-0.019161580177973078,-0.018346527074410826,-0.017626854163157818,-0.017507152696149095,-0.01718821243490633,-0.017372941392160293
2022-02-14,0.0,-0.004316043601487152,-0.008647877539067829,-0.013352733275173083,-0.01788126649252057,-0.017526661781751295,-0.017728099529627925,-0.017604993862105744,-0.016746620667885286,-0.01567263179624585,-0.015167209366946127,-0.014760118699649103,-0.014487642654127525,-0.014387244555031363,-0.014356129061655865,-0.013860759931099663,-0.013582662561199913,-0.01315393398702903,-0.012737697718281978,-0.012592935007262272,-0.012518510515123786,-0.012467530004610391,-0.012563047340932866,-0.013057773882726812,-0.013562717620966606,-0.013940565861896313,-0.014488816960538149,-0.014879350319546169,-0.01531058233374881,-0.015510398620969057,-0.015746115626456007,-0.015706139753066024,-0.01567380749502222,-0.015231254586418374,-0.015187186334678119,-0.015188361462855252,-0.015136069595491984,-0.015170147131289792,-0.015246532033674876,-0.01536170799446377,-0.01581431345191245,-0.01645124697094227,-0.016946135535494462,-0.0174972152181337,-0.01763562160719344,-0.01733821875635331,-0.01689139740592976,-0.01636653436136095,-0.01582842392752965,-0.015224203535635566,-0.014758944074604074,-0.014529331376189213,-0.014434800292860107,-0.014690230910632542,-0.015232429766382522,-0.015690855282616656,-0.016217128221078857,-0.017040904327672406,-0.017779938029150656,-0.018632123913811867,-0.019356994343265783,-0.02017922859411943,-0.021152262287814465,-0.0217080310337432,-0.021862400351107595,-0.022679002267569415,-0.023001092446130005,-0.022850691841401836,-0.022853652264979197,-0.02322673577487038,-0.023400889058633172,-0.02394664728351464,-0.024573362507029708,-0.025401679605200844,-0.0260845482976843
