date_only,09:15:00,09:20:00,09:25:00,09:30:00,09:35:00,09:40:00,09:45:00,09:50:00,09:55:00,10:00:00,10:05:00,10:10:00,10:15:00,10:20:00,10:25:00,10:30:00,10:35:00,10:40:00,10:45:00,10:50:00,10:55:00,11:00:00,11:05:00,11:10:00,11:15:00,11:20:00,11:25:00,11:30:00,11:35:00,11:40:00,11:45:00,11:50:00,11:55:00,12:00:00,12:05:00,12:10:00,12:15:00,12:20:00,12:25:00,12:30:00,12:35:00,12:40:00,12:45:00,12:50:00,12:55:00,13:00:00,13:05:00,13:10:00,13:15:00,13:20:00,13:25:00,13:30:00,13:35:00,13:40:00,13:45:00,13:50:00,13:55:00,14:00:00,14:05:00,14:10:00,14:15:00,14:20:00,14:25:00,14:30:00,14:35:00,14:40:00,14:45:00,14:50:00,14:55:00,15:00:00,15:05:00,15:10:00,15:15:00,15:20:00,15:25:00
2015-01-23,0.0,0.0005531535537225409,0.00015242998835484554,0.0008296156308109114,0.0011623971515348954,0.0006885731006128018,0.0006829309856093246,0.0006377929195422414,0.0008860270733229691,0.00045722027806375165,0.000575724751746525,-0.00022586492244387805,-0.0013672627500040668,-0.0022156790904883663,-0.003926010586735807,-0.004595081397116299,-0.003852326763985837,-0.003846659002496439,-0.004158433597659947,-0.004595081397116299,-0.004441949422577208,-0.005406504922416615,-0.005321359650340291,-0.005627916564464029,-0.005014896684558484,-0.005168116427505648,-0.005514366008795946,-0.005134065566866905,-0.005383798807659117,-0.005304331465856498,-0.004549706515508625,-0.003960020336200547,-0.003948683624526994,-0.0044703054265375465,-0.004606425439225526,-0.004833333309931251,-0.005156766011796641,-0.004708527609552538,-0.004572393698952309,-0.0046234417436815745,-0.0046120975085381264,-0.004617769610023503,-0.004799293846843701,-0.004697182409139431,-0.004583737483692904,-0.004045049770607568,-0.003161096857201899,-0.003483989067825372,-0.0035519796624857614,-0.00362564135702149,-0.0032120729069654314,-0.0033763467461597457,-0.0037729810262270686,-0.004725545651513687,-0.0046120975085381264,-0.0037956505945994988,-0.0021308050576478174,-0.0022269961724921948,-0.002153437428729181,-0.002447704874687042,-0.0027477204437829387,-0.002962881362330988,-0.0030818059444652833,-0.0028439709215708534,-0.002877943890415419,-0.003053489284923033,-0.0029685441169778996,-0.0030364996740697417,-0.0031667607344090663,-0.0008416058787847216,-0.000705997335238652,-0.001101573666849114,-0.0021251470449117167,-0.002504304696978701,-0.0026628012443501883
2015-01-30,0.0,-0.0035297756772379274,-0.002816135076484489,-0.00457885949926398,-0.005126159036551356,-0.005131745269838246,-0.006143367836486313,-0.007072054818257619,-0.00779994246454744,-0.007083249077841462,-0.006971312120618863,-0.007049666675017485,-0.006837004309298591,-0.006814621427725401,-0.00692094457745312,-0.006534877671180396,-0.00819210152928795,-0.00848351927869119,-0.008427470807958947,-0.00852275507743897,-0.009139519885327902,-0.010200123069476461,-0.010211352400489001,-0.012392231236894346,-0.01381123029249817,-0.012814341965618379,-0.012786195706395168,-0.014876802546370827,-0.015740241060271595,-0.016954830974833253,-0.016943525663597872,-0.016547920269162724,-0.01740714826049961,-0.017548539379676206,-0.01769560735362751,-0.017848354684381857,-0.016706143646997077,-0.015497500004510993,-0.015762824619441566,-0.016192009175385734,-0.016084695766472434,-0.016598775053337633,-0.017656010002119502,-0.017237505301971906,-0.01702266552638822,-0.016983094812103312,-0.018012442624569452,-0.01809732626329909,-0.017622070663028185,-0.017972832725484663,-0.017718235115629533,-0.017384527536522518,-0.016638330562436292,-0.015966099606025155,-0.015949158445498775,-0.016480117913005077,-0.016892653344628975,-0.01710181165279204,-0.018040736370238907,-0.020618824064916767,-0.02129986835911774,-0.022185919921670277,-0.02259513173996164,-0.022021145789699895,-0.022259793002069473,-0.021050098259841242,-0.020947937560973177,-0.022021145789699895,-0.02204955318585151,-0.01939977845489534,-0.020340864287877413,-0.020618824064916767,-0.020976314485994782,-0.021180652120589557,-0.019331782466632426
2015-02-06,0.0,0.0013304737760393792,0.0011413333042866913,0.00100375412438541,-0.0004132658391290573,7.459924428677208e-05,0.0010897433299268259,0.0011413333042866913,0.0014794683494742437,0.000590902980027034,0.00042456754991021636,-0.0005568008777136658,-0.0013839640425912251,-0.0020507878591131414,-0.0025454444280001757,-0.002954008159554448,-0.003564287352430862,-0.0041518889754490786,-0.0034375950015999995,-0.004295961680548033,-0.0035873240498908434,-0.002873433083683987,-0.002666269838306232,-0.002741073837478117,-0.0027295651656937896,-0.003005809851179044,-0.0029309860468142344,-0.0035585282609850513,-0.0032591012009068315,-0.0018207983801179842,-0.0017863045200215166,-0.0012977692826046051,-0.0007922429500023451,-0.0013609780468082325,-0.001395457238619314,-0.0021658024373377013,-0.0008956252751629018,-0.00040178392601255674,5.164622338150069e-05,-0.0003501169483756299,-0.00021809124335318874,-0.00018365262158350626,-9.18220947559157e-05,-0.00021809124335318874,0.00028688971582386207,0.0003672040892716903,-0.000545317316431504,-0.0010622081720800317,-0.0022175633136032632,-0.0023095892649866796,-0.0023728620194720064,-0.0025569509809823484,-0.00304610191105859,-0.002764091578402861,-0.001780555659014749,-0.001884040214037154,-0.001953035867338434,-0.0019587857199984252,-0.0022578236252811224,-0.002275078540775563,-0.002735319485029707,-0.00405393139100474,-0.003927176994761991,-0.004290198373792961,-0.004797496560704959,-0.005097384681615928,-0.003253343866782636,-0.0034433533966201054,-0.00399055218454869,-0.004261382338243534,-0.0055762386720330315,-0.005374284330338044,-0.005316590580285927,-0.005068545377102513,-0.004993567077517642
2015-02-13,0.0,0.0003599619507665769,0.0003199725765091749,0.0013762976345486953,0.0011708299093810385,0.0018270372259590445,0.0017585835377046122,0.0019639305463492376,0.0019068939402398896,0.0016844200871306305,0.0009082263650074412,0.0009710291386271099,0.001216493052383048,0.0011594137978225203,0.00093677356923887,0.00040566213471771365,0.000925354785339523,0.0005027680916734454,0.0004970562375769548,-0.00014287796246042697,-0.0002057507337129042,-0.00030864197775885334,-4.571872696995373e-05,-0.00010287007518579747,-0.00024004663878521298,-0.0004572813560337598,0.00016571286569749997,0.0002171354133532687,4.000217155187808e-05,0.0007026624339013715,0.0006855301987438865,0.0014676030741337938,0.0020608853113241016,0.0035767192245883097,0.0035425527999304813,0.003029916299238621,0.0029501492190703387,0.002568318650319363,0.0024372088627859514,0.0027848971665772127,0.0035653305460735672,0.0035596361581774674,0.0035311637322962284,0.0032577871885792332,0.004072001246582524,0.0050561441120484316,0.005277869190915768,0.004208587612061005,0.0037987725353759738,0.004362224976970344,0.004720620393345214,0.004862805205403282,0.004931046734949937,0.005414290961768293,0.004987911119095421,0.004771809254660191,0.004913986789143278,0.004470326011716198,0.004908300075864428,0.005664349215277783,0.005664349215277783,0.00564730177509257,0.00654473846096329,0.006243789333289738,0.007174734821010647,0.007350608872949614,0.007702264208972886,0.008155830380712867,0.007441370476315748,0.008235183314262371,0.008229515456400821,0.007327917184914106,0.006885326318892648,0.005749582057248062,0.0061302000832542496
2015-02-20,0.0,-0.0005284966642187582,-0.0018284369149748861,-0.004653608177371305,-0.006004161742227036,-0.006796128973552037,-0.006637685342371545,-0.006609394478338444,-0.00631521692875245,-0.006824425121033382,-0.006886679464001228,-0.006383096374882238,-0.0052410726074799425,-0.004896460278812034,-0.004981190005157499,-0.005048978955584436,-0.004958594709497056,-0.005099823684268231,-0.005348435134105925,-0.005585803734745557,-0.005970234301709948,-0.005122422171300526,-0.005263674286785827,-0.005659286388633167,-0.00528627647693883,-0.004026983378091162,-0.0035304786482755826,-0.002921468665372828,-0.0020987665498175367,-0.002515667964306756,-0.0014005643919375195,-0.0008884840685471731,-0.0025663840472326515,-0.002600196198195914,-0.0028820085919155324,-0.0028087297291706764,-0.0035530416978982538,-0.003710997301419788,-0.0038238380099534595,-0.0039818363964414195,-0.00403827044198737,-0.00395362056792413,-0.0032992367371868026,-0.0034909945363949747,-0.003118792392499856,-0.0026960035016036273,-0.0023240970824947188,-0.0026960035016036273,-0.0023748034503803693,-0.0020706038029340585,-0.0016989298580669721,-0.0006072328362190355,-0.0006915999004921327,-0.0014343371463339488,-0.0016257376355525589,-0.0027354562358239735,-0.002966567798913335,-0.005444506113679906,-0.0036997139308510814,-0.0027129116256758737,-0.002707275552553325,-0.0023071955312135724,-0.002842550075494193,-0.0021776264608594975,-0.002949655385483319,-0.00356996431921284,-0.0036884306875955013,-0.0033274341075019637,-0.003987479657682004,-0.004896460278812034,-0.005082875154129073,-0.0058571511458909275,-0.006632027105534589,-0.007435817416155786,-0.0072942581691279275
2015-02-27,0.0,-0.002521089004564294,-0.0018058489252079655,-0.0012111588041256393,-0.0012740419986125016,-0.0017772499599165825,-0.0014855872229104278,-0.0022463763065316204,-0.002801602747283553,-0.002818779614624098,-0.002835956777014483,-0.0024180628988027964,-0.0017658106028084837,-0.0020232277945498836,-0.00214910032017649,-0.002212042524948346,-0.0017886894478851803,-0.001834448708423556,-0.002292156515755102,-0.0028245053026371885,-0.0027729752906879815,-0.00265847365891464,-0.002400892913082147,-0.0023036018955416076,-0.0022692661491649723,-0.0023264930481121594,-0.000953950541178196,-0.0004340203486612393,0.0013123361463500893,0.0010157846953519447,0.0009188161045432483,0.0005650862477669496,0.0010385994679183016,0.0018709826402659845,0.0019564622235196893,0.0019165726606184684,0.0022812180185644427,0.0024350129077508314,0.002332485609767918,0.0011982883031563122,0.0015517942879309614,0.0025432247638888877,0.002776694668685944,0.0024464041808965526,0.002321093038863327,0.002651424911488348,0.004079707999822006,0.00549459753071896,0.006266544123105956,0.005880645314603296,0.00593172870825454,0.005716025515011134,0.005284479494719853,0.007015216965371959,0.007814317028580856,0.008295735693701362,0.007548021285755955,0.0069641888914157395,0.007009547307961236,0.007264650073241282,0.007361005295343828,0.00677706367291122,0.006538853649948947,0.007819982125071605,0.007258981829858255,0.006555870533534174,0.007026556183759932,0.006748708312186711,0.008267423363396613,0.00971598552291032,0.010388626852404475,0.010976111193637804,0.011320532836885007,0.010236050429686476,0.010654167327700116
2015-03-20,0.0,-0.002204586430812888,-0.002024556405964437,-0.000562287888815928,-0.0005738847808488801,-0.0006840619632659705,-0.002030363320257412,-0.0019316503629403054,-0.0019606825741807087,-0.002251051053818905,-0.0030877836619925695,-0.0034773355369129523,-0.002355604349956788,-0.0029657165423633554,-0.0031284760132893217,-0.0028029835577719217,-0.0030877836619925695,-0.0034482592611166174,-0.004204517332401877,-0.003919399050024709,-0.003465704925142867,-0.0028901586489977304,-0.002808794994097371,-0.0027797381501916026,-0.0028378526823278506,-0.0015543082978849599,-0.0014266247671457046,-0.0016703983839219817,-0.0008116507101115759,-0.0018445587860921625,-0.0017342536762412688,-0.0018561705581068705,-0.003401738978264916,-0.0039775798527034644,-0.004076494986508743,-0.003989216419450941,-0.003936852935405484,-0.004157961855723702,-0.004839051742254496,-0.003331962611492034,-0.0035296749639245873,-0.004059038663682483,-0.00394267096489698,-0.004152142573532145,-0.0045304663708279425,-0.004658546852119875,-0.005316673428368765,-0.00548564303463447,-0.0052700661471378266,-0.004478074538120441,-0.0026054148148285656,-0.0029540918794783385,-0.002524074323487276,-0.0031807971839002388,-0.004059038663682483,-0.0032854477383529716,-0.0033959240950714783,-0.003483150893525285,-0.003814682134656656,-0.004437327232530392,-0.005037062318995843,-0.004093951614063195,-0.003971761620107853,-0.0036459946104439953,-0.004478074538120441,-0.004466432281385266,-0.005054535723019245,-0.006091837898210202,-0.005089483447052157,-0.0048681684858399455,-0.005200159297985826,-0.005782865752797285,-0.0067392400012575345,-0.006645894921934077,-0.0046003264178954405
2015-03-27,0.0,-0.002177988899883169,-0.002511651927157452,-0.0025474081412932468,-0.0043965541840202925,-0.005698972205277101,-0.0057109288504816735,-0.0060816557784716405,-0.005489754052746994,-0.0056152796915236725,-0.006326889424560396,-0.0057587568609651155,-0.005029628137448952,-0.005692993936284899,-0.006296979662310901,-0.006590133914399166,-0.008003265492933691,-0.006865418177059111,-0.00712281766547708,-0.006739735525588381,-0.005950091781367614,-0.005173021297840995,-0.004504029061870994,-0.005884316273153451,-0.00587235755464953,-0.005681037505518415,-0.0061235206804391455,-0.007188674689901036,-0.007541981858226272,-0.007733658308965224,-0.008236983863362591,-0.007871448454791471,-0.008009257589358608,-0.008350866450538313,-0.00825496446229674,-0.010300869018448745,-0.010102695219378914,-0.011196143053112999,-0.011809477688464716,-0.01236902260654221,-0.012874687265338351,-0.013621612258199856,-0.015358561454908184,-0.014761144811457502,-0.013555330228137876,-0.012579685140989658,-0.0128987729139057,-0.012531529791823984,-0.01372405676500415,-0.012026038582023165,-0.010006625088109384,-0.008818520395148795,-0.007086897480125124,-0.007140778242012317,-0.007392260190526266,-0.0071946619071921085,-0.007835501368898093,-0.00951441047260367,-0.009670452292127754,-0.008548693352644863,-0.008153078676174794,-0.009106416178864247,-0.008488741673680092,-0.008998445546771225,-0.009340392548318328,-0.009304392620314359,-0.006638003995009546,-0.006566199733395673,-0.005370220472633738,-0.006685876367274246,-0.00782351929408182,-0.0076737554713499625,-0.007697716175795815,-0.008105136015587672,-0.007428191346435577
2015-04-10,0.0,-0.00037601053272491526,-0.0007863651532628298,-0.0005298737827912876,-0.0005013788021801137,-0.0003703123484513914,1.1392051765682878e-05,-0.000170896351778862,-0.00038170874946803914,0.0003360109833168522,0.0003644813015884323,-0.0008205689738330401,-0.0013451741064664535,-0.0007521625025541696,-0.0008490730513432266,-0.0007236611872165684,-0.001356581622879218,-0.001390804952926768,-0.001362285429885258,-0.0008034669173102117,-0.0006267627908091156,-0.0006324624365760738,-0.0006723608665781918,-0.0007521625025541696,-0.0012539186595936988,-0.0015334147698577605,-0.002480860162862152,-0.0026636034832458757,-0.0026978715739453384,-0.0030177637273197415,-0.002589359981659745,-0.001875761330621417,-0.001613285151680514,-0.0012767317406154985,-0.0019271234248363959,-0.002104057500232603,-0.0020526863177421813,-0.002201099156866679,-0.002263895835514094,-0.003052043956771997,-0.002617914522262039,-0.0026978715739453384,-0.002532253346424341,-0.0021611396871807865,-0.002338115176537449,-0.002024147912180994,-0.0020983494607442208,-0.001921416395202702,-0.0032348916965405563,-0.0029434939279567225,-0.003052043956771997,-0.0032863236477943037,-0.0017273967643725793,-0.002435179550277221,-0.0032006051985599823,-0.0030234770172891464,-0.0024294696204236552,-0.0020983494607442208,-0.002024147912180994,-4.556950489518787e-05,-0.00190429550172003,-0.0014364378816560247,-0.0016189904230661755,-0.0010942416630068778,-0.0009288887910494409,-0.0011854825389825295,-0.0012539186595936988,-0.0012596218810582856,-0.0009174861524786756,0.0005409791854954569,0.0009337175158276327,0.0010361456312967883,0.000751597179312122,0.00035878730277842446,-4.556950489518787e-05
2015-04-17,0.0,4.5984675614843515e-05,-0.001530195772422287,-0.0020945428723748486,-0.0028840112899838517,-0.003449123145269294,-0.003737568599349769,-0.004083813005190986,-0.0038471996908369006,-0.004124215996172281,-0.004043411646545532,-0.005730113101772354,-0.005955607238434698,-0.00550466980125242,-0.00531972863513349,-0.004799764905331385,-0.004770885957216227,-0.004793989048988566,-0.00420502687566937,-0.004655378503969341,-0.004314709229909049,-0.003881822532683411,-0.002999314306438552,-0.003656795485213751,-0.0036625647770044782,-0.003189593354118145,-0.0034260511028155467,-0.0038933637463575963,-0.003974155971880959,-0.004164620619620878,-0.004551433202203476,-0.00438398849465288,-0.0043378017848702995,-0.004643828492419397,-0.00467847892728568,-0.004996163873135304,-0.005261941534354018,-0.004990386882312136,-0.005181045202958671,-0.005626056032156755,-0.004684254116495235,-0.004060726314666993,-0.004164620619620878,-0.004828644687464272,-0.004817092674526085,-0.005111710698614771,-0.005498889872056522,-0.006389392775886669,-0.0053832983031769045,-0.005579811921046928,-0.00586309067212107,-0.005429533327371835,-0.005932477294408188,-0.006389392775886669,-0.005522009789288192,-0.005105933040242015,-0.005602933709287115,-0.005059712974947835,-0.005591372748339885,-0.006412533290879917,-0.005967172411073969,-0.0057648011979773445,-0.00550466980125242,-0.005597153212106634,-0.005828399166332924,-0.006615035642045662,-0.007002797422274493,-0.007182260480864421,-0.0071069978576949475,-0.009152681629305786,-0.009396356243678081,-0.00959366014455214,-0.010580764004148976,-0.0103600326855447,-0.010574954660982218
2015-04-24,0.0,-0.003578609591910171,-0.004336463410141522,-0.005405595752887442,-0.006140914080200326,-0.005459381202740863,-0.005333886319480776,-0.006595527517071378,-0.006559629467528339,-0.00626052915901976,-0.006338286633496105,-0.006134933701821697,-0.0060811119057755,-0.006236604998607057,-0.006535698150407152,-0.006445960811537658,-0.0067750370973813775,-0.007649110694944763,-0.008781752778318613,-0.007744946049878392,-0.007864753160573706,-0.00769103753261901,-0.008194296745694747,-0.009237568636607196,-0.00933355635025349,-0.009723601210356805,-0.009615573555172084,-0.008763764308927125,-0.008344125192403897,-0.008380087360207124,-0.00816433374999217,-0.007930653190252473,-0.007259873983212533,-0.006152874944253321,-0.005668574345554939,-0.006577578331216057,-0.007385610816187077,-0.007499386337207117,-0.006685278279265149,-0.006469889981196679,-0.005680529561316871,-0.006284453891811385,-0.006332305074642185,-0.006099052182594335,-0.0057104182260429145,-0.005728351853687479,-0.006804958493874942,-0.007194018141625786,-0.007223952077431729,-0.007307771864937892,-0.007379622989438878,-0.007894707181154386,-0.00841605082133471,-0.007960609184898607,-0.007732966128226903,-0.008727788340869918,-0.008775756585900931,-0.008727788340869918,-0.0071580986013921625,-0.007271848238563481,-0.00743950287041562,-0.006876773498454178,-0.008398068929099712,-0.008260218496600228,-0.010149824131393542,-0.011165086189230468,-0.01133940641592762,-0.012765163526799439,-0.013126437382329591,-0.013602313771878826,-0.015085608887879362,-0.01267486545279603,-0.009723601210356805,-0.009813633171763867,-0.010480121732532283
2015-05-08,0.0,0.004115800093954563,0.002994988092341619,0.002572060507788411,0.004274939273744432,0.004972404566412658,0.0034116113667774306,0.002792740694055351,0.002835645075518713,0.0030195001492108174,0.0032829668206693753,0.0038341841061008243,0.00424433755208924,0.004201493568449033,0.004862310803113255,0.004066829097017707,0.003668850821378462,0.003368731690206081,0.003209448220430411,0.004177010467907958,0.004317780110860775,0.003975002013473127,0.004611496419734753,0.004507481759692267,0.004507481759692267,0.005308727096771524,0.0049051264846688225,0.0039015342749607433,0.0044401723905085665,0.004733852758251619,0.004886777131330268,0.004807259375890936,0.0048928936198541694,0.006738363577271596,0.0066040403220507206,0.005742721718382741,0.004813376350802348,0.004727735296875556,0.006036019858042114,0.008409788703474069,0.00810499242694397,0.007745213290862537,0.00797695028261171,0.008507303894589474,0.008586527986067644,0.00840369368828206,0.007708618329984676,0.007983047899358388,0.007550024689257138,0.007476819140243834,0.008037924776999715,0.008013535425389419,0.008074507689125652,0.007641524089999954,0.007263272340651313,0.006829937271265612,0.008007437994541943,0.00856824606049302,0.007946461641152779,0.008391503546449498,0.0085194926248897,0.009548904032618351,0.009548904032618351,0.008976462798782954,0.011021129731531356,0.010522519142144048,0.010291371370778549,0.009640220728113285,0.009701093892806056,0.009274903903037448,0.00846464216855046,0.007635424390410195,0.006524659007759842,0.00662846407415085,0.0069215025802862535
2015-05-15,0.0,-7.85216191560344e-05,7.24760225476911e-05,-0.0023159566389616484,-0.0037032597084628435,-0.003709322022994082,-0.003254750388315224,-0.0017228511698467218,-0.0017531031384958858,-0.002013307854510252,-0.0021040928726236844,-0.0018378135198036005,-0.0032608099844430934,-0.0027761582880658203,-0.0028851844423366992,-0.0031578018436791678,-0.003842702241692835,-0.003951844745530226,-0.0038305760321033036,-0.004825413876738206,-0.004661561525545681,-0.0044128000228353765,-0.004000356348908776,-0.003939717212391504,-0.004085257318043863,-0.003963972425747678,-0.003406251308215569,-0.00353352982104698,-0.003224452958443885,-0.003018454775346394,-0.0022372591430149117,-0.0019164795854213143,-0.0024673153867268,-0.002491534912509511,-0.0018257115974129935,-0.0016683999324287255,-0.0007129608113155605,-0.001166378226080123,-0.0013719951986712474,-0.0018680689665427045,-0.0018741201657392788,-0.0010635855919888634,-0.0013478027721093603,-0.0018015081919928275,-0.0026489761297343673,-0.002806442138599159,-0.0022977951286500425,-0.002013307854510252,-0.001783356022354344,-0.002037516386808484,-0.0022977951286500425,-0.002370443149023299,-0.0026550320562153708,-0.0026671440192013365,-0.002188832992884254,-0.0022675266777567827,-0.001257086384736565,-0.001202660502192154,-0.0009728949829392737,-0.0015111130105120755,-0.0015897533790734835,-0.0011724251806825624,-0.0007915384354708746,-0.0006283456591088416,-0.0017531031384958858,-0.001728901490362291,-0.0022614730975179164,-0.002455205843801262,-0.001922531077568164,-0.000561867347633543,-0.0008822125979304161,-0.0011724251806825624,-0.0017470526715509258,-0.0018378135198036005,-0.002370443149023299
2015-05-22,0.0,-0.0005333270250621607,-0.0007052374542242081,-0.0007170944353184361,-0.0010135646629852231,-0.001316054871429832,-0.00032588827061032184,-8.294330237598349e-05,0.00014217251473799025,0.0002073281627191785,0.00013624906349832,-0.0005333270250621607,6.516491167997929e-05,0.00030801490561788733,0.00046790831035533123,0.0024851054462311627,0.0029045970403948173,0.002343265665844922,0.0030404509562974046,0.0032176239839392198,0.0035482630058983554,0.003518746108948442,0.0033416264287177686,0.002999106066077028,0.003075888073137423,0.0029872929263214955,0.003565972725878476,0.004049916999108653,0.0035600695207334237,0.0032943892152322487,0.0033475309235144724,0.0037135415301012367,0.00409711853788754,0.004126618368265768,0.004291801338277158,0.004757706249027053,0.004521832157522894,0.004521832157522894,0.004787186598901872,0.004445161096977052,0.0038669899894256165,0.0029459458381843498,0.0035718758961761237,0.0036427112217826576,0.003737150518044133,0.0042210119778884085,0.004533627183560596,0.005129095159378544,0.005806671817746147,0.005629956946730123,0.004940470410073284,0.004445161096977052,0.003501035552571004,0.0040204149059331114,0.0040853183620647385,0.0047223286819385165,0.004645672992722038,0.0027214603815361805,0.0025973810060279847,0.0024496473872014633,0.003034544648064857,0.0027923559700879287,0.002573745093621707,0.0029223181630873203,0.0025028340042794264,0.002118644860285155,0.0026801023003089853,0.002556017792691378,0.002366907026406414,0.003406573954092302,0.0036191000040921672,0.0033416264287177686,0.0032589598407340137,0.0024969245198523554,0.0017697914904600692
2015-05-29,0.0,0.0031174711402764945,0.0036680133185309,0.003320967690515136,0.004008958097752032,0.0039013038829856625,0.003530406186674429,0.003291044324253848,0.003332936786309999,0.004032879682797521,0.0037098899917343384,0.0036979254069054485,0.008543815592756515,0.009299612801338814,0.008591441727607039,0.008442602524276895,0.008871199471131698,0.008900956327857649,0.00896641829596557,0.008633112735009559,0.009162778492599702,0.010637222721929416,0.010595635145914594,0.010500571334259643,0.010839194921736774,0.009763520218497595,0.009858654119535227,0.010054839211881024,0.010595635145914594,0.011153952605462121,0.010678808568489462,0.010191551518876312,0.010215325664493978,0.010328245138171526,0.010411440802536883,0.010375786365338433,0.010149945403960059,0.010090505093901813,0.01039361374284252,0.010268815425674895,0.010126169703913267,0.009799196491995876,0.010161833042005458,0.010310416595268167,0.011029249147154979,0.010833255145131613,0.010821375486077848,0.010245042551711707,0.01022721252535253,0.010221269112585326,0.008323515209316975,0.006708482542726915,0.007191477838440489,0.007143784980436686,0.006619013363308457,0.007125899572246499,0.006947027894310945,0.007304739260826789,0.008287786249204373,0.007858939126628774,0.007763614785486267,0.008246100848914395,0.008025734861810458,0.00879977940206223,0.011302388830110864,0.011148014698158853,0.011949313438478194,0.013330787091503546,0.013875736549082208,0.013508520633845486,0.012987079310842716,0.01334263697715235,0.012969298108536418,0.013354486722382809,0.013751372066233652
2015-06-05,0.0,0.0009599114665020467,0.0010890599782450586,0.0011690006991683566,0.00161777993498456,0.0002831466225983002,0.0002831466225983002,-0.00031401717500964543,0.0008491994652079815,0.001875890444588149,0.001894324360535983,0.0007261717530607431,0.0012550835601239745,0.0005846711699037838,-0.00017854669197341812,-0.0009608337819377311,-0.0002278065624298938,-0.00021549136732626622,-0.0002278065624298938,7.38720659274377e-05,-9.234775709253094e-05,0.0003693057709069425,0.0007999901966323429,0.0005785185164181911,-8.003423006726839e-05,0.0002585283595386199,0.0005354488820419322,0.0011198071656484418,0.0013042704395337854,0.0007446268748189784,0.0009599114665020467,0.0014272270544471114,0.0037237354076637436,0.006541104502819916,0.006486058126233618,0.007317547150796612,0.006125123485131171,0.0056171473307261525,0.00527427059155346,0.003343395305417356,0.0038034657963304176,0.004722972270076222,0.005347754076173327,0.005206905986728544,0.0060149818918828184,0.006045577995777485,0.006131242106850403,0.005549805820475488,0.004747480872596921,0.004183630988814802,0.0048210030763357415,0.00551307217612641,0.005696726905751907,0.00575181674811721,0.005347754076173327,0.006742915296713063,0.006223016940419982,0.006021101187551847,0.0064738251865970224,0.00800789122002499,0.008453612456251652,0.007653614856325932,0.007610848874824832,0.007916280054392051,0.007745250087081754,0.007323658480897232,0.008148345375714414,0.004582036147608446,0.0022383617657098223,0.001574755038929112,-6.772085466308666e-05,0.000166204474976369,-0.0004063939367771698,-0.0011210625396449174,-0.0008992141720935244
2015-06-12,0.0,0.0008472901345708998,0.001298884836008082,0.0008535636799710379,0.0009288431550577269,0.00038921498341260165,-8.790822387092547e-05,-0.0009297067068306103,0.0009727535652821509,0.001298884836008082,0.0013176968568898717,0.0022265228730067948,0.003078188996238325,0.0030594100649468606,0.002132544682143202,0.0012863432921437921,0.0015496826879850538,0.002101216655775005,0.002439507413639985,0.0021388101696451787,0.0016813263851064347,0.0016499842195480928,0.0010919292460573017,0.000941389183298855,-6.27890257346677e-06,4.3951214159409444e-05,0.0002699555217590496,0.0012863432921437921,0.001035479378229188,0.0007908264548179927,0.0017377398077549854,0.001988427633786881,0.002282905548505097,0.0032597004867269278,0.003960401216096914,0.004022939911935491,0.0038040373633484383,0.004022939911935491,0.0023079634950076222,0.0024708248439849396,0.0013114262225838,0.0007971003544544788,0.0014054816087349464,0.0015496826879850538,0.002007226687568286,0.0021576063966163303,0.0022891700939967185,0.001035479378229188,0.0008912041258893035,0.00029506395882286234,0.000313894872907265,0.0006088662408577981,0.0006653401953986217,0.00134904943862075,0.0008786574680050569,0.0004017677836285285,-1.255784457168759e-05,0.0003013409695848558,-0.0006343683380308242,-0.0007788847267548346,-0.00010674670586660617,-0.0011119802874083474,-0.0014263231248661664,-0.001778504451576081,0.001919494746192285,0.003416149470597049,0.0030907080878532765,0.0026461843313825076,0.0022703763397870337,0.002965510118400933,0.002959249808452929,0.002840296472454127,0.002683757363969015,0.0027902066237775283,0.003585086885943676
2015-06-19,0.0,0.0007060685666756135,0.0006026241725088281,0.00046265295766484437,0.00014612405958617302,-0.00032276629260359564,0.00026179046562513586,0.0004869971850413187,0.000766913212061285,0.0009068418486850695,0.0015149996965491649,0.0016852176367153748,0.00210455964056908,0.002213924292807204,0.002499431175766222,0.002535872996403785,0.0018189399807024445,0.002450840015703521,0.002013413292891943,0.0017399243933170867,0.0018310956707811032,0.002226075182556239,0.0025783867754293585,0.002639117610314949,0.002906289476278115,0.002614825718947126,0.0025480199748428097,0.0023050523673037743,0.0019465673575557783,0.002062025712159259,0.0020194899745378616,0.0017095321202462942,0.0018310956707811032,0.0022078487925659145,0.002523725870413662,0.002426543550230452,0.0016365868959986665,0.00035918337915034286,0.001058915988162496,0.0008764242454073986,0.00037135682642727626,-0.0004141341610243183,-0.0003958599194810016,-0.00019486529997850727,4.262172308088106e-05,-9.74279034286747e-05,0.001417719291786098,0.0013994781622948791,0.0016912963130226108,0.0016365868959986665,0.0018797169535416068,0.001825017844211874,0.0017034535547879538,0.0017095321202462942,0.0016973749523799873,0.0019891061970420455,0.0023232769857265273,0.0030337781618297887,0.0031855292175496062,0.00321587666548326,0.003440419161093949,0.0035193005023602545,0.0038408292834727726,0.004241079141754498,0.0043380852895950495,0.0046593509578481684,0.004695714153449755,0.0038893529509010103,0.002973071291007591,0.0024933574098795178,0.0029245031407768222,0.001466360677102275,0.0014906804825449965,0.002384023315148169,0.003094481347551752
2015-06-26,0.0,-0.0008269011015648209,-0.0021787797932302593,-0.0038667251061571496,-0.004846203910664449,-0.004075679707052999,-0.0035503912340100058,-0.0034728151870672473,-0.00497169429438171,-0.005485771656411437,-0.004230931394234046,-0.004195101942420852,-0.0038428473602151758,-0.0036399095360866206,-0.002965735448354507,-0.0026079515579314452,-0.0028583868396087446,-0.0024708349997000427,-0.0021728203709365135,-0.0022502956310388156,-0.002381421285364989,-0.002822606530701621,-0.0036697507509844463,-0.0035623265446264115,-0.0031625711657256674,-0.0030850251973313456,-0.0034191122181753074,-0.0037174985471341913,-0.004015973937069624,-0.003884633789779769,-0.004218988100990085,-0.004529560093476524,-0.004577348962263359,-0.004786452119586705,-0.005539585728804477,-0.0058924386077676945,-0.005425981638934911,-0.005503709358771553,-0.005623302264662981,-0.006305255068853242,-0.0064129743525045075,-0.006712255481471879,-0.006197547387396389,-0.005150993593204111,-0.004696831126705373,-0.004619166095943881,-0.004463854127649921,-0.0031923981394533676,-0.0023039358659960327,-0.0024350685545828474,-0.0028345331580900976,-0.0021191871683958418,-0.0022979756978001656,-0.0023218165837284497,-0.002566218441207039,-0.003067130827794312,-0.0031029198870829045,-0.0026496864163819047,-0.0029597713344280824,-0.002190698744362506,-0.0005412752219185756,-0.0014400821312163228,-0.0005948238604570295,-0.0006483753666060634,-0.0020595980946308537,-0.0031864326735354226,-0.0035742619976963795,-0.0031088848548272616,-0.0031208148970597806,-0.0033654121331372533,-0.0026258377125579933,-0.0026496864163819047,-0.0025006413478582384,-0.002411224968506316,-0.0030074852418481867
2015-07-03,0.0,0.002404678166905441,0.002056446618920516,0.0028825613306188917,0.003937814851484258,0.003590116873764094,0.004191145711777899,0.0044444124118004176,0.004573965923470734,0.004379629361379456,0.004974297968920992,0.00530386288736481,0.005339166973228033,0.004226489102273048,0.0037787138308398274,0.0036962070387157654,0.0036431633631304272,0.004014410019545033,0.003937814851484258,0.0033955890011381075,0.0032658827267101815,0.003472225710749057,0.003761034377016617,0.004185255025248038,0.00448563580431481,0.004332511779445239,0.0045975193042652315,0.004662288241105591,0.004821248757414464,0.004791813531099584,0.004456190697353315,0.004108672942472242,0.0040261933708481195,0.0037904999597448623,0.004067434007020258,0.004420855424502421,0.004420855424502421,0.0042618312436570925,0.004197036363607997,0.003914245927109939,0.0026288987064460676,0.002652497944192018,0.002322057924899117,0.0028589675216332618,0.003212816219623639,0.0037904999597448623,0.004008518291825317,0.0035488565476248114,0.0035193838437673373,0.003171540322677774,0.0032010232800564146,0.002617098878723409,0.00245188666916549,0.002268941307353025,0.0027468893263287502,0.0026583976666098774,0.003083086234714379,0.0032835709366341066,0.0033602162310929985,0.0030418049825891437,0.003142056496028729,0.003248194203907731,0.0027468893263287502,0.0023397628371274867,0.0020741562343564676,0.0031951267581198585,0.0035488565476248114,0.003937814851484258,0.0030300100261123897,0.0031361596263819605,0.0033484250296873445,0.0033248422097703254,0.004538634812068045,0.004997841922540725,0.004703502653202579
2015-07-10,0.0,3.581768797206834e-05,-0.0011647737922721542,-0.0020497137279253843,-0.0011289143612380642,-0.0012783371413176954,-0.001087079983533164,-0.001391913388461915,-0.001457673954265826,-0.0015533334066882894,-0.0019061567445289643,-0.002480508371194623,-0.003061178073260248,-0.0034864181756167414,-0.00388187403351707,-0.0036002454996893153,-0.004499337477419222,-0.004817210013209986,-0.005135183624079602,-0.00590353710446424,-0.006402082024376371,-0.005501278446726528,-0.004967184967673736,-0.004601285585920443,-0.0045353179759928764,-0.004991183047828585,-0.0045353179759928764,-0.004733233862387573,-0.004673255214768142,-0.005267202370933364,-0.004907192286762815,-0.005135183624079602,-0.00512918318604772,-0.00487119840571882,-0.004727235835738211,-0.00494318746341314,-0.0059335628966219545,-0.005831478881388846,-0.0057414134037256405,-0.005585319122462907,-0.0037260697234148834,-0.0037620224096837403,-0.0037919839690053725,-0.00404369651460893,-0.004127614778269304,-0.0027857669006029406,-0.0023488569838774833,-0.002755835473500195,-0.00329473828045393,-0.0036242107979385972,-0.0035702896845144568,-0.003013275029012741,-0.0035103807460829316,-0.0037859915853249012,-0.0042834816682611795,-0.004325449982190101,-0.0047752210562994855,-0.005171187008401726,-0.005411242702475269,-0.005249198788220031,-0.005135183624079602,-0.004739231925013251,-0.004769222777805396,-0.005051180767933215,-0.0047032440888980865,-0.004265495787177123,-0.0033546343009802295,-0.0022890211733237456,-0.0032049009757522205,-0.001499523838736357,8.954181459484481e-05,0.00014923190367017596,-0.0014457171660980108,-0.0016310634502861411,-0.002043731775476018
2015-07-17,0.0,0.001066258807833275,0.0019115037765554752,0.002195021832479216,0.0006201910039249882,-0.000336339125789597,-0.0012241217295978098,-0.0018861195935704874,-0.0024613682301443144,-0.0011312448088652784,-0.0010441805292526582,-0.0010441805292526582,-0.0010499845787381578,-0.001218316669326709,-0.001653789730587508,-0.001415707625978483,-0.0014737712056144966,-0.0014099014534366134,-0.001160267919970696,-0.0014040953146058541,-0.0021940398272342165,-0.0020139240297202526,-0.001775756178349839,-0.0017409071038794824,-0.001508610971727001,-0.0017583314893075787,-0.001073201113555148,-0.0011718774002724217,-0.0017060592438251294,-0.00208945251125597,-0.002275393080537553,-0.002124313734539992,-0.0019151646220802333,-0.0013750651261107928,-0.0011544632303620097,-0.001113831346517181,-0.0013866771003787695,-0.0014099014534366134,-0.0013750651261107928,-0.0015434519516913212,-0.001177682190966355,-0.0011892918734415397,-0.0012009016907031276,-0.0006785933079669648,-0.00028994079612099387,-0.0007830331623102211,-0.001415707625978483,-0.0006553859326622003,-0.0007714281953843764,-0.0005335560476405612,-0.0007540209975074766,-0.0007076032844999369,-9.857043880524352e-05,0.00029565303303197494,0.00026087485980992673,0.0005390663848764956,0.0004289581599705184,0.0009098680739550753,0.001500549227553558,0.001384756889403153,0.0008461463178778221,-0.0006321790959268722,-0.00036533917509172184,0.0001333445422026225,0.00039418462262909596,0.0002492818666147917,3.478724699859237e-05,0.0002318921248232308,-5.2183139639509975e-05,-0.0003131396918546709,-0.0011718774002724217,-0.0016479821755391942,-0.0011196358002746117,-0.0007830331623102211,-0.0007250096743860197
2015-07-24,0.0,-0.000937777652346382,-0.0011534161032661604,-0.0014099115606222385,-0.0013574412282106297,-0.0010834742132911552,-0.000937777652346382,-0.0013166328729855884,-0.0007513170241330958,-0.0005940179078882259,-0.0010310210059112977,-0.0015556769311098524,-0.0012408503454855553,-0.0016314833216247578,-0.0016198204259608993,-0.0016081576663184785,-0.001369101064156861,-0.001369101064156861,-0.0016606411558995583,-0.0012117047486545,-0.0003843242346262452,-0.0007047072990055477,-0.0014274022832518208,-0.001625651856789881,-0.0017189593751109,-0.0018239407410149163,-0.001549845908319121,-0.001141758781885233,-0.00117673115371525,-0.0012933145605309334,-0.0013457815282144764,-0.0013341219641654532,-0.0013749310331122328,-0.0012350211581617495,-0.0014973682331847992,-0.0018297733622823597,-0.0018647698043144094,-0.0017481197601467234,-0.0014157417675070862,-0.0013516113612190887,-0.0015440149195292405,-0.002121447809002039,-0.0018122756005372277,-0.0012758261830145585,-0.0013457815282144764,-0.0015906637818885333,-0.0013865910729896922,-0.001549845908319121,-0.001958099637846661,-0.0025240983050630428,-0.00410124749730866,-0.003908351336220915,-0.0039843362912363855,-0.003773930558072919,-0.003884972511590165,-0.003516828101328205,-0.0031955429580022283,-0.0034876160951915736,-0.003943420598016521,-0.004212325804706473,-0.003329886006097529,-0.0028860385421738623,-0.003820683561961898,-0.003563569086169229,-0.0037154923768862843,-0.0040135628113828785,-0.004048635763125953,-0.004130477434612447,-0.004504696111322039,-0.0052535538458036235,-0.007392053200450809,-0.007568023825541932,-0.007526961243227658,-0.00759148891535551,-0.006823293345426694
2015-07-31,0.0,0.0017037034607834613,0.0006782920277633865,0.0011911291778435367,0.0013738007201878303,0.000819790615961511,1.7700420385616346e-05,-0.0006964651724328801,-0.0008913261574517131,-0.0009858178806375934,-0.00021833094927903107,-0.0005075453211176712,-0.00020652805757057118,9.439862185038851e-05,0.00033625442388166926,0.0002595747707900388,-8.850680180545265e-05,-0.00024193715062937446,-1.770073369582186e-05,0.0003067629454420908,0.0007018765162465577,0.003304541888474933,0.0034221495142890373,0.00281632237999652,0.0026986434785110625,0.00281632237999652,0.003275137820714167,0.003304541888474933,0.003398629095624349,0.003921827673172393,0.004133380826690838,0.0040217333505424505,0.0045034911884246995,0.0044095078821403426,0.004098125075592892,0.005125907593336387,0.0052139541054306545,0.004438878614207864,0.004585719336340714,0.004462374578777182,0.0044858699912989,0.004785388121725966,0.004744283101329051,0.004938049120660239,0.004386010675369564,0.0045798461214309714,0.004609211851039452,0.004673813420879876,0.005008500183619804,0.005695138061949003,0.005947373721782635,0.006264044691565506,0.006674394901912659,0.007441883873977454,0.007512158765958742,0.008003944778703925,0.007752227391606299,0.007693679382222065,0.007840042978929434,0.008033210130578106,0.008255598820103682,0.008419432529255906,0.008630036436736625,0.008723623938194067,0.008758716993282185,0.008360923571517739,0.0073364622753370684,0.007482878161136563,0.008161967505042033,0.008115148559747189,0.00788102094742321,0.00789272863000484,0.007277889917958608,0.006615783751710621,0.006973258344055381
2015-08-07,0.0,0.00045980357303374155,0.0008088802687276765,0.00033759793571006274,-7.568414100651456e-05,0.00013970952084906875,6.403595329909512e-05,0.0005005354669851277,0.000814697181401287,0.0007856122796625994,0.00029685940432873777,0.0005994488741961913,0.0005936307093035681,0.000384154225182388,-0.0001746643537783696,0.00022119772838635738,0.0002502990504614507,0.00021537736234352497,0.000430708347267307,0.0004888979522926429,0.000302679296136739,-0.0004192457132394529,-0.0005124353017000589,-0.0005357340558003307,-0.0015031113734000792,-0.0017305225892517186,-0.0018296667420147387,-0.0014622994493161737,-0.0006056335752694304,-0.0002911242072870639,-0.00043089393688535864,-0.0008095350857208689,-0.00046583942193233164,-0.00011643951271578105,-0.00024453863832329763,-0.00013972904232643059,-0.00033188836046118246,0.0004132508054633383,0.0004481655843108302,8.149959254730843e-05,-0.0005124353017000589,-0.00035518290837316835,-0.0002620079723635994,-5.8218061587820785e-05,0.0002270180605527261,0.00027357949837830225,0.00026193934216728337,0.0002095569624238345,0.00027939952567424225,0.00026193934216728337,0.00022119772838635738,9.314184928247655e-05,-0.0009318959513728536,-0.0016372194238741082,-0.0022613499632417717,-0.002518114843885553,-0.002296359474162453,-0.0024539174426908535,-0.0019988176921423993,-0.0021388263262369788,-0.001433149094700068,-0.0014389790976443427,-0.001724690886365194,-0.0015905711055375605,-0.0012466069443773603,-0.0012232916221295354,-0.0017538497408907967,-0.0015439249631651118,-0.0021329922417651463,-0.0025006060530128127,-0.002786621365537399,-0.00232553500289802,-0.0017130275826176512,-0.002062985882825563,-0.002027984541104029
2015-08-14,0.0,-0.00177961936934937,-0.0007138480877544859,-0.0006067383835129771,-0.0004401460880210932,-0.0007971635678187126,-0.000940006256599131,-0.0016366567061881629,-0.0005710376980558687,-1.1893293372096758e-05,-0.00016651898057487943,-0.001100728674448466,0.0,-4.1627145662456374e-05,-4.1627145662456374e-05,-0.0007376518023251131,0.00014270848842432932,0.0007073964836001622,0.0009807098152677975,0.0023105604030856704,0.0017705218751260718,0.005816676000824442,0.008538456933574768,0.006868480414916212,0.006773981436616046,0.009510832700798801,0.009469599595321532,0.008874475470811403,0.007807079020435122,0.007441189373390761,0.007978175008651552,0.007883780842141124,0.008273099362693012,0.00905717500425713,0.008733007742900888,0.008261304058403645,0.008467701799375959,0.007901480427086232,0.009434255580237916,0.01085292515343129,0.010017272147944317,0.010694087141396401,0.01199934008714114,0.012063970504000713,0.012081596256400387,0.012087471438163664,0.012345945269127629,0.012381186524894514,0.013531718479277503,0.013649045305017501,0.013062273472005849,0.013255946241926329,0.013162048977201767,0.01385433413245417,0.013267682780117246,0.013197261484688328,0.013027056210848346,0.013731165893281432,0.013948166419039728,0.013737031391541124,0.013525851776628114,0.012504521140672917,0.012052219829805557,0.012757015996697629,0.01249277564213501,0.012163845660138535,0.012363566052254336,0.011958209465093572,0.012310702771370646,0.012034593559612092,0.013613848702658951,0.01413580458284728,0.01438202625394322,0.013637313241875315,0.013396775609776283
2015-08-21,0.0,-0.004795361200736204,-0.0063039449633091995,-0.00559480889766243,-0.00518289238973622,-0.005092051291949889,-0.004450342629866977,-0.004123592699571073,-0.003700186816372059,-0.0035308746466552582,-0.003694139459520415,-0.0038937215473881788,-0.0037304241491997584,-0.0040267984055189715,-0.004256700153784909,-0.004123592699571073,-0.005146554960362929,-0.00631000812324618,-0.007080328390129398,-0.0061705647446104175,-0.005570573817382502,-0.005582691284105076,-0.006267566775666437,-0.006097819395734072,-0.005752351237491939,-0.00491644856541764,-0.004480602654258915,-0.0038634792765541923,-0.003694139459520415,-0.004565335594240036,-0.004057045615972343,-0.003011023578320648,-0.0033555458291014435,-0.0035671534126976456,-0.004020749073214108,-0.0042445987439706095,-0.005437291373512069,-0.005516047034116118,-0.005522105418768936,-0.005770530797001631,-0.005837192009593993,-0.005576632532389775,-0.004964887616990449,-0.004989108022683468,-0.004299056241419893,-0.002763282701924052,-0.0018091475409190332,-0.002678702311233027,-0.0024914426147110255,-0.0025820477665819777,-0.002829743742184519,-0.0025941290737793604,-0.0030351967062641877,-0.0034341377045555427,-0.0030472834893668093,-0.003071457493852415,-0.004057045615972343,-0.0042385480939793945,-0.00533431255979774,-0.004535073005757545,-0.0027995336308580233,-0.002678702311233027,-0.0025397643407724505,-0.0033676364848383242,-0.0016220505909589748,-0.000741354663654057,-0.0009343175490476863,0.000855189910291061,0.0027736932246343916,0.002449189592153525,0.002028379948200712,0.0024912608187462994,0.0014148829964432275,0.00013856632077370265,-0.0012781249479124341
2015-08-28,0.0,0.00026673531640664273,-0.0018380645889249324,-0.0012415652764742433,-0.0011111284682644468,-0.0007012949418717989,-0.0007323370567113914,0.00016749327739750834,-0.00011788245891651462,0.0010789092902678363,0.002026644552843605,0.0030848162424595865,0.002379492878153605,0.0027012810329378844,0.004005936860012649,0.0035300274468751543,0.002484704244791536,0.0016860588039935114,0.0012090437937559786,0.0012586143884892244,0.0022742704409190197,0.002150465161703959,0.002014261648681017,0.0022061794341671965,0.0018037288140693919,0.0005892039405236414,-3.722453841999123e-05,0.0012586143884892244,0.0015435976321643654,0.0012214366728077498,0.001512625126455194,0.001580763372788909,0.0019894953803371806,0.002645594338640509,0.0027631515009458635,0.002552776289794859,0.0026332190965497617,0.002057601142420528,0.0014692620067817486,0.001692252307627749,0.0023175986677182654,0.0024290054884065263,0.0024413832579327534,0.0032270580351932963,0.0025837165966633023,0.0011656675075646856,0.00029154428733185473,-0.0008999811301098829,-0.0010800745928935633,-0.0009807086715965681,-0.003449147192791,-0.004888251832296477,-0.005543075567797172,-0.005624178821641903,-0.006079727000618828,-0.006354404256572124,-0.006273241759844299,-0.0036546068160284583,-0.003965989732341171,-0.004869548881905523,-0.005524360366374398,-0.005705288653757717,-0.005767685309317247,-0.0066603836584278875,-0.00838561052231239,-0.008579572062224304,-0.00866092197012476,-0.007835214911582686,-0.009167943604519814,-0.007072667215403454,-0.005031652740955827,-0.003990904554793149,-0.006029793786282729,-0.00752887587940656,-0.007391366425414861
2015-09-04,0.0,-0.004926640425803532,-0.0057576306080309265,-0.00664736200654462,-0.011295841844531692,-0.013326220367460178,-0.015399770357209203,-0.015015936897182319,-0.0167932174754235,-0.01840395958003853,-0.017184252354199733,-0.017575440201070193,-0.01565357168419536,-0.015399770357209203,-0.01598556295131773,-0.01553642460590472,-0.015822808362092863,-0.01619392748582328,-0.01668245205366862,-0.018462699606488508,-0.01826038737276088,-0.01830606720283978,-0.017868931543551795,-0.016675936822687348,-0.014242212285025741,-0.014008262232294625,-0.014021258021659096,-0.015269640813064585,-0.016239513015681592,-0.017321150694358182,-0.01606369456405899,-0.015386756640751831,-0.016526098224635764,-0.015790260622693238,-0.01592696824761105,-0.015477856212646806,-0.01681276558821668,-0.016584728045733854,-0.01735374829974097,-0.017477628892048694,-0.017836317140376184,-0.018116835775502833,-0.019291954728299393,-0.01969703787388642,-0.019403009586247005,-0.02005652322546173,-0.01971664283394189,-0.019729713020845793,-0.018423539205480982,-0.017021302571703062,-0.01698219857461783,-0.01717773385306384,-0.01871727959983445,-0.018978454627762983,-0.018599773087880002,-0.019703572817865656,-0.020631968721151344,-0.020507696774729262,-0.021358287332114492,-0.02165943891183552,-0.021063770256176312,-0.019651294461746602,-0.018900094956833476,-0.018782566962182903,-0.01820165922858602,-0.01839743312341506,-0.0185018615410931,-0.018808683100652125,-0.017921116801228293,-0.01764717457523485,-0.01822776020019614,-0.0185606073187573,-0.019069882005101815,-0.019063351200931198,-0.019076412851924112
2015-09-11,0.0,-0.0012850365013753863,-0.0015142263798255955,-0.0018581097176093128,-0.0027183357870765195,-0.002100172604180739,-0.0041664603364161374,-0.003400670674165493,-0.003560161833908605,-0.0025526050736089344,-0.002871342366657932,-0.003413429030889413,-0.0025781003187470603,-0.002966983368665945,-0.0038154006111691774,-0.0030817646466901345,-0.003911131950810895,-0.004645376844881798,-0.00429414898060011,-0.004741187676050261,-0.004185612593669926,-0.0044665545171605646,-0.004843396015062053,-0.005047844038059068,-0.006364979778350176,-0.005866054376536044,-0.006249821051110763,-0.0065825380080283755,-0.006646534731418,-0.005667832616892643,-0.005757347255792799,-0.005961982238857169,-0.0057317708270281905,-0.0052715069342757015,-0.005776530006663888,-0.006569739154805469,-0.006275410733352243,-0.006928168980003991,-0.005955586761738574,-0.005584719054949179,-0.007107432081095425,-0.006953776027064704,-0.007062613293052043,-0.007081821099104874,-0.008164457070847966,-0.007671039697031774,-0.007171462405879015,-0.009395857944767843,-0.00947928888164927,-0.008632467298682204,-0.007549324798016937,-0.006761739155395237,-0.007991412870441294,-0.007344364764505898,-0.007876066703650956,-0.008446519203312821,-0.008472165160870241,-0.008946734049601968,-0.008664530810088292,-0.008331120532833938,-0.008446519203312821,-0.007235496830807745,-0.007510891591722027,-0.008375996211185474,-0.00854269493568498,-0.008375996211185474,-0.008433696471173126,-0.008286246868218541,-0.005322636906676581,-0.005360986101667819,-0.0057381648728926935,-0.007523702496364215,-0.010301134613538902,-0.00975530235029135,-0.010114876002553707
2015-09-18,0.0,0.0015709840656065277,0.0018711303891916955,0.0013645811977503232,0.0017210684883761254,0.0023086823554676135,0.0030770602102669093,0.003120771280102405,0.0029708967996989618,0.004424979564164078,0.005191733645110141,0.006200708624671796,0.007531993386479755,0.00756307699205618,0.0066861485485679596,0.006630148274774235,0.006692370607634033,0.006499468772290401,0.005795995265163483,0.0063874441765509726,0.006953662135809865,0.006742145686506848,0.006735923937137511,0.006231833638291512,0.005982806399650408,0.005546859453716488,0.006518138318216609,0.00660525825753665,0.007096721427910313,0.007606592416727069,0.007942219202894757,0.007998146050592538,0.008103777118652043,0.008283945545554595,0.008991879401937864,0.009022917662804532,0.00871249169380036,0.008886342108374938,0.008911175414806762,0.008283945545554595,0.007022084350663498,0.0071091603992074195,0.006947441702307789,0.006767032296889545,0.006847909503559277,0.0059703534096872644,0.0067297021490577685,0.006816803659701874,0.006947441702307789,0.006941221230111679,0.006592813016596533,0.006679926450787847,0.006474575502184725,0.00756307699205618,0.007836571067020093,0.007730911768437265,0.007221104178670639,0.00720244775230865,0.006810582374819841,0.006661259925156472,0.005335045201563324,0.004350142801816834,0.004418743381206876,0.0041817396067479525,0.0025023942190504347,0.0019899134258631644,0.0009954516822803321,0.0008389997612009277,0.000882808766461766,0.00033192734227415074,0.0004571543163280135,0.001339559773154245,0.0019148942021520242,0.0009078416220862635,-0.0006955257922555379
2015-10-09,0.0,0.00011568119493325856,0.0014784936663006904,0.0009676566122087076,0.0009372414143404481,0.00034091670395872153,0.0006452084368746071,0.0005965279814594037,0.0006634629967121245,0.0007608150217109891,0.00080948748041,0.0013143244987255812,0.0016608722482655638,0.0024386473646439743,0.002183506580220838,0.001442013958134363,0.0013812114871032972,0.0007608150217109891,0.0004991599606916932,0.0001887361079083175,-6.69794403812742e-05,-0.0007613943019614413,-0.0011453568611876229,-0.0019320262109818812,-0.0015660565091881816,-0.001767323270661982,-0.0016392397356253577,-0.001602647452933524,-0.0014319011692995286,-0.0013892191533604126,-0.001688031528855347,-0.0018649217384433705,-0.0028047943755579183,-0.0021638763148275663,-0.003018525045195776,-0.003213975926568561,-0.004448642081810945,-0.004210147167043171,-0.004466990200670659,-0.003647769026285164,-0.0029818822574084343,-0.0032689533705588976,-0.003935031387417998,-0.004613787272332599,-0.005054307827904493,-0.00516446829509634,-0.005550125524062506,-0.006033937728629226,-0.006707990403790095,-0.007235293688967267,-0.006493469810522815,-0.006052314958017469,-0.00599105884004351,-0.0058318104919085805,-0.0058501840070993745,-0.006144206171138011,-0.006334141440544063,-0.006138079827554274,-0.004895208574111662,-0.004466990200670659,-0.004307984353812879,-0.004503687448381035,-0.00504206852505516,-0.004314099495821886,-0.003776110095909162,-0.004106205643227921,-0.004014501505167289,-0.0026033187183251796,-0.0028963876404638563,-0.0013160542212795885,-0.0011148782556423572,-0.0017063290650925769,-0.0028475368551777276,-0.0027620537227794786,-0.0030368469426119583
2015-10-16,0.0,-0.0023209093720496644,-0.0028530341219839017,-0.0022291923373805246,-0.0027918559527826308,-0.0039916308328736905,-0.003330352337064242,-0.002889742820114093,-0.002822444569537218,-0.0032263020255844837,-0.003012114880277998,-0.002651160365804213,-0.002742916112072092,-0.002865270204969185,-0.0026756277416181296,-0.00255941303788077,-0.002247535071365452,-0.0022658781418125524,-0.002375943630889635,-0.002681744679112231,-0.002895861067480979,-0.003373199729959911,-0.0030304719809580564,-0.0030059959216023583,-0.0037160449815442477,-0.004175396935895477,-0.004389833412974525,-0.004034506569806932,-0.0041018864422395366,-0.004108012110320127,-0.0037711560763400553,-0.003936507586467936,-0.003789527116233309,-0.003954881664319445,-0.004016131028876405,-0.0050334188803509445,-0.005082470949131845,-0.004818844365462348,-0.004573672713432255,-0.00474528655818743,-0.004463365077580698,-0.004181523054295106,-0.004297926435025704,-0.0038507663534565893,-0.0031834609262753784,-0.003036591089403983,-0.003581341757035252,-0.0036609369238138345,-0.003942632241573435,-0.003985505877662287,-0.004377578661194465,-0.003918133846217073,-0.0036303226483747676,-0.003483387171151755,-0.003122262539445674,-0.002987639270222275,-0.002950926978330908,-0.0028775064376780272,-0.0021313701047545987,-0.0008239168249112829,0.002674572155178869,0.003793453390786951,0.003294976167560698,0.0043159797568392,0.005396621204426108,0.0057666848778004706,0.005863728092433017,0.005299532647449974,0.005299532647449974,0.006136611654711108,0.005342010050994674,0.0049960701379139745,0.0052873959150222805,0.005584703463666605,0.0058940521658073985
2015-10-23,0.0,0.0003303035519645061,-0.00046260833820386063,-0.001099796077668788,-0.0009494793600622767,-0.0012381074167128459,-0.0005287127170421888,-0.0005707814152325669,-0.0008593001739585398,-0.0009855533116669083,-0.0017073057578618504,-0.0016230744586647348,-0.0013343352843775004,-0.0015689295126308804,-0.0012681776306647436,-0.0012200657223567315,-0.0015689295126308804,-0.0014907253214480826,-0.00164112342551225,-0.0017915441525686213,-0.0017253562450750437,-0.0015990096762692984,-0.0016832389483977719,-0.0018697718735040186,-0.001442602705012112,-0.0019600422332926577,-0.002128568710404817,-0.0018757896439801315,-0.001857736441191054,-0.002068377422473649,-0.0017253562450750437,-0.001394482404250807,-0.0014606484147954507,-0.001538850253781602,-0.0016110419950777421,-0.0015809614695085827,-0.0017915441525686213,-0.0017373900842309854,-0.0019480057144944999,-0.002110510943608377,-0.002128568710404817,-0.0019780972831401006,-0.0017193393798017858,-0.0016351070670334274,-0.0020081897573155654,-0.0029535543801649036,-0.0031704519029608865,-0.0032548136461656445,-0.002941505897068689,-0.0028270525472257105,-0.0033452091264532554,-0.0026764759893019283,-0.0025861409365300378,-0.0019480057144944999,-0.0011779697013265204,-0.0011659425922224758,-0.0009915657634546795,-0.001538850253781602,-0.001442602705012112,-0.001424557320870316,-0.0017012890011946355,-0.0015087718996668119,-0.0023573286519247795,-0.002423558402955338,-0.004074698305391325,-0.0040626363067182425,-0.003182503144841599,-0.0030318730589085586,-0.0039299639228832384,-0.003694815220393282,-0.0033150763917545786,-0.003176477505747356,-0.002935481709957541,-0.0030258483273856492,-0.002971627376999578
2015-10-30,0.0,-0.00010463953229529917,0.00017232359952789537,-0.0005602568708750657,-0.0002523845738710782,-0.00036936488129326255,-0.0013180263542407322,-0.0008928654490832108,-0.0010037595637997956,-0.0010037595637997956,-0.0015275924299585628,-0.0009483109692534191,-0.000338579263100129,0.0005783974859436452,0.000590700181464516,0.001390050905319946,0.0022931630171044927,0.0021457718406561054,0.002765896438030601,0.002557184557883935,0.0019246443351791005,0.0015006798926858933,0.0011810516422036898,0.0016112966426327956,0.001574425752196677,0.0015314079950743333,0.0015129712469475877,0.0014883883873449525,0.001359318458922612,0.0010580904916240794,0.0007260198436177332,0.001082683931325533,0.002139630070167955,0.001752622463402682,0.002256317259582317,0.0023422885820584337,0.002636991302824083,0.001629731578065036,0.0014760967309212728,0.0013285850680129889,0.0009351142197407868,0.0005783974859436452,-0.00011695078539625671,-0.0013180263542407322,-0.001539921213970657,-0.0012748858486890558,-0.0020270298025707478,-0.001817359046556286,-0.001903688739707846,-0.0017988607961819708,-0.0021503860803281896,-0.002094873872254161,-0.002471183635147212,-0.002409483804802202,-0.0017125401519297327,-0.0016817131561105297,-0.002397144295544312,-0.0034156660456982108,-0.002705677715246211,-0.003156307524317083,-0.004626896024639371,-0.004676365159001511,-0.005567228303399618,-0.006657139917909298,-0.006588985628964461,-0.006725298852177726,-0.007859897725834652,-0.008188737946576955,-0.007959158850916947,-0.006334996920804182,-0.005517715080264288,-0.006223510057557489,-0.006830644525511545,-0.006774871904276828,-0.007363739838219584
2015-11-06,0.0,0.0013067116184082618,0.000206436438641199,-0.0011580849701009514,-0.0019162612479331192,-0.0030200902665315312,-0.002455480020795078,-0.002769113022575555,-0.003390396715036814,-0.0027816603888836445,-0.002574648974287808,-0.0028569478930757165,-0.004703264577228038,-0.0056214112433271984,-0.0071451299146781996,-0.005917158463413944,-0.005489297134291919,-0.005866812333762017,-0.004225658630753367,-0.00428220532420049,-0.002606011585666802,-0.002499382719877413,-0.002449208363980173,-0.0019287979176923307,-0.0023363252668498063,-0.0026624667649741015,-0.002116866826694748,-0.0014462495516566825,-0.0017282300592728014,-0.0024617517169440196,-0.002762839398459889,-0.003151878539448768,-0.002907142711726109,-0.0029698897783213443,-0.003013815067686202,-0.003007539908218746,-0.003490842443038806,-0.004257073065688752,-0.0044015921785929,-0.0036917641721439334,-0.004087446839810998,-0.0041502680130799,-0.0026938321307124692,-0.0024805670413992243,-0.0032334704606386483,-0.004175397587449173,-0.003779680124550128,-0.004200527793329711,-0.00415655034746979,-0.004187962611448536,-0.004709550386698944,-0.005093059499740681,-0.005753542808806552,-0.00545784396648347,-0.0053572004770887265,-0.005552206437969483,-0.007012814360791856,-0.006540401677488879,-0.006238174639720859,-0.005778712705611307,-0.005319461779824071,-0.005338330950430296,-0.003384119192021768,-0.0023802227349136716,-0.0014713112661297741,-0.0031707068534680043,-0.00337784170841377,-0.0034531741126832003,-0.004332471736194595,-0.005407520955647104,-0.004690693076819297,-0.004319904896314818,-0.004049756030082413,-0.003672926045030027,-0.003729441491030385
2015-11-13,0.0,-0.0010762009216557227,-0.0010052777926265997,-0.000973041669468911,-0.0007925385810866011,0.0005344477446992053,0.0005086977768850992,0.0015188866136643345,0.0008691370017237203,-0.0002641097423534631,0.0002318437383594962,0.00022540436027462915,0.0007018063753237434,0.0005473224799625997,0.0004443199563095774,0.0009399223002902777,0.0002704791361158254,-0.00016103422656238477,0.00012880871279946656,0.00029623523870372676,-0.0004187429398317703,-0.0007151900874100778,-0.0016179616572542447,-0.0017986138120223763,-0.0016695732285799429,-0.0016308643003608244,-0.002385958803719304,-0.0026959061797194334,-0.002831538371259199,-0.0025280060927918395,-0.002573207189249073,-0.0020180210262373465,-0.0015792547267735179,-0.0014244419853757572,-0.0014179919745718752,-0.0007474178993700421,-0.00048318049663957695,-9.661742406143794e-05,-0.000560511046111652,-0.0001932441839514081,-0.00017391808502045442,-0.00019968629992893558,-0.0003220943893236769,-0.000276994928898779,-0.000515400832184951,0.0005022601813270377,0.0009334874801917581,0.0010428737909258864,0.00032199067793189316,-0.00012882530662141142,-0.0007538635863995998,-0.0008312150715867784,-0.00033498032303857264,-0.0007409722538868757,-0.0005411778481101619,-0.000554066605247561,-0.00047673655410665396,7.728721866467626e-05,0.0015446105826168435,0.0010557419820441771,0.0007339875165340514,-6.440871192239961e-06,0.0004121294917663027,0.00041856766757357195,7.728721866467626e-05,0.0001481285887664045,0.00016744809148294622,0.00010304829754022712,0.0012744758995402723,0.0013709609492566072,0.00036062259304960634,-8.373456148912476e-05,-7.085186488293255e-05,0.00019320684785175603,6.4408297076854425e-06
2015-11-20,0.0,0.000611909303541905,-0.00014028196698315367,-0.0014867139666032772,-0.0004272836622632119,0.00010838622485451729,0.00024225887391613748,-0.0009121847455650293,-0.0021190775903599268,-0.001148340136909459,-0.001448401747554762,-0.002323563500715242,-0.0022852192073000203,-0.0016719103870940953,-0.0016655237326472442,-0.001173873790265925,-0.0006186638970967026,-0.0006697048127818351,0.004808680139260145,0.005607883515619123,0.00599457009195395,0.006412783944729904,0.006267062608017093,0.00729932566708708,0.008071243097601025,0.00804594377498897,0.007128410924641432,0.007590446484281437,0.007311984856392689,0.007913111829343454,0.0076727044008612875,0.007495525094940626,0.00817243398797752,0.008159785686644078,0.007900460247579132,0.007558807022276181,0.00733730275424905,0.007229697261201281,0.006210035434553614,0.006032596761329309,0.005702984243211451,0.005449362202096683,0.006672495413084158,0.007046108221584335,0.006919475450120334,0.007039776963848346,0.008007993590926032,0.008090217169532406,0.007482868228907132,0.007552479009746733,0.007495525094940626,0.007356290756996437,0.007280336582645109,0.006476134424947567,0.007204376638818963,0.007103087737463674,0.007261347137611185,0.00792576325104706,0.007849852319836537,0.007432239162749308,0.007584118671964368,0.007482868228907132,0.008083892518890093,0.008064918326953037,0.008235673095062242,0.005328869195301656,0.004116790141207174,0.005125900781564044,0.00501805705336527,0.0039135755395386645,0.003551497205970942,0.0032655532553908175,0.002050969196451767,0.0011406542473944249,0.0016563889419829874
2015-11-27,0.0,-0.0007461129758782383,-0.0013345436861611811,-0.0014737930059634489,-0.003108256467709462,-0.0006196139624018717,0.0002717502947519308,0.00046129979933145414,0.002707881965083397,0.002695274804215881,0.002020559877194072,0.0022476175886710073,0.002588107519133531,0.0031868363412319864,0.002588107519133531,0.0021782443131209343,0.002688971164178822,0.00264484457128065,0.0027204889670124116,0.0027835215927204393,0.003552199882015157,0.003520708282396922,0.003167934595655145,0.0033317378557061825,0.003338037445288041,0.0033128388488485767,0.0033569359759277,0.0033254382264392454,0.0027709153854238236,0.002449403393724418,0.0015221135681533916,0.001250702893735939,0.0007139765954706378,-0.00038563296438562486,-0.0005437222345636976,-0.0007271371036990685,-0.0012522691105408702,-0.0005247502025005412,0.0002970256380239845,0.00019592043165160975,-0.00022124663084225674,-0.0004994547196399805,-0.0003603410002736213,0.0003475744081198906,-6.32083283503773e-05,-0.00040460235727084973,-0.00024021290564525623,0.00048025277384350487,0.001162320729199365,0.0009729040688063226,0.001244390141028659,0.0016735665706832947,0.000865552032961403,0.0009981616966112145,0.0015410464479397121,0.0016924965832721718,0.0014842467331852272,0.002934783686097998,0.002959991810678059,0.0027646122221812305,0.002947387827819111,0.003470319660137038,0.00375372263902473,0.005138093317652647,0.004936849377874848,0.005131805057520003,0.006043190205944932,0.005546745431512965,0.005112940039864857,0.004313994353979577,0.0035710943657712617,0.0041188791567188885,0.0049054013535945505,0.004477610008586855,0.004817341623880961
2015-12-04,0.0,-0.0018244500504422962,-0.0011775097033194903,-0.0013312001965841865,-0.0016322458521109313,-0.001491319581939751,-0.001139090770464594,-0.0007165798973277203,-0.0007549826008828322,-0.0011326877584877648,-0.0007165798973277203,-0.0009534200665274489,-0.0015745917956516576,-0.001638652063573672,-0.0019526067093173184,-0.0017091230984057355,-0.0013440088039685816,-0.001190316342281361,-0.0012607557884002254,-0.0014977248906597245,-0.002048734982959637,-0.002895062485261142,-0.0025423389751477446,-0.002535926971877628,-0.0027796120037685743,-0.002651349321620031,-0.0021897398350418863,-0.0022474293692149915,-0.0026192862214361495,-0.0028116802449886106,-0.0026705876752022443,-0.002798852825095614,-0.002535926971877628,-0.00267700054197825,-0.0027411314717062734,-0.002792439176852268,-0.0032479104531496,-0.0032029956148836654,-0.003292827308848955,-0.002952792724697401,-0.001926974063578299,-0.001792413451829326,-0.002035917345890797,-0.0021448724981352166,-0.0013632220226636657,-0.00129917939586933,-0.0014977248906597245,-0.0010110383200059576,-0.0005821820474911296,-0.000748582047874946,-0.0005053913851979113,-0.0011006733135675059,5.756003033082384e-05,-0.0002110817949788875,-0.00013431962333945737,0.0004539946813533388,0.00010232665234496758,0.0003453104951148831,0.00017267015247462205,-0.001164703228365521,-0.001907750010442393,-0.0018693030128277162,-0.0016002154103763931,-0.0013055834739863813,-0.0014272687511786232,-0.0016002154103763931,-0.0031965793740948746,-0.003209411896840755,-0.0031452509297846937,-0.0034468432754752743,-0.0038319870030353357,-0.0034853509738106752,-0.004230124751110401,-0.004673399984101913,-0.0038448276823075033
2015-12-11,0.0,-0.002248462440745991,-0.004299878799763871,-0.004371591661496437,-0.0037068150215095277,-0.0037589383975524574,-0.0036937846019949715,-0.004052183021058781,-0.004176023241261497,-0.004325955609007001,-0.004293359703701699,-0.004032630703945509,-0.003153171872705308,-0.0029448209047474227,-0.0026323758241918464,-0.003029458250049835,-0.002456668357148737,-0.0027234955555818546,-0.0035700040842388835,-0.0035830328909306785,-0.0037654540105901183,-0.00391532482874183,-0.003980493060555227,-0.0044367896351664785,-0.00426728374443095,-0.004299878799763871,-0.004919386799818328,-0.005878750952067817,-0.0066560537506297176,-0.007532059742570183,-0.007218178334850709,-0.007689037399739345,-0.00787875161873473,-0.008219018993648734,-0.008258288065332974,-0.00858559031223901,-0.00874928161699513,-0.008690349660469786,-0.009378105344369598,-0.009332240246717985,-0.009928650660288876,-0.010354875982558024,-0.01058445719464015,-0.011838244156049888,-0.013238302884842134,-0.012968655627855654,-0.011884224338599144,-0.011779129884862191,-0.011956483182948993,-0.01115535893958468,-0.01074847605061547,-0.01099127333904065,-0.011115975939907846,-0.011063467686254599,-0.011312906450331745,-0.011234129592306004,-0.012055026386011318,-0.013258036026983798,-0.01414643069055545,-0.014238605691443813,-0.013777815625823517,-0.014324204371959375,-0.01471937018208737,-0.015088332545523778,-0.011765993854701774,-0.01189079310869562,-0.01292262555705991,-0.01289632361071422,-0.010610698403836495,-0.010715670127174953,-0.01149017707409917,-0.012291569700823204,-0.011838244156049888,-0.0117003162921039,-0.011299776543028687
2015-12-18,0.0,0.0007980056666920155,0.0009001044345762057,-0.0005877392651237303,0.00038950632163144676,0.0008171499797148953,-0.0002618846125820703,-0.0010159842661556903,-0.0006452540512324418,-0.0007091632490659175,-0.0014636003980411406,-0.0017898469345654642,-0.0016299088622459506,-0.0012141895499343878,-0.0007027721454822647,-0.0008625619902188396,-0.0015851307855847274,-0.0027051846652595387,-0.0029549677075706546,-0.002628340895010155,-0.0033650033351602282,-0.003409861183849481,-0.002910130259326527,-0.002910130259326527,-0.003659820326445103,-0.0027115885793318833,-0.0029229407536835407,-0.0031151178646999997,-0.0028140567822573515,-0.0028396754736560526,-0.002916535485991327,-0.003320147498607416,-0.0034034527965521224,-0.003191999051270905,-0.0034162696122145304,-0.0034611297607089935,-0.004006020779963429,-0.003031836582120125,-0.002602727617085534,-0.00335859523532208,-0.0035636748005031245,-0.0031599645052137132,-0.0025515030292721868,-0.0024234530383808956,-0.0028588899229223946,-0.003031836582120125,-0.003557265427435887,-0.004743699179233207,-0.005257187896973644,-0.005636054832522987,-0.0058480260694622034,-0.005398443531382141,-0.004846375831294486,-0.0038585503779675974,-0.003794439594511891,-0.003935488743962946,-0.0030958984915712803,-0.003313739686202468,-0.0040380824409525715,-0.004063732509888706,-0.004025257653202772,-0.003608541562252082,-0.0036213610067856983,-0.004416487691832309,-0.00457045623123166,-0.004955481326789848,-0.004166339365399147,-0.003961136181464809,-0.004647449391710555,-0.006085744233212996,-0.008536891419431656,-0.008111852773156437,-0.00834366963887143,-0.008169801951743091,-0.0075454154555401635
2016-01-01,0.0,-0.001550466080604546,-0.0014054018894456254,-0.0015126212193014312,-0.0013423370650917676,-0.001733403103467697,-0.0016387763271736061,-0.001058594562660022,-0.0006236790334175469,-0.0004094423767063446,-0.0010333769027314288,-0.001020768311237124,7.557103365880687e-05,6.297625797159052e-05,-5.038386205955251e-05,-0.00056696486336694,-0.0006110756065456088,-0.00020155068123084142,4.408379700756877e-05,0.0007554534653725977,0.0014034295066409862,0.001221032112531318,0.0014726060231278935,0.0015857936380084434,0.0014788945600683549,0.0007680395225386403,0.0007932111616541891,0.0010197274057248584,0.0009693948965757171,0.0003903888826531448,0.0006484655832214974,0.0007554534653725977,0.0009756865987643089,0.0010134359806226784,0.0010952214197145534,0.0010008530116709833,0.0005162882766136893,0.00037150260636501837,-0.00015745799840428363,0.0002770658741834754,0.00020151006673947775,-0.00015115920241911296,-0.00047244839380173166,-0.0002078497946305426,-0.000258244130317897,-0.00020155068123084142,-0.0003590404210997782,-0.0005606634874614877,-0.0012099138782289151,-0.0014117085906309931,-0.001058594562660022,-0.00017005570940047818,0.0010511839375190084,0.0025159619523989194,0.0027734907452269158,0.0033134577324594743,0.0032004655099705207,0.0037527506035253447,0.0038280385800708665,0.003727653351672874,0.0038656804428456415,0.003903320888763916,0.003934686844785156,0.004179307542797724,0.003771573129069422,0.0039974158055123285,0.003620983003732453,0.003219298433688548,0.0034578181064153063,0.003627258045069311,0.0032883494530029952,0.0035456794361903286,0.003401331746287167,0.003018395626023829,0.0028488524815970173
2016-01-08,0.0,-0.0001244632523853799,-0.0013109168462079978,-0.0017963919653028698,-0.0022295822213583487,-0.0038721581491473612,-0.0028205987870252025,-0.0028271676002705596,-0.003589442897406503,-0.0037012044903226154,-0.004654973099444601,-0.004780017111809234,-0.003714353734241348,-0.004003680853443766,-0.004503624949057864,-0.004122066079105834,-0.004010257442758784,-0.005030152054331791,-0.0048590003344974935,-0.0048524181609978685,-0.005016985497386173,-0.005418643494298635,-0.005820462885184931,-0.00609721930176963,-0.00447072620808971,-0.004115488754432642,-0.005155242992314761,-0.0048524181609978685,-0.0048853294617541825,-0.004358878583912743,-0.00506306920515786,-0.005418643494298635,-0.005754579788128466,-0.005438401329103956,-0.005214502056499822,-0.005412057636111916,-0.0054318153407941945,-0.005142074788260012,-0.004918241845699864,-0.004457567014748114,-0.003293663664867661,-0.003457974659943255,-0.0024134166133512546,-0.002045781618237549,-0.0018554523151540943,-0.0023411919288926102,-0.001783267916796241,-0.0017307734451081835,-0.0011010546330964637,-0.0015405040821661194,-0.0017701440405278896,-0.0015733065620365428,-0.0024265489346206193,-0.003089955518794457,-0.0028008926061810074,-0.0020064001695201386,-0.0013896265321313604,-0.0008256772988446851,-0.0015011425265923789,-0.0008387887858185678,-0.0007994548406189219,-0.00039964752930631486,-0.0006290256207722225,-0.0012453301733963897,-0.0024856465145919496,-0.0030571032521493615,-0.002636689532587323,-0.0026760958113260383,-0.0030439626476812987,-0.004286513257398316,-0.003385674495921856,-0.00360916462384701,-0.0037077790906692104,-0.003793252828915132,-0.0033199516098748193
2016-01-15,0.0,-0.0007404420512693523,-0.00044287712205973346,-0.0016667662647929658,-0.001924966609832422,-0.0026337049858872756,-0.0035816823186838645,-0.0031374132169230224,-0.0031639312060654946,-0.0037077050095677246,-0.004968806184256501,-0.004298233350524154,-0.0037342381262156416,-0.004165499971866533,-0.0046434226105998636,-0.0041588637653876,-0.003946528407435054,-0.005294295666845217,-0.006078562517271096,-0.005998778466060609,-0.006783598230593244,-0.007043123301173323,-0.005440468270373129,-0.005633182990054523,-0.005307583202472579,-0.005500272312479648,-0.005945592634753571,-0.005201287860765814,-0.0038403776334298653,-0.004112411553092548,-0.004437622362249254,-0.004510643408938841,-0.004669980566701047,-0.005553434463698686,-0.0060253724425265425,-0.00685013669983369,-0.006657187335136407,-0.006617271424649081,-0.007236147153530316,-0.006816866911792537,-0.0067769446271678515,-0.006723717393441197,-0.005799346182631236,-0.005666413419826745,-0.0058126404308748904,-0.0048359837742643005,-0.004557114124098405,-0.004411070576308268,-0.004185408855542844,-0.004696539228146218,-0.005221217376711802,-0.0036347425686101597,-0.002945178822946549,-0.00437124421921989,-0.005486982216259193,-0.00685679079026955,-0.006351206064124171,-0.005294295666845217,-0.00496216464474775,-0.005334158803414954,-0.004669980566701047,-0.005267721125254461,-0.0065108367853952635,-0.009521984295031505,-0.011492125613684248,-0.012963914369975967,-0.01374752161524094,-0.013506346286307872,-0.013472854312656324,-0.015209216099785953,-0.015752867639259375,-0.015779722288472284,-0.01608860259980827,-0.01721077502813444,-0.016578978149971706
2016-01-22,0.0,-0.00038072964576142074,-0.001598677860020552,-0.0011017935863941836,0.00044853106829570487,0.0006727211824505548,-5.438107539911124e-05,4.758101518391435e-05,0.0016164857866446147,0.00269495284023185,0.002769520769955643,0.0030541835481532422,0.0035690817316404084,0.003541988435874982,0.002979636842913646,0.004076945161154281,0.004307091643636697,0.00472663421306014,0.0047942858881415956,0.005112187469842624,0.005666582416061256,0.007354916431829156,0.007064725882581074,0.0070984732966887605,0.006112579598805501,0.0068554664913023765,0.007442631882962027,0.007948532379753591,0.00769898678749093,0.0074628728175543235,0.006720437189738902,0.00580851218809691,0.006605647946040041,0.007415643332852965,0.00793504502078068,0.007665259633418632,0.008137336307436321,0.008885458454729487,0.00865636337927147,0.00812385149470633,0.008683318465360936,0.00889219575071561,0.008319363483922034,0.007901325827475597,0.007341421064113796,0.008015966446120737,0.008022709602659831,0.008373291099593042,0.008036195779329075,0.0074088960815143915,0.007260445032974892,0.007854117046633382,0.009781120614293018,0.009599359347118412,0.009040404779611497,0.008117109020150656,0.007678750631550236,0.008224983158105038,0.008305881125587807,0.007550578800170471,0.009134708180666168,0.009195327099849297,0.008851771293913813,0.009801314271465952,0.010413661498196145,0.010097441069739975,0.009693610054068689,0.00984170036250162,0.009962848850313073,0.009888815407353976,0.009505099756135262,0.010184916299165821,0.00982150752086333,0.00906061339993596,0.00973400049500309
2016-01-29,0.0,0.0004346532371523354,-0.0004281509297410225,0.0005015062007691876,0.0001337595807293194,-0.0019951400202939894,-0.0026923685651854736,-0.0023638060900988273,-0.0017807059244510912,-0.0018343101377551758,-0.0028600440799229363,-0.002665543091714272,-0.0022163233520155487,-0.0017606050852404431,-0.0017472047502318743,-0.0024241462072439207,-0.0029002903873296443,-0.002752728511684561,-0.0025649539747013097,-0.0016467079610197003,-0.0015529200689677436,-0.0013653706692459842,-0.00028095337027837005,0.0016373233093542093,0.002164705470025767,0.0029185791151496564,0.0028185400998502865,0.002691809645352002,0.0034119585072335122,0.003445286174866361,0.004071639685265821,0.0036718848628967235,0.0038318059688253817,0.0037718385511044485,0.004704258180821126,0.005096946201894147,0.005895158249383974,0.006333903445182336,0.0060148351219712634,0.005336476723219946,0.004477893332983472,0.0050570188696336775,0.005050364159263123,0.005469524447634821,0.0054362641760284484,0.005542693151417378,0.005762167146292811,0.005908456386980103,0.005908456386980103,0.005529390148929638,0.006646225897392264,0.0075693325153387975,0.007960897286149633,0.008040518818508046,0.007595884125031681,0.008173207286084515,0.007363533633228993,0.008246178439293315,0.008431899168913567,0.00814003681973796,0.008133402594432848,0.008113499654436413,0.007887905311916552,0.008020614029746916,0.009711108222255278,0.009717731988992674,0.009459372569857794,0.009366611879121836,0.008683893573318944,0.01080343654570524,0.011445036731752662,0.012429786410657239,0.013248570957602344,0.012198556497725627,0.01229105487906975
2016-02-05,0.0,0.0005725274548585002,0.0002088421060222248,0.0014273405417988794,0.002657795461021223,0.003060893950157417,0.0028795197377142184,0.0020461191464226382,0.0018107593642881306,0.0013129590929994708,0.0010976173380742719,0.0015282544858369917,0.0027182705940009995,0.004094770272495525,0.004819189259804978,0.007938919717680836,0.008526962421179047,0.007303712501765367,0.007230136121088131,0.006935776451588938,0.006888938514189427,0.006674794287234685,0.006346797042148609,0.005878042848260091,0.007417410806779902,0.007965656434547155,0.007444161470532215,0.007210068895883007,0.006755103746393704,0.006105750900732835,0.006032086322312057,0.005677080909774846,0.006219585485811308,0.006487380463578005,0.007611336908168899,0.007684885247848489,0.007317089443930293,0.006875555843409683,0.0068153316084901515,0.007263580601581362,0.007069587042896914,0.006621251064455347,0.006313321885732862,0.006206193854241739,0.006219585485811308,0.005610084621344039,0.005027027441767931,0.005241524781482814,0.00435642655826783,0.00577756692722994,0.006326712082769748,0.005723975641160259,0.006915703318473488,0.007109726729009989,0.006634637138922216,0.005978508674893771,0.005549784123846617,0.005288439942125468,0.005362159319297117,0.005790964300005276,0.005723975641160259,0.005362159319297117,0.0052549293376916075,0.006279845608693505,0.008900991452863683,0.00888095772942877,0.007537783158733379,0.005790964300005276,0.006554318004183787,0.007537783158733379,0.008179524438704119,0.008359939996360083,0.010228999602738112,0.010555726172181926,0.010809032487529653
2016-02-12,0.0,-0.002586825741559201,-0.004307953540569209,-0.0028223238747192006,-0.003429165496974417,-0.0040792514240778005,-0.006318493450177305,-0.0066909942961930376,-0.006626513065582298,-0.007543970625850875,-0.007651540304213696,-0.009367046673578633,-0.010006628164765689,-0.012749245158339775,-0.011877414944278655,-0.010445229393409129,-0.005953290812362751,-0.0056025354320088675,-0.005688423334034853,-0.005888857130707344,-0.007572654742023595,-0.007099472005798077,-0.007694571415713902,-0.008311554245858001,-0.009985062574820078,-0.010028194219795887,-0.010251070693230982,-0.011495778149860046,-0.011790993857479564,-0.012684372111265885,-0.014054808412938708,-0.013643480286367667,-0.013369355500163493,-0.01518864041674898,-0.014820184567678798,-0.015289808912965585,-0.015976579923523266,-0.01611399074231016,-0.017909297367650606,-0.01854711720517537,-0.016584223226676537,-0.012857376256588525,-0.010869633346016776,-0.012734828561953668,-0.012208764982606292,-0.012143926987518311,-0.008555582726627993,-0.009489182323330451,-0.011863010911149031,-0.011531775399674012,-0.01009289517559529,-0.00949636723788388,-0.005301985853378234,-0.003429165496974417,-0.003286346099001089,-0.005416470280043624,-0.006769810336014474,-0.008060410644215098,-0.006719653955574918,-0.006741149239152365,-0.006726818998762351,-0.00576716039167172,-0.0033648942436986257,-0.002037545676958422,-0.002115995788076914,-0.0017238067622032819,0.0012518138708301197,0.0005478613976582547,-0.00240132081087694,-0.0027580916108309304,-0.0055023422021245995,-0.005452249351437385,-0.005395003451659269,-0.006053529236698662,-0.0069489608049721424
2016-02-19,0.0,0.0005994953265552937,0.0010523639083513435,0.002194075485685517,0.0036124365433355746,0.002277564200842534,0.0012682751766240178,0.0014841398372840745,0.0008155043858395303,0.001880930709338937,0.0013936216204311952,0.0011638078034308318,0.0010175351439680714,0.000920008149811786,0.0007946023224566732,0.0004670796107070493,0.0018600509039378922,0.002305392223663479,0.0034595727793931374,0.003536007582280644,0.0031537751316519196,0.0038903108070202047,0.004397232380443686,0.0034804192141324637,0.0026531771847740286,0.002833977574682654,0.0023958279500109,0.003925039661492257,0.0036193843410575175,0.0034665216392588596,0.0036054886973416246,0.00293131809275017,0.0027227196648258504,0.0030008412335554534,0.0029799847988230994,0.002694903253140993,0.0025418991565058424,0.0026740404365906086,0.002374958892908852,0.00213145437469697,0.0020688293420590806,0.0014771771884138122,0.0014562889509276455,0.00021613858053200498,6.97272271159778e-05,0.00023008140102536283,0.000404350256485185,0.000752796884956758,0.00043920038351747233,-0.00020921085741175275,-2.789225223139405e-05,-0.00043241735922793726,0.001407548033265755,0.0023123491083704116,0.0017417237710401529,0.0014005848510915968,0.001407548033265755,0.002284521279148055,0.002562764730048903,0.0035290592052476836,0.004813687933303649,0.0047789899273945205,0.005978841650394472,0.007744788431486805,0.0076063954505579375,0.0078070590249110835,0.006228340920517262,0.006498561567711566,0.006927992854916626,0.007052631921115904,0.007398770061379515,0.007308785670149561,0.00602042918522995,0.0050496024500792,0.0050565402698692355
2016-02-26,0.0,-0.0020510789545658777,-0.0028613135404690227,-0.0039924750223169336,-0.0036935532735339147,-0.004177566607585207,-0.004619077150480397,-0.004348450791245909,-0.005431395937622128,-0.006479834609068573,-0.006451291112345578,-0.007236534292524805,-0.007486513759798984,-0.006016103707362844,-0.005652403805688842,-0.004918275727957312,-0.005231817901948044,-0.0064584269101456955,-0.00610883268559153,-0.006322855458431475,-0.006936641394882692,-0.0064941066629600865,-0.00659401674397033,-0.0059875734438839335,-0.005360113495170359,-0.00616590094638053,-0.006451291112345578,-0.008122457460916008,-0.008058130163605296,-0.00855141189108585,-0.007715121113378501,-0.008101014568697947,-0.008479906706929555,-0.007515086821118708,-0.008415556412504828,-0.008043835770580609,-0.008115309779087832,-0.006329990339796319,-0.006472698658506354,-0.005524070709833299,-0.005680924508155669,-0.00526745391570725,-0.0039853567993100416,-0.0031315376859294116,-0.0025342977697075347,-0.00397112050530175,-0.0038785895340520938,-0.004184686198920636,-0.004056541309590649,-0.0032737902556063975,-0.002918196766332081,-0.001710123850787652,-0.0017172258965320118,-0.0012911924038560968,-0.0008156694083273047,-0.0006666714195244889,-0.001262796623467163,-0.000773096288988323,-0.0013763845832655303,-0.0018663805097700787,-0.0022073889033019153,-0.0017385323364042069,-0.0006099161199831783,-0.0006170103562709895,-0.00024108516804819346,-0.0005744456934475358,-0.0005744456934475358,-0.0006808607477309787,-0.0010143679336445453,-0.0033093565600932125,-0.0027049013513747847,-0.0025485136232275035,-0.0032097740950604208,-0.002669356538247964,-0.0019516217068922105
2016-03-04,0.0,-0.0034113207375842908,-0.004662604805120261,-0.005124704285277268,-0.005385985435328835,-0.006257415977135628,-0.006438500674967506,-0.005821605782336529,-0.005164896942084291,-0.004475147066248881,-0.003926365748518423,-0.004501924591873233,-0.004180641599035926,-0.004073570202387997,-0.003097072940583144,-0.002849755828654803,-0.003698910569587394,-0.004200718762267232,-0.0044215941660118155,-0.0040534955917511765,-0.00408695350003274,-0.0036052675900669967,-0.0032775862004407715,-0.0034915700454770976,-0.0031505549539262976,-0.0026960489873953403,-0.00286312275753626,-0.0030369090943571974,-0.0033645116151464166,-0.003204039827748187,-0.0025824547658780815,-0.0018343916799648439,-0.0019479009527928305,-0.0025022783777813935,-0.0026359092627502604,-0.002796289899805204,-0.002375345575168535,-0.0025757731546742738,-0.004287724461195472,-0.0032441553604878517,-0.0026024998673570285,-0.0023820258473227934,-0.0025490471562897104,-0.002655955435769623,-0.0026760020106458716,-0.002716096366034254,-0.003097072940583144,-0.0030837028841613034,-0.003879532511630628,-0.005044323817687583,-0.0047094747310408355,-0.003625333204627341,-0.003906294092706442,-0.0037658037812892337,-0.003993274177667302,-0.004756346853854446,-0.005251986574118616,-0.004970647397792358,-0.0046960830994712,-0.001467244045778658,-0.000266611568522056,-0.00013996221043170666,-1.999340217800809e-05,-0.0008133876040154327,-0.00019328630093533718,-0.0009201104781637535,-0.002936644060366826,-0.004756346853854446,-0.005044323817687583,-0.0027561923290444277,-0.002796289899805204,-0.0021415641597262217,-0.0018210384948962848,-0.0009868180588378612,0.0002865281800074754
2016-03-11,0.0,-0.0012200204850004342,-0.0007665057379983975,0.0009323451151210463,0.0033855835881646135,0.0026814751529505923,0.0037905534367235582,0.00461989767204971,0.005037626625082502,0.005223227940733156,0.004022839162482943,0.004129008954622447,0.004553575438823143,0.004520412672647442,0.004732635374640957,0.004971332091705423,0.004646425333770487,0.004467349959140553,0.004447450715642664,0.0045602078600880825,0.004739266608415227,0.005030997369514686,0.00498459134998258,0.0035781306881038505,0.0032527708804494927,0.0029140186147103707,0.003179716371791523,0.0021165015088975515,0.001138675464052027,-7.995575785649597e-05,-0.0020141665361535746,-0.0032232797889762007,-0.003356973203437678,-0.0037581607238631924,-0.0029826766760152434,-0.0017538307014584435,-0.0015002353182047598,-0.0014868899740614068,-0.0016670671487703033,-0.0006531591807787068,-0.0007264996037190834,-0.0007398348039807438,-0.00123336226813004,0.0013981918998858464,0.002262760600490344,0.002588442624724556,0.002109852860069139,0.001551208489178702,0.0015179460049337273,0.0014514177170811852,0.0014114986197796815,0.0019037228178804325,0.0019835201327432442,0.0027080542856750198,0.002369117414406427,0.0013050399023735303,0.001577817679994743,-0.0005531581806853412,-0.0011666551324429823,-0.0006798278031458911,-0.0012600463684104357,-0.0013534463271154785,-0.0005664910695892237,0.0018172685405012756,0.0013050399023735303,0.000812520857222439,8.66115240506913e-05,0.00027313394725123665,0.00017987708447775224,0.0011786054534759416,0.0011652956341564496,0.001072121938354419,0.0006127818488617099,0.0012185338485594622,0.0016642926605085482
2016-03-18,0.0,-0.0005437413516633296,-1.3258467188754077e-05,0.00011931829495066995,-7.955344006522305e-05,-0.0015524347811402095,-0.0016653124650098557,-0.0008953413008870902,-0.0006366047960352076,0.00016571600953991302,0.0022447738993960414,0.002165398845610688,0.0032232152147865212,0.0030381781077102495,0.0024828612653563314,0.002343983857511628,0.0017022520859754225,0.002224930726604255,0.0022844590637637165,0.0014772176679973283,0.0016559256100552534,0.0019933979454897052,0.0024894739941981343,0.002079402093588897,0.0015765038007847596,0.0004838137875260246,0.0008283055661916087,0.0003446584601373674,-0.00015911320938390058,0.00015245973932406627,-4.6405404249004565e-05,-0.0002386793089629985,-0.0006432382292017657,-0.0008887061952063889,-0.0005503741688529943,-0.0004973128631345474,0.0014308807656109644,0.0008216818433283397,0.000536820247700796,0.0018015158795882634,0.0024630228164579998,0.0024894739941981343,0.0030315690063166655,0.00237043818411819,0.0018610694265159219,0.0010336192166279618,0.0016360707490881714,0.0017419587858244255,0.0017684290431831731,0.0012918571744077033,0.001649307366867852,0.0016228339560981212,4.6403250887499296e-05,-0.000530475849265444,-0.0003315144272287759,0.0008349292451816855,0.0004838137875260246,0.0009806390841652101,0.0017419587858244255,0.001755194002088115,0.0009938843804296305,0.0011395710616136333,0.0017816639091142368,0.002297687101913634,0.003698867759576982,0.003441250715793923,0.003797933569075222,0.004141285746131619,0.006271394606726368,0.00936285149948527,0.009297175230924444,0.00893587863205052,0.008574451450763616,0.008344384303008713,0.008528442255489193
2016-04-01,0.0,-0.0006604677905919366,-0.0006216046665100488,0.0004271291807105353,0.0003430121026295073,0.000912281900127962,0.0002265306198180794,0.0014876912486265618,0.0020175507836325147,0.0010868792757908856,-7.120593731057562e-05,0.0004918298109171999,0.0013196283668575018,0.0007570586370233294,-0.0002265819475672099,-0.0005438829490800512,-0.0004402633882047992,-0.0006216046665100488,-0.001308408980202623,-0.001425082993143179,-0.0007965006200578776,-0.0006604677905919366,-0.00069285488110047,-0.001159345326506117,-0.002209745158539979,-0.0025536341571567784,-0.0025406550664716543,-0.002599062301197669,-0.0028846578997740527,-0.00319630978714124,-0.002008657337621805,-0.0015741862668846188,-0.0010232631326511134,-0.0013019274897190308,-0.0005762662639038418,-0.00026542972256588947,-0.000990865339585965,-0.0014445299855044185,-0.002209745158539979,-0.002378430644851508,-0.003469084885765025,-0.004118849044244312,-0.004151348337387524,-0.00502922873542558,-0.004892618935086345,-0.005263460391603371,-0.005035734429534389,-0.004333363900220779,-0.004079851286610549,-0.004834077590244794,-0.006272584915302859,-0.005666988009432313,-0.005133324920394354,-0.00564745873015969,-0.0057516192937624635,-0.006161857009477937,-0.004079851286610549,-0.0031118944767510896,-0.0020281156821713793,-0.0017687022145636405,-0.0022875964625886326,-0.002625022167246178,-0.0036444796055344333,-0.0026120421499826484,-0.002047574405355494,-0.002573103109046311,-0.0025406550664716543,-0.0029106251810012388,-0.003261249490649331,-0.001729795997993767,-0.0009390310537859935,-0.0014834251048200962,-0.001029742817220109,-0.00012299525836429457,-0.00025895498859648103
2016-04-08,0.0,0.0007879881878426016,-0.0003047669550206366,-0.000994147865260645,-0.0005566010374554997,-0.00010599536280202641,-0.0007289451162058285,-0.0007886096029265957,0.0006489765602891113,0.0010527187929083711,0.0011056565050850007,0.00038413903656091866,0.000993160516771908,0.0023951473349567666,0.001588583714848961,0.0011453579502228664,0.0009799248625664003,0.0019258328889747453,0.0017473033765804137,0.002355495478253333,0.0020382240101944013,0.002791579451149682,0.0027321246516434075,0.0027981853217869494,0.0017010127441428582,0.001013013669618699,0.001218139839474431,0.0010527187929083711,0.0014298388571875678,0.0008938888398923691,0.00028480687968022485,0.00010598412897603586,0.0004900824628705431,0.0009534530285961651,0.0009203622506620071,0.000999778278181788,0.0014761420438473493,0.0015224430866213046,0.000993160516771908,0.0016547199687834539,0.0023951473349567666,0.0019522789951175441,0.002084499035901881,0.002157212607260841,0.0019192212531568373,0.0016414930679122537,0.0014629127807170967,0.0021439923511844938,0.002262968364438562,0.0018266537614712905,0.0019192212531568373,0.0020051691093064716,0.0015092144360096013,0.0013967638397374407,0.0008674147282626991,0.00010598412897603586,0.0006555965998107795,0.0006224959639445023,-7.949546880001953e-05,-0.00027826179313877663,-0.00043067606868745466,-0.0003909135832618567,-0.00019212486850513953,0.0010196312996468891,0.0015555139475580814,0.0014893711319665143,0.0005761532329590156,0.0011453579502228664,0.0006555965998107795,0.0011718247046725123,0.0009534530285961651,0.00102624888588212,0.0014232239412135057,0.0014033789307448092,0.0015422857344249024
2016-04-22,0.0,-0.001216098248453322,-0.0005698619188869628,-0.0017232426560113256,-0.0007218799586536848,-0.00025956349163653615,-0.0005698619188869628,-0.001336521759070904,-0.0006331999603691982,0.001145073305416014,0.0014674816351940637,0.0015686079293809776,0.0008415351869189982,0.0005252516424128621,0.0010249338170026509,0.0013600237412023169,0.002711887497304969,0.002711887497304969,0.0019919632477072677,0.0016191672417850823,0.0013663451134457115,0.001562287835590656,0.0012841641572557808,0.0008984556027064732,0.0007529858775457809,0.0007023827515268904,0.0008352104962752994,0.00045565583584837154,0.000784611531013582,0.0008794824907676012,0.0012715203337633925,0.0015306867674720452,0.0017708298433421208,0.002269890167350044,0.0030779659179146295,0.002894943459286071,0.0024782846778561855,0.0024025098805175366,0.0020551352397940744,0.0016823627877840127,0.001492764167493837,0.0017645110274883038,0.001543327314555087,0.002143569324874735,0.0021688347699584673,0.00248459898512945,0.0023393598296607802,0.002711887497304969,0.002768701554380373,0.0022446272753791504,0.0024909132525322685,0.0023709353535801628,0.0020740860592595427,0.0013284162805745792,0.001612847467527289,0.0019351050425792631,0.0023330446052333624,0.0022130477629009396,0.0015117256472483897,0.0010502275403665386,0.0008162361843308343,-0.0005001947064655336,-0.0008992635511364778,-0.0008612501323950988,-0.0008549147030906626,-0.0012414493613685284,0.00010127479658748324,-0.00010761571073150808,-0.00025323187311664396,-0.0002342372580893282,0.0002784810144580797,0.0006138211188985981,0.0005315782937478517,0.0006201472099119775,0.0008035864430178797
2016-04-29,0.0,0.0003186194881888144,-0.0009947457842151082,-0.0007140762579798998,-7.648378547484901e-05,0.0029846684135376787,0.005364737892638109,0.00552954623991997,0.00557391307761738,0.004229358005168222,0.0038104008215418678,0.002768595100293231,0.004013553497824694,0.00292112228538191,0.002635114726477072,0.0021646132522489337,0.0008218314561426806,0.0024380397006485673,0.003537349406804322,0.003041856476498345,0.0030863338200646548,0.003461135703543625,0.002635114726477072,0.0023808170951607004,0.0023490253438457212,0.0022154889502108664,0.0020183312011136834,0.0009237169751146164,0.001146555364087521,0.001432988918235641,0.0011338230794698644,0.0012993301361772871,0.002024691735271471,0.0012229456676487746,0.0018147727441473274,0.0004587799083897921,-0.00022309406056791666,-1.2746891352038552e-05,-0.00012747622585659095,3.8239699185676036e-05,1.912003237705121e-05,0.0008090950363501176,-0.000535509384211446,-0.0022715101265461273,-0.0024376092881272762,-0.0044393558882969844,-0.0050925488724066345,-0.004426552446731723,-0.004740283965556626,-0.005669250157132881,-0.004740283965556626,-0.004234520492024412,-0.005201455862741429,-0.004996464317924764,-0.004637830197729743,-0.005073331222916761,-0.005419305432068646,-0.004874770467477283,-0.004631427185752778,-0.0022459588579242613,-0.004170518034308217,-0.004368938988211906,-0.0044969734040377915,-0.003601076551425367,-0.0026356866603521,-0.0026101260849821684,-0.003031959147609521,-0.002507890316431621,-0.0020990517317064183,0.0005607024218871606,0.002507973994229526,0.002895702703405578,0.0017829629919109303,0.0007963584543390995,0.0007772532771538184
2016-05-06,0.0,-0.002341534092917533,-0.0029261508932665226,-0.003394090537592159,-0.003127598064427306,-0.0027312406488167913,-0.0021986797326946942,-0.0023869920329663667,-0.0033030851227072227,-0.0032640853372011072,-0.002464924738115045,-0.0027572264865367295,-0.0029066581591825386,-0.0023545218649304376,-0.0021337526782175408,-0.0013744191677816464,-0.0017507688399979603,-0.0017118295463518342,-0.0018611050735553474,-0.0014198331650322016,-0.0013030584816507431,-0.0017507688399979603,-0.002270104361885087,-0.002179201173717764,-0.0023934861930929316,-0.002419463255348343,-0.002068829838989108,-0.0016793812932006276,-0.0017442788524262278,-0.00152364433261179,-0.001685870859600307,-0.0013679316222471277,-0.0008231279975021613,-0.001322519981938522,-0.0020168946022176095,-0.0019454880555052894,-0.001874086607323816,-0.0017377889069741608,-0.001406857526792742,-0.0015495988084626394,-0.0026013215882086456,-0.0018026902569450458,1.9435779326880637e-05,0.00025263567155704665,-0.0003758326681702382,0.0011978336832080645,0.0012495995462213317,0.0017671108459861812,0.0016183537757087935,0.0009001279566460926,0.00045340312199907594,0.0007836102814303012,0.0011913627619108082,0.0020645586169977547,0.0014760436947400934,0.0007123983514596276,0.0007706630349856864,0.00015547565865562155,0.002491177026234724,0.0023748445997322813,0.0023037458985463812,0.0018835139890024523,0.0016895012223539152,0.0016571621013931259,0.0022714266359399066,0.0013984114773306887,0.0015666069985511468,0.0013272433166418131,0.001243128959889093,0.00178004519768439,0.002142139139153565,0.0024394753963292606,0.002633342727060398,0.0025493381649170665,0.0022714266359399066
2016-05-13,0.0,-0.00011422769399391475,5.0763676062595285e-05,-0.0005077785433035636,-0.0058040167258368415,-0.005363717187419389,-0.005274404702112534,-0.005153207657896328,-0.005567889969344803,-0.005165964549807323,-0.005038402953328524,-0.004821585576479549,-0.005210614953103616,-0.005344578126189751,-0.0053892365055445285,-0.005261646426775941,-0.005338198520513117,-0.005484939749000529,-0.005414756474922108,-0.005306301102606417,-0.005370096955897652,-0.005580652152443984,-0.006097657490391427,-0.0061998136233599324,-0.006474409952519069,-0.005835930023791648,-0.005376476765077621,-0.004942742433308727,-0.0045028218669410465,-0.004541068147494939,-0.004853467536712667,-0.005319059947676013,-0.0056253210759623145,-0.006033815206348241,-0.006123195545286799,-0.006225354287290815,-0.006410543611974857,-0.00870590434867255,-0.00850108992902144,-0.009269360398001908,-0.010493409589699387,-0.010313874073244786,-0.009672938798582834,-0.009640902815764222,-0.01044852268865138,-0.010807674325048514,-0.01065373640021265,-0.009890810703581146,-0.009262955704642552,-0.00846909146494501,-0.008251529058870461,-0.00919891102705353,-0.009403868435059845,-0.009961308837011915,-0.009480738294425771,-0.009480738294425771,-0.009391057366296291,-0.00942308534594202,-0.009160486189233624,-0.008763515963189989,-0.008481890727707728,-0.008481890727707728,-0.008078792625448231,-0.007631096335128812,-0.007592731691979215,-0.007714224778212985,-0.008475491075848728,-0.007893294129692986,-0.007682251482307025,-0.0076758569457989565,-0.008437094024737522,-0.007330612682055527,-0.007400930550813814,-0.0076758569457989565,-0.008129970680309576
2016-05-20,0.0,0.00015364818437278138,-0.0025257718951035633,-0.000742965876962216,-0.0009223851996229396,-0.0005827972510908079,-0.0002433245833865921,-0.0012749097598138775,-0.001621145729495475,-0.0020444858896314917,-0.0018007226979493123,-0.002159973407483963,-0.003026555181975893,-0.0036496742018070727,-0.003142156178842211,-0.0029880244858499984,-0.002583541784811284,-0.002853178739547326,-0.002891704240223184,-0.0024230781086292366,-0.0025386093599612893,-0.0015570189122798245,-0.0015249570456992774,-0.0019161820660015573,-0.001210805141054152,-0.00040343884126276,-0.0013774856981530915,-0.0012620885073054346,-0.0010954271819622657,-0.0016724501442516113,-0.0018712796165653459,-0.0017814807659302999,-0.0017429980126128313,-0.0021407245616121436,-0.0019931623847381946,-0.0018648651455188102,-0.0014159543878501457,-0.001403131326857082,-0.0018071367575678509,-0.0006532682859229902,-0.0006981160757353736,-0.0007109300994030492,0.00012804179301610286,-0.0001472683327723733,8.322903033385426e-05,0.0003008722116000537,-0.0004995197029898865,-0.0008070405111179696,-0.0009736537764824449,-0.002050901512957492,-0.0016981033387170558,-0.0009095684660953612,-0.000896751896834558,-0.0010633801112219718,-0.001024924981943911,-0.0012749097598138775,-0.0010505615704844752,-0.0014095428367996965,-0.002346064689002929,-0.002718351174168468,-0.0029623381798603576,-0.0027504513266468898,-0.0023909884629924986,-0.0027440312137170264,-0.0037396409784224032,-0.005025765163782353,-0.006532633288876174,-0.006513300090874683,-0.006725985829164251,-0.007306267862507539,-0.008177322765002937,-0.0076804058980027715,-0.007016084754931652,-0.006958058236796652,-0.006165366426716012
2016-05-27,0.0,0.000283481649543011,0.0006531195933898488,0.0008255705530758139,0.001730450502786597,0.002911102704229397,0.0029049570837522292,0.0021241561390929484,0.0019519289956695916,0.0019273226964555443,0.0017119917473368497,0.0009056269620958718,0.0015458476138424865,0.0021241561390929484,0.0025115587936490624,0.002831206691919666,0.0028742284148234147,0.002560742044303163,0.0030217174148696787,0.003525474098762804,0.0033534881520477238,0.002935684808458743,0.003451769457793923,0.0034210575873465363,0.003365773843517412,0.003298200672497774,0.0029418302400984584,0.002751304295727323,0.002154907865035917,0.002505410717228512,0.0023086523113207266,0.002130306559935455,0.0018596522514967503,0.0025914803476126446,0.002573037479008294,0.002425482283875579,0.002911102704229397,0.0031568965581624617,0.0031138869946723707,0.003138464114603795,0.002769743876903536,0.0029479756339720756,0.002659101289229303,0.0026529541198471633,0.0018165868566878353,0.002935684808458743,0.00612622389322454,0.006064963272145351,0.0046119870212829265,0.0042744964141249436,0.004679471476877709,0.003764976671489894,0.003912334364134994,0.004028977139628593,0.0044156427063541046,0.005580872388417237,0.005458280551654175,0.005826010984878189,0.00511494343415249,0.0043235930362871735,0.004194709261655501,0.004360413921097064,0.004268359166864276,0.0050290907328057735,0.005470540411646831,0.005016825459474121,0.005887286245623671,0.005531837457148285,0.005427630244076011,0.005899540847226608,0.006365104463263897,0.005758603861145258,0.005580872388417237,0.005519578348630621,0.005507319089825151
2016-06-03,0.0,-0.0001938277967240056,-0.00017565484473952794,0.00013929052695553707,0.0004420291024001823,0.0007688838546911184,0.00026039695543277953,0.00027250679164728245,-0.000260464779668564,-7.873801142129912e-05,-0.00016959726746770557,-0.0005331168682063625,-0.0005634161340575262,-0.0010665181016146267,-0.0008422124630247025,-0.0007997819203013299,-0.0008058433161803725,-0.0005997764649404341,-0.0006664405054727881,-0.0010119526397194406,-0.0022130811168023824,-0.0014303639562697557,-0.0012666169389803645,-0.001296938437834965,-0.002018861575278295,-0.0015820054760084298,-0.0015516753323928172,-0.0015213461086670274,-0.0011332132653303396,-0.0012544885968638296,-0.0010604551254815688,-0.0013211962988993679,-0.0012059766993115517,-0.0010543921861077455,-0.0010180153217895472,-0.0012302323539122207,-0.002030999191571981,-0.0018732216696866835,-0.0013515194527522231,-0.0010665181016146267,-0.0013272608561108478,-0.0017276029719888284,-0.0013393900808715965,-0.0007937205611628069,-0.00028469751081960443,0.00014534619672760537,-0.0003876931699466148,-0.00027258107184098237,-0.0001574822230052325,-0.0008179662181607976,-0.0012120405578054244,-0.0014485597245411403,-0.0017033352504838967,-0.002589488855818337,-0.0027109409370490436,-0.0024012672759622152,-0.002267712159995687,-0.002644140466991857,-0.003725642036686333,-0.003215124762214132,-0.003190820915521599,-0.002680576533843816,-0.002650213052607687,-0.002795966171375158,-0.0027473794379732613,-0.0029721128716615136,-0.0035736751287077386,-0.0034399633503240865,-0.003895872395249829,-0.0038837121228597997,-0.0031604419377718063,-0.00304501023827632,-0.003446040770580922,-0.004187763303096468,-0.00460750580636184
2016-06-10,0.0,0.0002500678550804908,-0.0005613555663645782,-9.150386610214939e-05,-1.2200031720258436e-05,0.0003598339923376135,0.00036593175781137583,-0.0005918730513600351,-0.0002684350860775321,0.0008414429412836822,0.0010303653830894635,0.0007378251567219617,0.00041471254306961605,0.0004451993255273944,0.0010425527021838993,0.0014994699806921644,0.0017674309817901595,0.00223619002692166,0.002966285823580393,0.002540461390640237,0.0028142264836507245,0.00827384804521361,0.007571834569193981,0.007862382678135802,0.008201248811103495,0.007359923341041535,0.0068329779464345874,0.0069904849739966905,0.006839036367791655,0.006651208236038643,0.006366369243897315,0.006045070466615191,0.005814641746900525,0.00640273618635049,0.006614850328795484,0.006493647756728732,0.00640273618635049,0.006214826079567686,0.005450698784876247,0.005517431577698748,0.004321633118428866,0.0041090319422471995,0.0036289945022623155,0.002132716669697256,0.0019013845609865878,0.00036593175781137583,0.0009755206090207287,0.0009877085965404049,-0.0011169196155142304,-0.0010924927312842953,-0.0016727924876556003,-0.0016727924876556003,-0.002118935951567612,-0.0027120648460776703,-0.002314568456532097,-0.0006712228711859596,-0.0006284952627351766,-0.0013184641804480268,-0.001703343910285033,-0.002161727291829459,-0.002491893478474392,-0.0024001697136999227,-0.0016055826432210657,-0.001556705593430184,-0.0008970991346877979,-0.002577509916883028,-0.0029506385435415666,-0.0031953886549009295,-0.002871107653396104,-0.0032688253708440342,-0.003262705438530454,-0.002760998400437309,-0.002663133686093609,-0.0027304146483591025,-0.0027548815751919165
2016-06-17,0.0,0.000378346386728554,0.0002624167375908934,-0.00047008117396933846,-0.0004884004981088745,-0.0019061123534668842,-0.0013375640619839428,-0.001300894624733442,-0.00235261875418383,-0.0027197596486244736,-0.0032094906124695314,-0.002634081382700185,-0.0016126277103897964,-0.0016982185008729755,-0.001997843971279442,-0.002224151279218865,-0.0018388478480037766,-0.0017104463547014076,-0.0017838166177667589,-0.0018694220623252857,-0.002205800129977673,-0.0025790063735836107,-0.0027197596486244736,-0.0026218422296493786,-0.002566767894581584,-0.003025813394050727,-0.0030319354244833815,-0.0033319608370492946,-0.0029645951509951834,-0.0026585601382014554,-0.0029707168066582155,-0.0032462301049788296,-0.003123770378768199,-0.002805445255943016,-0.0027013994022294955,-0.002707519446905752,-0.002744240501538589,-0.0031666295771240016,-0.004067097329861845,-0.004036455850488823,-0.003766851309695733,-0.0031911213723739068,-0.0028850170373830217,-0.0027564811527414305,-0.0022425027652310265,-0.0015392700059640623,-0.002260854588026296,-0.002499458937263683,-0.0018021600246881963,-0.0019489193946200937,-0.0025116965925291316,-0.0031176477860950643,-0.0037545982847299966,-0.003920026790889648,-0.003374828959401525,-0.003338084742018579,-0.0028850170373830217,-0.0026769195980666173,-0.0022486200020750743,-0.0018755370173651202,-0.0022363855658072253,-0.0031666295771240016,-0.00421418950175908,-0.004097739748163894,-0.004440998998080302,-0.004557488733320482,-0.005140141044380629,-0.005041986352507535,-0.0036504536338421364,-0.0021385154638218383,-0.0018266184240094499,-0.002591245002367728,-0.002340383045491385,-0.0023832086809233407,-0.0023648546125906735
2016-06-24,0.0,0.0034399459146139447,0.002563976312521407,0.004234488442710665,0.002346418122617461,-0.00020565168286219078,-0.0006482578298452451,-0.002726761057671359,-0.004071036367569166,-0.00501623672963717,-0.0048659464813128545,-0.005417121186326718,-0.006627012349692516,-0.006338511610760289,-0.007574632857828158,-0.009176960659833316,-0.007066194975158416,-0.005492304916602971,-0.006470208144509674,-0.006031287130703657,-0.005918452859054668,-0.007449068603295163,-0.007712771750425109,-0.007882331930565117,-0.00713522692756641,-0.0064764798406585465,-0.006614467108416026,-0.00829065032407154,-0.008460308526038691,-0.007574632857828158,-0.007499292413158379,-0.006978343018199651,-0.007876051411166268,-0.008454024375608691,-0.009013468466221383,-0.009170672004253541,-0.009334189903538655,-0.00966130593828656,-0.010807055459274566,-0.0070159929118431795,-0.006921870835440669,-0.004765765529384791,-0.003914632407102065,-0.0031517318473258038,-0.003720725463062122,-0.0037957817553165834,-0.0009475955473852881,-0.0009974938795437821,-0.0002617458462790769,0.00015576857805449558,0.00021183932689391587,0.0011085439975353237,0.00048591773995134145,0.0007038810295691067,0.002327768075214757,0.0023899335472883773,0.004786571951607948,0.004315148865477106,0.005201984378413212,0.00670099357882878,0.007697025002135282,0.00630477989065353,0.004389598866131751,0.0042655124521940235,0.005307360089409352,0.005164790299706333,0.00569157743721112,0.005598635163590299,0.005635813109636909,0.007727941777270698,0.009352818183915375,0.00911203359543507,0.008284280342172715,0.008475836426981373,0.007857781796001622
2016-07-01,0.0,-0.0015232021367385948,-0.000863262827201469,-0.00013183915642016637,-2.9961918403938152e-05,8.388859599391776e-05,-0.00044352809338702007,-0.0009592269366982986,-8.98884484959718e-05,0.0006230044590575166,0.001143873663815686,0.0011797856793814457,0.000688876469764479,0.0002935793029706135,0.000676900063285239,0.0004553106675271033,8.988036928913173e-05,0.0004553106675271033,0.0007008527328113466,0.0009463345219897825,0.001461051857781163,0.0015089190741320582,0.0014191661638336258,0.000772707299200008,0.0009702807387879445,0.0011019746822541294,0.0013174364595699608,0.0007188168584529378,0.00043135211582046403,0.0003594730164345779,0.0001737614259998824,0.00020970829652914346,0.0002516446790429824,0.0005631170473735794,0.0007846825583149031,0.0011079603585307477,0.0011618298328076736,0.001113945998979482,0.0012396361728666007,0.001143873663815686,0.0004553106675271033,0.00044333146342541966,0.0005810836474645079,0.0008325821607572489,0.0010720457634339914,0.0010481019834283542,0.0006948646192168833,0.0006529468200150112,-0.0002876714811546305,-0.0007553142106381079,-7.790285517902325e-05,-8.389563388063611e-05,-0.000767307925931521,-0.0008392732386819029,4.1945177658914834e-05,0.00036546313872309476,0.00044333146342541966,0.0005810836474645079,0.0004613002157653758,0.0003774432756562861,0.00016177884866731964,5.992275956462758e-06,-5.3932099499636826e-05,-0.00023372677446574015,-0.0004255433983620989,1.797672014812864e-05,1.1984516005547499e-05,-0.0003895749786308261,-0.0007733048375220002,-0.0008152842256485552,-0.0010012141306101716,-0.0014151822609764708,-0.0017092637236606346,-0.0019974274026230854,-0.0018413284355611194
2016-07-08,0.0,-0.0018279294654677842,-0.0021339095791477886,-0.0038455240490643215,-0.005849128799955416,-0.005698568565037922,-0.005216928088295067,-0.005156739336350762,-0.005548030995092366,-0.005295178882129205,-0.004512946350711848,-0.004428742408714635,-0.004675359693023966,-0.004988230101044226,-0.004855849904928206,-0.0039597359121944595,-0.003911645116763494,-0.003941701592884319,-0.0046633281704348195,-0.0048317826610477866,-0.005030354747880513,-0.004897968975547031,-0.004843816210584079,-0.0050965542068744,-0.004903986130455881,-0.004693407248332922,-0.0042904227517674386,-0.00452497606410389,-0.004537005922211899,-0.004555050980723497,-0.005030354747880513,-0.005072481169277312,-0.004837799417714976,-0.0048498330396548614,-0.0048257659405814045,-0.004597157383609773,-0.004867883744084098,-0.005210909050077201,-0.005162758048527124,-0.004085985254813419,-0.003316712840365941,-0.00363516791535559,-0.003520993113610389,-0.0030764365214445994,-0.002968331010360566,-0.00405592444178636,-0.0036231489012751293,-0.0036411774765675725,-0.0033407436478623885,-0.003082442725853626,-0.002968331010360566,-0.003316712840365941,-0.0035149842746080113,-0.0020739060989279517,-0.0023139416253381297,-0.002271931248768964,-0.002764163592369151,-0.003136500188950176,-0.003581083489553844,-0.003490949279654344,-0.004049912387617769,-0.003448889428479955,-0.0029983591467266416,-0.0030343941006357295,-0.003917656339716619,-0.004260355792647171,-0.003971758972424165,-0.0034248560220437717,-0.003172540121198904,-0.0027101262525542932,-0.0029082774425600736,-0.003160526666129263,-0.003136500188950176,-0.003160526666129263,-0.0024519881472351325
2016-07-15,0.0,0.000949205912087913,0.0014787390333734676,0.0005591505716803335,-0.0009326129574722182,-0.0024032443683902477,-0.0013992458017255819,-0.0009034556332961137,-0.0008509745920600899,-0.0008451435352686304,-0.002268930347848611,-0.004086618527492417,-0.004619107692802253,-0.005146024364341762,-0.004262133078099148,-0.00420362480501266,-0.004946934322285051,-0.005222157503669886,-0.005058185636190089,-0.005802130864586494,-0.00590761671492947,-0.006241728668987687,-0.006083451196524325,-0.00607758954899106,-0.006212416135825792,-0.006124483691335132,-0.005737672766722458,-0.006112759949585517,-0.005925198771854803,-0.0059427811379141856,-0.006212416135825792,-0.006968954510515996,-0.0070628286371157,-0.006517308487735019,-0.006722576847511245,-0.006740173239078264,-0.006968954510515996,-0.007133240015623602,-0.007397326848908643,-0.00745602228418148,-0.006798830113974088,-0.006517308487735019,-0.006247591278728294,-0.004332347524750214,-0.0043850115952855494,-0.004695200725351095,-0.0036011887225130585,-0.002706977366058419,-0.0022864485448761502,-0.002385724125208895,-0.002747871546530082,-0.0029231512641943,-0.0028121372091165376,-0.0029465242146797846,-0.0024499665176177556,-0.0027946098006311417,-0.0029056219098292585,-0.0026427184610665036,-0.0027946098006311417,-0.0028004522359920017,-0.0033381023672847308,-0.003636272133325936,-0.0030809292825375494,-0.003332256789902557,-0.0038584956560154186,-0.005151880553894788,-0.004929369456699693,-0.005386156262332576,-0.005474023804997524,-0.004367456596938265,-0.004115868813416041,-0.004420122516541181,-0.004379159894927836,-0.004496200408635188,-0.004273835143513668
2016-07-22,0.0,-0.00011147192825701877,-0.0002288242258562973,-0.0006220547960896586,-0.0019966416085469246,-0.002390568090497716,-0.0016616322457224265,-0.0016028702435665265,-0.00176741255187869,-0.0009802052172218436,-0.0014031052605284772,-0.0010154400574356546,-0.0014207299774318344,-0.002131852611401316,-0.00200251996766175,-0.0023435239336673437,-0.0028140651235251733,-0.0026728795171633065,-0.0019202260844020293,-0.0019437379314350353,-0.0017497817237875951,-0.001879081682239167,-0.0016910145417158853,-0.0012797409390961133,-0.001526484802594457,-0.0015029827637913985,-0.0017497817237875951,0.00020531050352663968,0.00025809782050628964,0.00040471463771791984,0.00022290658546643134,-0.00010560467486502393,-0.00014667617154550007,-7.040187741225203e-05,0.00021704125922200038,0.0018755573557329478,0.0018814129623299738,0.0018404229960824836,0.001406997699517194,0.0014538635460403457,0.0005864896418098754,0.0007623694811571581,0.00039885037774344673,0.000768231609754995,0.0005219926159798851,0.0008561594152214645,0.0022034185328814373,0.0024199821375802955,0.0019809530287527707,0.0016647326790951236,0.0015593036707916338,0.0014831535847931328,0.0015358734927210982,0.0017350125099840344,0.0015358734927210982,0.00141285605045009,-0.00046357014382248664,-0.0002992422153344324,0.0005278561538626155,0.0019926629734233602,0.002864668436282926,0.0022561004831792818,0.001887268534639072,0.0021741495834297787,0.0019575327280349285,0.002279513792476131,0.0020746287469041967,0.0017818629866962036,0.002513616740316121,0.0025194686118908257,0.002589688399856029,0.0023556032620228842,0.002402424673462663,0.002654052207524111,0.0028997668287802075
2016-07-29,0.0,-0.0009174656666084191,-0.00046151273152051357,-0.0006230925205487222,-0.0013505248321445853,-0.0018588868199277588,-0.0012696728835686643,-0.0009925158203523425,-0.0011195366057423306,-0.0014718150132756551,-0.002263450301455026,-0.003015216988491721,-0.0016277811516104222,-0.0013447494761661346,-0.0013100980407270376,-0.0006692629703148179,-0.0006115502411791808,-0.000946330443788762,-0.0007616102654705675,-0.001408280226514445,-0.001575789735958962,-0.0018704435054702237,-0.0019340076633966765,-0.0013851776684828461,-0.0007731542770145685,-0.0005769242023946409,0.0,-0.000294189754511981,-0.0010387033301031204,-0.0012177000826560616,-0.0011484072163288654,-0.0009694228654344818,-0.0011137625836452015,-0.001668220788236649,-0.0024195399666126463,-0.0018415520420289302,-0.001812661413280181,-0.002124724383184881,-0.0022114258268181876,-0.0017144395183854885,-0.0017317720929375614,-0.0015815664264351677,-0.0022056454967035884,-0.0021305042455661933,-0.0023732886368786716,-0.0017491049679130932,-0.0019282289366234885,-0.0016971072442461268,-0.0014544869438244165,-0.0017028846355806753,-0.0022981347882436304,-0.0025178311456366953,-0.0026103493168498524,-0.00163933516663052,-0.0017491049679130932,-0.0019917967678550912,-0.002413758433407909,-0.0026623945499517788,-0.003015216988491721,-0.0028069788558664835,-0.0024542298678078625,-0.0024773571371720328,-0.0028648184320341666,-0.0032350709600556292,-0.0034665484238647426,-0.003275575648478921,-0.00313670926086472,-0.0028648184320341666,-0.0033045085732813606,-0.0032640027129457456,-0.003397099558457611,-0.003194567912195671,-0.0033276555158604495,-0.003165638168077254,-0.00263926300083107
2016-08-05,0.0,0.0004288935192705892,0.00011593530822800289,0.0002202655948251657,0.0004057147880731067,4.0578886810874887e-05,0.0003477656094864641,1.1594135686395075e-05,0.0003071991863092487,0.0006200975548374479,0.0005621607985843177,0.0006490646742622328,0.0011124245046224663,0.001089261611575899,0.0024665208523515668,0.0024433893032309436,0.0019227879390662191,0.002379774784062665,0.002032715242515319,0.0019227879390662191,0.0018533539418387009,0.001801275279901366,0.001859140292416387,0.0021079216987359493,0.002559041698520799,0.0025474770608698055,0.0023277235309172306,0.002842333551727554,0.002894358026364557,0.003021517571304667,0.0030966497027518397,0.0029868392989726555,0.0026226448150950313,0.0022756695682975884,0.0022178286539322562,0.002483869163060389,0.0025879527075459547,0.002842333551727554,0.00310820799120071,0.0032584535852422792,0.003200669489720616,0.0029290395058797912,0.002772963375095143,0.0027556200790011436,0.0028827972658975096,0.0024433893032309436,0.0020732117294507235,0.002235181279529471,0.002518564881612264,0.0024376063323450253,0.0027209325844175227,0.00276140121112031,0.002478086426264482,0.0023913413612813585,0.00271515121833869,0.002408690976264842,0.002362424667382774,0.0021715535135079325,0.0023855580893954466,0.0021541997837569876,0.0010255608891303989,0.0010255608891303989,0.0014655921616100285,0.001679747853615987,0.002541694691890995,0.00232193989109912,0.0027267139170725767,0.0042633627082149985,0.004638500864452985,0.006287438941668984,0.00687486459450688,0.007421666536327149,0.006926679706683782,0.007415912283214975,0.007064840214873499
2016-08-12,0.0,-0.0005386667260285975,-0.0007878258153952632,0.0004747128655283213,0.002995018254626809,0.0037971766229178998,0.004206664048436561,0.002925736989985092,0.003624103360574247,0.003808713775433598,0.003485623180328515,0.0041951314862469094,0.004650566593176409,0.004512228494643537,0.004177832393584057,0.004223962642349448,0.004339278955122879,0.004391166957763669,0.004033661649038386,0.0038663975415073383,0.0037221818869364737,0.004004825005737001,0.004443052268179115,0.004483405648500763,0.003999057577289274,0.004287388259977781,0.004247026968756962,0.004016359762843942,0.002469515477869374,0.002550380035555378,0.0021517699662399977,0.001411898369568084,0.002041979867462902,0.0023424293884261116,0.002579258650076989,0.00309315849711198,0.0030007914766910166,0.0025446042125729152,0.0019495156972630405,0.0030007914766910166,0.002642788666587402,0.002850676869680585,0.004368105955646657,0.004062497460811753,0.00352601521387091,0.003595254904397365,0.0036644898011207747,0.004108633030190377,0.004310451123579185,0.003941381463259116,0.00356640561596305,0.0033124959833449198,0.002810257548084328,0.0031335663858920743,0.002810257548084328,0.002712089536341041,0.0033817504589430717,0.003791407996744959,0.003589485113292545,0.00356640561596305,0.003924077980355915,0.0033586661666485935,0.0031335663858920743,0.003197061198098535,0.004345044421707783,0.005693250475061822,0.004950233504124344,0.004673621082462999,0.0037048746106683704,0.005267091200224106,0.005226769432512372,0.0050942721758759696,0.004483405648500763,0.0041951314862469094,0.004189365155276925
2016-08-19,0.0,-0.0008572505796493054,-0.0012372072921834933,-0.0022741872388938214,-0.002268423267748058,-0.0016057880875378556,-0.0008572505796493054,-0.0010299402797135644,-0.0011047817453746615,-0.0011681135146264334,-0.0014042036330481995,-0.0017267582685358328,-0.0019802670620392405,-0.0019860293724954436,-0.0017440409176207197,-0.002049416979086915,-0.002101282555051482,-0.002170440841105989,-0.0021762042475099133,-0.0023260644743097326,-0.0024759471625635833,-0.0024586518596789327,-0.0024759471625635833,-0.002556662531389998,-0.0026719815037950737,-0.0025163040326052783,-0.002389473639261266,-0.002112808603921875,-0.002089756639029138,-0.0020839937308350554,-0.0015942678810955883,-0.0012947890871392064,-0.001231449295045126,-0.0011278110155781877,-0.0012026598066610902,-0.0010587247959485142,-0.0014790731154182791,-0.001847743085088873,-0.0017901294421623151,-0.0016518702405041363,-0.0019572181522517942,-0.002891124195398292,-0.0029488013074059098,-0.0033237836443630337,-0.003883634288529386,-0.003981784730140894,-0.004305171983416757,-0.004114591839558359,-0.004316723462583833,-0.004287845014856103,-0.003479586882500354,-0.003577697672746109,-0.0038143574235107226,-0.004016428362644604,-0.003837449178600675,-0.003952915953164581,-0.00410304269506107,-0.003704678868156092,-0.003681590178726719,-0.003531526690046315,-0.003664274011486849,-0.00394714229777688,-0.0039991063963701464,-0.004039524784432568,-0.003450732599512811,-0.0029949453923193755,-0.0028853566671591625,-0.002989177265258981,-0.0030814712910169468,-0.0031160837468894196,-0.002723879380318735,-0.002723879380318735,-0.002919962335571,-0.0029949453923193755,-0.0029718730837030713
2016-08-26,0.0,0.0003132432301267211,0.00012182847146447755,0.0003190431054294101,0.0005452120081696268,0.00021464020293403995,-0.001027430151126851,-0.001678101178556319,-0.0014050001730676134,-0.001718782178500961,-0.002073358100698432,-0.002468771312651489,-0.0026025494098865756,-0.002998171967859414,-0.003388129688580085,-0.0035511421593950434,-0.004069465482444775,-0.003428880315126661,-0.003242605291158067,-0.0026607193825631194,-0.0025909158213896417,-0.002835249605823038,-0.003027268040182623,-0.003254246463657187,-0.0035278530365789465,-0.003690888287490199,-0.0034812764180328754,-0.002858522603909963,-0.002893433116632522,-0.0033823083060600537,-0.0036268355546000904,-0.00392966644333546,-0.003958789631511133,-0.0037083579267134523,-0.003987913667871597,-0.004739607198787121,-0.004675487259504091,-0.004506463487948346,-0.004582229231960376,-0.004646343191631253,-0.004681316175005337,-0.004558916083926581,-0.005159402904378466,-0.005468531834016881,-0.0056843954790418314,-0.004902840144221559,-0.004972805278291759,-0.004926161311680449,-0.0051419078977442976,-0.003982088792742461,-0.004354949219093505,-0.0038190060628420833,-0.0037782395356494784,-0.004902840144221559,-0.005060268580203765,-0.0056552219930707925,-0.005812768929254415,-0.006017033388240752,-0.006273882204937726,-0.0063089121555490275,-0.006583355897764666,-0.005911977883819383,-0.006034543712036469,-0.0068228257943309,-0.0067819366302456965,-0.007033139337545556,-0.00615712456447694,-0.005573540759872026,-0.005281876521673022,-0.005509367328234178,-0.0046696583779790145,-0.004757095168521696,-0.004139372331596798,-0.003836477940399585,-0.003836477940399585
2016-09-02,0.0,5.114929628205869e-05,-0.000517323233380767,-0.0009495785892709722,-0.0007561780960659093,-0.001148706410076783,-0.0012682021382467879,-0.002378487766494305,-0.0021335495836794973,-0.002201898390449635,-0.0015926196835439554,-0.0015869272405464833,-0.0014560099942891886,-0.0014503183288794804,-0.0011430164934625603,-0.001234059044537693,-0.0015926196835439554,-0.0019342255761513566,-0.002105072292893098,-0.00199686598322055,-0.0015869272405464833,-0.001473085184891336,-0.0015983121589451857,-0.0015470810468487597,-0.0014446266958644208,-0.001330800837921471,-0.001148706410076783,-0.000813056711428253,-0.0007448027612042734,-0.00047751963569891184,-0.0004888919305143873,-0.0009609562537779947,-0.0012169879348297632,-0.0013535649730276713,-0.0013421828406987846,-0.0015926196835439554,-0.001655238695265479,-0.0011999171165397564,-0.0012169879348297632,-0.0008301209269154979,-0.0011088776736382995,-0.0016609315271361796,-0.0019000597351557997,-0.002532316828525868,-0.002748857085915206,-0.002144940727065397,-0.0023101268893976263,-0.0022645555674227257,-0.0016381603941006907,-0.001655238695265479,-0.0017804884833585784,-0.0018431192607123608,-0.0022189863220984643,-0.0015698501059754843,-0.0011373266092233043,-0.0011259469378681081,-0.000989400981407434,-0.0006651790401181284,0.00032390136634284427,0.0009089308758990559,0.0006988140331256395,0.001198479040852596,0.0014538931110157107,0.002469228159514414,0.0025656030465610116,0.002129007239450599,0.002695977817526957,0.0030076746693622237,0.002888674609721896,0.0022651094978242223,0.0017489570342154974,0.0017092419614890386,0.001561715023369931,0.0016241329225742296,0.0012438907548119422
2016-09-09,0.0,-0.0022124088704617993,-0.002891114643918706,-0.002167551991932175,-0.002644259243825277,-0.0033569396536749503,-0.002638649601972885,-0.0027957314699993217,-0.0031380309966474867,-0.002930392713013943,-0.0030650720921209687,-0.005267406781925676,-0.006499907817298705,-0.006437965125530941,-0.00678714680492568,-0.0063760262704228125,-0.006207121616697992,-0.005756848631097584,-0.00536865096047187,-0.005987588208742195,-0.00589190923975101,-0.006263419998134455,-0.006178973614500671,-0.005897537160993744,-0.005633059095656633,-0.005942561671219125,-0.005987588208742195,-0.006207121616697992,-0.0065674860391161305,-0.006866011158278875,-0.006015730824262483,-0.006162085193483196,-0.0063929183049842,-0.0067308189316259105,-0.0066913913080644235,-0.007085737515339268,-0.006674494230976855,-0.006736451576180892,-0.006781513874816284,-0.006680126558282748,-0.007790314192562121,-0.005931305353610715,-0.006235270411227754,-0.006477382758169404,-0.006516801944618766,-0.006618172702620914,-0.004806312969282541,-0.004542123313300623,-0.00494686782385698,-0.004525262513255043,-0.004002718668084503,-0.0043341933119050696,-0.0038566799675694963,-0.003985866960304067,-0.0038622964463181212,-0.00450840199749147,-0.005132430486932671,-0.004963735734064089,-0.004221816715336776,-0.0030538481177117007,-0.003317644827395175,-0.0035927410426271895,-0.003733125415269446,-0.003912846174624083,-0.004766961149958689,-0.00471074695136166,-0.0054417781314675135,-0.005846887010017229,-0.00536865096047187,-0.00543615277460885,-0.006792779766765268,-0.007756483167253408,-0.007429508916381061,-0.007756483167253408,-0.00759298267779709
2016-09-16,0.0,0.0016006087999738136,0.0014077633649918647,0.003057091680250675,0.003413804827214038,0.0037194577098059586,0.003345869275381353,0.003011785666435966,0.0031420349240577597,0.003057091680250675,0.0031080584923725827,0.0035270204918543004,0.003866590599365213,0.003974097099368234,0.004624547771479303,0.004477526368291226,0.00491287314017303,0.00513330116707596,0.005099392325342211,0.0047602406534651585,0.004743280050119546,0.004155134557644211,0.004025017197259008,0.004692396514042007,0.0047602406534651585,0.004596276103364244,0.004217358615181905,0.00393449078611663,0.003974097099368234,0.004223015155698382,0.004420973918706697,0.004290891146289716,0.004466216134225659,0.004353106757337745,0.004833733277382668,0.00470370419025828,0.004737626451745429,0.004652818640329739,0.004568003635939369,0.004211702042669016,0.0037647316738887524,0.003962781169934317,0.0040476475196287815,0.004053305020201917,0.0038269800278644926,0.003781708881987298,0.003679841309742955,0.0032269709531230154,0.002677590408331842,0.002717246533083751,0.0026435981925459645,0.0024566203488755323,0.0007438638674703664,0.001112751335438799,0.00015904030569255368,-0.002121060415174372,-0.0015064567298308466,-0.0023032377767254245,-0.004429194331349339,-0.0033742005492031187,-0.0031063523092739794,-0.0029411200293476985,-0.0027588264336143916,-0.0031405417071449387,-0.0034254988230274824,-0.002622128041316509,-0.0010741841638754954,-0.0010116338748442624,-0.0011594863183753477,-0.0018763118361981247,-0.002855665768688751,-0.002098290578376329,-0.0016543823576467347,-0.001375617681583602,-0.0021950659656246557
2016-09-23,0.0,-0.002463020726678945,-0.0025363843648710436,-0.002446091420638853,-0.0018368272011411034,-0.0016507371499368808,-0.0016112679542293162,-0.0019439856688777061,-0.0016563757336374204,-0.0014872320513144674,-0.002101924343874865,-0.0022880983832890937,-0.0020680782420964233,-0.002242962099915793,-0.002316309594990611,-0.0021696199843014405,-0.00250816694399787,-0.0026210414051421756,-0.0025758900917956275,-0.0026774834138153718,-0.0021752614945337234,-0.0018932249632928587,-0.0018706654767459015,-0.0019834679991299273,-0.0019947489512422514,-0.002090642182663875,-0.0015830766253163917,-0.0012730244495078194,-0.0013293904225121767,-0.0015774384549028086,-0.0015323342359593434,-0.0016338215895945092,-0.0013632115313969174,-0.0011490304912362863,-0.00145340674772916,-0.0011772095862946964,-0.001498507406770236,-0.0013744854885558457,-0.0009968770977813325,-0.0009687030837996302,-0.0016732916755035283,-0.0013688484940885621,-0.0013124802970105231,-0.0013237536822390831,-0.001447769308366985,-0.0015041451321736493,-0.0021809030365929345,-0.0020229518882979892,-0.002045514810648786,-0.001616906315383479,-0.001588714827519453,-0.0015830766253163917,-0.0020850011497907626,-0.002124489048165398,-0.0020850011497907626,-0.002220394722187683,-0.0020567964627339944,-0.0023953052220596254,-0.001498507406770236,-0.0014308571809617306,-0.0014815944212613957,-0.0019947489512422514,-0.0023953052220596254,-0.0023953052220596254,-0.0022937405619600703,-0.0022937405619600703,-0.0027621524004627536,-0.0034962507348394803,-0.003383277447253129,-0.0034793039280410984,-0.0043665728089225895,-0.005588561974398353,-0.005418751934820768,-0.005407432290710189,-0.006336068903823756
2016-09-30,0.0,-0.0026103224237558884,-0.0019294703431143932,-0.00250554577255469,-0.0004123148634040179,-0.00011032112167131552,0.0006790777572799293,0.00029026059800090425,-0.0015281593886281536,-0.0023949601049264675,-0.0013479126827300294,-0.0018829332821541627,-0.0020923671134643485,-0.0015223444716214256,-0.0004181233292428868,-3.483693412120606e-05,0.00020319126463584283,-0.00011032112167131552,-0.0010223880620563984,-0.001807315176817077,-0.001650280457281082,-0.0014932703937765358,-0.0015281593886281536,-0.0016037563868818558,-0.002226195028421712,-0.0022960253988418295,-0.002517187080572197,-0.002936364451132223,-0.00261614367072511,-0.002720931911251965,-0.0023018448164928364,-0.0021796441570390438,-0.0025579327258869046,-0.0028606666483703288,-0.00310524943212641,-0.004119158721668577,-0.003513020387009192,-0.003542153247421169,-0.0042765816503514305,-0.0035246734293274654,-0.002493904600055658,-0.003221738453167984,-0.0033964974318552543,-0.004159969693995458,-0.0032042642349203684,-0.0030819532561926224,-0.003443104984617531,-0.002668536418416675,-0.0021040036125073843,-0.0023600408556868685,-0.0030761292970070196,-0.0030295388445470335,-0.0025230077854012534,-0.0025230077854012534,-0.0025579327258869046,-0.001185137126608495,-0.000830610662725636,-0.0014293103978249868,-0.001010764142354187,-0.001097946833739141,0.000510802319004058,0.0014272703850760635,0.0012591208127362876,0.002638271520994883,0.0028582960719901167,0.0021285550397453163,0.0014678539771352792,0.0007777088162802878,0.0008531260038930161,0.0007138898301103217,-0.0009003436435480871,-0.0004239318288204493,0.0004237521867780305,0.0007777088162802878,0.0012823155382569798
2016-10-07,0.0,0.000223561682458868,0.0001949027212294905,-8.599857247674061e-05,-0.0011816942049469462,-0.00164672370825349,-0.0024969661934655645,-0.0025946754854096012,-0.002634911498371134,-0.002726885607724071,-0.002295830060980107,-0.0021579315196134353,-0.0015433651285380848,-0.0018764476958938227,-0.0024050132273430464,-0.0030086089515162493,-0.0030086089515162493,-0.002841865141493809,-0.0034169611983829898,-0.0033019155251239225,-0.003273156174738133,-0.0029741079509839736,-0.002801620800848894,-0.0027786247619155094,-0.0034169611983829898,-0.00384850039027655,-0.003330675702633734,-0.003578047379838424,-0.003733405062444269,-0.004245680988908765,-0.004608461968192518,-0.004326287611362307,-0.004429934245530611,-0.004539350681715995,-0.004907999415492936,-0.005109661689486345,-0.004332045475885464,-0.004280225888645578,-0.004032680472872404,-0.0036931248270873876,-0.003975120552980004,-0.0031523759342387482,-0.003509007267505741,-0.003819725316394549,-0.004349319268375743,-0.004619980980322148,-0.004499037970248882,-0.005317128178629585,-0.005547696992913359,-0.00489647708521675,-0.004919521878534857,-0.004775500632271635,-0.002588927615713967,-0.0028131190186251372,-0.0020028183872522736,-0.0021464408328148643,-0.003071863877514664,-0.0021981499632225407,-0.0025371982751077405,-0.0022613536428467435,-0.002382026306899688,-0.0025601887627945507,-0.0029913583024602317,-0.003002858702099229,-0.003244397651428792,-0.003687370640196977,-0.003267404403911738,-0.003296163588878432,-0.003388198539215739,-0.0026636524988473526,-0.002117714693462373,-0.0026176672945787873,-0.002508460908770424,-0.00201430742383922,-0.0021292050501807184
2016-10-14,0.0,-0.0007100495586968596,-0.00020947038979888597,-0.00011054834901484555,-0.0003258617909336428,0.000645590956232355,0.0006572194040671093,-0.0007158717207566771,-0.0032108742683763466,-0.0026273721891409128,-0.002755713437027371,-0.003117491052774244,-0.0027965527431148903,-0.0019334480789226375,-0.001140981134596944,-0.0008032082196084261,-0.0013506906876357232,-0.0012866081026387088,-0.0008730829110236762,-0.0015313091607353413,-0.0013390390030933474,-0.0015954074292300916,-0.002522377963726847,-0.0026448722985172477,-0.0025165452744196886,-0.002248278335544362,-0.0013273874543110315,-0.0013739944640136419,-0.0010652634914763049,-0.0009313155504344906,-0.00111185828568138,-0.00150800171808526,-0.0016012347482844873,-0.0017760701120960514,-0.001519655371505579,-0.0013448648283942606,-0.0019509360486572192,-0.0025282106870546917,-0.0015954074292300916,-0.00089637555986488,-0.00044808734379276206,-0.00045972865181032464,0.0004304402772417322,0.00018034212695511236,0.00022687675163270458,-4.65451837454318e-05,-0.00026766439699642757,-0.00011636702171735187,-0.0009837278254013412,-0.0008730829110236762,-0.00047719086794048864,0.0002094265211438184,0.00022687675163270458,0.0007676829148844782,0.00118035965245753,0.001069941720473394,0.0006979179066586421,-0.0013914726526913382,-0.0012574810124039032,-0.0007391607079780224,-0.0009429624852526138,-0.0009487860035311183,-0.0002443863877309374,1.745388538076012e-05,-0.00026184484387997486,-0.000727516146570234,-0.00045390798086142575,-0.00015127976894675405,0.0002152432984748323,-0.0003607818530949776,-0.001525482249144221,-0.0007740952057980228,-0.0011002093835904305,-0.0006168995755128858,-0.0004364461712936743
2016-10-21,0.0,-0.0015858973410174948,-0.0023625249181146914,-0.002581240025293609,-0.0029439520790825635,-0.0025121669286615866,-0.0027827304796454086,-0.003076403554526381,-0.0048344861414965235,-0.004275022980817583,-0.00439035059787329,-0.004078996551215042,-0.004275022980817583,-0.004724875921099146,-0.004551831609787492,-0.004569134693485843,-0.004574902454585015,-0.0050941372295950586,-0.0050941372295950586,-0.004897950181927256,-0.004921029013446881,-0.005053742632078479,-0.0053654003651556975,-0.005376945109699579,-0.005503946097014276,-0.005965903882288833,-0.0053423112759037345,-0.005140304482016955,-0.004684496236689764,-0.0048229476577684545,-0.004615277713785327,-0.004713338702030326,-0.0050248903471197745,-0.004828716882990525,-0.004690264663207168,-0.0049614182502978246,-0.00506528377915319,-0.0051114496994790265,-0.004621045741033436,-0.0043615174466673685,-0.004488389530942168,-0.0042115984603003,-0.00419430156192201,-0.003819608877592173,-0.004217364159578559,-0.0037504501929627107,-0.003877244768630176,-0.003761976308258545,-0.0037273983609172746,-0.003877244768630176,-0.00441341771742549,-0.00428078904579554,-0.0036179094148695665,-0.003992526517351394,-0.003796555451275491,-0.004303853638187394,-0.003819608877592173,-0.004090526454018065,-0.0041308821607527165,-0.005105678842881979,-0.005105678842881979,-0.0050248903471197745,-0.005561679150935766,-0.004332685126788086,-0.003761976308258545,-0.003416250626616453,-0.0021956429349392135,-0.0013616505075641431,-0.001982764967867769,-0.001775683946678604,-0.0015858973410174948,-0.0017584291304275704,-0.0014881425387349176,-0.0011259580448953514,-0.0013386536753767
2016-10-28,0.0,-0.002484242597282557,-0.0024726196233119807,-0.0037228632928971088,-0.0026121042279250665,-0.0024377515119398587,-0.0017464516955749344,-0.0012297413292612146,-0.0006668889877037677,-0.00038848124617034597,-0.0008757456721667656,-0.00025510500028199653,0.002026929896219111,0.0028134298962802216,0.0024202572190289355,0.002240965421148458,0.002408690976264842,0.002524347384337111,0.0024665208523515668,0.002408690976264842,0.0018359946892120337,0.0020500710805859282,0.0020732117294507235,0.0019285738878893437,0.0017607677787747477,0.0012224409203405039,0.0017144714824700235,0.0016160847356644884,0.0017434069188329065,0.0017665546651116834,0.0018244216867120409,0.0019285738878893437,0.0021426304632810233,0.002148415140250042,0.0020500710805859282,0.0018880715430874561,0.0020153591032145883,0.0019227879390662191,0.0022178286539322562,0.00220047572721598,0.0008633952829416872,0.00039412522100115975,9.854586883418748e-05,0.0001565094908810399,0.0008865634082359136,0.0006606512870899967,0.0008749794126839431,0.0009271063359622259,0.0011355868611616247,0.0006432713175043631,0.0010023959839607249,0.0011934904054535585,0.000985021952924556,0.0008633952829416872,0.001309287436547142,0.001500323227394222,0.001471380756341892,0.0010313520315780888,0.00089235535569143,0.0011355868611616247,0.002478086426264482,0.0032873443809257087,0.003165997429619063,0.0033104564165192412,0.0027209325844175227,0.0029059186531819664,0.0029059186531819664,0.002397124599721673,0.002026929896219111,0.0024665208523515668,0.0020905668646909715,0.0019459315334988717,0.0017028970734882796,0.001471380756341892,0.0019227879390662191
2016-11-04,0.0,-0.0017949680989540597,-0.0018892193611072076,-0.0015122676005785505,-0.000970648263302544,-0.0004940304752600621,-0.0019422396001230393,-0.0027496727434428215,-0.0030622123662808034,-0.0033984489384197795,-0.0033276528958890448,-0.0038941616240620635,-0.0039295790777868185,-0.004579121468501202,-0.004667728128826397,-0.005217264729679209,-0.004455085332481255,-0.00459684217248604,-0.004856781915191572,-0.0056429199199359,-0.005814415569393373,-0.005956365248470459,-0.005548314218689313,-0.005702053028580639,-0.006619063638462055,-0.006690093092038708,-0.0068972911534061435,-0.007258510420387117,-0.005767103487061377,-0.005246818264431933,-0.004750434762536441,-0.004059453807889009,-0.004372403121511826,-0.005430069677015213,-0.005087239551893406,-0.005234996745721222,-0.004673635518675666,-0.005217264729679209,-0.004537774380363879,-0.003976804300787231,-0.00420705920579121,-0.005323661542603853,-0.00558970311168993,-0.005654746261930148,-0.005489190200130809,-0.00607467204178449,-0.005956365248470459,-0.004909959732963679,-0.005276372672621776,-0.005388687390401387,-0.00590313175749443,-0.00642967642390024,-0.006767047360522744,-0.0066782544994103965,-0.00807617679882827,-0.008117670451787242,-0.008182878242363056,-0.008852986403915457,-0.00942857038534251,-0.009499799684357437,-0.010057938129052639,-0.01020643166243216,-0.00990946664272877,-0.010289597673719505,-0.011228665331821487,-0.009844146171566892,-0.010236133015330906,-0.010455950448926726,-0.010598560570921695,-0.008052466912990355,-0.0075783872113148005,-0.00769096079159935,-0.00774428954262308,-0.007637634884379761,-0.007376971375794766
2016-11-11,0.0,0.0002896708708904592,-0.0007156693440062256,-0.0008103416595252257,-0.003239382316855616,-0.005549476193284075,-0.0061679899957494426,-0.004563024960451877,-0.0053532969323697045,-0.006626174699801245,-0.007090523994058954,-0.007304911798596036,-0.00805563127331653,-0.0074538192647937065,-0.006977393402533118,-0.0063821800902763666,-0.007084569433311813,-0.007572961204684533,-0.007638495322663556,-0.006995255276660956,-0.006971439515389183,-0.006673790346311582,-0.0069476243212940525,-0.007894715363451696,-0.008216573081278659,-0.008121197031324775,-0.007608706554814248,-0.007239399537357464,-0.007960270571389365,-0.0071679365105104765,-0.007418079450637067,-0.006995255276660956,-0.007441905851481486,-0.008013909847272084,-0.00853257123561728,-0.009182768256283448,-0.008973943313473468,-0.009212603951114262,-0.010382865124532032,-0.011153836018229165,-0.009588609995514205,-0.009451321561252269,-0.010293255910255318,-0.011016332543060604,-0.011088071127689057,-0.010699548673675865,-0.009803534086347179,-0.007936431816724942,-0.00830003458768817,-0.008878495004625812,-0.00874130401964782,-0.00740616646309788,-0.00687022885722504,-0.007263221681232266,-0.008711482382855342,-0.00940954186558138,-0.00992295632171506,-0.01019170850694413,-0.010341046491935431,-0.009564732392108286,-0.009678156086439507,-0.010651740956305972,-0.012146813476684079,-0.01291914604913406,-0.013698069616201403,-0.01569608426698226,-0.014639579159315012,-0.014459604355301695,-0.015071650889942985,-0.015017631713121997,-0.018727720242454005,-0.019348413450122937,-0.01847473257726496,-0.018432574188190935,-0.017228799004306856
2016-11-18,0.0,-0.0016795518557824888,-0.0018773317768207957,-0.003987357032247378,-0.003987357032247378,-0.004879732856028053,-0.004916932469156361,-0.003207180895784125,-0.0031452882176682302,-0.0036838828701237455,-0.004167007581439099,-0.003826318456966849,-0.004167007581439099,-0.0039625801787826565,-0.0043528869462668455,-0.0037210380238573526,-0.003139099160540045,-0.0017413538792003613,-0.0019576910446056197,-0.0023410318021318288,-0.0018835130296990348,-0.0016239333001820463,-0.0019020570175840472,-0.0017413538792003613,-0.0013273532368385187,-0.0006171544439685301,-0.0005986342677792824,-0.0004072791955145604,-0.0019638727942263077,-0.0022420910860912976,-0.002495646271261779,-0.0022915602204534023,-0.0016239333001820463,-0.0010493892900609889,-0.0010987994562126448,-0.0010987994562126448,-0.0007776770069942105,-0.0009444007923808067,-0.0014756322735435762,-0.0010432131909468574,0.0007585779802602412,0.0008017317835039368,0.0017752797028800843,0.0015781819664023589,0.0012701389611631938,0.001122244606760609,0.0014980999130556497,0.002107794068716941,0.0023417193983565287,0.003024714388588142,0.0024340432829187617,0.0023294089030436696,0.00040711338669954014,0.0004194475690360605,0.0004996160462169485,0.00046878277711722734,-0.0012593993589625247,-0.0008455981567400652,-0.000648022166519577,-0.0004936930810451617,-0.0019267828696999455,-0.0027925730809852433,-0.0028977558051291774,-0.003287647104662066,-0.0036529212965302226,-0.004588383752655135,-0.003095776833134217,-0.002409059223393161,-0.003002949593842382,-0.003095776833134217,-0.00291013097064721,-0.003659113534559834,-0.00317004482923203,-0.003058644903383455,-0.0031143433150648083
2016-11-25,0.0,-0.0017751336011201015,-0.0013435612638372676,-0.00041849759974687953,0.00039959541496498375,0.0001248907207817077,0.0015662492164789028,0.0019465212090423055,0.003310569716570985,0.0029681753807859258,0.0025197728074135358,0.0024886262723073918,0.002731543522806443,0.0025010850027629775,0.0018530251093198287,0.0019963822214805033,0.001934055567466678,0.002725315612426246,0.0031487251865627225,0.00590894253424149,0.006132410383734675,0.006281361211618133,0.005915150648868168,0.005983437366196882,0.006200682267227392,0.006870740612188141,0.007106395143737256,0.0064178799831611935,0.006827324509148725,0.006858336203661354,0.007379188925730709,0.0069947762353782346,0.006864538427158306,0.006343417509110963,0.007062989270915647,0.008147571270913393,0.008017483523447125,0.009039145949815645,0.00947844938251933,0.008091821451311746,0.007069190225242567,0.007887378850957054,0.008190930093047015,0.008178542049985962,0.008104210568711018,0.008178542049985962,0.00863060622602586,0.00869870777164781,0.008692516913687711,0.009255728098724134,0.008834896951008956,0.009292851757636172,0.00981243832687907,0.010263764646555151,0.010486261557238122,0.010393560527263302,0.009039145949815645,0.009787702230110305,0.010943460910294965,0.010510980380623283,0.011400451327625231,0.01078902504874571,0.01021431416502078,0.01082609183073523,0.011357231446472976,0.011579485224158794,0.011567139087881928,0.010616028563849814,0.012295300450986587,0.013472811969137771,0.013306441585146933,0.01425499787978398,0.014045653741886615,0.013904013735122059,0.01324481589954161
2016-12-02,0.0,-0.001435961880795142,-0.001128959146059594,-0.0014728085434128758,-0.0020379607809777075,-0.00222231863237888,-0.0019519387469951156,-0.0017614877153727944,-0.0010737086618364435,-0.0011473766525138757,-0.000570455920148451,-0.0015403642846018551,-0.001528081083108016,-0.00222231863237888,-0.002787894735881741,-0.0031077097379311525,-0.004000042200192814,-0.0041293425928919485,-0.004523504081027785,-0.0043448804067566125,-0.003950789305036036,-0.003895382697476218,-0.0037291812917683367,-0.003532237610869853,-0.003316874862254983,-0.0031999830762307183,-0.0037107161739142374,-0.004135500171485785,-0.004338721538756619,-0.004468065733076253,-0.0044927046193999325,-0.0046898375677303225,-0.004843874727959395,-0.005207496528319184,-0.0045604646871858535,-0.004659032982773454,-0.004880847177326676,-0.00531229345355009,-0.004720643101638877,-0.004597426659480934,-0.005071893278564464,-0.005244482424368406,-0.005614416641952938,-0.005435598015975039,-0.0053924396896481794,-0.005096547047202405,-0.005053403350951933,-0.005232153640356281,-0.005071893278564464,-0.0027325525211336827,-0.001435961880795142,-0.0008588746816403113,-0.001079847453783619,0.0004781961062967164,0.0006314157101254588,2.4528440728125422e-05,-0.0016202087721501213,-0.0023821229339132527,-0.0029231886005114394,-0.00394463286370534,-0.0034460869456104746,-0.003636859111914527,-0.0035814698949500436,-0.003766112550389859,-0.004000042200192814,-0.005515754135475211,-0.006891741222082699,-0.00644726933378504,-0.007243754960428881,-0.008059420731007063,-0.008281990547749297,-0.007398186052038586,-0.007738018425269101,-0.007132579339892774,-0.006922614662590496
2016-12-09,0.0,-0.001391249869032249,-0.0005804602729100161,-0.000882916827331992,-0.0015546975252844226,-0.002081543998061633,-0.0026935187262457838,-0.002178465528043766,-0.002130003588829884,-0.002505645061641601,-0.001978575164213868,-0.0011612576756481802,-0.0009615705181969458,-0.0014941582413245688,-0.0018211139235785225,-0.0020209728117564158,-0.0021421188534577022,-0.0018150582171347612,-0.0013973030095530664,-0.0011188964615693846,-0.001572860025171355,-0.001530481371898229,-0.0015486434319606096,-0.001730282177215118,-0.0015546975252844226,-0.0011552059637702184,-0.0010886395501321301,-0.001457836430073024,-0.0006227986838348775,-0.0001874034650945535,0.00010275473360784602,0.00037470160290917334,0.00015110624913531405,-0.00029018801968965706,-0.0002720488011869859,-0.0003264674438181416,-0.0007498246729179905,-0.0009797222485110851,-0.0011915167843986516,-0.0005986050866690701,-0.0004353136140520832,-0.0009313183665103983,-0.0011007422048495928,-0.000798219770504063,-0.000743775450394351,-0.0007558739320349445,-0.001736337370300052,-0.0018211139235785225,-0.0024571672644633103,-0.002166349823061254,-0.002214813523758824,-0.0015002120047980518,-0.00017531185908729343,-0.00023577135124599062,-0.0006348957019198478,-0.0005199799380724323,-0.0005441716330646164,-0.0005986050866690701,-0.0008284678958787509,-0.0012036206842754537,-0.0009615705181969458,-0.0008708168085768123,-0.0008103189108602911,-0.0012096726891532227,-0.00020554114824781255,-0.00042926629377102956,-5.440383971559585e-05,-0.0005865085075814856,-0.0003808890479991274,-0.00047764588001395516,-0.0009071173040824597,-0.0011854648893991767,-0.001076537041887257,-0.000550219648257417,-0.0007619232277458779
2016-12-16,0.0,-0.002356521153072103,-0.002405546768966216,-0.0028898038269747684,-0.0023871618813433955,-0.0027058811230378367,-0.0033068205688810822,-0.003073760364695731,-0.0036319689590402723,-0.003951085255090024,-0.0044852191880556365,-0.004307142841957238,-0.004061572319008603,-0.004239604936281987,-0.004497501484353933,-0.004712466092794556,-0.004282583075765037,-0.004153654198280633,-0.004178210798175098,-0.004429950721465166,-0.0045896235154027675,-0.004159793291720737,-0.004165932422849541,-0.004067710847173737,-0.003969498918028371,-0.004491360317347934,-0.00464490080781223,-0.005068794926638846,-0.005007349861580004,-0.005031927434545964,-0.005308466761736745,-0.005308466761736745,-0.004558915228769252,-0.004466796026456314,-0.004436091511355001,-0.004614190823686812,-0.0043624045213737465,-0.00444223233895437,-0.005160969603862388,-0.005167114884440568,-0.005148679155998397,-0.004712466092794556,-0.004657185065536138,-0.004503642689074096,-0.004497501484353933,-0.004730893781010806,-0.00474317909514647,-0.004657185065536138,-0.00444223233895437,-0.004730893781010806,-0.004454514107283443,-0.003693329569229453,-0.003595154400105241,-0.004024741941308948,-0.004565056810656531,-0.004184350042372778,-0.004909045609841966,-0.004331703211346481,-0.0026813606515079993,-0.0033926985485930104,-0.003558341196432067,-0.003147352456032246,-0.002828492500301167,-0.00305536318804866,-0.0030860253371610483,-0.003135086731373053,-0.004030880243393241,-0.003312954465715104,-0.0031044230779189302,-0.003355892797076785,-0.004681754033702075,-0.005019638572555847,-0.004479078096476687,-0.004417669254812348,-0.004374685309309281
2016-12-23,0.0,-0.0010286324487126409,0.0011653406493908026,0.0010901983486235522,-0.0008090184038256554,-0.001480561629060209,-0.002108580063201357,-0.002158838580460064,-0.0026552771155420045,-0.003284033958267682,-0.003359511352823848,-0.0030513478476352192,-0.003491610502863519,-0.0037118145385204404,-0.0036929380067680655,-0.003434994444647121,-0.0026301350629435454,-0.0028627231724534835,-0.002837575903759918,-0.002963318571556317,-0.001543345727124493,-0.00103490784445474,-0.0007651013818944941,-0.0012985100326240637,-0.000489095684388533,-0.0006459077579849343,7.522426236743237e-05,0.0006266960165503164,0.0012154323798828643,0.0018413673907111672,0.0016348521469618901,0.001115246409591803,0.0006705500328021121,0.000971211490268666,0.0018914252701448463,0.0019164532702211977,0.001008787817186962,0.001472113123662926,0.0014658534015320362,0.0008772644950940759,0.0009023178901435435,0.0009649486318372724,0.001622334700771229,0.0018851681722492444,0.0015972993383205007,0.001935223859211573,0.0028483003021127556,0.0026920107409994032,0.003741807439320627,0.004902798281803246,0.0058131703501151846,0.005301967516145291,0.005127350581600839,0.0054329102101979025,0.0038229957869635833,0.004334955041195447,0.004466024411407481,0.0047218722519808696,0.004603316756950723,0.00408525156277702,0.003035815538275138,0.0029358117880511,0.0026107305148705415,0.0021479325804454968,0.0016849203649194457,0.001753760071689428,0.0017162117281929398,0.001440814121159685,0.002654497611399815,0.0026920107409994032,0.0012342161319379155,0.0010150504010664,0.0018100799435453957,0.0015096706336042624,0.0021291659837359557
2016-12-30,0.0,0.0018918808352925403,0.002051421358923842,0.003277805947361396,0.0035535353299120647,0.0034983955352018755,0.003179750509189545,0.004019039062347874,0.003829188706726865,0.004037409764752067,0.004484326201879445,0.004484326201879445,0.003951676932699324,0.0032042652701412583,0.0032103938664781724,0.0034003617257133685,0.003669931579633636,0.003976172777592687,0.004037409764752067,0.004037409764752067,0.0038965590876705726,0.0039884204750258575,0.003957800950177246,0.0034983955352018755,0.004117012242268012,0.004337416807983897,0.004747484903394302,0.004857623800892787,0.005187967728627538,0.005328636640112598,0.006086684824696988,0.005787202193978935,0.005878890076267043,0.005762750672176081,0.005658825033933345,0.005726072268416138,0.005658825033933345,0.005438711552316801,0.005163501550059865,0.00538979086497129,0.005677165637278445,0.0058055404429821775,0.005823878355700431,0.005432596597276811,0.005444826469964124,0.0051268011598083,0.005671052140205305,0.006355531595877839,0.006276107117823038,0.006276107117823038,0.005487629846545734,0.005353098778838655,0.0053225210119305835,0.005285826457398396,0.005640484094204124,0.006111128427196169,0.006337203430068648,0.00639829600978293,0.006373859425771744,0.006343312855996416,0.006129460736976144,0.005041161677507741,0.005487629846545734,0.006813626600575342,0.00736916690832256,0.007863399347962445,0.0076437706416077975,0.007918298988383645,0.007893899520290789,0.007442401943996489,0.007497324701254592,0.0070090166179882386,0.006911326381439146,0.006813626600575342,0.0064532761405882355
2017-01-06,0.0,0.0008254578897748865,0.0011145083009743333,0.0008134123092981183,0.0006989720575251846,0.000686924953347828,-3.6167019299012456e-05,-0.00011453338208504646,1.8083019141406677e-05,0.0013673588917042403,0.001385417201988454,0.0008555712061867273,-7.233534669873117e-05,-0.00012056181821824392,-5.425101948049449e-05,-0.0002290798835682171,-0.0011278208020897745,-0.0015563642137574453,-0.002498598102413657,-0.0016952275271987876,-0.0008623367446580535,-0.0012786954225490275,-0.0022569150202613433,-0.002879367442390368,-0.0032239980109048496,-0.0021904624115188075,-0.001815993910815057,-0.0023717072012273193,-0.0029095934421932046,-0.003012368675870574,-0.0030909686293556626,-0.003139340902378157,-0.0026557234343619804,-0.0026375923283338707,-0.002407960101463385,-0.00214817668687109,-0.001912617519661369,-0.0024804698449917557,-0.0026859426749547906,-0.0024683845226158682,-0.002552984846564517,-0.00297004818277004,-0.003514305375864172,-0.00248651256095105,-0.002172339739149117,-0.0023475393312010822,-0.0031514343362484846,-0.003254234429463763,-0.003441720633145175,-0.0035505997230234404,-0.0028249629449383796,-0.003290519338574012,-0.003502207552867173,-0.002643635993816832,-0.002268997787215,-0.0026980306268932293,-0.003332853396632439,-0.002861232281032235,-0.0030970150355229538,-0.0029398203556346095,-0.00248651256095105,-0.0022931637591112387,-0.002407960101463385,-0.003181668560788195,-0.003974131134208198,-0.004077015839882332,-0.004936819470117928,-0.004361516890520609,-0.004973165484175686,-0.005706425524362763,-0.005748861983349539,-0.0063188975350431985,-0.005415481165418515,-0.0056033730493450715,-0.005112504110582778
2017-01-13,0.0,-0.0027290638376722613,-0.00301364657016415,-0.004319021338697883,-0.005162487201608814,-0.0054715400758831075,-0.00490105550509188,-0.005406155540491376,-0.007375509235574245,-0.0069646592168442975,-0.006238641570100462,-0.006637290927574583,-0.00839443087570643,-0.007816318664120084,-0.008251361683624569,-0.007917613148126095,-0.007286179654024008,-0.007143268919398098,-0.007256404900035664,-0.006833699040456328,-0.0069170353501344884,-0.0074112433026508155,-0.007173040304930858,-0.00713731474865045,-0.0074112433026508155,-0.006887271585135137,-0.00652422496536706,-0.006006665099801456,-0.006280284069251122,-0.0063635742702071825,-0.006667047253027599,-0.006952753037537234,-0.0066075354875340135,-0.006256488143112715,-0.006470671865968524,-0.006536126043604864,-0.006696804463945979,-0.00701823877804062,-0.0071551773672512324,-0.00731000009553708,-0.0071551773672512324,-0.007304044931963507,-0.007327865799044256,-0.007149223125598442,-0.007393376109497086,-0.007595889660728381,-0.00748867149548587,-0.00764354586885196,-0.0074469786466967915,-0.007315955294574612,-0.0073635981636372095,-0.007202812576825289,-0.0070301457370629365,-0.007435066723457109,-0.007262359779910743,-0.007339776445375595,-0.008150033388803653,-0.008406354232369915,-0.008620998966349092,-0.008817797120659674,-0.009110084029181731,-0.008895334301267651,-0.00854944560241597,-0.008066594266534761,-0.00790569561743845,-0.008227518808172598,-0.008012958506965168,-0.00800699915570003,-0.00773886509898296,-0.005959086833544492,-0.005970981187889429,-0.006464721698620174,-0.006809889941808094,-0.006857508705991014,-0.006792033489825144
2017-01-20,0.0,0.000890768138522439,-0.00010694551730256106,-0.0003743593596422267,-0.0007488589167002357,-0.0006834599981370681,-0.000297099126337177,-0.0003030420092892484,-0.0006358998345211879,-0.0009153481933915442,-0.00041596349628794665,-0.00039218949197198,-0.0004813449226369281,-0.0005883419327668969,-0.001075917680181856,-0.0015399299669860294,-0.0013138458032186315,-0.0012365129536728685,-0.0009450813384171198,-0.0009510280735108965,-0.0010342860782214672,-0.0008321000902109318,-0.0007429133837276737,-0.0008202080697566395,-0.0006894051776370227,-0.0006358998345211879,-0.0009391346386869022,-0.0006537346308036823,-0.000552674990668543,-0.0007250769969035521,-0.0008321000902109318,-0.0005051210466541762,-0.00053484199665678,-0.00019013327211283868,0.00023167605850366653,-3.56472349666582e-05,-0.0002673852413335872,-0.0003743593596422267,-0.0007191316053252988,-0.0009450813384171198,-0.0009986032273959328,-0.0010461806447837011,-0.0012900504433126028,-0.0014923290530395414,-0.0021291788702660665,-0.0035173687568413677,-0.004477717180610079,-0.004131646865215556,-0.00404813059142439,-0.0050269020727268824,-0.005869173387629922,-0.006036517399495633,-0.005588337450735104,-0.005779536328023983,-0.0061739995046229575,-0.006162043788594882,-0.0064789185689108535,-0.006724117016418547,-0.0065088175998854565,-0.006867675717219451,-0.0073343838775265435,-0.007238631111096214,-0.007220678488067921,-0.007753410066808085,-0.007448102197371251,-0.008136673439306711,-0.007400219223350634,-0.0075738059138772355,-0.007627683772784214,-0.006771967626821978,-0.007501973283874367,-0.007855200074111099,-0.008046832906192432,-0.007681564534671392,-0.007627683772784214
2017-01-27,0.0,0.001255238761377675,0.001191647043310228,0.0008157952285809835,0.0014055303852146448,0.0022144049382146628,0.0018793791438714207,0.0009661529066478792,0.0014922268177107523,0.0013592892143800045,0.0015615785523988561,0.001463328842011939,0.0015731367072551877,0.0018736018526697973,0.0021450984649622777,0.0024858090519417047,0.00337457488026613,0.00337457488026613,0.00352454834678026,0.0035533868196120913,0.0033226557471887465,0.0033053487704575893,0.003472636999813259,0.0031438025419220405,0.0030861011351457344,0.0028841199879563635,0.003345731250235604,0.0038820866417867256,0.0038647893444888203,0.0038417258159987072,0.0037264001939774725,0.0036110612704231206,0.003720633563736538,0.003910914805751787,0.003951272839167774,0.003674499324626172,0.003363037528088504,0.0024858090519417047,0.001451769417902275,0.0017696049031532947,0.002433843753201629,0.002110443426982752,0.0010644514741697893,0.0010933609787496226,0.0008678446755674488,0.0010239767636308979,0.001890933626144129,0.0019891413355280644,0.0027109608138392726,0.0026878706583261824,0.001937150220220411,0.0018216047298323448,0.0014402098601707808,0.0015731367072551877,0.0017291587240116093,0.002133546919076477,0.0031611123147318814,0.0032361178680627737,0.0033918806589546724,0.0035764569990989785,0.0034207229579186374,0.0033226557471887465,0.0024800352632102594,0.001856269778800109,0.0013881901967264059,0.001208990640199177,0.001191647043310228,0.0012725812554021307,0.0004745150776505242,0.0007463917514388773,0.000977717945535274,0.0010586694729614236,0.0006538462884142362,0.00032986970445916716,0.0008967598644290193
2017-02-03,0.0,-0.00036640312768565557,0.00039487803646377886,8.585631664503503e-05,-0.00011448655654118614,-0.00018318478243653546,-0.00020608523987406725,0.0009097021210085149,0.0014356929397309761,0.0010869690654761585,0.0003891562797699942,-0.0007558536065350946,-0.0005611094081510604,-0.0008303246473595248,-0.0015696072331020585,-0.0014778835734931364,-0.0013517772771826054,-0.001133994760819168,-0.0006985719641402254,-0.0009277182234708639,-0.000939176914888265,-0.0005553822116996978,-0.0005840185219703829,-0.001151186393079092,-0.0009792833688816033,-0.0012486112255998153,-0.0010996123829305749,-0.001334582196121728,-0.0016269387929949107,-0.0022233819449853707,-0.0021545434229212406,-0.0025561682877511594,-0.00179321890656325,-0.001632672129768402,-0.0017358778130529295,-0.0013517772771826054,-0.0012486112255998153,-0.0015638742578886432,-0.0017530797958684374,-0.0013116558812964526,-0.0011913013510926871,-0.0011454558161533266,-0.0014606863239062984,-0.0012084939685831362,-0.0008818847707714366,-0.0011970321907465926,-0.0015982726021850147,-0.0020799737045021634,-0.0018390941488499284,-0.0017072084992509578,-0.0018792367123020546,-0.0018505632882631251,-0.001076691454402752,-0.0009162596633533449,-0.0010652311871491363,-0.0014893485708563704,0.0003319369121427661,-0.00026906420205893714,0.00016598222883574718,0.0008410742214526994,0.0007724416117850396,0.000955451437635865,0.0008525125317856797,0.00017170526261577664,0.000320492645720283,-5.151732843715226e-05,-0.0004923852154900854,-0.00038358156874275,-0.00032632124612249095,0.0007896002058103529,0.0010011986613592135,0.0010469437923698193,0.0010755334366307457,0.0011384277770185916,0.0009097021210085149
2017-02-10,0.0,-0.0006973916136401704,-0.001735875180611383,-0.0018948640119809254,-0.0016166501432124548,-0.0018096882801989082,-0.0021504347454116813,-0.0035771509544187284,-0.002690187551736453,-0.002945961653445479,-0.002479933399152894,-0.0019119000289607247,-0.0017812979817297542,-0.0017812979817297542,-0.001900542652060267,-0.002127714701788344,-0.0024742514679779474,-0.0024742514679779474,-0.0025651662411231477,-0.0029687002954947427,-0.0027299703377302357,-0.0027583875824528626,-0.002752704068904942,-0.00286069635040356,-0.0027640711283036267,-0.0026447234484796695,-0.003093772069800939,-0.002940277073720713,-0.0028663804777621857,-0.0028095406580428235,-0.0025424367729348024,-0.0023719822270675344,-0.0024458422963590325,-0.002792489342107168,-0.002587896225951737,-0.002559483825641796,-0.002383344959577564,-0.0025197078213634394,-0.00279817308178048,-0.002940277073720713,-0.0031961151580361486,-0.0029118546598031463,-0.002587896225951737,-0.0025708486888941944,-0.0024742514679779474,-0.002639040580904735,-0.002752704068904942,-0.0024742514679779474,-0.0028265922647308112,-0.00293459252631021,-0.00319042915612001,-0.0027811219596740938,-0.0028891173102949005,-0.003662477370675697,-0.0038445313957104236,-0.0035487104335003026,-0.0036169690426439524,-0.003651100094509268,-0.0030369193240823047,-0.00216747511689246,-0.0018267228461729317,-0.002144754686112017,-0.0011739386987020671,-0.0014009457255443462,-0.0015314981041954227,-0.0019914052791884336,-0.002684504425789901,-0.002548119091548046,-0.0037933253511100115,-0.0028095406580428235,-0.0024401605588838674,-0.0028550122553541663,-0.0032188594890126205,-0.00293459252631021,-0.0027811219596740938
2017-02-17,0.0,-0.0032632892337864194,-0.00386186847305419,-0.0044212426665885705,-0.005348571799154334,-0.005942740475652522,-0.00806765804929412,-0.007251155582775627,-0.00726815925273494,-0.006497616605303351,-0.006814826969413281,-0.0071151366305920736,-0.007001801634890841,-0.006973469892855155,-0.007341845163738658,-0.00699613522226813,-0.006962137420789523,-0.00745521870701005,-0.00726815925273494,-0.007364518844131315,-0.0071038025529874685,-0.006678867349210892,-0.0064749625720350494,-0.005540930628169194,-0.005444746588421884,-0.00580123971838742,-0.006072938858546109,-0.006146536748018279,-0.006276761669288963,-0.006118229226424858,-0.005925759327556778,-0.005212811370847842,-0.004850873642806535,-0.004619076108433468,-0.004607770285934929,-0.004409939080525941,-0.004364726013941893,-0.003895761033640326,-0.0033310349390168834,-0.003291516053218475,-0.003771493926983463,-0.0037884385322453054,-0.004195195218266864,-0.0044551541914236974,-0.0038110317859006105,-0.003912707744707695,-0.004647341223912559,-0.0065655817845028195,-0.006820492354758503,-0.00699613522226813,-0.007098135562357963,-0.006888479482555269,-0.006735514944535555,-0.006554253933849027,-0.006395677496842547,-0.006288086376969899,-0.00631639870727484,-0.006644880332248159,-0.006514607467051976,-0.006593901972550729,-0.0064466457521253325,-0.0063107361770864895,-0.005540930628169194,-0.005631465235084378,-0.005812559042171193,-0.00577294196947149,-0.005982364275976529,-0.006118229226424858,-0.0063107361770864895,-0.006395677496842547,-0.0065655817845028195,-0.007069801090921385,-0.007137805171192286,-0.007324840240813147,-0.0073871930386316354
2017-03-03,0.0,7.876009117754238e-05,0.0012200848825823201,0.0007817003786357194,0.00014626380390734598,5.6257840951431755e-05,-0.0004164064186755298,-0.0012722719649002389,-0.0018357411467757846,-0.001965383980949567,-0.001920288914905894,-0.000923080452337776,-0.0008611398533523878,-0.0012215753083339572,-0.0009343427916383494,-0.0008780323634953826,-0.0010526050129097597,-0.0006528223542106792,-0.0004276630530546051,-0.0003713811482349486,-0.0007091201017526835,-0.0012948046372761636,-0.0014976215393797637,-0.0015370629365119288,-0.0010582368961270234,-0.001030077797216321,-0.000939974008854323,-0.0013624057008920578,-0.001649761215165032,-0.0013849404043361194,-0.0010920288615271412,-0.0013455050065546367,-0.0014807185596658167,-0.0018695593962337856,-0.0017850159168810611,-0.001965383980949567,-0.0021119569914834872,-0.0017399289836300973,-0.0015088903512527725,-0.0014525475617063442,-0.0014525475617063442,-0.0016103153728924942,-0.0020894058991639698,-0.0021401465720525914,-0.002230358570309531,-0.0022811063959170957,-0.0025179636397805586,-0.0024615639691396712,-0.0021965281172601683,-0.0020273930173774117,-0.0017793799390528927,-0.001317337817384742,-0.0015821407238763136,-0.0014469134573459465,-0.0011708812217882606,-0.0015483321928538914,-0.001379306680867553,-0.00053460739988141,-0.00032073014209823864,-0.00021380866456660827,0.0009784351442707452,0.0006242846940866624,0.00061303976835932,0.0011976083003703264,0.0010065369514997132,0.0007479705322156587,0.00034874760589497205,0.0003937384390203686,0.0006748852951199658,0.0011301755223953208,0.0009840555688935976,0.0005905495375522398,0.0017481391833275729,0.0021917139540039723,0.0020794351431431546
2017-03-10,0.0,-0.0005962580803836601,-0.0008415515138820176,-0.0018400705533656158,-0.002191741973081369,-0.0023257445751656085,-0.002588218364197173,-0.002655243990353367,-0.002973677078800452,-0.002834000959558114,-0.0026831726605315797,-0.00275579085365525,-0.0021861589209941088,-0.00249327308332522,-0.0022252409401995374,-0.0028395876297629585,-0.0035661206463188933,-0.0035213956769201337,-0.003666759141746406,-0.0033481053117102697,-0.003571711408144118,-0.0032754440946028206,-0.0033257474518035997,-0.0036108476161300094,-0.0037394487988791397,-0.00394636367092456,-0.004091788928192106,-0.0045169994417740885,-0.004505807374711117,-0.0042931818969015765,-0.003951956559008138,-0.003940770814121316,-0.003979921468641383,-0.004024666950753407,-0.00398551454441353,-0.004047040442641242,-0.003979921468641383,-0.00398551454441353,-0.0036276207455771792,-0.0036276207455771792,-0.00394636367092456,-0.0038736589722115824,-0.0037114906131398796,-0.003571711408144118,-0.00349903394231936,-0.0035549392164374236,-0.003666759141746406,-0.003778591572149417,-0.003840104740180953,-0.004388298232644502,-0.004640120447492549,-0.004164509488284327,-0.003974328424151334,-0.004354726728134408,-0.00449461543290922,-0.004880809827815768,-0.004824830383453059,-0.004836026021632641,-0.005905787443658208,-0.006499971187232501,-0.006797195506856066,-0.0064775427479704896,-0.0066738086496432114,-0.0062813153590432,-0.005631236878404687,-0.005945015107011448,-0.005390366832231098,-0.005726480576285313,-0.004153321365595156,-0.0036891246273300766,-0.00398551454441353,-0.004399488984607187,-0.00449461543290922,-0.0041868861091918265,-0.004214857589472275
2017-03-17,0.0,-0.003691375136352403,-0.003408195462403831,-0.002989018947570833,-0.0029509207030789706,-0.0033864157317092507,-0.0031523135804391216,-0.0029345933283300256,-0.0029509207030789706,-0.0031632008374493066,-0.0041217439254598465,-0.003985531237309781,-0.003996427569604484,-0.004350623018354015,-0.004192581856477156,-0.004699491923500567,-0.004263424805862207,-0.00437242375958017,-0.0050539365261572785,-0.004955770057562656,-0.00502666709600487,-0.004933956595383518,-0.0050539365261572785,-0.005577653839892441,-0.00593240989425034,-0.006068888048404082,-0.005403050924671404,-0.005337582690381032,-0.005392139254640375,-0.005681338747010075,-0.0057031685184531005,-0.0060033762098454495,-0.006008835365805495,-0.006352822286774281,-0.006380127904906908,-0.006412895630884182,-0.006287291845130216,-0.006025213012501762,-0.005850531941480926,-0.006112564991898476,-0.00645658760249153,-0.006330978329085068,-0.00645658760249153,-0.00629821328719758,-0.006008835365805495,-0.00651666718064164,-0.005735914069154461,-0.006047050292014439,-0.005763202847191963,-0.005343038212869984,-0.005250298378044034,-0.005010305794844806,-0.005048482580636593,-0.004644973133586123,-0.005004852087277912,-0.004792180688325614,-0.004890331098454968,-0.00497213046646413,-0.005277573907259181,-0.005615852291768446,-0.005315760898047164,-0.005348493765121825,-0.0058669069957236145,-0.0058123245243249235,-0.005801408387545799,-0.0055230871539320055,-0.005910575118001476,-0.005675881378607544,-0.00612348452585292,-0.0043887746274028,-0.00432882275239004,-0.005315760898047164,-0.005976080877072705,-0.006341900248284863,-0.006036131592649753
2017-03-24,0.0,-0.00029661203363740636,-0.0003460559271893454,0.0015256119125034635,0.0018107199539332713,0.0014159333254924634,0.001728485591436205,0.0016901072412071187,0.002583392590171745,0.0030488998782903106,0.002517656454994644,0.0021998708699233465,0.0023971289828028626,0.002523134631309572,0.002484786766870053,0.0021231488720448903,0.0024464374318156523,0.002342338965530207,0.002342338965530207,0.002161510606767238,0.001777827020428885,0.001777827020428885,0.0018216840246736287,0.001723003060151687,0.0016955899528466867,0.0016188292542866406,0.0015914132910662434,0.0015420626630696455,0.0016736589259255675,0.0016462444658926047,0.0016407614836987656,0.0013281817938978649,0.001448838164700641,0.001629795429120539,0.0016681760940428548,0.0017942736224243233,0.0017339680926631816,0.0016023797665508605,0.0014817419212157792,0.0016901072412071187,0.0018107199539332713,0.0018490936756133762,0.0017175204988084118,0.0013556049747142623,0.001097797380029992,0.001092311389877299,0.0008783342955829292,0.0011526556263352044,0.0009935584203502128,0.000999044952285767,0.0008947956977107575,0.0008673598769525828,0.001169112513405547,0.0017558977969965046,0.002172470832109644,0.002249189046147249,0.002227270156995769,0.002364255332674193,0.0022930253831897553,0.002501221745984619,0.0026381694020655307,0.002709374772075947,0.002517656454994644,0.002468351517642951,0.0027586678275158096,0.0032240935498669423,0.002912008463084837,0.0027696215098701477,0.0015475461864525837,0.0018819842650704896,0.0018162020043298059,0.0009222307657651009,0.0005545383061778736,5.491850095849546e-05,-3.844474529456663e-05
2017-03-31,0.0,0.0005618728515033262,0.0003927986957212788,0.0010580222517171298,0.0019515605044776155,0.0016901197465531872,0.0009871588354713515,0.0005509657040493613,0.0005509657040493613,0.00044734186938388896,0.0008236087069925638,0.0006491257486274629,0.0002182405455945582,0.00016914057531742176,0.00018550749994523404,-2.728341741341687e-05,7.093340175022074e-05,-3.819699280998026e-05,-0.00010913813624721331,-0.0005458098315770892,-0.0005348907149337198,-0.0006550075560049941,-0.0007314530585896321,-0.0003602010615758921,-0.00016916918869161333,-0.00010368094653634207,-0.00024011962438430027,-0.00030015854053609697,-0.00025649351675904517,2.1826197986125244e-05,-0.0004038706140790596,-0.000900746042345821,-0.0006495473865760801,-0.0003219917674333554,-0.0001255098840682858,-0.0003219917674333554,-0.00022374600010951703,0.00015822914340997386,0.00023460666663338396,0.0004255249569126595,9.821413964130422e-05,-6.548145240201713e-05,-0.00010368094653634207,-5.456757923200946e-05,-2.1826674379663695e-05,0.00030552342947638564,3.273911833841482e-05,-0.0002728676772425315,-0.0002019149181056093,6.0020898203418345e-05,0.0005618728515033262,0.0008181565753454253,0.0005455120857101877,0.00048552032092519617,-0.0002182881849273227,0.0002891584690384496,0.0009871588354713515,0.001581165921076624,0.002251044033760663,0.0027681226058438517,0.0027028221693959475,0.0022891536861237055,0.0027681226058438517,0.002947676822177444,0.0030456018986917232,0.002991200262277097,0.0027137058715963258,0.0026647282788349654,0.002947676822177444,0.002827977593550358,0.001978789986383939,0.0010035123772398871,0.0014939943128140611,0.0015212362566918863,0.0015157879272859225
2017-04-07,0.0,0.000964006876860294,0.0011263884739694111,0.0006120896008579495,0.000563352830850497,0.0008719789327806828,0.0010939142639019054,0.001207569385675606,0.001299566452657665,0.0009098738177879995,0.0011805098140271308,0.0013753223887123783,0.0018081033920539365,0.0017810600659394584,0.0022893522691906686,0.0022623219546912487,0.002283946264741545,0.002029831084317437,0.0019649402631012574,0.0017053348618511098,0.0019487168998355573,0.0021055317207796563,0.002089310638238195,0.0018243290366857599,0.001726971219587367,0.0017431981806837115,0.0014131982047380592,0.0010343754730088093,0.0013049777812741054,0.0015322271451422695,0.001526817046110425,0.0011805098140271308,0.0008611515590142838,0.0009748331370370215,0.0014023766894010019,0.0016512419193439975,0.001862187850357094,0.0017648337192200285,0.0016296039230215165,0.0011588616294970642,0.0014997661119046978,0.001391555056957927,0.0013590894569634774,0.0013699114407415885,0.0012887437075765598,0.0014618935746295346,0.0013103890806082268,0.0015159967602384294,0.001862187850357094,0.0015322271451422695,0.001543047255399236,0.0014564830950716972,0.001607965458486241,0.0015755068837393748,0.0016782887563533573,0.0017864687896701668,0.001975755692392949,0.002143379890149328,0.002338004994158242,0.0023650332630263597,0.0024461136867429917,0.0013103890806082268,0.0009423540048765441,0.0003196333453546127,0.00046045629322835136,0.0005471067129954796,-0.001214454322597333,-0.0013338106665287863,-0.002229437624515827,-0.002300036273938716,-0.002207715965849132,-0.0030932559178331407,-0.002951951569772087,-0.0027780659317441178,-0.002794366425921144
2017-04-21,0.0,-0.0012694263408049087,-0.0017711031515010513,-0.002185721735626431,-0.0023166896432192446,-0.002611430164533008,-0.0026933179510153847,-0.002376722333766133,-0.0022293757990081977,-0.002240289612622237,-0.0022730317681502977,-0.0026496436304171552,-0.0028243523586545067,-0.002862573962055228,-0.0032284832370227745,-0.003179323459542844,-0.003053703895495883,-0.0031028574977822053,-0.0031356279082890436,-0.002862573962055228,-0.0027915921470204903,-0.0028407328669419933,-0.002551383382613181,-0.0024640490448793583,-0.0024258426704138955,-0.0024258426704138955,-0.0025240905827250367,-0.002562300711142815,-0.00272061537004621,-0.0027369941791433147,-0.002562300711142815,-0.002611430164533008,-0.0027315345463037014,-0.003403293131707918,-0.0034907095398233625,-0.0035180287345644655,-0.0037038190543303845,-0.0037475394406070095,-0.003862314549837763,-0.003709283998082373,-0.0035726693631638277,-0.003692889256422199,-0.004212186631428063,-0.004299673781808869,-0.006429063714488965,-0.007136213355436069,-0.00697719815269919,-0.006955267005534974,-0.008326888916339594,-0.00801399350593859,-0.007981062841449569,-0.007640842792622499,-0.007404951685446047,-0.007333646722316117,-0.007207504241474803,-0.007816425783471142,-0.008464154638284612,-0.008870571638699497,-0.008261008061841065,-0.008359830971267855,-0.009227695858538802,-0.008332379183468462,-0.008250028341384599,-0.007898740924290307,-0.007366556073511349,-0.007289769272027777,-0.007185568042907374,-0.00674694509260551,-0.006193458248448182,-0.006324952128693348,-0.006730500473969601,-0.0068565827949284355,-0.006533186140635606,-0.0064509833243208674,-0.0064893437976938405
2017-04-28,0.0,-0.0028462025651363595,-0.003307932665256184,-0.0027925268523101006,-0.002760322807479299,-0.003399230136648261,-0.003254232163680689,-0.003506649599009759,-0.0034475674667720237,-0.003286452118575416,-0.003098517014698284,-0.003517392179914772,-0.004602987724880315,-0.004350293437921207,-0.0038289772370974622,-0.003463680429382181,-0.0033938594664153655,-0.0034314547637851363,-0.003845096346570681,-0.003753758161504278,-0.0037698760585489232,-0.0037967397976069314,-0.004662138163283077,-0.0045438407850451985,-0.004511580292317042,-0.004393300722286793,-0.004479320840294815,-0.004479320840294815,-0.0045922334756075085,-0.0048449889145561744,-0.005081668940404831,-0.004984838522667342,-0.00488801748015174,-0.005022493682100902,-0.005727444781771515,-0.005436794045024803,-0.005576726447139131,-0.005350691529163832,-0.005221551654357591,-0.005065529886314503,-0.004672893164358528,-0.005006355583007305,-0.004758937337339007,-0.004119160968424458,-0.0042427833184277425,-0.004516956968832092,-0.0045008270260124515,-0.004108411921058607,-0.0039471900740743115,-0.003952563716893863,-0.0037161507453174073,-0.0035012783518328055,-0.0025080936640162845,-0.002958930940866808,-0.0032220132468776743,-0.003168317358895968,-0.002942826109148592,-0.002706651703988511,-0.0030179842096166015,-0.003050196553389619,-0.0036355681870998847,-0.004178282794338759,-0.004017049683157781,-0.0037967397976069314,-0.0037645033973355154,-0.0038880819088015347,-0.0036087087773069323,-0.0034099715636467885,-0.0028623058408115284,-0.0031199935247662527,-0.003743013041132005,-0.0043664209528060695,-0.0037591307649873294,-0.003463680429382181,-0.0035012783518328055
2017-05-05,0.0,-0.004495638897835746,-0.0038047444834685517,-0.004190301108840916,-0.00473676092014233,-0.00470460795778006,-0.0047474788040034474,-0.00522454096781759,-0.005449750494060049,-0.005889591514716433,-0.005272795882456098,-0.005069068747441696,-0.005390762144242117,-0.005723287408499399,-0.005621372753888414,-0.005460476022426497,-0.005197733688031075,-0.004977941096301011,-0.005079790193550454,-0.005476564530673552,-0.005685738695745306,-0.005610645499689816,-0.005503379286298894,-0.005337139391022605,-0.005321053125743652,-0.005546284390940206,-0.005744744448823263,-0.005626736424140598,-0.005449750494060049,-0.005573101016176805,-0.005862766401043394,-0.006329626080628422,-0.00790890456057817,-0.008774805595408549,-0.00819924743604456,-0.008269157386678994,-0.008011052626977367,-0.008032558812694872,-0.008532708061199955,-0.008398234752604353,-0.007817517765906576,-0.007172671942313558,-0.007554155488074215,-0.0074144403991548945,-0.007484295503576297,-0.007925032508969315,-0.008037935431393153,-0.008758663936207155,-0.009388381794984987,-0.00939914965078197,-0.009905369705751964,-0.010061595716622997,-0.009673769156415917,-0.008731761749864838,-0.008645679616696276,-0.00878018620637694,-0.008860898845212786,-0.008150851102326242,-0.007699264898136685,-0.007473548246813478,-0.00796266540012041,-0.008129342372469785,-0.009426069797552249,-0.00882323213639081,-0.008672579487309531,-0.008624160241187825,-0.009259176568454007,-0.008990052619104308,-0.008753283441040057,-0.00840361333776743,-0.00886627991943676,-0.009539142328316881,-0.009221494855115746,-0.009382997910566316,-0.009819186490956833
2017-05-12,0.0,-0.0006784224818039223,-0.0017128422248323945,-0.001707534777687935,-0.0030140163859948277,-0.0032585073676216934,-0.004050856191437679,-0.004407352001066773,-0.004529760467627715,-0.0037210777251104007,-0.0034977411826015116,-0.0029661881848841915,-0.0030299596280536196,-0.003019330771771516,-0.0029980733981191734,-0.003205352069088936,-0.0035987682020977695,-0.003550912025850415,-0.0034817904809032623,-0.0034924242537658352,-0.0035402776310271655,-0.0036200383489159277,-0.003455206543448454,-0.0030990499477300563,-0.0030299596280536196,-0.0030299596280536196,-0.003380775278029273,-0.004189182759403768,-0.004268995253293938,-0.0038965914355749607,-0.003641308948162743,-0.0038008528656234514,-0.004284958516504502,-0.004300922034544905,-0.004226427797171897,-0.004348814117726743,-0.004471215418526331,-0.003992339172277977,-0.003960422241407422,-0.004402030233707835,-0.004689446206433771,-0.004865129976101156,-0.005333770979049235,-0.005472275134395168,-0.005829278124756712,-0.005195286004447544,-0.004551050426219606,-0.0049396718100776825,-0.004865129976101156,-0.004811889210699363,-0.004407352001066773,-0.003949783490822218,-0.004034896664796942,-0.004322207121681591,-0.003965741659143956,-0.003933825577159553,-0.003965741659143956,-0.0047160629755321395,-0.004763974945282333,-0.005030194364898975,-0.005024869281894356,-0.004332849835148,-0.004135977968831902,-0.004242390380875993,-0.005216590136917503,-0.00526452609448748,-0.005786644200937076,-0.004790593698195374,-0.005046169784054333,-0.004072135956509932,-0.0038008528656234514,-0.003965741659143956,-0.00341267371341364,-0.0035402776310271655,-0.003003387699169124
2017-05-19,0.0,0.0001264355707090471,-0.0006218741801158552,0.0005846305538536351,0.0007531092443301834,0.0006636084743008029,0.00028972452668095676,0.0006530784452905412,0.0015740366225778439,0.0015687764131688171,0.0008215456051221529,0.00065834347365575,0.001116294859855897,0.0011741818276737243,0.0012110172444049557,0.0010320896517141014,0.0007846958389822879,-0.00022130072223820353,-0.00042683811100303757,-0.0007484044051922436,-0.0008116755219483903,-0.0010173343031168593,-0.0012230353885198753,-0.002458131265445666,-0.00300755280179815,-0.0035942878496190165,-0.0035678509373431354,-0.005097052902118017,-0.004414178982274043,-0.005271816508306639,-0.005637330045647102,-0.0051976706421694155,-0.005150008345420414,-0.005759197586378409,-0.007297063861799408,-0.007620847354323959,-0.008651282459044448,-0.00877883280174307,-0.008592827322016848,-0.00913499697060883,-0.008720370208485364,-0.007955356783440965,-0.007509369072566728,-0.008029707410410309,-0.006899113037962802,-0.007037051390348664,-0.007562452418741008,-0.008433421586260927,-0.008098752228491383,-0.007976599255640657,-0.008566257934731866,-0.008380291987217507,-0.009347692784493628,-0.00936364679440142,-0.00828466582170078,-0.00796597796313554,-0.007477520417373364,-0.006082483445437851,-0.005388342549360376,-0.005372451835098907,-0.0048693764452626825,-0.006331643855668023,-0.007164395990313923,-0.006549047264455167,-0.005759197586378409,-0.006077182834542466,-0.005700911257420277,-0.005843983766281917,-0.00560554095565997,-0.005838684419426437,-0.005854582544242851,-0.006421780996738002,-0.006496017684543066,-0.006029478600782635,-0.0056850155754820395
2017-05-26,0.0,0.0018174278425549496,0.0024889349815665927,0.002410266059683607,0.001917133187106349,0.0033276852928479416,0.0034115216443388993,0.0029136402503631134,0.003668226757061835,0.0036367970182404263,0.0038620216545773548,0.0035372629945475587,0.004134318585588313,0.004118611162521553,0.0036263202191120164,0.003427240177800137,0.004134318585588313,0.003940576455756259,0.004364665782653092,0.004134318585588313,0.004233793202627575,0.004819968894168037,0.005431946411325859,0.0053953429031369125,0.004066251303671631,0.004694388739853337,0.005102466594213667,0.005055389185868573,0.005902443631002276,0.006148059776011506,0.005573118822288486,0.0053953429031369125,0.00519138454131374,0.0051390808240764935,0.0050867743710175375,0.0058972171000859245,0.0064615246626745755,0.006273457522151144,0.0064615246626745755,0.006304804501872386,0.006670446678069382,0.00662866576671702,0.006550321852562783,0.006790557075335451,0.0069419800600672476,0.006858439179810972,0.007103820657873411,0.007239537740164249,0.007364798700662305,0.007620491119731476,0.007537006906025925,0.007390892759307422,0.008553995924145767,0.008496654830635383,0.00804302303108908,0.00814732442047798,0.0072760738077914085,0.007599620719697359,0.00813167990557509,0.008350680845025717,0.007641361084201086,0.008209900032696593,0.008663456155007588,0.008835440885272227,0.008976133667182869,0.00911680665741936,0.008804173134306943,0.008470589610239587,0.009450174719679712,0.009851110937140552,0.00933559198300606,0.00930954862080646,0.009090757596616705,0.008814595826592666,0.007970005585102483
2017-06-02,0.0,-0.0008429370907891675,-0.0011275241181286954,-0.0007187790374278195,-0.0008791527602785561,-0.0014328984499075484,-0.0022977689674556446,-0.002142347879609663,-0.0021889716696660362,-0.002758993708678784,-0.0025413105818894157,-0.0028160137875373197,-0.002873037117870983,-0.0026242318999714024,-0.0025205813266909213,-0.0024376686026493935,-0.0023599441668249155,-0.002199332807111855,-0.0021786106395722746,-0.0025205813266909213,-0.0028834053454743543,-0.002992278226124948,-0.002354762752557963,-0.001375957179635862,-0.0012051528200863852,-0.0022252361204061375,-0.002235597633601675,-0.002090546217800706,-0.002080186207440768,-0.0027123433350785472,-0.0025050346672789636,-0.002183791141200398,-0.0019196197701426203,-0.002033567488980861,-0.0021009063354917924,-0.0020076691399991296,-0.0019144406368706444,-0.0018263994749811326,-0.0016606959596161452,-0.0015778544974170614,-0.0015882093048954528,-0.0016192743706780655,-0.0015674997971595974,-0.0014070156523898964,-0.0014018391732755443,-0.00173318786903307,-0.0019351573309012438,-0.0017435442850918784,-0.0016296296070623735,-0.0021164467132786637,-0.002054286651098689,-0.002018028399105068,-0.0018367568564281048,-0.001950695133079635,-0.0019403365714693505,-0.001443251756494767,-0.0013086671310323067,-0.0012258548250764219,-0.0013500758558564374,-0.0012724359033331044,-0.0014691354919334069,-0.001220679283649943,-0.0011068241486602971,-0.0011896265975901551,-0.001080949789372644,-0.0014277218368101596,-0.0017021192643733273,-0.0018367568564281048,-0.0018626507793848047,-0.0014639586912480694,-0.0013707808612923552,-0.001541613515593036,-0.001572677133885741,-0.0017124753586759602,-0.0018937243720123433
2017-06-09,0.0,-0.00014526061335888658,-5.187515724546768e-06,0.0005704625049685643,0.00045639603520236096,-0.0008303450041412296,-0.0020719584296877065,-0.0018276699705826714,-0.0016925573072026636,-0.0014639466872436834,-0.0017549147295749794,-0.0013288831552309619,-0.0009186096944282253,-0.0006071220268212534,-0.00010375542779889514,-0.0002905423304292528,-0.0005811691002380852,-0.00040470705987903877,-0.0002957313535695912,-0.0008303450041412296,-0.0005552168471917239,-0.0009238019776570028,-0.0008718803585215654,-0.0008407286810011662,-0.001058810805362273,-0.0010536178210841431,-0.0010016894614374246,-0.0009238019776570028,-0.0008199614351006965,-0.0008563043984580448,-0.0005759785957470003,-0.0005500264774039387,-0.0008926486826742717,-0.0010743899200014704,-0.0008355368290935491,-0.0007628537325539045,-0.0006019313876200993,-0.0006019313876200993,-0.0009238019776570028,-0.0012042253148704255,-0.000544836134555841,-6.743980351631792e-05,-0.00015563717892339848,-0.00016082550208318454,-9.337940057201734e-05,-7.781556159521388e-05,6.743525569603301e-05,0.0003578736121970027,0.0007933730435986538,0.0002800858948382847,-0.00035800173157099865,-0.0003631911047726683,-0.0006538389920958105,-0.000622694106083641,-0.0004150863179698529,-0.000326866057870409,0.00042009942970862795,0.0003941724763057433,0.0004097287290121642,0.0005652779476910928,0.0009799576135961219,0.0010732368450426949,0.0014773463331265771,0.0016689822048405593,0.0016638033397888348,0.0014151862709466305,0.0014151862709466305,0.0012908545537654937,0.0017880886991334685,0.0035884927241850505,0.0038779103765472158,0.003273138866112013,0.0032162611918766047,0.0032989912849949714,0.0032369443568151975
2017-06-16,0.0,-0.00036434802926429115,-0.00024461903310098285,-0.0004007901344766822,-0.00033311299604859456,-0.0009475811359430168,-0.000916327880393115,-0.000931954386072318,-0.0005986418816843765,-0.00017174753155155725,-8.84723173299112e-05,0.0002497619469438311,0.0002757752293273142,0.00046305088924092027,0.0004786556112301743,0.0007750990720122275,0.0004682524902938312,0.00017692115606875197,-0.0007444524323777644,-0.0008590327819729505,-0.0011976423501471498,-0.0016823139685622846,-0.0019951300456885436,-0.0015989128717894393,-0.0013226964101381326,-0.0018699918721253824,-0.0021359292115555174,-0.002156790033368508,-0.0025010564363679376,-0.002835003748847635,-0.002563663063299878,-0.0024280203251954885,-0.0025427937521430833,-0.0022298063368984297,-0.0019534155811917254,-0.0024071538445874685,-0.0019638440341830407,-0.0019325590014616539,-0.0017865751219936262,-0.0013852293050668012,-0.0012757993049835425,-0.0016771011962274029,-0.001797001835232897,-0.001817855587866487,-0.0017344431864794974,-0.0018647781213791683,-0.0017344431864794974,-0.0017396562577342465,-0.001499883102838855,-0.0013904405561577919,-0.001499883102838855,-0.0012862206938422094,-0.0012236939897084798,-0.0011715913892559522,-0.001254956853076809,-0.0008746583923488485,-0.0008225739739117372,-0.001515518730179584,-0.0013383292672775385,-0.0016562503786141363,-0.0019429872369521306,-0.00243845372878058,-0.0028036914504180927,-0.0032369319657040312,-0.0030228981318803035,-0.0031116383085314425,-0.0030698772444535875,-0.00257409788220377,-0.00243845372878058,-0.0010830231982035146,-0.0012601674253279024,-0.0016614630422590803,-0.001729230142400496,-0.0018439233902219176,-0.002130714074097647
2017-06-23,0.0,-0.0019299917273467374,-0.0025793474594294347,-0.0024130722319767378,-0.0029899578453248853,-0.003894935282654115,-0.0041915715853062365,-0.0041967765164580215,-0.004826773231113834,-0.005196625580897087,-0.005550978655751782,-0.00494136074224222,-0.004717406490472318,-0.0041863666812455074,-0.004082274288744018,-0.004967405189697717,-0.005326887851135808,-0.005728202291593757,-0.005201835745928965,-0.005040333251406454,-0.0053112554827536304,-0.005451955596327279,-0.005702138022317103,-0.005014286904535361,-0.005160155185736314,-0.005425898526130663,-0.005394630938109967,-0.005722989383390341,-0.006682622293166048,-0.006693058146584257,-0.007632731209525544,-0.007705853914680259,-0.007429060434794104,-0.006849609018109586,-0.006630444659618601,-0.006953989883104204,-0.006166183621820057,-0.006307004083787414,-0.00678176729803481,-0.0072880818867962945,-0.0063904626049507505,-0.006406111853135329,-0.006552183313640029,-0.005738628189524087,-0.00601495409944331,-0.005686499786830798,-0.005097637602645601,-0.005530130880990274,-0.005790759309729404,-0.0054832249768313945,-0.005118476362740242,-0.005738628189524087,-0.005738628189524087,-0.0059419549284727945,-0.0062026907263674205,-0.006567835092856351,-0.004889273882182628,-0.004550775406099378,-0.004852814694333041,-0.0051288959056351,-0.005269570361730254,-0.005535342783934341,-0.005029914631248414,-0.00490489965533318,-0.005274780906831553,-0.005629161682256561,-0.006442627717978297,-0.006385246243310931,-0.006421761346222373,-0.006646097663821752,-0.00678176729803481,-0.007402951796749725,-0.0076379540825756796,-0.007512612657592824,-0.007335072527835602
2017-06-30,0.0,-0.0015203829225002477,-0.0017158775641920995,-0.0017740049636149975,-0.001483401748555057,-0.0011717576119413195,-0.0011083842477450463,-0.0013037983546246724,-0.0019219808649526533,-0.0011717576119413195,-0.00080741560165369,-0.0005645946545147836,0.00046410076038427167,0.0010439239832619553,0.0009016348673488215,0.0012704907858720102,0.0011018878191142434,0.0011071570921389587,0.0008542006625347953,0.0006749844693449433,0.0007013418063065737,0.00015296609193555846,0.0010017663558871104,0.0011967304857394701,0.0013969243583683926,0.001154579299967815,0.0009543369006054657,0.000906905195663892,0.0007066131903349973,0.0005695481738569353,0.0004588280978215259,0.000859471240848969,0.000859471240848969,0.0009964965274991038,0.0010544631124139447,0.0016234112059811375,0.002486750910058537,0.0025288459817841016,0.002002530180160897,0.001607611462463444,0.0013126370862234131,0.0013073688958202857,0.0013231733837682435,0.0012441484460911814,0.001338977621938753,0.001781394912923463,0.001997265623002537,0.0022183531640407148,0.0025025367696119407,0.001997265623002537,0.0019340887751902074,0.0020814952118537507,0.001602344825816638,0.001865642685672985,0.001839316019127654,0.002028852550228619,0.0016760752148829974,0.000959606951171569,0.00064862643765579,0.0011440412259059994,0.002360455061866614,0.002686686720806468,0.002786639637805187,0.003522826957100196,0.0038591893066089577,0.0038802081973378193,0.0037803645314158103,0.0029865155050377936,0.0029023621143952454,0.003522826957100196,0.003617440303960323,0.004169173153153581,0.005214003830763097,0.005680936850099073,0.0060008437127317266
2017-07-07,0.0,-0.0005274152638339567,-0.0004860393063625522,-0.0011327343294309298,-0.000801574231195848,-0.0008170949112088952,-0.0012000146269386955,-0.0011534354773102562,-0.0012672994513894696,-0.0016193246351787656,-0.0019248586877720587,-0.002075070668236927,-0.00209579133295653,-0.0019196793667293139,-0.0018886040037923418,-0.0018834248705203544,-0.001526129437770542,-0.0015830810263470557,-0.0016866376796957011,-0.0018834248705203544,-0.0018109198210296755,-0.00206471049687952,-0.0019455762402012043,-0.0019145000725115742,-0.0017902050581354635,-0.0015986138407121234,-0.001660747510968048,-0.0017591337183366631,-0.0015209521814575847,-0.001526129437770542,-0.0013967060704597979,-0.001122383916190509,-0.001029235017608941,-0.0009567918725098581,-0.0009723149618118129,-0.0011379095762254516,-0.0009153981457232554,-0.0009619662088365965,-0.0010447592315018805,-0.0013708234069252367,-0.0012051902219379759,-0.0010602836863996671,-0.0011896635172995698,-0.0009930127890581853,-0.0010447592315018805,-0.0012880033851376698,-0.0012517717823769417,-0.0012207171676587932,-0.0011534354773102562,-0.0012931794355523411,-0.0014329429248977877,-0.000982663821885048,-0.0009516175629568488,-6.203441878327201e-05,0.00013956337362841674,0.000609800231809842,0.0004703024751724658,0.0006976221703030092,0.0009197255939331352,0.0007027879265050856,0.0012037394867033433,0.0011572700055267125,0.00042379889826393613,0.0002997787861767537,-2.0677712011951194e-05,5.686150348504804e-05,0.00029461094770277265,0.00044446742165362715,0.0004754694057833335,0.0004393003308549837,-0.0005584483554563842,-0.000801574231195848,-0.0005481038845761199,-0.0003774355625294401,-0.00028952688407659553
2017-07-14,0.0,-0.0034204476894039953,-0.003400203852386547,-0.0030257667686209885,-0.0033192326021966993,-0.002909416229609679,-0.003010589843617472,-0.0040482099906197335,-0.004539556975048568,-0.004387568201660018,-0.0038912324659342128,-0.0037190918975465166,-0.003967186255685066,-0.004098853158867163,-0.0048942873077046905,-0.005005799977180115,-0.005051422380829599,-0.00528463606646015,-0.00553819090665912,-0.005837468331454762,-0.006324619723381017,-0.005746153859569433,-0.005102116381712393,-0.005021007213797406,-0.005152812952607197,-0.005543262659279214,-0.00499059297181924,-0.004564890683322139,-0.004610492975605156,-0.004706771311280581,-0.00431664801217196,-0.0041849524313815,-0.004022889368237481,-0.003506488568997315,-0.0036583434769866564,-0.0035419193183361744,-0.0038456629610389968,-0.004144434203238073,-0.0036127845832500684,-0.0032939304310160397,-0.003283809741797129,-0.0034963657283256793,-0.003531796119000058,-0.003779844008701065,-0.0036634057044174703,-0.0035621660244508652,-0.0035874749835706553,-0.0035672277650316097,-0.0038405998108988633,-0.003921613289560678,-0.004063402671798968,-0.004210277157685875,-0.004068466950152085,-0.004119111144312493,-0.0041646931120938235,-0.004341976073892736,-0.004428096282559616,-0.003911486245796461,-0.003238267907819603,-0.003400203852386547,-0.003349596052701659,-0.0033141721167444303,-0.0037140293882125044,-0.003855789338226381,-0.0037899697193994717,-0.004007697302546697,-0.004336910410227575,-0.0035722895312335903,-0.003071298925714798,-0.0024744862919884665,-0.0021054499528869374,-0.0023076447783992563,-0.002277312948174406,-0.0024643738926698445,-0.002530106316222687
2017-07-21,0.0,-0.0012129054612213261,-0.0007022951191155029,-0.0004950920315533743,-0.00033340237428655005,0.0005301838852358111,0.0012467476396057996,0.0012114361035754611,0.0010802680518888104,0.0015140659593115304,0.0016048370598724677,0.0018569357830672227,0.0020081645168147392,0.0013022346770914638,0.0013324990362709992,0.0009692662606095239,0.0014535473145071802,0.0014485039287814216,0.0014938934846523482,0.0014938934846523482,0.0016199647756127977,0.0014232866186097018,0.0014938934846523482,0.0014838070947224295,0.0014131995164826663,0.001160988889007734,0.0011408092905808884,0.001014677573584466,0.0012316142768460674,0.0011761233205965138,0.0010096319739781915,0.0003332912541898232,-0.0001313270601295523,-0.00030308847384503875,-0.0004546671662133066,-0.0008337144480550358,-0.0010359317615793926,-0.0005911076366898275,-0.0008994305897323533,-0.00012122436624605753,-0.0007831665083783135,-0.0003232976387020476,-0.0007124036851143901,-0.001157281780689267,-0.002498168130242158,-0.0030400925830309827,-0.004535706151992636,-0.004246548790035222,-0.0043581434782439255,-0.00426176551422987,-0.004043681256766517,-0.004200900006694125,-0.002994498838484786,-0.0025842486560954726,-0.0030096965223580727,-0.003871276205885647,-0.0025690574366199095,-0.0021235509694076432,-0.0025488028362931708,-0.0030603571367808194,-0.0017541336577527138,-0.0016681245559129244,-0.0014303731769731865,-0.00015658424137894345,0.000913760744103805,0.0006866606348767953,0.0007724600711767187,0.0007674132492865803,0.0005756151414430366,0.001206391496638569,0.0014434605176197955,0.0019829613160069126,0.002098890780618096,0.002350864999949408,0.0024516369128870963
2017-07-28,0.0,-0.0012161585407630398,-0.0021530581731614967,-0.001837320132875315,-0.0007505404243124573,-0.0017721802449429769,-0.0017771908549097386,-0.0021480456795209407,-0.0017621591003277948,-0.0010609284117854792,-0.0009007161301701796,-0.0004702727668666547,-0.000475276857710966,0.00022505232561530514,0.0002650563260209653,-0.0002501175565548955,-0.0005553457169726867,-0.0006654508675025788,-0.0007605514364257146,-0.0014765986860782192,-0.0007355240940528,-0.0005903778589665731,-0.0006804661455482681,-0.0008806913996272592,-0.00017007313185634734,-0.00011504630626504532,-0.00035018209826778826,-0.0007004868669956657,-0.0008106080003534167,-0.00104590741994911,-0.0013463701347869363,-0.0012562218407823728,-0.0009557862068566112,-0.0015817956675227768,-0.0008606670700660314,-0.0010709425316945951,-0.0011760968457474137,-0.0012512138405019898,-0.0008206196138250877,-0.000975812441224333,-0.0011961274926376342,-0.0022533133226005143,-0.0021480456795209407,-0.001917498128067625,-0.0019575895364841245,-0.0025691827558345713,-0.0021279959562066414,-0.0019074755271022933,-0.0020177296629969674,-0.0025190380884586912,-0.0024739100376066627,-0.002804896379919567,-0.0033969330031367014,-0.0033969330031367014,-0.0035525262025219444,-0.002734678000731475,-0.0020578250901188287,-0.001752138056135057,-0.001712054883546406,-0.0014315176529133855,-0.0011961274926376342,-0.0007054921099876349,-0.0008756852796456466,-0.001301294971945291,-0.0015266911066045689,-0.0015116631169734918,-0.0015817956675227768,-0.0009157349412313116,-0.00038520705355181173,0.001799002039329355,0.0017390874176475407,0.0021933503838090346,0.00249275158365052,0.0029267241604019854,0.002747172142203854
2017-08-04,0.0,-0.0009341989923641518,8.98768687503845e-05,0.0005990265997170273,0.0002097001295842156,0.0009682475477201689,0.0013223719787742517,0.0012625287679686639,0.0008834385798692794,0.0012026819757388714,0.0011478192696470406,-4.9933962334539585e-06,-6.990981636542655e-05,0.00022966927725158337,0.0002596222510851262,7.489795157613985e-05,-0.0007292999044476079,-0.0014241279624647035,-0.0013991257747719443,-0.001179133473615093,-0.0015791554801593596,-0.0017792265060407367,-0.0014591320754515117,-0.0010991482708351148,-0.0009192049524947208,-0.0008942153856375488,-0.0012441261619607115,-0.001054159405571572,-0.00056441161588929,-0.0008642287296970868,-0.0010691554691052848,-0.0013591235746456824,-0.001339123074632444,-0.0013691239746618023,-0.0012941234121223249,-0.001024167953133272,-0.0012291274743454874,-0.0012341270118883486,-0.000499463087575175,-0.0007342969437019336,-0.0002646843654413249,-0.00016978946147622534,-0.00019476093157297283,0.00027459840156565326,3.495307549966357e-05,-6.491609596874151e-05,-0.0004245277192952302,-0.0007892660236082542,-0.0006943213288217628,-0.00035958827530395453,-0.0004944672216542519,3.495307549966357e-05,-4.4941463751143636e-05,0.000993189993028949,0.0016763710501072951,0.0010330966115468464,0.001342318919911561,0.0019405422146197575,0.0032852375947682545,0.0033648665240001477,0.0035042018945093756,0.002941765184919258,0.00393203918357236,0.005437962516990483,0.005790507923276073,0.00467782923350308,0.003817635512581946,0.0036833188484080978,0.0035191295327830097,0.00417572510843487,0.005000832270055444,0.005721001764506036,0.005934469599933626,0.0061627801032085126,0.006058557861591437
2017-08-11,0.0,0.0005393674121693824,0.0002311930857876766,0.0009295852716413928,0.0011759602247677526,0.0006780148806629625,0.0011143721769352678,-3.082978362871439e-05,-0.0002980610636123103,-0.0011619120413441351,-0.0002466648864487021,4.110489970979308e-05,0.000760167273397525,0.0011862245306440372,0.0019762598668194658,0.0027144299562648286,0.0023146554647530595,0.0020736885196377033,0.002135217515196204,0.0016890465012176247,0.0013914885265203152,0.001432536270183102,0.0018172769468915906,0.0022172502873348005,0.002324908089425166,0.0019967719510017587,0.001986515961503701,0.0017813740795308561,0.002447931387117402,0.00206856093244932,0.002991103319508448,0.0029962261784737517,0.0028988873701825627,0.003784833405910479,0.004158436556710886,0.0036670939018673618,0.002683683745732773,0.0023966735190233666,0.0018788217207336927,0.0018326634954580715,0.0014171435637601506,0.0017198233078184611,0.0023095291129982304,0.002237757428947344,0.002119835621223255,0.001432536270183102,0.0008371790125916741,0.0007139573829325142,0.0013350451276893222,0.0014171435637601506,0.000755032946572,0.0005085542528936426,-4.624503187889849e-05,-0.0003494598824788306,-0.00043684393802842335,-9.249220245934208e-05,3.082883318234675e-05,-0.0020831465606650224,-0.0021294880303674045,-0.0026960573652794594,-0.0022376264785830178,-0.003134080907029727,-0.0018102903464739001,-0.001558093271137894,-0.0019492832657806573,-0.0029073153558679538,-0.0023200255269205526,-0.0019647281160816822,-0.002706361597742914,-0.0027166659363847805,-0.0024436368313317156,-0.0010024548128359265,-0.0006476251402102215,-0.001079608361294462,-0.001501486341920034
2017-08-18,0.0,-0.0014809332584430426,-0.0010800533470528737,-0.0019987628533137056,-0.002816667386969997,-0.0025016187296728713,-0.002882738565983578,-0.0023339720066464617,-0.0022476195106248776,-0.0015316890116184505,-0.0011155678636151842,-0.001755044935286265,-0.0016687424144375517,-0.0017042778445342619,-0.002054623242979753,-0.0022222231367177783,-0.0022222231367177783,-0.0021003295192212985,-0.0019479833885183515,-0.0017042778445342619,-0.0017195077011454122,-0.0022323816088834743,-0.0022425401842449976,-0.002323812502430358,-0.0016027513942686179,-0.001841354904902935,-0.001800737520656717,-0.0017093544376325556,-0.001922594623045708,-0.0020038409416165055,-0.0022019065019643702,-0.00230349380363904,-0.0024355727260669574,-0.002420331960065807,-0.0032538347527809102,-0.0030962291376274045,-0.0030250605493789486,-0.003950647498570675,-0.0036911933174862944,-0.003681020015283133,-0.004174544425502852,-0.004535938392121026,-0.005615808097710877,-0.005340636240959671,-0.004602123266864812,-0.005350826441044383,-0.005228550892944642,-0.005310066263731789,-0.0068193004100737505,-0.00714592101253025,-0.006982597376174927,-0.007345007766516882,-0.005712645835962884,-0.00564129080387372,-0.00583498059498864,-0.004841443598269161,-0.005029885010100112,-0.005437447334567407,-0.0046581292747966884,-0.0043475900285406275,-0.004118565493922565,-0.005162324546551593,-0.004836351079942427,-0.004047324112827284,-0.0038845057262012744,-0.0029437312214700474,-0.0027709283586115807,-0.0021460378846220197,-0.002628642536645541,-0.002979311988544355,-0.003070811203239891,-0.0022222231367177783,-0.0021257227976218714,-0.0021765112889606556,-0.0026438864778143417
2017-09-01,0.0,-0.0006089812335114666,-0.0002616655024063419,-3.522021439410264e-05,-0.00028682925553112605,0.0005683833169046312,0.0008197772978454257,0.0009052368566748696,0.002040652912658784,0.002065758166436566,0.0024272039535040727,0.0025627124493413987,0.002276617418667398,0.0016288367977978803,0.0018598764773789724,0.0023217957601783528,0.0026279507321924915,0.002387049761401103,0.0022715974769490868,0.002025589457855004,0.002136049524143052,0.002206335941321844,0.0023970884605864157,0.0024071270589974807,0.0017544084629678462,0.0018297438940100491,0.0018598764773789724,0.0017644535150265037,0.0017041816890731895,0.001985419135683698,0.002136049524143052,0.001995461867507784,0.0017544084629678462,0.0018247217085053055,0.0018849862699483006,0.002045674013836539,0.0021762137960203275,0.002432223114149894,0.002512526258563106,0.0026931847592878934,0.0025075075009564954,0.0023569330591776687,0.0023318351144470395,0.002266577510030613,0.0024472804449370647,0.0024573185395061286,0.0024272039535040727,0.002577767815450463,0.002437242249603868,0.0024021077723886306,0.00316475036581104,0.003671184852287498,0.0036761977730907034,0.004001983734597438,0.003926811778713019,0.004047084195882544,0.0034556054818967266,0.0039618927280072,0.003686223539310061,0.0030945312822415697,0.002673113204193128,0.0031547193700339144,0.0031898274150461304,0.0032600398075622195,0.002778484374236826,0.002758414531182365,0.0028186228519905877,0.0031547193700339144,0.003460619483496249,0.004332673225192501,0.004578114406946642,0.0043126345505498116,0.0041873837356294925,0.003525799216633312,0.0035608942364030267
2017-09-08,0.0,9.036552862445592e-05,0.00045174600596592014,0.00010040563886494238,0.0002459759106607474,0.00023593726186302156,0.0003313003569192541,-0.00017573412977748074,-0.0002460364296960138,-0.0001807555587256339,-0.0002309712350660921,-3.0123657616871588e-05,5.020407959401015e-05,4.518378505321204e-05,0.00013052536477768873,-0.00011547894906907686,-0.0003213658074356948,-0.0006026456324856455,-0.0011553900223848844,-0.0017034110016730525,-0.001406738508328041,-0.002136006581859962,-0.0015525495826861613,-0.0011604163730282492,-0.0013564637568004526,-0.001059894160047581,-0.0010699459266455256,-0.0013112186413801342,-0.0013715459168676908,-0.0014821553750946903,-0.0012609486917399678,-0.0009845091309760312,-0.0009995856821649648,-0.0012106812690407208,-0.0011704691501077714,-0.001286083350676627,-0.0010548683146374422,-0.0008588800431543542,-0.0009744582231277035,-0.001431876831955206,-0.0017084401076237485,-0.0014218214266719083,-0.0013061915326964405,-0.0017939387786744716,-0.0022919880958511096,-0.00235237456929925,-0.0024983236031493497,-0.003737231508313857,-0.0029564399475396127,-0.0027751820170089517,-0.0030974410556391736,-0.002911122384710423,-0.0026795313532965866,-0.0029312632702050067,-0.0033190544016988115,-0.0029463692005419887,-0.0023775366761740893,-0.002357406940024054,-0.002060540389420524,-0.0021209128877535234,-0.0027550442748518274,-0.0033190544016988115,-0.0033795029297955096,-0.0036414887840580624,-0.0029614753590713264,-0.002100788316657671,-0.0020504786607148384,-0.0016028341935945074,-0.0016732368970872305,-0.0019750189222224363,-0.0011905750074474326,-0.0013011644492845525,-0.002035386257475735,-0.0023976668175387816,-0.0029413338650752336
2017-09-15,0.0,0.0006350088519296317,0.0008383248875709305,0.0006994793876775367,-0.00020348656934782294,-0.001246384529407916,-0.0014998239773721565,-0.0015544958097121295,-0.0013358264121197116,-0.0006304466203172109,-0.000595687242109307,-0.0014650343675339868,-0.0008191614727360549,-0.0010079119451725546,-0.0011519823312572956,-0.0010079119451725546,-0.001072492654936997,-0.0010824285189350742,-0.001112236703270955,-0.001489883965344558,-0.0016439652559558583,-0.0016389945211570365,-0.0018328714894291205,-0.0022456066113390465,-0.0026983192883094937,-0.001962143687137169,-0.002061595212059553,-0.002364983464308943,-0.0026336334995060566,-0.0022306855066795014,-0.0018925335041335633,-0.001529644606291292,-0.0016389945211570365,-0.0017185292430759102,-0.0016837320238672928,-0.0018676738987537368,-0.0014799440521199277,-0.0014203066475220424,-0.0014153370243437696,-0.0016091706312247782,-0.0013209188761115938,-0.00137558092798967,-0.0013904892789026407,-0.001181792588969043,-0.000993009296723341,-0.0010178471675230147,-0.0012215409816486113,-0.0011768241509714727,-0.001097332500037033,-0.0009433354058069711,-0.0011023005431000917,-0.0013656421508567356,-0.0019323101582260714,-0.001917393727528844,-0.0020367314035693485,-0.0007943285363146241,-0.0006006527935958192,-0.0005212069284631148,-0.0003077274353364123,-0.0005708598545202029,-0.0005261721101266491,-0.0005261721101266491,-0.0002977992656439523,0.0019731597273754307,0.0021266847361582453,0.002997864100748231,0.0031809132549044886,0.0037595239624870097,0.0039028885314152384,0.003457896904747796,0.001130829097502682,0.0011506567948139084,0.0012349201227199623,0.0009077404089091948,0.0012943958442525087
2017-09-22,0.0,-0.003259602456453547,-0.0038411957899921693,-0.004318653337669384,-0.005573065098497508,-0.004935706926455346,-0.004607227781927134,-0.0053489475603620915,-0.005792250824406607,-0.00598656925313137,-0.005881931561044399,-0.006938776976141898,-0.007437676912153806,-0.007218130275075619,-0.007163251146343027,-0.00642018494186088,-0.006524878973648904,-0.006913838511801321,-0.006809103752483183,-0.0070734554315335044,-0.006938776976141898,-0.007103386440560055,-0.00747759966163891,-0.008131561520531282,-0.008246423399248505,-0.00839626307108032,-0.00868601678245474,-0.008745976309791662,-0.008476186744015339,-0.008056658706896896,-0.0076273241688259285,-0.00741272600306621,-0.007861937644203143,-0.0074726092307898645,-0.00732789756852405,-0.007662263113024471,-0.00816152421697657,-0.008446214618090087,-0.009075817988777681,-0.008855911448170785,-0.00843122889199391,-0.00880094236826445,-0.008910883549843195,-0.009095811890638133,-0.009305771998989038,-0.008211464039500791,-0.007482590117392144,-0.0075075427697356605,-0.007861937644203143,-0.008166518087000977,-0.008391268053610271,-0.008356303629907743,-0.008421238532690516,-0.008341319251122456,-0.008171511981964358,-0.008815933635851363,-0.009550781188059347,-0.00990089848092779,-0.00993091423920303,-0.011037122884830637,-0.011022098282043176,-0.010616519312512533,-0.010481362868723318,-0.010951986453648274,-0.011793653003004207,-0.012495583340172546,-0.011603214040621732,-0.011262519019489903,-0.010962002128179037,-0.011067172767638248,-0.011583169943607552,-0.012445429115922524,-0.012746392200056272,-0.013248198713998472,-0.012992245928361883
2017-09-29,0.0,0.0004940547991975927,0.001008223727741522,0.0013237212750750631,0.0009522379582914984,0.0012779294194030968,0.0008860689167259036,0.00031581574960564985,0.0010845629078448792,0.0009929551923754418,0.0002394178591689337,-0.0007542862160164373,-0.00014265916711240096,-0.0003464932876113828,-0.0003974583103274235,7.641618294693178e-05,-0.00024966689979702753,-0.0004178450467173381,5.603910512116882e-05,0.00047877841114666973,0.0006671708892430399,0.000677353255421554,0.00031581574960564985,0.0002394178591689337,0.00039220780385057263,0.00042785543214119185,0.000213950598604384,0.0002241375806600549,0.0004533172457877656,0.0005398825631927444,0.0008097145816714668,0.001364423386502963,0.0014509098730432811,0.0013186333946607284,0.0017306678587791409,0.0017560965224787952,0.0019798408853085934,0.00249832853963515,0.002488164698516275,0.002127281394601414,0.001944248539693049,0.0018222080220899187,0.0016798085914468022,0.001628946737317827,0.0018832301426272532,0.002005263213741014,0.0022391183161524562,0.0022594509581767867,0.0021323651623849455,0.0027879545937772266,0.003113048823170122,0.003788297434232347,0.003991290568686568,0.004026810131089236,0.0037933727648267915,0.0034380374006509292,0.003666481771632826,0.003691861258410197,0.0037578449097156346,0.003773071287893522,0.003823824207466095,0.0029962302498999596,0.002005263213741014,0.0011354524571779935,2.0378219759552516e-05,0.0008758886755559506,0.0004940547991975927,3.566161206142183e-05,0.00019866993094074233,-0.00031591552070324024,-0.001549961051425288,-0.0027089020011329874,-0.002821293696526783,-0.002427978014761838,-0.0025658762920180126
2017-10-06,0.0,0.0003320754747496236,0.0002163647213183725,-0.00016104599407741892,-0.0003573558723666205,3.5225354207165533e-05,0.0009958957848705476,0.0013929715033790303,0.0020008452451226845,0.0020862193973965105,0.001699466434794715,0.002287071008901715,0.0025079611972553158,0.0018501671936070711,0.0021565220503463028,0.002347318626628764,0.0018953729930165223,0.0023975222021380277,0.002297112530593967,0.0023774410743810565,0.0024176029266511833,0.0030248543298198663,0.003200436825197906,0.0029596301215808634,0.0032154853189692123,0.0031502735437060935,0.0030298714004024087,0.00303488844581408,0.002989734130935581,0.003019837234065979,0.0027589135627944772,0.00287433050663196,0.002889383908575483,0.002457763166011488,0.002502941507522232,0.0024627830825303823,0.0023874816886661145,0.0025681955087451945,0.0026786156575229524,0.002633445252161097,0.0027689503476108837,0.002633445252161097,0.002272008537300621,0.002236861887902398,0.0020360001905482586,0.002317195271487059,0.002297112530593967,0.0022017140031735717,0.002352339097599031,0.0023724207294332704,0.002804078301185384,0.002784005335956164,0.0030399054660553543,0.0031552899850926233,0.002994751377721292,0.002477842680891245,0.0017798429990410402,0.0024477232573748234,0.0024828624966136944,0.0020510662174111137,0.002487882287137942,0.002693672005907129,0.0026986907383259886,0.002327236490692171,0.002643483296348622,0.002964647519407935,0.002949595250403468,0.0030599732953188767,0.002643483296348622,0.0037019312891794355,0.004198163195043355,0.004789310037098467,0.00520490746437365,0.005149838214778217,0.005360086308302187
2017-10-13,0.0,0.001193276375179356,0.0014002289985496485,0.002596757731197119,0.0024392719907131767,0.0015775828791234475,0.0011390674193535377,0.0009271314823580243,0.0015233947527136856,0.0016219164349526823,0.0015480260832748025,0.0014692036897919769,0.0014593504537429261,0.0011193543431768014,0.0012228436579974848,0.0015972869243644162,0.0021389960791993083,0.002414662603215176,0.002700094271335739,0.0032264527926638173,0.0032510422108548583,0.0033690630023209813,0.0031871084658646335,0.0030149588329789942,0.0026508877268553444,0.00258199449657204,0.0028968962399906,0.002916574306818015,0.0028427795594945606,0.0030543099333393458,0.003128089073058714,0.0029313326028253084,0.0026902531561403425,0.0026902531561403425,0.0025180179611749517,0.0028870570613650087,0.002926413195023427,0.0028821374357485474,0.002537703484933619,0.0026951737258440953,0.0027935800357359744,0.00266564994443582,0.0027591389287954455,0.00266564994443582,0.002577073369929336,0.0024491155761409557,0.0036345588665700804,0.003747619036821478,0.003909813478822722,0.00408672287219019,0.00408672287219019,0.003747619036821478,0.0036493065702300946,0.0040424984578492675,0.004430623792812353,0.003590314450576773,0.00366896983679095,0.004248862327216184,0.004828418737222286,0.004474831046247326,0.004243949396628553,0.0040130144283631155,0.004327465934179707,0.004759675366020397,0.0053880103481335866,0.005422361034292089,0.005672594709690544,0.005334028314322805,0.004902067105576053,0.005024802333931644,0.004735123016727596,0.003516569406824976,0.003585398283515613,0.003344476486056966,0.00311333368057742
2017-10-27,0.0,-0.0004390821805592843,-0.0010859939238087432,-0.00197013951272519,-0.00187830660022805,-0.0020039748169681675,-0.0012212223876745803,-0.0005259564445958349,-0.0009266409929468809,-0.0006659364132082599,-0.001303334306265652,-0.0015158905861715804,-0.0015545420370551974,-0.0013371470560906967,-0.0012405422325366996,-0.0013516385845849894,-0.0013371470560906967,-0.0013323165932598673,-0.0013371470560906967,-0.0014482541416971691,-0.0015545420370551974,-0.0017526541740043972,-0.001926638660826545,-0.0021199902664888744,-0.0023859097814715987,-0.002888932766685384,-0.002724455103832393,-0.002115156020691725,-0.001921805349645966,-0.003014728059204319,-0.002690595413548527,-0.001482071792098186,-0.0013709609492564517,-0.001457916210829174,-0.0017188273720594581,-0.0020813169544533026,-0.0020716488601312515,-0.002032977417536638,-0.0016173538311982005,-0.0011053111562293277,-0.0009556123644053777,-0.0005742231859244472,-0.00047286571977438256,-0.0006755909264519609,-0.001168094738826033,-0.0014240993772894818,-0.0015303847051830054,-0.0016511772007337608,-0.002090985142248305,-0.0021248245356562914,-0.0019749730575260305,-0.0016270175343292518,-0.001346808051752921,-0.0013081646291002004,-0.0015786999525181705,-0.001023215495421736,-0.0009169840556445349,-0.0011874135572877919,-0.001197073106476754,-0.0006659364132082599,-0.0007866245287133175,-0.001129458221516929,-0.0012888434777522067,-0.0009314694965694988,-0.0007769689434398937,-0.0006852455329059657,-0.001303334306265652,-0.001414437634890735,-0.0019604724932121885,-0.002922799173390354,-0.0028647431783668004,-0.0037601478763869627,-0.003871524515978326,-0.003702043249305529,-0.0038230983658477814
2017-11-03,0.0,-0.0009276349800200166,-0.0011859958254359312,-0.0012194919339091443,-0.0014970742891111423,-0.003288854619104486,-0.0038212580975791207,-0.00369172845789824,-0.0034327195014553324,-0.0036389619329694352,-0.003212135143828193,-0.003087478548613702,-0.0028430049685184934,-0.0025842157173714144,-0.0025602571369640584,-0.002454846201919436,-0.0019040152715289827,-0.0018848613940652486,-0.0017890975094258963,-0.0017603701322335056,-0.0016023843075420336,-0.0015449411044932205,-0.0016311071465093642,-0.0018944382869381822,-0.0015880231974278317,-0.0015545147425237086,-0.0018321901226404354,-0.0018944382869381822,-0.001961479105244477,-0.0019854233439026525,-0.002244057660370442,-0.002282379545045357,-0.001932746775625151,-0.001913592347839184,-0.00196626790711014,-0.0019471128372413572,-0.0017172806137521117,-0.0017412190059072235,-0.0014587824864241857,-0.0014492097648515217,-0.0016071713900784627,-0.0016454688753744526,-0.0016311071465093642,-0.0017412190059072235,-0.001707705417340838,-0.001707705417340838,-0.0016646181680481191,-0.0016119584955311607,-0.001535367558116511,-0.001391775359712568,-0.0008319627148582645,-0.0009850427329528308,-0.0012769164446200336,-0.001162070720583002,-0.0008941486460289757,-0.0007697806505372377,-0.00034417648945108114,-0.0002581212610647993,-0.0003489575526161539,-0.0005067454620863953,-0.0005115273025689242,-5.7354522658715515e-05,-0.0005832576538631474,-0.0014827146912754449,-0.0011716406938350951,-0.0011668556957608889,-0.0010902988402964604,-0.0006693408676898116,-0.0006932541866922515,-0.0010568070589372473,-0.0012912730875587494,-0.0010902988402964604,-0.0005545648959134434,-0.0001911945362426206,-5.257485345967508e-05
2017-11-10,0.0,-0.0008495166761301366,-0.0016900345428908512,-0.0022686046158419365,-0.001451897068404171,-0.0013109852716669936,-0.0012283910352400794,-0.0015004919474853335,-0.001568528745699728,-0.0014421783759568517,-0.0011943836264800695,-0.0011992417569256352,-0.0012526827495804636,-0.0012964093224687569,-0.0006018687234229823,-0.00011160958009982485,-9.219832351160427e-05,5.337409174317785e-05,0.0007275831948525692,0.0010087735043664812,0.0010572466018067435,0.0005675603063891315,0.0005530115012092581,0.0005336127650365064,0.00046571422482894067,0.00046086415268410127,0.0007227343926279225,0.00046086415268410127,0.00013585572143298122,-8.734556823846282e-05,-0.00022808503302987863,-0.0005338976596495713,-0.00033972007392905147,-0.00044651308005953463,-0.0008543731314520891,-0.0009903634569213492,-0.0012866921410343137,-0.001320702689166209,-0.0015442293578000798,-0.0013790091772371551,-0.0012575411632599408,-0.0009660781138533343,-0.0009272227916406326,-0.0011069413140608604,-0.0005581725092074168,-0.0007669605439837209,-0.0007184012968367904,-0.0005193330327587341,-0.00016013937012101528,0.00023773540161882634,8.733793965637888e-05,-7.278744371284104e-05,0.0003347540195676085,0.0010087735043664812,0.002239262657889412,0.002853939911195354,0.0021860051116455686,0.002340928279746897,0.0027281312273270087,0.0021230607181546754,0.0007566755144822796,0.0006257534105225745,-0.0005581725092074168,-0.0014761942127619126,-0.0011992417569256352,-0.0008398038362413559,-0.001899059055421745,-0.002399923421613228,-0.002672343339139614,-0.0008932256231157749,0.0015030888876400098,0.0032893093290173774,0.0035262641225368638,0.003855006348085006,0.0038888413252375874
2017-11-17,0.0,-7.738478135411711e-05,-0.0009580584083889866,-0.0011420332334057437,-0.0011807690887708753,-0.0005031081546752978,-0.000309575062331737,0.0004931872567548064,0.0001789293741519862,-0.0005224635240971966,-0.0008612431463555394,-0.0013066709823079295,-0.001040358751434358,-0.0007837976848629452,-0.000885446083141025,-0.0009725815061662372,-0.00109845718957098,-0.0009193311787849529,-0.00045955994316921656,-0.0004789144697098123,-0.0005224635240971966,-0.0008806054489212624,-0.0006047280238665758,-0.0007547571830411095,-0.0008951274218766695,-0.0010016283344966063,-0.0015197718427826825,-0.001708694668370467,-0.0019412640768514408,-0.0021932753217635804,-0.0018928076561239118,-0.0018104371292208892,-0.0023241523678131488,-0.002503530218038578,-0.002232051920091546,-0.0021787344850352033,-0.001989722845717463,-0.002033337745543204,-0.0019267269040888725,-0.001921881226796465,-0.001921881226796465,-0.0018879621431899369,-0.0017862117948495722,-0.0016844717985890537,-0.0017765218254213013,-0.0023241523678131488,-0.002173887586444461,-0.0022611353556228134,-0.002173887586444461,-0.0021399599540810276,-0.0021981223143259596,-0.002275677390586875,-0.0018249726115446934,-0.0016118067095301485,-0.0015343031007297372,-0.001481022853884291,-0.0014761793358433078,-0.0018637349306990735,-0.0019606473026083527,-0.002033337745543204,-0.0023629340415380648,-0.002556864973644581,-0.002474439732080035,-0.003347522643103743,-0.003614450091381952,-0.0035222307354444557,-0.004095099122465979,-0.004250509844175916,-0.004308795092196217,-0.003959134550739144,-0.00410481158501242,-0.004284509159335958,-0.0049064148343488925,-0.005290440350029036,-0.006127056965780089
2017-11-24,0.0,0.00016380095330226547,-0.0001638277884504731,0.000573185990458301,0.0002745922683401262,0.00034202445085629405,0.0003709225657381081,0.000260141923337695,0.00028422571566908604,0.0009824035000863918,0.0012086048346764148,0.0011219805817563814,0.0014539994762001616,0.0009968434120033727,0.0006935614657858243,0.0010353488244250854,0.0007031908778621249,0.0010257226103187764,0.0009535230507048722,0.0007272640023862901,0.0007898514141525476,0.0004720593919097073,0.0004961380810669844,0.00045761190011445657,0.0006694875299128605,0.0009968434120033727,0.0009535230507048722,0.0013144687322990396,0.0014876763942841733,0.0009631499598413452,0.0007657797962737029,0.0007898514141525476,0.0010834785050459405,0.0012663501681475845,0.001088291345704818,0.0015021090120006545,0.0015117306414234304,0.001473243568264453,0.0011508561664889203,0.0007561509868761518,0.0008909458822049573,0.0011508561664889203,0.0014347550137936637,0.0013529619166042699,0.001088291345704818,0.0009631499598413452,0.0012037925730337498,0.0013192804613698223,0.0014395661641156497,0.0016704741627363079,0.0017474316485732945,0.002502262965198577,0.0025839621153326245,0.0024205571397680273,0.0025647393863771338,0.0025407104555433034,0.002463813996587501,0.0023724917708569425,0.0017041437915317633,0.0018869019981244477,0.0016560439747828884,0.0016368034002587784,0.0017233830704443658,0.0020792429808105294,0.002064818690304876,0.00170895364596174,0.0014780545334164483,0.0008091082912653426,0.0010594139542938934,0.0014443772912905793,0.0014636215685241924,0.001603131504022607,0.0012374779182274418,0.0011701060930991308,0.001805145876589256
2017-12-01,0.0,0.00026286966197370246,-0.0009449540646942862,-0.001193518121174918,-0.0006574766284750144,-0.00034573011483205406,-0.0009595737696203405,-0.0021103274939331946,-0.00258857224723634,-0.0023884624302059603,-0.001734724146159829,-0.0019981195089977463,-0.001905435451808736,-0.001330010938452301,-0.0012081414605121545,-0.0011155305893919645,-0.0009644470520928419,-0.0012861362154043814,-0.0017298471084726387,-0.002168875788974798,-0.002364061533227861,-0.0029107843827755387,-0.003027978177498065,-0.004029568591241529,-0.004215339516670473,-0.004464717905658387,-0.005223014563171273,-0.00564889122691697,-0.0060210698965607184,-0.005384532637639633,-0.0055362855059376045,-0.004748400300666299,-0.004420705435451321,-0.004826671677352968,-0.005130031141069642,-0.005281745390020333,-0.005311112096986768,-0.005472644402575208,-0.0053649532997142755,-0.005286639781292647,-0.005433482659676859,-0.005418797401473094,-0.005301323098841627,-0.004709266909606244,-0.004723941751790758,-0.003829170237747599,-0.003413838124895108,-0.003838944835523056,-0.004577203019839288,-0.004694592282769563,-0.004816887420222758,-0.004748400300666299,-0.00468970078834454,-0.004885379230585801,-0.005888832662770844,-0.006412986619274685,-0.006403186828990041,-0.006168020668316652,-0.006912903310239447,-0.007398355685372542,-0.0075994706477773505,-0.00790367256168874,-0.00893963426975243,-0.009720997567250467,-0.010537412469380773,-0.010808058453785255,-0.010872040027113974,-0.012236313516938178,-0.01237925128257145,-0.012625743696783069,-0.012847638830054,-0.01311891087565371,-0.013839372001918359,-0.01452577313896128,-0.01412078886360783
2017-12-08,0.0,0.0006357807846465588,0.00017121151757241618,0.0001418630534733253,3.4244648665484044e-05,0.0008166599065559652,0.0012858153864425668,0.0013200160318609401,0.0015007714434130133,0.0010610391844096071,0.001618000729376666,0.001998901026005559,0.002677325447972323,0.0026675672083589876,0.002550460904978185,0.0026090157709043717,0.002550460904978185,0.002072134452703403,0.0024040587379647073,0.002823687616540476,0.0029992939466244174,0.003179746101688348,0.0033309106787519365,0.0035503024768163876,0.003574676372375548,0.003306530840876775,0.00338941986471092,0.003789141040143838,0.003979196278565002,0.003910975477041579,0.003828129674961574,0.003350414121110164,0.00338941986471092,0.002896860668401445,0.0026529296703924213,0.0028139308050664823,0.0030675769700279133,0.003423548642343309,0.0036136733696115484,0.00356005210633067,0.00378426735390659,0.003720907271224913,0.0035113030081793594,0.0031407321785895293,0.0033211588149269795,0.003335786575002689,0.002711478536756821,0.002594377375857774,0.0025797387665252077,0.0022625162664455844,0.0028090523636308787,0.0028188092227027896,0.0031651160588952424,0.0031504858020608532,0.003335786575002689,0.003964577927173714,0.003974323518511815,0.004305617125626696,0.004203317577847617,0.00450044446051785,0.0044079062092785455,0.0046075833174488035,0.004909458353215261,0.004778007845359305,0.0039012292683167893,0.004334843645773094,0.004329972618400284,0.004495574239726538,0.004651409541607384,0.004914326558721762,0.004412776857050641,0.004281261039648412,0.004709841519497867,0.004885116970185482,0.004914326558721762
2017-12-15,0.0,-0.0012409795189264783,-0.0014101037217277694,-0.0008110496295203848,-0.00039095966614807206,0.0003811591626871157,0.001147862112510366,0.0010948386930177607,0.0008055705394241378,0.0007669951293146677,1.9302690313212547e-05,-5.7910306603007454e-05,-1.930306291403604e-05,-0.0003475121543562045,-0.0011926635712721958,-0.0010863767029147678,-0.0008979868319358712,-0.0010912076791342235,-0.001110531817399074,-0.0019321530672461826,-0.0015599233343617893,-0.0015937566761567276,-0.0011781692421780866,-0.001110531817399074,-0.0011878321048979467,-0.0016565930623117647,-0.0017097653962755237,-0.0013472828216767494,-0.0014535974260208257,-0.001361779602183779,-0.0015212580596402267,-0.0015260911372231407,-0.0016904296749800792,-0.0015695898866410717,-0.0012699702080854012,-0.0014584301766051428,-0.0012071581104548148,-0.001221652859732145,-0.0010767148204900644,-0.0003233754634471162,-0.00021235418827767076,-0.0002606227934209354,-0.0006613421624601913,-0.0009704402745929038,-0.0010139148600817724,-0.0010863767029147678,-0.0012699702080854012,-0.0012941297577526482,-0.00127480207132428,-0.0021207378838260112,-0.0016807619545317328,-0.001845125914719783,-0.0019853400557872255,-0.0022561540469194117,-0.0023190320708288757,-0.0015985901041446285,-0.0005116571043707208,-0.0004971726425769656,-0.001057391335692175,-0.0013762765928503893,-0.0015067589670415156,-0.0015309242381650288,-0.0017049314309012817,-0.0015309242381650288,-0.0014632629505448285,-0.0012506429885951913,-0.0019176480158617816,-0.00163242475421303,-0.0013376184180913272,-0.0011153629103130046,-0.002149754089378963,-0.0020336943184666055,-0.0023093582713472403,-0.0024254500420223682,-0.003049674318484878
2017-12-22,0.0,0.00031533231987540046,0.0003487708252728626,0.0003583244785900903,-9.557488299356595e-05,-0.00019115890141840485,-0.0002963118751936549,-0.0002867520570213082,-5.2565055241170364e-05,0.00039176154644895707,0.0006592178475943308,0.0014897866439986694,0.0012750504942516498,0.001341862237872118,0.001403897717414496,0.0018666563874887875,0.0017569494717887854,0.0018905041244590124,0.0023292010110248667,0.002734347810783194,0.0024436120327447144,0.002424544438121167,0.002152791702830752,0.001904812493663066,0.0016663129409116386,0.0015899810689784157,0.0015041007479240475,0.0011414136140920983,0.0010793618485799728,0.001289367672240633,0.0016949358907947434,0.0019477363729389957,0.0017903398071978057,0.001470700853369182,0.0014516146984655603,0.0018284988253709606,0.0020860341186677853,0.002148023451753873,0.0021766326171787226,0.002186168823771079,0.0021575599311717433,0.0021051081688996842,0.0021957049394252886,0.002210008942400733,0.002143255177940445,0.0022624552028752175,0.0027724708242212485,0.002843947557383827,0.002658097423537128,0.002515112274684388,0.0028153574771867685,0.0027820013504971076,0.0025055792044635945,0.0018761955505228218,0.0020097342793371814,0.0018141893641935092,0.002114645057585318,0.0025055792044635945,0.002152791702830752,0.0019000430600091714,0.001341862237872118,0.001389582179090173,0.0011652786525279699,0.001432528179273233,0.0015708971905614166,0.0015327283411087542,0.0017521793328586384,0.0017903398071978057,0.0017426389867346824,0.002438845168173648,0.0025770750160311515,0.0034012908071172953,0.0035727185626431,0.003415577575902821,0.0030440552350396582
2017-12-29,0.0,0.0003187554292720334,0.0006706956220963562,0.0006706956220963562,0.0001570116405946569,0.00033302568411544835,0.0005422993625309193,0.0005565664277244988,8.564576915125728e-05,3.330755962951925e-05,0.0002997281060353148,0.0005803444173916767,0.0008180932226352396,0.0007943208855519173,0.001526249645479644,0.0015119964082129054,0.0013266858342889283,0.0010510322245703093,0.0005232762923021707,0.0008656362014970214,0.0008656362014970214,0.0010130050731796821,0.001364701059391113,0.0014122180586064632,0.0013029255847099553,0.0011508466174134121,0.0009512078678198598,0.001635517715795342,0.0018112717366209838,0.0017827731829209105,0.0017827731829209105,0.0014929917758332136,0.0011318351202099287,0.0003092418129087748,0.00035680898966304587,0.0007562839707215379,0.0010177585461859007,0.0009939909551965299,0.0009084229499723109,0.0005993664020512189,0.000409130270880402,0.0004233992361190497,0.0003901046671734411,0.00039486110203548004,0.00046144881472451213,0.0005470550735456091,0.0006944708981878415,0.0008085843556166844,0.0007610386641983396,0.00087989865440166,0.0011508466174134121,0.0010320188296330261,0.0007087357925208617,0.0007848117924816085,0.001041525572290316,0.00078005721203767,0.0007562839707215379,0.0011270821894337638,0.0013504455193316329,0.0018160214166112977,0.0016640204663128844,0.0017875229982716205,0.0017210235302429374,0.0017495238437482813,0.0017827731829209105,0.002290875526611606,0.0023051176667307515,0.001564257285019721,0.0018302703212272012,0.0022671381756514115,0.0021199540218963257,0.0025614415095740533,0.0028746370078135994,0.0026089016786360274,0.002589917881306722
2018-01-05,0.0,0.0003226342162593973,0.00042699359209511265,0.0012899127777913143,0.0016784573515844184,0.0013609992877341255,0.0015363244096670773,0.0017495162475960222,0.0016168688904000886,0.0017542533278018658,0.002294133430705729,0.0024787623625837805,0.0018347802581824878,0.001659507459835041,0.001332565290149332,0.0014936805874473532,0.0015363244096670773,0.0014415578906072015,0.0012851734974510638,0.0013609992877341255,0.001233039931242421,0.0012235608090093682,0.0012046022949770633,0.0011714240305288606,0.0009960349151070579,0.0008917349102715615,0.0007779406785680654,0.0005076274692764955,-3.321825580719108e-05,-0.0002515371066087077,-0.00014711779653558147,0.0001186276209197463,0.00011388278626562382,-8.542060160276698e-05,-0.00043192341862497287,-0.00012813363881456207,-0.00013287964445764393,-0.0005126330940972059,-0.000313244551631468,0.00022300828781723073,0.0002846826519384447,0.00038904598824443553,0.00018979743925332491,0.0001850529422767855,-0.00010914984148516742,4.270756470261522e-05,-1.423626022958125e-05,-2.3727212978977677e-05,0.00017556388079241798,0.0005692842827295648,0.0003558406535672376,0.0002609621928043194,0.0005028844800075385,0.0008158735279459224,0.0007068127074633686,0.0011714240305288606,0.0011524645280257932,0.0011761638499893292,0.0011050641990585793,0.0013989100269034365,0.0016452948053611298,0.0014605119128882889,0.0015505386129729504,0.0009486271705689763,0.0011998626103083142,0.0011619443242101687,0.0012756948693874745,0.0015363244096670773,0.0014415578906072015,0.0016831947684131142,0.0022515219128059,0.0022373176699984508,0.0024692950414094287,0.0025308310269633177,0.0027769371093920928
2018-01-12,0.0,-0.00039765245232292984,-0.00024325095666113473,-0.00019178908872440805,-0.0006222790116142283,-0.0006878045970386152,-0.0004350867084150555,-0.0007065269815221095,-0.0004257280130172624,-0.00025260794445977624,-0.0002292156391236352,-0.0008563186777248577,-0.0004350867084150555,-0.0005099594248323111,-0.0006222790116142283,-0.000879725657219063,-0.0013198788751024712,-0.0013245623977671485,-0.0014088695569001118,-0.0011512866664730504,-0.0012589950764966369,-0.0012636783140186761,-0.0012449454955252525,-0.0010154969436734222,-0.0009686771763591305,-0.001076365918541623,-0.001193432054017774,-0.001052954335894164,-0.0009546316736118162,-0.0009359046434840995,-0.0009452681147103063,-0.0007392919978488945,-0.0007673771520383822,-0.0007299304550667124,-0.0009780409544563598,-0.0015259746260440242,-0.0024445538923141353,-0.002482064852552124,-0.0027306105100273603,-0.0029276151027477645,-0.005623908161197756,-0.005943811816472858,-0.007285698899119948,-0.005953222296925093,-0.004735301311230957,-0.004260760866547415,-0.005534541605395745,-0.005158348952704009,-0.004716503347049975,-0.004740000857489816,-0.005026714951451487,-0.004138638377539204,-0.002983909258490987,-0.0034578440285997726,-0.003063664737617449,-0.0030261319550733963,-0.002739990801097835,-0.0027259203974881697,-0.0031105826968824825,-0.003035515018643584,-0.0026837103744772775,-0.0022710840017980704,-0.0022898360528042583,-0.0020882699302306076,-0.0012121639075352872,-0.0011700177305384687,-0.0012917781997478016,-0.0016149836511492718,-0.0011419212660084839,-0.0005146391557477235,-0.0005239986832788165,1.403190387224007e-05,-0.00010290664505358347,-0.000669082563076239,-0.001113825590867417
2018-01-19,0.0,-0.0016200614181744483,-0.0013429417977174993,-0.0010289657034942101,-0.0010012666628024063,-0.0020913410897936274,-0.002780178484377981,-0.0013845048454031608,-0.0005305003203623791,0.00019828872286337652,0.0003688777857518559,0.0009726214757280485,0.001387196082062035,0.0013964068992456632,0.0014516700207972094,0.001193749320770627,0.0006085753991422737,0.0010693709246769674,0.0012444175658409787,0.0011753238678497164,0.0009265470193985048,0.0012858714932610237,0.0012674477376700974,0.0013641686679242773,0.0009864433986801673,0.0008436076480313021,0.0005302190389857418,0.0010785846697420047,0.001087798329914726,0.0009265470193985048,0.001092405128166735,0.0007652697027033319,0.0007790944919330242,0.0008113515902255767,0.0002628393582483971,-9.224071142572245e-05,9.223603200517985e-06,-0.000470516608229417,-0.000802779320334852,-0.000779701953461288,-0.0004197639696580325,-0.0001291393784657886,-0.0009181741438510681,-0.0008627829667281708,-0.0010935997822962328,-0.0005904876307572341,-0.0007612404434014908,-0.001084366086694203,-0.0007289336208902051,-0.0005766440858864966,-0.00012452697062730132,-5.073133837289629e-05,-0.0006781678656116476,-0.0010935997822962328,-0.0010474321568737005,0.00013373392042461793,-2.305938021098928e-05,-0.000535114601099995,-0.00013375180757845798,-0.00016603940706739093,-5.995549459324475e-05,-0.00014758922256496488,-0.00042899153053701524,0.001773977375878581,0.0019028712365661018,0.002238837845566053,0.0027586732580631586,0.003089754932498019,0.00324146407418427,0.003921573653181644,0.004592039652149325,0.004853674966147005,0.005500584162200695,0.005894947522701745,0.005959131492319061
2018-02-02,0.0,-6.390097177285136e-05,-0.001415906804986062,-0.0013976242666378616,-0.0006665966834818619,-0.00018715009263769477,-0.0007670812934349498,-0.0017587663022384378,-0.002632446403372417,-0.002842975610500557,-0.0035526939736892325,-0.002842975610500557,-0.0038596314501868085,-0.004790181756734515,-0.007412293943385992,-0.009442144012638752,-0.00882492828075919,-0.007766415438352076,-0.007453678295968117,-0.007357117470619885,-0.007835414741486406,-0.007306541711570562,-0.006892836098579947,-0.006925007064286069,-0.008732839193711362,-0.00885255666063263,-0.008894000661734677,-0.009041371022137578,-0.00859932507899931,-0.007968826895531432,-0.007863015795848425,-0.007918220190132207,-0.0072329815370157195,-0.007072087517558989,-0.007830814639824135,-0.008530273048266706,-0.00939146269445293,-0.009248647342941937,-0.008603928717254536,-0.008465828787926294,-0.007757215890969708,-0.006451738677821044,-0.006456332439951584,-0.006984755889435226,-0.007021526171697271,-0.007982629168765992,-0.008125263814963504,-0.007886017256442158,-0.00789061761204956,-0.007660625752747586,-0.008148271308505137,-0.008622343482213668,-0.008728234961961824,-0.009396069980876323,-0.009580378846193695,-0.009257860621118545,-0.008801905213947563,-0.010198061174304987,-0.010880721176185165,-0.012122696399372588,-0.011711611892623845,-0.012441518700227444,-0.013699316517855662,-0.013005482362633112,-0.014125106433993402,-0.014745603221761876,-0.014615915352490724,-0.01502819575532415,-0.015779075292984376,-0.01694358975019757,-0.01632172804333429,-0.01634492489413095,-0.01667437825973931,-0.018565032166760857,-0.01889056662745798
2018-02-09,0.0,0.001188946771694857,0.0010691573135030543,0.0029410236219212823,0.0018020440817758136,0.0027209858319351393,0.002199398567893841,0.0007192899480059409,4.796979821523481e-06,0.0007336704710258407,0.001648804990183664,0.001964834891157877,0.0026013797663297354,0.002098878014946173,0.0024243365314308056,0.0020797300972815944,0.0012847680076704506,0.0009062206188404566,0.000527529877617708,4.7968762750999635e-05,0.0001103247145267908,0.00011512116515312425,-0.0001487177890805318,-0.0006910054403714235,-0.0008830361658774692,-0.0013392569846630365,-0.00034064439693512444,-0.0001343247783263868,-0.00030225612838530937,-0.00045101887846696814,-0.0005854042575399348,0.0007432573714851465,0.000647384230751456,0.0006377964111174257,0.0018547145965942772,0.0008870498504277268,0.0005562962324910935,1.439087043207613e-05,0.0014763829388920802,0.003333144859354119,0.0027975262070200593,0.0032040487471193574,0.0035817274617641246,0.003705995594317435,0.003901925509380379,0.0038732552366282733,0.0026109487780422986,0.0023908383391336237,0.0027496891591309584,0.0025870260770724783,0.0030749359669266104,0.004269787732406614,0.004207690617275199,0.003462224307933876,0.003022329684289729,0.0034287608655463662,0.004016598381249006,0.004417849909238946,0.004957374901616493,0.004957374901616493,0.00520078202987445,0.005434587986311271,0.005110107867414933,0.0048284883144744115,0.004470382831872307,0.003232738212349753,0.002955372230943485,0.0024865444830625577,0.0025343941203715354,0.0017062724013885032,0.003031894668794547,0.003997487149099691,0.003777681723798873,0.003548268018191702,0.004470382831872307
2018-02-16,0.0,-0.00107479245169751,-0.0012446021708816823,-0.00043826269601567443,-0.0014002864152430651,-0.001480496849719799,-0.0020893622314062965,-0.0021743496722022642,-0.002542712069400836,-0.0037006310641107113,-0.0036911732342097673,-0.004216218123418082,-0.003416935070832331,-0.0045711343077722765,-0.004646866065921238,-0.0036060567901342066,-0.004812549284720356,-0.00492617650234889,-0.005110848272479146,-0.005916226346247003,-0.005158205502279539,-0.005049287226395384,-0.006105821371841485,-0.006442441096668694,-0.006447183028863675,-0.007139746537578629,-0.007514689885184259,-0.007999001981561102,-0.009634099905090126,-0.008935053575505662,-0.009534206220428417,-0.010271751844885947,-0.00974351872476044,-0.009719731006358357,-0.009244095429363688,-0.009239340215866509,-0.008782944969667911,-0.00920605435450853,-0.00828875173005732,-0.008835229693272018,-0.008968330417441385,-0.009510423480512877,-0.009239340215866509,-0.009358227337440309,-0.009719731006358357,-0.00910620341760973,-0.009101448859771853,-0.008526314150700364,-0.008440785177708472,-0.008293502425440339,-0.008459790983982973,-0.008854242997832346,-0.010252711569943914,-0.011505381993309657,-0.01214899770544752,-0.013065076380507778,-0.013523430610404456,-0.014082334027815169,-0.012401789747183183,-0.011529212226727894,-0.01200116782399069,-0.012010704576249613,-0.012840750371830172,-0.013504328322427445,-0.013895998178408697,-0.013819562744815484,-0.015602985044585587,-0.015449858877895661,-0.015263268059057953,-0.014612864642554426,-0.014407310374309035,-0.014359513111171165,-0.014397750738913398,-0.014330835849847824,-0.015019317201987169
2018-02-23,0.0,0.00027339113088003966,-7.195745878147317e-05,-0.00037903413920067534,-0.0007870161936495111,-0.0006718043958339712,-0.00011993197472779669,0.00011512116515312425,0.0004076611576960555,0.000330937635664984,-0.0001343247783263868,-0.0005950039042731396,-0.0004894128582956163,0.0010404057082030519,0.0011170748187351082,0.0016440158901754858,0.0013326751827370989,0.0018403501858580398,0.0015673871706516265,0.0016871169645960304,0.0011458242197912923,0.0008870498504277268,0.001026029595551556,0.0005083518479678467,0.000503557283086577,0.0008535001213385731,0.0011697814226453113,0.0016440158901754858,0.002362124709729057,0.0032948958968524846,0.0042936702115044375,0.004909641065477812,0.004818940499014276,0.004279340792490678,0.0042936702115044375,0.0041694750912578595,0.004842809866739777,0.004823714418139552,0.004393970395711212,0.004322328433550584,0.005224642285132642,0.005057608541541838,0.004990787231246622,0.00468048692967509,0.004637514682577967,0.004771200054255347,0.004799844594607975,0.005081472213159808,0.005658799490254762,0.0058352710609044485,0.005811425371130924,0.006188120803027249,0.006798161713749602,0.006397864344648488,0.006250095064659419,0.005696958144403739,0.00575419339561047,0.006126142700347926,0.005663569401653677,0.005778040450142709,0.005882960734668307,0.005725576179491242,0.006054624731427612,0.005992638354106314,0.006779103567344525,0.006521783035081862,0.006993486775767169,0.006612329291175144,0.006078464622718886,0.006769574357935292,0.006550377475371529,0.00647888984151035,0.00684104121521059,0.007245923626219388,0.0071125687018911326
2018-03-09,0.0,-0.0018798279600904183,-0.0021674707779506075,-0.0020650799520790823,-0.0010612301528534227,-0.0008712943165038624,-0.00030657009137936646,0.0006857926888966108,0.0009288686707835153,0.0011864647178655076,0.0013565389435266878,0.0006906547876215749,0.0004864262843927836,0.0005010154179202065,0.000676068420526096,0.0011767453169694445,0.0019588549639121054,0.0005885457496674725,4.865434252220081e-06,9.730418756239197e-05,-1.4596444792864492e-05,-0.00014597403634396356,0.00045724737879418193,0.0003842963896680697,0.0002918841629782486,-0.00020436961776148875,-0.0006911321213488287,-0.0010222660144674806,-0.0011440339881796753,-0.0006083657779917567,-0.0005937606637672132,-0.00044285363924574466,-5.352133921387817e-05,0.0010795461119822835,0.0008851193543594695,0.0008267839549641638,0.0007344126123783838,0.0004329309737303308,0.0007976149790850433,0.0012544978791984884,0.0013856916209592529,0.0011475865474674342,0.0012399197342670531,0.0009531730195618158,0.0006663440575934882,0.0008462294662117336,0.0008073380655817771,0.0013371033530729004,0.0009628945936792532,0.0009628945936792532,0.0006712062508803073,0.0011767453169694445,0.0015071519630922004,0.00065175733588588,0.0008705358235406667,0.0007149649266524346,0.0001459527310347722,-4.3789973562633956e-05,-0.0005012665602004999,-0.0005012665602004999,-0.0010904542529967696,-0.0008177291922564936,5.838364870274337e-05,0.0010066405076962597,-0.0005158703235904825,-0.0010709714246740284,-0.0019870749304662927,-0.002943055981201648,-0.003963451778218041,-0.0037583125514595228,-0.004496033320976681,-0.004364083022064563,-0.004437386594180498,-0.004173518878330224,-0.003860876904575885
2018-03-16,0.0,-0.002245115158396276,-0.0018818776915435255,-0.0023759129524600414,-0.0029186643275080455,-0.0019593572805531303,-0.0015574970982781752,-0.0027393299483846217,-0.0027974889259662376,-0.002782948864461537,-0.003490810521615662,-0.003393813547845223,-0.003752749355545299,-0.0036848326989591704,-0.00392256118019327,-0.0041894666074797585,-0.00346171044158842,-0.0035926674708941955,-0.003490810521615662,-0.0032919768501758332,-0.0037284928772452312,-0.003946822366420947,-0.004092401845794636,-0.003849781152941381,-0.0038788925282132922,-0.004005051614988996,-0.004383624400127332,-0.004835187032981594,-0.0048497569650131035,-0.005184924005201354,-0.00531124797777235,-0.005520203419999528,-0.005943107317747412,-0.0061521948459519185,-0.006541311264764764,-0.006502392808655085,-0.007013318105461895,-0.00747580889431714,-0.007066858722116697,-0.006959780355251477,-0.006964647305012318,-0.0075196349050615915,-0.0077875022684864206,-0.007198288754068005,-0.006813782875881998,-0.006881912380363423,-0.007052256451463255,-0.007568332725356764,-0.007933641988060777,-0.007962872494968534,-0.007870312154085594,-0.007626773240234382,-0.007431984804207956,-0.006804050468424886,-0.0072956554712800895,-0.007490417351153046,-0.007543983518774521,-0.008240604933222522,-0.009679226055973008,-0.009576747289727778,-0.010787643549635434,-0.010997746574181644,-0.010323618884504384,-0.010983086791097321,-0.012655687830513133,-0.012464811241436589,-0.013620416544799206,-0.01380661347308794,-0.012812331735182656,-0.013008171127923152,-0.015356332283742087,-0.015169846605792427,-0.013698811025867955,-0.013331389998883445,-0.012166333719226407
2018-03-23,0.0,0.0003296390482305668,-0.0018549958944328669,-0.0032522631875774905,-0.0024957937096126673,-0.002125282399772364,-0.0020952469579487206,-0.0012296128269340839,-0.0015247449006784628,-0.001409683054809219,-0.0009945699305235795,-0.0018499912776740756,-0.0015047331938292273,-0.002205381321983979,-0.002060206749305642,-0.001980119454111209,-0.002140300458988872,-0.002325541736281597,-0.001409683054809219,-0.0012496190288574084,-0.0009895696180041045,-0.0005546381128588371,-0.000594623917903387,-0.0013296478392717664,-0.001930068151515624,-0.00193507316904564,-0.0027662534928900736,-0.002956620902564512,-0.002956620902564512,-0.003497863066513199,-0.0038036941649004273,-0.004410619654587862,-0.003914016858891757,-0.0041447309199311,-0.004455777594490373,-0.004776959546825711,-0.00466654161484133,-0.004646466937039397,-0.003878912863301369,-0.0024507241898709055,-0.001965103800291802,-0.002821356121549787,-0.002405656701299098,-0.002390634656447979,-0.0023455698758181533,-0.002115270485594434,-0.002060206749305642,-0.0017849335389077676,-0.00037472177347121953,-8.992042048850805e-05,0.0004444877352118662,0.0010135431186570113,0.0017667937298106232,0.000734047606233997,1.498595067176634e-05,4.9952295568115656e-05,-0.0008145744299251233,-0.0007045931266358556,-0.0008245733300462794,-0.0006046206189920862,-0.0005196518449654468,-0.0013846713618414599,-0.001544757008003901,-0.0006346113218763658,-0.0005596362510523023,-0.0012546206418775497,-0.0015297478899645035,-0.001519741936421976,-0.0017398960451868064,0.0009486671938401985,0.001263026688963119,0.0012979494224188736,0.0001248760606722977,-0.0013396518909128507,-0.0018750146119345713
2018-04-06,0.0,4.358174119411753e-05,-0.0009156555933966232,-0.0009786680238311966,-0.0024047796865508835,-0.001725425241222212,-0.0017011711162006919,-0.0015071592905714739,-0.002550415703566142,-0.0015993102144495424,-0.0009592791607936143,-0.0002857495739255017,0.0001258976260274736,-0.00041654356630790564,9.200367052696698e-05,0.0006535267682369222,-0.00030028139498081277,-0.0005715808240093743,-0.0010222943402016529,-0.0006151893838919709,-0.0016914696309032096,-0.0015023094771679203,-0.0021815123132375483,-0.0024241965967384785,-0.0016575151735285306,-0.0016041604983125298,-0.00125500017683536,-0.001080465722806436,-0.0009689735453212375,-0.0011192485245777716,-0.000518284055476697,-0.0003971655990560494,-0.0007169500864194518,-0.0009592791607936143,-0.0007993353831136459,-0.0007702574445435669,-0.0006006529859627672,-0.0005570450599728992,-0.00041654356630790564,-0.00015012942637603833,-0.00011622726317259529,-0.0011628809745224393,-0.0008138746694773851,-0.0016041604983125298,-0.0016090108057006626,-0.0013034873762242597,-0.0008768806865727951,-0.0007702574445435669,-0.0009786680238311966,-0.0007460264749402256,-0.00031965748488660173,-0.00014528618983466313,3.873941930097862e-05,-0.0015168589879409995,-0.0017836375414977388,-0.001410167491151999,-0.001313185098229444,-0.000789642642976037,-0.0007557187923249338,-0.0012404544754536046,-0.0005473546679966828,-0.0005231290988762973,-0.0004456112212767986,0.00014526508482404693,-6.295475734246783e-05,0.00017431556972690023,6.295079429037643e-05,0.00200279684383615,0.002432826445196548,0.0022975561701499697,0.0014758793232396918,0.0010357629513029988,0.0010986485792972322,0.00017431556972690023,2.9054705169445033e-05
2018-04-13,0.0,0.0001762454484411298,-7.145970747432344e-05,-0.001110584267114334,-0.0008626216128341661,-0.0010104381013172489,-0.0003525841116385608,-0.00040500587812128787,0.00015719338391141492,0.0004000800213398925,0.0004715060418693722,0.0004667444658831606,0.0006905140317752982,0.0008856763860529192,0.0008237997632591892,0.0007333578114601357,0.0008475989174383956,0.0010665245645003784,0.0011188692495042233,0.0008713975052313418,0.0009380305381059223,0.0009713453896318809,0.0015137453800917952,0.0014471506990794264,0.001656433336043681,0.0015708230056778996,0.0013424929535970646,0.0013567651093350837,0.0015660666613092628,0.0015708230056778996,0.0016516773988503525,0.0016469214390381994,0.0017039914639743207,0.0018038561711566027,0.0019655207460455106,0.0019560117886075236,0.001894201361168902,0.0019274843737598951,0.0022840185798626046,0.002117651769182265,0.0018609172407818891,0.0016611892506177353,0.0013234630957497321,0.0015660666613092628,0.0012520979033782884,0.0010236950568665694,-0.0008673895456252879,-0.0006528550726883828,-0.0004526644142506472,-0.002255824725742565,-0.0013633787203378251,-0.0012584374158210046,-0.0007481980452684405,-0.0006480881626710573,0.00010479833475520435,-0.00015245354960428443,-0.0005384555034687754,-0.0010628943659188367,-0.001291826636352785,-0.0026283104514299945,-0.0026808516544922756,-0.002656968947242955,-0.002747726269391132,-0.0014731018603424061,-0.0012870566794494433,-0.0013538381466630487,-0.0019073419351175276,-0.0013395274568159868,-0.0014444772718189957,-0.000857853702776119,-0.0009389112656101654,-0.0013586084221226186,-0.0011916623190917027,-0.0011344300706117583,-0.0010724321642135598
2018-04-20,0.0,-0.0006723453267231205,-0.00022722108709433782,-0.00023668975291214148,-8.520185745195526e-05,-0.000729183961853316,-0.001582151392304723,-0.001108190779037725,-0.0013119663138835506,-0.0014636401774498092,-0.0013451430058386764,-0.0015726699782465806,-0.0015394857369656202,-0.0005776214467621622,-0.0008712946852939692,-0.0011697929569310993,-0.0015157833816614058,-0.0010418542157211352,-0.000989735717195904,-0.000733920660611115,-0.000733920660611115,-0.001075021947311976,-0.000989735717195904,-0.0011555767329021556,-0.001743349187088638,-0.0019472542059925618,-0.0025876914330147547,-0.0022935137760585035,-0.002345700271628449,-0.002658876450022394,-0.002497531018595263,-0.002189148954498676,-0.002250817759827404,-0.0024026341003014554,-0.0019994226341458242,-0.0017480906920898497,-0.0017101592815583603,-0.0015631886540846869,-0.001511042978016148,-0.0013214452564127717,-0.0008570827041198994,-0.0011934871127686178,-0.0014920815881456337,-0.001676970477561241,-0.0017149006291915965,-0.001951996677911087,-0.00248804092151152,-0.0028202479179984794,-0.002497531018595263,-0.002231842337742443,-0.0022792815680972725,-0.0014304595539828128,-0.0012550945454878812,-0.0009707842093659262,-0.0010229017201507558,-0.0012361380080885883,-0.001525264256367067,-0.001501562238139047,-0.0013072268763126087,-0.0005065844246041931,-0.0007007642404593573,-0.0008665573357935318,-0.00030770760446255347,0.00015618455366504049,-0.0004639646333873471,-0.0006391909480923059,-0.0010229017201507558,-0.0013072268763126087,-0.0014873412968547356,-0.0007102373911819716,-0.00034085099460830703,-0.00026983078933010945,0.0005725574784072701,0.001508763171586995,0.0016836135450072674
2018-04-27,0.0,0.0009922818145415844,0.001179394433494761,0.002249940724664008,0.0019228211034488733,0.0020162947719843307,0.0013384126367371888,0.0013992070324478022,0.002231251057245913,0.0023667432327802306,0.002390102097353555,0.002581624208232188,0.0020630283299589293,0.0011279419533570376,0.001179394433494761,0.0017124733979173167,0.0014599977324247664,0.0012776145448430952,0.001352442440717645,0.0013571189983036048,0.001530136256037674,0.0014553216559335083,0.001315029192682231,0.0017685704458245436,0.0017264979549168231,0.001445969437353407,0.0014599977324247664,0.0018901032551584638,0.0011185866725348466,0.0008612821465320249,0.0006553908470517238,0.0004354146691166328,0.000646031144315834,0.0010484192764882157,0.0010718089555594467,0.001202781049335533,0.0008378875427303193,0.0012261671182555172,0.0013243826359183493,0.001300998863787515,0.0012121355425327486,0.0011747170446938342,0.0012308442664109777,0.0014833777869013097,0.0014272647377969155,0.0014599977324247664,0.0022779745708627606,0.002119105716767283,0.0026423430729015825,0.0027637697430177295,0.0026703659208656178,0.0025909658119989925,0.0027637697430177295,0.002903859120269526,0.002852495293933224,0.0027310793976413877,0.003169974882195643,0.003958568776230691,0.003771975502376975,0.002852495293933224,0.0015862435331661178,0.0021004136039038004,0.001707798501875097,0.0018854291894457751,0.0021751799590786604,0.0016750736176365227,0.002231251057245913,0.0022265785858122363,0.0021798526706767844,0.0020022742786964414,0.0019274949943927531,0.0019321688634917,0.0018994513210436807,0.001819989975440782,0.001988253588831564
2018-05-04,0.0,-0.0033793936152986563,-0.003759235727473577,-0.0030934348898510595,-0.00444894755381323,-0.004406706625633018,-0.004195528745027182,-0.004913715565484503,-0.00534581491748322,-0.005110955151169498,-0.005359908257675488,-0.005063989816274481,-0.0047493789567874265,-0.005045204299906976,-0.005129741902752683,-0.005566633403236746,-0.005561934629851512,-0.005796900349434188,-0.005707606872263472,-0.005966109859412435,-0.005430377938124579,-0.005717005810183368,-0.005247167097167589,-0.0052941410360349,-0.004974761756338444,-0.00532702410618932,-0.0053974914692592165,-0.0056277194664704246,-0.0059238047976054335,-0.006492722623133981,-0.006939620570842685,-0.00707608184781445,-0.00734435312345309,-0.007443208053923282,-0.007457330984619883,-0.006916094646449239,-0.0062293815761483,-0.006248189351283165,-0.006450395277546113,-0.006422178042457055,-0.00624348737433682,-0.006586789805985305,-0.006737315706132176,-0.006709090373894738,-0.006925504949790472,-0.007419670279324544,-0.007405547880493702,-0.00775866769771574,-0.006793768760727964,-0.006586789805985305,-0.006680865838303971,-0.006440989444048073,-0.006234083486769596,-0.006662049923802972,-0.00625759337150169,-0.0061917670870426334,-0.0065726791644448125,-0.005594826507205377,-0.006417475247350758,-0.007132554030573542,-0.007080787741239996,-0.00688786426773684,-0.006944325822138532,-0.006859634685956337,-0.006939620570842685,-0.007720995642371118,-0.0077633768044216575,-0.0074479156753269795,-0.007254921368059938,-0.006718498729455416,-0.007165497609990561,-0.007254921368059938,-0.007509116770374912,-0.007438500454681179,-0.007631530198339066
2018-05-11,0.0,-0.001013331436765651,-0.0015157294675124588,-0.0016367148470422743,-0.002120802792931316,-0.0027541946740900747,-0.0018554563396849582,-0.0018694201872836167,-0.0016041404202911936,-0.00112030245934777,-0.0009621754272021408,-0.001208678457414571,-0.000920322456681523,-0.0010272835299286293,-0.0010691409774211218,-0.0010319342709078248,-0.000799423713881067,-0.00032062228878340567,4.1812720829560814e-05,6.039559114043289e-05,-0.0005018890651713819,-0.000264854505817151,-0.0003159748547480334,-0.0005111856830618439,-0.0003159748547480334,-0.00028344342124749373,-0.0006320495811625552,-0.0005762644283664887,-0.0005623186264013237,-0.0006088053893039902,-0.000594859133524809,-0.0005576700689650211,-0.0006041566157667796,-0.0009482242423975696,-0.0009900783807316438,-0.000920322456681523,-0.000738979823229017,-0.0006831887051605271,-0.000497240788636003,-0.0006552943133262457,-0.0005623186264013237,-0.0006088053893039902,-0.00031132744231098175,-5.575301416167077e-05,-0.0005576700689650211,-0.00035315493180796044,-0.00042751923325931476,-0.0010505374511220972,-0.000771526079598805,-0.0004554072720813341,-0.0002787961599947314,-0.0002741489203387947,-0.00029273800854463176,-3.252221383625405e-05,0.00034838593151924964,0.0003205195230795471,0.00018117583163972507,0.0005852190558283662,0.0009566090334964033,0.0009566090334964033,0.0014392098901985573,0.0009101928286627232,0.0013742579546081573,0.0016896992735419422,0.0018798437607360859,0.0016572319669572178,0.0020235875446448608,0.0030894288259418834,0.0034784095624080733,0.004399320079362483,0.004602824048392271,0.00436694062920892,0.004357689165164685,0.004496452139725421,0.004237412343288432
2018-05-18,0.0,-0.0007405289964912581,-0.0010406462320382158,-0.0015191443201389308,-0.0020729867332785583,-0.002866736349310559,-0.001988482468110209,-0.0017021599966462264,-0.001669308562560811,-0.0023077582781676053,-0.002068291864535274,-0.0022936704310487052,-0.0021997565218602405,-0.002002566016413476,-0.002134022032828243,-0.0016036089318631093,-0.001627072590177018,-0.0018758212215821413,-0.0012141926057063622,-0.0008014830207651475,-0.000670202046471736,-0.0005998800419844219,-0.0015707607351088057,-0.0017772530416576536,-0.001838270293131029,-0.002190365616013367,-0.0017631726661806464,-0.0022232341723119825,-0.001838270293131029,-0.0022467123739766254,-0.0023688079091885124,-0.002777466785708994,-0.0026553213479240025,-0.0028949283935176305,-0.003228594612908784,-0.003176892557740708,-0.0031862927325840553,-0.0026553213479240025,-0.0024486476661424025,-0.0026553213479240025,-0.0019650103283655016,-0.0020072605765918353,-0.0026835074324561264,-0.0034354295687537098,-0.0034354295687537098,-0.003952704201384114,-0.004611440956364889,-0.004065599688506799,-0.004352599763403121,-0.004785608190299968,-0.0046302683841622,-0.004385539467278198,-0.004357305368955701,-0.004823269959371749,-0.005011600083802615,-0.004959805763744315,-0.004776192969654177,-0.004856225170888379,-0.005157580329638207,-0.0050916511281582704,-0.00463497529649839,-0.004446716081830492,-0.003905668176483957,-0.003487144992890348,-0.0036423073141478995,-0.004084416842224736,-0.0048656411450885935,-0.005148161606157704,-0.005524979758178392,-0.006552530460172249,-0.00721770169552162,-0.006722319356386274,-0.006736469732432737,-0.0069864927311335,-0.0063026159249265435
2018-05-25,0.0,0.001758315124985619,0.001933503275139251,0.0030738432767756854,0.002794793086133151,0.001942972030613319,0.002316916175289794,0.002170195268954084,0.0021275948443634273,0.0022553906741333966,0.0022885202605136506,0.0018009312836190857,0.002406831252925801,0.002047122423875354,0.0021228613518269055,0.0024257597128124163,0.0030880301893492163,0.0035702655011553394,0.0034662736313351415,0.003400091355869811,0.002813714203993326,0.002832634963851574,0.0028231746286717335,0.003522997810031417,0.0034662736313351415,0.002993446970233368,0.0030076350234198084,0.003102216900656893,0.003106945759701483,0.003026552114539239,0.002723835705471387,0.002293252968971545,0.002222259990147286,0.002539322948729403,0.0030170936137116763,0.002903584625096749,0.0026150246085245373,0.0026055622144442675,0.002586637157668343,0.00254405447036338,0.0024730792950840037,0.0025203966383186747,0.0029839881562738852,0.002832634963851574,0.0027995233991616715,0.0034662736313351415,0.003433183041114064,0.004170370891998033,0.004944777730368861,0.004921176626780146,0.004878693236599238,0.004859811150505838,0.005666702327683429,0.005959098611617849,0.0063409714431779795,0.006331544240040663,0.006468229987936337,0.006567197660933556,0.007490423931060607,0.007485715755548964,0.007561043903830471,0.008257560408368947,0.008059949616294455,0.007904656594521555,0.007928187390451827,0.00821521852588937,0.007998776456234678,0.007786994308678171,0.006915862842237828,0.006454090949343675,0.0060439718440658185,0.005652551951637029,0.006534209524878177,0.008031716315113999,0.007532796513181242
2018-06-01,0.0,0.0009019522762755732,0.0003906359044064574,-0.00029307710230916324,-0.0001116382920501899,0.0004929200964738076,0.0013665585772607797,0.0013990729358365288,0.000692808996100121,0.0013293980157603827,0.001334043161467142,0.00096701015457546,0.0006370300665765591,0.000367388037978523,0.00033484011697421036,-0.00030703529751495786,-0.0009213888493705657,-0.0013078802803583743,-0.0007538004460958637,-0.000618819098916661,-0.0009632903389747206,-0.0009726020195469622,-0.00032099368755446334,-0.00026516129637817225,0.00013487964337800023,0.0002790412161979119,-0.0006420904451418697,-0.0009819137868272952,-0.0011402270985136568,-0.0020999558391813855,-0.0024869031329307896,-0.0022910797649823224,-0.0032752468822868147,-0.003261247194946284,-0.0033825843303254524,-0.0032052504054141955,-0.0033079135816230895,-0.003699997231156875,-0.001997416594526076,-0.0020440240386754814,-0.0029066538071969707,-0.002948638566735274,-0.0030839347840129357,-0.0026967564462354737,-0.002584829198829252,-0.003247247703594255,-0.00425104119319039,-0.004564057292715783,-0.004297753793922919,-0.0033685831402239675,-0.003583289599979322,-0.003620634560047821,-0.003625302778118889,-0.0040268510790353795,-0.0032239156535226778,-0.0024729144777299434,-0.0024496004872363933,-0.0022118288261668605,-0.0029206485311862413,-0.0026034828701056007,-0.003097931989237729,-0.00308860049731878,-0.002281755799126553,-0.0011681673436446415,-0.001433638614924715,-0.0018902277159686788,-0.00308860049731878,-0.0025475229001227927,-0.0025242071701644703,-0.003102597767851352,-0.003648644195364172,-0.0040035008323389114,-0.004447248781447583,-0.005115577726972852,-0.00544757139876263
2018-06-08,0.0,-0.00023287224733805435,6.985110076528249e-05,4.191124595777386e-05,-0.000209582582125918,0.0007355200644419427,0.00037713799274160603,0.0007401735323226675,0.0010472545436363105,0.0012147135398317926,0.0011681999648365047,0.0007634405469097187,0.0012658759735935722,0.0012658759735935722,0.0005772892705379183,0.00010244661143518977,0.00023281803047983072,0.0003538619882062575,0.00016763444554576071,6.985110076528249e-05,-2.3284784558603955e-05,0.0005354004574046212,0.00024212962434542838,7.916421222933277e-05,-0.0004145502538518341,-0.00030740282121134775,0.00033524079449430167,6.51945125078995e-05,-0.0006475190696999622,-0.0007314011315701906,-0.0009131697406319009,-0.0006614989247291058,-0.0009737666199113274,-0.0007127600653006434,-0.0007919869969063992,-0.001099633411056824,-0.0019158210209326027,-0.0013560777418952755,-0.0012301786708177117,-0.00130944660814414,-0.0018365050048879993,-0.0019484823855740092,-0.001122943814724161,-0.0011089575073189811,-0.0009597823987738255,-0.001099633411056824,-0.0014073745006510298,-0.000983089542647459,-0.00023753024547009866,-2.7941806532663737e-05,-0.0004611396752662789,-0.0002515043700498814,-0.00022355631616407807,-0.00021424047177586694,-0.0001536895985438538,-0.00018163569983179528,-0.00030740282121134775,-0.0001583472278572333,0.00017694664639138425,0.0012472717550864724,0.0011263358974574463,0.0006796767607375338,0.0005726350446170143,0.0009449046838129233,0.001926101590151797,0.0028366834497963993,0.0028366834497963993,0.0025162160290690674,0.0025626669467153397,0.0037371578842559827,0.003955192097934916,0.0037557158384276643,0.003365926458965245,0.002989914180751445,0.0027159396679545746
2018-06-15,0.0,0.0006057145420277621,0.0012156819831341359,0.0008183211927948981,0.0008136997896907602,0.00033758084341225456,0.00022198379609440137,0.00018961422810994844,0.0006288261502961627,0.0010863260369692053,0.001926840740039969,0.0017052351140437198,0.0011556259462139427,0.000887639676596237,0.0008460491629242287,0.0009199866580480392,0.0014373961113895413,0.0014327775684011346,0.0010170213249139886,0.0012526377517029716,0.0015251443755310114,0.0016913831317093718,0.0021714732501509847,0.0018529776544682788,0.0019083754801176532,0.0014697253150547697,0.0014466331333735855,0.001030882651581807,0.0008044569194096693,0.0005317538058997822,0.000684291830920368,0.000938470177680328,0.00099391868682283,0.0008275639349315672,0.00034220444737299697,-0.00023591178858840578,-0.0007403020770436224,-0.0008143624362702551,-0.0007588166526437464,-0.0010458364173136809,-0.0012125308667745548,-0.0006245937452204029,-0.0005088988002662792,-0.0007449306888071805,-0.0008884282808399454,-0.0013653585260996225,-0.0023894431373272943,-0.003530609198757022,-0.0036002346371352997,-0.0037998544317254484,-0.0038973576528911744,-0.00412490214694811,-0.004333917199115127,-0.00349811898643054,-0.0031732749087299266,-0.0028346213086906133,-0.0029320304573420253,-0.003238235282924476,-0.0027557732326587985,-0.003034088314957923,-0.0033171214108397708,-0.003168635043471561,-0.0024450795717879904,-0.0015043130326178337,-0.0008051045914038072,-0.0015737975271808296,-0.0018332489741513566,-0.0006847604068913494,-0.0007958468322444796,0.000504017119507429,0.0008506704165318579,0.0015897960645790796,0.0013773533886649438,0.0014697253150547697,0.0012110624160338276
2018-06-22,0.0,-0.0010198166611041519,-0.00019084546927954947,-0.0004515713128775935,-0.0004888234118048497,-0.001094364597791566,-0.001793521908694009,-0.0017002726860918889,-0.0022552336548678597,-0.002087313808213295,-0.001910095666208069,-0.002031346791427293,-0.002511832324295528,-0.00215261262026451,-0.0017189218349919519,-0.001411255343039743,-0.0013972727513659959,-0.0002886096946340821,0.00010704370884091934,-0.0006378456862536764,-0.0005121066783550233,-0.0005586748378500987,-0.0012155168490417998,-0.0012248368609715102,-0.0010757270926075263,-0.0010897051889307459,-0.0010477714861087397,-0.0005633317730745915,-0.0006611324228282478,-0.0005679887299860088,-0.0006425029901871358,-0.0006564750321313634,-0.0003351674472065764,0.0008002233608376388,0.0005676663019153537,0.000702555983291909,0.000781620786240723,0.0005676663019153537,0.0007072070271023274,0.0012093924742786796,0.0009862300762162274,0.0010001791852172683,0.0011582554899084393,0.0011861487146460421,0.0014510955525213053,0.0012000950352581633,0.0012000950352581633,0.0019993590114867864,0.002110833446798306,0.0020272287853254586,0.0023058838122074496,0.0025333944980657293,0.0020272287853254586,0.0020179389470149998,0.0014092665078208589,0.0022965965622085164,0.0025333944980657293,0.0024498251586789,0.0019621981047562758,0.002236227334707255,0.002152633156528865,0.0018646441538600796,0.0024080378699019686,0.0024126809882201424,0.003697995405939931,0.004272835949880916,0.00537523400865574,0.006226675958438833,0.0056390734291840924,0.006013883425728599,0.006772328095627596,0.008273646072611782,0.008735136973279526,0.007941240701204484,0.007811942099758201
2018-06-29,0.0,0.001047767482098006,0.001249677172805499,0.0015735866218228225,0.00217418442235704,0.0027275411546027702,0.0024743481076192203,0.0021225847141184413,0.0012637623741889312,0.0013623532292627767,0.0009397525383603956,0.0012872372689637739,0.0014844046318318324,0.0017284627564240055,0.0019865363557542365,0.001653374292792746,0.0010759433748059142,0.0009585385840860791,0.001700305243293861,0.0017706975395899657,0.001958386108499529,0.0020475258397786435,0.002286756362981689,0.00267596999224762,0.002647839146304277,0.002657216182879425,0.002882238686079232,0.0034398886978360154,0.003411779333667917,0.003697521057885282,0.00402063872469618,0.0042640787202805576,0.0038427027811660927,0.003547633941339052,0.003791189098418282,0.003467997271889748,0.0039035791670009095,0.004123639801616554,0.0041704549659933275,0.004657202798108975,0.004792888326051989,0.0049145217697850714,0.004610410415900298,0.004240673603452868,0.004470020130677332,0.004549577045502249,0.0048724195596466235,0.004577654445536694,0.004441939708346091,0.0049098438339711566,0.0050267856648988545,0.0048116021265446045,0.004792888326051989,0.0055084418231593196,0.0057982589599247505,0.005424285629213807,0.0059618283242150035,0.005943136036652191,0.005957155285080545,0.006195452442762531,0.006825965070399891,0.006755927740474485,0.006517764120942771,0.005891730444179909,0.005559867122080028,0.005386880602908803,0.005770215810864163,0.005816953955742186,0.005732823722090974,0.007157408556485011,0.007502739821262677,0.008039166717975497,0.007955223239867902,0.007572724867819576,0.007586721289401386
2018-07-06,0.0,0.0006322376308301261,0.0015752022791437313,0.0018490992074077027,0.0020672346146657066,0.0027491809250667102,0.0027259931107258733,0.0023920289531078258,0.0029485739363067504,0.0028048294858702767,0.003254541700817732,0.0031479271978995297,0.002739905863851111,0.0030691178677613473,0.0033426059785271935,0.0039356790875363775,0.004301540939404876,0.004898673333063692,0.004708925719958913,0.0047829778526943196,0.0050930116118382334,0.005412199674139097,0.005389073527948456,0.0057544041215120585,0.005916216793646544,0.005254931332394655,0.0052965635946284366,0.004769093495505041,0.004574692250725019,0.004384883147188252,0.00450525407497668,0.003602118744768046,0.004232083793278506,0.004102417544758145,0.0034538339821457665,0.0033889524835457483,0.0030227565368119744,0.002777005592563894,0.0032962573254107755,0.0031757407727800455,0.0033008922873926836,0.003852299432123707,0.004093155026464477,0.004051472632407177,0.0037225839258430665,0.003574317026619909,0.004144097815408096,0.003995893404202977,0.004426551646503305,0.004597837237869002,0.0046209816893349525,0.004806118019628506,0.00467652618743515,0.004509883436703393,0.004259867230647108,0.004144097815408096,0.004310801527730026,0.005185540376783992,0.0055000741524409355,0.0047876059289186975,0.004972711416436554,0.0048616522356617325,0.0052595572249027524,0.005943953480038799,0.005564818827214071,0.0054769500383825345,0.0050143554295373274,0.004727439267247706,0.004333952623356872,0.0035140773189032267,0.0028743858323352664,0.0023781113591811566,0.0015427010545412602,0.0017005542513962438,0.0018351740551010417
2018-07-13,0.0,-0.0003300516583409833,-0.0006104550792907961,0.0006823640789961983,0.0009443404664850554,0.0003344617682624229,0.00027119379674816335,0.0006733291862403922,9.944626519646305e-05,0.00011300635333734824,-0.0004702435405560563,-0.002811184109656909,-0.0033779991458839,-0.003872524219082064,-0.0031875134521440708,-0.0032373990553959753,-0.0033281065283933204,-0.003119491639790056,-0.0034415024412725705,-0.0040858352841543055,-0.004258332821952671,-0.0037908426681763103,-0.003691018721236029,-0.0037908426681763103,-0.0035050097695860944,-0.003051474454088174,-0.0024757809428448585,-0.0023217144945874915,-0.0020091231780033103,-0.0023262455219299444,-0.003160304171964024,-0.0026797289232204555,-0.0029743939026066766,-0.0027930513323948494,-0.0025890802411902246,-0.0024531226235021534,-0.0019502400993978348,-0.00206347986660731,-0.0022990596658230195,-0.0022220370868424617,-0.0018188980323829995,-0.0019140060819924638,-0.0019049477827786296,-0.0019728870270033956,-0.0020136527892041013,-0.0024032761280403116,-0.0019275936846639891,-0.001827955552162453,-0.001601542165635951,-0.0013480200173076184,-0.001637764862781849,-0.0017509692488934948,-0.0024757809428448585,-0.002462185889631463,-0.0029245214174731735,-0.0028383838920603135,-0.0025256310526388438,-0.0024803126683221838,-0.0027839850670614333,-0.0029199876785212485,-0.003446038545258298,-0.0035050097695860944,-0.003695555957197334,-0.003514082574307677,-0.003251004651831735,-0.0033598560878709085,-0.003976904799850642,-0.004666998353070452,-0.00443994132899425,-0.004512593967679267,-0.004208396264069215,-0.003105887832537663,-0.002752253785681797,-0.003514082574307677,-0.0032646104333819335
2018-07-20,0.0,0.0010255452811027443,0.000979987817187747,0.000378434698314826,0.0010437676855496556,0.001927155946577306,0.0027097140414019767,0.0027824790196501856,0.002923446099523127,0.0033053215673015516,0.0032553223627329172,0.004844981738335981,0.004259372722288175,0.003950541509714633,0.003777917810777905,0.0036188959313039003,0.004332025031074178,0.004268454549551842,0.004459153871785064,0.004468233884860304,0.003982337362175662,0.003977795159434344,0.003446214968042219,0.0038733188016578214,0.003591632498381738,0.0037915470809988918,0.0040277582548857134,0.004450073776262437,0.0043865107989512426,0.004136759980854253,0.0040822606030420155,0.00441829279263835,0.004577187611412694,0.004486393663674837,0.004894901526323501,0.004772366688835173,0.0051535368859410065,0.005475603193558621,0.004908515581474299,0.004486393663674837,0.0043047810338333395,0.0045726481098044775,0.00440013177707372,0.004223044588414947,0.004327484416411294,0.003986879544285467,0.004064093483710653,0.004173091249364548,0.0038778614789754294,0.003078032308922433,0.002877975019122404,0.002896163699397876,0.003250776856534106,0.003241685782150692,0.003437125670235899,0.0034007676528345233,0.0033507732203860168,0.0029552746256149435,0.0031371324860129265,0.002841596666057543,0.0040277582548857134,0.004468233884860304,0.004699746366005806,0.004949356634906809,0.00518529451174376,0.005997039922226398,0.005239733809671705,0.00518529451174376,0.0050310337381377,0.0051626105962267535,0.005171684224180809,0.00441829279263835,0.004540871021536211,0.004477313815489877,0.004468233884860304
2018-07-27,0.0,-0.00014687326866157384,-9.346231139088346e-05,4.450279255765188e-05,0.00045828393493569714,0.000480525383655655,0.00010680337508817601,0.00031592694785893057,0.0009786042327175545,0.0009163579419093141,0.0012231057287287951,0.0015030976419026457,0.0015297594501971583,0.001516428634906183,0.0013208895909137606,0.0003871079745863939,0.0006006206593851864,0.0007963005810261973,0.0011519841864280967,0.0013120005439971644,0.0013742222131581062,0.0016141838204523518,0.0016675008032569266,0.001378666469956123,0.0010186176594504182,0.0012808882575305362,0.0012453301733964359,0.0007785130794136617,0.0006228589425906767,0.0007651722455669899,0.0005917252076296843,0.0005516946954785246,0.0006273065398873975,0.0007029126675777264,0.0010630751447646162,0.001214215812560498,0.0014631035965663966,0.0015342030158028205,0.0014808789252992029,0.0017563561246385926,0.0018940662716507603,0.0016097406102329977,0.001551977080776457,0.001698601063835373,0.0017385856919724415,0.0015964108611210056,0.0012986668254674311,0.0012231057287287951,0.0012231057287287951,0.0012275506571765298,0.0015208722597489042,0.0014453279518654408,0.00139644329963686,0.0016630578299305682,0.0019073920537079029,0.0022937625078365,0.0023470432708296313,0.0019251594868915695,0.002533503588618774,0.0030128133916918695,0.0031326049545159465,0.0027110525260110054,0.0026977374491272245,0.0032568180866654893,0.0036914425868147483,0.003731347612858184,0.004063827584002777,0.004130310315137969,0.004125878270569359,0.004201220356915823,0.0039929077986828486,0.004010638216544789,0.004143606330986906,0.0039929077986828486,0.0038643528667617836
2018-08-03,0.0,0.0003357810032520213,-1.3256826713565625e-05,0.0008878072848883098,0.001443941548264329,0.0007111920275203396,0.0011835679769170767,0.0011526716979301636,0.0016513092803823906,0.001748360254276654,0.0013909897035421386,0.0011659130772406837,0.0011041184736554819,0.0012541844588335675,0.001289490829871692,0.0015277762351355317,0.0018321694252547691,0.0018586340200392236,0.0017439490507018874,0.0016954245270600344,0.00138216412348077,0.001333622040795238,0.001276251086810797,0.001240944248313823,0.0009937614686325981,0.0006317049838664839,0.0007244392538824955,0.0010732197398388885,0.0010997044272771693,0.0010379057320928186,0.0007244392538824955,0.0007465175745180555,0.000658201367111907,0.0009849323820897726,0.0010688055570697238,0.0010290770352966334,0.0008745622225370032,0.0009584446547352671,0.0007332706406311191,0.0007818418736655815,0.0011306023427737123,0.0012365308058508418,0.0010555628918507464,0.0010070049522870037,0.0006361210964951695,0.000658201367111907,0.0009452005279534806,0.0010334913934380728,0.0012585978233840265,0.0016733671469905862,0.0015189518622176347,0.0019865363557542365,0.0019733058382423695,0.0018586340200392236,0.0018101150612465536,0.0018630447177453676,0.002281972313340962,0.0022422919606213416,0.0024539023162109424,0.002484758418779181,0.0027007244820945638,0.0028108932828423234,0.0032118052527908064,0.0034980725711659466,0.0034452293877039863,0.0037974645435334274,0.00335715120945613,0.0032470425761673945,0.0032162099861173877,0.00409236605076867,0.004576344184404575,0.0043255847559658,0.00391631591123445,0.004637924601851283,0.004611533458717423
2018-08-10,0.0,-0.0013862553714125833,-0.0012641179666804485,-0.0020015312504088494,-0.0018749542204788488,-0.0018094896291618863,-0.0015302221807677048,-0.0017963972251562644,-0.002774435114759245,-0.0025079996484387943,-0.002896757136370472,-0.003180776670084512,-0.002735120499545882,-0.00245996146243887,-0.002346425831779339,-0.002197975608176352,-0.002136855450292614,-0.0028443315806475577,-0.002809382737013964,-0.0026215536260073375,-0.002809382737013964,-0.0030365720565979273,-0.003469248296966876,-0.003801530862622404,-0.003499848654119184,-0.0034473914722818032,-0.0033643398950191044,-0.003469248296966876,-0.0034386488761678847,-0.003836514398499301,-0.0039589664127693165,-0.004072685282351444,-0.003687842822481671,-0.003512963379551587,-0.003377452843400203,-0.0032419606678660874,-0.003067159176364217,-0.003115226540599486,-0.0030584199038211496,-0.0032944070742064358,-0.00308026822838334,-0.0030977472317309084,-0.0028749128208066417,-0.002791908773219456,-0.002909863954756063,-0.002848700271984316,-0.0023638920128865094,-0.0025909801327867743,-0.0024948980961229847,-0.0026259213442020287,-0.0027700667478512803,-0.0025516727292321587,-0.0024337597881504314,-0.0027482251995467567,-0.002813751275672124,-0.002809382737013964,-0.0027700667478512803,-0.0027176478333477264,-0.0021455866727075217,-0.0012946509193720477,-0.001346995293018155,-0.0017614849857945055,-0.0025647750254098947,-0.0030453111382079553,-0.003477991160604546,-0.003687842822481671,-0.003700960013654133,-0.004112052519629302,-0.004370165018738304,-0.003775294013841286,-0.003665981219544371,-0.003775294013841286,-0.0037228223813056747,-0.00418641708538544,-0.0044357974639423
2018-08-17,0.0,8.297541093955013e-05,-0.00018344376408165159,0.00097779880851297,0.0013311426004272945,0.0011435805790057038,0.0012831649667185236,0.0007378028218393856,0.0010912314100368623,0.0013093348704584708,0.0011741163287370205,0.001304973267394786,0.001836948477687004,0.0018413077611080899,0.0016015189485049034,0.0014183687648428405,0.002076680850333101,0.0019720774279625344,0.002128978458601235,0.002264067955598135,0.0021769155303088773,0.0024819157941022166,0.0024470633289402264,0.0024209231829023727,0.0025124107047217676,0.0023381415455651284,0.002499341571183312,0.0022684253774859953,0.002738915218356889,0.002747625905935243,0.0025733977362841537,0.002364283855588133,0.0023860685918956487,0.0023904254822088512,0.002403496039254436,0.0025472608924807178,0.0025472608924807178,0.002691005080344672,0.0027171381674478213,0.0025690416430898012,0.002264067955598135,0.0018413077611080899,0.001675641630297627,0.0016930814628755837,0.001754118481846425,0.0021507683215220646,0.0022248503041640494,0.0019502836710012957,0.0018718222129727687,0.0018195111539668777,0.001549193747368251,0.0016930814628755837,0.0018020735261814124,0.0019372071888363,0.0019851534541584013,0.0017148808258990544,0.001836948477687004,0.0018936176799524045,0.002120262380487512,0.002303284069068573,0.002477559302384902,0.0024819157941022166,0.0028565030991016343,0.003035036037814164,0.0030306819550997817,0.0032744813964393975,0.00321353710820617,0.0025690416430898012,0.0025559732496525213,0.002969722806418839,0.002730204454902017,0.0025733977362841537,0.002246638078173399,0.001832589175262705,0.0018020735261814124
2018-08-24,0.0,0.0013511852985035276,0.0017048683504206187,0.0019592702593758528,0.002575603098608902,0.0022998087877039316,0.0022179177071053177,0.002023938393313159,0.0019377132853705735,0.0016186157250528655,0.0016919309308751494,0.0015280424609246434,0.0013253011387450938,0.00046211220647415156,0.00043188709415304213,0.0005700515791921377,-0.0007605746161876666,-0.00036725074348982484,-0.0003499653310811284,0.00034552459615047674,-1.7279364119874147e-05,0.00044484082558359785,0.00039734298996472317,0.0001036699150833374,-0.0003370014678496155,-0.0002981108864954082,-0.0001339228822206457,-0.00039750093417639044,-0.0006914075604286721,-0.0002203342609247523,-0.0003326802174526385,-0.0005790212973697978,-0.00044503879701263273,-0.0002721846724989199,-0.0001771276382069031,-0.0006179228052403045,-0.0014005967793418452,-0.0012102771282633087,-0.0014957701896932975,-0.001980429855591124,-0.001880882363781123,-0.0017077798910128243,-0.002079987258090955,-0.00243068139794927,-0.003223443478729478,-0.00261690234747801,-0.0023440788171382398,-0.0020886448919595836,-0.0015303809484510879,-0.0014352042441754397,-0.001417900362048898,-0.0010113453050026088,-0.0014481823522701502,-0.00150442276707964,-0.0012146021726492612,-0.0008124530477412977,-0.0009205417584130649,-0.0009378370363702757,-0.00043207370121122005,-0.0004969008612208692,-0.0004147871682843332,-0.0004234303973946935,-0.0008989230816049563,-0.0009724284896903733,-0.0020020719260455642,-0.002045357472142771,-0.0009594565544720586,-0.0006222452884205151,-0.0005876659461161835,-0.0012924561704913478,-0.0014957701896932975,-0.0011800023413197883,-0.0011021570976248894,-0.0012405528317973034,-0.001387619288799032
2018-08-31,0.0,0.002378152920478528,0.0025960099345206703,0.0043840603482809114,0.0043456871174420994,0.004307312414041935,0.004332895713265406,0.004213501383501427,0.003863764535586489,0.004149534271104362,0.00396613920135875,0.002801008483165547,0.00233543029285964,0.0014078994458044786,0.000672102013566327,0.0005950686538037534,0.00048806803095795514,0.00046238617775398716,0.0007919198905368838,9.42071187020886e-05,0.0002483450810464619,-4.282352638978203e-06,0.00030828120627974875,-0.00023983999361195787,-0.0020233116328479644,-0.0018860085231458192,-0.001877427704707257,-0.0015213886567609944,-0.0011697636740425842,-0.0012469390551344212,-0.0012640899486962675,-0.0014356150646818965,-0.0009639917714697013,-0.000265540547888578,-0.0009725647554254611,-0.0007411199818296243,-0.0014613463698180276,-0.0011569016895668074,-0.0013712896983803975,-0.0015814345489966535,-0.001332696464627178,-0.001204063108105361,-0.0017358548298336378,-0.0017701736863326727,-0.001667220649985214,-0.0023237279262536188,-0.0019074608913808948,-0.0017272752997344017,-0.0013712896983803975,-0.001122603873048224,-0.0013755779274062189,-0.0016886683251653466,-0.0014785009410828085,-0.0014184612290839649,-0.001431326578196015,-0.0012555144651460895,-0.0015771454371215183,-0.0012598021977289805,-0.0003597815650759933,-0.00017559149754010648,-0.0005011597455171886,8.992516947318618e-05,-0.0005268670168202102,-0.000715407202148242,-0.0007582622022618391,-0.0009982841482776633,-0.0006425579165745589,-0.00038976920588627617,-0.000436894458389938,0.00010705285637958182,0.0008047566687623648,0.001194060653777598,0.0009288370302095209,0.0006507044533152689,0.0005993484405847504
2018-09-07,0.0,-0.004300541160238057,-0.004261440900650755,-0.00408333683962467,-0.004735091385872238,-0.00539162028476801,-0.004100711449239204,-0.00314555592507207,-0.0029459568581859325,-0.002854848788768031,-0.0027984527147873425,-0.002382087834354071,-0.0019138844694765204,-0.0013809197213608103,-0.0016668654889288883,-0.00208293262042723,-0.00016439825947914946,0.00014707027390226723,0.00028546959942644094,0.0006659690094870391,0.0003676351370839045,0.0004670896507794118,0.000704875562436019,0.0005492402674956649,0.00020329731003863554,-0.0007703093735469633,-0.0011340323418991191,-0.0002422805534116498,0.00020762233571858544,0.0002292471835344116,0.00012976901134223164,-8.651866207579301e-06,-0.00026824266603692784,-0.000549542098152246,-0.0007616509150988669,-0.0006187971732783844,5.623530583756266e-05,-0.00019901186349437057,-0.0003894081046092133,4.3259050332947085e-06,6.488661067065242e-05,-0.00065342650952398,-0.00034613304834496485,-0.00021199227389194912,-0.00026824266603692784,-0.00011680651014897588,0.0007308124234722695,0.0017763721307418213,0.0018238716071770026,0.0015949897372926453,0.0012710107542151143,0.0008950635898086229,0.0010679304136382664,0.0012191643750248784,0.0011932401773771687,0.0011241056978243656,0.0009512485854042466,0.0013055735137092101,0.0014308535038505522,0.001474049861540311,0.0013314947994063852,0.0012882922832849835,0.0010679304136382664,0.0014481322708381386,0.0014783693946852784,0.0015561178008821979,0.0030623794284859508,0.00362718190276235,0.0035926992927700243,0.0038426712799697928,0.003295237416351275,0.003295237416351275,0.0032434958825482917,0.002415267036998207,0.0025576676965971194
2018-09-14,0.0,-0.0027560600578639496,-0.0028390340193723868,-0.002598865113977662,-0.0030006346521504086,-0.003389456679229224,-0.0027473263571328307,-0.002795362655115658,-0.002345658557194456,-0.0021099721412429122,-0.0014468566083300789,-0.0018001726575703257,-0.001926698880298619,-0.0021361567778452285,-0.001961605483322445,-0.0017390967620258763,-0.001464301384710288,-0.001656214012713959,-0.0015820615858238261,-0.0015907851153638749,-0.0017783594095113651,-0.001630041940058856,-0.0013073093517334468,-0.001329112326968331,-0.0014381343342586752,-0.0015079146571082955,-0.0018481634782442282,-0.002393675563954392,-0.0029656917619328357,-0.003039946863183323,-0.0029700595564369848,-0.002961323986506455,-0.003053051276968448,-0.0023325634100374738,-0.002140520950605516,-0.002668726482852247,-0.0020794242650816652,-0.0018917934957031965,-0.0015602530949051989,-0.0015253604986742106,-0.0013770805458522173,-0.0014861077831446006,-0.001390163186714256,-0.0013858022874096794,-0.0012201022041804,-0.0007405987861596498,1.3064466610642967e-05,0.0003265604721042439,0.0008314307398768095,0.0008792931398371695,0.0009837122434069902,0.0005050351237360827,0.0009837122434069902,0.0008357819618086307,0.0008966970809599589,0.001118570783528454,0.0009793616651064476,0.0005180929940411154,0.0005006824624102093,0.0009967638647448039,0.0014795541408968397,0.0008836441535145031,0.0005572655819397437,0.0006007888799680854,0.0005572655819397437,0.0011533700353480397,0.0011838183873331917,0.0010228665963973105,0.0010098153157400212,0.003612348496257496,0.0034127277749639385,0.0030567832811830074,0.003191362558348145,0.0032391121421761417,0.0032825188763037287
2018-09-21,0.0,0.0012720456471504568,0.0009850933653455572,0.001183761407154217,0.001197004540038245,0.0021191780225277754,0.0029303403655924916,0.0024763468679732735,0.0025072073236083814,0.0026085992586280943,0.0026438636090184192,0.0021456393493003074,0.0015324387539419242,0.001082224894757865,0.0004241950300231187,0.0008305464854499082,0.00041535946865564843,0.0003490902698921182,0.0006848089761110595,0.001205833197861618,0.0014132842214054123,0.001797175783373943,0.001973628207846928,0.001563328352313484,0.0014750698253792737,0.0010645653184108218,0.0003269995610226316,0.0006053068361366147,-0.0005879843579886798,-0.0008710474564120868,-0.0006233628637811521,-0.0012338391869700354,-0.0022476990468272024,-0.0017207178177477567,-0.000994912761898398,-0.0010878218106429383,-0.0008179670218477828,-0.0009108596314228045,-0.0017871287286420194,-0.0021945454906202883,-0.0033113639154320725,-0.0073948067861412,-0.009337956904194507,-0.01035560515355646,-0.011705139054265559,-0.014181036152335855,-0.021989022824661843,-0.016339570264831196,-0.013674612856797478,-0.012644631350189079,-0.013226664452962309,-0.010855882103010233,-0.012156879941590112,-0.012429812423815675,-0.01368357387190135,-0.013011720471909648,-0.013374465244637443,-0.015091450139619,-0.016141922275256036,-0.01729691888698259,-0.019236897214923998,-0.019755161536815998,-0.020557874569437865,-0.02210649500422219,-0.024843886058558945,-0.02222398098511668,-0.021785738196119436,-0.01827769044584574,-0.016375510460349706,-0.01664060930108381,-0.014620442870670845,-0.014400715376720585,-0.014396231644820833,-0.01213898533189351,-0.012031624397750226
2018-09-28,0.0,-0.0010972669182244172,-0.0034090916315618666,-0.00721775227200447,-0.007194930027618377,-0.0065378727989366305,-0.006702096636395527,-0.004505555531946741,-0.004519212038931041,-0.005065625304868933,-0.006761406317349679,-0.006738594485307589,-0.007313611386568023,-0.00697129959195349,-0.00558955166647657,-0.0044008618405564645,-0.00419605805324607,-0.0036683127417976927,-0.0033136060532218165,-0.004255219283543902,-0.00442817218161865,-0.003950348862486134,-0.004350794819010344,-0.0037911251460047307,-0.0021003693573569235,-0.002300202225078513,-0.0024773602027612696,-0.002091286993944231,-0.0008341758690603048,-0.0010791204855859218,-0.0005258124149414641,-7.250941492618146e-05,-0.0008613889748935993,-0.0012424502351015964,-0.0018143145282310661,-0.002073122514583075,-0.0032272221951286074,-0.003768380970218507,-0.0025773093196577645,-0.002663637051586414,-0.0037638321971364187,-0.004514659849214075,-0.004378103792740766,-0.00446458712995917,-0.00442817218161865,-0.0033772620923827315,-0.0034909436704054163,-0.004091396757580277,-0.004141450793197252,-0.005334388018621384,-0.004009495557681934,-0.004136900322792466,-0.0031408457985617868,-0.0034454694883644258,-0.004519212038931041,-0.005284274237548989,-0.008396087484822649,-0.00895376864279695,-0.009077231925202364,-0.009616991150807186,-0.010326439893143123,-0.009667322537241733,-0.009557511869024928,-0.00973596032877905,-0.010647001152854692,-0.010679062931324371,-0.012425692175484004,-0.012586296783345934,-0.014147799633478043,-0.012370633675814298,-0.009717656457052025,-0.007167544021865646,-0.006670162111293448,-0.007582979036229035,-0.008821176908554395
2018-10-05,0.0,0.002236823979040887,0.0013256016441988917,0.000831675969969804,0.0011546549791420905,-0.0004232321205996925,-0.0007895438178883745,0.00026621157321883706,0.0003755279420279286,-0.0004945810191219411,-0.0012178704949109432,-0.002646952553059806,-0.00322392745635313,-0.0036532983392002366,-0.00396351422808225,-0.004183109791224914,-0.005042860611988643,-0.00436455120047192,-0.00377737314692425,-0.0035101542262345915,-0.0032334670288850244,-0.0024944197939707185,-0.003190539669125837,-0.003624667877341346,-0.004579458612022882,-0.00489473971639865,-0.0052101202542996425,-0.00435500083182755,-0.00398260758025496,-0.004913850857238808,-0.005396528244572501,-0.006467852723973049,-0.0061042389734535275,-0.005061974583824699,-0.0059655264644718105,-0.006510921003952319,-0.0066209928139550735,-0.006702358026542663,-0.007123648522140904,-0.0074972135339803755,-0.006439141567772838,-0.006420001254923816,-0.007473262872342258,-0.007114071766841226,-0.0069177684920159405,-0.00779424940564111,-0.007885294192551242,-0.009117609782892189,-0.009506319918004498,-0.008810587607723,-0.008954492515608379,-0.008834570320984376,-0.00863313340363101,-0.008422147764257008,-0.008609155520828901,-0.009040845401527447,-0.008402969458755802,-0.006874682686627777,-0.005955960793750753,-0.00592248166678759,-0.007252943696019531,-0.007061401252022726,-0.005578189971814769,-0.0033861125671616112,-0.009544719242181046,-0.006439141567772838,-0.005434770076361063,-0.0054252094813094865,-0.0071906883773598385,-0.007904462572392466,-0.011341535422280995,-0.016147278774981393,-0.019200804918845855,-0.021729067224824032,-0.022088686809500074
2018-10-12,0.0,0.0013954318719381924,0.0012848307547542255,0.0020587818133441954,0.0029089565826622013,0.0026160401169819415,0.0022461705518292143,0.002956967490749809,0.002942564460351943,0.0034081573917503394,0.004803636936581998,0.005670634330023669,0.00624502513258755,0.005459941677150412,0.005412050791734721,0.005699361707216149,0.004679034107936838,0.004170877220345023,0.005531773705167163,0.005129447873296028,0.005431207421126394,0.005004885637530113,0.005033632146029344,0.0052971033082396726,0.0058142629640750045,0.0067138663379645675,0.006680384969147373,0.007039055596194705,0.0069721135106369705,0.006646902479290586,0.007101212091926984,0.007177707091103828,0.00722073295682658,0.007072524958582618,0.006747346585817235,0.006355079035186027,0.006465120827256046,0.00676647765275723,0.006589501316901425,0.006422062437680944,0.006316800790621814,0.0070964309601854935,0.00773212090829674,0.008333980960570283,0.007994882148226115,0.007727342792069268,0.007488407867248224,0.008061755804807141,0.009088182807359763,0.009536615447412295,0.00958430921527676,0.010018218001108256,0.009655845602290391,0.00897365713439609,0.008978429299312581,0.008558391585206368,0.008462903857693844,0.009369669344381291,0.009154983393321048,0.009608155246225304,0.01039475543409229,0.009899031046694477,0.009684458724270343,0.009188382013006962,0.008419931405416652,0.00774645511999898,0.0073306795372403265,0.006771260362305907,0.007741677072261488,0.008978429299312581,0.009565231981093564,0.009498458795272488,0.009240863304631381,0.008362631929691094,0.007975774567770872
2018-10-19,0.0,0.001753306009737323,0.0034939085239352324,0.002250241184398574,-0.0005222386749383321,-0.0014852266249038952,-0.000812489163145566,-3.8674994686991705e-05,0.00020301918601029379,0.0006620772552523607,0.00040599716359688046,0.0019366700651059735,0.002423869042459734,0.0001015147451040961,-0.0008899035235480409,-0.0010060363021553473,-0.0013641972945082916,-0.0015723768137845923,-0.0031472298905431866,-0.0031908765177568956,-0.002521837484917998,-0.00346734940456104,-0.003350930451423942,-0.0033218278307309635,-0.0019065229162220831,-0.00043034358037886234,0.0001981858748297127,0.00021268573828955162,0.0006524150460847303,0.0009084320508766788,-1.9337310373983084e-05,-0.0009334517350540787,4.834164004792812e-05,0.0002803489879880615,0.0006572461623384422,1.9336936449863304e-05,-3.38405385510748e-05,0.00027551605055270705,-0.0014077661660088056,-0.0019016794216408187,-0.0013254710022555045,-0.001310949029300038,-0.0017805996807972954,-0.0013157896635198573,-0.0006286540723793454,-0.00034812881117459604,-0.0014997511289530441,-0.0017176440088336662,-0.0024346045146770657,-0.004098187712513,-0.004442890579630067,-0.004438034784602962,-0.00548743439118652,-0.005613825298987438,-0.006688793481787835,-0.0076187702020165775,-0.007657740983677946,-0.007657740983677946,-0.006007684025496617,-0.006007684025496617,-0.006820203683788967,-0.005774267536479779,-0.003472200488414374,-0.002667242680986507,-0.0021584169670415885,-0.0029629651306569606,-0.004525442702844818,-0.005521461141076135,-0.005608963814824792,-0.0037875714278982576,-0.0029775111141476032,-0.0035789302874756784,-0.0028950866718598753,-0.002793277621916921,-0.0022456258468987046
2018-10-26,0.0,-0.0052745219836886955,-0.006536602596420234,-0.00797951095341873,-0.009668864691664163,-0.008756558213079173,-0.008049221306928114,-0.007715651484435948,-0.007491674498379166,-0.006934438375060204,-0.007581259273008922,-0.0059500835699289635,-0.004316603323592584,-0.004376136287508368,-0.00459941647281579,-0.004331486232308478,-0.003250571216885492,-0.0033100407486796658,-0.001116965134365449,-0.0012109261603899923,-0.002507500318503255,-0.004584529576014025,-0.004539870215280498,-0.0037214685327980105,-0.0037165105639787232,-0.0048376369668602995,-0.005041161920466554,-0.004202508381595203,-0.003929725423382857,-0.0034091644948454104,-0.003201015975169674,-0.0035529113816096243,-0.0034389035347722544,-0.003711552619740658,-0.0026263545637206995,-0.0011911441580551877,-0.00033594680499544937,0.0005530782401003293,-0.0006917782434919496,-0.0005632689511047706,-0.0005780961035750623,-0.0009340137321754553,-0.0008697414550112342,-0.0005583266158018525,-0.002403514440682178,-0.002755129272545838,-0.00300777399349118,-0.0028244763696547025,-0.003349689068091709,-0.0026114970105117624,-0.002151022317342421,-0.0038255915567237727,-0.004778076522918756,-0.004926984284762867,-0.0038503843509473785,-0.003344732942196246,-0.002878966748401014,-0.0029136439899785844,-0.0014087677097388914,-0.002869059185958524,-0.006074317358200588,-0.006198566582424049,-0.007178190972356587,-0.006362599200429225,-0.005056055616710058,-0.004822746523298477,-0.005726501637398755,-0.005105702872964624,-0.005701662285903329,-0.006939412324002571,-0.008641955597522729,-0.007556373808358747,-0.007904826681144984,-0.009105429617635356,-0.009444449852413231
2018-11-02,0.0,0.0015210578812652892,0.002259295527285274,0.003372764812553979,0.003363253232204908,0.0033109379230687034,0.003948047180326217,0.004266449658001286,0.005444132702992518,0.0053587023713759716,0.005311237922239395,0.00516408381127109,0.006672572904620961,0.007359651355729479,0.007918442865273788,0.008604666132453972,0.008476922301242685,0.00819772157066756,0.00807465921102827,0.007710116435945435,0.007534899249058824,0.006947460936874196,0.007738527141101041,0.007714851609525031,0.008013122351613526,0.007998921000117896,0.008069925740897679,0.008050991636314517,0.008079392658753227,0.009441694023139373,0.01003711778396132,0.009819781942535607,0.009158034242775502,0.008642513022863275,0.008680358480939673,0.008576280024613029,0.00842487383938125,0.008207187278773733,0.00824978185649053,0.007752732190996624,0.00799418717146832,0.00859047317925489,0.008704011164929122,0.008453264245318637,0.008633051434546228,0.009096564016805832,0.009488962831406822,0.009517323043921463,0.00961657745432527,0.01029691386911457,0.010466925675899474,0.010466925675899474,0.01035358768299403,0.009933180448632001,0.010773818249383248,0.011212746987147418,0.011792969893926314,0.012141884960223509,0.011708080250411639,0.009815056725707249,0.00869928067288702,0.008183522840507202,0.0069995863506312735,0.007776406825757334,0.00828764218029539,0.007946847652429152,0.008968883011073443,0.008363358527964299,0.0069995863506312735,0.007823754413879882,0.008311304154793649,0.008145658574430562,0.00740228204841374,0.006753151363198665,0.007743262180153246
2018-11-09,0.0,-0.0037376517098908013,-0.003591091732321761,-0.0023202304229335688,-0.0023485591685859114,-0.0030239652053745897,-0.0033358449924220292,-0.004290991032146193,-0.0036147289855795045,-0.0028019282754693296,-0.002225807066301966,-0.0018859567859586012,-0.0016547358202652414,-0.0018623603603440382,-0.0013952657510406497,-0.0017302306654186136,-0.0007869545032812267,1.413124630538186e-05,-0.0001978584188146149,-0.0006313994187910462,-0.00012247916691797756,-8.479167162455485e-05,-6.594845659458853e-05,0.00041443359765815676,0.0003626387898404075,-0.00023555017563176107,1.884161736483038e-05,-9.892431591318949e-05,-0.0006879621044025089,-8.479167162455485e-05,0.0004473925331816307,0.00026375034299141987,8.007442215250422e-05,-8.479167162455485e-05,-0.0002968023106413348,-0.00038633141119273797,-0.0003486339708445742,-0.00044288023640603406,-0.000923674404490178,-0.0010462667614817226,-0.0012066025237738303,-0.0002968023106413348,-0.0010651284580919524,-0.002603553999239054,-0.002353280704218129,-0.0020039472666235074,-0.0022399700014288683,-0.002055867488853833,-0.002126672136500432,-0.0032082460499022287,-0.0024854927536502418,-0.002551605333953985,-0.0031090136830580436,-0.002712182657002618,-0.00272635248235997,-0.0027405225085037842,-0.0035154562762746812,-0.0039882717593878155,-0.0038369464806843607,-0.0035343646039755327,-0.003156265962989382,-0.0034020138174768824,-0.0034540066802865197,-0.002367445444873758,-0.002660228348443851,-0.0031846184027186997,-0.003170442082371436,-0.0029767191763946073,-0.0021172312271519433,-0.002589385913795827,-0.0019001149085918776,-0.0013622471167354837,-0.0019095537683774934,-0.002433550220968002,-0.002868061780144025
2018-11-16,0.0,0.0010324906937118046,0.00019719420876339005,0.0011497517568410751,0.001646785973342569,0.0016420981254164214,0.0024527690350990452,0.0035903483611430128,0.0037915137174044725,0.003655848501523944,0.0036137417609303363,0.0029912909226378825,0.003520164878095102,0.003534201968767919,0.003819580085010462,0.0038944198811068707,0.004376067030112007,0.004329315337692302,0.003646491601277716,0.0028461527016373158,0.002401243046081347,0.0020920313460454534,0.0021670005384282296,0.0023497144019992994,0.002574547183565804,0.0025230274690674495,0.0013607870263073522,0.0012998258562092308,0.00101372764753056,0.0008542275392953677,0.001304515308926586,0.0015624013481711978,0.001942076098033635,0.0018624032254330885,0.0018624032254330885,0.0019139569854709764,0.0027337731583418935,0.0028461527016373158,0.003103641531556139,0.0027431386026621277,0.0030240611541626464,0.0030100169007198185,0.0028695635169669227,0.0022513341622940226,0.002274758906789544,0.002565180160171743,0.003520164878095102,0.003407861058711356,0.0037119880644921875,0.003927160530730981,0.0035669544140917333,0.0036371346134790867,0.0033189449229481115,0.003192576812474636,0.002138887749918666,0.0020873455849021935,0.001646785973342569,0.0016936632439688722,0.0011732023195384742,0.0017264760259568072,0.0020826598018022515,0.001712413536942896,0.0014920753873137777,0.0013795435617881585,0.0012857573661094778,0.0006900096734300739,-2.8173775851412276e-05,-2.3478091420032414e-05,0.0008542275392953677,0.0025370785635308465,0.003693275227017388,0.0037400566641515916,0.003814902411778525,0.0038570006831829405,0.003903774461811319
2018-11-30,0.0,0.0002656930710966578,-0.00010538059586443482,0.0001374362641488841,0.00014659801019468384,0.0008151788578199412,0.00043057051257231073,-0.0005361819847579253,-0.0008708685859762423,-0.001210254301095284,-0.0010497196745782754,-0.000609528367668045,-0.000357422711144544,2.2907355782008197e-05,-0.0010726516148736724,-0.0008341851366273557,-0.00044909014177073244,-0.000609528367668045,-0.0010955840810550144,-0.0010222020403594216,-0.0010634787756507063,-0.00047659200960751305,-0.00047659200960751305,-0.0005636862479204168,-0.000655372589011958,-0.0003390902333263132,-0.0008387704942049871,-0.0010405470457029344,-0.0016323539779411022,-0.0021831866672630787,-0.0031892391449385065,-0.003419073481361297,-0.0029089127696757724,-0.003244394568339354,-0.00376392406102412,-0.003460449272391767,-0.0037409303222181917,-0.0029778381992808856,-0.003170854679811005,-0.003391490571730275,-0.0033685053948698286,-0.003308746407445079,-0.0034880340841962165,-0.004384954946218017,-0.004375751673534233,-0.004407963498497906,-0.005057022730674704,-0.004306729828092672,-0.004918889736008062,-0.005208991066292201,-0.005328739962212354,-0.005618960232219502,-0.0055037833780327,-0.004720932379059116,-0.004974140644208967,-0.0049465148085257125,-0.005278075217724478,-0.005651212128749055,-0.0053517702401198386,-0.005232018586482589,-0.0053057102146864665,-0.005992224385453381,-0.0061212863814842184,-0.005586709375841234,-0.0040168900890357375,-0.003345520746315594,-0.003474241583178873,-0.004053690479124057,-0.005278075217724478,-0.003796116183614558,-0.003046768379928203,-0.0036121751545897377,-0.002738917019160357,-0.0022887975921225354,-0.0020821779574716087
2018-12-07,0.0,-0.0010517864904144624,-0.0011504482146786914,0.00011731829169859763,-0.00026284292939559125,-0.0005022778640963964,-0.001188036194047315,-0.0016062977828187382,-0.0017990389625682694,-0.002358668962995137,-0.0013994949075215864,-0.0016627059902277024,-0.001296109505448235,-0.0004834965815220024,-0.000492887178717183,-0.0011410514405911945,-0.0008404012823641648,-0.000929647364403095,-0.0008685833951791656,-0.0012162281057896194,-0.0013712978287371642,-0.0012726143137381522,-0.001188036194047315,-0.0012632163916186919,-0.0015921962281218633,-0.0017661293019343525,-0.001554593054409684,-0.00185075633185817,-0.002222259678485409,-0.0028715461919020147,-0.002956266825662998,-0.0028903723791290576,-0.0023774854970840284,-0.0023539648847943797,-0.002504506363960646,-0.002513915958924672,-0.0012632163916186919,-0.0008263105237880414,-8.447769324600002e-05,0.00021116301628644506,-3.285158825998794e-05,-0.00023937200165916788,-0.00043184987316662596,-0.0006525408245593276,-0.0012162281057896194,-0.002495096857536153,-0.0025891959062642575,-0.002038842043070991,-0.002570375388134894,-0.003365851103352974,-0.0032905126689441815,-0.003912224563195654,-0.0017379218833814877,-0.0017802333095882634,-0.0001267192162000287,-0.00123502315517422,-0.0013290037012704172,-0.0007464666420178574,-7.978430083856185e-05,-0.00019712571991261355,-0.0003661215564451277,-0.0010235992141491858,-0.0010376927529665617,-0.0012444208123384413,0.00018770266076715617,0.0023109800539110547,0.002835246093480541,0.0022782042986026984,0.0017536460629532717,0.0029943439155798567,0.0031955196245255085,0.0036725653177120316,0.004527871422195488,0.00449516824788225,0.004668015771103914
2018-12-14,0.0,2.3179859484824945e-05,0.0001298002931599567,-9.27209424162599e-06,0.0016305509500200309,0.0013759525544663382,0.0025650656024722293,0.0028054924537612926,0.0023939574455141407,0.0026899098363335656,0.0020007602150329084,0.0024587045157317897,0.002722274315857855,0.0023939574455141407,0.0016490646686860783,0.0015796364562725958,0.001732372161317521,0.0015009453212511765,0.0013528040312252496,0.0013574337787420848,0.001195379860733977,0.0009314072567784618,0.0008341366243270357,0.0005283673109909874,-0.00046371005968827374,-0.000834832989138772,-0.0007698765331403259,-0.0010065239365753037,-0.0008116337704874314,-4.636133094936109e-05,0.0005144664841233658,0.000986986227562824,0.0013481742622737532,0.0010471932935749721,0.0004820304699505286,0.00047739666775374883,0.0006812636545181992,0.0007322239078478684,0.001195379860733977,0.0005747020050280936,0.0019822530064746596,0.0017925343679003596,0.002324580932211055,0.0018249279030789678,0.0010518244562053108,0.0015055743829636287,0.0016536930447972936,0.0015055743829636287,0.0016166654360821218,0.0012879853152613621,0.0018526929552098396,0.0022644507271719957,0.0017601397833464153,0.0010471932935749721,0.0008248722610896001,0.0005747020050280936,0.0009128802467131463,0.0013528040312252496,0.001088872985151371,0.00020396432549233602,0.00018078865623603654,-0.0005054545140596128,-4.172510113155489e-05,0.0009453022890729359,0.0006905293482868582,0.0009638286984702698,0.0014963162381106344,0.001246313921972215,0.001135181716207767,0.0013111353389910437,0.0022135684987045832,0.0025234473940377493,0.0027731306674804606,0.0021395533625755123,0.0019729992737501623
2018-12-21,0.0,0.0007991871550737524,0.001141500512060376,0.0017482482034777522,0.0005069870689871166,0.0006896221281206268,0.0002466744640486224,-0.00015077546591911846,-0.0013120511707747098,-0.0020396783831850077,-0.0033360745381350713,-0.004005544443872598,-0.004216566202833817,-0.007603588014253486,-0.007285998378814415,-0.00837266472265789,-0.009884910510999947,-0.009483573638669987,-0.008948708241392132,-0.008768947046740479,-0.009317550312011383,-0.010711156562367421,-0.010397194964678901,-0.010083331907937714,-0.010369497202656166,-0.009746500290568325,-0.009538920873397945,-0.009585045909153026,-0.009700367807294701,-0.009820316690760682,-0.011052932693093577,-0.011025216762899083,-0.010974406219238463,-0.01081275348129739,-0.01110374722698518,-0.01162590063642692,-0.011274687793214803,-0.011145324675383083,-0.009442065222832795,-0.008685991239095121,-0.009280659982346036,-0.009631173072525165,-0.009783407809556773,-0.010041798590135027,-0.009843385433307561,-0.010175634346172151,-0.010304872074537574,-0.010189480446764416,-0.010489526379123265,-0.010738863789337472,-0.010761953731590496,-0.010886648633347108,-0.01122848475859127,-0.011149944498582537,-0.011510356481099408,-0.011089888461662463,-0.011880144781513672,-0.013846941273684122,-0.013888632936052584,-0.014254667694907621,-0.014338086764555261,-0.01449567510705212,-0.01554844591592721,-0.015877954324853522,-0.01590580508193187,-0.01566909836740646,-0.01602650065997801,-0.01548812514862875,-0.0151030860020914,-0.015070619599018278,-0.01726214688356734,-0.01764801841173443,-0.017587570867397276,-0.01755037419463541,-0.017057648855796005
2018-12-28,0.0,0.0009957038050894512,0.0007100013668415499,0.0018477181796828024,0.002496604166495088,0.0032462104283863457,0.003485230447450698,0.002809391657545666,0.002685208335206412,0.003154264437396624,0.003264598612139943,0.003600123585469605,0.0042340962723749565,0.003958505357781677,0.003981474168434761,0.003930942088592292,0.003747167542687546,0.0038023034527195844,0.003420884523742907,0.0037150035245717976,0.0036920285925190898,0.0036276959744811566,0.003328954592671563,0.0035587635764564004,0.00345305800314665,0.0035082101311134433,0.0035633592174909873,0.003393306431777256,0.0033151643740735376,0.002800193421767244,0.002956551924539117,0.0029749454353092163,0.0033519378677433647,0.003420884523742907,0.0035587635764564004,0.004312166558633992,0.004206540598430159,0.004156019890670449,0.003903378059648378,0.0033887100091730816,0.0035587635764564004,0.0032921802538011624,0.0035633592174909873,0.0033105675922803627,0.0034622502357101784,0.00345305800314665,0.003485230447450698,0.003499018321016196,0.003940129929404027,0.004247873824609178,0.003898783980956296,0.004206540598430159,0.004651930930721233,0.004243281328288807,0.004215725907446961,0.003894189881158779,0.00447747175372623,0.004321350897499402,0.004316758738610817,0.0040090360448489905,0.003972286707481426,0.003898783980956296,0.004151426972490882,0.003898783980956296,0.004431556384925804,0.004739149107044592,0.004647340289661275,0.004335127247639193,0.003903378059648378,0.003301373965302318,0.002248144385794109,0.001985814294798145,0.0015898877293994455,0.0018477181796828024,0.0019213718142926323
2019-01-04,0.0,0.0006013355423663088,-0.00038243236776664997,-0.0015959907628312515,-0.00175479580195535,-0.003161788459211002,-0.005268964874330249,-0.003882411408076241,-0.0035360732287869727,-0.004926832165683909,-0.00551743595802835,-0.005259589815736037,-0.005386160523224334,-0.006732551391014625,-0.006887479150388586,-0.0071927101069337515,-0.006347683273995263,-0.0067231626012297565,-0.007765856791795549,-0.007436961969394126,-0.006305450670888636,-0.004125855962440888,-0.0028016716278081518,-0.00225472923244983,-0.0035781890332166567,-0.003685826370372828,-0.0037326288265742925,-0.0028156997260892777,-0.0023762461374702147,-0.002535175143283228,-0.002479079668770877,-0.0028998724485652964,-0.0029559915332777994,-0.003288093908055541,-0.002488428696004688,-0.002530500400218772,-0.002787643726311918,-0.0032459903191862927,-0.001581979764196944,-0.0007743440620155203,0.00026575099288523625,0.00035898022031558084,0.00047084382141485836,0.0016679327562178236,0.0012814809147144576,0.00013521547072104,0.000745788659426443,0.001099843522993904,0.0009461245721722007,-0.00032179308982176153,0.00035898022031558084,0.0012628529569434469,0.0013420193811072693,0.0010392903934264687,0.0002890591146011465,-0.0011850830245130283,-0.0014932479979330045,-0.0013624997441699204,-0.0013718383382444544,-0.0020958447878371834,-0.003629666314198188,-0.0025118016464901107,-0.002703480449505204,-0.0022453823898131785,-0.0016333543856124565,-0.00036843836186546545,0.0001072413560996429,0.00040559157484989133,0.0007923819882019683,0.0012628529569434469,0.0003310123647023952,0.0011603929861016314,0.0007830634961202633,0.0006292958387471286,0.0009181731331372714
2019-01-11,0.0,0.0004839880710755365,-2.76635376148328e-05,-0.00137949829369844,-0.0006595226310035234,-0.00013832534142301525,0.0003042484165673333,-0.000332012970000751,-0.0005995480509806508,-0.0008671547261343746,-0.001494927216159148,-0.00126408269353622,-0.001481075041944587,-0.0014579885113181145,-0.002243229713084539,-0.002571366017378242,-0.0026360816614831037,-0.0033528562989276907,-0.002839500955580006,-0.002839500955580006,-0.0024650565504201164,-0.00278401886241136,-0.002922729867502473,-0.003209460264276252,-0.0034083699622423067,-0.0029920925859939747,-0.0032372127307783716,-0.0036073192331479895,-0.005316210745421806,-0.00558044644520213,-0.005103018797708545,-0.0053811042737058725,-0.005566537562293897,-0.006387492838512826,-0.0069305284206872,-0.006280776927765267,-0.006364292758703501,-0.006132321559207303,-0.005983888226374624,-0.006415333644784475,-0.0062343822575766355,-0.00651742323312727,-0.006781976568854324,-0.0065035013119018655,-0.006935171021658068,-0.0068283966520474694,-0.0064060532899035665,-0.0062946957485629325,-0.006498860714564188,-0.007246274396388374,-0.0069862410549342184,-0.007130179728021664,-0.007144110376609833,-0.007181259721624665,-0.007571411188944816,-0.007655034882373531,-0.008012837421012504,-0.008366118757487188,-0.00872882679544652,-0.007817656529531598,-0.0069583843498236195,-0.006953741641081531,-0.007334515359293924,-0.006703067372410945,-0.006280776927765267,-0.005320845857788505,-0.005158629706729394,-0.00486207392195,-0.0051169212350376785,-0.0035888106544213027,-0.0032048349280721384,-0.0032742172175767898,-0.0034823929741800534,-0.004811112252063924,-0.005042777135947075
2019-01-18,0.0,-0.0010941546230028294,-0.0025013756857614994,-0.003143763186802575,-0.003488069172635074,-0.0028684037262357675,-0.0018960737729601912,-0.00225370788956446,-0.003286061954781265,-0.0032126149008931816,-0.0038967994737363716,-0.00486647980799224,-0.004871077688828999,-0.005800283330920479,-0.00507340537760342,-0.004921655773355742,-0.005418376506941328,-0.005229777543676639,-0.003143763186802575,-0.0025151368064673615,-0.002987716849903182,-0.0032080246391334682,-0.0035339855955701938,-0.0036855247515115135,-0.003965703056979624,-0.003892206070322865,-0.0037268575980416857,-0.0035110271205628972,-0.003671747515638154,-0.0035799041269199087,-0.003827900637869794,-0.0039059863438617106,-0.003584496096025289,-0.0035936800974946284,-0.004089741472295228,-0.004586049046118162,-0.004149469160001539,-0.004186226433351037,-0.004834295234055658,-0.004894067410125652,-0.004783721567753047,-0.004517102707026559,-0.004779124088550968,-0.0049998269360536874,-0.004930852063572391,-0.005022819617484233,-0.005464381650324425,-0.0048205021623154,-0.004108118842402088,-0.003745228300446124,-0.004075958666345346,-0.003827900637869794,-0.0033686963389954992,-0.002836283394292229,-0.002891347452160234,-0.00312081366885616,-0.0019144108730401277,-0.0012957195000894998,-0.0020611197799093235,-0.002001516690617785,-0.001153703653631069,-0.0016806380304208598,-0.002666521633868176,-0.0021619946401457003,-0.0028133409316932513,-0.002212435886421894,-0.0020427799894408008,-0.002148238378180204,-0.002194093320663278,-0.0016073087912703932,-0.0015935601575406786,-0.0013369536850673502,-0.0017814745149796274,-0.001167446241223078,-0.001144542033490153
2019-01-25,0.0,0.0010709922346980889,0.0006134435892956374,0.0011670508579776147,0.0003662802451074512,5.037148974745153e-05,0.00021062753346030513,0.00046240658265354136,0.0008239419678625774,0.0010206721302046438,0.000810215163302481,0.0007644577872054992,0.0002976129176814494,6.868776604906944e-05,-0.0003297669676667729,-0.0003068629697729531,-0.0004992728584022616,-0.0006184022972601687,-0.0005954916875849462,-0.0004305507910322121,-0.000169449997772165,0.00011905579609714933,-7.327215112004684e-05,-0.000389319817402677,-0.0006688074862560352,-0.0014435340213391089,-0.001489394641749592,-0.0016728581582507432,-0.0017370783417591036,-0.0016224023357529155,-0.0017187292970556507,-0.001402261261125741,-0.001319720850669488,-0.0013885040529215836,-0.0014618780171205823,-0.0016820322176804034,-0.001792127496080384,-0.001975646566520804,-0.0022739369061907525,-0.0019435282978762305,-0.0015077394788251001,-0.0010858933455294355,-0.0015352573654530382,-0.001319720850669488,-0.0012326022523985597,-0.0010996463912561843,-0.0016086420987096231,-0.0018792948551709721,-0.001911411060781706,-0.0022142717196618317,-0.0016957934646330249,-0.0017187292970556507,-0.003320951632490821,-0.0032566296550272304,-0.004088540132451047,-0.0037713213568758073,-0.004037962280481535,-0.005082223882379995,-0.005657723719858837,-0.007376986565943981,-0.008253888113791071,-0.009302563852671163,-0.008447833329493525,-0.008147695956674741,-0.009524451190286252,-0.008752680400241665,-0.010176530119564356,-0.011208701079452047,-0.011912854688149076,-0.013684695871563395,-0.011519023469850084,-0.01182944219012797,-0.011245749436824673,-0.011129977877136755,-0.011834076035269528
2019-02-01,0.0,-0.00027598769270080974,-0.0003910050489466318,-0.000561255017723495,-0.0005474498863559347,-0.000561255017723495,-0.000708521611943448,0.00016555606179958067,0.0010802189987578435,0.0015165722864839179,0.0006620598578406037,0.0008366970265886457,0.00024372578670501136,0.0008964343203691983,0.0007493822544823194,0.0003724626028534184,-0.00028978907697977264,-0.00026678687566818453,0.0002621177751551547,0.00019314607421663785,0.0002299315733770498,0.0003080962664250815,0.00019314607421663785,-0.00040480802072668685,-0.0002713872736025068,-0.0006763051912309985,-3.2194639595204975e-05,-0.0003818031736043643,0.0010618420508008274,0.0006206939557477602,-2.2996065374247582e-05,0.0002299315733770498,0.0,3.219360313386574e-05,0.00011037375323365261,-0.000340395782378969,0.00035867016524672766,0.002003226046536333,0.0038329436387226916,0.006642075616448831,0.007938749191670686,0.007436715946526309,0.004588616372228133,0.006907025894140906,0.007263227690789358,0.009976240637803977,0.009365884608215441,0.010222099734463062,0.010103730677817406,0.00878250986000039,0.008290022561234175,0.008217040847682534,0.00687048520150798,0.006961834429670604,0.00645931037788843,0.005307120632932068,0.00494106831996963,0.0013696113915950697,-0.0008097799773517134,0.0007815517417262506,0.00016555606179958067,0.0007539779588772113,0.0007631693043066497,-0.0023344970370191656,-0.0015280881163699024,-0.00016558347514746577,0.0020996104828192304,0.0015533091358442596,0.0005011828479672728,0.0029712381419905896,0.002783214340375072,0.002916210444702363,0.0025905679285065397,0.0024345888844336788,0.0025492817256615253
2019-02-08,0.0,0.00037146429839857967,-0.0006163915006230961,-0.00024469820676758256,0.0005254456216740206,9.967469811349507e-05,-0.000539321781957474,-0.0010562559206434604,-0.0017549950426175593,-0.0017686116930578472,-0.0015553054684726549,-0.0018140018670008882,-0.0016143005106373169,-0.0014327884237029494,-0.0016460685134536857,-0.0020137431119621324,-0.002981236765861818,-0.0031993928028318922,-0.003172120695378149,-0.0031403041766934156,-0.0028449134066431615,-0.002981236765861818,-0.0025814075966327276,-0.0028040200225053677,-0.0029176168855365894,-0.0026995223043225036,-0.0022861818489866743,-0.002340678504267955,-0.0027494981114990933,-0.0030175928005130937,-0.002463306838379284,-0.002340678504267955,-0.002658634865165287,-0.0029039845806090626,-0.0029766923544654366,-0.0028721765918027216,-0.002926705192067075,-0.0027858457218748554,-0.0030266820157048907,-0.002731324801729833,-0.0028540010524431615,-0.004336392247669941,-0.00387688882174392,-0.003881437325854537,-0.004604912769485036,-0.006468336677112054,-0.006368015192270051,-0.005684273182507212,-0.005401796314117372,-0.0047687912266629155,-0.004900823961867372,-0.004919036741775466,-0.00338577211254068,-0.0023225126225182224,-0.0014146390269429855,-0.0014781633567826984,-0.001423713684147892,-0.0016914531253549574,-0.0013647298842582663,-0.0011424375962047313,-0.002009203095118541,-0.003235756769781023,-0.0020636846576633523,-0.002626834679358705,-0.0018775515719701048,-0.001891169891333442,-0.0024814752779833893,-0.00327666781326833,-0.00348579484506315,-0.0032448479681374174,-0.005779968924803132,-0.007312347557926896,-0.009011653170278928,-0.00930887143812974,-0.009176255450392289
2019-02-15,0.0,-0.005132913451572593,-0.004797353926223403,-0.00537999451639705,-0.005641127649146949,-0.006177597086754751,-0.006140268158230637,-0.006658331546237138,-0.007288770562805336,-0.007050557996666799,-0.007134626540602341,-0.007592457085896318,-0.008162702447071997,-0.007746671701541733,-0.00790558436534581,-0.00821413399753425,-0.008635036980935235,-0.008728595040796351,-0.008621004026881061,-0.009318212181107908,-0.009566329649616437,-0.010460999864080944,-0.011464356974568563,-0.011576945814318803,-0.01166139576369905,-0.01171300757718526,-0.011853780609058864,-0.011018817172287414,-0.010948486924859979,-0.010479744972779585,-0.010709401075493822,-0.010657841032640619,-0.011243907209252136,-0.011783391615991307,-0.012957188843502153,-0.012684745115538383,-0.012952490908949127,-0.01246872182175198,-0.012337252226254163,-0.012487504603576328,-0.012914908227044511,-0.013633921940428229,-0.012576727635387261,-0.012379508425596986,-0.012341947271338288,-0.012445243840575484,-0.011243907209252136,-0.01126735700207424,-0.01176462205458859,-0.012191716761117005,-0.01143621174518319,-0.011281427141720783,-0.010643779664141184,-0.009814508695681819,-0.009032719200658063,-0.009070156259607096,-0.00854148767336573,-0.007059898596987252,-0.007372859136152229,-0.006312926134874754,-0.006051617537268212,-0.005002404700309338,-0.005375332044400845,-0.004452590598171765,-0.004718141022865912,-0.006070280172806262,-0.007578438754591571,-0.007751345242987821,-0.007143967926210251,-0.006840417552030176,-0.00516088182866273,-0.00478803443544031,-0.0035260459611350325,-0.004387378472419768,-0.0047787150315092035
2019-02-22,0.0,0.0005331194800636014,-0.0008025328924128877,-0.0009928229925644082,-0.0008721470213245891,-0.0016242885708157545,-0.0013688684381411478,-0.0010021063627992405,-0.0008860704286610553,-3.709714816113251e-05,0.0005238502649807435,0.0014549770650880884,0.0015012791491532313,0.0012929028856967838,0.0006211727384384696,0.0008667540143323234,0.0013206888963686173,0.001200277273722699,0.0010103679432772131,0.0009825733085661926,0.0011585929491069386,0.0007462877169500411,0.0004960421042104868,0.0006350751757676625,0.0006628794706064141,0.0003755311375667797,0.0004357884362501564,0.0005794642667469106,0.0006211727384384696,0.0004265183189368307,0.00038016644329981724,0.0004543284130757877,0.00029209196004325206,6.027993074276721e-05,7.88268707298871e-05,9.273684998105698e-05,0.0004960421042104868,0.0009408799079308104,0.0006628794706064141,0.0007833558156850872,0.0004311533883354889,0.0005701954812356632,0.0005423886092289073,3.2458875766350105e-05,-0.00026898550886835307,0.00022719000832592694,0.00020400971898859485,-0.0005009276542596884,-0.000412783301588034,3.2458875766350105e-05,-7.419567257149975e-05,-5.100893353033019e-05,9.27407201316029e-06,0.0,-1.3911269287728578e-05,0.0006489774198220006,0.0006443433599452314,8.346355197899793e-05,0.0006489774198220006,0.0005980015800417885,0.001700353684705266,0.0014873887490400347,0.0014179338541784106,0.0015707282557183794,0.00033381241906705884,0.0008204225404271206,0.0008204225404271206,0.0005840986272861172,0.0005238502649807435,0.0010520584468811458,0.0010057355578070718,0.0009686757015025024,0.0010150003072882368,0.0013577357096522054,0.0013484741349992918
2019-03-01,0.0,0.001030771375081782,0.0010077746751071676,0.0006075474142887483,0.0003866637868496163,0.00024858673963795925,0.00015652478187543935,0.0004925099464586389,0.00022557204475443537,0.00011049062452268736,-4.143713181963294e-05,-0.0003131230829526367,-0.00012892116028480764,-0.0002670694212178693,-0.000589489601986898,-0.0011055782147957457,-0.0008981891729501277,-0.0006816287505942906,-0.00033615070919690564,-0.0004927526320357462,-0.000981139628533936,-0.0012991801329811528,-0.001603487467292039,-0.0013406711352023713,-0.00111479650388122,-0.0009350551926223338,-0.0009903567705748543,-0.000999573997572041,-0.0009396635406446607,-0.0009258385602874717,-0.001548151972786037,-0.00130379015932756,-0.0014928195401275593,-0.001331450763713453,-0.0013176203658818771,-0.0014467115182457612,-0.0013821638589981739,-0.0013360609388310613,-0.0013867742679183886,-0.0016449910977126647,-0.0017095557246207703,-0.001921725996671745,-0.0021800810148096582,-0.0028909016733075716,-0.0023692761286025913,-0.0021893092143418285,-0.002097031050980942,-0.002004761402093795,-0.0017925735135357573,-0.001870985531832102,-0.002097031050980942,-0.0022031516733164234,-0.002549275436783615,-0.0027523904836904765,-0.0030802313314404585,-0.0026969913792953154,-0.0022077658688890982,-0.0018479225352558872,-0.00186637288996454,-0.001760287998890297,-0.001151670510015822,-0.00111479650388122,-0.00047432760347659267,-0.00022101788032518883,5.064305166923152e-05,0.0003590499025869315,0.00017033461585851082,0.0003682546153999313,0.00041427690860675276,0.0014354267567720542,0.0016193069042103384,0.0007823790242890431,0.0004418892679006719,0.00044649125365741043,0.0003590499025869315
2019-03-08,0.0,4.9795724368274185e-05,-0.0004165704539730926,0.00027610867994044575,0.00017201108155901067,-0.0007970690022510104,-0.001109729724869159,-0.001173180063670026,-0.0023885776663919527,-0.0023477380955647053,-0.0014587564198886276,-0.0013590220758312533,-0.0013952879591587405,-0.0008831542312114718,-0.001037219981340645,-0.0012910270893020338,-0.001272895873694335,-0.0014451556963300082,-0.0018033697988324227,-0.0018804706263439181,-0.0016627894739510579,-0.0011867770886410886,-0.001218504199233228,-0.0016537204541760167,-0.0013272905067705065,-0.0006475701628535138,-0.0001494020525187888,0.00035304341895467243,0.00028063441667375717,-0.0003622253352835648,-0.0004301571951254191,-0.0007019307912757644,-0.0007291122136814388,-0.0009239340316227387,-0.0008604995050948051,-0.00025807211221325716,-0.00019015194102828804,-0.0004980936700184768,-0.0006022718964104062,-0.000733642522580494,-0.0008514377583523485,-0.0020346901172717995,-0.0024929530366221467,-0.0021617122646612184,-0.0022025442388248716,-0.0020709805130224735,-0.0018623287203549258,-0.002098199174138158,-0.0019485057052568626,-0.0022524522492976067,-0.0026518060275906256,-0.002329587710549313,-0.0017670891133049645,-0.001658254953782703,-0.0020709805130224735,-0.0018713996322082722,-0.0019439698893203305,-0.002188933395519356,-0.0016355826613636752,-0.0011686477630967515,-0.0015086273222675584,-0.0012547649868214332,-0.0015993080626472977,-0.0007880078302788731,-0.00046638940737771896,-0.0001810962667426264,-0.00032599689686111803,-0.0007517639634168247,-0.0010009670811047303,-0.0008197222913963057,-0.0006928704813225175,-0.0006747501076800655,-0.00028071319445785366,-0.0005388577704397721,-0.00029429808986571634
2019-03-15,0.0,0.00041200423106287754,0.00017972484612878594,0.0009158212028275557,0.0016469994173960694,0.0015813465764648192,0.0012749096475417015,0.0013405826093500295,0.0019358207221629327,0.0019751989831802426,0.0015113121282418983,0.0016601294683628806,0.0011785815012584522,0.0013143139421768488,0.0012223681726027213,0.0012705312967348239,0.0009464801288476656,0.0012136109917142426,0.0008939213944499896,0.0009858973668868812,0.0012880445849428877,0.001253017701806568,0.0013580946707827555,0.0011347929125576407,0.0010822440749697253,0.000999036100970183,0.0008238387845450453,0.0009070613370285493,0.0007625124715949547,0.0006310862781656035,0.00042076843455030467,0.0003681820614202176,0.0007406093054914048,0.001436895152382214,0.0016469994173960694,0.0019314452641073351,0.0019139432404352127,0.0018351803429700793,0.0020233258631458554,0.002115198020915701,0.0020452009520142904,0.0023207860800353594,0.0024301242126927884,0.0026924869656833267,0.003164566528597901,0.0037543527591137617,0.0036102149106673493,0.0037019413998130384,0.0039901698883905365,0.00353595397079581,0.003597110439640135,0.0034005227641805955,0.003636423337551989,0.0037063091180079147,0.003374308153902906,0.004810729311505192,0.00486308259145026,0.004684197568230902,0.00486308259145026,0.005460588349861276,0.005508547784908178,0.006319150159121918,0.006441119440438444,0.006597915231663705,0.006388848712905011,0.006911433078622482,0.007129095989286599,0.006715495943336612,0.006593560124974425,0.0061318112210471615,0.002950409900615078,0.0018876896305625077,0.0012749096475417015,0.0024301242126927884,0.0025394503918299274
2019-03-22,0.0,7.349015559453708e-05,-0.0009688456357474245,-0.0009775002724689106,-0.00017726318657528722,7.781293773697959e-05,0.0003112154284231698,0.0005704876527460058,-4.323202629184768e-05,6.484453524946776e-05,9.078117204720933e-05,0.00014265242760254222,-0.0005016064483764615,-0.0008606689961708784,-0.0011116567207267798,-0.001981946764074627,-0.003026428334653153,-0.004732013561903453,-0.005492435176268462,-0.005435926827144812,-0.005675022438271089,-0.005696761237898929,-0.005205579675585651,-0.005162123898350466,-0.005435926827144812,-0.00600985236301853,-0.005953314768765165,-0.005292496895679977,-0.0048666746830521536,-0.004801513811697974,-0.004827577650729272,-0.005801114054867398,-0.0060055032038197655,-0.0062403848723855265,-0.006157735031439408,-0.006762541740168851,-0.006571052563074101,-0.0055489467187659755,-0.005675022438271089,-0.0056619793853268765,-0.005453313671389503,-0.0056837179014131685,-0.005861991560647925,-0.0056098088746963206,-0.004588684549911724,-0.004215256957957781,-0.0046060566693974375,-0.004132774317251081,-0.003898387108510913,-0.004093705967167567,-0.004037276600442091,-0.004584341567194546,-0.004766763083015124,-0.004758075589530658,-0.005044802731522269,-0.005105634210962488,-0.004988319670994198,-0.00540984712758138,-0.006993247854251169,-0.007646478319760027,-0.00888443132231788,-0.009172344217569694,-0.00872742285662225,-0.008561718438040109,-0.00855299791341326,-0.0090938142976298,-0.009006566063260623,-0.00983573179552596,-0.00988375718786979,-0.009233427308043897,-0.010167590688678221,-0.009700399915712312,-0.007646478319760027,-0.007668260019212664,-0.008103993670844458
2019-03-29,0.0,-0.00043003169996282413,-0.0004171280579095775,-0.0016178796401769978,-0.0028761262759799977,-0.003255634558559279,-0.002755403838274953,-0.0030744876392867163,-0.003147805058460113,-0.003238381057176357,-0.0027467813646596404,-0.0025786579875702207,-0.0028588793211449764,-0.0028631910319672316,-0.0028286978659222196,-0.0032513211553057138,-0.003419557670359531,-0.003725907087994876,-0.003967601018337762,-0.003738853496337709,-0.00415754438125177,-0.003626656858666789,-0.003475642798970868,-0.003794956536058179,-0.003277201853913457,-0.0030615498291834127,-0.0034454427234685624,-0.0037431690030321043,-0.0037906408058690335,-0.00391148829217266,-0.0037561156348580025,-0.003643917060525335,-0.0028761262759799977,-0.003290142454400511,-0.0033807313469702447,-0.003225441126491085,-0.0033591618186734075,-0.003505843786545501,-0.003449756964129703,-0.0037906408058690335,-0.0034281859469476473,-0.0030184250043712993,-0.002781271705212062,-0.002811451729056616,-0.0029494291527196134,-0.0029149330119718243,-0.003014112624174646,-0.0026346959727175947,-0.002393323943977573,-0.0016824770369244192,-0.0021347756909698913,-0.0016049606615513923,-0.0016437180981392384,-0.0017083171640592566,-0.0016910903384460404,-0.0027338477936358456,-0.003229754418114965,-0.0033419065310057077,-0.002755403838274953,-0.002608831897055136,-0.002078765712562157,-0.0021304671197136978,-0.0009118868515838658,-0.0003784181307439621,-0.0008301272119693565,-0.00043003169996282413,-0.0003698161281976879,-0.0002579968280700693,-1.7197717863209243e-05,-0.00011179045321165217,-0.0002794995685951931,-0.00013759002494016673,-0.0003698161281976879,2.1496731422830592e-05,4.729219916055387e-05
2019-04-05,0.0,0.0014329969244424262,0.0017330655137996573,0.0013815475527566637,0.0010127495726771473,0.0007853993386639425,0.000622361689477036,0.00041208968684854536,0.0005751616190974013,0.0007853993386639425,0.001094239902178983,0.0009655679254712265,0.00020606607066298434,-0.00044232681801407287,-0.0003736030189352969,-0.00032206326889181066,-0.0003521278002631322,-0.0003778981180126198,-0.0002533477340001115,-2.1467657900851496e-05,-0.00019322551409798596,-0.0004981683826232968,-0.0005153510298682963,-0.0008547688242043478,-0.0020457902980371453,-0.002131839561293459,-0.002239411553953169,-0.0015597510139148329,-0.0015597510139148329,-0.0021920784515393073,-0.0018737139817665085,-0.001546850534661828,-0.0009836918444476334,-0.0006914901888510444,-0.0010008828363683195,-0.001022371991866861,-0.0011685104970439886,-0.001693065712057621,-0.0015597510139148329,-0.001465151363862941,-0.001349064023057099,-0.001310371237322217,-0.0009707987944461474,-0.0006657117885712776,-0.0015382503076157665,-0.0011986004876109483,-0.0013318670445658784,-0.001387758305981691,6.010699046118651e-05,0.00017172467425251994,0.00019748083212206425,4.293476277484045e-06,0.0007424972712066592,0.0008626184221117011,0.00034771186627316107,-0.0003435378419244739,8.586602329661283e-05,0.0002017734606058144,-0.00042085012344831815,-0.0002834101995111155,-0.00029199964136925093,-0.00022328617221377203,0.00010303834323455658,0.000480754794271938,0.0004292564057310992,-6.440435633292062e-05,-0.0007774229894539289,-0.0004766904887447085,-0.0003435378419244739,6.869340846525503e-05,0.0007682387325506626,0.0009441209862702961,0.002457145931211915,0.003677041941910569,0.003758315455130934
2019-04-12,0.0,-3.011769565433975e-05,-0.00016350696662160072,0.00036134161370851743,0.0005032615324073546,6.453486498318752e-05,0.00013766934426608096,0.0004000490436045591,0.00012476364833691585,3.872141875766248e-05,-0.0006714095979731098,-0.0007618260951706122,-0.00034425630221436354,-0.0005551718270245811,-0.000490601125312336,-0.00040881755472508175,-0.00033134455187581194,-0.0009599098507972095,-0.0012054159067695681,-0.0009469901488976415,-0.0011149592946526586,-0.0012872646546372277,-0.0014337475573285008,-0.0013044968236506627,-0.0012958807020253778,-0.001382045259149812,-0.0015242330118534937,-0.0014078960740982573,-0.0017569474980874938,-0.0022785970433422376,-0.0027832608810870133,-0.002610697582283962,-0.002515800459321106,-0.0025201137695493986,-0.002446790025778665,-0.0027185461543655096,-0.0026193250400309885,-0.002727174542625837,-0.002515800459321106,-0.002218226974803798,-0.002097497770262683,-0.0023217207523329535,-0.0018603935446011922,-0.0018862567283605078,-0.002244099415050638,-0.0026322663662151154,-0.002295846303780519,-0.0015199239950202835,-0.001420821732175981,-0.0014380562028413013,-0.0016405834854664404,-0.0005293430460122893,-3.872291816399241e-05,-0.00014629444795645583,1.29073061807085e-05,-3.4420297652934275e-05,5.162822516228677e-05,-9.465866951397913e-05,-5.593358533582514e-05,0.001311391014652017,0.0025481114587868523,0.00234209756928848,0.0022648314174050204,0.0020587591540022526,0.0027669547228278066,0.0030672498723149245,0.00273262953457222,0.0024665693690755237,0.0028012787329052854,0.0030844068717276137,0.00301148759119408,0.002488028458395439,0.002213317332584145,0.0019471189445178744,0.0014961374077892746
2019-04-26,0.0,-0.00014534510939283345,-0.0016213664523831934,-0.0014287183321400716,-0.0014886493258996307,-0.0021224253244348074,-0.0014329989982975056,-0.0005986155057686436,-0.0009322853639319625,-0.0007269368911313284,-0.0010306964528016243,-0.0008809442923469213,-0.0008124936302739424,-0.00035912630088274724,-0.00043182231824212536,-0.0009493996402338985,-0.0016599005304281397,-0.0015228972207276402,-0.0016984360934053663,-0.0022081015454804387,-0.0018054871161660194,-0.0018268986959774532,-0.0016727455530890017,-0.0019767925927928194,-0.0019211150939828058,-0.0017755116746148065,-0.0019639436640719278,-0.00162992945251607,-0.0012917466893364064,-0.0012446670198268965,-0.0015485839115983615,-0.0014544026039496419,-0.001223267902753739,-0.0011505143297722287,-0.0010777660494881507,-0.0003291941826487474,-0.00044892803155087196,-0.0005387378272938686,-0.001317427443324715,-0.0009536782550750742,-0.0007483253896809565,-0.0007611587083986664,-0.0005515684565721822,-0.00043609871913765914,-0.0005472915618544166,-0.001492930248609656,-0.0018568756779398763,-0.001462964174484291,-0.0015228972207276402,-0.0011590732989300223,-0.0008467183756238453,-0.0007739921918126704,-0.0007183816198008592,-0.0007055488500397861,-0.0005601223008838118,-0.0006371101924373366,0.0021648495942839952,0.0029237852448315035,0.0029237852448315035,0.0036693687623529287,0.003975961792318087,0.004248410039479251,0.004090909948697614,0.003554372137589992,0.0029280473016574517,0.0033541612765470245,0.0037204741288533317,0.0033669418909113664,0.0028811636774594886,0.005384229961862325,0.005214151810542043,0.005592536283437108,0.005001513435318681,0.005184385159819811,0.005163122723951699
2019-05-03,0.0,1.2764952546349018e-05,-3.829583533269281e-05,0.000731594270050382,0.0005444931881451704,2.9784635810673426e-05,-0.000497960288381392,-7.233780908950162e-05,-5.9571933126947635e-05,-0.00019149384405807088,-0.00036599794428327593,0.00014891430860022046,0.0007996223486658214,0.0007996223486658214,0.0013861725155202168,0.0012459418145405218,0.0011481936350226619,0.0008633944696419902,0.0007656088878356475,0.0006295434741780103,0.0005615038240458961,0.0012119435314505485,0.000663561563300174,0.0007443498873053906,0.0007528535417509382,0.0005529985422656389,0.0001829487514596703,0.00021698203601501956,-0.00025107718627570135,-0.0002595893821243534,-0.0003021514482637096,-0.0004043077986466584,-0.0008769167150569573,-0.00013191405180381467,-0.0002766139911970648,-0.00024682111552266445,-0.00024682111552266445,-0.00025107718627570135,-0.0002893826382101175,0.0003913844423596134,0.0003743709123494657,0.00024250623934242657,0.0005955242277860909,0.0005955242277860909,0.00023399824395371022,1.701990051908939e-05,2.9784635810673426e-05,3.8294368817628174e-05,0.00016593167482263597,0.00019996553852051315,-0.0007449043568050513,-0.0008641405638722189,-0.0005107317620180489,-0.0004383622346658041,-0.0005958790882305681,0.0004339170010396826,0.000663561563300174,0.0016963099768755525,0.0012374423521314694,0.0010206816487232167,-7.659313729233328e-05,0.00019145718118647196,0.00011913322086495623,-0.0004383622346658041,-0.0007150975263547466,-0.00028087018875284724,-0.0007065814522649631,-0.0012986213023386012,-0.001000427925985831,-0.0008896930294737091,-0.0028677306432467746,-0.0033244286393660544,-0.0030597744810435426,-0.0027098555562477104,-0.0029786848064889196
2019-05-10,0.0,-0.00024248783821873758,-0.0004144693969277183,4.8490512399952016e-05,-0.0009570665979986263,-0.0030596523152672827,-0.0026573454558145118,-0.0037806727451881474,-0.004807807793055303,-0.004077193934242197,-0.004214420063197694,-0.00308176177922423,-0.002542430360264191,-0.003298460398729171,-0.00292258454830674,-0.0036966006466770595,-0.0033913456125756066,-0.0026043060784843226,-0.0025910466736988537,-0.002423109428800611,-0.002392176696443789,-0.0021094075004959353,-0.001495543427817265,-0.00041005924387343815,-5.2901422619805126e-05,-0.0006967596549366996,-0.0007232284526371355,-0.001067386592285619,-0.0016500780251096116,-0.0014293216244850642,-0.0008688193644921248,-0.0006305907256361139,-0.0006041243797989165,-0.0010585605448543384,-0.0010806258094949851,-0.0013322042448123874,-0.0015573544010508073,-0.001791387701083255,-0.0015573544010508073,-0.0009041173233912725,-0.0010188442953868527,-0.0009570665979986263,-0.0018620500279348856,-0.0019768869596181876,-0.002255200382085356,-0.002158002766001225,-0.0021314959647963532,-0.0025468499274561166,-0.002149167087531685,-0.0022242728430975785,-0.0024761391961891704,-0.004985006721465453,-0.005016019762451716,-0.004037357617237134,-0.003369229302902137,-0.003475392050493841,-0.002608725919148985,-0.002361244920891079,-0.0008511708522611587,-0.0005114976851602604,-0.00017193985674346298,-0.001473469006111031,-0.0014028341309951131,-0.001195373034723965,-0.0014469803432572718,-0.0013984196169559368,0.0002909078107225146,-3.9675804597325766e-05,-0.00025130668586001795,-0.002719228285117082,-0.004192285542862912,-0.004838815338965611,-0.004985006721465453,-0.005459168251034021,-0.006900758596745473
2019-05-17,0.0,0.0022785352025193324,0.0023359844980078703,0.002322727261213584,0.0026982809311416663,0.002437617474903118,0.001982398022542355,0.001080186215784791,0.001190795162391602,0.0021857255219611643,0.001982398022542355,0.0018718766044842562,0.001809979274450162,0.001809979274450162,0.0015048578757765633,0.0018144006393696454,0.002163626709329465,0.002534821962292318,0.002468547200360133,0.0021680465109244905,0.001898402858846201,0.002101747435772295,0.0023359844980078703,0.002203404220455711,0.00266294071529766,0.0034754498676060983,0.0033518497491458036,0.0030560302939895553,0.00294562747816399,0.0030030384635511822,0.0030471985172569895,0.0030560302939895553,0.002583420662949268,0.004622436286865843,0.005243906104978551,0.005402517375522927,0.005495029000115203,0.004931015677974418,0.004904569746679492,0.0053099971917383556,0.0050940834682604436,0.004983905442495122,0.005688835132923931,0.005860586446252912,0.005622769080060264,0.005265936952572244,0.00435786385641532,0.005032385269387702,0.005283561281195801,0.005591936761621588,0.005680026578055341,0.007501745129189878,0.007501745129189878,0.007730325601500558,0.008850493348421596,0.009267490143588875,0.008890005765203582,0.0079940073918454,0.007730325601500558,0.007189560471629523,0.007717139686694605,0.007356657339831483,0.006718900813648442,0.006811290743211769,0.007642416218435938,0.006424075869322694,0.007127991428524841,0.007501745129189878,0.00903048171551301,0.011179058781445005,0.01091183430034026,0.009886080785743573,0.010188655965924684,0.011796468439216308,0.011962797341872763
2019-05-24,0.0,-0.002244507639670867,-0.0035305664305387736,-0.00413584172139165,-0.005676256572455973,-0.0061503795073168475,-0.0057702090240434965,-0.005296266259771421,-0.0053389546007381865,-0.005402990529185036,-0.00725754133228268,-0.008721388429077106,-0.00795495557967103,-0.007471420371668874,-0.00746286433174637,-0.007578377047899629,-0.007090747431420699,-0.00692398134612457,-0.007095023850603796,-0.006304197395785893,-0.006419576340965731,-0.005787292236371211,-0.004276556767260194,-0.0039056234393379063,-0.004784148256593494,-0.004587905871021358,-0.004984696564872553,-0.004831081489811107,-0.004848148666217909,-0.0034453458156204187,-0.0027595842846709607,-0.0024530604330125147,-0.0024147515570540627,-0.001831786461003338,-0.00033975325746729053,-0.0006243854572381194,-0.0014064789572717574,-0.0008326006079795256,-0.001287425263915572,-0.0003779827234701689,-0.0008878486397825345,0.0006537002210865511,0.0011839870338262123,0.0019428684197829677,0.0016800808354079507,0.0031499560759587777,0.003251539077823928,0.004499321254316321,0.004761369117589945,0.0036069983433961433,0.0036704599184913755,0.0015359421907398965,0.0016970369572041216,0.002692704825369415,0.002993328728080416,0.0026418862223618277,0.0023623377337033662,0.0038565906420197217,0.005023348329770181,0.00466416582528011,0.004558499355054626,0.005580882017979188,0.0050444726952478215,0.004689524116808865,0.004736012647885318,0.0036154601194384487,0.0046937504362130015,0.004512002570721798,0.004537364721095149,0.005889081607093449,0.007011307275330428,0.006534726166335509,0.006387066466828831,0.006180306250977229,0.006049476685841187
2019-05-31,0.0,0.0008696358272115789,0.0015598128891753376,0.0017966915772270448,0.0012813047763461172,0.0014268037653847108,0.0016263108173738589,0.0019171872717293169,0.0017800703419364877,0.0016263108173738589,0.002315966017122252,0.0019171872717293169,0.001975352410885035,0.0008571583646280658,0.000828043679802983,0.0007198959998813609,0.0005368502004792753,0.0002996728593736929,0.00046195816978850156,0.00044115383249949855,0.00019562996031166155,0.0006408576059001455,0.0011524165617474583,0.0012813047763461172,0.0015016235743796668,0.0015805939667580971,0.0012813047763461172,0.0013311925289131135,0.0014725276471840494,0.0011149942909181349,0.0001498476551647461,-0.0007537411526792545,-0.002383930444675937,-0.0060291451256977106,-0.005505792053497523,-0.006808401854798113,-0.006230185510361911,-0.005568579962241319,-0.006712009243426591,-0.006330720861189433,-0.007072481381995669,-0.0067748729361025535,-0.0064731632455806865,-0.004614628943060173,-0.006460593983710281,-0.005945390225987172,-0.005505792053497523,-0.006033333054829628,-0.006255318400520112,-0.008167268668490758,-0.010507669789724058,-0.010087086434419124,-0.009586822629421935,-0.009091009717204704,-0.008364541684490655,-0.007428889712305602,-0.007437277320453357,-0.008041370067057943,-0.0073617913796739,-0.007433083507585427,-0.008528265864189005,-0.009170827396863127,-0.009317876643920846,-0.009112013752080478,-0.008200844306011375,-0.007210836590346634,-0.007424695934613509,-0.008184056346335693,-0.008175662472185015,-0.007537934106063813,-0.007495992547425544,-0.007433083507585427,-0.00646897347406971,-0.00613803698362617,-0.006259507276958671
2019-06-07,0.0,-0.0014840300878702622,-0.004585672555975342,-0.006322394485911786,-0.005945142360454187,-0.004848105309088914,-0.005059794803729862,-0.004027174056173617,-0.003650786651827154,-0.0023999994648291707,-0.0014755918745775127,-0.0004845971933416555,0.0015533411527797485,0.0009684904518548548,-0.0002275207411821428,-2.106456077310111e-05,-0.00045930805418243573,-0.0011971707735217488,-0.0017794124202470069,-0.0012730961136405373,-0.001682348600709431,-0.0008471451506030317,-0.0011802992585436968,-0.001589513762259856,-0.0020031170972407003,-0.003105487727855967,-0.0031773318177596155,-0.0031181657216059148,-0.0021086555439394287,-0.0017498702604175599,-0.0015220029288550909,-0.0021804280504561673,-0.002526697214846683,-0.002674531547738918,-0.0022099829328192135,-0.002239538688699259,-0.0027294470096234863,-0.0026787557069728775,-0.0025393678727707943,-0.0020453311393259484,-0.0010369028727303738,-0.0012646596800584375,-0.0003328719506061705,-0.0010158169031228978,-0.0021550959893538234,-0.0014587156615992287,-0.001564196665623088,-0.002197316447705413,-0.002205760753287976,-0.002450676638574042,-0.0018596026822376868,-0.0026238430286777367,-0.002057995699454312,-0.0018933689269702355,-0.0038157030205731722,-0.003972187284708108,-0.002944913717682131,-0.003202689787770895,-0.0034436225792552136,-0.003202689787770895,-0.0003876589660973688,-0.00010954056171555724,0.0005475228938169804,0.002032747707122534,0.0012714774004851563,0.0010484542577536473,0.000943237395181387,0.00048015163605424996,0.0005685754810753692,0.002247144674436947,0.0023942532555457315,0.001199947093694817,-0.00038344447372227515,-0.0004845971933416555,-0.0003286576891239465
2019-06-14,0.0,-0.0006340448704667051,-0.0020799943628518,-0.0031658302053188168,-0.003338494136463168,-0.0032205740777034547,-0.004345592367301159,-0.00421069194047395,-0.0032668981567573582,-0.0028458490646346007,-0.0032416302112506065,-0.0025428034539513324,-0.0023534465724720575,-0.0023155794985195337,-0.002345031543229911,-0.002791125701744023,-0.0035912268098245805,-0.0035364626432688624,-0.003730257011199972,-0.004311865554481625,-0.003970445623622081,-0.004016804453617699,-0.004029448143889796,-0.004375104261650652,-0.004628099089255883,-0.004813669317575896,-0.00455641072277117,-0.004552193920077368,-0.004644967687096333,-0.004834759022637105,-0.005176474225327776,-0.005142719378339476,-0.005201791108314549,-0.0053916881635819045,-0.005037242824624806,-0.004822105146227375,-0.0049866180302772225,-0.003924088942667954,-0.003629142220547947,-0.003523825184577416,-0.003865092638347815,-0.004375104261650652,-0.0038903763425803327,-0.003848237190666652,-0.0037934589477283138,-0.003970445623622081,-0.0042317689326192886,-0.005028805180921156,-0.005142719378339476,-0.005020367608410847,-0.004623881984256298,-0.004750402870914799,-0.005134280844619064,-0.004252846369013699,-0.004535326887114719,-0.005003492676964782,-0.004657619322214882,-0.004822105146227375,-0.004889594337437176,-0.004952869591139406,-0.004952869591139406,-0.004585928839517399,-0.004733532494451875,-0.00408423931578129,-0.003629142220547947,-0.0038145271475989555,-0.00283322033047563,-0.0030268784487238617,-0.0032542641041953487,-0.003148986539799855,-0.004940214220094333,-0.0068191798642652885,-0.00785940627071662,-0.008054040295897373,-0.008202156783437551
2019-06-21,0.0,-0.0013452177008399899,-0.002124409921239229,-0.0014002493969944173,-0.0024210012417618153,-0.0026668149924644704,-0.0031713462448862096,-0.0041896633095000356,-0.0032900964835864163,-0.003464006207911203,-0.003519154631422706,-0.0031543830761658347,-0.0033028205598715937,-0.003073811954084653,-0.0032646488167120025,-0.0033834101362898716,-0.003464006207911203,-0.004155702695319074,-0.004193908467366752,-0.0047969039292003225,-0.004694963666106193,-0.0047416849967382175,-0.004631256278363527,-0.0042957976629548755,-0.0047969039292003225,-0.004694963666106193,-0.004546319407641669,-0.004070806205313539,-0.004605774459639953,-0.004185418169654386,-0.003748265258915096,-0.003769481861331678,-0.0026625763123894267,-0.0028490952340028824,-0.003158623841369527,-0.0035233969438223677,-0.0038246471343818867,-0.003374926717132538,-0.0035530936345525847,-0.0035785486428268026,-0.004092029652129392,-0.004469882391705546,-0.004185418169654386,-0.004359483682409097,-0.004414681513573001,-0.004363729561252964,-0.004334008787916164,-0.0037991858609773923,-0.0040241162077879755,-0.003273131300383186,-0.0032773725692012965,-0.003591276389952021,-0.004070806205313539,-0.0038840592935221675,-0.0037822120388541027,-0.004457143457062551,-0.0051792724946662875,-0.007250851144060648,-0.007791784245531558,-0.0075958219207912635,-0.007148660430552826,-0.006871946344678783,-0.007135887325602398,-0.007442486883434852,-0.006846407365810935,-0.006671908464498339,-0.006552755978964275,-0.005872156855336802,-0.004720447757663495,-0.005281262142805502,-0.008904385096495928,-0.008627184817520594,-0.008367112891245455,-0.007898301617550441,-0.007859954056557138
2019-06-28,0.0,-0.0004254897936112488,-0.00092704187597782,-0.002011084829247052,-0.001795869982811907,-0.002973788580874388,-0.0026232233436408467,-0.0028850797380231027,-0.0017536764240743815,-0.0015174253893771598,-0.002027966384038648,-0.0020954954532182934,-0.0021756921462029338,-0.0026147775046945557,-0.00227700242590584,-0.0026401152355332506,-0.0029611154072369267,-0.0030118090654712476,-0.0032568646478383814,-0.003835941395914052,-0.0041192616575335805,-0.004474582592212757,-0.004487274960926265,-0.0047242287518146145,-0.005037432404467267,-0.0046269016501601186,-0.0046311330663091855,-0.004957005889918546,-0.00458881971051531,-0.004614207509140709,-0.004576126052901139,-0.004762315848545713,-0.004766547837728727,-0.005189837225834759,-0.005236409998976527,-0.004576126052901139,-0.004533815024525341,-0.0047919401489382,-0.004660753480700974,-0.004656521939214017,-0.004779243912737224,-0.005126332394154117,-0.00528298494124274,-0.004550739221049514,-0.0037429283655669747,-0.003992391914528439,-0.00427152659882509,-0.004322286731827533,-0.004123490926187277,-0.004753851923908392,-0.004703069880428054,-0.004719996941721346,-0.004157325719354182,-0.003696425094476317,-0.0029780130077781625,-0.004072740882827392,-0.003941648523844077,-0.004918911377428382,-0.0048427267057475284,-0.0050162669050771306,-0.004567663704006851,-0.00528298494124274,-0.0061556075238321335,-0.005901367002456068,-0.005257580158367419,-0.006253083531037799,-0.006638842665277641,-0.006910234951769582,-0.007198669981658488,-0.006189511144318251,-0.006524371131467251,-0.006494695465299335,-0.006316659959462531,-0.00619374917770133,-0.006515892279842921
2019-07-05,0.0,-0.00020450281888686092,0.0,-0.00012102722918767638,-0.0004424464858028132,-0.0005510009990634745,-0.0004925471045560325,-0.00045914641315858705,-0.0006720949367894785,-0.0013697144950871427,-0.0019423767842064576,-0.0020678210662024694,-0.0025028164512358,-0.002833372143464682,-0.0033608137708357683,-0.003390124242003562,-0.003004969442693223,-0.0031472919792883665,-0.00361626247205377,-0.0030300837126226543,-0.0028668522311855564,-0.0024149655968296797,-0.002327122459518342,-0.0023438538907670373,-0.0023438538907670373,-0.002946371932233465,-0.0038717764439843995,-0.0034864361250801622,-0.0037586720422176398,-0.005653811076123655,-0.006443113550084323,-0.0059350335984444174,-0.006228932675617488,-0.0068674111024556285,-0.006388514068765687,-0.006186941804426705,-0.004554863773712756,-0.004026792144871523,-0.00372097341758459,-0.0031305471000815004,-0.0038633979014319596,-0.0033021954056852206,-0.004144117299100059,-0.00332313014164652,-0.004437490421520786,-0.005313931205698668,-0.007947871895823657,-0.009046345296753817,-0.010318883507673736,-0.011512832900334854,-0.011964627100986648,-0.013126717726922038,-0.011327107579108356,-0.009914192458469315,-0.0101586737168265,-0.009416983978827417,-0.009202165278665493,-0.009189530321529393,-0.00940855884665824,-0.01055502894062205,-0.010660469015961682,-0.010736392754820641,-0.01080810380151616,-0.01139041915438482,-0.010103870996068444,-0.008431724889689598,-0.008818975917376914,-0.010394781315528411,-0.01050020449480963,-0.011854826557786002,-0.013465034182901013,-0.013697693158770386,-0.014074292387596374,-0.014480670841585117,-0.014544182395416641
2019-07-12,0.0,-0.0011334522588521696,-0.000986849981942475,-0.0015475041506445187,-0.0020696263952041404,-0.0026697563694149107,-0.0024538408001999537,-0.003015318278109222,-0.0035036280231093915,-0.0038105641330938413,-0.004091644608283962,-0.003555497933386092,-0.003028279172929586,-0.0024667944197652855,-0.0023243138325041855,-0.0021732202383692987,-0.0025142924604800877,-0.0021991203760732643,-0.0017028178198539201,-0.001845209877206601,-0.0023156792978192777,-0.0027820508921516936,-0.0027129450781655856,-0.00245815865474447,-0.002143004258862095,-0.0018063736689101775,-0.0015906444169129087,-0.0012412617638737783,-0.0008014719935387488,-0.0008876900390291308,-0.0011550132300454348,-0.0012369491605059841,-0.0016208437106831203,-0.0017675389688063677,-0.0016337865443441638,-0.0020955238499174218,-0.0022595566395764454,-0.0020178334977252197,-0.0016812450343534034,-0.0017114470643635454,-0.0015561320550129198,-0.0010903317110420728,-0.0013361437437006988,-0.0013059530463147776,-0.0010558366114987942,-0.0002670859644971227,0.0007448789916106243,0.0010246034863263442,0.001596719103696124,0.0010977492939206691,0.0013128530177655175,0.001936392289763973,0.002082545243388564,0.0026540560886448984,0.0022501649790708303,0.002284545042075619,0.0021126329059448865,0.0018375120014689072,0.0010116948472192171,0.0011880984936390514,0.0009041163739983653,0.0014031827860020672,0.0017644202863823198,0.0012311190531709487,0.0008395637345260902,-0.0011636377486895812,-0.0020739425910817127,-0.00330913981820598,-0.0032616040096886114,-0.0036549227823313743,-0.004883418851221494,-0.004909389279561781,-0.004922374746660263,-0.004156520554684492,-0.004476636837493838
2019-07-19,0.0,-0.00027065750606115565,-0.0012335890188884698,-0.0017971620003713732,-0.00301573702139279,-0.005280284465184161,-0.005962810529184189,-0.007277337099807593,-0.008008858111714687,-0.008255704862277809,-0.008836251372125658,-0.009386782084619292,-0.010289093885868603,-0.009690353825289115,-0.010141544934066351,-0.010349855664992346,-0.009438816409940903,-0.009308735672980222,-0.009057294218497132,-0.009560240366169283,-0.010067778621372356,-0.010358536220547833,-0.01080134450048367,-0.012022253034048108,-0.012539742222897367,-0.0130052763882423,-0.013527628726763661,-0.013170658442925419,-0.012757254578456664,-0.012457099931310226,-0.012926947065620321,-0.012413606731465101,-0.012517993589254386,-0.012726800000369838,-0.013044443350479488,-0.013932639543475565,-0.013936995390001839,-0.01395006304342165,-0.014651611053065798,-0.014438044335537303,-0.01414174158167542,-0.013671323467130273,-0.01379761771111138,-0.013788907251155497,-0.014311669188566923,-0.014568794054611752,-0.014782388700736643,-0.015859775248639386,-0.016658750158361726,-0.01639672082704625,-0.016933954870904357,-0.017270419072321647,-0.017502077111126557,-0.01703007594858314,-0.017392797764595676,-0.017187384916829668,-0.016558297466035973,-0.01658450154339188,-0.017130576045890595,-0.017191754963654663,-0.01840299383289797,-0.01756327876184165,-0.01761136840093818,-0.017655088261566178,-0.016763581118534713,-0.017086879110349666,-0.017436508070181444,-0.017073770402016127,-0.017187384916829668,-0.017191754963654663,-0.019821613893832954,-0.01922589864561721,-0.018621785404169113,-0.018227995035568066,-0.017484591613161116
2019-07-26,0.0,-8.887308922836915e-06,0.0013499533563069409,-0.0005378244021888303,0.00011552782900519151,0.0007462521168085851,0.00012441403228617852,8.442549566115111e-05,-0.0007245748996212914,-0.0023890834306706044,-0.0014986272802226745,-0.0014274250302015762,-0.0014852764721648272,-0.0015164286349062988,-0.0020550694479668057,-0.0021574885425380314,-0.0008668844052470441,-0.0005378244021888303,0.00032877491654719154,0.001141362519789264,0.0012168152919375937,0.0010925371039313837,0.0017448253497070836,0.0025030746726832065,0.002401121380500846,0.0026892234326720936,0.002782284820018591,0.003517608284719528,0.0038319490902936062,0.0037699742166583576,0.003641585473075691,0.003845228920666093,0.004672657104412567,0.004902622477947743,0.004031128031098917,0.003991295416591507,0.003916051704385458,0.0037522664044137657,0.0031677326198742764,0.002613881680231735,0.002622745710440328,0.003393615724114304,0.0033449001543872587,0.0029772425059566895,0.0023700900543745804,0.00288419926071846,0.00338032989500088,0.0035884542744233855,0.003938182795692517,0.00411078850051818,0.0039691655007062804,0.0031278655985335206,0.0023700900543745804,0.00223708774880531,0.0031677326198742764,0.0029772425059566895,0.0023080245131430295,0.002219352771439047,0.0027778535217591266,0.0032607494892149314,0.0035574597715173294,0.003973591523062197,0.003646012945542425,0.004124064628491389,0.0033183270251340114,0.003198739204346502,0.003087996987750008,0.0031633030293236218,0.002312457893839725,0.0031278655985335206,0.002352357435665254,0.003105716566556146,0.0038319490902936062,0.0038319490902936062,0.004106363085359063
2019-08-02,0.0,-0.0021058518396139866,-0.00305952101622358,-0.004569828345519474,-0.003027411587286989,-0.0038212754744466858,-0.003931456676726927,-0.0038212754744466858,-0.00402328361973476,-0.0054660731400744695,-0.005259176111986929,-0.00580179716888066,-0.005286759909266196,-0.006445966994315962,-0.005535048329726036,-0.005410896413603613,-0.005696008943011588,-0.004551452241804387,-0.0034036153289869592,-0.0036284875772572807,-0.00443660924354089,-0.004321779432677177,-0.004353930450604053,-0.004170224269752169,-0.0031053934175600782,-0.0015423308724886215,-0.00158355334790422,-0.0005397740399113836,-0.000526047360966675,-0.00010061374392235143,-0.000645018172076128,-0.0005626522568757147,0.0016084446795132828,0.0021516240264922546,0.0025257440503832764,0.0025439902278095636,0.0010558335780623024,0.0022793880647398396,0.002302201353937992,0.0019234333493732673,0.0010923792784648429,0.0009050684447266748,0.0002194857640284131,0.0008273926861495534,-0.0002149598330675772,-0.00037506632710027245,-0.0014278329115721864,-0.0005031699814321882,-0.0003338936373971161,-0.0011988763115849618,0.0072994355178770095,0.006572793615891347,0.0060820116722685265,0.007031547765782931,0.006863513740768304,0.008025549794780245,0.00972531699602465,0.008941516702635282,0.00897777535372669,0.010748316465104449,0.012867933196930472,0.013296733217944489,0.011426721064474439,0.010549230450239248,0.008964178513632156,0.00904122482983664,0.007848608028575914,0.006450120709412008,0.0055546070816262245,0.0054272608406697904,0.006918014356184653,0.00750370845446595,0.007222254881098649,0.006331977019283502,0.00625472167442492
2019-08-09,0.0,0.0004455856712164715,0.0011967805336423945,0.001349649296107758,-0.0004728079249633137,0.0004320859918333853,0.0006435600341830051,0.0007830184409394448,0.0002340697538550596,-0.00013506516914934527,0.0004230861043320366,0.0008774792161726644,0.0006075676105843156,0.0014440565646382994,0.0014620378910315324,0.002818695152379842,0.0032720012651880517,0.0031463528293458713,0.0026705406853640874,0.002697479493862084,0.002836651778150761,0.003446985281517843,0.003702676085443528,0.0037789220909745457,0.0037520123998960866,0.003823769966986508,0.003150840545344979,0.002975804696210157,0.003222641262485651,0.0033886606781645743,0.0034200666565192724,0.0038820691990230924,0.00495775258573055,0.005074215517055009,0.005557839481987975,0.005575746989711051,0.005692137974017764,0.0048905562626880604,0.0047875131300856855,0.005056299025820187,0.0054280004598067505,0.006448349346512846,0.006229151653921094,0.006135195075213584,0.005638420741516488,0.005804039608122047,0.006408092147737357,0.006712217521293284,0.006260468551850728,0.006528858882463631,0.00634546661707751,0.005862223509548197,0.005562316388982419,0.004881596411780037,0.004146615313419358,0.0034604443222920334,0.0041600649412009355,0.004832315796747752,0.0035277368091112767,0.003043129802440943,0.002410094782546862,0.001412588465421473,0.0020732106877013284,0.0014305703576564628,0.0013811193759319946,0.002288829582142298,0.004451429132810414,0.004074880910017138,0.002697479493862084,0.0021495810299897726,0.00045908516836023046,0.0006525579376716567,0.0006345620497313579,0.000706543658461579,0.0004905832863503148
2019-08-16,0.0,-0.007607882683903075,-0.007311392441961813,-0.008653141571911249,-0.008653141571911249,-0.006823515267899742,-0.006039762601981031,-0.005930450584382171,-0.005124643265295875,-0.004960829684783901,-0.0061718639010931815,-0.005625351094537029,-0.006677654300491682,-0.006208308709989964,-0.006240199007369459,-0.006354101229269428,-0.0055251894700139885,-0.004983579966319611,-0.0039103306011587105,-0.0029017988832158426,-0.0033514238626889633,-0.0036603743422024557,-0.0036240222724022637,-0.002148335640177138,-0.001535997692152066,-0.0021392612300139614,-0.00122316970192369,-0.0010282684097457637,-0.0015768085587312389,-0.001971399493248851,-0.0022118588170834197,-0.0017672812944956459,-0.0015813432022741421,-0.001345569000320609,0.00012223472250957865,-0.00030791662947784006,0.0005612510614210071,0.0005703009170758692,-0.00022640005892541373,-0.0018670672084359651,-0.0015722739357511232,-0.0015722739357511232,-0.0004981478062237679,-0.0006521709824860039,0.00016750305053160388,0.000181083149349662,0.0005069502075267492,0.001520080277858203,0.001967520722639545,0.001086007355835865,0.0013166320558590891,0.00039381395742023925,0.00045264640488941574,0.0003711851713405078,0.00015844954886343635,-0.0006748234505866294,6.791002377195548e-05,0.0010317349899544462,0.002202459775108541,0.0022521513485572542,0.0006155489668926324,-0.00011319362233938537,0.0006517459326859193,0.0010498261058601926,0.001429663955842187,0.0010498261058601926,0.0008915177434557669,0.0013030673692594425,0.0009141347582369452,0.0014522688027744234,0.00028519111392927483,0.0011447990951611695,0.0009548440958337868,0.00033045206595585624,0.0006064995207186785
2019-08-23,0.0,-0.000921019170409016,-0.0011970225496940442,-0.003107743772410432,-0.003454687622560082,-0.0042193266259110095,-0.003318708797535867,0.0007754292108738248,0.0007334032808690788,0.0022778627821907907,0.002771959271572426,0.0036849290951925704,0.003186625413035389,0.0023291483003373067,0.005485134721014395,0.006980514185109465,0.00838098371034008,0.008821123542918335,0.008102900812036646,0.007602156640111106,0.006910903286799239,0.006934107457981979,0.005750007688094535,0.004010787852271379,0.004638930037781946,0.0039782067544252035,0.0050016768723753725,0.006093773224804305,0.005898677557631831,0.0050714207959644065,0.005313162078184515,0.005684957669253695,0.005215542825730778,0.00438306788560878,0.004317928883608232,0.004592414515543796,0.006093773224804305,0.006182018286041131,0.005694250788163908,0.006386345377273401,0.00668811584366309,0.006924825854120942,0.007017638016293279,0.007569692345035709,0.007486207889329115,0.00692018501988455,0.008255855975614314,0.009302738815727064,0.009608259012525388,0.010861765873206903,0.011000433920613204,0.011092868604020891,0.012035214653310528,0.013534669363526836,0.0149582227280301,0.015054895571092592,0.013539279602406393,0.014018628434645337,0.01444708239046227,0.014009412354428468,0.013866552248791601,0.012722936084013712,0.013649918959704447,0.01419371782283263,0.013788200944547826,0.013341020135443757,0.013465513229695886,0.012962834958562257,0.010672221772430473,0.011910543358252812,0.012118320215890625,0.012529129585352046,0.01221065163033498,0.012916705028994483,0.01327646205851436
2019-08-30,0.0,-0.0006229269126247402,9.999590934163641e-05,0.00011363094046381378,0.0011765909751359407,0.0017711739335690613,0.002229351619258681,0.0017530239603397633,0.000913227550252525,0.0007678938957181477,0.0004862498192843833,-0.001127918836661647,-0.0023072260052427883,-0.0032051601335128365,-0.0029589456794807184,-0.004003494166921978,-0.004268225557395141,-0.004989746078965178,-0.004186060039477758,-0.004236271498199792,-0.004610654569500478,-0.005606647835222227,-0.006278818399798478,-0.007423004230542218,-0.007102500212341222,-0.008609763075206797,-0.008609763075206797,-0.008646442151631786,-0.009531732853122237,-0.009389483057653164,-0.00955467826369696,-0.01039943576754006,-0.010188179480731729,-0.00947666601573443,-0.009127979779343341,-0.008073485242942434,-0.008829857716790786,-0.007821488164774957,-0.0072581607627780894,-0.006878208504014522,-0.00730852671723516,-0.006535002268020501,-0.007363474288108264,-0.007496276717214149,-0.006443500495109758,-0.00640690213013772,-0.006050138249153611,-0.005442103485578079,-0.0057392171428787405,-0.006672270627879108,-0.007455060282842028,-0.007450480783884998,-0.006059284451193171,-0.0049943143228179335,-0.0033693367879614857,-0.001806192042878788,-0.0022981140558321522,-0.0017287819125861614,-0.0013008575667211506,-0.0014556175752232974,-0.001897270456902298,-0.001942812774832008,-0.0006183785947062928,-0.0007730330106256295,-0.0026079669237667703,-0.002895122196976284,-0.002389237286396024,-0.00186539206839766,-0.0014419613169012952,0.001240151066683906,0.0017983982757625895,0.0021658543722965174,0.003362552715984216,0.0036615036721359567,0.0038516986678639635
2019-09-06,0.0,0.0009174396738881662,0.0003211996375117104,0.00024320349598709113,0.001054983057580486,0.0008211480477461747,0.0002064973242990436,0.00016520127059007947,0.0006468824849319187,0.0006056046137633727,-0.0006840400866292166,-0.0008218228860424812,-0.0008861280231265312,-0.0016075475506619065,-0.0013179982115001207,-0.000927469223543169,-0.001207715750435166,-0.0013271889656014445,-0.00033048443810916155,0.00025696796301577995,0.0008670023594351175,0.0009311948636067206,0.00046341223641143303,0.0007065030687269046,0.0008990991266057288,0.0006147776212715399,0.0005459780138609677,0.0004955219599264126,0.00033955078675293893,0.0017515789318377497,0.0016416223645710367,0.001682857494158368,0.0016416223645710367,0.0016187132245103239,0.001284179998346184,0.002099694986251588,0.0021317522129837463,0.0015133244199114577,0.001440003917633201,0.0015362359744384025,0.0017882284343248404,0.003184489885616859,0.0029008175161485345,0.0024339555523412372,0.0029008175161485345,0.0032439593720697104,0.0035183881046504865,0.004208700669922335,0.004386915913280649,0.0037515933285900828,0.004332083836502247,0.0043183753475199045,0.004418899903012042,0.004350361529492118,0.004715845251260956,0.004619918703515259,0.00456966779156475,0.0035046684565136306,0.0034360673922554682,0.0027955637515131213,0.002891665454646621,0.0026079099950269474,0.003065540301800421,0.0035275344321716103,0.003321721826109052,0.0034543614695486686,0.003966459803617925,0.0037378768795955216,0.0031341667884484817,0.004290957805775213,0.005126854833570087,0.005665478252974217,0.0052044710124731115,0.004921371158524967,0.004638191136353148
2019-09-13,0.0,0.002006920460386948,0.001639437690512615,0.0012854377140464315,0.0009858013613756177,-0.0004364251395594277,-0.0013417051671753134,-0.0015328740745900317,-0.0011505727983268307,-0.0018288027806957203,-0.003806943609334318,-0.0037293851496064067,-0.002890313551287718,-0.002379918804564918,-0.0027854790870896254,-0.0035606022336861698,-0.002735344749843713,-0.0018561236921230007,-0.0009640264307764051,-0.0010186217656186676,-0.001505561993089107,-0.0017513975849470988,-0.002152148086694624,-0.002379918804564918,-0.0023844747481351165,-0.0023024709394677905,-0.0025120495960155556,-0.0025302759029562773,-0.002534832531597882,-0.002676098318854002,-0.0015783958681565185,-0.0015738435955482217,-0.0007957095761754703,-0.0004864443514943921,-0.0009230818856076395,-0.0013052961850754405,-0.0017286324911198016,-0.001714973683579029,-0.0018196959760912652,-0.001778716381646953,-0.002015510553973705,-0.0021885879154315406,-0.0023252491006789133,-0.0022660269606922952,-0.002074717859261648,-0.0013508076198312363,-0.001337153971917655,-0.0018606772499315594,-0.0015237699645393834,-0.0019380909052836856,-0.001933536994954619,-0.0006956427132335829,-0.0005091811840272115,0.0011946483000298165,0.0012491229375599221,0.0008859026222869415,0.000781452359817444,0.0008177841233197937,0.002464950621290355,0.0023969396034792083,0.0032580709112257165,0.0037155284968068258,0.003194644431555127,0.002981683250855009,0.0030723105732420922,0.003348673189934922,0.0039781323513485446,0.0039056967963245477,0.004512182591918053,0.0063023372221495295,0.007403768290932172,0.007439860253256049,0.007484973374414948,0.007453394403300453,0.00755715013533363
2019-09-20,0.0,-0.002832757494573796,-0.0012383441292369002,-0.000558461638893131,-0.0016064185682934209,-0.0015691390417389552,-0.002646145069377,-0.002576174387064326,-0.0026741347132105443,-0.003210754349100733,-0.0037803527509500546,-0.0028280917594988462,-0.0017974979577003289,-0.0018441082259508636,-0.00205388132215523,-0.0027301163512479854,-0.0017741936382436618,-0.000488636875745267,0.012570931001736516,0.01703591994539877,0.02053344876050643,0.018927748179674624,0.022054659463672834,0.02996489171036818,0.03098931781676874,0.030154512244131106,0.03801461836159213,0.040184578476000585,0.03762486920727474,0.037163245583667896,0.041332527815360634,0.04629772603631639,0.04474624570652145,0.0448797053818787,0.04631549410088617,0.04746974163752772,0.047691559658933236,0.04734106463658914,0.04534667403008477,0.04386051196959302,0.04329483433284903,0.04486191178757222,0.04442586979604952,0.044728449737308044,0.04517770102978931,0.045546736717060346,0.04634214560580923,0.04642209585902775,0.04726118782434157,0.047864543565208195,0.0469948856941261,0.048946123131274215,0.0486004994765414,0.05023451209298646,0.05049995301403237,0.05166263846180012,0.05152124324425769,0.05267391494218766,0.05387375451938236,0.0545832760187831,0.05570162274353816,0.05735044223282818,0.05632629558046593,0.052515004712890265,0.05170682036754943,0.05176867175635368,0.049853923858304755,0.04774922428591455,0.04980523351779479,0.04912331970475615,0.04895055342830343,0.049428910016821356,0.04866254328835579,0.047660508097813525,0.04830352221528132
2019-09-27,0.0,-0.001498121134383149,0.00304560211052207,0.0031448061063679557,0.0031663708902141263,0.00264437253063688,0.0009384291731447782,0.001482919677459377,0.00026821249511873777,9.518041021274648e-05,-0.0008570316068013903,-0.001372469859832191,-0.001554452693287266,-0.001680126837731011,-0.0010952263516192894,-0.0010519139958968004,-0.0005885891774307119,-0.001615120998016794,-0.0015371195679509792,-0.0011948518896253346,-0.002156965493237861,-0.0021656373919500945,-0.0021439577861711396,-0.0023867962217505256,-0.003206811583330315,-0.002334754449543005,-0.002330417757441599,-0.002334754449543005,-0.0015674527344542357,-0.002013890020682037,-0.0021266144399455724,-0.0016931285127803194,-0.0007401204007291183,-0.0011428721097480397,-0.001580452944624473,-0.001623788199160875,-0.0018838391706164268,-0.0009176576136446308,-0.001615120998016794,-0.0021482936697268026,-0.001857831030067101,-0.0017971479991910207,-0.0016367891417294951,-0.0008656922398935685,-0.000675175636228531,-0.001203515448962174,-0.00013413322911248502,-0.0003202187900591121,-0.0009739564827018282,-0.0007964092752479274,0.00010815885517901506,9.085422445949049e-05,0.001210711484040392,0.0009816535378612996,0.00160819696161157,0.0012798507434999124,0.0015390804008242472,0.0010897062763469297,-0.00022933546903352412,-0.0005020102151986436,-0.0007487800213512602,-0.0010735699392629696,-0.0014937880689776528,-0.0014721230235776458,-0.001827489054325337,-0.002287051870775881,-0.0033847873053073217,-0.00354108479184081,-0.0031981306509982835,-0.002720795387688777,-0.003120005650958386,-0.0033717636173894406,-0.003640954310227073,-0.0035106917006222775,-0.0033804460571549137
2019-10-04,0.0,-0.0007766240937582037,-0.001659285132398838,-0.0026042882245372553,-0.0026746497508835874,-0.003404942868433158,-0.003396140981308529,-0.0025515203285128856,-0.0025603147844878685,-0.0024767705752621444,-0.0021690363321238263,-0.00281978603630933,-0.0029077576743099416,-0.0033917400667985557,-0.003677839803117419,-0.0037438744449144515,-0.0027186282190326486,-0.00239762986743913,-0.0024591832100249317,-0.002375647448976543,-0.0030221323747508955,-0.0024855643738755035,-0.0028153876575515795,-0.002617480633625161,-0.0026482635983349945,-0.0026262756697069374,-0.0027274241447599926,-0.0034005419151866357,-0.0037878999621114126,-0.002182223000402514,-0.00486713103770864,-0.0048539089171005445,-0.00606225103372208,-0.007979187350377212,-0.008748761778338051,-0.009217873439940115,-0.009098361843853271,-0.006384428070582344,-0.00619463999267632,-0.006790607298333558,-0.007333909129108513,-0.0077846761034772675,-0.008399283890316848,-0.009611920239202373,-0.01076839184512062,-0.012623309460405893,-0.013040918344662035,-0.011917325215824615,-0.012276915287022667,-0.010817161411147557,-0.011659920387619076,-0.012889848190061132,-0.014673041734357935,-0.0157997371848872,-0.01669130479801911,-0.016731444036583186,-0.01628554297463909,-0.015015814681799793,-0.014859994231163388,-0.015372066912144065,-0.014561777077906242,-0.013983400342780686,-0.016116152690104222,-0.016414833814563306,-0.017512249644510997,-0.016664546200703265,-0.015447786864164821,-0.015875489528233092,-0.0163791657063067,-0.016258795232592806,-0.018445554168228493,-0.019589928753897798,-0.02010442986695071,-0.019992559278730417,-0.02030135250384418
2019-10-11,0.0,0.0015920330967561036,0.002378269582409553,0.0034991332059424642,0.0057414989813740665,0.0052837424206396534,0.00479053936511336,0.005618277442093256,0.005415809088085419,0.003829856765955079,0.0046231473325833074,0.004825776222870396,0.004693631603606809,0.004164878435292505,0.0037857666103978073,0.0027888103321372757,0.0011810006260340928,-0.0003187109938003124,-0.003413714018657819,-0.0044845610898461155,-0.003400391195551254,-0.0035291859213632385,-0.0036091358194697254,-0.003960102647822261,-0.004537911258134143,-0.0017852045433158123,-0.0017275675279219784,-0.0017807708088033434,-0.0025480995004125324,-0.003724630291410884,-0.0045290193657614485,-0.004502344163028356,-0.004804704801534231,-0.0036446711593689507,-0.0031694904596395366,-0.004200074918844738,-0.0038090385341479852,-0.0036446711593689507,-0.0038978970137489083,-0.002867623767004686,-0.0038090385341479852,-0.0025392252835620102,-0.003373746081819481,-0.0037912677856880394,-0.0022907791795604136,-0.0020024816190003054,-0.0012532967104002548,-0.0015369456789776225,-0.001971439146243328,-0.002525914105944186,-0.0017940720713151912,-0.002308523282973605,-0.0030673782915539333,-0.0024016849918040133,-0.0018472788906682507,-0.0009431477477992661,-0.00043382604256363215,0.0031197688572299435,0.003935665208685658,0.002002896689198428,0.0020073136600839113,0.0018747960460905224,0.0020426487248390536,0.0014992340794754506,0.0006548093323080292,-1.7703501752977918e-05,-0.00038069437341969653,-0.0008944187981420221,-0.0012355713209950513,0.0007388416449930232,0.0017820232664410018,0.0014285242856976988,0.001132372706967892,0.0007123058880589188,0.0007255738545442705
2019-10-18,0.0,-8.203923639011468e-05,0.0014324424726411909,0.003448190101409149,0.0039514927668474744,0.0038826800020526,0.0034051610266566286,0.0038826800020526,0.0044760344498406554,0.004686633605214047,0.004725310261922607,0.0033061871277142076,0.0036030794418902266,0.004218097513991032,0.004424452384913187,0.00452761385419616,0.004746796647075519,0.005455588487411737,0.005627341181130952,0.005296690978117982,0.004708120821395646,0.004940153341364308,0.00434707429834868,0.004592084368628618,0.0046178714106414375,0.004991708812914962,0.005223675548207381,0.004888595211709968,0.005219380356888631,0.0050948117828016485,0.004561998645806148,0.004901484993335874,0.005532880850105986,0.005683154455688758,0.006545717350733876,0.006524269583553039,0.005833405482507944,0.00601796870129929,0.006335509394232226,0.006258279046099495,0.0062883137791251206,0.006163878297688835,0.005116290230254195,0.005361111930410671,0.005996509611979261,0.005945005918723871,0.006223952532296937,0.006112383224039497,0.005897791869530898,0.005833405482507944,0.005932129580925957,0.005936421711947518,0.005511411348605479,0.005640221444060121,0.005661688180279875,0.007930269317928344,0.007510391076448004,0.007896000150751497,0.00760466480457248,0.00813585966275934,0.008927843967214799,0.008491259930695175,0.00655000684896979,0.007068900373800523,0.006790189388854014,0.006395573319427945,0.00648137266912144,0.005872037812192357,0.005717499537905823,0.007544673460448273,0.00760466480457248,0.00742896570382818,0.00736467783128471,0.0071803630210679845,0.007343247621974998
2019-10-25,0.0,-0.0042852598651868246,-0.0034663719553442844,-0.003151924830482949,-0.002661068103425402,-0.002867715254152306,-0.0020155708544987187,-0.0026180219881153637,-0.0029495248831910817,-0.004509493483057709,-0.00511344941263462,-0.004876137508171529,-0.004845938214401288,-0.005324920192692537,-0.006253331143809494,-0.0060978161946215,-0.005687545604619721,-0.00598551488144204,-0.006326777166416207,-0.005536435702100277,-0.004867509045461566,-0.004738091038059428,-0.004561246843803159,-0.005277443267548205,-0.005402614568953741,-0.005609829088525726,-0.005467364493974356,-0.005635733922800904,-0.005765268161040138,-0.004914966511716402,-0.005130710657257141,-0.005579607629992661,-0.005963919920841173,-0.006274932355206191,-0.005976876841240467,-0.006084857707136025,-0.006439116812491678,-0.006806469135588338,-0.006249010957522959,-0.006318136177887209,-0.006365662538824241,-0.007221523509345444,-0.01038765250041355,-0.010279206039240688,-0.010279206039240688,-0.010930061285980583,-0.010413681401171177,-0.010656650484550662,-0.012467761294465453,-0.011872382200758728,-0.010838916045977521,-0.010283543671890794,-0.010322583212443821,-0.010058011719129302,-0.010513465130865958,-0.00939038838994302,-0.008987429016226624,-0.009607100350257355,-0.00999296387641808,-0.007952610980398898,-0.008039165587754703,-0.007675686570338757,-0.006145332085456253,-0.0037119679253580246,-0.002665372816871492,-0.002303841469457231,-0.0028117441008088935,-0.003315597296401701,-0.0029882791488565056,-0.0026266310629412706,-0.004414619277558024,-0.004983999574266171,-0.005061667466398565,-0.005320604015444299,-0.0055839249252936035
2019-11-01,0.0,0.0008147632177770696,0.001461061712659268,0.0009952652237284255,-4.201530617675726e-06,-0.0006009981793719935,-3.781441107660042e-05,0.00042846341913967394,0.0006132341150332842,4.201433529737107e-05,-0.00020169338472070228,-0.0005505508799732681,-0.001000462482036751,-0.0017493623075147645,-0.0010130797437125916,-0.0016020624194068112,-0.0034975739956553805,-0.0038981972865041736,-0.00239773970270085,-0.002153496266581828,-0.0018672178420207498,-0.0020945498909248524,-0.0014127087250763947,-0.0011981512070623921,-0.0018419619152953203,-0.0016567712736276368,-0.0014253311892760728,-0.0014674072206709893,-0.001492653689322477,-0.00160627068654757,-0.0018882649348918186,-0.0024187979645948028,-0.002385104958417403,-0.0025240959263342386,-0.002604129793339635,-0.0009037354309796954,8.40300827692166e-06,-0.0003740053707063784,-0.0006892870775207655,-0.0010635503824292475,-0.0013664277194239,-0.001572605045277078,-0.001543148538858675,-0.001951408871516382,-0.0020566576270469785,-0.0019556186090601444,-0.0026841700662775946,-0.002570430542302331,-0.002549369087081371,-0.0017493623075147645,-0.001728318137906404,-0.0015894377242404545,-0.001724109357126992,-0.001400086420201308,-0.0020945498909248524,-0.0015389405373438339,-0.001728318137906404,-0.0006682652042608706,-0.00024792051543188787,-0.0001134475232891241,-0.0002269079183791874,-0.000458070773639308,-0.0006430395396684287,-0.0007901982211399043,-0.0002689335540231011,0.0007643847495238431,0.000944895848298133,-0.000319366648230212,-0.0001134475232891241,0.00021005402666775307,-0.0009373785614762415,-0.0005589585864772302,-0.0003824115929921839,-0.0003235695208936382,-7.142842139923593e-05
2019-11-08,0.0,-0.00027950498597757267,0.00035031382638221466,0.0004128569551017511,-0.00013765687169381646,-1.2513478058841276e-05,-7.508321726770884e-05,0.0002585768279524003,0.00013763792488750908,0.0005796195106240466,0.0007546902688358433,0.0003294652475248426,0.0007630262071498127,0.0005962942367420079,-0.00013765687169381646,-0.00047562228143923214,-0.0017116286355281518,-0.0021755251656681855,-0.0021797053919439943,-0.0018077336658647578,-0.0019916125069432064,-0.0015486890377119972,-0.0016322444893360256,-0.0018119123549681375,-0.0017868404822651523,-0.0018453424964226617,-0.001974894851426764,-0.001866236902364114,-0.001465140567018063,-0.0016029992871137311,-0.0018787737554886831,-0.0019456396267550303,-0.0019874330668627448,-0.000517354328318713,-0.0005048345313896367,0.0005712820432963618,0.00010010218773363345,0.0009088938804231041,0.0007755299843327961,0.0009714020846452425,0.0008588845036546854,0.0015088114097578952,0.0018461069275499235,0.002066744905236679,0.0012505577032149292,0.0036223174116096356,0.0037179020258843146,0.0033230369295294054,0.003530880100135318,0.003896579192041283,0.0036306294799017228,0.0023580789675783772,-0.00012097018099786569,-0.0007009960271866466,-0.00034209143352863784,-0.00026281592815788216,0.00010010218773363345,0.00020436464562782687,0.0001334673570023056,-6.674035917124713e-05,-0.0005924764017233801,-0.0013941298548134774,-0.0014108378040384709,-5.422620253147722e-05,-0.0007385632568792512,-0.001231241977696886,-0.0014860270302932152,-0.0017283418903930939,-0.0035643213195494044,-0.003995575081385563,-0.004619756910311994,-0.005156278086426849,-0.0064526611918122945,-0.006939763488724672,-0.006519833610842336
2019-11-15,0.0,0.001086133868970358,0.001723007177852585,0.002233888543051047,0.000822047699891658,0.0009478117164570429,0.0010442200856164222,0.00025171903254647156,0.0006207923690908681,0.0013208185962624195,0.0011490012502502946,0.001626664230396038,0.0041578186370354485,0.004696691653582333,0.003890362974574954,0.003221410696095749,0.0034890453095396223,0.0018737862031004936,0.0025478254610527083,0.002309242392203264,0.0017188185470530545,0.0010609858097705468,0.0008178552935970697,0.0011699561657502158,0.0017565155926563265,0.0013291991751090341,0.0013208185962624195,0.0008807395425807233,0.000612405851256682,0.0008807395425807233,0.0009310440947342264,0.0012872955785172835,0.0015261225620736734,0.0014884168301694859,0.0018151526169280293,0.0016936863938126615,0.0012831051222814732,0.0013878612605631095,0.0013627207881723546,0.0015009855654407528,0.0018989138305095328,0.0017523271022093384,0.0012202461714604794,0.0009436198373842609,0.000796892998476683,0.0013291991751090341,0.001723007177852585,0.0015847730970670452,0.0015680161523604118,0.0012998668418666476,0.0012747241571294924,0.0011909106421510763,0.0023804047029990882,0.0024306338736003784,0.0033092361994236526,0.004007383628853737,0.0031879513324897836,0.0026608186292710963,0.0030206377194640288,0.00340123559731072,0.003652100035665643,0.0031544908493173454,0.0034221433710309008,0.00341796185125743,0.003279961888674917,0.0032465044841297926,0.002786351621598498,0.0026482644632756973,0.0024097053591264276,0.0023008700226970747,0.0003943316967927079,-0.0011125176159062157,-0.002045467190835399,-0.002381878692553194,-0.0017848260963489746
2019-11-22,0.0,-0.0001963877201309427,-0.0003092236421932203,-0.0009823245094006882,-0.0011328935351270573,-0.001070153685891243,-0.0019363114518799313,-0.002216822821756605,-0.002087024197858418,-0.0015052309608038239,-0.0018525919623525095,-0.002401082058271976,-0.003042066095417517,-0.0032348606105917104,-0.00299596856560836,-0.0031216941069176643,-0.0024680938356170926,-0.0026901024278424886,-0.0027780817318152824,-0.002434587385622191,-0.001990732878865038,-0.001999105668971806,-0.0019070088332702804,-0.002765512785909809,-0.002736185859809382,-0.0033186959078159517,-0.003587016099262237,-0.003968657876473766,-0.005030471915376346,-0.005253050170399865,-0.004803745011158714,-0.004824736083656316,-0.00500107849068336,-0.0053706586853917914,-0.0051186573736513525,-0.005353856622098119,-0.005345455696316041,-0.004891910476802983,-0.005051467747704476,-0.004883513430883679,-0.005404263658931182,-0.005895865471371532,-0.0051186573736513525,-0.0050430693618740636,-0.005454673236761579,-0.00533285443997066,-0.005454673236761579,-0.006383504258406581,-0.0060009399377425,-0.005190051298058838,-0.005316053011848858,-0.004883513430883679,-0.00449732552048169,-0.004388212483463969,-0.004723982953927121,-0.004707191752516138,-0.005026272801809266,-0.0038386316823040044,-0.0038847680740689734,-0.0040525547169680464,-0.004610647815505403,-0.00434205285927894,-0.004572872290263619,-0.004283307328118577,-0.004682005479033941,-0.0048079431904084384,-0.005223650202737627,-0.005496683159511439,-0.005211050481191351,-0.003972852551333986,-0.003591209173561594,-0.003972852551333986,-0.004367230571969023,-0.0041574356666981924,-0.00412387256596806
2019-11-29,0.0,-0.0018705764685707491,-0.0024027228667613983,-0.0026379475590104745,-0.00210980105209991,-0.0021469272378216286,-0.0025100114773530394,-0.0033067831494812874,-0.003637237403162724,-0.004286071487647035,-0.004029793714207639,-0.00422819657185965,-0.004426638801017024,-0.004157924391140271,-0.004277803437460033,-0.0044183695885354245,-0.004931190112594621,-0.005440134932033033,-0.005435996124713132,-0.005763014691105233,-0.005671935485252924,-0.0059617617571347484,-0.0065582400675662615,-0.006806877741598618,-0.006835889497578636,-0.006786155574059147,-0.007026559121583712,-0.007569752323048638,-0.0072421424826999755,-0.007416301440508599,-0.008013648242968754,-0.00822114381368274,-0.008814818908183213,-0.0095958514895242,-0.008324907746677957,-0.008403775537320723,-0.007661004552569637,-0.007669300622721367,-0.008179641255044032,-0.008167190823325262,-0.008142290424917594,-0.007951407966435843,-0.007271166869406364,-0.006537523051644489,-0.007254581402421425,-0.00771907848900342,-0.007810344346509523,-0.007959706446154409,-0.008308304793842522,-0.007922363829719007,-0.007968004994738312,-0.008237745319439809,-0.007528276789459942,-0.00829585276011395,-0.008466043976582427,-0.00885634783724117,-0.008769139078104116,-0.008698547081131002,-0.00828340088143648,-0.008607200128734073,-0.009762107366013318,-0.009014173498359824,-0.008960177705865095,-0.007540719268914462,-0.0070141230378721236,-0.007362391855163914,-0.007408007468981754,-0.007453625163678628,-0.007810344346509523,-0.0063635170604278285,-0.005833399759563086,-0.006599675387038513,-0.007184096236409913,-0.00772322675637574,-0.007366538643165604
2019-12-06,0.0,-0.0003817253200772816,-0.0004854802096194871,-0.0003236272837745737,0.00033181665775184797,-0.00023233718868654325,-0.0011954524425770337,-0.0008798469965939657,-0.00022818783691889871,-0.00021573988491812977,-0.001120694781958587,-0.001257754762527906,-0.0014114504163588585,-0.0019183981035672485,-0.0026834613625492188,-0.001777091767820867,-0.0018851477575527126,-0.0027916153406411202,-0.002953868243347826,-0.0025794781827745967,-0.003265967068852481,-0.0035240423283600204,-0.0032576431692719426,-0.0037780201004250775,-0.004252840073442817,-0.004473666506847564,-0.0057328919578147845,-0.006304653227593181,-0.00616689981850036,-0.0062253383411911304,-0.006985350070261634,-0.006968640306328517,-0.006279605741733332,-0.005436706284778577,-0.005862239981369685,-0.006262907766362427,-0.006438250415571099,-0.005670310210386808,-0.005090572244044586,-0.005261539145685914,-0.005211497026892073,-0.005407509630713007,-0.005582702343144368,-0.006262907766362427,-0.006250384467808892,-0.006743085817255577,-0.00689762692445344,-0.006830795406684901,-0.006538460020745672,-0.006125160107333027,-0.006738909362022054,-0.00755364824151274,-0.007357214557101706,-0.007415722683479224,-0.007842099531823854,-0.007403184939645929,-0.00944472768231749,-0.009888729063502529,-0.010140138002414482,-0.011003790046270062,-0.011091874154066506,-0.011360368823543097,-0.011712877514014671,-0.012388866698737698,-0.012691320356321895,-0.011167380993763628,-0.010395801902178595,-0.01031197047037244,-0.010739584266175438,-0.009515922179431632,-0.01003537659642064,-0.010152710108682494,-0.010777323675558115,-0.01123030771561682,-0.01102476174915217
2019-12-13,0.0,-0.0008178974679724259,-0.0009674332841557683,-0.00018261959559018114,7.884815302300799e-05,-0.00026563952872374276,-0.0005811781474558527,-0.0006642311768627833,-0.0007016072906235269,-0.0005894831400021086,-0.00012035916850500486,0.0008669879351441324,0.0015219156677992033,0.001443181220401912,0.0013188510490390252,0.0009457677600862693,0.0013395738177674648,0.0015343468559930135,0.001090872245935202,0.0008877200697461995,0.00132299563713964,0.0011406175087456158,0.0010701443227272558,0.0011323268034552191,0.000539363149679631,0.00019918334893048454,-0.0002697907063089642,-0.0003528178769983078,5.8099241821365e-05,6.2249058503133e-05,0.0003817332394928232,0.00041492054866881925,0.0002531220123849647,0.0007301450657917195,0.0005559543264922828,0.0010991632949188166,0.001418316422737994,0.0016006439165713298,0.0014514693489011536,0.0008421088062441544,0.0011945054177624737,0.0011820700041915828,0.0011530534378029098,0.0017373677243354676,0.0017373677243354676,0.0022592322005225117,0.0025945727502700287,0.002234387685776086,0.002565597141521665,0.0024703856581169033,0.0025531787664656957,0.0027063279485553295,0.002192978789482863,0.002958765942227638,0.002942214583360597,0.002710466790135101,0.0026483823677175417,0.0029546281281932723,0.003190456206480606,0.002971179281602253,0.0027601315529959232,0.002739438201562053,0.003169771758082382,0.0031863193510286206,0.002942214583360597,0.0030663430979086235,0.002764270171897551,0.0035172137201575845,0.0034841292099087296,0.004153877293915004,0.0041290798067256185,0.0040340170755846306,0.003984415541233588,0.002913249046140897,0.0036784850346822224
2019-12-20,0.0,0.000821926772725041,0.0007446456054967572,0.00016688137418737197,0.0005127662630766864,0.0008137921942588014,0.0005209032906203985,0.0003703575620711638,-0.000154695413182381,0.00042325458988088423,0.00048428614524837805,0.0005046291693209963,-4.477779022348179e-05,-4.884859785150325e-05,-0.0010915208655935408,-0.0010996710241142202,-0.0011852516992349486,-0.0005456115055790492,-0.00026055343324768134,0.00019537053304672888,0.00041918568708094865,0.0002686246434492494,-9.769958200486448e-05,2.8493913498544335e-05,-2.0353292451072202e-05,0.0002604855628396992,0.00045580521627985675,0.0006429507591006759,0.0005331087077917251,0.00036628844403223306,0.00027269415891231086,0.0002930414878174273,-4.0706999167089675e-05,-0.00028091202956379105,0.00024420720288400335,0.00019537053304672888,0.0001750212166812936,0.0004883547831700379,0.0003947719225993912,0.0002930414878174273,0.00022385888029725727,0.00019944034662905982,-0.0001709805330616815,0.00019537053304672888,0.0003215270527593874,-0.00021983748399038294,-0.0003257024004560786,-0.0003419903054652565,-0.00047230309707186306,-0.0006718774748280586,-0.0006229984341509925,-0.0010629958338575526,-0.0008388988926577811,-0.001005948211301838,-0.0009122341816317007,-0.001148573370214103,-0.0013645873426746359,-0.0012952947587876098,-0.0012749155007956716,-0.00031755854743624197,-0.00030941476073820717,-0.00047230309707186306,0.00010990062145629893,-7.73447152572805e-05,-0.0009163085220469479,-0.0009815002264256206,-0.0007370532457582589,-0.0004926660048143569,-0.0001384105585038911,0.0002686246434492494,-0.0004397233071271952,-0.0007044648293080193,-0.0006678041301843738,-0.0005293202836964398,-0.0007655689813542108
2019-12-27,0.0,-0.00044345352471581297,-0.000652930510738348,-0.000414705205977144,0.0005171140228505261,0.000685323637042032,0.00028321461084136485,0.0009888498759340236,0.0010298598700753025,0.0009519394431960565,0.0008699113813501995,0.0005827601655479447,0.0004473602740712105,-4.105225131118739e-05,0.00023806982946786526,0.0004760829951816904,0.0024109142396103673,0.0026770704339197735,0.002050466789355256,0.002660693636565692,0.0022225147338067724,0.002017692395985891,0.0020135955212865317,0.002742574941472057,0.002963620981349901,0.002431390308205893,0.002247090595396733,0.002058660219862713,0.0020832401085989637,0.0021774574188462917,0.0020135955212865317,0.0019849169284202376,0.0018660968526044617,0.0021938421319095767,0.0024846261244567884,0.002849010615535403,0.0031191426134944025,0.0027957941945728187,0.0025255748239317753,0.0026320335958257787,0.0029063174403845342,0.0028776644384692117,0.0032746400624220256,0.003164157519574488,0.0028203559715367205,0.0029185970470281654,0.0030782182131335067,0.0030250139887055888,0.003863674227071625,0.0039250120040053025,0.004039499122285038,0.0040476762720577505,0.004239820045248826,0.004153973134765174,0.004178501575493403,0.004149885002816625,0.0038064222406163626,0.003606014471486305,0.0033155564252903666,0.0030413848207944067,0.0029963643876493515,0.0028735710854602718,0.002959527980177254,0.0035323852030007996,0.0033564711140784548,0.003160065339117291,0.0021856498089351762,0.0025255748239317753,0.002431390308205893,0.004767003731928661,0.005575629112917645,0.005681763691663116,0.006065387059846964,0.006363205845438048,0.006126589941297668
2020-01-03,0.0,-0.0010077581907027536,-0.0007506221541196126,-0.00082408284656045,-0.0011710534902021354,-0.001252711140548706,-0.002020619160033707,-0.0013425422581081973,-0.0016120840387157942,-0.0007383792300194551,-0.00043643454072771914,-0.00044459400938317396,0.0003587941294106193,0.0003465646306364616,-7.748381509721323e-05,-0.0004731526739819877,-0.0011751362143590117,-0.0015181445642585083,-0.0012608772723337945,-0.0012241302044394139,-0.0012690434708051358,-0.0014242139135971874,-0.0015344812302721996,-0.0013792936776358393,-0.0009832661955020464,-0.0010526617399275852,-0.0013547925812106348,-0.0012363790770328201,-0.0015263128639044663,-0.0016896928698228683,-0.002024705354213862,-0.002347567468332207,-0.002380268179166856,-0.0028586382954728625,-0.0030058751507596707,-0.0029322540132797692,-0.0031204076944890526,-0.0028422799829961073,-0.00251108171691939,-0.00251108171691939,-0.002740046592254884,-0.002417057757092391,-0.002249471751357905,-0.0024579366533679266,-0.002605114518082714,-0.0025724064539065423,-0.0017182871154371611,-0.001861270609257773,-0.0019634141946272754,-0.0023761805318327075,-0.0024988172207958265,-0.002539699459512954,-0.002453848688540766,-0.0023925312214235334,-0.002862727915404044,-0.0029895144295786994,-0.0027727601401646698,-0.0028422799829961073,-0.003161315353635709,-0.003288139732724234,-0.0036318737514539567,-0.0034395318242087538,-0.003893845664651229,-0.003934784976221414,-0.003128589092444575,-0.0038078785654352596,-0.00437703637058396,-0.00458594531367053,-0.005094062912847357,-0.0031817698107649236,-0.002208601375835164,-0.002417057757092391,-0.002359830109582672,-0.002318955223515684,-0.0023230426369392795
2020-01-10,0.0,-0.0011741875808851296,-0.0014434665269389283,-0.0018842612706604397,-0.002239487281839211,-0.002672461988175983,-0.0008315737604080427,-0.00033417692941581384,-0.00042385315753074986,-2.037344525220309e-05,-2.444818411232324e-05,-0.00010594644824434173,0.0002444489724945315,0.0004969834834918992,0.0008756657145872982,0.0008675235192884523,0.0009123047730491516,0.0011524609164001228,0.000900091902718883,0.0005010560982123119,0.0006395151308494351,0.0008512389298024727,0.0009408008904548943,0.001315245841247604,0.0017749701368225883,0.001681415064340711,0.001917319759938081,0.0020515165617826484,0.002433675438820893,0.0026572113304711986,0.0030147648555731224,0.0032584780713161305,0.0025962519517503026,0.0025596745407361022,0.0029010116916906854,0.002746611697885018,0.002714103398106895,0.0023930271803900716,0.002579995489806335,0.00279537216615767,0.002714103398106895,0.0031122572695220316,0.0031163192471770395,0.0027750555933190816,0.0024499342795661146,0.0016732794269949539,0.0013396612946031843,0.0014373171473180334,0.0015837830474705302,0.0017505653095466725,0.0014251106872525093,0.0010181434018047843,0.00032184535812195274,-0.00033010092829882057,-0.00011817176075420173,-0.0007051625936479637,-0.0006113839885563925,-0.0007663272918498356,-0.001472030668741353,-0.0021210645902796504,-0.001574052121900968,-0.0017617987950509,-0.003191461679026783,-0.002415105366052258,-0.002321166275272752,-0.002223152283696967,-0.002239487281839211,-0.0028318111900307017,-0.0029707517277905255,-0.0008438079472119282,-0.0006684655703841339,-0.0005013072812880483,-0.0009498438363813419,-0.0009416868303288047,-0.0009457653250380354
2020-01-17,0.0,0.0007204844557507879,0.00040078294901424525,-1.6196627052788012e-05,-0.00012553072178432285,0.0004291150579975689,0.0007609457141014308,0.0007568996619355872,0.0014606664610573154,0.0019174452890143507,0.0027253922993263294,0.002551738769987964,0.002466920271426422,0.001929569317829537,0.0020871683176040033,0.002563855111095244,0.002596164636350225,0.002983797536700362,0.002761734570843562,0.002301301513309677,0.002321500391464665,0.002580010004210912,0.0024588419439633426,0.0018568229399606065,0.0016708914834605872,0.0014081032993305735,0.0011897344330105536,0.0007366691555450975,0.0005343415784155822,0.0003157818054952381,0.00031982964283681356,0.00038864037086138646,0.0005707635635391051,0.00036840241295160633,-0.00022272662019392562,-0.00021462660115877227,-0.00013363001917027217,0.0002469660636648083,0.0008863652121426383,0.0010117689821061656,0.0011128896008886968,0.0009430011201326346,0.0008742285288148126,0.0006962069149025511,0.0002955423730082399,0.0015374845739976127,0.0014647096667534767,0.0013474500639673343,0.0014000164138327877,0.0011492905206225222,0.0011816457813887816,0.00119782301920657,0.0012139999953257902,0.0009753630560264991,0.0012059115399778886,0.0011695126812801832,0.0012301767097544656,0.0013919294629367563,0.0010036788908499388,0.0012261325556801907,0.0013110563568397525,0.000623370755763784,0.00047768252023573735,0.000991543631246208,0.0007690377693216132,0.0007407152895652877,0.0008256803224592756,0.0006071842221501636,0.0009996338206782127,0.0017800293550165548,0.0010522184566729947,0.0005505292911325047,0.00038459281204520425,0.0004331624366117182,0.0005909974265282098
2020-01-24,0.0,-0.0024343847141013145,-0.001271873312366289,0.000192691262047571,0.0008606734275835862,0.0021584790085299034,0.00208483166471098,0.0014504216549548286,0.0018679496497224376,0.001753351479893515,0.002363026509263648,0.003254365047931147,0.003985650406402229,0.004238820133555393,0.0033973958713172507,0.004042823366874527,0.0038222810769967565,0.0037896040081268033,0.0036629702796769797,0.003254365047931147,0.002911007580824766,0.0036016901374878634,0.003340185996877327,0.003000945932233767,0.003090876195462924,0.002878300720149087,0.0028251497898931026,0.002530724244714652,0.002563442475315562,0.002911007580824766,0.003250278152357438,0.003037736562890561,0.0029968580008292345,0.0025143647279745715,0.0026943046939441207,0.002788351337059317,0.002502094914782056,0.0025920700489876184,0.003033648781881144,0.00335653200926803,0.0032012341026169777,0.003258451926801987,0.0031072262835494494,0.0028823891362353897,0.003070438209421501,0.003099051272921859,0.00398156649842899,0.004046907024688525,0.004116326656179871,0.0039652306997511695,0.004026488568854101,0.004426614328000766,0.005006104474520893,0.004871464178108779,0.004777613250037924,0.004777613250037924,0.004989785404054723,0.005699418912221266,0.005564871937796203,0.005646417719682047,0.00584617678645216,0.005813565786759172,0.006339288514775633,0.005520018923156459,0.005707572692517732,0.005821718636384013,0.006025518277586943,0.006041820454742904,0.005756493978178839,0.005458852479048606,0.00479393578329551,0.004667429181318309,0.004834740950867525,0.004887785179565852,0.004973466067272146
2020-01-31,0.0,-0.001745244446291725,-0.0006944243790529976,-0.0011080012875052015,-0.0019770699489632545,-0.0030831204056521633,-0.0038211675995384496,-0.004630328170762456,-0.004792238883585389,-0.004269237173983932,-0.003609648957114257,-0.004202843826573003,-0.0043107352547037325,-0.004966633589072044,-0.005456762486166631,-0.0055190842200605415,-0.0048379107478566784,-0.005103679339726175,-0.0057185398730042695,-0.006383679514488989,-0.006337936999100072,-0.0062381424095473235,-0.00657914838045609,-0.00807345966251636,-0.008340089669136942,-0.00840675828032941,-0.00883187519388129,-0.009791135886037083,-0.009766100001267515,-0.010442288992629962,-0.009853728340328521,-0.010225190842538949,-0.010442288992629962,-0.010112485389771735,-0.009816172397617758,-0.010396360453253916,-0.010304509702309412,-0.010488219641533849,-0.010350434023211496,-0.01096853005658828,-0.009052840647040348,-0.007856875116642986,-0.007536249519229457,-0.007194917070601659,-0.008265092793971534,-0.007727779721213205,-0.007636173743442669,-0.008215098001752016,-0.008265092793971534,-0.007765257312740907,-0.007336431020367179,-0.0070076499834932785,-0.0069702007739791605,-0.0065126014981530195,-0.0062381424095473235,-0.005714384141106987,-0.006616582947956053,-0.006924431422377346,-0.005938818380739078,-0.00500400784029368,-0.003982947342993292,-0.004406187376199473,-0.0049458707197257675,-0.0050496893776930205,-0.004904346274278802,-0.0054941550604212415,-0.006400313675233572,-0.007095036926691074,-0.006678977008061781,-0.006895306562018557,-0.010575911284367571,-0.011453250912836013,-0.011357123790912527,-0.011796040217822079,-0.010897513114840255
2020-02-07,0.0,-0.0019276002821794545,-0.0021296367277673952,-0.00276487428259204,-0.002360585515900306,-0.0016555340612323917,-0.0017462145773489866,-0.001115743000827844,-0.0013464577230985779,-0.002001813008871415,-0.002405956724576462,-0.0018162915177360307,-0.002698856787932019,-0.002888668833314054,-0.003388129137635681,-0.0036441476384351853,-0.0028267696423166996,-0.003388129137635681,-0.003400515620679735,-0.0032395033070184136,-0.003123920708675466,-0.0032106064049706195,-0.003635887953955187,-0.0038093556563560073,-0.0037267482356844518,-0.003652407391138246,-0.0040944036516928455,-0.004850794258086386,-0.004644073347116697,-0.0046234036061698555,-0.004453927843898298,-0.004445661468207999,-0.004429128921823478,-0.0044869940300061115,-0.004706085133510115,-0.0050865082347420765,-0.005562240716592576,-0.0055415519888450705,-0.004722622259358039,-0.00320647834427166,-0.003573942494847241,-0.0038878390272159102,-0.002839149173999133,-0.0027483695003310974,-0.0034335469922277904,-0.00386718491136616,-0.0034170311700697687,-0.004036561255679344,-0.003863054139386884,-0.00456139694663474,-0.004784638917052183,-0.00474329405125168,-0.005136139310423169,-0.004772235277824316,-0.004590332909284543,-0.005082372422954644,-0.005285047318640031,-0.005318140998577453,-0.004888008560787672,-0.004706085133510115,-0.004921089103642435,-0.005140275344586766,-0.0048053119909942715,-0.0035532948611685967,-0.0038176167737548035,-0.003652407391138246,-0.003235375127029811,-0.0036771870585965167,-0.003528518263489693,-0.0034129022571506517,-0.003123920708675466,-0.0034211601000369895,-0.004102667124252087,-0.0044249958279340956,-0.004718487952257507
2020-02-14,0.0,0.0006129729789125709,0.0007232682230523974,0.0012092393887992577,0.0005884612725288033,-0.00012263969698833097,-0.0001635229385445752,-0.0007074290565838015,-0.0010470091669988813,-0.0016732845071044113,-0.0020705381382919385,-0.0024556561981235858,-0.0018944165402090176,-0.001861653153290867,-0.0017879394572528024,-0.0016487172994121234,-0.0018862255928438917,-0.0019067030870546428,-0.0030705136320597747,-0.004494334348121492,-0.006886975039640988,-0.00796182549800839,-0.00866254149352333,-0.008575955873691522,-0.00824205297861918,-0.008225566835222338,-0.007084562009423227,-0.004917357491331139,-0.005389876416287749,-0.003960676976321481,-0.0056118319274500285,-0.005504958309512076,-0.005874954120447161,-0.005344669295747667,-0.00486395635223104,-0.005167970158442673,-0.005426865580521841,-0.0055707253380579795,-0.005467966256633731,-0.005829725066117152,-0.006002428826142821,-0.006216293861669934,-0.005879065954098767,-0.006027103226864555,-0.005924297240175784,-0.006018878358976564,-0.006055890797216212,-0.0060147659504004875,-0.006438432896936698,-0.006627701374836948,-0.007521038253104044,-0.007607532576453062,-0.008270904383581494,-0.008134897904517761,-0.007656961263225391,-0.007776424010557409,-0.007327482824608458,-0.0065248336276939,-0.006553635530267328,-0.006742925815714328,-0.0070639782117529505,-0.007084562009423227,-0.007842340601375284,-0.008336853577994853,-0.008493500348093822,-0.00991268348348551,-0.010780036376996309,-0.01016042184001764,-0.009322487731858946,-0.008720269405397173,-0.009157460336936991,-0.00926472504571308,-0.009297731886383791,-0.009702154125214532,-0.009718664630023698
2020-02-28,0.0,-0.0021240253633476335,-0.003339782784512972,-0.002982831147669073,-0.0053693355237385285,-0.005744812881343771,-0.0069428651951738436,-0.007872233291806755,-0.008106924662662385,-0.006253036165815276,-0.00525009574344011,-0.006571359664756215,-0.006774786073743468,-0.006359132740321618,-0.0070401870740937735,-0.006138110911306114,-0.005899462192247484,-0.00603203778262396,-0.006602313188043502,-0.007199461490977277,-0.007433995002686994,-0.007075579196695733,-0.007540216953553075,-0.008018355410306066,-0.007553495490789604,-0.00762874386579224,-0.007464975239511282,-0.006253036165815276,-0.006704024368179806,-0.0070976999094259545,-0.0065359853827399545,-0.007155216052674724,-0.007513660408027077,-0.008979751236050269,-0.009773488293581956,-0.01056785587012947,-0.010998586987342497,-0.010887556065116622,-0.010505703810656634,-0.009161501312464392,-0.008815761225776889,-0.008789170785038776,-0.007721705559001463,-0.006730559420986222,-0.0065006123520192595,-0.005643199212008677,-0.006367974629656549,-0.007695144193391566,-0.006819014682584038,-0.0068411297205895885,-0.007765976069536132,-0.006894207807314046,-0.006872091595466307,-0.006991524950690127,-0.006699601927833067,-0.006222093451827336,-0.00629282106214759,-0.007084427423068885,-0.008762581051333289,-0.009445274792190076,-0.009693642661760888,-0.010217191268346816,-0.010270448857565737,-0.008842352373585454,-0.008984183771748734,-0.010456872759425319,-0.010283763698065348,-0.011278439600127085,-0.014059005912964204,-0.015748914797002342,-0.01597207130204789,-0.016141703557581478,-0.013827367695186292,-0.014027820719691414,-0.013796189724647146
2020-03-06,0.0,-0.0010972282375233697,0.0035167217190453714,0.0019993433478678636,0.001410910819308655,0.0016527118273825987,0.0016070934705479276,0.0015934075576860844,0.0007764755708980738,0.0032252721195469435,0.003462081389004172,0.0017439422984233488,-7.768072767900602e-05,-0.0002513418239169261,-0.0015822209263856904,-0.001627987097870343,-0.0014037528682622519,-0.0036070880778285267,-0.0033594861471025394,-0.002910291023858891,-0.0033044718204413106,-0.0034786942387223375,-0.003327394088738282,-0.003785949829637177,-0.0042447159403736796,-0.004212595461041456,-0.00206744894729531,-0.0020537128407943114,-0.003579573724505914,-0.0029286215694223454,-0.0029377869682089496,-0.0031669492436015444,-0.0014769666800805278,-0.0020628702241636907,-0.00222313800907938,-0.001508999408379403,-0.0024567170594747456,-0.0023925918871163204,-0.0023559507776194917,0.0011918707614826456,0.0011736152574475943,0.0014337247330594594,0.0008358283065059403,0.00017361745721457866,0.0012192533926812833,0.0008951775195756538,0.0020586235494381615,0.004381462646501736,0.005318179749148214,0.004731697466606511,0.004058410115806094,0.0035941237429191726,0.003930980418142555,0.00391277484996917,0.004654383446580163,0.004722602009787091,0.008358730297927029,0.007910036600890567,0.004586160229283151,0.0037625662645833628,0.0035986766165792324,0.0032389357172180264,0.005368173954375522,0.0053318147802702215,0.006762459427398659,0.00496815031128089,0.00509999396308651,0.006635373862332179,0.00799616514553021,0.007746825328069899,0.004713506470239805,0.005013615603084938,0.0051045399858848425,0.004668027531528285,0.003748909819765372
2020-03-13,0.0,-0.039073697408069034,-0.05525688091820168,-0.05525688091820168,-0.05525688091820168,-0.05525688091820168,-0.05525688091820168,-0.05525688091820168,-0.05525688091820168,-0.05525688091820168,-0.03961008014712297,-0.06323734185180271,-0.06327825204516756,0.0054874400136769525,7.131630705240343e-05,0.03537731101104604,0.036594506425906684,0.043152390926738546,0.06270586852995982,0.06735815152344367,0.05677827917868952,0.04711158758441248,0.05757100274362553,0.058068077263258064,0.05053373454447895,0.05097697269315972,0.050669334129543574,0.04927595480322664,0.04454382882139102,0.0422429726026273,0.0427582359766991,0.04661427177077519,0.05108123547717478,0.054697631300124956,0.06383880305423847,0.06539706459687371,0.06770171572333163,0.06762993594366468,0.07214202954328164,0.0754695483148119,0.08271296323773693,0.07834480683355696,0.0794956395397805,0.07910034856500492,0.0836317422350714,0.09319830986543523,0.09983341946257708,0.1051811052263568,0.09857652937930504,0.09606298353509612,0.09615268393581795,0.10347592328549053,0.10833666186642432,0.10287223482976939,0.096471553545762,0.09525531764548517,0.09415744192451658,0.09386780107714002,0.09365800877075296,0.09414745570549862,0.09155766144143843,0.0864132169996725,0.08267760872030976,0.07759884678140787,0.07647632123528819,0.08142424139546077,0.08428245387928789,0.0841412501169813,0.08777593359206262,0.09029031985854859,0.08797189133616107,0.09023518159934964,0.09050081979667703,0.08957328524219048,0.09547973472307038
2020-03-20,0.0,0.008148695506939299,0.0059069941969408695,-0.007655797947913871,-0.013879840594230832,-0.009408615100851336,-0.010971270967924008,-0.012094995568263368,-0.004447258324194612,-0.0029366840188276484,0.0031305275605983864,0.001474059509767974,-0.0007348570496096429,-0.0009201501569372847,-0.0010157987441013752,0.0034995817740886156,0.0013368906158796995,-0.0024875485969501248,-0.004921281560208545,-0.0027749720275310535,-0.001272899663607011,-0.002337881605725584,0.0006030156936952988,-0.0003882718070862306,0.0025111628660247983,0.0024575459588137903,0.005823871638618284,0.008018363753200473,0.011360148298816557,0.013689824996762145,0.015367366644436994,0.01280577670551375,0.014043225597687042,0.019797826061723915,0.02211963425440094,0.02682854207558054,0.03504498229268952,0.03428927479050785,0.037734355712100195,0.0392457503616752,0.03266054408928781,0.03252758727404358,0.03671589384659081,0.03957875452156298,0.04295992407323386,0.04172339832360779,0.04128222985025759,0.040169850792772924,0.04273105314971331,0.042164372253159554,0.051181607021276464,0.05166380403362344,0.054964856515836796,0.05802401577085977,0.0591955300869266,0.05341477558995866,0.04244489081359156,0.033521445083961474,0.030455803294754114,0.02735167928314715,0.024616718399074117,0.026427284797408565,0.03535632915867335,0.036681351532252396,0.03279348322936733,0.03301308309617831,0.04402920132660537,0.046164331872559486,0.04018706195363742,0.04441774611699391,0.044354903517689136,0.043526154452608844,0.04889225604339137,0.04912540731128362,0.045536825391504596
2020-03-27,0.0,-0.00532691735364567,-0.004213641424581391,0.0014448669610254785,0.000276956142995726,0.0005925926099338994,-0.003096046416944236,-0.0031960786496359854,-0.003902146133429077,-0.006603142131250858,-0.00013850684107426293,-0.003179405915946369,-0.017266471292321353,-0.011797261934635418,-0.012447726815645347,-0.018710425269004273,-0.020337369628235392,-0.02020734274640784,-0.025478477700333374,-0.02793648795060247,-0.03252154347518961,-0.033076830306548045,-0.03459542478131227,-0.042951578226306464,-0.0481233837635779,-0.0465492983392239,-0.03768556980040032,-0.039643385274063886,-0.04051411636833244,-0.0409815099077687,-0.04099305325303011,-0.041449122006082306,-0.034417658726705644,-0.030783257878665298,-0.034733071820110796,-0.03384443513088441,-0.038111356361183915,-0.03536993594573816,-0.03578325397688034,-0.03660465643844667,-0.039222707515662245,-0.039263038808429476,-0.041749432714416085,-0.04223474060557217,-0.0435416204140861,-0.044381005570362425,-0.04591687716046683,-0.04611410323439284,-0.04748415732200261,-0.05020078363025657,-0.04949037435807124,-0.05002604602744491,-0.04216539648534802,-0.037639549678093714,-0.03612781621397139,-0.03492810423052668,-0.035100223245512804,-0.03355794650538824,-0.03275049037767952,-0.029920955019894405,-0.024632091123825098,-0.024183626256936815,-0.021010387573448367,-0.02076148782219441,-0.03397624746469803,-0.033752749840579056,-0.038111356361183915,-0.039706790418547896,-0.03621397532693048,-0.04045066001618616,-0.0420902791144206,-0.03997774860328694,-0.037397978775859445,-0.03712771860567559,-0.03808833623583855
2020-04-03,0.0,-0.021922133172679506,-0.020125659642736726,-0.023133824303011224,-0.025095222182182013,-0.023997591176430157,-0.01891760580454256,-0.015575615094067996,-0.020229449498897843,-0.023832131243400896,-0.024432820214915725,-0.02131683773640734,-0.01972281285334886,-0.022950140336880382,-0.022790974853415854,-0.02344616449914007,-0.024972522042763325,-0.025334530765604726,-0.02794609995864285,-0.028413829693240442,-0.029399239549475875,-0.02874013916680639,-0.027441689431603945,-0.026077365666344342,-0.023433914025965404,-0.02378311133518091,-0.02505227542082124,-0.025678253532028888,-0.02593612316194133,-0.02545113774804025,-0.026071224273046374,-0.028044551197669687,-0.02734944673485398,-0.026359910537577746,-0.024727166920664453,-0.025954544965989156,-0.02441442642220708,-0.023580929609882017,-0.024800767136591562,-0.027466288921165864,-0.027164986863575925,-0.02644591830290331,-0.02737404395536939,-0.02789687797363337,-0.027626200355174074,-0.02578262132422292,-0.02483756927602683,-0.023844386595926362,-0.025064545735861834,-0.024813034365915403,-0.025113628501685487,-0.024481871982935284,-0.01682831372849806,-0.01625041792223382,-0.018436011535350454,-0.01969230076903548,-0.024236637200057094,-0.02521793737877234,-0.026734712772345685,-0.029503996436566666,-0.03231804879838086,-0.03242929244061242,-0.03152116463489911,-0.031348281373890174,-0.03267654484949244,-0.03326401444937742,-0.030922375159406067,-0.029892308854191384,-0.03066938634201364,-0.030638538425325223,-0.03364760186251471,-0.032225355215491164,-0.03212031287406264,-0.031144564465608243,-0.03031160899907358
2020-04-17,0.0,-0.003513450337731615,-0.003712592948718812,-0.002448441684725349,-0.004234857867349506,-0.0037825713900044413,-0.0023785565382472692,-0.0030561107012814157,-0.005290989184433545,-0.0047573956891592845,-0.005220905110471615,-0.006758491295662098,-0.00722833109973583,-0.007303958128871904,-0.009082841794550307,-0.011852078502128148,-0.015075336563169159,-0.010686005135176946,-0.015216897875787918,-0.01787215993216654,-0.015821481289946954,-0.014590912949747799,-0.01499911954060475,-0.012823940726221268,-0.01166758566698106,-0.011580777285577154,-0.014199191328234214,-0.014139358479438521,-0.015892312273628167,-0.01667723739173925,-0.018314479550792066,-0.019237974360974984,-0.018500202889102056,-0.022030033592626685,-0.02246322719581246,-0.021032756842410662,-0.019719185271875144,-0.01852205496149874,-0.019593391884612957,-0.020151378769987335,-0.020249879372015278,-0.01955511008131657,-0.017610136894475308,-0.016742675637145158,-0.015772447393894516,-0.016977197853745917,-0.01800865746040822,-0.018374562738714777,-0.02081918401463376,-0.021668268834434467,-0.02045238330648284,-0.019812173164371515,-0.020342916628030453,-0.019188772658586012,-0.019166906012327328,-0.018434649536843983,-0.018407336908302322,-0.01815063465692471,-0.01597949575677258,-0.0160012928152603,-0.01664997271993603,-0.014144797681398714,-0.013106446554782913,-0.014280787346393745,-0.013611896456709158,-0.012622975549550983,-0.011195655981168399,-0.010707687114742546,-0.009310161265983111,-0.00852017778208624,-0.007703796037751532,-0.005210123381189944,-0.004078688223718189,-0.0029861830763447646,-0.0032175008084181765
2020-04-24,0.0,0.0005540948839100994,-0.000918735471544263,-0.0022793613515632587,0.00035856703957905906,0.0006029708719615107,0.001829518728125615,0.0018132469680360106,0.0012869839925956459,0.002794502891612844,0.0007278653227375246,-0.00031521054151112886,-0.0006250832515443252,0.0006572747237470934,-0.0006250832515443252,-0.0014682054644509833,-0.0015008567487376629,-0.002704255815262112,-0.0018873112512518603,-0.0014682054644509833,-0.0024536551896280276,-0.0023719511705619437,-0.001789322737604644,-0.000918735471544263,-0.0007283954965839278,0.00017386674244706195,0.0003911576686896513,0.0005432332288109379,-0.0008480335372731628,-0.001571604855575042,-0.00035325991329347993,0.000575817840187953,0.0009178921713883149,0.000749584504576678,0.0023554963401129026,0.0022253833042294125,0.0026752856071328873,0.005121809733816748,0.00714702570640264,0.0068286634884523216,0.008365578044648365,0.008737318251015636,0.010212141566487186,0.010061529435471325,0.00788049174367481,0.006148431751547989,0.008494894660396943,0.008608032982892115,0.00832785754813421,0.007481466653722253,0.007713351963209195,0.006704528721112932,0.007254922104386135,0.0073088659380796195,0.006294234653284043,0.0058081422861648736,0.0030274774632213152,0.0030870668920743296,-0.0005652757772231546,-0.0011743918707381804,-0.00030433955833925297,-0.002333824912731163,-0.002246684638619898,-0.0003097750351530176,-0.0017784357176542438,-0.0002608568073962937,0.0008853187046455066,-0.00044023534278945364,-0.0022031173489341165,-0.0023719511705619437,-0.0042091798171067,-0.004957031144188679,-0.005355749787928666,-0.0029331199418092457,-0.0029058714656785716
2020-05-08,0.0,-0.003192434832121323,-0.0026418402562685506,-0.004423013252190081,-0.0030641138584168994,-0.0030908460367435626,-0.00411255066043848,-0.005864178863297741,-0.006137645374738143,-0.005596147019510245,-0.005269245427375073,-0.006443372941677679,-0.005328186997541929,-0.00494780709522956,-0.005767679123236154,-0.004342711961705248,-0.0034812172419319046,-0.0035561003707980836,-0.004219595838958138,-0.004390891962196425,-0.003962706658467009,-0.0044926129202814665,-0.004631826790491148,-0.0037968341284504107,-0.004203538331671755,-0.003973409056874594,-0.004208890805451281,-0.0038128851063565284,-0.0037486827404772925,-0.003780783408173826,-0.004000165554022666,-0.004107198702290836,-0.0037700830711133292,-0.004117902647229846,-0.005269245427375073,-0.00504422774646506,-0.005210307331112045,-0.006539937911200522,-0.006851155148708534,-0.006770658646238041,-0.006019670256626302,-0.006025032460062895,-0.006175185831288189,-0.006894089266311566,-0.005322828529420838,-0.005563988025440919,-0.004406952478221094,-0.004085791156129886,-0.004187481082224771,-0.004878175739666346,-0.006019670256626302,-0.005585427239908811,-0.005076370029641231,-0.00558006739320047,-0.005162087835960871,-0.005542549270602867,-0.008236710156172694,-0.00810236691974961,-0.007624251437696827,-0.008317324761970678,-0.009150723112763073,-0.009252929424360689,-0.009032392011446526,-0.008822657647315546,-0.008876431496030405,-0.011283080821283363,-0.011358550485209758,-0.012054217693143944,-0.012377948804912163,-0.011110600117134488,-0.0130743257835168,-0.01390089042822048,-0.0129501300184328,-0.011714412781041796,-0.013279552586857538
2020-05-15,0.0,-0.008525303387054265,-0.005180892010719614,-0.00377519515264873,-0.004179745806267109,-0.006440586345460028,-0.006358383979629642,-0.007169743050509037,-0.009426367692801868,-0.01136861266851797,-0.010361255574356439,-0.010102699142975147,-0.009761726928906752,-0.009563796401875461,-0.010064196457408046,-0.011219922381849972,-0.010575853163433324,-0.012239169714677381,-0.011699114704113948,-0.01101619751982986,-0.01208483851962714,-0.011858896519630468,-0.011853386376834923,-0.012288781228968832,-0.01266921796389665,-0.012614073236545774,-0.012812608488234673,-0.011958084282145951,-0.011407165611351513,-0.011941552305169242,-0.010994175696201595,-0.011027208613506648,-0.011153844905985701,-0.011798286618708914,-0.012117907484957528,-0.012569959644037836,-0.011186883098138678,-0.011230935719001396,-0.009415374211935888,-0.00812448087193505,-0.008118991267872884,-0.008876841645177295,-0.008640638256483073,-0.00729589175806331,-0.007443999679639415,-0.009085625971727067,-0.009910200537995576,-0.00963526679529541,-0.010328244647736773,-0.01016320635847924,-0.008728521371996046,-0.008415473019945677,-0.007553723395433419,-0.008075075520227688,-0.007076512928337436,-0.006237832731504439,-0.0068900787555102585,-0.0073891423361473665,-0.007509832464389903,-0.0038407868443912133,-0.0029775073122423994,-0.0034363732658854846,-0.0018367179698006914,-0.003114052553989334,-0.00445865303860855,-0.003829854596994434,-0.004261769270492091,-0.0039009163414808245,-0.005044064279356199,-0.0029556618036781553,-0.003004814869064298,-0.005011228409449117,-0.005131631870646827,-0.0037970585718696687,-0.005076901227493372
2020-05-22,0.0,-3.302637156062576e-05,0.002501327556813972,0.0028636384454745834,0.004010091013838721,0.003527534331483799,0.0036591637947352975,0.003302627241848382,0.003094131592068132,0.006419387679370297,0.007135581060319715,-0.000600149229422768,0.00024216006898832026,0.00039623140432120947,-0.00013761707794609108,-0.004252849223052635,-0.006455322637813629,-0.008979182763475216,-0.007796890366440241,-0.009801505538147489,-0.010335265892426655,-0.010685701019624603,-0.008745944020352042,-0.0077913429932602715,-0.0063389904261240025,-0.005608069100516794,-0.007397558133358911,-0.00607867688530379,-0.004175463532733551,-0.004678577598196638,-0.004379995859227882,-0.00660491251252023,-0.0069097018638773,-0.007863461245034089,-0.007974422558485975,-0.008046554015323035,-0.007092620075003761,-0.007015014323270072,-0.0063888454311612775,-0.006865363093495036,-0.007624936105849898,-0.007719229942153409,-0.00875704939368706,-0.009368034932337222,-0.008385086507962982,-0.007835722840378933,-0.008440594573299202,-0.009062495500096811,-0.00812978908508041,-0.009284696737560903,-0.010279652560784386,-0.009012507025207098,-0.008479452052397378,-0.007952229310780646,-0.00561913968100281,-0.005973462982573801,-0.007907844292936181,-0.005779676872002059,-0.005951314097769326,-0.003727849556388567,-0.0031479072581992043,-0.003611834186984288,-0.0038659806430091062,-0.005785213096905737,-0.006505183443075977,-0.005038099824690869,-0.0042583770015212396,-0.0048113092150624485,-0.005087890014374019,-0.004341297345522398,-0.006045450246396835,-0.005430956478565597,-0.002579338077547479,-0.0017077918000908234,-0.003556593503311574
2020-05-29,0.0,0.0020202668122476578,-0.0008844894504106749,-0.0019766151215924533,-0.0024806674475890108,-0.000577212819559162,5.293862297297785e-05,-0.00017471734219943037,-9.529658421891582e-05,0.0006615314428984121,0.0030499834671482654,0.0030816502481696667,0.0028705194307315275,0.0029074705417762906,0.004521428992503261,0.004052278278458691,0.006074907120466724,0.00785711547964998,0.006621999129735707,0.005464335796244171,0.005495926215925569,0.005306368726784027,0.006700881938845922,0.006132786778150878,0.006479994390746148,0.006443175055331161,0.0068901752967918,0.007904387490688987,0.00826673202128168,0.0065273315443720075,0.005337964137026772,0.004684789368489815,0.0045266990986166464,0.003466849118442885,0.0028177297606018416,0.0034299186716593663,0.004579398632238045,0.004062823408981157,0.0036303818477729437,0.0033455011000916033,0.003276906575490843,0.0026171035951091572,0.003899361388490253,0.004537239227522536,0.004510888696953262,0.005148376699786327,0.005485396186915226,0.004584668432855159,0.0038835410651752267,0.00404700567149747,0.00465844272570921,0.005632806503798449,0.005980187726599894,0.006458954936509006,0.007200328614895862,0.0076207218989986425,0.006748208637686116,0.00827198242621918,0.010961812250300811,0.010286102926254816,0.010987993344933911,0.010788999832513014,0.01007124694444055,0.009657125936558913,0.009657125936558913,0.01055853681033216,0.01191436274992669,0.011584736401948861,0.011160771380563131,0.014234367552697965,0.015465335948113178,0.016080252380546372,0.015423633008571126,0.014829177074664803,0.013707091443578033
2020-06-05,0.0,0.00044447079077116803,0.001618898022457335,0.0024569309618294377,0.002309093818956447,0.0012834881040039968,0.0014512071257074962,-0.0007461672798544388,0.0002963358099059364,0.0009134201799817566,-0.0011516040941262292,-0.0020025669208034416,-0.003513324543370264,-0.00401411168211936,-0.004430799023829847,-0.005622291906612283,-0.004554846648352882,-0.005026368008320347,-0.005612356931027447,-0.005970078250064135,-0.0043514166188981015,-0.004415914342895176,-0.005150489538352049,-0.003964517609592846,-0.0017551193413102404,-0.0020025669208034416,-0.00274032402423152,-0.002250075745756593,-0.0031069292638566575,-0.0030078335125058833,-0.0019085296275233507,-0.0022005690796738867,-0.0023936589388477004,-0.0015522580062321512,-0.0006819058048338017,-0.0011070969000253404,-0.0007165076243987237,-0.0007066212680646336,-0.0007857148555932519,-0.0018689376231234153,-0.0014434225455530877,-0.0006917919168238271,-0.0003656018142952164,-7.903771585103863e-05,-0.0004842040866562615,-0.0006621338740546617,-0.0001482008420520569,-0.000311247140150583,0.0013722840312892048,0.0010022489724125707,0.002299237232292371,0.0027032776418293865,0.0036585286401757686,0.0026343066884264867,0.001530123991762292,0.002949563650088342,0.0033582645531960976,0.0035305582503804,0.004534194054218117,0.005443483863275067,0.0050602084260470935,0.00455386312215071,0.002821502495786916,0.0027180565129703727,0.0025357685023362046,0.0032007129054708,0.002910161964676322,0.0018950335081148802,0.0015005308968157475,0.002644159973018943,0.0014117463571052043,0.002309093818956447,0.0017668372295757755,0.0038061664357193336,0.00477511348258524
2020-06-12,0.0,-0.00047534411675020086,0.0013421435010801755,0.0012647610900635364,0.003532160479447828,0.003382876399288186,0.0036556890739010838,0.0012802380513171477,4.648892402229501e-05,0.0012389656223257,0.0009087248531656706,0.0012183287690323765,-0.00022214358315951073,0.0010738588701163251,0.0021620291239834465,0.0031305871302840823,0.0050854509895644105,0.006774870441766061,0.0060460485859103645,0.006348933438079774,0.00641052591149894,0.0064259234371167534,0.006302736593315987,0.005306418777984901,0.004566241512865808,0.010564383159960652,0.013743646646986692,0.012106797292314895,0.011259274713312088,0.011693336852291415,0.01122352002114333,0.010375248196265662,0.008568997465332271,0.010012213323034749,0.009874123211345924,0.009214096018824822,0.00844095222933642,0.006713300405830813,0.006446453102484131,0.006682513966228618,0.006035779695001847,0.008215552784709151,0.009531372763566111,0.010707488547100819,0.009628582585927558,0.009971299722325366,0.009137320390442532,0.009168031349138676,0.009669510210545062,0.011616751340701018,0.011851594992067527,0.011494202320939693,0.014135888415575148,0.01557618384873241,0.017968693542816553,0.019621309969596816,0.019124798207774137,0.020805862332179674,0.02284264128775915,0.023952782541079548,0.025298436961402333,0.02520273860255613,0.023635004362704264,0.023407958107361522,0.024391453124159263,0.024769463032519923,0.02889307652955303,0.02990127512472494,0.029414858426529147,0.030938507860982182,0.031123793664863876,0.03214475345566788,0.030888424722962448,0.03065800997539947,0.028642122904465675
2020-06-19,0.0,0.0004232491819666601,0.00040356714526912715,0.0003248351244232282,-0.0036147499298015504,-0.004301697217551705,-0.003837091283985829,-0.004019942327611055,-0.004722005532245582,-0.0027604309996154854,-0.0017243762032512046,-0.0020005525435989407,-0.0026469059733951394,-0.003792619058118974,-0.004440132210183541,-0.0022225352446586235,-0.0026765199551451626,-0.0030122063876799783,-0.003772854259225086,-0.0035999289304213195,-0.002933211206344887,-0.0031603391741804807,-0.0027801757980958504,-0.0011278983624639536,-0.0006056562568961785,-6.891798762213e-05,0.0010627045845274597,0.0017902025643808958,0.0017361499711946817,0.0026448279074127575,0.0031405687187512697,0.003587015914162569,0.0040136527717597745,0.0049447560983798084,0.004959450779640162,0.005424670702381329,0.004008749933751772,0.0038861711706141464,0.005086795639487992,0.004680214904343984,0.004489113843151445,0.004734108601489266,0.004817393148089855,0.004322483116060208,0.0043665939518938756,0.004077387478515779,0.0010725391668528087,0.0017361499711946817,0.0023354789372137565,0.003587015914162569,0.004057777232161468,0.006647900474678336,0.006178357194704317,0.00513087277448149,0.005292472316478009,0.005003533527863702,0.004939857823307374,0.004498914786002428,0.0034447631700389924,0.0028657328823547697,0.005101488233686122,0.004836988503991096,0.005086795639487992,0.008235865501804333,0.008538514168066906,0.00789405527151441,0.010941804857827309,0.011233900745246836,0.009977282635578115,0.00952880404291355,0.008831312788149354,0.009070368081801205,0.0091435368504765,0.00947516813805067,0.010430431663580375
2020-06-26,0.0,-0.00013959253443294588,0.000606279340115664,0.0015053978318939976,-2.4066288185292805e-05,-0.00034661044222120374,-0.00040920568933637845,0.0002887502907564683,0.0007890533693968551,0.00012513536293551643,0.0018753882499993732,0.0014429184080300842,-0.00035624022521410113,-0.003321805698930713,-0.003645415447721272,-0.002655596021008858,-0.0032348836100416552,-0.002819693437325358,-0.0038434969564937692,-0.004728095573200806,-0.003722710880565731,-0.0012522156217455833,-0.0012040244763772807,-0.0013823433157533014,-0.0009149263641018231,-0.0011172862666959664,-0.002448099609228285,-0.002448099609228285,-0.002052528075572257,-0.0026218146012690416,-0.0021827599608627356,-0.002245470251400877,-0.002534953333136472,-0.0007848594758168282,-0.001295589638306944,-0.0013823433157533014,-0.0013437851966135337,-4.813211302494444e-06,-0.0007800425085313718,-0.002052528075572257,-0.0016715766085213311,-0.0022309982968424765,-0.0043316212880674535,-0.0037855178193037134,-0.0035343137291531006,-0.0029065794429406775,-0.0037806863762725766,-0.0035681259889987593,-0.0017921151749815767,-0.0025060012536512813,-0.0032155686162942073,-0.0036405846815374893,-0.005003786192034529,-0.005584436052298892,-0.004109277688955408,-0.0044283078400102135,-0.004805474740833216,-0.004790965690812814,-0.002814866658355633,-0.0032976599163526974,-0.0027424677694056435,-0.000606647137753408,-0.0007607748714173767,0.0002213826801156784,-0.0025301279283452154,-0.0021682889138098997,-0.0023998507997582737,-0.0027424677694056435,-0.003355610774041616,-0.0008426648931640702,-0.0005440395309085079,-0.0008089446602985308,0.0006255202848466093,0.0020387170841464743,0.0014957858669197195
2020-07-03,0.0,-0.0005788330792941758,-0.00041879692961050693,-0.0013087343395813595,-0.0030626740802879747,-0.003926629491612834,-0.0033175341210290865,-0.00260031614096157,-0.0028739307329306825,-0.0021664602874769457,-0.0022371848131216513,-0.0026097498807317924,-0.0028550583573697867,-0.0022607607665932356,-0.0021051697443529326,-0.0016008440806913964,-0.0019967418311302465,-0.002666354188334676,-0.0015961319561592063,-0.0016573913070649742,-0.001954316717342252,-0.002006169878628906,-0.0020014558437686774,-0.0033505762899201388,-0.0034449885031541385,-0.00297773516547322,-0.00278429012095549,-0.0023456388016233737,-0.0017280798369380208,-0.0010261287138485285,-0.0004941048685150141,5.6453585758654766e-05,-0.0003340822767488404,0.00027282947856541797,-0.0007577273250258435,-0.00027290393480399995,-0.0006400301409128308,-9.880144446330006e-05,-0.0007577273250258435,-7.527640558709463e-05,-0.001082643450081113,-0.0014877592198065822,-0.0024069440854506755,-0.002246615127811409,-0.0022041794120205493,-0.002421091992385887,-0.0022277545873620017,-0.002590882490185732,-0.003072112182851992,-0.002416376001167122,-0.002704092173508139,-0.003246733149610202,-0.0042100561214418845,-0.0040210961095419745,-0.004455757529318528,-0.0035488522340327805,-0.002704092173508139,-0.002586165698170265,-0.002590882490185732,-0.0014500671078188428,-0.0023503544592571386,-0.002006169878628906,-0.002359785841237697,-0.0032844930438871082,-0.003326974629306209,-0.0031570591146670903,-0.0025107000515118606,-0.0030909886552172357,-0.0027465491092088256,-0.0022324696891256263,-0.002020312116543917,-0.0018223389836797303,-0.00067298395614374,-0.000837769323575986,-0.0015678596752440141
2020-07-10,0.0,0.0007690953779339184,0.00041241986780103727,0.0017041853906130658,0.0015838762886217722,0.001792094427950069,0.0015977588468072466,0.0017597077869738733,0.0018753695458557154,0.0028879950835008863,0.002758584134229446,0.0023286346813394493,0.0020696511900894572,0.00110712485454448,0.0007690953779339184,0.0003290228283475016,-0.0003615865343778195,-0.0009877185202618185,-0.0018231714771604398,-0.0011686741054393994,-0.0009691608243849076,-0.0010897920039792462,-0.002492036753618109,-0.0027290338619685803,-0.0023154871822215184,-0.002422342409750633,-0.0026872067612545045,-0.0024502195644240323,-0.0021854179666340526,-0.0017767391082190984,-0.002845229433188903,-0.002845229433188903,-0.0030265214882125814,-0.003170648878477701,-0.004492009513670006,-0.0036124590049763016,-0.003645021157988836,-0.005754515359145902,-0.005544763774169871,-0.00585241449048604,-0.004771393752628559,-0.004217357772676343,-0.0028033974721703636,-0.0030172236601850814,-0.0020878771561785195,-0.0017767391082190984,-0.0018417450284239848,-0.00111299197614036,-0.0025524424475701774,-0.001646739943744976,-0.0008902944587612426,0.00023635129326971473,0.00024098507399472648,0.0007644640437160728,0.0004031538735365611,-0.000783602804498797,-0.0010109161244142308,-0.0020646545559428876,-0.0027848060511809223,-0.0029103048509728983,-0.001929974108321477,-0.0030265214882125814,-0.003379903027704775,-0.0026128517905904224,-0.0016699528408315677,-0.0019346179597462443,-0.0018417450284239848,-0.0017488807216822248,-0.0015399675568396505,-0.00015296296240282877,-0.0008763775104694599,-0.0013821509950564495,-0.0020414324949840057,-0.0008485441949166557,-0.0012939702337209677
2020-07-17,0.0,0.0005276605321273285,0.000597068826446391,0.0016052593025872928,0.0009810410001209087,0.0007775078489565347,0.0009717903918933478,0.0010180425773173743,0.0004860132430127509,0.0005137782951434319,0.0007219916173840502,0.000893156766727262,0.0011244144859841273,0.0016283710176855973,0.0012862630746709905,0.0017300562188788545,0.0019241538043597859,0.0020165679863059483,0.0015775245393710438,0.00045361970783421767,0.0010457928617595826,0.0015128071003099439,0.0014434623389321217,0.0012770152895154653,0.0018132455115405816,0.0021505533820981083,0.0029864016204112875,0.0032771683928947922,0.0018086240657212468,0.0018178669360022536,0.001998085833134348,0.0016607265214751835,0.0013047583884214045,0.0015359209522112882,0.0016145040527248784,0.0018964278843193294,0.0023445693751678845,0.0017346780278086618,0.001961120501990066,0.0024184703294476218,0.002270662959133473,0.0031987158462617833,0.0027232540508147743,0.0027232540508147743,0.0012585194626358695,0.00046750277997320333,0.0010827920431569311,0.0004998958654405783,0.0014342160074140816,0.0012492714209086354,0.0011382882486181511,0.00025460782431661693,0.001263143451427331,0.0019380164761127407,0.002141313586297526,0.0013741127685248861,0.0017577867520463613,0.0016422377903562654,0.0036601130574573882,0.004397906075435875,0.0035309432959188683,0.004144351118345732,0.0035724639674527335,0.003360229087237697,0.003295626921196863,0.005577243848197857,0.007412583613659306,0.00731607071647399,0.006883946405056152,0.008064950303615261,0.007798542081968147,0.009340888038393525,0.010477762307040924,0.011933639867617304,0.01220352256176973
2020-07-24,0.0,0.00039902530753356394,0.001393653501664313,0.0007261969119569026,8.968247924264279e-05,0.0008337368026387099,0.0017249765132873304,0.0006813852107180496,0.001554851381365722,0.0017652650688806952,0.000614163893468615,0.0011338911379785402,0.0010532615101301744,-6.726713801044847e-05,0.00031385349576564176,0.0007037913123486581,0.0004214377365712239,-0.001409070336621374,-0.0021323261873263054,-0.0019795453511382726,-0.0025143804301910383,-0.004206161748069973,-0.0029550477335135257,-0.0028156319752594534,-0.0026357693897894473,-0.0022446799309588077,-0.0017324492901646088,-0.0013596744261436975,-0.000672875085946418,-0.00021078549066618827,-0.0009825497280878386,-0.002042452280357124,-0.0008613612731596362,-0.00068633720690389,-0.0008119924091945242,-0.0010094824904481282,-0.0014045796984793071,-0.002145807970067693,-0.001593203865387013,-0.001409070336621374,-0.0020873882241768207,-0.002725696638705805,-0.002770663295936979,-0.0023705311121035642,-0.001754910045610677,-0.0018222953390205157,-0.0025368587554668027,-0.00237952108828004,-0.0028561055156879293,-0.0026132888410833033,-0.002631273239618098,-0.0015033783962131353,-0.0018088179170714308,-0.0015887124002936233,0.0005738289340333911,0.0011831615992270665,0.00067690393014738,0.002141213335667071,0.00169811657443662,0.0038267664909706093,0.003715080320059621,0.003893772206583223,0.0055629981449207,0.006641602660179975,0.0034559203543551454,0.002619895224908608,0.004041168978860784,0.003925040004104375,0.0049429426769308565,0.004451978636879088,0.004179612825587811,0.0046439296408587885,0.004853694414981438,0.004978639751559457,0.004451978636879088
2020-07-31,0.0,-0.003984767828452865,-0.0010508684103341201,-0.0015542392074796255,-0.002017384330814254,0.00027376296337625343,0.0009466320125648068,0.00026478831675292187,0.00029171201499368475,-0.0011721935506245837,-0.0036153069217744337,-0.0046925313928484515,-0.0034306276438409154,-0.0015497437041069866,-0.0008082622801944603,-0.0019948966034904264,-0.0025077425045408573,-0.0019094478513274607,-0.0012890390809666879,-0.0012710619568565577,-0.0013025221361372798,-0.002111838308183961,-0.0021883075866886703,-0.003304524806810375,-0.0030748783487732807,-0.004201100982352397,-0.004818809394035471,-0.005102993213258545,-0.004516670746174995,-0.004751158481737029,-0.005640005317961344,-0.004137998977941264,-0.004147013306216212,-0.0040163134986996255,-0.003331545504666522,-0.0032459824660457147,-0.0036693658460148987,-0.0024177505137672538,-0.0035026935481416387,-0.0036108021433305893,-0.004160534950989149,-0.0047286091946318306,-0.006109563084450637,-0.005567785227203497,-0.004922549682571743,-0.004119970565162162,-0.0048819543749325294,-0.0045482332003838125,-0.005071413244880954,-0.006132143532944419,-0.006109563084450637,-0.006114079133359334,-0.00818005079542055,-0.008261511291650479,-0.008193627083980219,-0.008003575814815887,-0.003358566932660622,-0.004358873416229324,-0.005265420234252803,-0.003601792647321753,-0.003282008116312638,-0.00494059257051673,-0.004525688488583115,-0.004633907740893817,-0.005680631411203846,-0.005752859652477541,-0.0067013392206178345,-0.007682380785601242,-0.00566257516599947,-0.005992152970789111,-0.005382745048134233,-0.005558758082579458,-0.005802519594746789,-0.004778218297461505,-0.004408464179734274
2020-08-07,0.0,-0.00046047617625952724,-0.0005454415529196714,-0.001180674642187722,0.0010676674270033736,0.0018754777917130172,0.0023393389984872363,0.0023616345980054963,0.001081061868756704,0.0019959239780639806,0.001897783735578838,0.0020628322579886826,0.0014515702953659694,0.0005630127586210247,0.00033069670051581203,0.0004021843130831963,0.0007997409087132971,0.00012067227881895791,-0.00031739291049754704,0.00020558108011410563,-0.0006885574546822506,-2.2348316390549424e-05,0.00027260925207997093,-0.00012962718791963048,0.0008444003137681945,0.00031282399883295184,-4.916695534618248e-05,9.832665911809529e-05,1.3408750103536299e-05,-0.00027715443043370896,3.128680389919276e-05,0.00026814084705465514,0.001375694205447482,0.002201095185235011,0.0019334722108817507,0.0018174800089965607,0.0016434664756589455,0.001826402963743913,0.0014604965156919832,-0.0001430378561064612,-0.00037104673602819384,8.044980383511552e-05,0.0006121496249049166,0.0010230179920347083,0.001326594843952731,0.0012016037717237978,0.0019111670630757296,0.0011301732869480555,0.0008086729492827429,0.0006612840768755897,0.0006344837659906487,0.001250709270433251,0.0006970167074712228,0.0007550795091070858,0.0010855266428057987,0.0011748179378566921,0.000831002701669081,0.0016925502818056016,0.001661315411193421,0.0012239247518834179,0.001491737659388257,0.000978366563404762,0.003114933659910645,0.00389437949114468,0.0032708714365985163,0.004032389432531556,0.0037118209550243025,0.003800878062953501,0.003444602034334775,0.003007990843024236,0.0026113113570715705,0.0031015664332312673,0.0026425165692362034,0.0029946221867299854,0.0027004665227808393
2020-08-14,0.0,0.00040068425076461394,0.00028621941775808316,0.000682388032299721,0.000387477438690756,-0.00016736622852844756,-0.000449309524550953,-0.0008459268249083675,-0.0002598701104536163,0.00024659392270961393,-0.00026427527065839767,-0.0005462458947123953,-0.0005109952183363964,-0.0016308112270425835,-0.0016925698479038646,-0.0016837469542593797,-0.0016043444142186418,-0.002230913615456091,-0.002438385701272664,-0.002275053007663822,-0.0020146587516371574,-0.0021117469872671216,-0.001979356275606083,-0.0020323104570131104,-0.0020102458739776757,-0.0017631557995642512,-0.0017543322831281897,-0.0020102458739776757,-0.001983769016955573,-0.0015822892719510552,-0.0013926351255650353,-0.0015249481784406977,-0.0011853798679257652,-0.0010971991679784208,-0.0011104257772711868,0.0005635539267718671,0.0002950248700942255,0.001126790439386731,0.0004623137343288193,0.00019375748669083636,-0.00014534275591044466,-0.0004272798417554673,-0.0006916680709691492,-0.0008767814313933645,-0.0008282960486249443,-0.0008591501111156803,-0.0010046178010146615,-0.0015205374612802455,-0.0023280228501792025,-0.0025752525543213233,-0.0026017450768085096,-0.0032642863442366296,-0.004696875330160063,-0.006042901656919477,-0.006689993092241353,-0.009825000699868235,-0.011454107766660246,-0.01239895884464523,-0.013166192647703854,-0.013500926660027796,-0.014635392198370716,-0.01899314641234715,-0.017665446636252646,-0.016285790077262212,-0.016012772085470993,-0.01659470357722382,-0.016173888443157796,-0.01548485038457644,-0.015408816831379953,-0.014327083270385182,-0.01513603813146901,-0.01556983590354245,-0.014224334747304704,-0.013844703520980455,-0.014684551682921182
2020-08-21,0.0,0.00031985348354343125,0.0002190887668808675,0.0007271899249818665,0.0002716629293208003,0.0003154726200314957,0.0005651512148934022,-9.203159758001373e-05,-0.0005567013616387122,-0.0004646269917897101,-0.0011970719212138462,-0.0011400359907559141,-0.0016008038136179376,-0.001179522057663565,-0.0011049385734835764,-0.0013594227617361443,-0.0013287057161868148,-0.0010215871440679128,-0.0012102345210029829,-0.0010391342360766707,-0.001302377570959382,-0.0015832468632596328,-0.001477911633794879,-0.0016271398171307898,-0.001341870048744361,-0.0009821073127731915,-0.0009250836413544721,-0.0010873903267723058,-0.0012409479276267758,-0.0012672744555541349,-0.0020442189957796,-0.0011970719212138462,-0.0012453356341506768,-0.0016666451229180403,-0.0013769757828308467,-0.0009952670833548126,-0.0007628032951219127,-0.0003813289139544497,-0.00039009680593392,-0.00024105309639856515,-0.000157773638981779,-0.0003199558225286088,-0.0007364900446445892,-0.0009382426615340064,-0.0005698555351292831,-0.0005610860669097142,-0.0009163110574337306,-0.0009908804739187373,0.0005082124612672439,-0.0002717367501227969,-8.764549151713128e-06,-0.00023666979414999948,-0.0009777207610634948,-0.0008505191309565536,-0.0004164009431379015,-0.0005917795421370153,-0.0008154318733292223,-0.000986493883725031,-0.0003068049358298965,-0.0003068049358298965,-0.00046024270944199823,-0.0008812214913125757,-0.0007452610512054238,-0.0008856076197429531,-0.000802274469109466,-0.0010215871440679128,-0.0009733342285955495,-0.0015217999643337124,-0.001061068534081251,-0.002180356169562682,-0.0027602446012234814,-0.0029580107236524635,-0.0026811491021556375,-0.002004698771299731,-0.002659179240411041
2020-08-28,0.0,0.0005335995720107815,0.0006282407315218467,0.0008648044510625343,0.0015440763665027224,0.0014882043220657583,0.0011873011805158312,0.0009895155193316543,0.0004905779019891381,-2.5826557450530614e-05,0.0003744101470156141,1.2913028600420726e-05,-0.0006243285979513701,-0.0010335829207581352,2.5825890456464946e-05,0.0014280309367359092,0.0013592569195323776,0.0003356845629535618,0.0006626534780064851,0.0011271096855560996,0.001023915835817904,0.001453819973817746,0.0017933136158700903,0.0018620577887542766,0.002669448029694901,0.002368900171626747,0.0024547802058598697,0.0028411491156967953,0.004835013820446283,0.005507314419793715,0.006003755886274764,0.005421696148802308,0.004637948381230812,0.004453699910935985,0.00477504149337349,0.004942098316641095,0.0040722405456620325,0.00396935018382584,0.0035576828395271617,0.0033732352060464638,0.0029827803211506694,0.0025020110811211547,0.003025694908254599,0.003064316462090441,0.002446192534320981,0.0023345460927206916,0.0014108378758548844,0.001496800224399266,0.0016386219461377357,0.001698782661208967,0.0020682619573867906,0.0018792430936007205,0.0021498726956870468,0.0031029365243594688,0.003025694908254599,0.0032230782917891864,0.0028797777974979375,0.0036348833765381164,0.002965613970630785,0.003283143763171048,0.00445798514466329,0.003630594614167773,0.003999360966273507,0.004599387556881195,0.0047707576180940695,0.003986499312650489,0.004329420144164883,0.004852148110444533,0.005276128262533376,0.005032040432525782,0.00330459484291188,0.0032960144662334155,0.0027553022578538215,0.0036477495532895765,0.0035233695765898936
2020-09-04,0.0,0.00023306794475819192,0.000602347414378695,-7.476915028350755e-05,0.0010417881013529374,0.001072541718749498,0.002819550740099898,0.003407053606825582,0.0035998897449155114,0.0031089609591776817,0.002630950525940154,0.0031001921830355215,0.003617418459140888,0.0035998897449155114,0.0034377345708239897,0.002986191095517252,0.0018981424120726614,0.0016698529576148551,0.002876562407772421,0.00252566982116399,0.00266604163122594,0.0029028743889344673,0.0025651513843758925,0.0036086541404351776,0.004116857695654604,0.00364371095438775,0.0029686513130976443,0.0031791084003592917,0.00341143665931504,0.0035560666150604987,0.0034333516335986166,0.002696745338262243,0.0025344436365894816,0.002859020702367434,0.0034158196925932116,0.0029160301199001332,0.003744492449237976,0.0035166241561247645,0.004305177901874338,0.0031878764845329247,0.002407215777903803,0.0030388085969873697,0.0032755530981674772,0.003880312308500762,0.005740501095952904,0.006186431984055963,0.005797346483074385,0.006487978394988795,0.007296023951573256,0.00717376708975461,0.006168948243933893,0.006649639749757264,0.006182061077682971,0.00477801184965319,0.005508713377477449,0.005311870302328039,0.004948702512631709,0.004208832459596249,0.0043358313233458476,0.0032492509212225427,0.0031571878535723726,0.003678766539403421,0.00276692170026069,0.0009802780290592056,0.0004265170550558891,-0.0016462140802433252,-0.002915736460775888,-0.0025805670427292856,-0.0026908077423842573,-0.002937791019343798,-0.0028363440771102476,-0.0022190628285909324,-0.0019766636929893933,-0.0012674328703092964,-0.0008975989831464107
2020-09-11,0.0,0.001328678073853595,0.001981479266855919,0.001868357586965182,0.0009280824001547596,-0.00046654502460628247,-0.0006279243383093907,-0.002273734987610363,-0.0017452087553834247,-0.000928944537292703,-0.0017626762331237624,-0.0004927128739159809,-0.0010162137103853467,-0.0007806044193083515,-0.00036624127861348743,-0.0006453723106374708,-0.0007500665381549753,-0.0004229334640469838,-0.00016130403447649073,-0.00026158722557167665,0.00047068463691435754,0.0008714635473683829,-0.0007893296994989722,-0.0009638512926259824,-0.0005799439840744542,-0.0004011283969845675,-0.0006671827041632233,-0.0012082327033992165,-0.0017015413958543551,-0.0015749168353235473,-0.0016709753787133214,-0.002164512455330275,-0.001994149122349299,-0.0018718548822556197,-0.002142669380348726,-0.0009071284339532507,-0.00030519174998395305,-0.0003880455849648131,-0.000719529589535418,-0.0009114916165458514,-0.0008634976550496382,-0.0006497343512872816,-0.00018310387272251185,0.0001438438120217769,0.00017435347596038008,-0.0006671827041632233,-0.000702080323276722,-0.0018936920425521202,-0.0027806836917633982,-0.0023960783882103548,-0.0023567520913659492,-0.002059670046479836,-0.0025665102147999636,-0.0017932450533662693,-0.0019679419546875395,-0.002002884997531175,-0.002758827153706948,-0.002181987258848297,-0.0010423959474843585,-0.0008416829794439492,8.71839581511944e-06,-0.001260607919458987,-0.0018674875074191695,-0.0020116209490292332,-0.0010074864503522097,-0.0012518785262826929,-0.0012824317357906835,-0.0006497343512872816,-0.00017002391274705057,0.0007451483996184725,0.0005491105419022941,0.00012640930040558145,9.153936526010667e-05,6.53861159354266e-05,-0.0007413416005382187
2020-09-18,0.0,-0.0006519679082785647,-0.0013259708631144357,-0.0017409678214364561,-0.001256821444158201,-0.0011531062804761075,-0.0002460571512521856,-0.0003626316738064879,-0.0010926107355223036,-0.0003367250499129053,-0.0004705831648293056,-0.0007685897620502447,-0.00162423251860295,-0.0020523286002781466,-0.002208045351822398,-0.001965829770120916,-0.0022642823605473787,-0.002935044306326021,-0.003186154822248849,-0.002848469091890095,-0.002311869992098343,-0.0021172076333438056,-0.002675341145577394,-0.0027705578068339004,-0.0030432738656559063,-0.0024286855987962577,-0.0025455148529742832,-0.0018015026030109864,-0.0015810006792111029,-0.0012524997642346701,-0.0011401426413231632,-0.0017885305556109635,-0.0016199092505580583,-0.0017107018047663768,-0.001598293190689411,-0.0016761131930631622,-0.001248178102988087,-0.0014858972108888872,-0.0016544959182657186,-0.0015637084667584657,-0.0017366440486854158,-0.0022383264250723065,-0.0023075437501965273,-0.0018447439763636738,-0.0018836628111387236,-0.002277260580930701,-0.0019917786335622236,-0.0018187989279747439,-0.001797178568513839,-0.003082239374691032,-0.002883098278237482,-0.0028874270108493927,-0.002718620322241136,-0.001464284047607004,-0.0004619466166848278,-0.0007081174734581499,-0.0012784301239334999,-0.0007253948970490357,-0.0007858682304872053,-0.0009932331416313532,-0.001338936911516856,-0.0023075437501965273,-0.0069299746332238355,-0.006964745450080811,-0.009170815864252016,-0.009096766150725124,-0.007316868079336709,-0.007103840808866833,-0.00570507514334274,-0.006399869425344649,-0.005744144511010045,-0.00557051455940731,-0.0061262365564208835,-0.006095837525713286,-0.005726780159155662
2020-09-25,0.0,0.0008462578755300113,-5.9493708557831956e-05,0.001189131479679002,0.0017237796642151995,0.0013993691404167459,0.0018699584594138955,0.0012211270185896082,0.0012256977262949447,-0.00021968667276775155,-0.0016854991555153695,-0.0034335387915777026,-0.0029147725254588734,-0.0036953194989160815,-0.002313707567113673,-0.0008423944643744256,-0.0012546938178658693,-0.0022082143518349397,-0.002244906381871442,-0.0017267562121970506,-0.002377926277715872,-0.0018459528271542406,-0.0008057538583347431,-0.0003615933030210091,-0.00027003833335340684,0.0001876108224916476,0.0022307458933107428,0.001051996145173839,0.000704502440000524,5.4914128046139504e-05,-0.00011441411974249833,0.0009559902201629832,0.001189131479679002,0.0019202024855239808,0.0029154273149826163,0.004629637898741976,0.005931567305034895,0.007336294966624773,0.007790477083290633,0.007113670403855648,0.005644924189673167,0.007245433784276549,0.007104582634175975,0.006854636598495657,0.007118214257725117,0.0066182665145746306,0.006468233438819877,0.006945533294463354,0.005016752013430107,0.006236319855147539,0.006791003994946117,0.007408977968828316,0.006268154315953985,0.004834599332549749,0.006381840546627681,0.00538095786660195,0.005945214927960452,0.006036194321190664,0.00665918071976528,0.009469159575940939,0.010234972632642643,0.010339150387162797,0.01123101119829467,0.011258161993814563,0.01066972965107951,0.012664469809020423,0.013305921137181336,0.012556014840320985,0.012578610595483274,0.011497962010799626,0.012587648754591134,0.012687063113721581,0.011855293068253264,0.012619281668188405,0.010995673419611694
2020-10-09,0.0,-4.210623824917933e-06,0.0004672690733954276,-0.0005391040053745118,-0.0026224380922288096,-0.0034248775511111365,-0.0034122024498686684,-0.003475579562724353,-0.0008972634069897823,-0.0024240392127427386,-0.0008677630793232726,-0.00025688050355072956,-0.0009520520387838274,-0.0003958761548955198,0.0006776793320926585,0.0006734715607598387,-0.0005138270116503195,0.0011236027163840912,0.0014684259558405952,0.001892983907021102,0.0015609192816722214,0.0022753521154526275,0.004130492265641439,0.0041262989979328,0.003639760583258237,0.0039040306436279567,0.003744638013102249,0.0036271745524935777,0.004415593226853524,0.00508190929903655,0.004947843631796165,0.004520389325181129,0.003396402577257165,0.0039082248434689415,0.004495239263142907,0.003790780597892187,0.0025399829464885205,0.001951819302411964,0.0016155704078144111,0.00274995758232413,0.003224337905696559,0.002741559443351577,0.0031152083814349864,0.0032033523836075607,0.0031236033830509516,0.0027709526211973537,0.0025861811493866392,0.001943414457859415,0.0024475801373773903,0.0020022468863109704,0.0019938424655857414,0.001943414457859415,0.001964426436789514,0.00115724924280395,0.00032416480485603907,0.001203511368220184,0.0017038466874047095,0.0012203334286708546,0.0009048726956579259,0.003534872152985227,0.0037823911953855055,0.003585219972515646,0.0038453099986905962,0.003996298976781867,0.0031194058910524757,0.00435271029598519,0.0037278583634609624,0.003518088983147568,0.0035138931466761536,0.0034593456704274015,0.0034299727199753422,0.0034845217984242434,0.003308275590408858,0.004859853268779098,0.005312292678941927
2020-10-16,0.0,0.001074152722110857,-0.0019091481178653323,0.0008237617501558371,0.0004629187320551727,-0.0010497930066968861,-0.002862960672346216,-0.004410582312836606,-0.006187115466568289,-0.0053198071652956,-0.002948166764633353,-0.0032208750579338628,-0.0020198118449623985,-0.002202859503846994,-0.0028757411233684277,-0.0025775731503628477,-0.0029183438064918498,-0.0024370390780716236,-0.0006416453536194836,-0.0003483920890753905,-0.0006416453536194836,-0.0003653899303498897,-0.00036114044294440194,-0.00018267827644994307,-0.00037388895933590066,-0.0011858792515643567,-0.0014410908871972574,-0.0015474482949846499,-0.002735165145015752,-0.004670886187073282,-0.0043337842788285594,-0.003915765086513904,-0.0033870931492378277,-0.0015304303495608583,-0.0009307327322923189,-0.0017474308503645135,-0.0027394247328153465,-0.0027223864904800817,-0.0020027858590509475,-0.001177373318676317,-0.0012113974843432364,-0.00016568354056881916,0.0008237617501558371,0.0001741505387140767,-0.00011894950607494867,-0.000624642815990401,-0.000662898932191518,-0.0004163851878020163,0.0014899178632238063,0.001468709540228793,0.001142044553476824,0.0007006652359663583,-0.00016568354056881916,-0.0010880653912624632,-0.0014538531788797504,-0.00026765628844048326,-2.123994554163168e-05,0.00038224189581714514,0.0004374425395553981,0.00025909101672520795,-0.0001699321974622869,-0.0009222289693772675,-0.0003186465620568584,0.0006836852172029868,0.0004247041999129548,-2.9736050077774414e-05,-0.00042063490997644627,0.00014441966681163161,-0.00042913440850610564,-0.00012319796441553438,-0.00036114044294440194,-0.00027615448682249884,-0.00036114044294440194,-0.00046738304590304686,-1.2743913188556934e-05
2020-10-23,0.0,0.000409295182712991,-0.0009779747509110108,-0.0005181239016985959,-0.0006476968336764325,-0.00026738526615826055,-0.0016012010335870368,-0.002065736286983115,-0.0015468101176934427,-0.0011494278160545876,-0.0009570678514244319,-0.0009194365338010756,-0.0014254871956703888,-0.001153609965386628,-0.0014213039091548582,-0.0015760971663350222,-0.002254122881950132,-0.0023336745455638914,-0.001622121404380481,-0.002216442723688979,-0.00297031578204663,-0.003351656892096124,-0.0028278739944127703,-0.002949367187801251,-0.0021745775463001605,-0.0019234232818456194,-0.0024592953217304485,-0.002727339064723481,-0.002806928383878847,-0.0028697665316823676,-0.0031840165138422084,-0.003360039648765649,-0.0028446307987229024,-0.002559803305918164,-0.0028655771989800813,-0.0032133515514034994,-0.002769227390453174,-0.002647756079523616,-0.002115969242324026,-0.0013585567113195702,-0.0013794720064665492,-0.0015509939292713386,-0.0012623519875934591,-0.0007229404348706336,-0.0009863376330948314,-9.190562134675291e-05,-0.0007605643586741152,-0.0010365163949443044,-0.0007898283892112146,-0.0015175239267578504,-0.001241439141877187,-0.0012748999049530133,-0.0010825158053236962,-0.0015509939292713386,-0.0020322490518954075,-0.001312544601760827,-0.0015886490211855105,-0.0016304896752446661,-0.0018941260594293892,-0.002095038537607336,-0.0023964829610747455,-0.00209085244923479,-0.0024509201123503314,-0.0023713591214808193,-0.002124341646878497,-0.0009110742110823236,-0.0007103994414984111,-0.0017476528208744057,-0.0017392835695040582,-0.002149459281133741,-0.0024383574297984897,-0.002538863309477169,-0.0030960165640709593,-0.0030247841809614307,-0.003242687449534576
2020-10-30,0.0,0.0028750567153975294,0.003476362975372644,0.004311621144261184,0.0046438258365134495,0.004788598479846215,0.004464960100323358,0.004571431654418958,0.00453310320086073,0.005192999216684473,0.004933350167094774,0.0047928561814963855,0.00472898875322435,0.003906863748184941,0.003177887330901088,0.003523258192282185,0.004081568614585957,0.004226422674374086,0.0023160720899874105,0.00122707533263209,0.0008082432696166833,-0.0015027585506507336,-0.0016827271851745592,-0.003085020399856706,-0.0023557540523473546,-0.0020170406028283674,-0.0029133804656884033,-0.005159901559390681,-0.005551303622474089,-0.007687357215834379,-0.00751923601298375,-0.0070581255042069255,-0.00751923601298375,-0.008196203826812895,-0.007924499267189642,-0.008157384369633371,-0.009244899203577852,-0.008752781707071394,-0.009689740029161387,-0.009214674482776426,-0.008506813746394589,-0.009525600959806976,-0.008852049070849246,-0.010000814274722564,-0.010735679330379427,-0.008765729065271198,-0.007032275134760733,-0.007911562796043013,-0.008377381221546203,-0.008222084302152294,-0.007993496606507049,-0.006545551272021937,-0.006558470083749759,-0.005990200191926732,-0.0050223020682917206,-0.006476653761347822,-0.006696281127800475,-0.0053792398896430485,-0.004076817759509859,-0.0044076355914596695,-0.004747159873930573,-0.005224407839099436,-0.0058740029405064615,-0.0035700624427653497,-0.003647347504460128,-0.004162733948320544,-0.00344126727841651,-0.002655975789798256,-0.003424095843098589,-0.0028576038296484643,-0.004399041535967837,-0.0033124887001257375,-0.0030077787837519297,-0.0024672544620124234,-0.0031880185030659243
2020-11-06,0.0,0.0008876579154951922,0.00025898162813986324,0.00023431960067316936,-0.00044823779559535076,0.001101235714073417,0.0018319838191406324,0.00234072891190256,0.00282461708576783,0.003324662182219707,0.003881794929407738,0.00381626600860466,0.003070572151017639,0.0024473684539456026,0.0026483120694335894,0.0030131880463987026,0.002365339046357114,0.002410456053220362,0.0019345742270275076,0.001162836218395884,0.00037406304837148287,0.00023020920362955546,0.0009246265681358078,0.0019058499737022673,0.0019715041975493053,0.0020043296931146555,0.002685215691528091,0.0025786015117413748,0.0029598998577131963,0.003119755905633296,0.003152543731516483,0.002537593031181795,0.0026360105594227766,0.002845115651893985,0.0028984099574099723,0.0041643392221525416,0.0037875957554239104,0.0037220606613573752,0.004266690643800591,0.004299440886360002,0.00469645225551338,0.005800706198869295,0.0055717759561843185,0.006050017019228334,0.007732261169803326,0.007895435232016502,0.007409914154332285,0.007540497617754516,0.007858723389383565,0.006993565525738005,0.006564790203559594,0.007001730890709506,0.006887409713403397,0.007875039930277368,0.007442561618851471,0.007650664152944879,0.008229858843808793,0.008185003634378334,0.008238014120272545,0.008425567124932126,0.007899514242448386,0.007609863147602393,0.007626183749506443,0.005902890281539323,0.0056862476286587945,0.005481824734218149,0.006630139269703851,0.007103792327700684,0.007491530817235589,0.008042269126437438,0.008955418126926743,0.008714982080737557,0.008882070884750331,0.009692666513221655,0.008767964480404478
2020-11-13,0.0,-0.0018580091446087094,-0.0024992301780461315,-0.0025190274931349258,-0.0028001916730868966,-0.002328989445362286,-0.001513819322504021,-0.001763048394980605,-0.0010155474455735226,-0.0004029343153080809,-7.899112534822356e-06,-0.0004147877827437265,0.0016180020025571248,0.005164488856226636,0.005934314858589734,0.004425527063871013,0.004095176062931147,0.0038748814179539104,0.0044176628319703174,0.003623056670907135,0.0033042500283698836,0.0037765199236455974,0.0038827499195551547,0.0034656339946325166,0.0032766940651590827,0.003623056670907135,0.003091655787298191,0.0020280061083415945,0.0022447672640149192,0.002063479330989002,0.0019215788896770154,0.002567851221372961,0.002481180404958365,0.0024063222905993213,0.0031625255562529285,0.003253074063740893,0.002583608744605713,0.0015036439552735769,0.0016180020025571248,0.001629831399001575,0.001192050507258463,0.0011447113617214179,0.0006317269254682451,0.0018782164049210932,0.002185655244750774,0.0026072445639032083,0.0025126979346168543,0.0024772406439047753,0.002563911801767554,0.0015233617930159272,0.002402382234611028,0.002611183812806496,0.00209501002809599,0.001748117667680985,0.002461481444471853,0.002945963265201267,0.003493184751984883,0.0044687792338586945,0.004708598230638382,0.0047321838779867675,0.003969299351136822,0.003544348430507198,0.003237327086176147,0.0037765199236455974,0.003689953804783433,0.003780454569183094,0.005054465318937581,0.005435566627741543,0.005384499621926388,0.00565551776805383,0.005510198330144942,0.005321644342258696,0.005011238474274244,0.00495228976552858,0.004995519158378621
2020-11-20,0.0,0.0003968516488355881,-0.0010122955832875767,-0.0013395640632414521,-0.001234358942382556,-0.0007435480038064249,-0.0013278740587795823,-0.0023922244669643874,-0.002918970495870794,-0.002107506969150943,-0.0017643936019090794,-0.0012772189518572127,-0.00048655266724653733,-0.0003736513564982141,-0.0013512542043610126,-0.0014175009188405012,-0.002060711849873248,-0.002540465663464241,-0.003395231620885692,-0.003910786146336183,-0.004833198084273869,-0.0050209114621406195,-0.004934871789976939,-0.005196924761377607,-0.007268384980385533,-0.007644762585656689,-0.006660990819734462,-0.006531722264130435,-0.00764868393130561,-0.006947007916103187,-0.007111602777980016,-0.007291904430972244,-0.004868391658712821,-0.004469603656164625,-0.004590787110471391,-0.004215556984470769,-0.004211649078190119,-0.0052986354571272955,-0.005196924761377607,-0.003910786146336183,-0.0043875199815841875,-0.006496470103463172,-0.006171425406955993,-0.005732978285657952,-0.0061244397336622436,-0.0025911848023420924,-0.002294709347167778,-0.001865755753368619,-0.0024507381035840173,-0.0026770230519188687,-0.002930679115170966,-0.0026067912087723547,-0.003180495657447931,-0.0023883236795903965,-0.0002919031914068975,0.0010268219210745795,0.0016058888622355022,0.002126374246016126,0.002207918302179071,0.002662113501341188,0.003038512146869606,0.002623301460288825,0.003290658788933489,0.001411608476172082,0.0011201171071108437,0.0016602806071359586,0.001792362529197704,0.00126781668643539,0.0027086859622774575,0.0027979437835531046,0.001500982141698196,0.0016214296626647358,0.0015476087095249705,0.0013416582962160653,0.00023735177784783813
2020-11-27,0.0,-0.00047207377509056827,-0.0016397821650861416,-0.001359254078734552,-0.0016474689737538426,-0.0012939369158582591,-0.004557323340406093,-0.0022626051881488906,-0.0031398286016284965,-0.0038098066791328123,-0.0034362577870597766,-0.003933069919494329,-0.002497225536963308,-0.0028319432710867906,-0.0028665756388861333,-0.003162923823228227,-0.003705815137017777,-0.004183495162126275,-0.004287536393374541,-0.0040024121697551165,-0.003701963806094135,-0.003998559696370823,-0.004383880519251424,-0.00488116378242565,-0.004996846503412185,-0.004900443306607579,-0.005139540292425125,-0.0052513956057655305,-0.004029379899016165,-0.004206614500297658,-0.0032206642109133083,-0.003093639758535338,-0.0033053561440571635,-0.002631868627187082,-0.0025510805976209816,-0.0027280533635131244,-0.003186019578229426,-0.002812703585000927,-0.0011133763709200134,-0.0009712558947694336,-0.0006640374100891494,-3.837099766581475e-06,-0.0009558927287277274,-0.0012363076678464017,-0.002301063768262941,-0.0018973224263946376,-0.0018819450265588375,-0.002408755661859651,-0.003925365521824083,-0.004056348355555137,-0.003898400597410793,-0.00433763418041179,-0.002739596153598078,-0.0018396583962396276,-0.0021164760712779327,-0.0021164760712779327,-0.003359254745401519,-0.0035017150348368884,-0.004326072929869645,-0.0036673024952383775,-0.0037366263183978956,-0.0034555094739894265,-0.0030628483816580398,-0.003725072014130599,-0.003821361962497348,-0.004353049389056867,-0.006413116086016616,-0.004218174369825364,-0.003417006470750441,-0.0034786119875438704,-0.004175788834846206,-0.0036403445284836143,-0.003944626627296554,-0.0037520322650937714,-0.004595870275158591
2020-12-04,0.0,0.0005231335057419889,0.0006595581199855407,0.0012959603476589664,0.00134140215564483,0.0019622333322241174,0.002037918090107046,0.0019281733222676946,0.0021741362209507964,0.0025221649443989648,0.0024919063850066835,0.0033236833352738955,0.003901738780462815,0.0038752990922230387,0.00373931250935637,0.0046455406236656505,0.004252942601242916,0.004320903289786214,0.004252942601242916,0.004709700646332176,0.004354881902140968,0.004071691515128321,0.0048266877382609485,0.004679508207271669,0.0038186402633459578,0.003569303271778364,0.003440832676253768,0.0028171379262564205,0.00223467165690006,0.002170352634527003,0.002677225692593869,0.00269235228324992,0.0027263862756483157,0.0018146315766307823,0.0019357423136240495,0.0021476508153534858,0.0021514344876723862,0.001731359435655851,0.001863834582565695,0.001481501399148731,0.0008527944694808129,0.0005345029344851031,0.00033741453591059375,-0.0008193674638473612,-0.0011685612851468838,-0.0004513277265787517,0.0003146710670756473,0.001140685254797375,0.0010535691573918123,0.001386841898766611,0.0018108466297429915,0.00208711011117096,0.002015213264195224,0.00272260477813765,0.0028322624006812147,0.001757855869048138,0.0019925079227625774,0.002170352634527003,0.0017805665389004207,0.0016177953399582035,0.001534506805712472,0.001447425011242513,0.0029645917952025574,0.0030742228866898766,0.003376591188701113,0.004041479806578391,0.004117007366620902,0.004630443549478349,0.004520982944806813,0.0050379845733678425,0.004988937501373855,0.005592426440010209,0.005637673432035583,0.006451769397095597,0.006847271228151193
2020-12-11,0.0,-3.690956234444872e-06,-1.845491740553415e-05,0.0004907758230902526,0.0010329321802447712,0.001110359099411073,0.0003874746114227014,0.0006198873331918906,0.0003505787352706065,0.0007120996354847514,0.000940749459277353,0.0012246450244865045,0.001471605477052611,0.0018474580588309553,0.00200217983622959,0.002031647937012705,0.002348375189620913,0.0017074510582521997,0.0011988396669239604,0.0014679199484648178,0.0013278597960862644,0.0014126353896122118,0.001659549426087083,0.000583000031272311,0.0008596216349703709,0.0004391265511490179,0.0004907758230902526,-0.00034700944656878766,-0.00042454929193414643,-0.0005242522142356321,-0.0005907263521274254,0.0002878526214464214,2.952715945257515e-05,0.0004022325807264321,-0.000140265914874398,9.226947861380853e-05,0.0005903776005109621,0.00043543721535851753,0.0007084113066482582,0.0014679199484648178,0.0012283314497781787,0.001442120868016313,0.0014937183633379418,0.001416321121958084,0.0012135856670719483,0.000918624341736816,0.0008116793721970614,0.0002472630393105451,0.0004096114837050902,0.00013655580447972726,8.857886292677712e-05,-0.001167020721500662,-0.0005796470222790697,-0.0007680123259471908,-0.0007458498602981579,-0.0014663815329714746,-0.001566188388306536,-0.0036866639767712496,-0.004479758904362992,-0.005262351997771396,-0.007401843124889953,-0.008093699335672931,-0.006992905983981639,-0.005949016080858107,-0.004839453131069811,-0.005125075743936113,-0.00485799757747225,-0.0036866639767712496,-0.004401903992512964,-0.0028645848109128016,-0.002649918671451243,-0.0021393464865430947,-0.001362888648014773,-0.001614247093873107,-0.001906345825320434
2020-12-18,0.0,-0.0012500092471324315,-0.0016245894398569487,-0.002024781537402129,-0.004305292543976774,-0.004082841386586972,-0.004097426831771494,-0.0051773405436338115,-0.006448462150713916,-0.006580049755351341,-0.005969775569827961,-0.005210194033498644,-0.005166389620197074,-0.004600755008714793,-0.004885356951037162,-0.005151788575492053,-0.004564273437376475,-0.0046408862744419825,-0.004144830997877317,-0.0037219193910358727,-0.0040682561541345585,-0.004039086327401347,-0.004232352285663029,-0.004360001229358993,-0.004119305398434555,-0.004360001229358993,-0.003794822426385989,-0.0037364995729239126,-0.004086487727939225,-0.004454836708112231,-0.004615348009911579,-0.004673722144349244,-0.0046408862744419825,-0.004301645404701747,-0.004101073226307744,-0.00405367113440816,-0.004502257820364996,-0.004684667673921447,-0.004287056980615876,-0.00399533318263705,-0.004659128291279885,-0.005002140157744884,-0.004556977282814698,-0.004389180418763096,-0.004473075331315564,-0.004465779842116386,-0.004691964760194937,-0.004432950799353581,-0.00458616222047036,-0.00458616222047036,-0.0028620647117851795,-0.0024615374669372738,-0.002625370132260498,-0.002876632362132595,-0.0029931812053351392,-0.0025962423632998766,-0.001821027366103967,-0.0021121174641827644,-0.0016064026947200218,-0.0011772914937880313,-0.000755632769383064,-0.0012063779605842697,-0.0013445502325380582,-0.0015700301966891884,-0.000385010737838179,-0.00040680823185383234,-0.0006756830649726109,-0.0006320768292741816,-0.0010536834474739534,-0.00030145807872612485,-0.0004649372055304484,-0.00013074174166623377,0.0001270936409499779,0.00024690999529949995,-0.0006538797094354223
2021-01-01,0.0,0.00024248994498755143,7.132896562328787e-06,0.0006239359865844826,7.84590640235935e-05,0.0005134385519730034,0.000926850201813663,0.0008163862352253994,0.0009909849703625601,0.0009767331550373458,0.0005669065772155056,0.0005954216884441856,0.000470662073326214,0.0006168074882739084,0.0011976134708678913,0.0010836168193963265,0.0008056955263422123,0.0007593678004372748,0.0012617308769847769,0.000926850201813663,0.00099454789245749,0.0007878774242190752,0.0008840914041845492,0.0007023461143618604,0.0010301764152316599,0.0009232870385085411,0.0008947812749975592,0.0009339764903357346,0.0010515529196037413,0.00036727802824405305,0.0004599676677479131,0.00036371287053060786,-0.00022827955784369223,-0.00033887120543301546,-0.00013553470244126583,0.0003351911512394434,0.0003922337763562804,0.00024248994498755143,0.000634628638772209,0.0011370543678368063,0.0010764915971782085,0.001386391843838553,0.0014683034470190507,0.0008876547071526051,0.0011940512722076312,0.001204737830120859,0.0010693663241911591,0.0010052365825764292,0.0014113221724749907,0.0010907419908455708,0.0011798023506726428,0.001122804634128246,0.000966044160248132,0.0008163862352253994,0.0009304133524226973,0.0011477415348648573,0.001047990200608077,0.0013721456627052457,0.0015893778758914723,0.001706877275177424,0.0017531611269278155,0.002087765247104065,0.0021233548421338098,0.0021589431705893573,0.002020141526812952,0.0018599618404580695,0.001902678932285164,0.0017958827811167515,0.0017282393190985927,0.0014825482583467615,0.0007558040403139659,0.000267448807435201,-0.00023898144084010464,0.0006631418189916885,0.0003351911512394434
2021-01-08,0.0,-0.0009086492449971048,-0.0006770231586530562,-0.0004033523898949573,-0.0004629922005386758,-0.0005296526689758529,-0.0009226889140824089,-0.0013966433706660156,-0.0008840802983895476,-0.0008665314203766318,-0.0009226889140824089,-0.00010520667861699038,0.00016129541289795567,0.0005959621985801948,0.001139030125197395,0.0013736843527646044,0.002108811195245013,0.0021123105067554953,0.0016537963994139838,0.0013666805461956687,0.0015627685903554448,0.001019930796216399,0.0010584644842979492,0.0012195892757972389,0.0010549614831016523,0.0010549614831016523,0.0007326328662890216,0.0010409493556050012,0.0016012813669738276,0.001961829053310503,0.001993327045316283,0.0023082524106080153,0.002287260471511968,0.0023047537846933213,0.0020248240452295898,0.0020738174066389564,0.0023327424492861366,0.002595098089600772,0.0026475609590170383,0.002595098089600772,0.0028468947651165,0.0029098340287480027,0.0030357006732045443,0.002420201977445273,0.002703518319522797,0.002577609854810189,0.0023887174284849075,0.002416703743178997,0.002577609854810189,0.002808429931585828,0.0028224173149663206,0.0023782223585440826,0.0019303300691504155,0.0010619674732232718,0.002290759158629649,0.0022207830904164894,0.0026650479705395465,0.002675540030673192,0.002269766852309034,0.002045821494040441,0.001958329215178217,0.002297756496142791,0.002780454577870699,0.002776957603627641,0.004286513165518632,0.004412206662093342,0.005336964589746445,0.004740331883205441,0.0042515955013671825,0.005762414893455859,0.006184199186675584,0.0069436593793909445,0.006995894612067308,0.007577262653548681,0.006835697918045209
2021-01-15,0.0,-0.0007015250757813232,-0.0019278088023902866,-0.0031693249832461675,-0.004491415589636558,-0.0053714885274754555,-0.007382058464403212,-0.005584747748305254,-0.004656370279019475,-0.004467361970682553,-0.005743001725626841,-0.005233926065303074,-0.005017303553250993,-0.005048246753571184,-0.004828227019663782,-0.005983871058619779,-0.006558750891867741,-0.006727490937896917,-0.005976988272468071,-0.0068618145926665295,-0.0068135937688389185,-0.007282123077716477,-0.007757767015502645,-0.008861580803828432,-0.008523408380981975,-0.009268919815622752,-0.010526503486290096,-0.010457364406088842,-0.008357814623488311,-0.00793360574081472,-0.007289014852727688,-0.007471664199230104,-0.00734759685807539,-0.007761214536476595,-0.00860621554384894,-0.007892229141344667,-0.007578512300968573,-0.007495790192059041,-0.006348726531713193,-0.0060699098828319135,-0.006059584833056539,-0.005392124529044624,-0.005151397670330511,-0.005423079329878675,-0.005701715664827275,-0.005216732088009119,-0.005361170686380496,-0.006386596517172088,-0.00636938270963235,-0.006255779010849154,-0.006458897744775267,-0.006259221357565741,-0.005347413730519331,-0.005780848778808186,-0.006131862420324486,-0.006334955983472883,-0.00929999485667013,-0.010104829434079445,-0.01031218789539322,-0.012727622930823052,-0.014378177420139769,-0.013361862531752717,-0.011674911061932447,-0.01077544376265478,-0.011311567256839914,-0.011335786070361504,-0.01105211677150934,-0.011207778984821533,-0.011851439984577916,-0.011647223077823635,-0.012190739922050527,-0.011989915850186878,-0.011906828029774993,-0.011796055007046703,-0.011802977961486726
2021-01-22,0.0,0.0005206941793045454,0.0013149155760221163,-0.003253620288766735,-0.0007301134399546743,7.538041414827266e-05,0.0013765098409312644,0.001379931633300298,0.0012875391293463248,7.195415495521813e-05,-3.426517476179611e-06,0.0005720637784445996,0.0018828077875563088,0.0010376944253535358,-0.0009530242096969521,-0.00016105901476980012,-0.00021246628891039688,-0.0007918376015545264,-0.0016392153271167294,-0.0012240134421060884,-0.001299491872465144,-0.0035011637648535996,-0.0036559095608051707,-0.005656003175086017,-0.006276466060288768,-0.007549619771473555,-0.005945504614275807,-0.006004104389889943,-0.004464415777877926,-0.005811082808788635,-0.006024787483529867,-0.0049222857267155334,-0.0037900419565593,-0.003917312401266097,-0.0053803654164809225,-0.005924823160368822,-0.006107524136258983,-0.005959292487841214,-0.0054044806874773465,-0.0064178475647198845,-0.007304523846260919,-0.00857898794090261,-0.007532357528659008,-0.007677369630518321,-0.009695910468947595,-0.011233285600352586,-0.010602814423523937,-0.011427356728029843,-0.010658224527570653,-0.00973051003092062,-0.00991044705344825,-0.010228876506709625,-0.011084292258000467,-0.012870208274481211,-0.011493210847315426,-0.013366669695218849,-0.0129778118560487,-0.012481543402810357,-0.010339658349679015,-0.012006328289658069,-0.010769053947353571,-0.010744808962167793,-0.008596268260519903,-0.007273459638266232,-0.009848157496964351,-0.00979971274646274,-0.010575110522812969,-0.009913907698131833,-0.010266956380981514,-0.01105657501544859,-0.014169166859197667,-0.014082285433175645,-0.01451676806678825,-0.014443761789954239,-0.014986221440434334
2021-01-29,0.0,0.0012538557702595388,-0.0014097771981659729,-0.0020166288954167355,-0.0039437581420543,-0.005571765993343946,-0.005759229042042188,-0.004743023724377741,-0.005297844736783583,-0.006646550148165307,-0.005881820038968678,-0.005586184980266259,-0.004743023724377741,-0.0058277339230417835,-0.008568168944286164,-0.008817672199066793,-0.007585225818021388,-0.008441633115497421,-0.009168528454689353,-0.007379363806239107,-0.007267421553880141,-0.006260504781236814,-0.006256897583434266,-0.005618628461022003,-0.005748412910864009,-0.006653767368452818,-0.005744807559802021,-0.006552731024150447,-0.007964556286238196,-0.008365719302942866,-0.009139587198202626,-0.008803206542343723,-0.009704092836537786,-0.01003715586093277,-0.010366707800032947,-0.010881170741065205,-0.010638398205055754,-0.010022672552945,-0.008716416996090139,-0.0077405532793257,-0.008203066250580395,-0.009519507853630777,-0.008929788134294377,-0.009827168423202713,-0.010287025947894721,-0.010754341914514763,-0.011794813447077532,-0.012299124592338917,-0.012201144968393555,-0.01112400222989131,-0.011341513323814644,-0.011889125693229786,-0.012099546608393831,-0.013468362868854182,-0.013290347090373448,-0.013115995007695594,-0.013217696694941742,-0.01355193222510983,-0.013995329967411412,-0.010225457955987935,-0.008423557875502908,-0.006938889241938857,-0.006516649089288927,-0.006913621995688226,-0.005405962585343735,-0.006964157126639241,-0.01037395191961889,-0.010913786468009336,-0.01116750066395457,-0.014202558612241446,-0.020304108030176782,-0.02189670116278047,-0.02253444927390069,-0.022420797703828498,-0.0200992687003094
2021-02-05,0.0,-0.0002932785900989593,-0.0011335979608895457,0.0006096108839433685,-0.0007066808296922275,-0.0008867642688388103,-0.0009668117637285547,-0.0032842944263846065,-0.002311900640583202,-0.00216161484681633,-0.000950134673880302,-0.0012570376582520216,-0.0024655494664740335,-0.00360863592404082,-0.004652592614350365,-0.002686043373717549,-0.002422124578996097,-0.004120440044698794,-0.004080289077055106,-0.005044357520239512,-0.006472081749530184,-0.0050309613140449155,-0.003611980198726222,-0.0038594875666785487,-0.0030670110361762657,-0.0033946256039140608,-0.002495613954803685,-0.001841080620365884,-0.0016307858564311537,-0.001967946466580917,-0.0016908655621922502,-0.0010168447020899851,-0.0009801536358602415,-0.0014772652276295168,-0.0015473478082990665,-0.0015406730651932215,-0.0011969840103085321,-0.0017676393283001897,-0.0021649542857573615,-0.0020247074510988685,-0.0018844802828567756,-0.00273950376459253,-0.0022885213669761274,-0.001967946466580917,-0.0020347244298779205,-0.002619221903954502,-0.002649291012791943,-0.0030670110361762657,-0.005027612290536499,-0.004672679389218567,-0.004010028762560988,-0.004110402151652411,-0.005329069335190932,-0.006176985707041132,-0.004197400572351394,-0.002916611725724197,-0.0044919129389794105,-0.004187361906757727,-0.004284406562433999,-0.0036688345796224305,-0.003050298884603302,-0.0036287017399176647,-0.0038628326803873832,-0.0035818821291806516,-0.0038862487896681305,-0.004615767908316238,-0.004327912396405893,-0.004301139351505915,-0.00409701845099218,-0.00476642300718817,-0.004803253261572236,-0.005771370784237194,-0.004515343783679211,-0.004368073307796214,-0.004170631021375568
2021-02-12,0.0,-0.0002135197423537829,-0.0018969941463842278,-0.0006012567432356277,-0.0009595542095665251,-0.0017324674235829006,-0.0011371069415503222,-0.0010154470400105425,-0.0013804711570302463,-0.0022425883991356492,-0.0017554995352830536,-0.0012686478114882634,-0.0017225966809574628,-0.0018015653501790713,-0.0017653706026910443,-0.0014528341032863303,-0.0005881106540326016,-0.000522382800187666,0.0003907872771301944,-0.00010839663324108257,0.0005811996847153457,0.0009586343478720773,0.0008306507296004708,0.0010144169532295148,0.001339206785898142,0.000981604032810907,0.001221113597113377,0.00037765405039486965,0.0004137700088916202,-0.00029894040632149905,0.00017406697681399697,-0.0002693708892058777,-0.0004895204932507519,-0.000913527165382464,-0.000739301114859892,-0.0007557362380332419,-0.0009036645029565149,-0.0006176895977706751,-0.0003876542041680727,-0.0004829481614531056,-0.0006144030052604758,-0.0008839394699164835,-0.000995719801954784,-0.000568391844259359,-8.868728049551616e-05,0.00026273095844321306,0.0004991298169494136,0.0005615035307169738,0.00022989336333425662,0.0003119853293680955,0.00013137410766614726,-0.00028908380346526804,-0.00042708508512470325,-0.0016370543259243973,-0.0016929850376571564,-0.002792493990583309,-0.004447326676354376,-0.005543264225184198,-0.0056159290422327715,-0.005113988967300915,-0.005893425104560591,-0.004381344682816448,-0.003932782547791383,-0.0038998079777767783,-0.003563529456870879,-0.004331861044571263,-0.004513313023802945,-0.0035997893479961986,-0.0035602331683268385,-0.004199916645749495,-0.004358252013583185,-0.003985544121549546,-0.0030757969091804297,-0.002282092491106347,-0.003415207228205813
2021-02-19,0.0,-0.0012439277206930397,-0.0015925049481867978,-0.002067429442459712,-0.0008324310284304432,9.281788474695479e-05,0.0007886775479969251,0.0014906736297533123,0.0015932827140572193,0.0002717994799509206,-0.00031166592318066725,0.0020102306611691064,0.0024336188979622838,0.0029295489753748344,0.002899800105416383,0.0039966174631547,0.00343514440736716,0.0037786712421730095,0.0027642662754693383,0.0014509511574214502,0.00066942170431937,-0.0005338700899256384,-3.3151332520814514e-05,-0.0005305532468305041,-0.0007395358506186493,-0.0002287665679244012,0.0006594830753528864,0.0006594830753528864,0.00019557049467074135,-0.00011271901482254918,0.0012258273383707052,0.0018712673274134321,0.0011264918924218591,0.00012927969680363218,0.0005700309694418337,0.0005435251050175822,0.00031156881779664857,0.0002717994799509206,-3.646652621934967e-05,-0.0006366976829715131,-0.0007129959561795474,0.0005137051677367249,0.0012258273383707052,0.0005899099067143716,-0.0001790302532755833,-0.00043768610647465815,-0.0005073356532003359,0.0002552284557119538,-0.00017239893155367644,-5.304265957144623e-05,-0.0010016551363015447,-0.0022468302442645023,-0.0020474980065985434,-0.0028118207873939023,-0.002506021568787531,-0.0022235727690617037,-0.0026954731071523476,-0.003483577756360632,-0.005991685450835843,-0.008369029689244875,-0.008880630157165767,-0.007690643287098185,-0.007466843329921913,-0.006385293002508399,-0.006962641919163299,-0.0072998610663899555,-0.009241917548486014,-0.00909471063217165,-0.009697057796429568,-0.009523009122609213,-0.006175127321123308,-0.004791805294880251,-0.004265645483348376,-0.004715195191968755,-0.005121628842274014
2021-02-26,0.0,-0.0003560404311440707,0.0013155777014232839,0.0020431003847790822,0.0015469671963664496,-0.0001444162144974726,0.0007419033012576192,0.0008492826086971608,-0.0005240280407730216,-0.0005979515299953264,-0.0005206680120111442,-0.0003426026413914147,-0.0007390933676946834,-0.0031685086430804487,-0.00431122914981848,-0.00520204069074683,-0.005566692435493024,-0.006154466747085934,-0.0060429657578214505,-0.006063237740253039,-0.006053101697668086,-0.008380328241962656,-0.009942741182468122,-0.00952902337958042,-0.009695168159880046,-0.01276193119141826,-0.013677328474778145,-0.013752230761375757,-0.014286923657761023,-0.014460675244533084,-0.014985520188760116,-0.01303067843965209,-0.012489855661573249,-0.014355057936824513,-0.017323401223091624,-0.016998842918468284,-0.017651482973069673,-0.017456671452599083,-0.01769933722270714,-0.01798651082111967,-0.020194345935289737,-0.02075649610588468,-0.02029715467001034,-0.019622237081973932,-0.016001912153309695,-0.01589271986900098,-0.017856588739995502,-0.018872482257750487,-0.01997505595424984,-0.0183729578219878,-0.017805308354219042,-0.01858505415556873,-0.01822930521478791,-0.01773352023170408,-0.017555781343334697,-0.017094491260579686,-0.01568801646645678,-0.014055301827049279,-0.01352073272977733,-0.013258659936708559,-0.012908202381867191,-0.015200308903973128,-0.01411660826731009,-0.01471283908421177,-0.015125298078511953,-0.014266484279253623,-0.013571793865285932,-0.013813518623674255,-0.0143789060312777,-0.015739188388775298,-0.022170122739050974,-0.022245663888411097,-0.023094176894601297,-0.025568246036887687,-0.024845005889643446
2021-03-05,0.0,0.0005433070868560726,0.0017455325140234568,0.00010001733642174203,-0.0005402665446303798,0.0024941114966112784,0.0038102510112461353,0.003939777161594593,0.00442120165614227,0.005260649793204137,0.005933689920859496,0.00626838357159779,0.004477629351534108,0.002962935538248739,0.0023377879597889337,0.0029662597466301667,0.0032587468194573135,0.0018952931468922637,0.0020051033583539063,0.0015391588971591335,-0.0006803833088293987,-0.0009139548862324957,-0.00012670298835941763,0.0012528281898973107,0.0027834118738883124,0.002025067555893574,0.0018952931468922637,0.003089247688980728,0.0030826000787968115,0.002657061084027595,0.0026238082226159322,0.002188093585522966,0.000886471700956699,0.0013061052271736693,0.0008231783479036958,0.0008298409947734173,0.0013127646572598638,0.0017022641553353787,0.0021581520214732303,0.003684029904916677,0.0029828806227834626,0.0025074144990990858,0.0032587468194573135,0.003165692030059691,0.0025473224447764365,0.0017588454785212552,0.002148171300898318,0.0024309198179364717,0.001712249327354864,0.0020916120026176622,0.0024475495942165226,0.002261280301501301,0.001822079639633109,-0.00099404913050283,-0.0008372039213852039,-0.001087500524164617,-0.003945318596283594,-0.004196394457662974,-0.005643820002110874,-0.006918752653711027,-0.0057276472175037145,-0.004440835517611237,-0.004233224218792739,-0.0036876129449119666,-0.003700998616220376,-0.004939948680944069,-0.005332044437760857,-0.004283448806417501,-0.005047173273007008,-0.00532869254050311,-0.002844676667139991,-0.0024802932983787993,-0.002690884006090012,-0.0021995746568176135,-0.0021026781839405054
2021-03-12,0.0,-0.0008155888840397058,-0.0010179579079081231,-0.001445678798798884,-0.0016285771502842028,-0.001929125653560943,-0.002066362616264805,-0.00280188150894461,-0.002190545622960474,-0.002059827095710738,-0.002543571021574017,-0.0021872774515186507,-0.002537032381480307,-0.0023964619595539262,-0.0035903044912574613,-0.003099511752990866,-0.002850935342266153,-0.0032957999439420724,-0.0031551228287687023,-0.003145308884789862,-0.0031812938169212737,-0.003672126704724959,-0.003763775532666038,-0.004061692245868942,-0.0038292441241326585,-0.003832517666219745,-0.0038259705927616147,-0.0028411243830977376,-0.003021007263474967,-0.0031256812857680563,-0.002975215823849589,-0.0029555915630294,-0.003426680146208006,-0.003217280044014625,-0.0034790370237865534,-0.003888169521323292,-0.005132961212233999,-0.005470632366360115,-0.0062742892120773155,-0.005670666143222254,-0.005864179510187797,-0.006694415912713305,-0.007364357876135636,-0.007725787432521844,-0.007715928529850469,-0.006829025078487521,-0.006737094905955234,-0.007147562828724975,-0.008185977696443268,-0.007646918932559854,-0.007692924801602334,-0.008445749986119864,-0.011347285948469971,-0.012109469790446506,-0.015266669417134702,-0.014078657278155242,-0.014191110477898044,-0.014932294884750749,-0.017033094225923074,-0.01941757432381638,-0.021194684027153347,-0.021807753759711845,-0.020835013721052932,-0.019972997781953317,-0.020046190341629647,-0.020418890089712625,-0.020488786759164962,-0.020831684044814027,-0.021691108283507746,-0.017955658621967668,-0.017812904157743364,-0.018849166796891033,-0.01939762472979002,-0.019909790336760564,-0.020175953955761647
2021-03-19,0.0,-0.0019583300016626243,-0.00368151381906244,-0.006376040569647719,-0.004922105580964295,-0.003671124298625187,-0.003120634123436935,-0.0015711953119793773,-0.0009665972389861707,-0.00042104537213268935,0.0011552382713391313,0.0019303960547542153,0.0017788568988130542,0.0020819122500594276,0.0034823498145310954,0.0034101393312567685,0.0038742586216812987,0.003568307877364353,0.005992717986422811,0.006853239803696738,0.007432218111610052,0.009485058936809884,0.010243543234624472,0.010397219950343293,0.009074827765795079,0.007110224213010388,0.0068292512222603245,0.006558483044435208,0.005224136461795085,0.004252270695076904,0.0030077282990764597,0.005200108768160726,0.005677122056363027,0.005505560745076563,0.004307242367500933,0.0026326867906607187,0.0031900371204043937,0.0041148282918177,0.004705696644992414,0.003973930221029135,0.006647604716142571,0.0064145004866449275,0.00669216257367107,0.007487015259432343,0.00695261493977674,0.0059035379283968546,0.005677122056363027,0.006616755805535029,0.0068292512222603245,0.008955145300330302,0.008903848429941026,0.009355170606410102,0.009286801550218467,0.010096674526446494,0.009026956498462689,0.009901954845308144,0.012229275281128403,0.013237690179379029,0.012508735311642974,0.01379596906098162,0.014340331184099681,0.013285360302138675,0.01361898754828086,0.016609847270213668,0.017040745020096386,0.01771894794405284,0.01822391031136386,0.01781385965928036,0.01861008525340971,0.01948012594968529,0.02026150151479752,0.019128138400995136,0.01757317312520809,0.016304374208864908,0.016969507022396683
2021-03-26,0.0,-0.0021254726480245847,-0.0026644593660673653,-0.001189846098434163,-0.00033439339798445105,-0.0019113406244530764,-0.0036568162256989506,-0.003577253062018077,-0.004546278920852675,-0.0027543187362137414,-0.002747406190288471,-0.0017007070828727773,-0.0003378413349976601,0.000616783065255448,-0.00035508119838933804,-1.034038835063434e-05,-0.0009207135317692397,0.00015509299579414082,-0.00030336249982724367,-0.0016661812264554,-0.002177285672103333,-0.0022774651315980335,-0.001324439548767861,-0.0014003720517122777,-0.0008724153526013166,-0.0011415349192178985,-0.00014477516786448686,0.0011505618008203745,0.002210386960067868,0.00260925089086464,0.0022619731494248146,0.003207248647291334,0.003320621684212666,0.0021037670684785985,0.0027605024982014395,0.002908294469241907,0.0026573788838336024,0.002213826122150651,0.0009439715718033777,0.0022447780486524634,0.003056064601043517,0.0038941609349981776,0.0038289245474915725,0.0038838607356892064,0.004209982210245736,0.0045600153296977055,0.0022826068800728743,0.0020246546410789233,0.002127843521536531,0.001160890192018635,0.002048732998935914,0.002901420908393667,0.00206937112994755,0.002849867696015768,0.0025267403707265493,0.0027605024982014395,0.002911731231948919,0.004072680867909326,0.003416806909549183,0.0024339078971730163,0.0019971358078754295,0.0015980276029687321,0.002935788240186223,0.0019971358078754295,0.0022035086004190342,0.0011746612143451543,0.0016186750376975885,0.0015119920358122455,0.0012331859436420874,0.000950858600429577,0.0006891181627929215,0.0006271169709724526,-6.893794209190254e-05,0.0017253466595345303,0.0021347224016548907
2021-04-09,0.0,-0.002603730118048823,-0.0009646751524130049,-0.0017249702911889119,-0.0008032709353772902,0.0005743295029042333,0.0008194106746789279,-0.001264014422074047,-0.0008436195473906053,0.0006616255743006695,0.0008831890749702926,0.002362377568861485,0.002040563608074048,0.0011818863877406471,0.0015408763214254057,0.0011013475830943538,0.001292616653958814,0.0008261243820553005,0.0001276572873887676,-0.0003158538496585266,-0.0005679364735937002,-0.00028896878666185525,-0.001179921307400565,-0.002051469032693533,-0.0020649351871975434,-0.0011967393646126214,-0.001556713598382092,-0.0022770510436532004,-0.0017922808960001927,-0.001109288555636943,-0.0005712980045694806,-0.00039315243227634587,-0.00035954361869792447,-0.0004334844996362376,-0.001247195233397681,-0.0017720872388272328,-0.001132832251897543,-0.000725940645904962,1.3438376644297976e-05,-0.0003057718663306852,0.0001276572873887676,-8.735385034445045e-05,0.0005138892967173789,-0.0012438314296084653,-0.0007662861378061282,-0.0010151193132598429,-0.00046373461769813124,-0.0008705195265447321,-0.0010487501675539592,-0.0008503444743411088,-0.0005780211004206806,-0.0009041455180943122,-0.001597092622830331,-0.0026273090257065935,-0.00412402260361192,-0.004400687911209916,-0.004029569051076052,-0.004248849911940528,-0.003520348265888191,-0.003729400920943913,-0.002512788110357271,-0.0022366445543654297,-0.001139559124070066,-0.0019942398990090856,-0.0029170381310217345,-0.0021895057136354966,-0.0023039896102536894,-0.0022837856172704197,-0.001644203545506445,-0.0021390022785494744,-0.003011386654537291,-0.003189999306516988,-0.0025902567061429557,-0.0025431011939915818,-0.0028260676273025274
2021-04-16,0.0,0.00025275986581168734,-0.0009638060830159832,0.0011130307676330373,0.0010379572296548983,0.0007649150258731667,0.001914601206339663,0.0021123367935938523,0.002183921073034735,0.0021532427235958712,0.0014371472545230543,0.0016554402045275425,0.0020441565249371143,0.00239864317063819,0.0023236660897334375,0.0032025893631735763,0.0035498576927278772,0.003604320215717859,0.0026439834110755255,0.002892669718428673,0.0025042831530841946,0.0020714291902280517,0.002592875824483729,0.0028279490985868377,0.0027632242897154733,0.003522625318880316,0.003294525069534332,0.003291120194093203,0.0025622100187289295,0.0023884193542576776,0.0016076926933575315,0.001836177990299758,0.0019452868776676762,0.001065257350118447,0.00025617510220579703,0.0006283659618756004,0.0006386077884712675,0.00027666627563366954,3.7576455280768896e-05,0.0011266798963069224,0.001576996660817274,0.0012938666050118063,0.0025553952675184707,0.002722343304478039,0.002275950474789438,0.0026678327243014797,0.002010064647323619,0.0015599429022538358,0.0017713889553096836,0.0011983347655419032,0.0012768080172919638,0.0010823195469448572,0.0018702757964502482,0.0022998085668588155,0.0017406979472610626,0.002037338242394315,0.002122563432966788,0.0014235023628290237,0.0009082714785244339,0.0013620980460863805,0.00134504062226878,0.0034579454586342625,0.004070534175529658,0.0035124129874899088,0.003406879455814595,0.003638357786391464,0.0031276725378411377,0.0026405763198966703,0.0015292454039269442,0.0006693326389034586,0.00011955654782754683,-0.00042026928603911603,-0.0008475532534964248,-0.0009603866892403211,-0.0022811422438082773
2021-04-23,0.0,0.0011603105653301216,-0.0009180853003543134,-0.002160929100509493,-0.002328152016012636,-0.002241053258159978,-0.0017360300076498503,-0.0021504785967078398,-0.001012027915403093,-3.47606037256973e-05,-0.000180768335442057,0.0008825144589397122,0.0016497384131307748,0.0012297475356841951,0.0023504874106295855,0.0028427993799398587,0.0020730217799042315,0.001743431319084809,0.0011707264182586703,0.002333148064010284,0.0016150351090256766,0.0029329147623500056,0.003594667391500592,0.00462626625337555,0.0052868996207090175,0.004999871723430904,0.004986036972611959,0.0050033303812296,0.004712761417484821,0.004120985015553377,0.00386824862345698,0.0039028738229879623,0.0029849007122924706,0.0038232340716297312,0.0036985678134298693,0.0034145477500059345,0.003133912125802817,0.0013269511947842261,0.0009623887438033771,0.00143455851149147,0.0005386349037058527,0.002326212241178864,0.0027873397233596046,0.001236690967544905,0.0008686226276834616,0.0013790206971679147,0.001795479140634925,0.0013790206971679147,0.0013859630926413298,0.001587271598605655,0.0028774601034513027,0.0026417434891917004,0.0021250524502617195,-0.0006919633431228259,0.00035448915703907715,0.00011122581284507965,-0.00013557318800269246,0.00044482904355022375,0.0002502406841849177,-0.0008658987717730178,-0.0003685238921673417,-0.0017186199610079909,-0.003248378233499392,-0.004096153745886147,-0.004284645948451948,-0.00513679470695229,-0.004466190544333038,-0.004986568231524516,-0.00419737662304084,-0.003255352877182362,-0.00176040458218422,-0.0019519397721370825,-0.002551159411025616,-0.002289827627935023,-0.0026382851841041193
2021-04-30,0.0,-0.0010307241157400352,0.0011679957038517902,0.0018829728179449155,0.003004995406432034,0.003523463311753225,0.0031127511243240363,0.003004995406432034,0.002513212548962952,0.0033214947912267373,0.0024323483805058633,0.0003545937659046632,0.0005301555641084782,0.00017900114034389626,0.0013973836775066598,0.0016469519930692037,0.0012658293630942788,0.0013332952759672954,0.0010330370178746216,0.0010667783969555257,0.0014580952167650807,0.0012826962680344068,0.0010161659013944284,0.0009588019762015162,0.0012826962680344068,0.0007293133635667535,0.00039173440908353183,0.00019926340154521104,-0.0005439547671883522,-0.0013688978455697234,-0.0016056875199401458,-0.0010273429559007666,-0.00038850892454480657,-0.0002972802259602401,0.00015198415341145243,-0.00044595348633450193,-3.715519556722061e-05,0.0005335314504895441,0.0005976711264711362,0.0003748524695509442,0.0007225629011600415,0.0009925458601258146,0.0010532819819405364,0.0006618066888185391,0.0004288736728862555,9.794798969587632e-05,-0.00040540404134962717,-0.002055742430850995,-0.001801927163007749,-0.0016327527674873644,-0.0019745145357933608,-0.00272273754114555,-0.0021708265777982782,-0.0030513199818785804,-0.004695853635663655,-0.004471902388235435,-0.0037935683505576122,-0.003986846673639084,-0.007264697302360891,-0.006584466814050982,-0.006914320814141197,-0.006516469207540526,-0.006125572672874522,-0.006519868978056026,-0.006608267068714871,-0.00532725894075613,-0.006064402695080549,-0.006407682653451351,-0.007152427391769746,-0.0071456235598515725,-0.009550256871124258,-0.010870835046241208,-0.01161549521844819,-0.01213161720559299,-0.012374389184060393
2021-05-07,0.0,0.00043440852932051863,0.000626296386606156,0.001060432991644834,0.0012151958179230347,0.0011983749317645968,0.0008854548634644261,0.0003738047132817554,0.00010777785647025371,-0.0006536520512792516,-1.3473048850070925e-05,7.409852412614284e-05,-0.000370575001882606,-0.0011998127574681253,-0.0007513996434799615,-0.0004851441546004431,-0.00021895953883645672,-0.00042785793748012556,-0.002607044540030513,-0.0026644557342161155,-0.0018171310856200436,-0.001854249796322819,-0.0015134842852424807,-0.001587700544709605,-0.0019453652007947269,-0.0018070080400005375,-0.0009469234963272607,-0.0008558990157360566,-0.0007210631613297348,-0.000542433653619441,-0.0012065573466215939,-0.0011492297887429998,-0.0008997245832420677,-0.0013853055364289287,-0.0018002593998514107,-0.0022525190180769645,-0.003431380050703277,-0.0034111013538117045,-0.0035665818734297323,-0.0032928171505290822,-0.0033198523063714255,-0.002482102156879031,-0.0026171756877376934,-0.002657701304999039,-0.0022491431886777187,-0.002931292187009625,-0.0031035915220563835,-0.0035936244316575315,-0.003803229057249383,-0.0032826791555202427,-0.00314413685681435,-0.003569962153215539,-0.0027252476502608695,-0.0026779647295184167,-0.0020364889080401946,-0.0009300664859176517,-0.0010413280062356158,-0.0004716647494465392,-0.001348204227929033,-0.0005390635922338351,-0.00035709714095363864,-0.0006300592363013412,-0.0008154463504055617,-0.0009266951179345844,-0.0008862395886696134,-0.000542433653619441,-0.00032003396001879325,0.0005017417953460487,0.0005017417953460487,-6.399859878934335e-05,-0.00041774894570030893,-0.0005053636030146306,-0.0010851617012039884,-0.0015674592004138279,-0.002087116778018405
2021-05-14,0.0,-0.0018050913893558577,-0.0038244081596846696,-0.005800074056491429,-0.005176295814987851,-0.0037869763239039953,-0.0031236444346493175,-0.002171936727401041,-0.001869619240787505,-0.0015572073163359207,-0.0013976432314963673,-0.0021549501756536315,-0.0028754333383390674,-0.002647677362584448,-0.0033855229211279627,-0.00308623882006212,-0.0029944309704266372,-0.004052432331234774,-0.00364066531748265,-0.0034807684676201726,-0.0043622200950530834,-0.00422944215914648,-0.005401220159565837,-0.005176295814987851,-0.004920761363294487,-0.005179703382172237,-0.004338386859605231,-0.004535879386176567,-0.005305791531586771,-0.007089767267841401,-0.007591764167368741,-0.0068132643790142075,-0.0078001498113769155,-0.008589676153698104,-0.008726454009576442,-0.008487105037634429,-0.0072639009107305485,-0.007246827644221546,-0.007021487841088975,-0.007024901701704512,-0.006977108713609514,-0.005963752456082091,-0.00597057297082635,-0.005793254704534322,-0.00562960420708083,-0.005660286635426972,-0.00457674477898384,-0.004191995159412656,-0.005636422443134992,-0.005343280263671209,-0.0048424105457658215,-0.0038550352493479704,-0.00398095647387706,-0.005333055924631892,-0.005114961591153245,-0.004920761363294487,-0.005155850655719392,-0.006492480298073909,-0.005595513724117617,-0.0053569128783386094,-0.005404628493282771,-0.005360321061044631,-0.0058921398597367915,-0.0053535047072484805,-0.0038618413966602346,-0.0041171053665160625,-0.00257970055624462,-0.0031372468232289327,-0.0036814941426387905,-0.004066047359503269,-0.004770878203749397,-0.005166073183102998,-0.004488205205141741,-0.0037733650946396714,-0.004110297481623768
2021-05-21,0.0,-0.0005092742951523038,-0.00011980591456205513,0.00022626090640820917,0.0006952564828302092,0.0010410414014088122,0.0020876417903238163,0.0029274521686854706,0.0029009076950774876,0.0032923672470448633,0.0033951829036383786,0.0026487000472030214,0.003872639659769319,0.003783133880785385,0.003610729804991284,0.0042173278198294525,0.0047374494141159615,0.004757321306649476,0.004339928613574579,0.005012308881526264,0.005105015518063416,0.00488316745658571,0.005148054963722156,0.005118258621717345,0.005455898522044136,0.005277162187450678,0.005174539855748036,0.006114299359731022,0.006094454414899262,0.0062102110416820434,0.006200289570129164,0.005611439332791703,0.005651148003515967,0.005032175312886797,0.004631459317466458,0.00470764083487347,0.005085150533739491,0.00527385195402952,0.0053367445153498,0.005300333514589357,0.0050917722390273696,0.004952707219284541,0.004833493236667697,0.004790440250025752,0.0047242012663724605,0.0047374494141159615,0.004296854371798891,0.0043598084070905,0.004429384572312345,0.004631459317466458,0.005320194224809063,0.005707399254707646,0.005505541834851908,0.005267231454314085,0.005313574031896525,0.00499906437468532,0.0051149478622458475,0.005541945364674621,0.005326814373894937,0.006137451297632045,0.006640046950178445,0.007125869693924355,0.007462832538700573,0.008852429927661443,0.009053612950471947,0.009360256736661087,0.009900775911884471,0.009676693659579225,0.009699763268830602,0.009548153235910954,0.009676693659579225,0.01048381348820722,0.01045746884094413,0.010855857512220391,0.010539793559316429
2021-05-28,0.0,-0.0008998744667427338,-0.0012237684525957877,-0.0003818621976941402,-0.0010099866517386765,-0.00029447408274587523,-4.853371557282319e-05,-6.79478613671702e-05,-0.000721777481130095,-0.001120110962763362,-0.0007023506377647995,-0.0006052220815692003,-0.001440836128345514,-0.0012917995201428242,-0.0008739674793029704,-0.0005081029584138194,-0.0009905542086266798,-0.0010099866517386765,-0.0016093390451407219,-0.0016385058941023895,-0.0012723615999996937,-0.0019399464907091052,-0.002604733402351845,-0.0021960803301453178,-0.0023841697315377694,-0.002124745327974892,-0.001995058359712397,-0.0013857547942616956,-0.001071525212954231,-0.0014473164847650197,-0.0018167662356998304,-0.0011913743327735171,-0.0012172895446803807,-0.0009905542086266798,-0.0009257821253718839,-0.0006537851804224468,-0.000618172010668613,-0.0007153018247413605,-0.0008901592677996287,-0.0015898949517695992,-0.0017486994459464864,-0.001784352900851081,-0.0009775994563374622,-0.0009614062519772164,-0.001113632726398416,-0.0006537851804224468,-0.001035897163310976,-0.0011427851205408656,-0.0007703462407420809,-0.001120110962763362,-0.0009678835022550535,-0.0001812045577904149,0.000501377180374346,0.0004496337501615247,0.0008861349574705126,0.0010089676078362988,0.0007568211287927314,0.0008214801333900174,0.0001488220414661601,-1.9413203567435995e-05,-0.0004077564391400439,-0.00031712952741660933,0.00019411131050492671,0.00039465342178576817,0.00046580385971440284,-0.00025240104718633717,-0.00047249497639531774,-0.000511340110561643,-0.001035897163310976,-0.0012626427816135142,-0.0016125797641266901,-0.0010391360244625608,-0.0005437122084058545,0.00031056001336568566,0.00029762193822765136
2021-06-04,0.0,-0.0008468182743873815,0.00012091552156360723,0.0002481792248546606,0.0004644903574506303,0.0006743946609415425,0.0002163648173793952,-0.00014002571404168779,-0.0002450578683000091,0.0005185608303737477,0.0012084977936908325,0.0012688843631004619,0.0012116761250984755,0.0007030145616323867,0.0013260893285069496,0.0008365632689521721,-0.000423319499547584,-0.0008436334037966761,-0.0011239408519356368,-0.0009328136147668858,-0.0008149700249237071,-0.0005634045059054924,-0.0010570421636028403,-0.0019047564135808858,-0.002692563623371558,-0.0034682189393496696,-0.0035448595269651,-0.003694964361101625,-0.002899984505015838,-0.002676609952830463,-0.0024309555617989965,-0.0024532852856929206,-0.0022842297792641584,-0.0021630377599291834,-0.002475615508214548,-0.0029893482986959163,-0.002568131742486953,-0.0024596652983891925,-0.00198765426753056,-0.0016943542577766233,-0.0009041476796105073,-0.0010474855734578599,-0.0005825085273025414,-0.0007608303285705509,-0.0014712488204091526,-0.00120040197626997,-0.0025330383701857697,-0.002730853471142222,-0.002437335432032483,-0.002868070799672357,-0.003152138588455198,-0.003391584225063999,-0.0036534437485069337,-0.0037269044670177457,-0.004807080468143654,-0.005181259557177875,-0.0038578695681998057,-0.0033468833537087924,-0.003966487784859352,-0.003168099847287994,-0.0027180900256498883,-0.003366040625330718,-0.0032127927274003504,-0.0028457318119147566,-0.0033883912394148024,-0.003548053012255068,-0.003391584225063999,-0.002737235254978487,-0.002309745760243368,-0.0023033667039609076,-0.0026893728689017502,-0.0025202774492298807,-0.002252335718573422,-0.0019430161076355718,-0.002156659639433684
2021-06-11,0.0,0.00044881459969734345,-1.8968433365961808e-05,0.001203759286107401,0.0009574383096834816,0.0006447127459268265,0.0004835735228694394,0.0005815239884495027,0.0002623597536223079,0.0005246506926583003,0.000657350018297998,0.00022127180802974879,-0.00017072885453948112,0.00014857361454774263,0.0005594069799950003,0.00038561346205580354,0.0005973215521494528,0.0006067999705806948,0.0005436088173210954,0.0005688857578015314,0.0006162782991721503,0.0002718413474783765,0.0009827047921166904,0.0005688857578015314,-0.00016124315344337786,-0.0005976785584441793,-0.0008349516276405851,-0.0013539849713600555,-0.0014109684556622573,-0.0013223288831002251,-0.0010596220197178043,-0.0012843428999234994,-0.0005249260955039995,-0.0005628832418903513,-0.0005344152470316573,-0.001167228534446538,-0.0024118744223951137,-0.0022280887539911478,-0.002076015809375766,-0.0018352809333319275,-0.0022977965831591095,-0.0017339362155219223,-0.0013001702175575256,-0.0010881049703002175,-0.0010437985088285187,-0.0010343045224776757,-0.0016642676793879518,-0.0014141343000009944,-0.0013571506353026945,-0.0015977704223753613,-0.0026717669804716816,-0.0023580027099429934,-0.0023073025727247324,-0.001949306018974242,-0.0013761448294112963,-0.0011514033207662537,-0.001379310563505376,-0.001167228534446538,-0.0004964591811733776,-0.00023396916140255186,-0.00039841267858746964,-0.0007558543490202817,-0.00042687680193391513,-0.00047115593761241697,-0.0008254596238626259,-0.0006641093431270542,-0.000660945872356596,-0.0012020448861080146,-0.001281177466456928,-0.0010469631909757818,-0.0011229185672287797,-0.0009805069689874932,-0.0007685094931783443,-0.0005881888065853436,-0.0005249260955039995
2021-06-18,0.0,-0.001429002640722793,-0.0007523535209959203,-0.0016800828430967923,-0.0027614012663080517,-0.0030860249284947296,-0.005099771335368696,-0.006168831095502498,-0.008252791116609407,-0.008358383176184567,-0.007817741462905663,-0.008383982930428366,-0.008361583109626043,-0.008969756336101316,-0.010402024257997137,-0.011470350728499371,-0.01119112824895479,-0.011415783884904836,-0.011743229618516138,-0.01333382903132079,-0.015126685447374855,-0.01514923732071167,-0.015220117948099396,-0.013581483153052533,-0.012742280442789184,-0.011695069109161287,-0.011300240397096036,-0.011396525709808826,-0.013304886448579141,-0.012870848198173263,-0.012874062603853629,-0.012359889078246254,-0.012469128833914881,-0.011605175697003518,-0.011698279737625735,-0.012581593989918153,-0.012003336456457249,-0.011730386589230622,-0.011605175697003518,-0.011037107834527896,-0.010478982607535178,-0.00937327528294785,-0.009732095537074908,-0.009719278310722383,-0.010530291464417144,-0.010834992034319445,-0.01092802439200294,-0.010030142371091403,-0.010382785595981495,-0.010434089517215438,-0.010838199902578803,-0.011528130632022935,-0.011149412044289,-0.010084633654903568,-0.009251561943335852,-0.00977695712306758,-0.008028844862774179,-0.007459607337849371,-0.007434031236157354,-0.007747383565042642,-0.0075395368720146344,-0.0076674374167255465,-0.0060155822190276365,-0.0057506447730389645,-0.004997711968622208,-0.005457061168212777,-0.005310301681224753,-0.005517685503158476,-0.005332633257276502,-0.005932582215787709,-0.005744261604178639,-0.00450032166321774,-0.0032324583206631563,-0.0023541794361358215,-0.0017341210035872244
2021-06-25,0.0,-0.0009221393020530304,-0.0009726920649303771,-0.0004893858620958621,-0.00029991776164147734,-0.0003788584409196822,-0.00024308433093922697,-0.0015858477498251664,-0.0020633581273563576,-0.0022942893029839297,-0.0025759076929439324,-0.002284797929851116,-0.0027499811872125635,-0.002955743481839816,-0.0030158973808595327,-0.0020254019414424006,-0.0020570319963231286,-0.002670853115221673,-0.0031457154932015632,-0.002886096119072422,-0.002370223531323115,-0.0019210298580333964,-0.0018799165735348276,-0.0018388049792687079,-0.002196216124496109,-0.001835642618946291,-0.0015763630983623524,-0.0014372652111615401,-0.0015226184392248866,-0.0015162957280464788,-0.0016427575478109118,-0.0009916500098896565,-0.0010548457555730926,-0.0008589519420314991,-0.0009189798392249811,-0.0005272837903468773,-0.000265185836841991,-0.00027150064253549653,-0.00013258412798001357,-0.00024308433093922697,-0.00010101488399758999,0.00024302525530745943,0.0002114668707153741,-0.00018309699140713008,0.0006437301226073773,0.0009780538141315556,0.001101031578960795,0.0007415155971260878,0.0006121843812797837,0.0007856736450951576,0.000536470541700166,0.0004418201800649534,0.0005206961035458616,0.000700509949380907,0.0006878924887078979,0.0011640912334146764,0.001056887454694055,0.0018385807429381737,0.0018889915913634298,0.001892142185013958,0.0018291284259387046,0.0012019251174458356,0.0014572664013713789,0.0016621227583865027,0.0018291284259387046,0.0013595508952614062,0.00163376053497545,0.00103481466177551,0.0012618258398979598,0.001876389117497532,0.0017377514216861513,0.00190159390640876,0.0017598087044502443,0.001791318264453412,0.001113643827977318
2021-07-02,0.0,-0.0012136329724758564,-0.001883194721516131,-0.0014845920577182012,-0.0021798582163780654,-0.001966124040267373,-0.001994831945309927,-0.0022085722580250347,-0.0022691934981307438,-0.0020650102940422306,-0.0015738652464882365,-0.0011626371190651315,-0.001325195469105267,-0.001644014057654018,-0.001532415989141418,-0.001816218368927424,-0.0023298184133942208,-0.0023840648742248366,-0.003217277211193038,-0.0037443790418982712,-0.0032971232680379,-0.002805372850198957,-0.0025276726529071657,-0.0025915049527108843,-0.002451079271176117,-0.0021766678182005227,-0.002202191288628128,-0.002460653123071914,-0.0019437962394431372,-0.0021320033124376564,-0.0018449219707530947,-0.0018034614770164787,-0.001647202756903886,-0.001478215706330193,-0.0014367704133140275,-0.0016982233277714803,-0.0011721986434909367,-0.0014017026608185521,-0.001121204902961532,-0.000942747286171838,-0.0009140695679602539,-0.0009650527467087657,-0.0005508896369866664,-0.0005859275655478819,-6.048749741193326e-05,0.0003278422439767837,0.00020053763251350805,-0.00018465750860355716,-0.00022923511982410764,-0.0008057389427866948,-0.0003948265043553224,-0.0003311342652332045,-0.0003470569447019665,-0.0001273463567927884,-0.00011779481748264942,-0.001121204902961532,-0.0007770651533363018,-0.0018257861446589665,-0.001194509222690373,-0.0010957090077992144,-0.0011721986434909367,-0.00029610526280787736,0.00013687924884210926,2.8650695497546208e-05,0.00038512403220248794,-0.0002387877236250717,9.231596897723706e-05,0.0003660304673698877,-0.00038208773199061437,0.0009164153529968938,0.0009609419242355108,0.001164466719982234,0.0012598547107065298,0.001984506242255249,0.0018987196506468167
2021-07-09,0.0,-0.0009245415411057739,-0.0016424475836841138,-0.001339268831958221,-0.00173820734167662,-0.001923368879684996,-0.002028734714750841,-0.0018627087376897377,-0.0009245415411057739,-6.373222269334716e-06,-0.0002453983831956691,-0.00039202875379580973,0.00012745591635753088,0.0009873587047903526,0.0013947581018723225,0.0012833763152251426,0.0023076211038243356,0.002501536916359083,0.002536501340061531,0.0018433419683292912,0.0010860409781916806,0.0003823190243909221,0.000350464687898131,0.0003217949174613907,-0.0006279575171567591,-0.0012275945633485066,-0.0013424597086038302,-0.0015977628345816566,-0.0012563096127484517,-0.0009660065311044095,-0.0006566553528637299,-0.0005960719989187304,-0.00032827377690133327,-0.0009372998164423979,-0.0009054044332964045,-0.0007363758846100078,-0.0007044869092638617,-0.001304169860833206,-0.0016456394278839285,-0.0009947140698654338,-0.00044303566205489234,-0.0005418689510999667,0.00017524769713616987,0.0006625934403565607,0.0002899386529242765,-0.0006662214811168841,-0.0006375233708853625,-0.0007204312698235912,-0.0007491317594876928,-0.0009915243026388059,-0.0008448060078799936,-0.00035377527989754765,-0.0006056375476385341,-0.0007012980676582938,-0.0008926465648807754,-0.00025177316964034474,-0.0002613354255040724,0.0004046164562055027,0.00023896651874184108,0.0010764915063569795,0.0007422025279351641,0.0005702389583119851,0.00034727919843970936,7.01027643081633e-05,-0.0009723859129422198,0.0005861627533985566,0.0008409089956769951,0.0007899649386086342,0.0003695774115573975,0.00027401014008954076,3.82384806623605e-05,0.00015931735732575478,3.82384806623605e-05,0.0006148249455805169,0.0004746908625128429
2021-07-16,0.0,-0.0011346860926993892,-1.5663694219939387e-05,1.2530778725312795e-05,-2.81948262512592e-05,-9.085284195514013e-05,4.385703859171508e-05,-0.00026004909748160183,-0.00015664798410416054,-0.00023811463452260204,-0.0015016971369502404,-0.0016774082181823546,-0.0019849769214115745,-0.0022926402522534615,-0.0022361235641162143,-0.0013887563146837147,-0.001112732436865914,-0.000915171219685324,-0.0008806804059966163,-0.0010876431346294227,-0.0013856192516962169,-0.0017746901302566436,-0.0014452251313633118,-0.001344838328379067,-0.001119004860781496,-0.0010343304573326142,-0.0013856192516962169,-0.0015048345641030826,-0.0018437346483061818,-0.0022235647338455958,-0.0020822887604154514,-0.002013227770116153,-0.002076010291482801,-0.002908251029807393,-0.003379637858560623,-0.0028894001777483532,-0.0032099130010048967,-0.0036091265242423442,-0.0037757745875014632,-0.0031784856327929946,-0.002908251029807393,-0.0026632176663466435,-0.0026883465303034694,-0.0028297081571399194,-0.002763736911154823,-0.0027982927353067746,-0.002446507421228364,-0.0022518223237575296,-0.002430805604998966,-0.0025250202007937794,-0.0024841927861214176,-0.00278572684290833,-0.003373351239001608,-0.003517953488761742,-0.003631135054120654,-0.0037600518856491703,-0.004036807556189562,-0.0037348960768572256,-0.004046243758809994,-0.0035336723846039384,-0.003118776354110487,-0.0020603142916080547,-0.0015330718514428967,-0.0021293785339380157,-0.0017244789293823976,-0.0015832734422162999,-0.0016177884978439481,-0.0011911405637515765,-0.0017338933375064024,-0.0018343192060392107,-0.001746446019544009,-0.0017338933375064024,-0.0023146198269495205,-0.0021890287638444304,-0.002245542790327002
2021-07-23,0.0,0.0004473187724811324,0.00029613481281119485,-0.0009425442771511427,-0.0032411563345640477,-0.0036332053330631595,-0.0040159175018135585,-0.00224275811193702,-0.0014346594041652254,-0.0012737489662520008,-0.0016555590345832746,-0.00114125392673548,-0.0007943262828999441,-0.0011664897237149178,-0.0012737489662520008,-0.001516702142166627,-0.0018070612742654903,-0.0029092994977171823,-0.003117882367499153,-0.003658504095638758,-0.0024290922411509663,-0.0025364870022849114,-0.0015009241697935595,-0.0013873301169512117,-0.0020943472915684993,-0.0021227646798545664,-0.002226968679803649,-0.0023627659441711572,-0.0026786448640910517,-0.0024575191437416826,-0.001955429461241689,-0.0011759533117713134,-0.0010939385238280907,-0.0012579748266914705,-0.0009866985648551325,-0.0009646211773029973,-0.0008069397250454481,-0.0005137183392233621,-0.0007659466197647395,-0.0009677750599690303,-0.0005137183392233621,-0.0004254534688996919,0.0001732810134027687,0.0002520351854458059,0.0001165741688716372,0.0002772352106472496,0.0005480953823151954,0.0010329408237192334,0.0006740518645171581,0.0008503642905920204,0.0008786973169862531,0.0006709031458096991,0.0010392359717337767,0.0014829440568606789,0.0011021852723879348,0.0010486786194523821,0.0015710328756150856,0.0019327448781748492,0.0017817853413338788,0.0015993454909320227,0.0015773246371825866,0.0006551594035531355,0.0006614569301996425,0.0007433211678532725,0.0012028959119225696,0.0010203504088017901,0.0013476496891475101,0.0015867622053099947,0.0012249250123651904,0.0008535124442786281,6.616538513045006e-05,-0.00017015966689758774,-0.0005168708001131851,-0.0009204678643780485,-0.0009551595889860919
2021-07-30,0.0,-6.645538077430771e-05,-0.0008832678316053905,0.0005188330170103542,0.0011132618453398443,0.000866680005791072,0.0007402041909603317,0.0009457192677953078,0.0012270483440624104,0.0014040238334190145,0.0014198236934325592,0.0012744555641908404,0.0010816521866899647,0.0008224152901374616,0.0005884120952421724,0.0006326871699635699,0.0009172658531465181,0.0008793267075316736,0.0003954763880958487,-1.5822309139746183e-05,0.0003891499969222851,0.0007243935893192024,0.0007528524922936562,0.00045241210768383306,0.00041761844202518444,0.00035435413003520594,0.0002467956133531638,0.0002594501569672422,0.0006168748683088236,0.0006231998189743529,0.001008946179719056,0.0009393963567271293,0.0009457192677953078,0.0011859602686062553,0.001015268651046793,0.0012997384960010095,0.0011733174441990895,0.001072169094253376,0.0008793267075316736,0.0009077812016838242,0.0008192534497564743,0.00098049456406075,0.0012270483440624104,0.0014008638314598598,0.0008856499984251088,0.0008540331441098266,0.000585249514892912,0.0007718246443369783,0.0008002821975268567,0.0008477096532898099,0.0012238877828099897,0.0009741718728703274,0.0010626859118868922,0.0022442299544419963,0.002765055901452778,0.003392842909845105,0.00361673186186065,0.0036324968003225147,0.0033833817094393905,0.0035757418586860423,0.003635649758191069,0.003900462735574485,0.0033833817094393905,0.0029985503680636217,0.002487315820195963,0.0019821361391449744,0.0018747525712542287,-0.00013291517815964743,-0.0008072571267278232,-0.0009276100777374368,-0.0008769333855209947,-0.002652147432103352,-0.0027029141684792976,-0.0018782738710569188,-0.0015359307828852165
2021-08-06,0.0,0.00017770043430168547,0.0005605681796150279,0.0002512224128114075,-0.0008184422773051053,-0.0006497945100318411,-0.0001991845696767432,-0.0008767090255616295,-0.00047504410375231256,0.0010198160621341901,0.0011177616534367102,0.0010259379426535177,0.000597315772651679,0.0005483186818441822,-1.8384605957059834e-05,-0.00030338922771921826,-0.0024849840065968537,-0.002574067171934065,-0.003462260862683123,-0.004062007141857418,-0.0035391313129511685,-0.002297628074313833,-0.002457339120514944,-0.002355981076208473,-0.0019138116137016948,-0.0019168815609140915,-0.0020212653741494262,-0.0025095578802698183,-0.0032593512612884303,-0.0038897354936531956,-0.002973503050888003,-0.0023897659494953216,-0.002561779366966072,-0.00198442278411132,-0.002266917335687414,-0.0022392784772934512,-0.002171720039218842,-0.0026017152851826146,-0.0021471544660260364,-0.0029089679875828538,-0.002355981076208473,-0.002534132357833001,-0.0025372042099910397,-0.002558707439315973,-0.0031087328803356923,-0.0037297955323128966,-0.003726720014511003,-0.003271647640927,-0.003465335567242365,-0.003028822134449304,-0.0027092429928722963,-0.0028475098943007908,-0.002835218728883069,-0.002902822008282442,-0.0028075641590405644,-0.002875165568862984,-0.0034376635665396807,-0.003511457270125353,-0.003081070745646989,-0.003502232759370312,-0.003271647640927,-0.002764547459336452,-0.002875165568862984,-0.0029427715489448595,-0.002973503050888003,-0.003157911898117632,-0.003508382423752337,-0.003622158036841234,-0.003843596341036641,-0.003791307874783867,-0.004794492917296042,-0.005117819053024411,-0.004951523983598012,-0.004031242170851056,-0.00380976231538409
2021-08-13,0.0,0.0007791338617354841,0.0010894009676984564,0.0013205178104548037,0.0012597027672270637,0.0014603783757802464,0.0014482173639841108,0.001350923945198846,0.0015272612972512198,0.0012718660717538134,0.0013053143963757574,0.0013326803752966535,0.0016853304224244497,0.0015363813490531413,0.0012475393147523156,0.001569820827400633,0.0019132707395189896,0.0023568455954907043,0.0023598831010911694,0.0025512273558043488,0.0026089271679923523,0.002645367439354795,0.002812368361284453,0.003061299778928934,0.003094688304509939,0.003431546513151505,0.003155391858721586,0.003334445877369501,0.0034922296229366783,0.003935104800045295,0.00407460019085878,0.004641479022808756,0.004726331621773515,0.00417769297445513,0.004280775131025232,0.004120083611401821,0.0041170514477255615,0.0044323472371976215,0.004768755221422066,0.004535403148151419,0.004644509596753846,0.004902074818994416,0.00512322495205575,0.005141399500418652,0.0051565447050686075,0.004314122965616795,0.003580213591707573,0.004326249175206376,0.004147372670764691,0.004723301295786133,0.004711179900007455,0.00424742618431829,0.004332312224859863,0.003929039341618026,0.004489938614268899,0.005029317856396966,0.00507475787482318,0.0050474941115435466,0.0050838456307381995,0.005971018770945657,0.006043653379552867,0.005980098385546309,0.005998257367433373,0.005780327818350672,0.005910485900065064,0.006929975789686747,0.006999517344573327,0.006624540398237608,0.0067394676312791816,0.0073471525970794215,0.007075100506494834,0.006902762560427325,0.006691078827229171,0.006975329526162142,0.006261525556019479
2021-08-20,0.0,5.7718391981655575e-05,0.0010080737840572414,0.0017725603866524295,0.002157615989496861,0.002609185200150704,0.003030263985971019,0.0030605505880891377,0.002381910750123576,0.0012022844850704197,0.0006650783989909831,0.0004616538832061646,0.0013812890683690786,0.0016785479193170859,0.00023085358214133063,2.7340706212194805e-05,-0.001088159233928008,-0.001121613051696042,-0.0009239476317052696,-0.001294982580154435,-0.002159236895118841,-0.0018730981828605497,-0.0024089141429019657,-0.002573369795065263,-0.0012432727332193215,-0.00017317516711376054,0.00021870472215988139,0.00039788544157909236,0.0015450956919832379,0.001984814097341018,0.001165872851549643,0.0006650783989909831,0.0004100321249275238,0.0008806025104466013,0.0007318654848218617,0.0009018488511445794,0.0009139894145884482,0.001235660651153234,0.0017604302423339404,0.0013297147626767898,0.0011749758842248366,0.0010505605979773873,0.0008927433318341915,0.00038877533224273897,0.00016403302568364386,-0.0005743275739376537,-0.0008874598262296968,-0.0010486243466657143,-0.0010607887608885568,-0.0010729533230860618,0.00017010780623207838,0.0006498988937513834,-3.0379439197870738e-05,-0.0002552159779054504,-0.0003099135912797697,-0.0004679457268356508,-0.0010090910223488298,-0.00030079711461570197,-0.00022482970763548825,0.0009079191512906739,0.0028969920383070417,0.0028273200871461786,0.0018817250647098559,0.002148521897473886,0.0025667645570474633,0.0019514629261813189,0.0008957785141499393,0.0018574672772007019,0.0014601622736653472,0.0017392021357134962,0.00115980411706252,0.0010111086163449778,0.00019440655940362056,-0.00045274924390937584,-0.0020009372762294767
2021-08-27,0.0,0.000213170643907097,-0.0009312777803286351,-0.003959412224331871,-0.003275323880948037,-0.0028175173684854052,-0.001075553202359014,-0.0009312777803286351,-0.0012168430587340758,-0.0008922067687600654,-0.0009793672748872756,-0.0008140693249567866,-0.00011110694054434823,-0.00020720938582504655,5.1044996175344506e-05,0.0009334112353892442,0.00098740837355431,0.0005673537602788909,0.0009274113733862444,0.000558350658710184,0.0006243715213268497,0.0002942236120662029,0.0005973635134508503,0.0009964076131185615,0.0012123650703389289,0.001293337094548668,0.00138329832132063,0.002096704084602425,0.0023603555389090764,0.002399298156966159,0.0025760186739293284,0.0020457634050128582,0.002462202259682322,0.0026059682089649627,0.002635916847053033,0.002429252985087744,0.0024532162015515175,0.0023723380444509667,0.0023423815113782845,0.0024592069159442564,0.002635916847053033,0.0024831694146350727,0.0022045698996331123,0.0025310926894812472,0.0031688525870192208,0.0029233781465608476,0.0028305611352320093,0.002947329525263348,0.0029353539076206656,0.0035758481276568976,0.0035668720712870483,0.0035997838840876807,0.003641670079301412,0.003007205462339727,0.0034711224564566746,0.003387334022203825,0.003082045342451053,0.0030610907405952117,0.002701800693854879,0.003249666351742347,0.0031808254087139546,0.003629702773979349,0.003686546198781031,0.0035219905808550893,0.0041471579232119525,0.003273609916760864,0.003518998409870343,0.003426236668336878,0.003108986328223375,0.00338134886539289,0.003928842450506706,0.003991650415175643,0.0037583438013703966,0.003536951301483323,0.0028425380078911074
2021-09-03,0.0,-5.199096513742663e-05,-0.001141534490648046,-0.0012369622020604574,-0.0015261927063254781,-0.0020036060033964175,-0.0010490072239532063,-0.0006385207338905941,-0.0005836092641712293,-0.0003611041738104464,-0.0003062079349114845,-0.0003177647874026495,-0.00010109602542365195,-0.000823507872030981,-0.0006703129630053165,-0.0013960286270886901,-0.001714237403657499,-0.002203319169644265,-0.0028258697068299153,-0.0026665756975406997,-0.0026955363573824285,-0.0029620137880313254,-0.0033734553459554982,-0.004066334518447729,-0.003390843928612449,-0.0035357605438458457,-0.004176543654896843,-0.0043708893558998246,-0.004724869606337887,-0.0046639296510373055,-0.003947438281373685,-0.0028693179317594558,-0.002492829349396671,-0.0024349206077663365,-0.0024580837020092743,-0.002183056595630702,-0.001844442911534454,-0.0017055576392261975,-0.0014104904659117637,-0.0014307373916335818,-0.001740277148990311,-0.0022698990894543113,-0.0020180766316390104,-0.001722917243427765,-0.0013873516241832322,-0.0015609059890772114,-0.001488588009783632,-0.0008119451732971555,-0.000595169323012092,-0.0003986664947618643,-0.0005229211476083689,-0.0006674227185918148,-0.0002888729065969526,0.0005688356204047594,0.0001732836976145271,-6.643337962054621e-05,-0.0006703129630053165,-0.0016100852024801885,-0.0031155602035312932,-0.0022959533082852193,-0.0019659833499240274,-0.0019283621118626625,-0.0016361222358221303,-0.0010287680255405593,-0.0010287680255405593,-0.0011126188001248532,-0.0010750296523966605,-0.0009709440013770738,-0.0009073414364376284,0.0004908925101754657,0.0005890421017785455,0.0008141724185469004,0.000900747508061993,0.001636333305481928,0.001572892324317017
2021-09-17,0.0,0.00040311953039840875,0.00039748261536917093,0.0008342493649202067,0.0003749346374989577,-0.0004512355469675141,0.00020580859591367217,0.001172260398565162,0.0008567869886666774,0.001445402505963596,0.0011356480542866739,0.0011215660264744579,0.002120897542836877,0.0021996755829362625,0.0023234571087013766,0.002146219732532297,0.002030857897194653,0.0024837876712850153,0.003009603999170637,0.00330753757905083,0.003079879352087356,0.003352500976043243,0.002576598880695525,0.0020196023714346965,0.0013215122387934645,0.0010370696949731516,0.00038620868998558855,-0.0003722546264602334,-0.00046816084153858395,-0.0021677899862706535,-0.001334554286309564,-0.001213157546086591,-0.00265675645376179,-0.0036948359586427455,-0.0048643190983262904,-0.004765157298770068,-0.006350089718053543,-0.005839461549219695,-0.004127923269302199,-0.003875973844692849,-0.004654674303831852,-0.006038008188477368,-0.00614580716051984,-0.005777069317599386,-0.005884840162854087,-0.00512785395233559,-0.00454420351403747,-0.004515879636156852,-0.004026003497061288,-0.004501717998051523,-0.004988993598868986,-0.005295078743942326,-0.00551903370441771,-0.004688667771423695,-0.004425248617628797,-0.004470563100145135,-0.004261000829648828,-0.004195875555498036,-0.005051336678523843,-0.005470836629403906,-0.004838819410696055,-0.005411302273101374,-0.007650531710811672,-0.009035173780347402,-0.008671057441155285,-0.008179142046368817,-0.0067729737079793495,-0.006097579868118445,-0.006052191599843319,-0.005584245209451618,-0.008153557692621176,-0.008017118859643698,-0.008008592050645467,-0.008082493477545267,-0.007227276531334685
2021-09-24,0.0,0.0007608430954038585,-0.0006079756550797409,-0.0006916709707018369,-0.00027884202664593,-0.0007056208710300339,-0.0005214978540169266,-0.0005466035419908454,-0.0026465529319631273,-0.002657734674414199,-0.0017552113200874496,-0.0021937974038257753,-0.001640707769653932,-0.0010851328120727686,2.5091969037975572e-05,0.0002062930539524578,-0.0002007584213746731,0.00025925332400641006,0.00034008201321830136,-0.00013104606845688996,-0.0004963927963227529,0.00039303519843416246,-0.00037924419318594927,-0.00039318973584211256,-0.0009734967010240668,-0.0013251926607039017,-0.0017049398541608405,-0.0011995727612299579,-0.001280525999613136,-0.00120794693026813,-0.001529009622610098,-0.0023418985655728774,-0.00280031285152811,-0.0025850555833180776,-0.002286008757903067,-0.002571079440593472,-0.002252476372601553,-0.0019982257052209873,-0.002573874653511809,-0.002945707612540006,-0.00393887164875909,-0.0036506126054341543,-0.0027975170055960143,-0.0023642553632977226,-0.002104388452812601,-0.0020904190262992315,-0.002791925337181978,-0.0030519710004285458,-0.0038968870067349467,-0.003838111469096881,-0.0038129230104472643,-0.00489379834459451,-0.0046948967848027936,-0.005117960190385171,-0.004456827219751752,-0.0037737422246995334,-0.004042441302942929,-0.004344814091696081,-0.004876988231630278,-0.004465228710176142,-0.004367215713574278,-0.004568852896153873,-0.00400325152363231,-0.004482031902783232,-0.003919278596454731,-0.0032253723522750297,-0.0032393576425469583,-0.00292613400950036,-0.003189011512894964,-0.003130277565075764,-0.004339213764636784,-0.0036366215624996042,-0.0035834573845101476,-0.004269212322578562,-0.004854575187237333
2021-10-01,0.0,-0.0016754940846019604,-0.0011128772446620202,-0.00016257403215144743,-0.0003223216312849815,-0.00019109851757160055,-0.0007760298476197454,-0.002235569309342178,-0.0024042248251346537,-0.002172688091941142,-0.001672637362091201,-0.0019154879144840742,-0.0010015337713445494,4.848187563065037e-05,-0.00011693654779570431,-0.00045070873283726133,-0.0005619908888584413,-0.00044785550705147865,0.000695632369253316,0.000746930350689236,0.0008894109379501947,0.0011372787772276184,0.0005075172536492373,-0.00016542644407959255,-0.00017113129234476023,7.699952805937125e-05,-0.0005134817598586726,-0.00033658605083029906,-0.0005905267698771042,-0.0007189483123392908,-0.0013498802711294537,-0.002395648434508482,-0.002304171510928092,-0.0027673595106316264,-0.0028645990517375732,-0.0026901466103195298,-0.0025243020177597433,-0.0021012369623398855,-0.002532879511844902,-0.0023756371424216325,-0.002996173483010963,-0.003359523228300795,-0.003124904354138944,-0.002698725527059546,-0.0018097692488978554,-0.0014469820681602512,-0.0015840830118006974,-0.0006361858733114088,-0.001564087953435951,-0.0013127556050686502,-0.0010186627295617355,-0.0009244570899997747,-0.0009415847280132792,-0.0019783529603962092,-0.0017212027546875367,-0.0016440705858213464,-0.0019240601880366971,-0.0013698710468149863,-0.000978695616780554,-0.00032802737468626974,-7.985762530489362e-05,-0.0003879396460213231,-0.0007246563192458486,0.00024808836635583395,-0.0006162097590361341,-0.00033658605083029906,-0.0005990876929728495,-0.0008530950890932139,-0.0002624132910277203,0.001336668076949354,0.0014278042315794578,0.0009748895469803743,7.414779941271896e-05,-0.00022818156506063139,-0.00013119803792208237
2021-10-08,0.0,-0.00046681230940056765,-0.000838740931357935,-0.0008079746696380617,-0.0011800302249008775,-0.0011212754073385497,0.0007877755526548547,0.0007933603976197426,0.0003520615194009947,0.0007012064669798089,0.0009525153688258808,0.000687243009348223,0.00034647420929973443,0.0009664751228554438,0.0025231605348805678,0.002698763193900114,0.00279352007290238,0.0027767989231558903,0.0021021460510610617,0.001954330719553046,0.0018037039445223072,0.0019236493276755264,0.0016084132397392037,0.001332151257909112,0.0013181966077310532,0.00183159950355108,0.0014437814495266922,0.0017785972760502634,0.0017395412054764805,0.001664214475750982,0.0018929669944208736,0.0012009698575691054,0.0008938822737776157,0.0010921041405317867,0.0012456292875545332,0.00011457330538347829,-0.0013507185610060393,-0.0009702074404542451,-0.0013283315454740994,-0.00145426502757531,-0.0005367131480993051,-9.502196691442057e-05,-0.0005171404207369468,0.00011736761226272938,9.780730013548264e-05,-7.825272840519401e-05,-0.0007296648198969727,-0.0004416492035450564,6.427444631868606e-05,5.5891057165871535e-05,0.00019839911539955692,0.001072562885452255,0.0010167286238598962,-0.00013974131111271667,-7.266304472532012e-05,0.00017045795947193563,0.00024589728882420703,0.0008492071318567787,0.0006704866028150012,0.0015302862778057333,0.0018204413733187298,0.0022666694981146257,0.0024674072098770632,0.002414438671782332,0.001842757509280949,0.002196959477828762,0.0021411879625578643,0.0022443628203310815,0.0019041243154367575,0.0011395598845698816,0.0006760721028568548,0.0004386608342030855,0.00036602965807688295,0.00042748715046279635,0.0008966744038795747
2021-10-22,0.0,0.001368850653141421,0.0017599976076610806,0.0024407207313741335,0.002678454555322016,0.0033175962698765195,0.0034104290344480264,0.0019650834641552076,0.0006052630682640957,0.002082647054573295,0.0021755945283824904,0.0021728609024602515,0.0015193098960682916,0.0013223404886103102,0.0017381193002754336,0.001749058513800688,0.0017135056323043115,0.0018803197429770292,0.001314132587958601,0.0005203840003497364,0.00021914205971666436,0.0011526968492925457,0.0017736713067113142,0.00197328602362732,0.0009720768295355521,0.0004820491564361013,5.479001727251354e-05,-0.0018015231440554028,-0.0031170110734974206,-0.002762565317159428,-0.0027021297414648016,-0.0015984495978033468,-0.002347830981511937,-0.00308403407495099,-0.0036200450938769116,-0.004772754432046176,-0.0041838538153937945,-0.005141681930964992,-0.00489112678480726,-0.004376446693904528,-0.004569076671577151,-0.005373019337602817,-0.004602102679561364,-0.004899385843962912,-0.004858091230288782,-0.007402267668329835,-0.0071842569463064325,-0.007272559360054976,-0.008606321830529642,-0.007755601152561501,-0.008202967909627141,-0.008819115130278103,-0.009070656513617036,-0.008133916768943806,-0.007300155463486898,-0.007946121785279753,-0.00863671810118591,-0.00753751339484011,-0.0072228882928893675,-0.005654001012284266,-0.005571351147369708,-0.006365071975704964,-0.009712235261758871,-0.008755548752448506,-0.008730676052308518,-0.008023444860456953,-0.007689341613924549,-0.006687701102538018,-0.006218957987236274,-0.006150043704172532,-0.006309932113430418,-0.006775959678156938,-0.006822850214965607,-0.0073443108130525955,-0.007054576910917827
2021-10-29,0.0,-0.007601838412012198,-0.005688199912034153,-0.00519486068621209,-0.004763740570317616,-0.002473188514037841,-0.000558108503485352,0.00173123835155639,0.0017536295652449555,-6.72930528589384e-05,-0.0005637192154565214,0.0013729107299010332,0.002735550824683491,0.002220931715363791,0.0019495313015610294,0.002164978894767584,0.002394365566169941,0.0038980622034600378,0.0040795825907923395,0.004389487402241294,0.004526261678841825,0.004143804990191001,0.004601619103328165,0.003655052569864902,0.0024782743741266246,0.0015968805397071771,0.0016304716850844584,0.0022237292742139808,0.0012833087585979728,0.0024922584909669266,0.0018375921515659467,0.0018431894066721383,0.0010088527678531998,0.0008687951759425195,0.0006810872433306042,0.00017101613060216492,0.00023829314935844834,-0.00030004977686316775,-0.0001261781890057346,-0.0014281447911666395,-0.0021949653744762665,-0.001582585162748279,-0.0009902254623815982,-0.001568544143313892,-0.0004430958449529573,-0.00042065589286143266,-0.0031142394095635133,-0.004744020566203885,-0.005084949671749794,-0.005558498591436515,-0.004349702126426102,-0.004228621240022546,-0.005733317358394549,-0.004104739693146574,-0.004456716043969907,-0.004496145111083301,-0.00469049680093519,-0.006066121404753173,-0.006503447627454902,-0.008987134705245575,-0.009799414610036592,-0.007618789623600362,-0.006565535238738786,-0.004487695894395925,-0.0038119897557985596,-0.004631342287921366,-0.005070859389676222,-0.003840135064399615,-0.004051250132747632,-0.005118767158775487,-0.008291419547076719,-0.008625076172266323,-0.00949650140367732,-0.008415820865891141,-0.006452651539871571
2021-11-12,0.0,-0.00021403246982054606,0.00018341994882341194,0.0004445963555202853,0.00059182532600298,-0.0005059687741731094,-0.0007896456736513161,-0.0005532426693977884,-0.0006032998179863012,-0.000319675768102595,-0.0005949567858780214,-0.001415688228819342,-0.0016662150323221198,-0.0016884871192733497,-0.002443247226345776,-0.002560272119345949,-0.002819447413866757,-0.002989480598621679,-0.0032487671716785577,-0.003814970431456483,-0.0033324223451027474,-0.003064750420058752,-0.0028138730448157025,-0.002783214570462667,-0.002251021770367593,-0.0015019737085577084,-0.0015715641964011303,-0.0011318337051388096,-0.0013154950786072432,-0.0014546549429004455,-0.00137115670048999,-0.0011652241732762311,-0.0008842225257591519,-0.0008230247177342916,-0.001123486262308238,-0.0013015801572193576,-0.0010622738105635153,-0.0010845324503946825,-0.0010177580171874068,-0.0005532426693977884,-0.0002751930190612065,7.50394999943131e-05,0.0004890451213800022,0.0008167937688785369,0.0006084913908398357,0.0007001497828547504,0.0016301461160180585,0.0017411326756597025,0.0025315555653021974,0.0025315555653021974,0.0025592783595398683,0.0030775530983189335,0.00314127957322764,0.00393059696548021,0.004287662225025455,0.003806009315831317,0.004030255910506642,0.0047690832563745955,0.00503736106656905,0.005700832039172888,0.005822420649785886,0.0055377695596262495,0.005399560199868324,0.005891498501934298,0.006311389170784752,0.0071340845659212246,0.007045773866746559,0.007346550230751527,0.00716719906759246,0.006943654898059506,0.006504700596092076,0.006278246316795478,0.006192622192836582,0.006645518249888502,0.006775273826454398
2021-11-26,0.0,-0.0008421878922781657,-0.002569159393283151,0.00010666497550339878,-0.0010326437460528434,-0.0002537353899511657,-0.0006604229542341089,-0.0023235049469305996,-0.005385487844488815,-0.004924723111788727,-0.004898648436815545,-0.004235421451314736,-0.00534201040275258,-0.005895764419660144,-0.008930906111928838,-0.009897112256732817,-0.009774829766559445,-0.011458984255992134,-0.011339426502894035,-0.011768151053940877,-0.012853908476332596,-0.01252397038782708,-0.012313801113217537,-0.010275700476677209,-0.009652562227565449,-0.010068915300981205,-0.009288759171972881,-0.008727307061742254,-0.008087694063933604,-0.007910419242451653,-0.007933666608961968,-0.007965632620376525,-0.008532472503291408,-0.010092212901620509,-0.010278613249330923,-0.010928373545614925,-0.011228629640081264,-0.011849833716841186,-0.010424262700489993,-0.009777741080654058,-0.009475009801834765,-0.009573969560220984,-0.008709857643243762,-0.008247558963900782,-0.00823302473506486,-0.007698311985118577,-0.007840680385385004,-0.008951268297024846,-0.009524488456898484,-0.00962636398546589,-0.010153371685861137,-0.010301915735998705,-0.01131026824352344,-0.012742943695855933,-0.013186876715991435,-0.01412211722863369,-0.014168902222355617,-0.013920382012728862,-0.012226243617072557,-0.011995712211983943,-0.011409409794411777,-0.010674829390416366,-0.010692313130538533,-0.010770993744113158,-0.01315182220622521,-0.012929838842382529,-0.012985330063831655,-0.013169349307505934,-0.013221932454619504,-0.01341476098682765,-0.016619399476436557,-0.018212366118970605,-0.01756665945867152,-0.018136033602749468,-0.01866167168514371
2021-12-03,0.0,0.0005633923805065265,-0.00045781126958090233,-0.0004921555654261616,-0.00037195569006022,-0.0018754935825082458,-0.001978676192890561,-0.0011964736943716082,-0.004130738842167068,-0.0051941315095478625,-0.0043691853213993406,-0.0046364278542077725,-0.004800256972181824,-0.006198206873657099,-0.005484605545081142,-0.0051107436625594475,-0.005870117215898835,-0.005470223657055487,-0.004964112934533834,-0.004504234449316471,-0.005067614745908064,-0.005093491872685704,-0.00475714144411776,-0.00395553128539044,-0.003510469809312399,-0.0037056981984370913,-0.004199681378590305,-0.004331834527044061,-0.004099141768053587,-0.0038550162173791236,-0.0036970843775612737,-0.00440653751088857,-0.004176700004992737,-0.004590445557383785,-0.004837625266912888,-0.005444336779831123,-0.005133746512038409,-0.005398317319343715,-0.005904647900732193,-0.006725102305743619,-0.007551995094498616,-0.007494349734501703,-0.008829692529058119,-0.009124111558735984,-0.008506508703903673,-0.008532474973720703,-0.00865365981537669,-0.009626555932255925,-0.010022336397711924,-0.010109024563097901,-0.010429836132407088,-0.010768100319960382,-0.011540465313815165,-0.01103995104666625,-0.011572298392727854,-0.011092016000600426,-0.010175490579481713,-0.011311875696286293,-0.01173437341645328,-0.012075974661119171,-0.013803135852628169,-0.013368166641589886,-0.012944978229476933,-0.014145444641702677,-0.014313741075956586,-0.015478083303400265,-0.014627196136903957,-0.014577849472220577,-0.01322321893846731,-0.013524733762814139,-0.0162831719720303,-0.016169780925440427,-0.015800622239696784,-0.015478083303400265,-0.015399643614039471
2021-12-10,0.0,0.002549721640182959,0.002107626787950833,0.0023244202986868637,0.0005716115026685385,-0.00025161260940657475,-0.00048326654805895726,0.0004287392559306914,0.0004430273992012009,-0.0006005439392576638,-0.0014390488169436543,-0.002255334476309626,-0.0014476378284487615,-0.0012243475014312398,-0.001210035719256346,-0.000815111350724221,-0.00031452565501917493,-0.0005461941698734053,-0.0005833805350676198,-0.00024303386439105705,-0.0001658284708412228,-0.0004489440596752199,-0.0009295661311961521,-0.0014505008486773833,-0.0010354484674029748,-0.0010898248348747504,-0.0013732021794642102,-0.0010240011878488119,-0.0014791315018018577,-0.0012930469072084314,-0.0009038126634189795,-0.0006663397177671201,-0.0006949479283254494,-0.001210035719256346,-0.0018743182469978248,-0.0022467385247160574,-0.0021751084681406814,-0.0031095674242479373,-0.0027626264509100665,-0.0028428996090426113,-0.002722492288132121,-0.003984622529655003,-0.004231497835914655,-0.003838248515086181,-0.0033218055332572658,-0.003327542323580587,-0.0036000777799784973,-0.0038038106839775316,-0.0035082680670201153,-0.004085087683400999,-0.004076475989006942,-0.002527577834894933,-0.002392879751846331,-0.0023556260382914243,-0.0027425591681771604,-0.0023613572885062624,-0.0020576462815186814,-0.0018800467393733403,-0.0009095355989414428,-0.001298772070733331,-0.0015564383599606828,-0.0018628613606931736,-0.0007350007981190076,-0.000466105156612993,-8.862903750391311e-05,0.0002629818729173865,0.000620183416968483,0.0006601820455922354,8.576255783515758e-05,0.0014712375759575317,0.001442690453220145,0.0019335874631836829,0.0023443857584422483,0.002050568051672346,0.0006973221968140807
2021-12-17,0.0,-0.0046486504404591,-0.006332008132735279,-0.00717329468116175,-0.006998574887585537,-0.008041522269586389,-0.008091074766823898,-0.008668396534768044,-0.010881633054372146,-0.011641920362616345,-0.01116228721428105,-0.010624435917195056,-0.010852402775308556,-0.012900588506809304,-0.012183246214487891,-0.012200807635558532,-0.013167161044679037,-0.013753284586991812,-0.014143247017734636,-0.015499036180136712,-0.015278815518144256,-0.014580302910646416,-0.013847096242572436,-0.014691797406454765,-0.01374155874881407,-0.013929188661090643,-0.01334296203840751,-0.013228687876989532,-0.014457086613081604,-0.015070384634978465,-0.0152112908973206,-0.015440305928166982,-0.014994068698706375,-0.015214226655590473,-0.016418614296696065,-0.01585442778283103,-0.015971940393538303,-0.015757490273667414,-0.015742803591990675,-0.015393324209919531,-0.015686996168707643,-0.01615411223497687,-0.01596606443502259,-0.014765155828401261,-0.013583273389293101,-0.012745364713325909,-0.013363474167669673,-0.013586204371978416,-0.013677069096449657,-0.013132004554347963,-0.012669226000267698,-0.012338382771557677,-0.012833224278653398,-0.013003107996586372,-0.012329600814381541,-0.011788195752627878,-0.011282173936092887,-0.010744258171253351,-0.010799790426008775,-0.012022280890461068,-0.012484760079823295,-0.014345618281705714,-0.014069934202181798,-0.014064069409120819,-0.014662455544418062,-0.015390387925816445,-0.01648915999711162,-0.016539132879484622,-0.01745966838436769,-0.015839739677405405,-0.017474380302934564,-0.017339038815560388,-0.017933500918451507,-0.01707135199577282,-0.017277258573744705
2021-12-24,0.0,-0.0025745224210134716,-0.0022969025276190465,-0.00335226840044226,-0.006190612233896179,-0.007775854550124568,-0.007614279694345879,-0.008005041847099527,-0.008534136167563442,-0.008445934338200399,-0.011611365204866967,-0.011811934468299904,-0.01103937389297441,-0.01162316228332063,-0.011806034798091336,-0.011496350982789231,-0.012275167221532364,-0.012768140881041471,-0.012679564829585795,-0.01226631362896589,-0.011924034815928191,-0.012083356930174679,-0.011009898669844826,-0.010190835067079851,-0.010346935731708192,-0.011676250858671708,-0.011800135162688784,-0.011885683282821052,-0.01188863334853377,-0.011782436465312554,-0.011534687587026006,-0.010818330893316684,-0.010591444234015566,-0.010402902281399763,-0.009763891695368123,-0.009434239475471545,-0.00949015496657865,-0.009604938665653566,-0.010114266290611571,-0.0101819999090409,-0.011564178282713666,-0.011139596150653124,-0.011573025661014464,-0.011348916200298024,-0.01101874114556135,-0.010623853462398882,-0.010670996033327624,-0.011460964652524903,-0.011776536969129397,-0.010623853462398882,-0.01072698072300304,-0.009195897978058908,-0.009710904544739617,-0.008781142685086549,-0.008498854502265278,-0.008807611288178167,-0.00788456505269444,-0.007887503338410297,-0.006862565545221724,-0.006146613577314711,-0.0053901395311068655,-0.005255324403473019,-0.006143680402372598,-0.006217012357098074,-0.006305017801758414,-0.00547514101868411,-0.004868564479871497,-0.005524972836309877,-0.006498657046583712,-0.00742629817472534,-0.00847827410568019,-0.008216645983574454,-0.008160801654037226,-0.007922763440433415,-0.00827837229208159
2021-12-31,0.0,0.0003870147922612106,0.00032926089891063246,0.0017259696265556112,0.002429356578901288,0.002291024460556405,0.0028903254860685504,0.001676944717566596,0.0024985154628198274,0.002337137292901485,0.002077724946877877,0.0025763134905349085,0.0029104880249360724,0.0024668182347396977,0.0022420272461824197,0.0018730299345227233,0.0019479935339641557,0.002100786547296124,0.002400538965574045,0.002492752405171772,0.0019825902230643966,0.001867263271027753,0.00214114306833899,0.0024725814418491586,0.0027664609706451256,0.002740533897738509,0.0027203679318383075,0.002325609284163,0.003089052768090185,0.002965212867003858,0.003290619808530194,0.003192720891962801,0.0034000249040376696,0.003342444766865906,0.0033078950930690355,0.002919128988576431,0.002950811883128177,0.0034489654139789137,0.0034489654139789137,0.0033942670395144957,0.0037828485061899035,0.004294969677193438,0.004878698050170178,0.004786704374670581,0.00465444863788521,0.004849950935659833,0.004881572716170011,0.005295438370941063,0.005295438370941063,0.00480682871434131,0.005036792409836576,0.004947687753484421,0.005154628310547969,0.004691827032315029,0.004651573318904422,0.0044445286223912545,0.0040993588385784705,0.004156895410277688,0.004381256413825025,0.004128127538235215,0.002942171193255626,0.003212877334754404,0.0031293694266510954,0.0033769932470242773,0.002950811883128177,0.0036072859500662175,0.003955502924413842,0.003650459928252772,0.003405782735408252,0.0032099978678012376,0.002812551884982083,0.0028010293555561696,0.00292488958952229,0.0031466474970364825,0.0032762235101062042
2022-01-07,0.0,0.0006135648448940296,0.0011147836009682032,0.002004597806044779,0.0022059552917702433,0.0027930164804046277,0.0030193622958597345,0.0030361266146837866,0.0027790428374897228,0.003089211770270779,0.003159056366073514,0.0031422941079736148,0.0032093414546000296,0.0032400699861834833,0.0031814056064797228,0.003407663538693373,0.00355847372481079,0.0032959376245893556,0.0024520038372707856,0.0017528439193133737,0.0017276650443883393,0.0017248673524840367,0.0007367927438462885,0.0002493936804238172,-0.00019339296810581578,-1.9617871881878342e-05,8.407223491381995e-05,0.0007787987843211372,0.0006275687799999666,0.0003978794757892847,-0.00025506235852334314,-0.0016745090127495623,-0.001873841670134765,-0.0017053889361697038,-0.001127250413796789,-0.001817687605829225,-0.0025282689783340927,-0.0021799367557672057,-0.002379370196921916,-0.002809270469490999,-0.0033771344447867525,-0.004612367727478996,-0.006100048150624044,-0.005079846952880199,-0.004418118352900062,-0.00384966310062835,-0.0037202580542136502,-0.004055057662896479,-0.004136664472889117,-0.0035683691465935295,-0.0033433909404082347,-0.003138142483619871,-0.0028823437929825315,-0.0025226497538433394,-0.0025732239110216044,-0.0023063336167992703,-0.002643470039435175,-0.002606941436832886,-0.0034193154265131165,-0.003773705934806915,-0.004533537345082806,-0.004198577530091361,-0.003514932239396406,-0.003548681532773911,-0.002997585653450995,-0.002761494644892405,-0.0032899660536772797,-0.0029132610373591187,-0.0036977545380382105,-0.0020142406280435204,-0.001539771414018887,-0.001281575082340044,-0.0012703506669916168,-0.0006475930650718608,-0.0006532017630405963
2022-01-14,0.0,-0.0002089852672992431,-9.623778990470857e-05,0.0006926388165624894,0.002134097327697739,0.0023672810130292575,0.0024303684288936494,0.002520878204696989,0.0016181566713819482,0.0009371466633233058,0.0011788484649037593,0.0010909636598552068,0.0016291369042179674,0.001769124305580329,0.0012063108825869561,0.0006926388165624894,-0.00015673485581541372,-0.0006380919068819343,-3.849400456357194e-05,0.00018694980452223423,0.00018694980452223423,-0.0001457351170592487,0.00019519678509640544,0.0004260846323507535,6.59862748787589e-05,-0.00018973479806861336,-0.0004262662578553753,-0.0011361965053845022,-0.0014913507190025396,-0.0003850067423736635,-0.00022823610711790557,3.5743106052403526e-05,-0.00012373600252257828,0.00015396120208117003,0.00040959441105161353,0.0007091243710959217,0.0006239460805175926,0.00045081945444691227,0.000824515643797352,0.0012392647883140773,0.0013683237972927974,0.0016675667697178638,0.0020737350442292636,0.0022795005956868265,0.001983184786716456,0.0017718689607075149,0.0020847102758754284,0.0020380647094592128,0.002134097327697739,0.0022246339216907035,0.002474252979618733,0.002136840981284223,0.0021587899389838966,0.002515392996930871,0.0030884345608662004,0.003546083541130127,0.003631013302898568,0.0034063446881588593,0.003304953296749243,0.0024385969288519766,0.0027292938081015998,0.0025510463096075206,0.0031432538627560336,0.003244661649590524,0.002899284897687618,0.002937665983493165,0.0037488071610438005,0.0038611093142132407,0.0041267495704066836,0.005399200633016389,0.00557147275229365,0.004351256409225424,0.004050077153271116,0.0035817001258597594,0.003304953296749243
2022-01-21,0.0,-0.0028240901567055604,-0.0035100071136501955,-0.0010105283140773866,2.837088693262028e-05,-5.106962493316666e-05,0.0023265742848077595,0.003084870305570234,0.0031612339265440093,0.002872718534226515,0.0019019037519755093,0.002139741468495488,0.0008904619079368575,-0.0006527526526353136,4.255602856431877e-05,0.0001560299183440472,-0.0018913152830939428,-0.0018287822400451478,-0.0022865008477586635,-0.002312093786383973,-0.0022438474055482467,-0.0011695808159394813,-0.0004001152158169176,-0.0003887622228842359,-0.00016172942702187855,-0.00024118504258911446,0.0001957427379311606,-0.0002468606852848405,-0.0008997745494012569,-0.0011156137386837783,-0.0012576386160000083,-0.0004852667714454092,0.0004424941994836907,0.0008791234288236118,0.0007855760704051726,0.0016243549030127145,0.002278454018098998,0.002419977604656136,0.002408656454766801,0.00239733517670758,0.001579033489203595,0.0020802873422910663,0.0024680910618578586,0.0028642315271271783,0.0026520329367441843,0.003067899820072491,0.003084870305570234,0.004743758665840761,0.00430033913145256,0.003444011368443993,0.0017914598665605512,0.0008309334582808397,0.0007430516507508176,-0.0004625589809692872,-0.0005647480990525404,-0.0007436041870950962,0.0008309334582808397,0.001712159297537715,0.0013353956924105367,-0.00017024222672547745,-0.001126974986603392,-0.0024770417712642965,-0.00170088592115318,-0.002127270611875273,-0.002198352405725254,-0.004090985223700297,-0.0051085098197241234,-0.004603893424378837,-0.0050914000089581826,-0.0012349132800900076,0.00010780508850454934,0.00048219564462157843,0.0006835144250828989,0.0014203923634253568,0.0015308772363173326
2022-01-28,0.0,0.0004741145133159381,-0.0012586497653478666,0.0017421330362659825,0.0025327472750327814,0.0032996803876224755,0.003504288685923139,0.0039104993938643366,0.0038298465667950332,0.0034581834276101826,0.003420721339958929,0.0034610650685318925,0.0026365771556350758,0.0017190400146872636,0.002195225689919529,0.0025615899899419825,0.001721926671549023,0.0007110875023941203,0.0011068805453591784,0.001638210239263676,0.002659648998470635,0.0030402575731017676,0.00295953452518631,0.0026740686299340103,0.0020278650533279196,0.0018777937691862312,0.002486597200751735,0.0025933160155242646,0.0029480021292442463,0.0028211369953612913,0.0033861397056851894,0.0037866370192066985,0.0037059742012650622,0.003570561270852069,0.003708855128232006,0.003798159747788698,0.004569880262021676,0.0047137920731123665,0.004382763939894537,0.0039393023985956925,0.004163937367717206,0.00380104040918888,0.004270477338303314,0.004031466439132624,0.004256080708266379,0.003933541864018086,0.0035273405179684406,0.0035417476431565892,0.002786534619904649,0.0025558215135117576,0.002818253509803846,0.0034524201208553005,0.0030777339161643723,0.0013206014267027188,-0.0007376370205895813,-0.0016148313290438065,-0.0013831541007205358,-0.002602957953391697,-0.005323171209218603,-0.006198579704235378,-0.00678358183827743,-0.004861055262209054,-0.0051255105802466274,-0.006384811907231409,-0.00706601877591815,-0.006480851440669547,-0.006117114020155118,-0.00693498141115408,-0.0071650361739383555,-0.0071650361739383555,-0.00959694966037043,-0.010189786284079749,-0.010335859116253475,-0.010613456295311179,-0.009988240809334751
2022-02-04,0.0,-0.002222453950875964,0.0001449565772320952,0.00028705047311749794,-0.0007165646153094542,-0.0002217389459429955,0.0007586574684601955,0.001539445024611465,0.0014968723281781155,-0.00024732737315174094,-0.0010551209177528849,-0.0019717895464725368,-0.0023364130909497498,-0.0028408382208765324,-0.002111356291646559,-0.0014279499401226503,-0.001590216664270683,-0.0020942654395246113,-0.0026897689781443805,-0.0021654792504762705,-0.0017012564379776428,-0.0015019630746410432,-0.0019319169110568564,-0.0010465844763961531,-0.0004264646994515855,-0.0007023420694451184,-0.0007307873634575888,-0.0008502664348489806,-0.0015702877535417057,-0.0013340180805015394,-0.0022651871065408817,-0.002464632648596896,-0.003265664625807215,-0.003351221974950481,-0.0036136434995850766,-0.0036478774716705415,-0.004055922527788674,-0.005563994424155518,-0.004361351893913651,-0.0038390386910625305,-0.003037547475255778,-0.0030945718845697295,-0.003682112615761196,-0.0045469386555433535,-0.0050667648967665435,-0.005149619317311681,-0.005229623203257209,-0.0059156334802973765,-0.004861087044689316,-0.004572637998926573,-0.0037134958608198002,-0.0031801145960977132,-0.0032770718494315623,-0.003376890607170107,-0.0013226330000799683,-0.0011006498357376813,-0.0017183405745029951,-0.0014279499401226503,-0.0015275842821699831,-0.002023056699618585,-0.0015019630746410432,-0.0018407854281992128,-0.002139841694303888,-0.0022566403293169533,-0.0034282298483305222,-0.00447841030191038,-0.003958889733481929,-0.00447841030191038,-0.004572637998926573,-0.004141547518921699,-0.002396246838626068,-0.0021882687411038273,-0.0034054120824168195,-0.004289981540271762,-0.004801105638907167
2022-02-11,0.0,-0.000900066849159031,-0.0015885626851378416,-0.001976050006952307,-0.0013877024286814057,-0.0020047587453199903,-0.002599214814000489,-0.003984778157839878,-0.004732975325421604,-0.00496042308899254,-0.005308892777816319,-0.0067472546195274955,-0.007171375260796635,-0.00649344531547732,-0.005620026170124359,-0.005977372817462304,-0.006046551436684682,-0.005746811977199406,-0.005118803348808063,-0.005657483940094839,-0.006594384482411167,-0.006588616255535109,-0.007399378373016721,-0.007223320764203357,-0.006764562145417304,-0.0069578498692194676,-0.007032867108793296,-0.00686552868374995,-0.007488862152698054,-0.00649344531547732,-0.0061272658748117445,-0.005741048637228691,-0.005697824646178026,-0.005329055897454811,-0.005864967767186715,-0.005409712441768986,-0.005121683222093823,-0.005294490798408001,-0.0050957646610907984,-0.004419239899672327,-0.0035418790596933995,-0.0028721511655015954,-0.0024240002115694594,-0.0031710300844053534,-0.0032055218624311445,-0.002909506145571339,-0.0032888819045619124,-0.002380919355977057,-0.0023837913552762504,-0.0020908899059045014,-0.0017033580911518082,-0.0013073696212934029,-0.0008054357312223801,-0.0002836916033417252,-0.00021204471357422002,-0.0013159763991311038,-0.001809555575519264,-0.0020621786947488696,-0.003102050097196755,-0.0035533804513619783,-0.0029008856417027337,-0.0034096225624002823,-0.0038783494311877276,-0.004157389363037138,-0.003533253102751258,-0.0043213976098544086,-0.004871165267716731,-0.004790552147312064,-0.004160266468898771,-0.0030129579888305944,-0.0029813465679089618,-0.0032888819045619124,-0.003645396347172818,-0.005026651782454272,-0.005257046622629003
2022-02-18,0.0,0.0003152425586204492,-8.67814496517727e-05,0.0020602924348925265,0.0016040999021862763,0.0004771634028131798,-0.001212730049949019,-0.0008102532195079218,-0.00015331899493255954,0.0010725752806608467,0.001306596473647893,0.0014885751017713242,0.0010928014964377009,0.0008442796223440713,0.0006303857706875719,0.0005494410298833406,0.00026319100443590105,-0.00043977028498180907,-0.0004339825780713169,-0.0006770951143247463,0.00013015805544877056,0.0010147838384013236,0.00158388402550243,0.0022681086337584563,0.0026461079255431026,0.0022825387106565273,0.0018177856059819893,0.001630091143139609,0.002273880689505052,0.0023315994146298593,0.003081639836581863,0.002954749458163048,0.002934560867888133,0.002954749458163048,0.0029835895944057317,0.0035515707538543197,0.0040990643993147795,0.0039521350072662265,0.003854170084392886,0.0035054523390512823,0.0038138287970967055,0.0043842186653834945,0.005267968238926622,0.005446350599110558,0.004787328374268506,0.004833387710216248,0.00420852716768,0.00512984390954523,0.004726872276173233,0.004585793832005648,0.003401678128579164,0.003923322790884386,0.0036870312982960037,0.003782130929640211,0.004251732857011935,0.004413017605584367,0.0038887470354007376,0.004211407605045644,0.0038368811605415474,0.0036870312982960037,0.0016705206196989183,-3.1818990443884046e-05,-4.91752301571048e-05,0.0005956959697746963,0.0006853088278345393,4.91728120729752e-05,-0.0007118303019416168,-0.0006770951143247463,-3.7604370210645506e-05,0.0011621454163040306,0.00033259247461834743,1.1570290964151105e-05,-0.0002516869548315665,-0.000546848905390661,-0.00048028517131416663
