date_only,09:15:00,09:20:00,09:25:00,09:30:00,09:35:00,09:40:00,09:45:00,09:50:00,09:55:00,10:00:00,10:05:00,10:10:00,10:15:00,10:20:00,10:25:00,10:30:00,10:35:00,10:40:00,10:45:00,10:50:00,10:55:00,11:00:00,11:05:00,11:10:00,11:15:00,11:20:00,11:25:00,11:30:00,11:35:00,11:40:00,11:45:00,11:50:00,11:55:00,12:00:00,12:05:00,12:10:00,12:15:00,12:20:00,12:25:00,12:30:00,12:35:00,12:40:00,12:45:00,12:50:00,12:55:00,13:00:00,13:05:00,13:10:00,13:15:00,13:20:00,13:25:00,13:30:00,13:35:00,13:40:00,13:45:00,13:50:00,13:55:00,14:00:00,14:05:00,14:10:00,14:15:00,14:20:00,14:25:00,14:30:00,14:35:00,14:40:00,14:45:00,14:50:00,14:55:00,15:00:00,15:05:00,15:10:00,15:15:00,15:20:00,15:25:00
2015-01-15,0.0,0.14139545983355145,0.31560421203353795,0.418220326343099,0.40688482534379816,0.3054619216657264,0.29710944724517063,0.30605852698147107,0.3412582406109282,0.4343286698684442,0.3669122691883185,0.28100110371982545,0.2529606538794347,0.2601199176684577,0.3084449482444932,0.27801807714105864,0.29352981535065914,0.2189541508814887,0.27443844524654715,0.39196969244996405,0.4140440891328428,0.4337320645526995,0.46833517286639026,0.5035348864958474,0.6061510008054085,0.5972019210691081,0.5930256838588519,0.5972019210691081,0.7099603257465024,0.8441965217910092,0.907436685260857,0.897891000208812,0.9408465829430582,0.9569549264684035,0.8758166035259332,0.8686573397368884,0.8471795483697759,0.9163857649971574,0.9426363988903141,0.9390567669958025,0.9521820839423591,1.0100527995704398,1.0542015929361974,1.1132655191957674,1.1049130447752333,1.104316439459467,1.1114757032485116,1.0655370939354984,1.0428660919368749,1.1138621245115337,1.1263908361423456,1.1377263371416682,1.1950004474539824,1.2003698952957715,1.1281806520896014,1.0995435969334444,1.1156519404587895,1.1317602839841348,1.2218476866628838,1.2821048235539865,1.2767353757121978,1.2779285863437087,1.2689795066074083,1.320287563762189,1.481370999015597,1.4956895265936863,1.5613161113265561,1.534468872117655,1.5374518986964216,1.4873370521731306,1.396653044178615,1.4491543119649282,1.3942666229156144,0.9539718998896367,0.9378635563642915
2015-01-22,0.0,-0.03373163341147707,-0.08918872563031585,-0.120061746040821,-0.03201646561087728,0.00514550340175779,0.09604939683265264,0.06803498942314022,0.11091418443771914,0.10748384883654036,0.0697501572237192,0.0949059516322597,0.19438568406609114,0.1663712766565579,0.17609056085986663,0.21268080727231564,0.2235435366759965,0.23326282087930522,0.2589903378880526,0.17666228346007348,0.08289977702818593,0.05717226001943857,0.026299239608933423,0.028014407409533214,0.08861700303012979,0.0748956606254562,0.052026756617680775,0.10176662283459649,0.11434452003887714,0.13092447544452263,0.10576868103596136,0.120061746040821,0.12692241724315778,0.161797495855007,0.1549368246526702,0.14064375964781056,0.07889771882682106,0.076610828426056,0.078325996226635,-0.011434452003887714,0.0022868904007858626,0.09776456463323163,0.06403293122177535,0.0200102910068035,0.005717226001943857,-0.006288948602129923,-0.045166085415364786,-0.033159910811270205,0.00514550340175779,-0.02286890400777543,-0.014864787605045707,-0.013149619804466712,-0.011434452003887714,0.012577897204280644,0.017723400606017636,-0.0017151678005789973,-0.05145503401749471,-0.12577897204276486,-0.10805557143674721,-0.1915270710651192,-0.20982219427134371,-0.161797495855007,-0.043450917614764994,-0.080041164027214,-0.09090389343091565,-0.06403293122177535,-0.08633011262934391,-0.11949002344063492,-0.11548796523927007,-0.11262935223829815,0.08289977702818593,0.09147561603110171,0.16522783145618578,0.2669944542907823,0.16751472185695085
2015-01-29,0.0,-0.09356909739642398,-0.05749426466526911,-0.08793240478218231,-0.09920579001066565,-0.06200361875665834,0.00789136965992603,-0.010146046705651406,0.058621603188101036,0.10089679779491355,0.011273385228483335,-0.018601085627013906,0.028747132332624298,0.06989498841658437,0.1341532842189476,0.10258780557918193,0.15106336206167256,0.19728424149845833,0.1420446538788736,0.10202413631776597,0.08060470438365173,0.06707664210946353,0.08736873552074584,0.025928786025503466,-0.007891369659946535,-0.06651297284806808,-0.07947736586081981,-0.05185757205102744,-0.023674108979819104,0.03156547863974513,0.06538563432519513,0.06482196506377917,0.14317199240172604,0.18544718700853854,0.16910077842725,0.27563426883640524,0.2333590742295927,0.18488351774712258,0.18150150217856528,0.17530114030290767,0.1741738017800552,0.18375617922427015,0.07835002733794687,0.052984910573859366,0.12569824529758505,0.12569824529758505,0.06989498841658437,0.0439662023910809,0.017473747104140964,0.05693059540383264,0.11837054489907502,0.15162703132308852,0.20404827263553194,0.27225225326786845,0.23505008201386113,0.2491418135494653,0.22884972013820348,0.15106336206167256,0.06200361875665834,0.09526010518067188,0.09751478222637673,0.10089679779491355,0.05016656426673853,0.0101460467056309,0.0879324047821618,0.15444537763020938,0.18037416365573336,0.15500904689164585,0.1831925099628542,0.2823982999734993,0.8703053396389011,0.9356909739641168,0.8765057015145792,0.890033763788747,0.8409945380448404
2015-02-05,0.0,0.013209660281993352,0.2366252189644817,0.2647675386956813,0.2676392039743764,0.3015248542629871,0.33024150704993827,0.3319645062171511,0.3434511673319316,0.4003101398501033,0.4939264279355598,0.5123050857192127,0.6001780432472791,0.6128133704735418,0.4870344312666874,0.45085144875513306,0.5008184246044323,0.5025414237716452,0.431324124859998,0.3756138184533295,0.43362145708296235,0.44683111736495573,0.48933176348965185,0.522643080722511,0.5186227493323337,0.5266634121126883,0.6070700399161516,0.5777790540734488,0.5283864112799013,0.4663584412600909,0.4290267926370544,0.4169657984665224,0.41983746374521747,0.49450076099129053,0.4600407776469491,0.5203457484995465,0.5123050857192127,0.49450076099129053,0.5553800648996395,0.5163254171093901,0.508859087384766,0.5398730723946816,0.5496367343422492,0.5507854004537315,0.5571030640668524,0.580650719352144,0.6053470407489386,0.5530827326766751,0.8247422680412289,0.9884271889268502,1.1366051173075349,1.0171438417138015,0.9350142147431253,1.021164173103979,1.0550498233925896,1.0412658300548445,1.1021451339631936,1.168767768428912,1.333027022370264,1.3600206759900024,1.3307296901473207,1.2784653820750569,1.2313700715044738,1.2290727392815095,1.1188007925796126,0.9608592022513814,0.9143382247365288,0.8798782413921876,0.4209861298566997,0.431324124859998,0.07236596502310855,0.02354765528529159,-0.11256927892484016,-0.2504092123022057,-0.13898859948884776
2015-02-12,0.0,-0.027151464734873038,-0.09820742563675963,-0.27324771956580346,-0.2934668954321951,-0.21143481048854465,-0.31657452499378563,-0.25533930665557925,-0.1444226847599406,-0.1490442106722545,-0.24725163630901414,-0.3691443822463956,-0.42864652836750794,-0.4563756838414123,-0.3125306898205031,-0.27440310104388715,-0.27440310104388715,-0.34719213416288885,-0.37723205259296066,-0.317152215732817,-0.32986141199169594,-0.3333275564259472,-0.28364615286851497,-0.3119529990814717,-0.32177374164515193,-0.4049612080668651,-0.43962265240925086,-0.6441251740293352,-0.6256390703800585,-0.5661369242589672,-0.6198621629896609,-0.5644038520418522,-0.5106786133111374,-0.5314754799165815,-0.5875114816034427,-0.6158183278163784,-0.5216547373529014,-0.49565865409611204,-0.4997024892693946,-0.5748022853445637,-0.5921330075157566,-0.5470731298706593,-0.5505392743048895,-0.5170332114405874,-0.5927106982547878,-0.5765353575616787,-0.6088860389478971,-0.5696030686931974,-0.5280093354823303,-0.4361565079750207,-0.42864652836750794,-0.4667741171441238,-0.4199811672819115,-0.4043835173278337,-0.36567823781216546,-0.35585749524848526,-0.31541914351570194,-0.27324771956580346,-0.25533930665557925,-0.2073909753152621,-0.05719138316492388,-0.0739444145970854,-0.09358589972444573,-0.11207200337370131,0.0034661444342511845,0.09185282750733065,0.20796866605431447,0.2588054510898094,0.22298862526936095,0.2859569158246824,0.3847420322004944,0.659722823983413,0.6689658758080408,0.7047827016285102,0.7671733014448003
2015-02-19,0.0,0.054035494565505,-0.024766268342505206,0.004502957880474108,-0.04277809986434021,0.005065827615523133,0.04615531827469579,0.006754436820690685,0.005065827615523133,0.04334096959940971,0.09850220363501276,0.09062202734422402,0.10525664045570343,0.05459836430055402,0.001125739470118527,-0.03320931436836344,-0.19250144938955138,-0.3501049752055718,-0.40357760003600734,-0.32196148845271105,-0.49138527870494525,-0.7041500385565687,-0.822915552653633,-0.7795745830542439,-0.746928138420909,-0.715407433257713,-0.6805095096841616,-0.7486167476260969,-0.696832732000829,-0.6253482756485585,-0.6028334862462699,-0.5741271297583601,-0.6270368848537261,-0.6613719386922284,-0.5730013902882416,-0.6169052296227002,-0.609025053331891,-0.5893246126048886,-0.5842587849893858,-0.587073133664672,-0.535851987774453,-0.5290975509537829,-0.4525472669859891,-0.5032055431411386,-0.4773135353285149,-0.49870258526068495,-0.6259111453836075,-0.6540546321364683,-0.5994562678359348,-0.5611811258520277,-0.5949533099554607,-0.5949533099554607,-0.6776951610088755,-0.6698149847180868,-0.5420435548600947,-0.5977676586307468,-0.7503053568312645,-0.7593112725921718,-0.9962794310512718,-0.9675730745633416,-0.892711399800736,-0.8701966103984474,-0.8099695487473212,-0.6546175018715379,-0.639982888760038,-0.6382942795548704,-0.5364148575095224,-0.4176493434124377,-0.39794890268543515,-0.26229729653665435,-0.03208357489824491,0.0934363760195101,0.13171151800339667,0.1925014493895719,0.13734021535396881
2015-02-26,0.0,-0.0925671969281446,-0.023427500457113646,-0.05142622051563357,-0.11942311208629217,-0.18570579630645456,-0.1645639056500233,-0.11085207533368656,-0.11999451453647833,-0.054854635216667495,-0.06456847686962466,-0.03714115926129091,-0.17370634485279426,-0.21370451636495372,-0.12799414883889776,-0.0588544523678876,-0.10399524593161871,-0.0999954287803986,-0.07028250137136173,-0.1639925031998579,-0.1674209179008918,-0.1468504296946467,-0.14342201499359197,-0.13942219784237186,-0.05942585481805299,-0.0011428049003515703,-0.003428414701033923,-0.021141890656431295,-0.06628268422014164,-0.08685317242640753,-0.03428414701042238,-0.04685500091424808,-0.09542420917901312,-0.14456481989394357,-0.1674209179008918,-0.26684494423112504,-0.13713658804168952,-0.11885170963612678,-0.17942036935453132,-0.2188471384165254,-0.1999908575607972,-0.37598281221429464,-0.4576933625891305,-0.3668403730115236,-0.49712013165112456,-0.4165523861766195,-0.3851252514170656,-0.36341195831046896,-0.3988389102212429,-0.38683945876760334,-0.3851252514170656,-0.460550374839999,-0.6868257451087992,-0.846818431157437,-0.8771027610166392,-0.7651078807825803,-0.6691122691534018,-0.6902541598098331,-0.6176860486377683,-0.5256902541598099,-0.5485463521667581,-0.4782638507953964,-0.4239806180288943,-0.3931248857195058,-0.3891250685682857,-0.3445556774547408,-0.5851161089778628,-0.5582601938197154,-0.5891159261290829,-0.8256765405010058,-0.9205293472298327,-0.9056728835253247,-0.8159626988480485,-0.7845355640884948,-0.8159626988480485
2015-03-05,0.0,0.026351643052982092,0.1541851455227437,0.1076492652377015,0.1373649478293535,0.05326395936240237,-0.05214261284950562,-0.09475378033943975,-0.2825793212489639,-0.18221880834506074,-0.03139770236100732,-0.01625952443695204,0.006167405820901589,0.11605936408439661,0.14745706644538353,0.15026043272761525,0.08970772103141451,0.010092118616030054,0.05046059308017067,-0.028594336078775616,-0.03644376166901215,0.07400886985092106,0.11662003734083479,0.07120550356868935,0.03644376166901215,0.07793358264602913,0.08297964195405436,0.1227874431617364,-0.024108950027188575,-0.1541851455227437,-0.1603525513436657,-0.23716478747679803,-0.26688047006847043,-0.14297168039381689,-0.2640771037862387,-0.26912316309424356,-0.1625952443694388,-0.15250312575340877,-0.17885476880639084,-0.19847833278201277,-0.1827794816015193,-0.22539064909143305,-0.5718867215752675,-0.6066484634749448,-0.529836227341792,-0.5320789203675855,-0.735042639201165,-0.735042639201165,-0.7670010148185901,-0.6122551960394081,-0.546095751778744,-0.583660859960653,-0.5309575738546888,-0.5965563448589147,-0.5786148006526277,-0.5404890192142807,-0.3745297353061515,-0.19175025370465262,-0.2298760351429997,-0.15082110598407383,-0.13344023503422503,-0.26912316309424356,-0.28762538055696873,-0.28650403404409236,-0.22595132234787124,-0.26856248983780534,-0.2825793212489639,-0.18502217462729245,-0.13848629434225024,-0.17941544206282903,-0.06335607797843243,0.26688047006845006,0.2590310444782135,0.14689639318894537,0.16147389785654206
2015-03-12,0.0,-0.03662710176612139,0.1951537765975628,0.26554648780430723,0.24379914613068174,0.2838600386873679,0.3325054082204868,0.274703263245848,0.2855769340826503,0.2878661279430407,0.18027401650508773,0.17798482264469734,0.2203349090617739,0.15509288404087668,0.16882804720317737,0.2203349090617739,0.2174734167362963,0.27699245710621756,0.26497418933922,0.32792702049972683,0.21919031213157866,0.22376869985233863,0.23178087836368422,0.22949168450329382,0.22147950599194824,0.22147950599194824,0.26955257705998,0.2798539494316951,0.20717204436456033,0.23006398296838101,0.2575343092929825,0.22319640138725147,0.1682557487380694,0.10301372371719299,0.0835555759039371,0.08927856055489225,0.12189957306534087,0.12418876692571044,0.16482195794750462,0.18885849348152045,0.2203349090617739,0.28157084482697753,0.2535282200373097,0.2500944292467241,0.2123227305504283,0.14021312394840155,0.132200945437056,0.15223139171539907,0.20602744743438597,0.16539425641259178,0.17283413645882936,0.09500154520584742,0.09557384367093462,0.1631050625522222,0.19000309041169483,0.1631050625522222,0.15795437636635423,0.22090720752686108,0.27355866631565273,0.18885849348152045,0.14994219785500867,0.14135772087857593,0.17283413645882936,0.16596655487769982,0.2535282200373097,0.2907276202685182,0.2552451154325921,0.23349777375896658,0.1928645827371724,0.22434099831742582,0.36512642073093543,0.4252177595659647,0.42579005803105185,0.43380223654239736,0.39717513477627603
2015-03-19,0.0,-0.009733195923512697,0.024619260277105648,0.12309630138554906,0.443146684987985,0.47635405931524516,0.4580327493415779,0.4912401236688382,0.47120119088514417,0.48723233711209524,0.5204397114393762,0.4849421733653998,0.4488720943547547,0.3939081644337528,0.38932783694034123,0.39677086911713777,0.3435245620061834,0.3194778426657464,0.32806595671590105,0.2702393221115351,0.11107294171534099,0.08874384518493073,0.0709950761479529,0.07271269895797966,0.08988892705828883,0.15859383945952552,0.16031146226955226,-0.021184014657052146,-0.10362990953852366,-0.06126188022444021,-0.09160654986831558,0.024046719340437006,-0.005725409366769724,0.03492499713728698,0.08015573113477613,0.08988892705828883,0.08530859956487721,0.0864536814382145,0.12653154700560257,0.1299667926256769,0.19351883659681252,0.12424138325890718,0.0131684415435662,0.04523073399748915,-0.07672048551472263,-0.019466391847025394,0.017748769036977814,0.024619260277105648,0.03549753807397645,0.0864536814382145,0.13798236573914202,0.1299667926256769,0.06755983052787858,0.09904958204511205,0.12653154700560257,0.11221802358867825,0.05381884804764374,0.08015573113477613,0.03950532463071943,0.010305736860181337,0.12137867857552231,0.09446925455170044,-0.35383029886636475,-0.4362761937478571,-0.5061261880224519,-0.4505897171647814,-0.5605175770067643,-0.6280774075346429,-0.8920187793427188,-0.933241726783465,-1.3517691514943235,-1.3351654643307038,-1.186304820794691,-1.254437192259238,-1.2910798122065728
2015-03-26,0.0,0.11688932705989641,0.06789026571659652,0.09504637200324802,0.03128855724331819,0.009445602186669793,0.0017710504100153515,-0.07202271667324173,-0.04899906134327841,0.007084201639996976,-0.02597540601329361,-0.047818361069942,-0.027746456423287484,-0.015349103553308882,-0.01593945368996635,-0.0017710504099938747,-0.016529803826645293,-0.012987703006636065,-0.10331127391655992,-0.10921477528322049,-0.02007190464663304,0.0,0.0230236553299848,-0.03128855724329671,-0.050770111753272285,-0.04132450956662397,-0.05844466352992673,-0.10035952323322964,-0.11157617582987184,-0.10980512541987796,-0.19068309414313203,-0.28454876587302214,-0.3654267345962762,-0.367788135142949,-0.2467663571264074,-0.2438146064430771,-0.22669445247975287,-0.26919966231971326,-0.31052417188633724,-0.334728527489637,-0.32528292530298863,-0.3046206705196767,-0.3187890737996706,-0.4085222945728941,-0.3459451800863006,-0.38254688855960045,-0.35125833131630374,-0.3400416787196401,-0.26270581081639527,-0.30166891983634636,-0.3205601242096645,-0.4510275044128544,-0.5106528682161391,-0.564965080789399,-0.6234097443193473,-0.5856273355727111,-0.6151448424060139,-0.8087796872324977,-0.7467929228825617,-0.71668506591258,-0.7639130768458645,-0.7898884828591796,-0.8022858357291581,-0.9321628657956906,-0.9516444203056662,-0.9103199107390423,-0.8087796872324977,-0.9740777254989936,-1.0112697841089506,-1.6907627914115735,-1.6748233377215858,-1.6311374276083104,-1.6777750884049158,-1.5431752572450594,-1.3330106085919518
2015-04-09,0.0,-0.12121627957506105,-0.10006060813978752,-0.16009697302366005,-0.18125264445893355,-0.2367148101135628,-0.4562763731174477,-0.7101444303406675,-0.6855581094834668,-0.5054490148318493,-0.5740620032705608,-0.5797797523071201,-0.4362642514894903,-0.3362036433497027,-0.338490742964314,-0.2309970610770035,-0.2967511749974353,-0.30589957345592184,-0.28874632634624403,-0.2847439020206691,-0.2801697027914051,-0.23328416069163552,-0.27102130433291854,-0.3167632966253928,-0.24471965876475413,-0.25787048154883635,-0.26759065491099127,-0.2424325591501221,-0.20869783983441395,-0.22013333790753256,-0.23385593559528314,-0.30532779855227427,-0.3619335140142195,-0.2858874518279644,-0.21441558887097326,-0.19554701705033176,-0.17439134561505826,-0.17210424600044702,-0.16009697302366005,-0.1177856301531338,-0.1052065822726992,-0.0714718629569911,-0.054890390750981635,-0.05431861584731323,-0.05317506604001801,-0.026873420471832807,-0.023442771049905557,-0.03201939460474449,-0.009720173362154947,0.005717749036559287,0.06518233901676339,0.12121627957504023,0.08862511006666896,-0.009720173362154947,-0.07547428728258675,-0.08347913593377806,-0.14465905062496662,-0.4963006163733627,-0.500874815602606,-0.3545004402666758,-0.4734296202271256,-0.46828364609421386,-0.34363671709722565,-0.25215273251227704,-0.2555833819342043,-0.21098493944904598,-0.025158095760869182,0.09605818381419186,0.11378320582751732,0.2161309135819369,0.22699463675138706,0.29560762519009853,0.36707948814708957,0.3910940341006427,0.3201939460473201
2015-04-16,0.0,0.10877779558934664,0.129960839993592,0.052671353653793065,0.06469416263997568,-0.016030411981583764,-0.012022808986182614,-0.03492339753130823,-0.015457897267963951,-0.17919710536560374,-0.3045778276501748,-0.350379004740426,-0.35896672544484814,-0.32747841619530044,-0.39847024068517733,-0.43453866764374594,-0.3412187693223633,-0.2553415622781422,-0.36755444614927024,-0.3812947992763331,-0.37442462271279126,-0.5198433599743472,-0.5221334188288681,-0.5627819634964577,-0.484919962443039,-0.4671720063205541,-0.4906451095793204,-0.4797673300203774,-0.3561041518767074,-0.3933176082625365,-0.43969130006640755,-0.3956076671170366,-0.3646918725811295,-0.4030503583941983,-0.44770650605720985,-0.4654544621796739,-0.5811024343325624,-0.6893077152082684,-0.6818650239311067,-0.7791925252478906,-0.799803054938516,-0.8370165113243452,-0.7900703048068336,-0.7259486568804776,-0.7683147456889684,-0.8450317173151266,-0.9194586300867849,-0.932626468500228,-1.0030457782765059,-0.9904504545766827,-0.9475118510545721,-0.8129708933519593,-0.7144983626079149,-0.681292509217487,-0.6830100533583672,-0.6406439645498765,-0.6194609201456519,-0.7041930977626125,-0.7740398928252499,-0.6681246708040439,-0.8066732315020371,-0.8078182609292975,-0.8427416584606267,-0.8249937023381417,-0.8227036434836417,-0.6498041999679391,-0.6148808024366101,-0.4660269768932937,-0.5095380951290448,-0.4860649918702786,-0.2851123273868097,-0.33663865161334233,-0.4471339913435692,-0.412210593812261,-0.4769047564522367
2015-04-23,0.0,-0.10165544713621667,0.01122938078828963,0.1388897097500576,0.13475256945962608,0.2056749744383789,0.31324062198949165,0.3758887463873814,0.39952954804696567,0.3552030449352451,0.36111324535014117,0.3167867422384207,0.25118351763308294,0.2789614595830772,0.2913728804543719,-0.16962275190752146,-0.2783704395416177,-0.40130260817145164,-0.35934018522569816,-0.6270722640204858,-0.7180893504098723,-0.5579229191661975,-0.4255344298725169,-0.515960496220444,-0.5407833379629903,-0.48640949414596363,-0.6518951057630537,-0.8067423566333134,-0.8262460180024876,-0.6412567450162234,-0.5916110615311093,-0.6264812439789833,-0.5756535204108857,-0.5614690394151265,-0.4911376544778762,-0.5750625003694046,-0.6152518631906937,-0.7417301520694566,-0.8102884768822639,-0.7470493324428716,-0.7582787132311828,-0.9101708638939946,-0.9083978037695302,-0.7978770560109693,-0.8575700802014325,-0.9208092246408247,-0.9054427035620821,-1.0189185515280907,-1.0632450546398113,-0.9787291887068018,-0.8953953628567544,-1.124711138954739,-1.156626221195165,-0.9757740884993538,-0.9208092246408247,-0.7795554347248,-0.7316828113641505,-0.8723455812386727,-0.9462230864248735,-0.8634802806163286,-0.8144256171726955,-0.6270722640204858,-0.4196242294576209,-0.4633597125278604,-0.5579229191661975,-0.9231733048067702,-0.9474051265078569,-0.8061513365918322,-0.7352289316130796,-0.6997677291237031,-0.7482313725258551,-0.7281366911152,-0.8067423566333134,-0.7712811541439369,-0.8859390421929294
2015-04-30,0.0,-0.2772891625134347,-0.2614091664223546,-0.4562445030782695,-0.3860060588292712,-0.47212449916934957,-0.4428075833089026,-0.3175999218215577,-0.36646144825564353,-0.41226912928759896,-0.44158604514804606,-0.3524137594058372,-0.3090491546955838,-0.29744454216749067,-0.24675070849213107,-0.20766148734486467,-0.2461399394117028,-0.29133685136322995,-0.2656845499853416,-0.1795661096452631,-0.1893384149320825,-0.18261995504739345,-0.20155379654060393,-0.19361379849505833,-0.1465845793022574,-0.1148245871200972,-0.17651226424313274,-0.14475227206097252,-0.14963842470438776,-0.13314765953287938,-0.10199843643114745,-0.028706146780018746,-0.0006107690804171847,-0.029927684940875332,0.01221538160852145,-0.08795074758135223,-0.1459738102218291,-0.1294830450503207,-0.0732922896511287,-0.08001074953580661,-0.09650151470731502,-0.1294830450503207,-0.1148245871200972,-0.1954461057363432,-0.3518029903254089,-0.49472295514511877,-0.5057167985927836,-0.4165445128505748,-0.3334799179126267,-0.3860060588292712,-0.39333528779438853,-0.3670722173360607,-0.46907065376721924,-0.4324245089416549,-0.407993745724612,-0.3463060686015765,-0.23331378872275305,-0.21560148539039917,-0.11909997068308413,-0.09650151470731502,-0.09222613114432807,-0.04153229746896849,0.08672920942050674,0.11665689436139318,0.09466920746604125,0.1563568845890879,0.16124303723249203,-0.028706146780018746,-0.023819994136614606,-0.16185380631290924,-0.16857226619758714,-0.23819994136616826,-0.1875061076907976,-0.0726815205707004,0.08550767125965016
2015-05-07,0.0,0.10192729600556646,-0.09384769327342224,-0.1274091200069609,0.05531420332009296,0.25854728742876193,0.28527212723509554,0.46799545056216074,0.5046644168080643,0.48415465602644914,0.8017451941901441,0.7209491668686567,0.6749575820856585,0.6202648866680408,0.6538263134015794,0.738351388137907,0.5736517939825673,0.48291164022150995,0.33374974362799475,0.3300206962131546,0.33312823572551953,0.4157887867544213,0.4307049764137819,0.39714354968023197,0.46488791104979577,0.4406491028533405,0.5009353693932241,0.4779395770017193,0.24611712937930233,0.1988825287913536,0.22809340020758817,0.27470649289306165,0.2305794318174778,0.1510264203009409,0.1852093549369548,0.14978340449599042,0.04412706107558384,-0.002486031609889659,-0.08266055102890181,-0.17961578381468893,-0.11000689873771068,-0.2019900683037185,-0.14667586498362553,0.09446920117589748,0.22995792391500258,0.2063406236210339,0.3293991883106794,0.21379871845070286,-0.002486031609889659,-0.0037290474148401406,-0.062150790247298,0.06836586927202778,0.2473601451842528,0.17153618108254473,0.1354887227391164,0.15413395981330583,0.06587983766213813,-0.03480444253848913,-0.2747064928930504,-0.23430847923230666,-0.2082051473284483,-0.2268503844026377,-0.0093226185370947,-0.18396633913200433,-0.2747064928930504,-0.3579885518244387,-0.5916755231542702,-0.4798041007091337,-0.4300834685112953,-0.30826791962660033,-0.08328205893137705,0.21255570264576365,0.18458784703447956,0.11870800937234142,-0.004350555317304076
2015-05-14,0.0,-0.1123154160580313,0.17062123313735067,0.31362392134238626,0.43269053727276074,0.4541716277756637,0.31976137577178715,0.38297715639461155,0.4916100997950113,0.48117642726502535,0.5603495894043053,0.6941460959652398,0.692304859636424,0.718082168239912,0.7414044950716309,0.76779554911805,0.7199234045687278,0.3842046472804962,0.2767991947659811,0.3676335203211094,0.3418562117176325,0.3154651576712021,0.38911461082401244,0.37561221107933723,0.44066922803098857,0.46644653663446545,0.42962181005806027,0.390342101709897,0.400775774239883,0.39156959259578167,0.4750389728356245,0.5296623172573011,0.47749395460739374,0.48424515447972577,0.4461929370174471,0.521069881056131,0.4185743920851432,0.43575926448746116,0.4425104643598044,0.48731388169442624,0.4081407195551573,0.2608418132495366,0.26452428590717936,0.36947475664993634,0.3093277032418012,0.30441773969828495,0.13625148833270362,0.21665214135785713,0.3651785385493513,0.4695152638491659,0.564032062061937,0.516773662955557,0.5302760627002323,0.6112904611683281,0.5155461720696723,0.5241386082708314,0.5542121349749045,0.30319024881240036,0.5032712632108707,0.5480746805455037,0.6045392612959961,0.6223378791412452,0.6339990425571157,0.6051530067389272,0.6069942430677431,0.6204966428124294,0.7162409319110739,0.8144402027814878,0.7671818036751189,0.7886628941780219,0.8334663115126437,0.9378030368124584,0.896068346692537,0.9697177998453475,0.9071157646654541
2015-05-21,0.0,0.16766353139824897,0.18906738647038104,-0.035078540257092734,-0.049942328501619886,-0.08858817793739047,0.04578046779312632,0.11177568759883985,0.02497116425078831,-0.05172598309095881,-0.25208984862718914,-0.31035589854573126,-0.17241994363651494,-0.2461443333293783,-0.3097613470159588,-0.30084307406924254,-0.32105782608178646,-0.19620200482775838,-0.1611234645706873,-0.12069396054557777,-0.08323721416935205,-0.08085900805024068,-0.09691189935433434,-0.12366671819448322,-0.19263469564908053,-0.23663150885288955,-0.23484785426352903,-0.21344399919141854,-0.14982698550483803,-0.1367468518496498,-0.13853050643901035,-0.14388147020702716,-0.2384151634422285,-0.18193276811302533,-0.21522765378075748,-0.09988465700323977,-0.03686219484643166,-0.0321057826081873,-0.0332948856677538,-0.010701927536076853,-0.016647442833887714,-0.06480611674614704,-0.05886060144833617,-0.13199043961140544,-0.11474844524776691,-0.0992901054734457,-0.019025648952999078,-0.0005945515297940639,-0.0344839887273203,0.021998406601882882,0.058860601448314544,0.08085900805021905,0.1551779492728548,0.16350167068979868,0.20987669001271905,0.1640962222195711,0.1652853252791376,0.056482395329203176,0.05945515297810861,0.00297275764890543,-0.0041618607084719286,0.034483988727298666,0.04994232850159825,0.052915086150503686,0.03032212801882674,0.057076946858975616,0.10345196618189599,0.07669714734174712,-0.04696957085271445,0.011296479065827657,0.12366671819446157,0.11593754830731177,0.12188306360512265,0.08977728099693534,0.07907535346088011
2015-05-28,0.0,0.04194027704548722,-0.03175478119160062,-0.027560753487047535,-0.04793174519484254,-0.11982936298710635,-0.10904472031827113,-0.05751809423382413,-0.0035948808896262684,-0.0065906149643039265,-0.0407419834156336,-0.071298470977337,-0.062311268753304026,-0.10844557350334431,-0.12522168432153485,-0.18154148492548355,-0.16236878684754216,-0.1018549585390404,-0.16955854862677294,-0.14020035469492315,-0.21988688108134452,-0.3409145376983263,-0.3295307482145425,-0.36368211666587213,-0.3876479892632934,-0.41700618319514315,-0.41580788956526776,-0.39783348511720185,-0.3828548147438135,-0.3786607870392604,-0.4092172746009856,-0.3223409864353335,-0.31395293102622734,-0.34570771221780616,-0.49309782869196006,-0.6201169534582753,-0.6267075684225792,-0.535637252552374,-0.5859655850069675,-0.6716435795427441,-0.6440828260556967,-0.6710444327277956,-0.7489335186694147,-0.7423429037051326,-0.8975219287734439,-0.8435987154292461,-0.8525859176532791,-0.8388055409097446,-0.8094473469779164,-0.8196328428318248,-0.8723577625461473,-0.8226285769065025,-0.8322149259454623,-0.8615731198773121,-0.8346115132052131,-0.8136413746824697,-0.7848823275655467,-0.7135838565882314,-0.77469683171166,-0.7231702056271913,-0.730359967406422,-0.7279633801466711,-0.7213727651823889,-0.6195178066433485,-0.63869050472129,-0.6189186598284218,-0.6081340171595647,-0.7279633801466711,-0.7010017734745722,-0.627306715237506,-0.38405310837368895,-0.30436658198726757,-0.37207017207497833,-0.3798590806691358,-0.34391027177300393
2015-06-04,0.0,0.17002402513398857,0.0954845068687242,-0.041889977206919685,-0.1170455245487587,-0.1373744840756439,-0.02710527936918398,-0.051746442432080555,-0.008008377995436902,0.004312203536011382,-0.004928232612574831,0.1170455245487587,0.11642949547218404,0.08994024517957472,0.1398386003819425,0.25750015400726467,0.23840325263352877,0.2008254789626093,0.1570874145259656,0.08809215794985076,0.1737201995934253,0.21191400234090826,0.2008254789626093,0.20513768249860945,0.23039487463808067,0.26982073553871294,0.2870695496827473,0.22300252571921841,0.2143781186471957,0.18912092650773563,0.11273332101274733,0.1275180188504942,0.11766155362533336,-0.0018480872297127605,-0.05482658781494262,-0.03819380274749416,-0.03819380274749416,-0.008008377995436902,-0.0036961744594367265,0.028337337522333295,-0.05297850058522986,-0.0006160290765746553,0.030185424752046056,-0.10595700117045972,-0.18111254851228756,-0.27906117168729916,-0.4589416620464486,-0.4768065052670464,-0.6714716934639314,-0.6690075771576441,-0.6905685948376786,-0.6480625885541842,-0.5020636974065176,-0.5612024887574716,-0.5722910121357705,-0.5642826341403336,-0.5451857327665866,-0.5513460235323107,-0.680096100535943,-0.7293784266617362,-0.6061726113472533,-0.5618185178340462,-0.41089139407380476,-0.18049651943571288,-0.129366106080207,0.022177046756609153,0.04497012258978175,0.025257192139471224,0.059138791350954,0.03141748290519537,0.05482658781494262,0.10780508840017247,0.09240436148586213,0.1441508039179427,0.14907903653052873
2015-06-11,0.0,0.022711648006278902,-0.018414849734826166,-0.07120408564133007,-0.08102533883323958,-0.1012816735415439,-0.21545374189746833,-0.17678255745433785,-0.19581123551366048,-0.1663474759379319,-0.23509624828128736,-0.2774504026713853,-0.5027253977607632,-0.6132144961697202,-0.6445197407189157,-0.9968571989785985,-0.9716902376743339,-0.96739343940287,-1.1048909840895698,-1.1257611471223818,-1.1668876448634866,-1.246071498723237,-1.2951777646827736,-1.4271508544490277,-1.3430563739933283,-1.2810597132194113,-1.3645403653506254,-1.3393734040463607,-1.6720683559222245,-1.6542673345118837,-1.5112453349047383,-1.4922166568454156,-1.4075083480652197,-1.483623060302499,-1.4191710862306073,-1.3620850520526508,-1.3817275584364586,-1.3037713612257014,-1.2614172068355922,-1.3043851895501866,-1.2970192496562627,-1.262644863484585,-1.2939501080337918,-1.3762031035160132,-1.4437242192103756,-1.3927764682773611,-1.457842270673738,-1.4369721076409372,-1.4161019446081364,-1.3669956786486,-1.3559467688077087,-1.4142604596346582,-1.4842368886269954,-1.50940384993126,-1.5106315065802418,-1.5376399528579845,-1.7162639952858005,-1.7979031624435367,-1.7291543901001811,-1.67268218424671,-1.6076163818503328,-1.7009182871734456,-1.7929925358475762,-1.8206148104498154,-2.0207228442349288,-2.0372962089962767,-2.0372962089962767,-2.03668238067178,-1.9722304065998886,-2.1606757022196033,-2.2748477705755277,-2.261957375761147,-2.2748477705755277,-2.2656403457081145,-2.2975594185818173
2015-06-18,0.0,0.2727182980403704,0.39673725257909614,0.4849696431215666,0.3671207858235846,0.3955032331309451,0.533096401599287,0.5546917419418507,0.556542771114066,0.5738190433881238,0.550989683597409,0.42882175823090973,0.43560886519570646,0.5170541487733802,0.5830741892492225,0.5732020336640483,0.588010267041804,0.5861592378695888,0.6046695295917863,0.6571153561380128,0.6256478602102746,0.6022014906954843,0.6151586949010248,0.6460091811046875,0.5762870822844145,0.5781381114566297,0.5984994323510539,0.5096500320844967,0.4707784194678863,0.4794165556049096,0.5540747322177753,0.563329878078874,0.564563897527025,0.6509452588972802,0.6571153561380128,0.6626684436546697,0.6515622686213445,0.6330519768991469,0.6207117824176819,0.5559257613899905,0.5040969445678396,0.5849252184214379,0.5960313934547519,0.7040080951675709,0.7268374549582856,0.7490498050249249,0.8416012636359126,0.821856952465564,0.8156868552248316,0.7607729897823144,0.7953255343304189,0.8274100399822212,0.8570265067377439,0.7947085246063433,0.7990275926748605,0.8557924872895929,0.8786218470803078,0.8483883706007207,0.9162594402487783,0.9606841403820456,0.8761538081840169,0.8706007206673487,0.9421738486598481,0.6676045214472512,0.7663260772989715,0.8206229330174243,0.9026852263191623,0.8274100399822212,0.7786662717804366,0.7620070092304654,0.8378992052914709,0.8027296510192911,0.7854533787452446,0.7478157855767739,0.780517300952663
2015-06-25,0.0,0.08823211649040688,0.13324850245489797,0.26649700490979594,0.32831950830102596,0.363732398593101,0.2869044332137073,0.2730994081845792,0.316315138710495,0.3499273735639948,0.3403238778915569,0.35712999531829587,0.4333577422181718,0.37993829754032216,0.38834135625368077,0.4177520617504903,0.358930650756893,0.2989088028042382,0.2929066180089728,0.27429984514363664,0.35232824748208785,0.4123500954347426,0.3751365497040923,0.3763369866631498,0.38954179321273824,0.37753742362220727,0.370935020347424,0.32951994526008344,0.3433249702891897,0.30491098759950375,0.2935068364884906,0.3475264996458799,0.3943435410489462,0.3991452888851542,0.4165516247914328,0.43996014549297696,0.45796669987877336,0.45376517052208315,0.466369758592132,0.4435614563701275,0.4345581791772293,0.3997455073646939,0.3991452888851542,0.4531649520425435,0.4825756575393531,0.5966171686493972,0.623026781748574,0.649436394847729,0.6962534362507954,0.6872501590578972,0.6650420753154324,0.713659772157074,0.735267637420021,0.7820846788231091,0.749072662449149,0.7676794353144633,0.7730814016302109,0.8433069637347995,0.8877231312197729,0.7652785613963483,0.7658787798758879,0.8084942919222642,0.8337034680623835,0.8415063082962243,0.8661152659568258,0.948945416131485,0.8895237866583481,0.8697165768339763,0.8138962582380118,0.6590398905201669,0.7058569319232332,0.6830486297012287,0.7700803092325782,0.8733178877111268,0.8955259714536136
2015-07-02,0.0,-0.10832825236338668,-0.10122476040512723,-0.09471322611006862,-0.0011839153263586294,0.01716677223245855,0.0941212684468893,0.17936317194595966,0.18173100259869845,0.1308226435645452,0.08820169181501002,0.06570730061387302,0.09944888741558928,0.18587470624101826,0.22790370032735263,0.2646050754450085,0.2060012667894165,0.19830581716795617,0.21784042005317505,0.17166772232449937,0.17877121428275883,0.1846907909146381,0.2338232769592319,0.24980613386531028,0.2794040170247067,0.26223724479226973,0.2646050754450085,0.29775470458354547,0.32261692643742124,0.29716274692034456,0.2640131177818292,0.2936110009412256,0.2912431702884653,0.2705246520768878,0.03314962913853694,0.03374158680171625,0.04735661305503431,0.03788529044403606,0.03018984082259729,0.07813841154081091,0.11957544796396594,0.16101248438712096,0.16693206101900024,0.22790370032735263,0.24211068424387153,0.15923661139756148,0.1373341778596038,0.09530518377326946,0.1201674056271668,0.134966347206865,0.1308226435645452,0.13378243188048483,0.1840988332514588,0.20836909744215526,0.21665650472679487,0.17344359531408038,0.1621963997135011,0.21843237771635438,0.16929989167176057,0.023678306527517155,0.04913248604461533,-0.04439682473909466,-0.15686878074480115,-0.02900592549619559,-0.008879364947818933,-0.03788529044401453,-0.036701375117634355,0.09885692975238844,0.08346603050951089,0.05682793566605409,0.04202899408635587,-0.02900592549619559,-0.13437438954364264,-0.15686878074480115,-0.10477650638424617
2015-07-09,0.0,0.05977393497791353,-0.13867552914876374,-0.09504055661489122,-0.10819082231003653,0.018529919843144494,-0.17334441143594922,-0.18649467713109455,-0.10819082231003653,-0.1990472034764477,-0.25224600560679944,-0.18111502298307364,-0.17872406558397014,-0.1404687471980968,-0.12672074215318102,-0.18350598038219887,-0.0723264613232884,-0.014943483744478382,0.03646210033651855,-0.016138962444041,0.02809374943962371,-0.008368350896916591,0.02151861659204017,-0.008368350896916591,-0.01673670179381144,0.027496010089831525,0.020920877242269733,-0.013748005044915763,-0.13688231109943066,-0.16617153923859526,-0.17035571468705354,-0.15182579484390907,-0.15182579484390907,-0.13628457174963848,-0.13568683239986806,-0.22773869226586357,-0.2235545168174053,-0.18171276233286582,-0.18589693778132413,-0.1990472034764477,-0.14285970459722203,-0.1751376294852823,-0.2139906872209261,-0.1619873637901587,-0.15302127354347167,-0.15361901289324212,-0.20024268217601035,-0.24268217601034198,-0.34011369002433667,-0.3054448077371512,-0.34011369002433667,-0.337124993275441,-0.2624075745530491,-0.22953191031519665,-0.20442685762446863,-0.12791622085274365,-0.11536369450736877,-0.21279520852138523,-0.1458484013461177,-0.15481449159280475,-0.1727466720861788,-0.21100199047203042,-0.41901528419518685,-0.34609108352212803,-0.39151927410533366,-0.3849441412577718,-0.3921170134551258,-0.47938695852287083,-0.4070604971996042,-0.42618815639251906,-0.4805824372224335,-0.4674321715272881,-0.5003078357651406,-0.4471090336347888,-0.4303723318409774
2015-07-16,0.0,0.04798773386705482,0.0743224658672655,0.1363553901344199,0.10475371173415858,0.17029793360135387,0.21126307226834823,0.28031859173556306,0.26276210373542264,0.3206985141358947,0.283829889335604,0.27856294293555334,0.27856294293555334,0.2756368616021966,0.31601678400252814,0.28851161946897047,0.2662734013354635,0.2533986434686896,0.2844151056022668,0.27739251040220636,0.29846029600238766,0.23993866933525285,0.23233085786852956,0.27329599653552394,0.2867559706689607,0.32538024426926115,0.304897674935764,0.3212837304025575,0.34118108346939185,0.29904551226905046,0.2691994826688202,0.2750516453355337,0.2674438338688105,0.27329599653552394,0.3031420261357542,0.3195280816025477,0.33532892080267834,0.34059586720272905,0.3300619744026277,0.3113350538691616,0.304897674935764,0.26276210373542264,0.2598360224020659,0.294363782135684,0.3546410576028286,0.3581523552028695,0.43188960480345084,0.4354009024034704,0.45646868800365176,0.5114790170707457,0.5565406696044437,0.4699286621370885,0.5003599080040029,0.49743382667064606,0.496848610403962,0.5594667509378005,0.5413250466709972,0.532546802670927,0.5471772093377107,0.6074544848048553,0.6829473832054678,0.6964073573389046,0.7256681706724719,0.735031630939205,0.6706578416053567,0.5641484810711671,0.6086249173382023,0.5606371834711475,0.589312780538052,0.5822901853379916,0.6478344072051869,0.7133786290723609,0.7186455754724115,0.7555142002727022,0.7795080672062402
2015-07-23,0.0,-0.040002087065399455,0.057394298832991034,0.25566551298329876,-0.014493509806308737,-0.037103385104137715,0.06203222197100561,0.12406444394201122,0.12754288629551688,0.13276054982579646,0.0550753372639732,0.06435118354002343,-0.009855586668273068,0.022030134905606152,0.0742067702083176,0.0742067702083176,0.05797403922523495,0.08406235687659068,0.10957093413570247,0.14435535767084345,0.14319587688633453,0.12116574198074946,0.04348052941892621,0.053336116087220366,0.07188780863929976,0.024349096474602896,-0.13855795374829888,-0.24812888788400134,-0.3953829475160854,-0.3658161875112241,-0.3240748792690507,-0.2260987529784163,-0.32117617730778897,-0.31305981181626874,-0.2811740902423895,-0.14667431923984017,-0.1472540596320841,-0.13855795374829888,-0.11768729962722273,-0.1229049631574812,-0.1472540596320841,-0.2005901757193045,-0.17276263689119592,-0.1408769153173167,-0.022609875297828975,0.011594807845046988,0.001739221176773921,-0.06782962589350801,-0.055655077656217106,-0.0034784423535056605,-0.12986184786451363,-0.3466847545669008,-0.40697775536113245,-0.3820489184942856,-0.40639801496888855,-0.4585746502716,-0.33972786985986836,-0.3803096973175328,-0.41915230359844446,-0.5866972769593607,-0.5843783153903641,-0.47422764086241764,-0.4411824385040295,-0.4179928228139355,-0.24580992631498352,-0.1605880886538839,-0.15652990590813437,-0.11536833805820489,-0.263202138082554,-0.3513226777049153,-0.503794400867279,-0.4319065922280004,-0.4649517945863674,-0.4266889286977208,-0.45683542909484715
2015-07-30,0.0,0.044591364733581454,0.010701927536055223,0.010701927536055223,0.05350963768029775,0.13020678502204489,0.1367468518496498,0.11831575442642316,0.20749848389358608,0.22176772060834077,0.21998406601900183,0.21760585989986886,0.271710049109939,0.27825011593754395,0.2711154975801666,0.2996539710096544,0.2984648679500879,0.31095045007550365,0.3317597536178417,0.3275978929093698,0.30976134701593716,0.3008430740692209,0.31630141384352045,0.3216523776115589,0.34959629951127424,0.35970367551755705,0.38051297905989506,0.3971604218937612,0.40488959178091094,0.4132133131978548,0.44115723509754856,0.46731750240792497,0.511314315611734,0.4643447447590196,0.4381844774486431,0.4251043437934765,0.45721012640164216,0.40667324637024993,0.4768303268844138,0.4262934468530214,0.3888367004768173,0.38051297905989506,0.3757565668216291,0.4084569009595888,0.4096460040191553,0.40370048872134445,0.4619665386398865,0.4340226167401928,0.40251138566177797,0.22236227213811322,0.09037183252670777,0.04994232850159825,0.05469874073984261,0.07312983816306926,0.014863788244527153,0.02318750966144938,0.04280771014422089,0.06183335909721998,0.19858021094686976,0.21522765378073583,0.16885263445781548,0.1753927012854204,0.1022628631223295,0.024376612721015878,0.021403855072110445,0.0725352866332752,0.09631734782451865,0.17241994363651494,0.2598190185143173,-0.01189103059562172,0.028538473429487808,0.11534299677751772,0.09096638405650184,0.14269236714746067,0.17123084057694846
2015-08-06,0.0,-0.06773524860587163,0.053137134682190564,-0.12028845873112344,-0.06014422936556172,-0.10685819392134112,-0.10977781670607732,-0.007591019240309902,0.02102128405009223,0.07707804151704024,0.06598347493503415,0.07532626784620276,0.08174943797261394,0.12963125164229206,0.12320808151585964,0.09693147645323374,0.0840851362004114,0.1197045341741847,0.1272955534144946,0.1272955534144946,0.07591019240314152,0.011678491138944848,-0.015765963037579794,0.0035035473416749575,0.017517736708417272,-0.018101661265356016,-0.09109223088376132,-0.10977781670607732,-0.07941373974481647,-0.09576362733935626,-0.0683191731628316,-0.12379200607281964,-0.07532626784620276,-0.08642083442818763,-0.10860996759217859,-0.1307991007561908,-0.09050830632682257,-0.035035473416834544,-0.013430264809782329,-0.030364076961260856,-0.06014422936556172,-0.05605675746692678,-0.018685585822316005,-0.04379434177104318,-0.002919622784736212,0.05722460658082551,0.08291728708651268,0.05722460658082551,0.07182272050450657,0.3036407696125661,0.24758401214563927,0.31473533619457217,0.26743744708183276,0.3106478642959372,0.2592625032845841,0.3415958658141368,0.2989693731569924,0.26977314530963026,0.19503080202038747,0.23532159644973444,0.2948819012583574,0.3596975270794928,0.39765262328106354,0.4023240197366585,0.3252459782196183,0.3106478642959372,0.22130740708301336,0.14948468657848557,0.21721993518437843,0.2732766926513052,0.3246620536626583,0.3357566202446644,0.23590552100669443,0.20962891594406854,0.20729321771627107
2015-08-13,0.0,0.4634523617556157,0.4747997778295379,0.49868907482725044,0.5357174851736877,0.392381703187412,0.3828259843883357,0.41806269745997043,0.2586016400002345,0.23829573755217012,0.3051857691457697,0.19589223538123895,0.07107065856818194,0.075251285542786,0.15169703593546194,0.06569556674370965,0.13318283076224338,0.23292064572769783,0.2597961048501245,0.236504040277346,0.23829573755217012,0.1696140086837464,0.19469777053134898,0.22635108905331383,0.21679537025423748,0.15826659260984596,0.155877662910066,0.1594610574597142,0.19887839750595301,0.21321197570456757,0.22276769450366563,0.22276769450366563,0.23232341330274198,0.20544795418031533,0.07047342614324781,-0.11287692831420072,-0.1534887332103078,-0.16603061413411996,-0.15229426836041782,-0.2239621593535556,-0.1140713931640907,0.22754555390320383,0.28428263427277123,0.3093663961203738,0.29861621247140746,0.312949790670022,0.2138092081295234,0.1982811650809972,0.21619813782928163,0.1791697274828445,0.050764756120139275,0.11526585801395893,0.1540859656352419,0.21918429995399571,0.08898763131646639,0.09316825829107044,-0.10451567436499261,-0.13079390106248517,0.007166789099296397,0.0017916972748240993,-0.006569556674384001,0.12302987953821118,0.10809906891464081,0.07943191251739004,0.057931545219435665,0.01672250789839447,0.06808449644346787,0.04180626974599704,0.017916972748284448,-0.3481865037416785,-0.3667007089148971,-0.35654775769086483,-0.3039913042959015,-0.14751640896087964,-0.07047342614326954
2015-08-20,0.0,0.12115409619044243,0.18970958476651056,0.3043627294540383,0.3345035046038686,0.2641750292542861,0.2742219543042295,0.16547876552840918,0.11642613146106362,-0.0762384312612899,-0.049052634067345564,0.028367788376315914,-0.0005909955911642898,-0.0005909955911642898,0.05378059879674588,0.09160431663179792,0.10342422845525574,0.1170171270522494,0.21039443045756168,0.16547876552840918,0.17257071262248816,0.20152949658996835,0.23462524969564158,0.2547190997955284,0.2718579719395293,0.23580724087799168,0.18675460681064612,0.158977814025516,0.18970958476651056,0.1973925274517538,0.1879365979929962,0.1282460432845214,0.13711097715211476,0.06796449298488233,0.0466886517026669,0.06028155029963907,0.07919340921717585,0.10106024609057708,0.1051972152287916,0.10165124168174137,0.13297400801390022,0.0005909955911857901,-0.13533799037857888,-0.20448447454581128,-0.15070387574908695,-0.4006950108152151,-0.47634244648534063,-0.6424122076049141,-0.5844946396699752,-0.5253950805526862,-0.6140444192286197,-0.7570653522924633,-0.6110894412727552,-0.6300013001902921,-0.6825999078046878,-0.6672340224341798,-0.6583690885665864,-0.6075434677257265,-0.6240913442785632,-0.7422904625131411,-0.7493824096072201,-0.7677032729335711,-0.9479569282413025,-1.123482618819655,-1.1719442572958363,-1.0614280817465016,-1.0141484344526706,-1.1075257378579828,-1.0797489450728526,-1.188492133848673,-1.1672162925664575,-1.065565050884716,-1.057882108199473,-1.0448802051936652,-1.0088294741321058
2015-08-27,0.0,-0.11667427585856818,-0.2866128950438728,-0.2777355044894186,-0.17247501648657554,-0.2701263125856057,-0.23842134631968984,-0.10652868665347277,-0.025363973012732716,-0.009511489879774768,-0.02282757571146175,0.10145589205093086,0.11540607720793847,0.15662253335362913,0.1781819104144496,0.06784862780906463,0.1375995535940796,0.15091563942576658,0.233982651042457,0.22954395576523567,0.23842134631968984,0.233982651042457,0.2809060011160217,0.18832749961954504,0.21749606858418993,0.15725663267894974,0.14077005022067118,0.005072794602553463,-0.018388880434228913,-0.012047887181045732,0.013316085831686982,0.03487546289250748,0.0741896210622478,0.025363973012732716,-0.01521838380763732,0.09511489879774768,0.15852483132957948,0.15725663267894974,0.15281793740171692,0.15662253335362913,0.2010094861259114,0.18832749961954504,0.21052097600568614,0.1959366915233579,0.2282757571145944,0.3271952518642543,0.40075077360118155,0.5009384670014712,0.6169786435347302,0.6296606300410966,0.6841931720184627,0.6626337949576422,0.48191548724192157,0.664536092933604,0.672145284837417,0.69624105919952,0.602394359052402,0.610637650281547,0.7152640389590694,0.7298483234413862,0.6607314969816919,0.6860954699944246,0.8712524729873664,0.8630091817582329,0.7488713032009358,0.8389134073961415,0.8750570689392787,0.7444326079237029,0.7463349058996647,0.7082889463805656,0.7736011768883477,0.7514077005022067,0.804037944503634,0.7691624816111264,0.7057525490792947
2015-09-03,0.0,-0.09592665795387444,-0.1545127376438095,-0.034121562896348295,0.033477759822818365,-0.0296149413817325,-0.03862818441095237,0.07854397496892947,0.28005433697940474,0.29614941381730153,0.3251205521255158,0.4062397393885065,0.48478371435744766,0.3173949152433207,0.38048761644787155,0.27039729087666664,0.2884237769351064,0.29743701996432625,0.20215416508398176,0.2671782755090873,0.29743701996432625,0.3940074809917072,0.428772846961562,0.3289833705666017,0.3347775982282539,0.33413379515473574,0.3431470381839556,0.3605297211688889,0.42104721007937856,0.42426622544695797,0.3663239488305294,0.3811314195213898,0.43649848384375717,0.4455117268729771,0.3025874445524603,0.251727001744697,0.2890675800086246,0.2452889710095382,0.03798438133743416,-0.0392719874844706,0.1538689345702913,0.20279796815749995,0.2433575617889953,0.3238329459784794,0.3231891429049612,0.33606520437527865,0.33220238593418105,0.34572225047801675,0.3978702994328048,0.5285623233565223,0.6618295595743128,0.7352231099551199,0.7435925499108332,0.7687008697779499,0.8041100388213229,0.7017453501323015,0.6837188640738501,0.7551810052341142,0.8041100388213229,0.8704217553934532,0.9109813490249603,0.8762159830550937,0.8530390724085316,0.8852292260843253,0.8478886478203976,0.7648380513368523,0.7435925499108332,0.7500305806459919,0.733291700734577,0.5832855846053715,0.6077501013989817,0.5955178430021825,0.724278457705357,0.709470987014485,0.6631171657213492
2015-09-10,0.0,-0.08197894572472346,0.20299548465172434,0.07352080053091838,0.010410024853936706,0.10084711577248891,0.25504560892139605,0.3227107704719669,0.10995588751969093,0.13598094965452678,0.047495738396082524,0.16851227732307159,0.1964892191180154,0.11581152650002663,0.16395789144947057,0.2875769365899409,0.28497443037645964,0.32791578289894113,0.24853934338768707,0.2927819490169033,0.37345964163490386,0.3571939778006315,0.34288019362646704,0.30774635974444103,0.32986766255904915,0.3851709195955753,0.39818345066299327,0.42550976590457557,0.3610977371208474,0.34938645916017597,0.3741102681882653,0.47040299808716507,0.432666657991646,0.5692982341995342,0.7495217894832772,0.7794506109383408,0.6955197855534975,0.6233002381293257,0.7033273041939412,0.692266652786643,0.7482205363765306,0.746919283269796,0.6206977319158444,0.6265533708961801,0.4664992387669373,0.564743848325945,0.6402165285169713,0.6974716652136055,0.7208942211349602,0.7352080053091128,0.8763939673906019,0.9642285520956729,0.9538185272417362,0.8562245442361017,0.8620801832164374,0.9961092532108445,0.6050826946349335,0.39883407721636643,0.4977293133287356,0.5061874585225643,0.5231037489102099,0.5745032466265084,0.7677393329776575,0.7358586318624859,0.8523207849158739,0.8334526148681205,0.7274004866686691,0.6916160262332698,0.764486200210803,0.8842014860310573,0.9349503571939826,1.1698265429608785,1.3454957123710205,1.3656651355255205,1.5940350557586958
2015-09-24,0.0,0.2052574030142808,0.23083464949581084,0.214209439282814,0.11317931568077505,0.04092359437044572,-0.19374764209758533,-0.12852566356969072,-0.0652219785278946,0.011509760916695493,-0.0076731739444520315,0.004476018134272408,0.08056832641682193,0.13875656216230506,0.1905504862874057,0.2058968341763214,0.16944925794013646,0.10614557289835196,0.13683826867618334,0.04795733715286881,0.12532850775949947,0.07545287712052057,0.05051506180101949,0.06074596039363382,0.09783296779185935,0.10039069244001002,0.10230898592612013,0.10486671057427081,0.1182947649770764,0.19438707325962593,0.17328584491236831,0.1796801565327508,0.2730371061903378,0.2998932149959373,0.2640850699218046,0.29413833453759536,0.3874952841951823,0.3881347153572229,0.4162696864869036,0.29669605918574604,0.2954171968616765,0.2704793815421871,0.29477776569963593,0.3235521679913572,0.16113665283364387,0.05690937342140199,0.06074596039363382,-0.005115449296301354,0.05371221761121074,0.16049722167160327,0.2301952183337703,0.2608879141116133,0.4424863641304742,0.6701238578160938,0.7724328437422139,0.7283120935615653,0.7244755065893451,0.7583653581773678,0.6861096368670501,0.6157722090428425,0.6004258611539152,0.6816336187327776,0.6272819699595263,0.5901949625613124,0.6049018792881875,0.7263938000754552,0.7775482930385152,0.5857189444270401,0.6176905025289525,0.666287270843862,0.5985075676678051,0.56014169794551,0.5716514588621939,0.5812429262927676,0.6253636764734162
2015-10-01,0.0,-0.046951883709574434,-0.05884636091599767,0.02316292929672794,0.09891196834817695,0.07762711439983884,0.044447783245066076,0.09265171718690036,0.11706669671587681,0.051960084638602536,0.09202569207077044,0.03317933115477276,-0.14711590228999988,-0.261052473425227,-0.22223891622531897,-0.3580863664250142,-0.5502760770762101,-0.40190812455395025,-0.4375915561732314,-0.5840814333471014,-0.6372935682179524,-0.6423017691469691,-0.5189748212698271,-0.44072168175386967,-0.49268176639246086,-0.4989420175537374,-0.5077063691795224,-0.3555822659605058,-0.4382175812893614,-0.4375915561732314,-0.3749890445604655,-0.3699808436314374,-0.3643466175862907,-0.3393056129411844,-0.24414979528978703,-0.30988243248319125,-0.34306176363795265,-0.32553306038638274,-0.26480862412199524,-0.24540184552203553,-0.3173947338767163,-0.3837533961862505,-0.33492343712829764,-0.3173947338767163,-0.33492343712829764,-0.4250710538506782,-0.34368778875408257,-0.3186467841089762,-0.24101966970914873,-0.2535401720317019,-0.24790594598654386,-0.367476743166929,-0.47703113848926937,-0.4375915561732314,-0.5540322277729783,-0.5653006798632716,-0.6235210156631393,-0.6798632761146286,-0.604114237063191,-0.5703088807922884,-0.545267876147182,-0.5840814333471014,-0.7030262054113566,-0.6404236937985907,-0.5183487961536971,-0.4532421840764229,-0.5496500519600801,-0.5746910566051865,-0.5177227710375671,-0.5365035245213969,-0.44385180733450796,-0.49393381662472075,-0.5496500519600801,-0.46513666128284614,-0.5164707208053188
2015-10-08,0.0,-0.07408541252104922,0.003061380682687892,-0.14021123526710325,-0.21735802847084035,-0.11143425684984373,-0.22409306597275594,-0.265115567120767,-0.1591917954997704,-0.2957293739476459,-0.2779733659880584,-0.24307362620542308,-0.2032756773304805,-0.2338894841573594,-0.2773610898515186,-0.2681769478034549,-0.21307209551507283,-0.17878463186897736,-0.165926833001686,-0.2093984386958563,-0.24307362620542308,-0.21490892392469224,-0.2785856421245982,-0.30368896372264115,-0.31470993418031307,-0.3079748966783975,-0.423082810347469,-0.41940915352824126,-0.5534976274299687,-0.5988060615337473,-0.6502372570029127,-0.6037042706260546,-0.5804377774376199,-0.5394152762896088,-0.5688045308434081,-0.6128884126741183,-0.6122761365375784,-0.5896219194856835,-0.5767641206184034,-0.5228838206030898,-0.4818613194550787,-0.5485994183376726,-0.6337058013163936,-0.6692178172355688,-0.6392162865452297,-0.6465636001836851,-0.5571712842491964,-0.558395836522276,-0.538803000153069,-0.5749272922087839,-0.6532986376856007,-0.5994183376702871,-0.538803000153069,-0.45981937853972366,-0.4383897137609084,-0.5363538956069209,-0.5681922547068684,-0.5669677024337998,-0.6202357263125625,-0.6373794581356214,-0.5975815092606789,-0.6508495331394414,-0.729833154752798,-0.7365681922547024,-0.6741160263278761,-0.6232971069952504,-0.5798255013010912,-0.5945201285779909,-0.5265574774223175,-0.5394152762896088,-0.45492116944741634,-0.5326802387876932,-0.48614725241083506,-0.420021429664781,-0.4757385580897029
2015-10-15,0.0,0.22014918489456373,0.1697239526002727,0.2890226729062767,0.2361376731829983,0.24351697546996037,0.2527411033286713,0.2625801730446319,0.3628156957759644,0.519010927516801,0.48149947422470757,0.4901086602261689,0.47289028822324625,0.4802695905102083,0.44337307907536444,0.47104546265149727,0.43660871864565204,0.41570069549923155,0.43845354421738975,0.45075238136233775,0.4833442997964453,0.49318336951240593,0.5202408112312891,0.48949371836891925,0.4833442997964453,0.4913385439406681,0.5153212763733145,0.5196258693740506,0.5411488343777096,0.5491430785219212,0.5325396483762371,0.5054822066573538,0.5399189506632103,0.538689066948711,0.5411488343777096,0.5626717993813685,0.5940338341009768,0.5872694736712644,0.5909591248147398,0.5762005202408045,0.525160346089275,0.5024074973711168,0.538689066948711,0.5202408112312891,0.5516028459509086,0.5436086018066969,0.5325396483762371,0.5436086018066969,0.5934188922437383,0.6143269153901476,0.598338427101713,0.6475337756815048,0.6475337756815048,0.670286624399663,0.6346199966793072,0.5989533689589627,0.6057177293886863,0.6309303455358206,0.6174016246763846,0.4784247649384706,0.42676964892969144,0.4790397067957202,0.5048672648001041,0.5436086018066969,0.5534476715226575,0.5337695320907363,0.47412017193773426,0.5546775552371456,0.5940338341009768,0.5903441829575014,0.5928039503864887,0.5743556946690668,0.5399189506632103,0.5423787180921976,0.5319247065189986
2015-10-29,0.0,-0.02514859137219525,-0.04600352080279211,-0.12880985824781788,-0.18953450570750124,-0.14414436518208193,-0.20916267458336366,-0.15211830878790591,-0.21038943513810923,-0.19812182959069802,-0.15579859045212036,-0.06256478829180172,-0.03434929553275367,-0.07912605578080019,-0.12635633713833788,-0.14659788629156195,-0.14107746379522912,-0.14537112573682753,-0.1423042243499747,-0.10918168937196662,-0.09446056271506423,-0.045390140525419315,-0.06624506995602733,-0.0895535204961042,-0.08771337966399698,-0.11408873159092665,-0.13126337935729793,-0.13494366102152353,-0.11960915408725947,-0.09875422465666261,-0.0993676049340354,-0.09078028105084979,-0.12696971741571067,-0.1416908440726019,-0.14353098490470914,-0.1416908440726019,-0.11592887242303387,-0.07299225300709457,-0.053977464408616095,-0.11470211186829944,-0.35821408198440563,-0.375388729750788,-0.29871619507946784,-0.33735915255380877,-0.3993105605682377,-0.39808380001349214,-0.3324521103348487,-0.3931767577945321,-0.42875281388202025,-0.4060577436193162,-0.32877182867062316,-0.32938520894799594,-0.33183873005747594,-0.33735915255380877,-0.4434739405389226,-0.4937711232833019,-0.4342732363783641,-0.43734013776521696,-0.3349056314443288,-0.32631830756114316,-0.34962675810122,-0.38213591280186643,-0.3882697155755721,-0.3520802792107,-0.4716894332979594,-0.4729161938527051,-0.5189197146554971,-0.4489943630352555,-0.40789788445142333,-0.4784366163490379,-0.5342542215897612,-0.5176929541007516,-0.5489753482466525,-0.6550901362317663,-0.5949788690494445
2015-11-05,0.0,0.08676924997658876,0.016230219420084045,-0.08989044601891218,-0.10924186148131965,-0.008115109710036346,0.008115109710036346,-0.07366022659882814,-0.06616935609725874,-0.075532944224229,-0.10736914385593013,-0.12235088485908027,-0.30338025531383855,-0.27404101251599383,-0.24969568338587345,-0.34770123911483336,-0.3283498236524259,-0.23096850713193295,-0.15730828053310483,-0.14482349636381114,-0.08989044601891218,-0.17978089203782435,-0.21661100533724975,-0.19476263304098584,-0.22659883267267564,-0.188520240956339,-0.049314897468707736,0.0,0.01872717625394051,-0.0343331564655576,-0.044945223009461764,-0.029339242797844674,0.038078591716347976,0.134211429819907,0.1086176222728527,0.0942601204781695,0.06929055213958216,0.0842722931427323,0.05430881113643202,0.06304816005493533,0.01872717625394051,-0.0255938075470543,0.0087393489185033,-0.04119978775867139,-0.05493305034488762,-0.11610849277443344,-0.18165360966322522,-0.17478697837011142,-0.07490870501576204,-0.04244826617559395,-0.014357501794683182,-0.04619370142638432,-0.04681794063485128,-0.11985392802522381,-0.23783513842504672,-0.14669621398920066,-0.1672961078685307,-0.22909578950654347,-0.3077499297730845,-0.230344267923466,-0.28652579668528755,-0.32210743156777905,-0.2821561222260416,-0.26342894597210104,-0.2571865538874542,-0.2440775305096936,-0.28652579668528755,-0.38203439558039093,-0.46131277505539897,-0.5568213739505024,-0.6648147570148881,-0.7703111832454174,-0.7216205249851766,-0.7653172695777044,-0.8171291238802687
2015-11-19,0.0,-0.08166782416338007,-0.021220773207804567,-0.09581500630192426,-0.1266815855132785,-0.12089410191115102,-0.014147182138532478,0.011574967204266607,0.005787483602139152,-0.010288859737110276,0.012218020937838924,0.009645806003549657,0.017362450806394064,0.1530467885896616,0.1530467885896616,0.23600072022018628,0.24886179489158586,0.3324587802556829,0.32602824291998306,0.36461146693418167,0.4462792910975735,0.4134835506855023,0.4019085834812357,0.40383774468195266,0.3967641536126805,0.36268230573347643,0.431489055225457,0.4765028165753554,0.40898217455050784,0.38969056254340845,0.4064099596162303,0.4115543894847854,0.459140365768973,0.5221596316588261,0.48421946137819977,0.49322221364817714,0.4964374823160271,0.5022249659181545,0.5350207063302257,0.5350207063302257,0.5189443629909762,0.5285901689945259,0.5549553720708973,0.5536692646037527,0.5684595004758691,0.5877511124829685,0.6989994083905698,0.6880674949198755,0.687424441186315,0.7459423309411735,0.7800241788203893,0.7452992772076129,0.6906397098541648,0.6597731306427989,0.7498006533425957,0.740154847339046,0.658487023175666,0.6604161843763712,0.6899966561205925,0.5954677572858011,0.5099416107209989,0.5993260796872233,0.5845358438151186,0.48421946137819977,0.46685701057180573,0.5054402345860044,0.6237621215628778,0.6379093037014221,0.6694189366463486,0.6372662499678496,0.6237621215628778,0.7202201815983744,0.8610489492502087,0.9054196568665348,0.8301823700388428
2015-11-26,0.0,0.14101492461125417,0.16526183472540143,0.1844041321839424,0.17547106003662558,0.1844041321839424,0.31010521882836606,0.32414290363128917,0.41028324219472356,0.425597080161554,0.5136516484708494,0.4989758870859611,0.44856783711180553,0.4568628326771802,0.41730208459619095,0.4345301523088824,0.43835861180058133,0.40007401688349936,0.39114094473618255,0.4243209269976582,0.44282514787424554,0.49131896810255166,0.483023972537177,0.48812858519279484,0.4785574364635244,0.48110974279132745,0.4626055219147402,0.4536724497674234,0.4007120934654531,0.38731248524447204,0.40709285928496675,0.43644438205473185,0.4243209269976582,0.4613293687508328,0.4358063054727782,0.42049246750594776,0.4090070890308278,0.41283554852252674,0.39177902131813624,0.41602593143228356,0.465795904824497,0.4989758870859611,0.49131896810255166,0.45494860293131917,0.43325399914497503,0.4402728415464424,0.45175822002156235,0.4689862877342538,0.4243209269976582,0.43070169281717197,0.44154899471033815,0.4945093510123085,0.5219466440362126,0.5544885497157345,0.5264131801098768,0.5219466440362126,0.5723546940103682,0.5512981668059777,0.5615073921172019,0.6042585231079365,0.6674281047211309,0.6840180958518571,0.6106392889274501,0.6278673566401416,0.6553046496640457,0.6980557806547919,0.6470096540986825,0.6502000370084394,0.6591331091557563,0.5079089592332895,0.4989758870859611,0.5953254509606196,0.5940492977967239,0.5902208383050134,0.6234008205664774
2015-12-03,0.0,0.04749992083346528,0.13996643338927997,0.13806643655593448,0.06016656638905602,0.05193324677792664,0.050033249944581124,0.05066658222236297,-0.20519965800056772,-0.17353304411159085,-0.08233319611133981,-0.09373317711136687,-0.16023306627821826,-0.1285664523892414,-0.12603312327812555,-0.12286646188922788,-0.12159979733367572,-0.13553310744481864,-0.1298331169448051,-0.10133316444472594,-0.10639982266695762,-0.09119984800025104,-0.12159979733367572,-0.13046644922258693,-0.10323316127805993,-0.06143323094461969,0.001899996833334003,-0.0462332562779016,-0.04939991766679928,-0.05446657588904248,-0.1025998290002896,-0.11273314544475298,-0.09499984166693055,-0.0854998575002375,-0.03293327844454053,-0.05573324044459465,-0.06143323094461969,-0.1076664872225213,-0.1076664872225213,-0.11969980050033019,-0.1317331137781391,-0.12096646505589388,-0.14313309477817768,-0.15643307261155026,-0.15579974033376842,-0.16529972450046146,-0.16403305994489778,-0.1950663415560928,-0.17543304094493636,-0.16719972133379546,-0.1076664872225213,-0.11336647772253483,-0.09119984800025104,-0.019633300611167952,0.010766648722256737,0.03229994616675869,0.04433325944456759,0.011399981000027058,0.008866651888911215,0.04939991766679928,0.07283321194464676,0.048133253111247117,0.015199974666706584,-0.05319991133347881,-0.0012666645555636821,-0.05066658222236297,-0.11146648088920083,-0.1678330536115773,-0.1298331169448051,-0.2039329934450155,-0.4072326546122377,-0.5218657968903362,-0.4800658665568845,-0.462332562779062,-0.464232559612396
2015-12-10,0.0,-0.19693926288447558,-0.19366784655749097,-0.2741446882013075,-0.2577876065663845,-0.29246461963241654,-0.3369558816794143,-0.20479066206923152,-0.08963680735937103,-0.2074077951308168,-0.17207649879938544,-0.18777929716890918,-0.16684223267621484,-0.1373994857333534,-0.18647073063812247,-0.2080620783962161,-0.2296534261543216,-0.24797335758543065,-0.24601050778924466,-0.2826503706514627,-0.28461322044766063,-0.2963903192248004,-0.29246461963241654,-0.4089270408730756,-0.41612415679244413,-0.2963903192248004,-0.25451619023939986,-0.23030770941970904,-0.21983917717336784,-0.1387080522641401,-0.11580813797524786,-0.019628497961907628,-0.0641197600088935,-0.17142221553398615,-0.15899083349144705,-0.15833655022604773,-0.18712501390352176,-0.19039643023050637,-0.08898252409398363,-0.10926530532127866,-0.11646242124064717,-0.10795673879049196,-0.03271416326984605,-0.05430551102793968,-0.07720542531683192,-0.08767395756318504,-0.04710839510857116,-0.039256995923815256,-0.05495979429333898,-0.10861102205589127,-0.09029109062477034,-0.08243969144001442,-0.18647073063812247,-0.2146049110501853,-0.09748820654413885,0.2610590228933691,0.23685054207369013,0.2728361216705208,0.195630696353677,0.14459660165272192,0.16029940002224563,0.24470194125844605,0.19170499676130498,0.17796504818796727,0.16880508247241274,0.19955639594606087,0.25451619023939986,0.32714163269846047,0.2839589371822613,0.3402272980063989,0.45538115271625934,0.5424008270140451,0.5018352645594432,0.4782810670051516,0.5064152474172144
2015-12-17,0.0,-0.13370530835787442,0.039211652931876916,-0.10156460923338706,-0.10992119100574908,-0.26162529087333175,-0.29183754805034284,-0.1947726366944004,-0.17741665916717256,-0.14141907614774438,-0.2031292184667624,-0.24362649936361183,-0.3599758301942584,-0.34197703868455015,-0.29569443194528366,-0.21212861422161655,-0.26483936078578046,-0.2622681048558238,-0.27833845441806754,-0.2487690112235368,-0.2802668963655321,-0.3310492009822198,-0.49882365041204607,-0.49432395253461314,-0.5219649537816794,-0.5007520923595107,-0.45575511358522836,-0.4461129038478821,-0.37154648187908085,-0.3471195505444634,-0.37154648187908085,-0.37090366789658874,-0.35611894629931756,-0.45061260172531503,-0.46218325341012584,-0.40818687888098937,-0.37540336577400996,-0.3381201547896093,-0.3599758301942584,-0.40432999498604855,-0.41075813481094603,-0.3869740174588324,-0.42104315853078433,-0.45125541570780714,-0.45575511358522836,-0.4377563220755202,-0.4293997403031581,-0.4293997403031581,-0.3265495031047986,-0.3124075954900194,-0.293123176015327,-0.24555494131108807,-0.27641001247059127,-0.2404124294511631,-0.12727716853297696,-0.10156460923338706,0.09963616728591079,0.09449365542598581,0.32654950310478686,0.3188357353149169,0.44932697376033087,0.49432395253461314,0.4608976254451416,0.45446948562024414,0.5341784194489821,0.5631050486610208,0.6138873532777085,0.6595271460344829,0.6016738876104056,0.6081020274353031,0.7122378925986351,0.8247303395343408,0.8671560623786665,0.8350153632541792,0.7392360798632092
2015-12-24,0.0,-0.11560767075951006,-0.0539925934865876,-0.15816653856658963,-0.16261298744196026,-0.1448271919404892,-0.2223224437683019,-0.22041682282170952,-0.1721410921748875,-0.1880212667297662,-0.1721410921748875,-0.15181446874463814,-0.11560767075951006,-0.06669673313049057,-0.10544435904439693,-0.10163311715122372,-0.06352069821951482,-0.1105260149019535,-0.13783991513634025,-0.14038074306513007,-0.1067147730087803,-0.12005411963488073,-0.09972749620463135,-0.10862039395537267,-0.12577098247463475,-0.14355677797610583,-0.1607073664953679,-0.14419198495829172,-0.13085263833220287,-0.12386536152805391,-0.14355677797610583,-0.1568961246021947,-0.17150588519269003,-0.1708706782104926,-0.14927364081585984,-0.22994492755463677,-0.23312096246561248,-0.2146999599819555,-0.20263102732025,-0.18992688767634705,-0.16515381537073856,-0.16388340140634364,-0.20517185524902828,-0.20326623430244745,-0.16134257347756537,-0.14292157099390837,-0.1543552966734164,-0.15117926176244068,-0.1505440547802432,-0.15117926176244068,-0.14736801986926748,-0.15753133158439217,-0.11433725679512668,-0.10925560093755858,-0.16261298744196026,-0.24646030909171293,-0.28647834897001423,-0.3385653215100094,-0.4554434062339144,-0.3849354312102622,-0.33602449358123115,-0.3277668028126988,-0.288383969916595,-0.27377420932611124,-0.2509067579670836,-0.24646030909171293,-0.24963634400268866,-0.2197816158395236,-0.19310292258732278,-0.24264906719853974,-0.2655165185575674,-0.2229576507504994,-0.18611564578317383,-0.10353873809780456,-0.13593429418975944
2015-12-31,0.0,-0.0006330997195276115,0.030388786537774475,-0.006330997195368243,-0.059511373636459176,-0.06457617139274917,-0.07977056466163064,-0.012661994390736486,0.02405778934240623,0.01835989186657712,0.050647977562945944,0.029755686818235347,0.029122587098696216,0.01835989186657712,-0.013295094110264097,-0.0183598918665656,-0.006330997195368243,0.0259570885010121,0.03988528233082684,0.11332484979710077,0.09813045652820776,0.09939665596728602,0.10129595512589189,0.14308053661532458,0.15954112932328432,0.18169961950707317,0.15510943128652194,0.15384323184745521,0.1639728273600467,0.18359891866567904,0.18549821782429643,0.17600172203124406,0.18359891866567904,0.19056301558058641,0.17283622343355992,0.17030382455541496,0.15321013212791607,0.1405481377371796,0.119655846992469,0.11205865035802251,0.10572765316265427,0.10509455344311514,0.1095262514798775,0.12028894671199661,0.11205865035802251,0.10256215456497014,0.023424689622867104,0.041151481769893576,0.05001487784341833,0.08293606325932629,0.10002975568682514,0.09623115736960189,0.10699385260173251,0.1038283540040484,0.1361164397004172,0.20132571081271705,0.21145530632530854,0.19942641165409963,0.19372851417827053,0.2057574088494679,0.2475419903389006,0.2557722866928862,0.3095857628535163,0.2323475970700191,0.21335460548391438,0.21018910688623027,0.28426177407204334,0.2741321785594518,0.29565756902370155,0.4507670003102235,0.5805524428152724,0.6293011212196126,0.5444657588016688,0.5514298557165762,0.5299044652523266
2016-01-07,0.0,-0.043199654402767164,0.0641449413859306,-0.019636206546711263,-0.19178028393954188,-0.20159838721289752,-0.19570752524888652,-0.09098109033309314,-0.1407261469180974,-0.09949011316999659,-0.08770838924197459,-0.16167143390124894,-0.18261672088441236,-0.26574332859882815,-0.33447005151231757,-0.3436336145674471,-0.3475608558767917,-0.2205800535413827,-0.14923516975500084,-0.13090804364474176,-0.1295989632082896,-0.12370810124427858,-0.23301631768764272,-0.2965067188553353,-0.3135247645291541,-0.31745200583849875,-0.3213792471478434,-0.3259610286754022,-0.5543955648354743,-0.49417786475890013,-0.5386865995981076,-0.5380320593798815,-0.6165768855667265,-0.5642136681088299,-0.6774491258615386,-0.75795757270305,-0.6722128041157418,-0.6041406214204784,-0.5903952768377783,-0.6499584366961381,-0.6250859084036419,-0.6604310801877198,-0.6630492410606122,-0.6460311953867934,-0.6087224029480491,-0.5746863116004116,-0.5419593006892262,-0.6224677475307494,-0.6715582638975276,-0.6349040116769975,-0.6198495866578451,-0.6447221149503531,-0.6663219421517308,-0.6650128617152905,-0.607413322511597,-0.5838498746555411,-0.5511228637443556,-0.638176712768116,-0.7271941824465428,-0.6964307921900238,-0.6250859084036419,-0.6761400454250864,-0.7645029748852871,-0.7573030324848239,-0.8489386630361431,-0.9373015924963437,-0.9229017076954295,-0.9431924544603667,-0.9543196381701625,-0.8980291794029214,-0.8175207325614099,-0.9209380870407511,-1.064936935049967,-1.0695187165775377,-0.9916284306089188
2016-01-14,0.0,-0.11204293861120918,-0.0382422006038291,0.30191211003019125,0.27373364642736847,0.3770546796377104,0.30191211003019125,0.22207312982220978,0.21268030862127293,0.08453539080845597,0.032203958403215514,0.12143575981214602,0.31533042603153305,0.33411606843340674,0.33076148943307127,0.31801408923179897,0.4146259644414578,0.5863804092586357,0.5494800402549456,0.6434082522643384,0.6997651794699716,0.7755786648775603,0.7017779268701803,0.7131834954713135,0.798389802079839,0.9560550150956054,0.8594431398859468,0.8627977188862821,1.005702784300568,0.9875880576987637,1.009728279100973,0.9023817510902381,0.9386112042938587,0.967460583696751,1.009728279100973,1.1318349547131883,1.1365313653136506,1.2042938611204292,1.239181482723923,1.2505870513250563,1.2398523985239802,1.2425360617242585,1.1667225763166698,1.1868500503186825,1.4511908755451142,1.505535055350551,1.6330090573632983,1.6524656155652417,1.5954377725595388,1.5994632673599438,1.7235826903723557,1.7235826903723557,1.562562898356254,1.6383763837638425,1.2116739349211698,1.2143575981214358,1.3351224421335124,1.4270379067427086,1.3478698423347846,1.3190204629319044,1.204964776920499,1.068768869506872,1.0191211003019098,0.9171418986917191,0.8319355920831936,0.9030526668903077,0.9741697416974218,1.0271720899027197,1.0566923851056693,0.9889298892988906,1.0258302583025805,1.0902381751090238,1.1345186179134543,1.0546796377054728,1.1083529017108402
2016-01-21,0.0,0.006102812040179933,0.13087141375032102,-0.1335837746570485,-0.16138547395115901,-0.3973608728377299,-0.6082469333369425,-0.545862632481878,-0.5539997152020975,-0.42923111349195636,-0.526876106134675,-0.5845137754029477,-0.673343595098759,-0.6577475198849959,-0.5750205122293522,-0.6475761664847125,-0.8882981969580872,-0.998826903907829,-1.0266286032019396,-0.9072847233052781,-0.7804818509150729,-0.8245577156496345,-0.8510032344903813,-0.8869420165047113,-0.8747363924243761,-0.9174560767055615,-1.091047174737068,-1.2083567839536655,-1.2232747689407528,-1.2788781675289618,-1.3236321224902112,-1.4639967994141276,-1.3514338217843218,-1.2809124382090258,-1.2748096261688582,-1.384660242891912,-1.4267018369464217,-1.348043370650894,-1.2985427841028527,-1.3765231601716925,-1.455859716693896,-1.461284438507388,-1.362283265411293,-1.4924765889349139,-1.5304496416293079,-1.5758816868172456,-1.5250249198158283,-1.6497935215259694,-1.6735266794599641,-1.5724912356838177,-1.5107850250554289,-1.3697422579048368,-1.0808758213367846,-1.0462932197758184,-1.0252724227485637,-0.8428661517701497,-1.0740949190699292,-0.9791622873339503,-0.9974707234544531,-0.9235588887457291,-1.2266652200741806,-1.2158157764472093,-1.2300556712076085,-1.256501190048343,-1.3609270849579171,-1.2422612952879437,-1.1927607087399026,-1.2592135509550828,-1.1988635207800702,-1.2090348741803536,-1.3900849647054037,-1.440941731706821,-1.461284438507388,-1.400934408332363,-1.3338034758904946
2016-01-28,0.0,0.29677993767621313,0.29340743838443795,0.2880114395176026,0.23607495042426044,0.23202795127414008,0.31971293286029395,0.27856844150063464,0.275870442067217,0.25226294702479096,0.15243696798823916,0.14973896855482152,0.20707145651499906,0.22056145368209965,0.274521442350502,0.351414426202973,0.38311591954566426,0.34534392747778014,0.37030042223692117,0.3399479286109448,0.34466942761942265,0.35343792577804545,0.38513941912072447,0.3723239218119814,0.36557892322843105,0.34601842733613764,0.3203874327186391,0.29812893739292806,0.29677993767621313,0.3210619325769966,0.3257834315854867,0.2873369396592451,0.24484344858288318,0.23135345141578256,0.2306789515574251,0.20302445736486643,0.14501746954633138,0.1571584669967293,0.1854874610476332,0.20639695665664154,0.20234995750650894,0.23809844999933288,0.22932995184071012,0.23742395014097536,0.3028504364014182,0.29408193824279544,0.2711489430587269,0.28531344008418497,0.2859879399425424,0.34399492776106516,0.43909940778912687,0.4161664126050583,0.39862941628782506,0.45258940495622746,0.514643391924895,0.4930593964575293,0.549042884701004,0.5402743865423814,0.5355528875339035,0.5449958855508714,0.6414493652956358,0.6542648626043789,0.4930593964575293,0.5645563814431648,0.5085728931997022,0.5105963927747624,0.4721499008485209,0.4869888977323364,0.5605093822930323,0.22191045339881463,0.10050047889490926,0.10994347691187722,0.05733248796017753,0.08633598186945118,0.09442998016970416
2016-02-04,0.0,0.07218560470623649,0.040477909181064434,0.09107529565739497,0.0742095001652848,0.14032341849436406,0.017540427311797044,-0.02226285004958053,-0.02226285004958053,0.039128645541702985,-0.07286023652591107,-0.14706973669119586,-0.146395104871509,-0.3049335824973447,-0.262431777857232,-0.3137037961532494,-0.3892625599578956,-0.27255125515249806,-0.22195386867616754,-0.19901638680690012,-0.10052014113297422,-0.029683800066111467,-0.07893192290306829,-0.12008446390381958,-0.06071686377159666,-0.043851068279486476,-0.06341539105033182,-0.035755486443268675,0.006746318196844073,0.03103306370548519,0.06139149559128351,0.08230508200150259,0.008095581836217796,0.0883767683786598,0.1598877412652094,0.12413225482192848,0.10254403659203482,0.11671130480540982,0.1565145821667874,0.23072408233207217,0.23814503234860313,0.26917809605407605,0.4243434145814897,0.42569267822086343,0.47224227377908506,0.4945051238286779,0.40815225090906637,0.42366878276181513,0.3110052688745142,0.3076321097760922,0.27052735969344976,0.2745751506115587,0.11940983208414499,-0.11738593662508441,-0.06139149559128351,-0.19429396406910437,-0.03238232734484664,0.04250180464012502,0.08702750473928608,0.07960655472276743,0.0843289774605509,-0.024961377328315704,0.033731590984220364,-0.12885467755972424,-0.18282522313447683,-0.42231951912244137,-0.6031208467978577,-0.5774848376498551,-0.514069446599511,-0.5221650284357288,-0.31640232343198454,-0.2118343913809014,-0.1072664593298183,-0.0782572910833937,0.01079410911495297
2016-02-11,0.0,0.06766371829570376,0.12695666731771887,0.03208794888250484,0.12904935963615055,-0.06626859008342866,-0.19252769329501634,-0.1325371801668573,-0.18206423170289604,-0.20717653952398732,-0.28460615530568023,-0.34878205307067717,-0.23926448840649217,-0.30204525795921405,-0.28530371941181143,-0.21764000111610765,-0.11719076983175514,-0.16253243673094317,-0.1590446162002364,-0.18276179580903992,-0.24135718072491116,-0.28948910404866207,-0.3250648734618737,-0.32646000167416145,-0.33134295041714334,-0.31390384776360947,-0.47155333575155806,-0.4178408995786687,-0.40877256619883623,-0.382962694271601,-0.474343592176121,-0.548982951533251,-0.5273584642428665,-0.5441000027902565,-0.5706074388236355,-0.5747928234604734,-0.48410948966209744,-0.5085242333770448,-0.4959680794665055,-0.49038756661737976,-0.47922654091911554,-0.5399146181534057,-0.5671196182929287,-0.596417310750858,-0.5329389770919922,-0.7359301319791288,-0.7903401322581622,-0.8154524400792408,-0.7317447473422782,-0.7324423114484221,-0.7533692346326627,-0.8196378247160914,-1.0212338513909403,-1.084014620943662,-1.2479421858868804,-1.4704651357459826,-1.4620943664722812,-1.2946789809983563,-1.5674265464996284,-1.697871034348054,-1.6483439828120279,-1.8897011635369265,-1.9113256508273109,-2.173609754736463,-2.2866151399313672,-2.389157063534139,-2.5691286029186156,-2.491698987136923,-2.627026423728343,-2.846061553056726,-2.853734758224283,-2.417757191885937,-2.6932950138117717,-2.892798348168202,-2.896286168698908
2016-02-18,0.0,0.047372234297505235,0.10380092515186727,0.2870200078024907,0.2159616563562392,0.26542384216686427,0.35668505823998725,0.2988630663768575,0.16789277155436913,0.032045923201250937,0.17276932508499895,0.06130524438500454,0.12191383826561891,0.03622582622750326,0.05991194337624954,0.11494733322186924,0.11285738170874944,0.15395976146686985,0.19366884021624792,0.2431310260268603,0.3037396199074874,0.31906593100374164,0.38176447639748856,0.2821434542718609,0.19227553920749293,0.13027364431812355,-0.19854539374686508,-0.1302736443181109,-0.07175500195061635,-0.1226104887699964,-0.27030039569748143,-0.25149083207936496,-0.2967731148637377,-0.16649947054561415,-0.09892437162123745,-0.17485927659811878,-0.28005350275872837,-0.3761912723624812,-0.4458563227999778,-0.40754054505935466,-0.2640305411581093,-0.28771665830685555,-0.1873989856768631,-0.14211670289249037,-0.33439224209998325,-0.3329989410912283,-0.2361645209831107,-0.26681714317560656,-0.20829850080811207,-0.24731092905311264,-0.2020286462687399,-0.2117817533299869,-0.29746976536810255,-0.4179903026249791,-0.2856267067937357,-0.3511118542049799,-0.5113414702112219,-0.4953185086106027,-0.5350275873599682,-0.5454773449255926,-0.5259711308030988,-0.6276821044418461,-0.6855040963049632,-0.48695870255809814,-0.3086161734381045,-0.1992420442512426,-0.04249568076687541,0.026472719166256282,-0.05573204034999722,0.02786602017499861,0.1880956361812406,0.23895112300062069,0.07663155548124617,0.04667558379312774,0.00835980605250465
2016-02-25,0.0,0.003565519995436134,-0.00855724798905191,-0.16686633578642146,-0.19325118375264105,-0.014975183980834358,-0.1091049118603535,-0.15830908779736955,-0.14262079981744538,-0.030663471960758533,-0.09199041588226264,-0.014262079981744537,0.08414627189228759,0.07844143989959496,0.09626903987677563,0.0791545438986718,0.06275315191967078,0.017114495978090852,0.04136003194705397,0.11267043185577666,0.0820069598950311,0.0820069598950311,0.09199041588224967,0.08771179188772371,0.06917108791145322,0.10411318386672475,0.1062524958639942,0.13406355182839347,0.15830908779735656,-0.05205659193337534,-0.006417935991795419,-0.17756289577272985,-0.2075132637343856,-0.2638484796622739,-0.345855439557305,-0.45353414341947884,-0.4620913914085307,-0.42714929545325925,-0.4578127674140048,-0.42643619145416944,-0.3430030235609587,-0.2873809116321602,-0.3979120314906804,-0.4221575674596435,-0.3216099035883419,-0.4057561754806424,-0.43927206343773434,-0.559786639283473,-0.473501055393929,-0.5840321752524491,-0.5170003993382395,-0.4913286553711097,-0.30663471960750754,-0.25386502367505537,-0.2210622397170403,-0.4242968794569,-0.4578127674140048,-0.35013406355183097,-0.2781105596440185,-0.25600433567232483,-0.3159050715956493,-0.33872439956643274,-0.38721547150437197,-0.3793713275144099,-0.2845284956358139,-0.1832677277654225,-0.34942095955274116,-0.34371612756004855,-0.5547949112898702,-0.6803012151292248,-0.7152433110844963,-0.6517770551657357,-0.6638998231502108,-0.5483769752980878,-0.5483769752980878
2016-03-03,0.0,0.0006742724600180962,0.18205356420422364,0.13485449200312863,0.0640558837014861,0.006742724600156431,-0.08023842274185909,-0.12339186018285779,-0.04450198236102264,0.036410712840854544,0.06742724600156431,0.1544083933435921,0.06270733878146217,0.1287860398629903,0.18137929174421782,0.19823610324460889,0.25959489710602257,0.2778002535264499,0.2568978072659625,0.2636405318661189,0.2757774361464078,0.23262399870539688,0.2818458882865462,0.29195997518678085,0.3384847749278578,0.3249993257275449,0.3344391401677615,0.26566334924617324,0.1544083933435921,0.06607870108154039,0.16047684548373042,0.11934622542277373,0.13418021954312281,0.21037300752488555,0.20835019014484357,0.24813226528576404,0.24948081020578797,0.24610944790570974,0.28926288534672073,0.3432046821479722,0.3526444965881887,0.4274887396499276,0.36612994578850155,0.3701755805485979,0.4274887396499276,0.5070528899317686,0.5441378752326289,0.5866170402136096,0.5798743156134532,0.6142622110742534,0.6796666396957757,0.49693880303153387,0.3877066645089948,0.3843353022089166,0.48075626399116095,0.5144698869919431,0.4706421770909263,0.49693880303153387,0.5070528899317686,0.5522291447528216,0.5252582463521959,0.5974053995738623,0.5744801359333329,0.6156107559942896,0.606170941554073,0.6297704776546206,0.6027995792539949,0.6466272891550117,0.513795614531925,0.5522291447528216,0.7046147207163471,0.7808075086981221,0.8246352185991389,0.7369797987971053,0.7558594276775384
2016-03-10,0.0,-0.1216884774976013,0.01462921587403399,-0.024603681242678133,-0.10971911905521864,-0.11570379827640997,-0.2580061708692366,-0.21012873709969387,-0.3032237472071521,-0.5412809873390761,-0.5120225555910203,-0.4940685179274343,-0.37703479093519865,-0.3151931056495348,-0.39631875731461036,-0.4395414405787874,-0.3836844345143028,-0.6596446430471254,-0.6875731460793677,-0.6623045004787768,-0.6722789658474331,-0.7866528354080172,-0.7347856154910096,-0.7022023619534018,-0.6656293222683288,-0.6682891796999681,-0.7201563996169758,-0.7520746887966829,-0.6955527183742977,-0.6004628151931009,-0.6257314607937039,-0.5878284923928053,-0.5532503457814588,-0.5871635280348925,-0.6543249281838469,-0.7135067560378716,-0.849159485051594,-0.8890573465262188,-0.8937120970315966,-0.8996967762527881,-0.8458346632620419,-0.8391850196829377,-0.8511543781253326,-0.9050164911160787,-0.954223853601447,-0.8212309820193638,-0.7288009362698183,-0.7587243323757871,-0.697547611448024,-0.6662942866262296,-0.6363708905202609,-0.6383657835939993,-0.7035322906692153,-0.7055271837429539,-0.5499255239919068,-0.46215022874773914,-0.4541706564528093,-0.44087136929460097,-0.3225077135865518,-0.332482178955208,-0.491408660495795,-0.5625598467922144,-0.5080327694435555,-0.42092243855728856,-0.3876742206617677,-0.36307053941908957,-0.48808383870624295,-0.48808383870624295,-0.48808383870624295,-0.4328917969996833,-0.3750398978614722,-0.5266517714650423,-0.5299765932545943,-0.47810937333758674,-0.49739333971698635
2016-03-17,0.0,0.17929802507526127,0.11975255549307197,0.1495252902841666,0.2262727844123241,0.28780310298058154,0.27787885805021667,0.2256111680836307,0.10255053094710377,0.12769195143735665,0.14026266168249513,0.13960104535380172,0.03903536339276613,-0.01455555923120664,-0.07476264514207728,-0.07939395944291906,-0.2017929802507526,-0.1488636739554732,-0.08270204108637401,-0.03771213073539136,-0.10519699626186535,-0.09858083297495542,-0.0344040490919364,-0.058222236924802495,-0.05226768996658597,-0.04697475933706285,0.0026464653147615616,0.02778788580502648,0.046313143008369445,0.08931820437328393,0.10519699626186535,0.10255053094710377,0.0006616163286933991,-0.08799497171589712,-0.04432829402230129,-0.038373747064072726,-0.060868702239576085,-0.05491415528134753,-0.04565152667967605,-0.009924244930364883,-0.03903536339276613,-0.0324192001058562,-0.031095967448481445,-0.05689900426742773,-0.023156571504184723,0.04234344503622109,0.03572728174931117,-0.003308081643454961,-0.04498991035098265,-0.036388898078004564,0.01124747758775168,0.03771213073539136,0.06351516755433764,0.0939495186741257,0.08137880842898722,0.04432829402230129,0.060868702239576085,0.06814648185516738,0.08931820437328393,-0.050944457309211204,-0.2256111680836307,-0.0919646696880455,-0.12703033510867529,-0.27258592742069354,-0.15349498825631497,-0.3407324092758609,-0.423434450362235,-0.4373283932647482,-0.4154950544179382,-0.43600516060736144,-0.4260809156769965,-0.5815607529193797,-0.7251314962453298,-0.9944093420225564,-1.0281517747857993
2016-03-31,0.0,0.1934811727935681,0.19218698434678366,0.1624206500708474,0.17212706342169543,0.11000601797627751,0.15465551939017602,0.2782505160576431,0.28666274096170674,0.46720202928747745,0.4018455127250985,0.46720202928747745,0.5228521324990084,0.5306172631796916,0.5189695671586668,0.4464950141390088,0.461378181276971,0.4406711661284905,0.4270821874373127,0.4342002238945919,0.5183224729352747,0.5124986249247682,0.5539126552217174,0.5830318952742614,0.5338527342966409,0.5435591476474889,0.4639665581705281,0.4251409047671361,0.350077974853909,0.3927861935976427,0.4141403029695154,0.45684852171323725,0.4510246737027308,0.4497304852559581,0.386315251363744,0.3869623455871362,0.3791972149064531,0.381785591800022,0.32937095970544034,0.33648899616273126,0.36043148242814926,0.3578431055345922,0.3727262726725544,0.36172567087493374,0.316429075237643,0.22389460129288485,0.22583588396306148,0.17277415764508763,0.251072558675264,0.24524871066475754,0.3416657499498455,0.24330742799458085,0.24913127600509907,0.30542847344001056,0.3850210629169713,0.3727262726725544,0.3507250690773013,0.38955072248069333,0.3804914033532375,0.4510246737027308,0.4639665581705281,0.21354109371865634,0.19153989012339143,0.042708218743721854,-0.17600962876204873,-0.17018578075154228,-0.1287717504545931,-0.200599209250859,-0.31772326368442744,-0.25819059513256665,0.015530261361354472,0.03364889961626606,0.06665070500915167,0.11324148909322684,0.24201323954780818
2016-04-07,0.0,-0.02634768403857301,0.07048005480317561,-0.013173842019286505,-0.3010222901407014,-0.43012594192971154,-0.4847973863097457,-0.35174158191494725,-0.3938978763766737,-0.4070717183959602,-0.5598882858196764,-0.5671338989302864,-0.6389313379353955,-0.6106075775939344,-0.4801865416029906,-0.46174316277599436,-0.46174316277599436,-0.39785002898245003,-0.31683090056384283,-0.18772724877483268,-0.2035358591979741,-0.26874637719345185,-0.26874637719345185,-0.30892659535226613,-0.3240765136744528,-0.24766822996258867,-0.2582073035780203,-0.23844654054909054,-0.03029983664436136,-0.007245613110609974,0.03293460504821626,0.028323760341461193,0.009221689413498156,-0.06652790219739925,-0.12119934657743345,-0.08826474152921718,-0.029641144543394636,-0.0342519892501497,-0.07245613110607578,-0.21012278020761735,-0.2964114454339464,-0.2990462138378012,-0.24437476945776707,-0.19958370659219773,-0.11131896506296857,-0.04149760236075968,-0.1482057227169732,-0.20024239869315244,-0.20287716709701933,-0.2806028350108049,-0.2845549876165933,-0.3076092111503447,-0.2937766770300914,-0.16533171734204802,-0.14491226221215156,-0.21407493281340567,-0.12383411498130034,-0.17718817515940108,-0.17191863835169127,-0.18706855667386596,-0.23185961953944728,-0.22527269852980403,-0.31222005585708773,-0.3155135163619094,-0.27335722190019496,-0.26808768509248515,-0.28916583232333637,-0.498629920429999,-0.532223217579182,-0.5170732992569953,-0.5862359698582494,-0.6922853981135082,-0.7212678505559361,-0.6560573325604703,-0.6626442535701136
2016-04-21,0.0,0.1470523544087404,0.07666832152933763,0.0816957524493015,0.10117704726412578,0.19921195020328988,0.1929276615533436,0.1740747956035048,0.1187730554839822,0.12254362867395224,0.16779050695355854,0.15459350078866907,-0.05278802465955781,-0.14768078327373732,-0.04021944735966527,-0.22434910480308637,-0.330553582987176,-0.29473313768248915,-0.24948625940287147,-0.21115209863819692,-0.23251868004801196,-0.29159099335751604,-0.19418451928334884,-0.22183538934311015,-0.22372067593808947,-0.19229923268835813,-0.18287279971343873,-0.18538651517341495,-0.18538651517341495,-0.1740747956035162,-0.14893764100373116,-0.1451670678137611,-0.1809875131184594,-0.20549623885324758,-0.26519698102773714,-0.25639897691781466,-0.28593513357255523,-0.2909625644925191,-0.35946131077693116,-0.34060844482709235,-0.2997605686024416,-0.30981543044235793,-0.39779547154160566,-0.3896258962966687,-0.36700245715687124,-0.31358600363232797,-0.2532568325928415,-0.2746234140026565,-0.2633116944327578,-0.28593513357255523,-0.29724685314246535,-0.2727381274076772,-0.28342141811257904,-0.27839398719262654,-0.24697254394289522,-0.25011468826786837,-0.2155511006931639,-0.27399498513765963,-0.34689273347703864,-0.34060844482709235,-0.32866829639219675,-0.2815361315175997,-0.27085284081268646,-0.30164585519742093,-0.31421443249731346,-0.59260841968994,-0.9049375655922627,-0.8552916852576895,-0.7277206256637848,-0.7176657638238685,-0.6120897145047758,-0.4870323703708358,-0.5366782507054205,-0.6328278670495939,-0.7547430668585492
2016-04-28,0.0,0.16394060450742673,0.22109997236250803,0.19660310042461931,0.17461872817266585,0.20665309916836033,0.21670309791211279,0.21544684806915085,0.2864249641968818,0.28265621466797314,0.31531871058516575,0.29710308786212086,0.29835933770508277,0.24999371875079202,0.23114997110626048,0.15451873068516095,0.16770935403633533,0.11871561016054645,0.09044998869374914,-0.0025124996859352544,0.005653124293357179,0.028893746388283986,-0.21544684806913944,-0.36494057938242985,-0.35991558001054796,-0.5156905605386822,-0.6494811688148516,-0.5772468028441473,-0.5175749353031308,-0.5571468053566425,-0.5295093088113318,-0.4277530715308684,-0.4440843194894532,-0.44157181980351795,-0.45978744252656284,-0.48114368985704103,-0.5684530539433683,-0.6595311675586041,-0.6953342880832072,-0.8083967739503964,-0.77133740358282,-0.810909273636343,-0.8316373960453233,-0.7958342755207088,-0.6293811713273467,-0.5998593000175875,-0.7386749076656388,-0.7487249064093798,-0.7198311600211074,-0.7374186578226656,-0.7336499082937569,-0.8027436496570393,-0.8473405190824328,-0.8146780231652403,-0.8184467726941489,-0.7663124042109495,-0.7663124042109495,-0.7769905278761772,-0.9340217582472734,-1.0546217431722797,-0.9892967513379061,-1.1362779829652498,-1.1494686063164241,-1.1186904851636916,-1.1036154870480572,-1.1802467274691568,-1.177106102861735,-1.192181100977358,-1.118062360242205,-1.372452953443381,-1.442802944649625,-1.4949373131328358,-1.5740810532398706,-1.5389060576367428,-1.4465716941785338
2016-05-05,0.0,-0.12554927809164862,-0.03494670627293142,-0.06018599413672634,-0.03624102872748923,0.02523928786378315,-0.1423754700008413,-0.0226506429546793,-0.015531869454634879,0.0025886449091038514,-0.0627746390458302,-0.06018599413672634,-0.041418318545696935,0.032358061363827566,0.07248205745496669,0.10807592495517702,0.06342180027309734,0.04918425327302026,-0.024592126636516016,0.0006471612272789057,-0.0912497330459961,-0.10419295759152712,-0.024592126636516016,0.019414836818296543,0.04853709204574135,0.07054057377314175,0.07636502481862835,0.06989341254586284,0.11195889231883868,0.06212747781855129,0.10095715145514436,0.14884708227360682,0.15984882313730114,0.14625843736450297,0.1423754700008413,0.2090330764103214,0.25433436231968,0.20773875395577535,0.2155046886830869,0.13266805159169304,0.1410811475462835,0.055655865545785776,0.0498314145002874,-0.1935012069556865,-0.11907766581888311,-0.06406896150037623,-0.12749076177348534,-0.08866108813689225,-0.15337721086454736,-0.2465684275923684,-0.17214488645556503,-0.1643789517282417,-0.10160431268242329,-0.09836850654604053,-0.043359802227533654,-0.06601044518221295,-0.003235806136382757,0.22844791322861793,0.25757016845606273,0.5280835614576683,0.45495434277541097,0.37664783427494586,0.3960626710932424,0.38311944654771135,0.42130195895703726,0.4452469243662626,0.5287307226849354,0.5242005940940067,0.5151403369121373,0.12554927809164862,0.03947683486387199,0.04206547977297584,0.06665760640948008,0.03494670627293142,0.04335980222752188
2016-05-12,0.0,0.02350265834122511,0.10290353111561865,0.282667107076841,0.4135197454090438,0.437022403750269,0.4217774361775762,0.42749429901734176,0.38112418931708897,0.3735017055307541,0.40399164067611665,0.2985472816317197,0.27567983027269205,0.22867451359025337,0.19246771560513687,0.18357481785439556,0.25852924175343,0.2121591320531772,0.2121591320531772,0.21724078791074533,0.18484523181879045,0.2064422692134232,0.2197816158395236,0.22105202980391855,0.2343913764300074,0.2623404836466032,0.2166055809285479,0.24328427418074872,0.31188662825782015,0.3252259748839205,0.3353892865990452,0.32141473299074735,0.29600645370294143,0.29791207464952224,0.28393752104123593,0.2820319000946435,0.27504462329050616,0.2267688926436726,0.24264906719855128,0.1181484986882999,0.10734997999097776,0.11624287774171908,0.09401063336488888,0.05081655857561186,-0.03239555609195487,-0.269962967432938,-0.1950085435339036,-0.12323015454585647,-0.10353873809780456,0.015880174554878706,0.07431921691683697,0.14355677797610583,0.0959162543114697,0.09782187525805051,0.02350265834122511,0.03684200496732554,0.11179642886634841,0.13847512211854926,0.18865647371196367,0.2115239250709913,0.23502658341220486,0.24391948116293463,0.1708706782104926,0.21088871808879386,0.3207795260085499,0.269962967432938,0.27377420932611124,0.2928304187919657,0.2578940347712325,0.27567983027269205,0.3023585235248929,0.325861181866118,0.325861181866118,0.40526205464051157,0.4046268476583141
2016-05-19,0.0,-0.1345611775059651,-0.03953930334298896,-0.16070813616826352,-0.15369309847837687,-0.10713875744551286,-0.05229391732459681,0.002550922796319249,-0.07206356899609129,-0.07588995319056437,-0.10458783464918202,-0.08099179878321446,-0.12180656352435726,-0.12563294771884193,-0.17920232644159256,-0.11734244863078987,-0.04209022613930821,-0.016580998176092522,0.02742242006045223,0.08545591367677025,0.12818387051516117,-0.013392344680690558,-0.04017703404207167,-0.032524265653102326,0.034437457750338865,0.06632399270435849,0.05356937872275063,0.05675803221815259,0.09948598905654353,0.09055775926940875,0.082904990880451,0.0624976085098738,0.005101845592638498,0.00573957629172121,-0.011479152583454022,0.0070150376898866365,0.034437457750338865,0.03316199635217344,-0.018494190273329054,-0.05356937872275063,-0.15241763708021144,-0.1562440212746961,-0.20024743951124085,-0.4164381464995031,-0.4317436832774303,-0.36159330637858705,-0.3590423835822678,-0.3220540030355981,-0.30037115926686714,-0.17473821154802516,-0.1766514036452733,-0.1913192097241177,-0.08736910577401838,-0.11670471793171874,-0.0988482583574608,-0.10650102674643015,-0.1460403300894075,-0.190681479025035,-0.2015229009094063,-0.3800874966519161,-0.5777840133668378,-0.5082713671670773,-0.5529125161027048,-0.5631162072879934,-0.47319617871765574,-0.6237006237006306,-0.7353034960396994,-0.6836473094141853,-0.742956264428657,-0.7888728747624499,-0.7110697294746374,-0.7199979592617607,-0.764639108197388,-0.8316008316008292,-0.933637743453692
2016-05-26,0.0,-0.10681948136000051,0.061578289254583946,0.046497891886115576,0.11624472971529466,0.15080397368470658,0.13698027609693725,0.1099612308117652,0.12315657850916789,0.1991869152418764,0.1275550277416431,0.1149880299345842,0.1677694207242292,0.18913331699622704,0.22117916140422947,0.2475698567990577,0.20484206425505064,0.2142673126103448,0.19164671655764795,0.17782301896987862,0.2029570145839964,0.23940130822446257,0.2142673126103448,0.13949367565834675,0.04021439298258614,0.019478846600932125,0.10870453103105476,0.12944007741269734,0.14263542511011146,0.1281833776319983,0.12629832796093263,0.1665127209435302,0.19353176622870222,0.2218075112945847,0.2689337530710555,0.23374615921128833,0.2167807121717657,0.29406774868517327,0.2500832563604672,0.2626502541675261,0.29406774868517327,0.32674194298353093,0.37198313508893605,0.375753234431056,0.3839217830056397,0.4140825777425879,0.41659597730399733,0.45366862083481874,0.5284422577868169,0.6396601883792925,0.6666792336644646,0.6245797910108242,0.6352617391468174,0.6993534279628223,0.7879507625025897,0.7125487756602363,0.7313992723708246,0.7791538640376506,0.8187399071298815,0.8300502051562301,0.8124564082263521,0.7194606244541211,0.6428019378310572,0.6654225338837656,0.8024028099807028,0.8664944987967077,0.8570692504414135,0.8696362482484723,0.9023104425468186,0.9462949348715246,1.2749219275261212,1.3421553657938794,1.4276109508818822,1.4150439530748233,1.4206991020879975
2016-06-02,0.0,0.15813959190177734,0.15568781528314732,0.23046700215142504,0.1863350230160508,0.13791243479806553,-0.01287182724782168,0.004290609082599794,0.07048857778567795,0.04903553237264553,0.04964847652729468,0.0655850245484067,0.055777918073875374,0.07355329855896829,0.11645938938503313,0.11400761276639192,0.11952411015832348,0.1949162411812615,0.09255456735335951,0.023291877877002164,0.015323603866451726,0.05822969469251656,0.013484771402470829,0.07845685179622838,0.07600507517759833,0.08397334918814878,0.04658375575400433,0.0318730960422129,0.0649720803937464,0.055164973919226215,0.08581218165212967,0.0992969530546005,0.08765101411609942,0.05822969469251656,0.08397334918814878,0.10849111537447154,0.11094289199310159,0.12442766339558356,0.09132867904405007,0.07906979595088867,-0.0061294415465806915,0.024517766186322766,0.11094289199310159,0.07294035440430799,0.10665228291050179,0.07723096348690779,0.08765101411609942,0.08642512580677882,0.1054263946011812,0.11339466861174279,0.15507487112848703,0.08519923749746937,0.07723096348690779,0.0649720803937464,0.10236167382789085,0.09745812059063075,0.1342347698701149,0.15139720620053637,0.20349745934647223,0.31689212795821503,0.31689212795821503,0.2819543111427118,0.314440351339585,0.32669923443274634,0.4039301979196653,0.49342004449974564,0.5841357793891354,0.6049758806475186,0.6460431390095914,0.685884509062366,0.7704708024051974,0.7398235946722939,0.7122411077126807,0.6509466922468737,0.6552373013294625
2016-06-09,0.0,-0.026667959658658934,0.05757854926299456,0.059396819239716306,0.04666892940264211,0.027274049650892165,-0.34910783553143293,-0.40365593483321727,-0.3648661753297173,-0.35213828549264314,-0.3448652055857342,-0.3339555857253817,-0.3084998060512113,-0.2788013964313421,-0.2818318463925524,-0.2588004266873589,-0.24243599689681922,-0.17031128782002874,-0.21637412723041557,-0.26364914662529093,-0.2406177269200975,-0.24910298681149498,-0.26061869666408066,-0.26001260667184745,-0.31637897595035347,-0.3351677657098482,-0.3315312257564047,-0.3685027152831608,-0.3757757951900698,-0.3315312257564047,-0.2981962761830921,-0.30425717610551256,-0.2975901861908588,-0.3091058960434445,-0.3097119860356998,-0.3412286656322686,-0.3315312257564047,-0.30001454615981377,-0.28365011636927406,-0.3400164856478022,-0.38729150504267756,-0.3921402249806095,-0.42547517455392214,-0.405474204809939,-0.4169899146625247,-0.454567494181536,-0.4527492242048143,-0.4260812645461554,-0.3963828549263083,-0.42183863460047866,-0.46184057408844503,-0.46123448409621187,-0.4133533747090812,-0.36607835531420585,-0.3612296353762739,-0.3715331652443711,-0.390928044996121,-0.625484871993798,-0.661850271528321,-0.7545820403413499,-0.7824621799844863,-0.6776086113266053,-0.6642746314972979,-0.6460919317300364,-0.6636685415050426,-0.6248787820015648,-0.5873012024825535,-0.5818463925523661,-0.6527589216446902,-0.625484871993798,-0.569118502715292,-0.6273031419705197,-0.6042717222653263,-0.5794220325834112,-0.6273031419705197
2016-06-16,0.0,-0.08340846227912731,-0.07666218959479433,-0.27843707260829076,-0.2913163204602185,-0.2330530563681748,-0.12081961080138919,-0.0815685697288567,-0.12388609838518096,-0.14289832140469216,-0.20974775073135063,-0.6188171944091776,-0.5660736079679569,-0.527435864412185,-0.5121034264932262,-0.4955443935407461,-0.5789528558198846,-0.5795661533366452,-0.6402826074957201,-0.6359895248784071,-0.5789528558198846,-0.7954468792355793,-0.7549692431295256,-0.7525160530624945,-0.8359245153416329,-0.7267575573586503,-0.7561958381630468,-0.8383777054086642,-0.8488037631935607,-0.7604889207803598,-0.8346979203081117,-0.903387242185052,-0.9585840186933039,-0.9236260602380731,-0.8941877794336768,-0.9193329776207715,-0.9303723329224174,-0.8586165234616966,-0.8267250525902577,-0.8481904656768001,-0.7954468792355793,-0.729824044942442,-0.6654278056828149,-0.633536334811376,-0.6740139709174295,-0.6120709217248335,-0.5617805253506439,-0.5390885172305915,-0.5501278725322374,-0.5482879799819669,-0.47898536058826613,-0.5568741452165815,-0.5439948973646539,-0.506583748842392,-0.43421464186491066,-0.38760403059127346,-0.36184553488742927,-0.3606189398539081,-0.33792693173384447,-0.35203277461929333,-0.35387266716956395,-0.3600056423371475,-0.5415417072976227,-0.4979975836077773,-0.49677098857426727,-0.3133950310635103,-0.2900897254266973,-0.28518334529263495,-0.26249133717257134,-0.11775312321759741,-0.10119409026512852,-0.16927011462529695,-0.22692008120059123,-0.18950893267832936,-0.2741439899909779
2016-06-23,0.0,-0.05123857044389349,-0.026229268203434877,-0.01524957453687042,0.03049914907374084,0.0030499149073740838,-0.00731979577770224,0.03049914907374084,0.004879863851794096,-0.10491707281367292,-0.08539761740648544,-0.05062858746242754,-0.025009302240480806,0.017689506462756372,0.01707952348129043,-0.020129438388686707,-0.010979693666564455,-0.031109132055228972,-0.028669200129320827,-0.032939080999648984,-0.07868780461026025,-0.08356766846205434,-0.05123857044389349,-0.021349404351618587,-0.009759727703610383,-0.06709812796224093,-0.04513874062914532,-0.03537901292555713,-0.027449234166366757,-0.06160828112896981,-0.05367850236980164,-0.04635870659209939,-0.0664881449807639,-0.05245853640684756,-0.04574872361061126,-0.02805921714785489,-0.01524957453687042,-0.03049914907374084,-0.018909472425732633,0.021349404351618587,0.061608281128947624,0.22447373718272814,0.2250837201641941,0.24582314153434676,0.23179353296043037,0.17567509866474282,0.1988544519607814,0.22874361805305632,0.21776392438649186,0.16286545605375832,0.18116494549800283,0.19336460512749917,0.20251434984962144,0.1939745881089873,0.23789336277517856,0.2799821884969276,0.2519229713490949,0.260462733089729,0.26412263097859123,0.291571865144958,0.33610062279261516,0.34037050366294336,0.405028699699265,0.6380421986226495,0.654511739122474,0.7386893905659943,0.8582460549350494,0.8600760038794918,0.8326267697131249,0.9308340297305616,0.8521462251203014,0.8497062931944154,0.8204271100836287,0.8216470760465605,0.8277469058613086
2016-06-30,0.0,0.007268102116839148,0.022409981526911527,0.133854213985031,0.09327397716605466,0.08418884952001124,0.08358317434359512,0.09387965234244874,0.133854213985031,0.1701947245692047,0.18230822809726263,0.22167711456345082,0.1738287756276353,0.15626419551194254,0.18109687774447444,0.1877593046848975,0.13082583810301654,0.08418884952001124,0.02846673329094048,-0.04118591199539246,0.004845401411218754,-0.012719178704451982,0.017564580115692775,0.027255382938130283,0.07207534599195334,0.0732866963447415,0.07570939705036189,0.012719178704451982,-0.006056751764028951,-0.00787377729323323,-0.03088943399653884,-0.0266497077617362,-0.03512916023136351,-0.1011477544592879,-0.14415069198388464,-0.07934344810877045,-0.027861058114524363,0.0054510765876348705,0.02059295599770725,-0.01938160564489705,-0.09933072893008363,-0.12052936010418494,-0.159292571393957,-0.09206262681324447,-0.10235910481209809,-0.05269374034705628,-0.07873777293237637,0.00787377729323323,0.08358317434359512,0.15141879410072379,0.21562036279942184,0.318585142787914,0.3603767299597226,0.39187183913267754,0.41973289724720186,0.41367614548317294,0.43305775112807005,0.45425638230217136,0.4881741921807246,0.5535871112322549,0.47787771418189307,0.4875685170043306,0.4960479694739799,0.5366282062929563,0.5342055055873579,0.4700039368886378,0.4627358347718207,0.47787771418189307,0.5130068744132567,0.18836497986129155,0.26891977832289427,0.35795402925410225,0.41609884618879334,0.39187183913267754,0.3276702704339574
2016-07-07,0.0,-0.039637497072243434,0.06486135884546343,0.0828784029692045,0.1339266946531375,0.14653862553974747,0.10930340101734494,0.09609090199328564,0.1771676005501204,0.16035169270127794,0.12852158141600645,0.09368862944344476,0.11110510542973653,0.10269715150531529,0.025824429910691147,-0.013813067161552289,0.017416475986269914,0.07987556228191432,0.12071419562905636,0.13092385396584733,0.1363289672029565,0.1195130593541359,0.05345056423375203,-0.0036034088247613202,-0.027025566185611586,0.016815907848820616,0.057053973058513355,0.031830111285271495,0.027626134323060884,0.04744488285917168,0.0060056813745803525,0.009609090199319823,0.016215339711349475,0.03423238383509053,0.027025566185611586,-0.06666306325785502,-0.04744488285919352,-0.09248749316854617,-0.0822778348317552,-0.008407953924421233,0.076272153457153,0.1363289672029565,0.06305965443309369,0.04984715540901256,0.05405113237122317,0.03243067942272079,0.05885567747088309,0.0684647676702029,0.051048291683932996,0.07567158531970371,0.09729203826818424,0.1345272627905868,0.14713919367721864,0.1387312397527974,0.10509942405515617,0.09008522061870529,0.1339266946531375,0.1891789632992811,0.24202895939558383,0.3831624716982221,0.3621425868871909,0.32250508981494747,0.3279102030520785,0.28767213784238577,0.2570431628320347,0.24863520890761348,0.20359259859826084,0.153144875051799,0.11470851425447601,0.004804545099659912,0.028226702460510174,-0.029427838735452468,-0.004804545099681761,0.058255109333411936,0.1771676005501204
2016-07-14,0.0,0.07175668601742799,0.12763279398183197,0.07058034690240501,0.08646092495542904,0.13057364176943217,0.15762944141536692,0.17233368035336796,0.1746863585834353,0.1611584587604786,0.1035178421235188,0.0905781118580736,0.05881695575200418,0.04058369946887005,0.06411048176967171,0.04881807327415919,0.06293414265462736,0.08528458584040607,0.1005769943359186,0.14763055893752194,0.1493950676100778,0.13998435468976567,0.13998435468976567,0.11469306371640815,0.10939953769871923,0.11410489415887527,0.08469641628287318,0.0452890559290261,0.06116963398207151,0.11822208106151985,0.14468971114992174,0.19291961486656944,0.28585040495473174,0.37760485592784976,0.3599597692022485,0.3634887865473816,0.415247707609141,0.3928972644233837,0.419953064069297,0.45406689840545517,0.48347537628145726,0.5328816191131494,0.46818296778594476,0.4258347596444974,0.425246590086986,0.4505378810603435,0.4640657808833002,0.45583140707803244,0.4517142201753878,0.4670066286709003,0.49700327610443534,0.5158247019450596,0.5293526017680376,0.5346461277857052,0.48935707185665767,0.46288944176825586,0.46171310265323284,0.5187655497326598,0.5034731412371473,0.562878266546663,0.475829172033701,0.4405389985824985,0.45936042442314406,0.5281762626529932,0.5317052799981049,0.5340579582281937,0.5075903281397919,0.5122956845999479,0.5428805015909943,0.571112640351952,0.7046271299090058,0.7428581511478085,0.7146260123868509,0.7228603861921186,0.7293302513248519
2016-07-21,0.0,-0.12889980227586043,-0.07698992715118075,-0.039078220599454594,0.0017497710716351052,-0.08807181060477072,-0.19364133192572275,-0.21872138395226626,-0.20880601454642597,-0.12306723203713334,-0.17789339228117657,-0.21930464097613048,-0.19830738811672138,-0.1149016337029069,-0.09040483870027005,-0.11840117584615589,-0.13473237251458753,-0.1259835171564969,-0.11840117584615589,-0.1265667741803611,-0.1067360353687017,-0.05016010405304457,-0.0682410717930901,-0.04841033298143069,-0.0349954214323626,-0.039078220599454594,-0.07115735691245365,-0.0799062122705443,-0.07582341310345231,-0.03207913631299905,-0.03732844952784071,-0.1090690634641798,-0.15864591049336016,-0.23213629550133436,-0.25138377728912953,-0.2910452549124696,-0.3277904474164461,-0.32662393336871764,-0.24030189383553957,-0.24088515085942502,-0.2566330905039924,-0.2607158896710844,-0.4380260249283967,-0.4094464307586255,-0.357536555633967,-0.3948650051618078,-0.3616193548010802,-0.4951852132679181,-0.5546774297029388,-0.5056838396976227,-0.48410332981434934,-0.5016010405305307,-0.44210882409551,-0.46368933397880446,-0.43102694064192,-0.4041971175437838,-0.32195787717771895,-0.3662854109920577,-0.48876938600532677,-0.5033508116021445,-0.463106076954919,-0.5208485223183258,-0.5406792611299852,-0.5295973776764165,-0.47710424552787256,-0.45144093647746486,-0.4298604265941703,-0.4584400207639416,-0.7168228823395479,-0.7739820706790692,-0.79381280949075,-0.7185726534111617,-0.7413196773422059,-0.7629001872255005,-0.7984788656817274
2016-07-28,0.0,0.07650710298899763,0.16112859568893645,0.1008502721218634,0.16808378686975825,0.14547941553211377,0.10374826844720404,0.15127540818279508,0.041731147084909714,0.04810673900065073,0.09157668388076062,0.05795992650681319,0.09563387873624177,0.11707905154376685,0.144899816267033,0.11534025374856668,0.12055664713416722,0.09679307726638224,0.11534025374856668,0.14837741185745443,0.18025537143620168,0.18952895967728334,0.18894936041222365,0.21850892293068994,0.22140691925603062,0.1993821471834458,0.1790961729060612,0.17330018025537988,0.19126775747248353,0.20112094497864597,0.21734972440054945,0.21792932366563023,0.2231457170512308,0.21561092660534928,0.20170054424370568,0.22778251117177162,0.23241930529233354,0.24690928691903685,0.26255846707585956,0.23821529794301488,0.11591985301362638,0.10548706624240424,0.14953661038757382,0.144899816267033,0.14837741185745443,0.21329252954506833,0.20170054424370568,0.24285209206355568,0.2521256803046374,0.2602400700155996,0.24806848544915625,0.186051364086883,0.121136246399248,0.1570714008334764,0.18836976114714288,0.08693988976021978,0.11997704786910753,0.15938979789373628,0.18952895967728334,0.14895701112251414,0.06491511768763499,0.11649945227870716,0.14953661038757382,0.12635263978484854,0.17619817658072054,0.1564918015683956,0.002318397060280962,-0.01564918015684378,0.07013151107325662,0.08230309563967894,0.3697843311134639,0.46078141572916487,0.45788341940382427,0.4451322355723211,0.42368706276481705
2016-08-04,0.0,-0.17805748045746178,-0.4997285353166711,-0.5265831061397764,-0.4495221637778543,-0.3064923843939916,-0.2422749324257267,-0.134272854115463,-0.06772022207561632,-0.08348268755874012,-0.02568698078729322,-0.027438365840990162,-0.12551592884706322,-0.12609972386494805,-0.10508310322079713,-0.010508310322075463,-0.04670360143146538,-0.025103185769408398,-0.02977354591255069,0.01634626050100864,0.03911426619885651,0.00875692526839976,-0.0688878121114072,-0.03502770107359904,-0.08465027759453102,-0.12318074877548145,-0.10041274307765481,-0.0893206377376733,-0.026854570823084102,-0.050206371538816796,-0.029189750894665863,-0.00875692526839976,-0.022768005697826634,-0.0723905822187586,-0.1582084498490805,-0.1471163445091202,-0.1552894747596139,-0.16404640002801368,-0.15470567974172908,-0.11500761852498775,-0.09982894805974876,-0.08173130250506443,-0.1366080341870235,-0.09632617795239735,-0.09165581780925507,-0.2218421067994606,-0.2691295032488108,-0.3076599744297825,-0.33042798012760916,-0.3053247943582007,-0.3053247943582007,-0.3345145452528666,-0.36487188618332334,-0.3695422463264656,-0.3689584513085808,-0.48688504492301393,-0.4740415545293779,-0.43551108334840616,-0.44076523850945454,-0.5242479260681947,-0.5242479260681947,-0.4933067901198532,-0.5405941865692033,-0.5265831061397764,-0.4909716100482714,-0.5213289509787281,-0.46761980933253866,-0.4466031886883878,-0.4069051274716465,-0.2825567886603529,-0.29364889400033434,-0.27963781357088624,-0.23235041712153606,-0.0858178676303219,-0.04903878150302591
2016-08-11,0.0,-0.078906300229705,0.048512762363444005,0.08592019358343954,0.032147011204694625,0.08592019358343954,0.15138319821845833,0.19580452279223093,0.2554226162991021,0.23788788291472326,0.175931824956593,0.13384846483407942,0.10988432920877012,0.1075463647575111,0.1677489493772077,0.12683457148032362,0.09234959582439123,0.14787625154159104,0.15664361823378048,0.1519676893312837,0.20632536282285402,0.2489932140581717,0.3039353786625674,0.2676969296681801,0.2793867519244327,0.3039353786625674,0.40037641227665133,0.4325234234813459,0.4500581568657248,0.44421324573759846,0.4015453945022595,0.41148174342007854,0.4237560567891565,0.4331079145941501,0.5020778659060361,0.3997919211638259,0.3448497565594515,0.336082389867262,0.2758798052475442,0.23613440957628964,0.19638901390503505,0.12566558925471538,0.0905961224859576,0.12566558925471538,0.0011689822256082483,0.0005844911128041241,0.01461227782031574,0.07949079134250912,0.07247689798875331,-0.00409143778969266,-0.0187037156100084,-0.1519676893312837,-0.08241324690659355,0.04032988678405868,-0.05377318237876619,-0.0853357024706567,-0.03506946676875778,-0.040914377896884076,-0.08358222913222305,-0.16657996715159945,-0.1338484648341007,-0.0432523423481431,-0.01519676893314113,0.023379644512505186,-0.006429402240951685,0.011689822256252593,0.16716445826440357,0.14144684930063936,0.2606830363144243,0.30919579867786834,0.36063101660537544,0.3723208388616281,0.4190801278866384,0.42024911011226795,0.45122713909133305
2016-08-18,0.0,0.10348854688205461,0.10348854688205461,0.0809407629245054,0.0514551992877297,0.030063711943391927,0.08556594937735111,0.10522299180186123,0.06648705525941516,0.07747187308489215,0.07631557647168073,0.0919255807499824,0.10233225026884318,0.14453707665090249,0.14338078003771212,0.28907415330180497,0.36712417469329234,0.37348380606594467,0.3752182509857513,0.40528196292914326,0.38562492050461206,0.3295445347640577,0.31855971693860174,0.33763861105651666,0.30873119572633617,0.2705734074905063,0.29948082282068683,0.3156689754055837,0.29601193298105255,0.300058971127282,0.3179815686319855,0.33763861105651666,0.3081530474197409,0.24918192014616852,0.24571303030653424,0.2723078524103129,0.28444896684898036,0.27982378039615563,0.30179341604708865,0.30699675080652955,0.30757489911312474,0.3104656406461428,0.3006371194338772,0.29254304314143925,0.2989026745140706,0.31855971693860174,0.33012268307067394,0.3179815686319855,0.3214504584716198,0.33127897968388537,0.34342009412255275,0.36885861961312,0.39776603494330054,0.3873593654244187,0.38389047558480544,0.3983441832498957,0.3960315900234729,0.39487529341028244,0.1959922759386322,0.16361597076883846,0.15725633939618613,0.19830486916505505,0.19310153440561414,0.24918192014616852,0.242244140466921,0.26421377611785396,0.2376189540140963,0.2410878438537096,0.25669784813201124,0.29369933975465073,0.26883896257067863,0.23819710232069152,0.23357191586786688,0.25611969982541605,0.22200894973579466
2016-08-25,0.0,0.018464769796257007,0.011540481122658005,0.013848577347198002,0.021349890076921507,0.09347789709353403,0.060587525893954525,0.08020634380248153,0.10097920982325753,0.09001575275674503,0.04327680420996751,0.062318598062349025,0.11367373905818554,0.11425076311431005,0.10559540227231654,0.09924813765486303,0.012694529234928004,0.009809408954263502,0.034044419311849504,0.06635776645528352,0.04154573204157301,0.09001575275674503,0.09694004143032303,0.09924813765486303,0.07270503107275803,0.07501312729727702,0.09290087303740953,0.09232384898126404,0.09405492114965854,0.06635776645528352,0.054240261276501014,0.03519846742411951,0.019041793852381507,0.034621443367974014,0.020195841964651507,0.019041793852381507,0.030005250918915007,0.042699780153843014,0.038660611760908514,0.001731072168394502,-0.038660611760908514,-0.03346739525570402,-0.009232384898118007,-0.022503938189170514,-0.04904704477129651,-0.09232384898126404,-0.09405492114965854,-0.14656411025774407,-0.11540481122658003,-0.08251444002700052,-0.13733172535962604,-0.2556216568668706,-0.43565316238033963,-0.4131492241911482,-0.3156321587047006,-0.3433293133990756,-0.3081308459749561,-0.37275754026184515,-0.45411793217659663,-0.4575800765133857,-0.6052982348833997,-0.7778284276671453,-0.6872356508542757,-0.8511104827960279,-0.8216822559332373,-0.7155098296047963,-0.6687708810580187,-0.6503061112617827,-0.6295332452409858,-0.8107187988667247,-0.8297605927191063,-0.9197763454758303,-0.9134290808583767,-0.9226614657564948,-0.9353559949914227
2016-09-01,0.0,0.16623778835425002,0.05522282695329815,0.059777286908204864,0.12183180379385271,-0.06547036185184342,-0.07116343679548198,-0.030742604695656497,-0.011955457381653397,0.03245052717874392,0.058069364425117426,0.07002482180675013,0.09108919909821692,0.14460410356840694,0.09450504406439178,0.10759911643475632,0.11272288388403931,0.1650991733655182,0.19299524058933468,0.17250017079224417,0.10247534898549404,0.13891102862476837,0.15143579350077735,0.19754970054426207,0.16965363332042488,0.1269555712431357,0.07173274428983754,-0.07913374171658424,-0.014801994853472677,0.004554459954906704,-0.017648532325291958,-0.12980210871495498,-0.11898526632205414,-0.11443080636714745,-0.042698062077289184,-0.011955457381653397,-0.05863867191947301,-0.1058911939516896,-0.1081684239291326,-0.08653473914331022,-0.005123767449282986,-0.0728713592785694,-0.03814360212238248,0.0005693074943555713,0.01992576230273495,0.052945596975834446,0.04099013959420176,0.09450504406439178,0.06717828433493084,0.10759911643475632,0.18445562817387684,0.1907180106118917,0.2186140778357082,0.2561883724637351,0.27668344226082564,0.20324277548790065,0.20267346799352437,0.14232687359096396,0.13321795368112982,0.20381208298225623,0.26529729237354854,0.23113884271171717,0.28294582469884044,0.25448044998064767,0.2789606722382893,0.17022294081478045,0.02561883724637351,-0.21462892537517778,-0.2493566825313647,-0.16794571083733745,-0.15485163846697292,-0.21975269282446075,-0.18730216564571683,-0.06717828433493084,-0.06660897684057526
2016-09-08,0.0,0.07081118142275503,0.05451336982544891,0.006743922040265304,-0.007305915543612227,0.016297811597306113,0.06856320740932645,0.09610088907373458,0.099472850093857,0.12251458373140799,0.08542301250997948,0.06968719441604074,0.0871089930200407,0.12082860322134677,0.15342422641593856,0.2765008036507139,0.25907900504671394,0.3231462644291832,0.3192123099056934,0.2337892973957344,0.23266531038902008,0.27874877766414247,0.3180883228989996,0.30122851779834653,0.2680709011003874,0.2765008036507139,0.26357495307355067,0.2826827321876118,0.3405680630332036,0.350121952590224,0.34787397857681585,0.3692297317043056,0.35349391361036686,0.39451943935528516,0.35180793310030567,0.3529319201069995,0.29279861524802,0.17253200553002018,0.17534197304679566,0.23997122593263231,0.3141543683755098,0.3090964268453057,0.3253942384426118,0.35742786813385663,0.4411649001337545,0.44228888714046877,0.4304870235700198,0.4012633613955504,0.3355101215029995,0.34618799806675465,0.31078240735536694,0.321460283919122,0.3731636862277954,0.41306522496599946,0.42767705605324435,0.3883375108183872,0.40800728343581577,0.3619238161606934,0.34000606952983625,0.3636097966707546,0.36810574469759133,0.3742876732345097,0.4338589845901422,0.4681405882947952,0.5350178151940604,0.5125380750598564,0.49511627645585643,0.45071878969079526,0.4310490170733668,0.45128078319414217,0.6811361260663868,0.6283087367509991,0.5434477177443869,0.5805392889658155,0.5597455293416931
2016-09-15,0.0,-0.0068719469943863505,0.030923761474728157,0.03206908597379602,0.04638564221209224,0.041231681966297264,0.07444609243914033,0.10250654266620923,-0.040086357467229404,-0.09162595992509577,-0.11854108565309683,-0.18496990659878293,-0.30580164124999465,-0.2250562640660123,-0.1374389398876437,-0.19069652909410145,-0.11796842340355247,-0.14431088688203003,-0.13514829088950794,-0.07387343018959597,-0.10651517841291551,-0.09677992017086992,-0.10250654266618842,-0.11739576115402897,-0.11739576115402897,-0.1156777744054376,-0.11739576115402897,-0.09277128442416364,-0.06471083419709472,-0.050394277958798514,-0.057838887202708376,-0.07101011894193673,-0.0423770064653443,-0.004581297996250623,-0.0005726622495235153,-0.10136121816714137,-0.16549939011469175,-0.21360301907537538,-0.24681742954821845,-0.2840404757677886,-0.23078288656133086,-0.2267742508146037,-0.1780979596043966,-0.15977276761937326,-0.19642315158941992,-0.20386776083332978,-0.20959438332864827,-0.19298717809223714,-0.20329509858380626,-0.2342188600585136,-0.21761165482210246,-0.18668789334737432,-0.20386776083332978,-0.1884058800959657,-0.17867062185394092,-0.2021497740847384,-0.2101670455781926,-0.17580731060628169,-0.1460288736306214,-0.08131803943352667,0.016034542986887595,0.015461880737364079,0.006299284744862834,0.007444609243909865,0.013743893988772701,0.044667655463480026,-0.026342463478456705,-0.033214410472843056,0.007444609243909865,0.03035109922518381,0.062420185198979836,0.043522330964433,0.053257589206457755,0.09506193342229938,0.1677900391128275
2016-09-22,0.0,0.04789676837686304,-0.05803961344490052,-0.0879046572563522,-0.046206294198860215,-0.01634125038740853,-0.08114276054434089,-0.06198405319358746,-0.0005634913926607771,0.005634913926689769,-0.1296030203138647,-0.1318569858845488,-0.13354746006255164,-0.1025554334657579,-0.05522215648155564,-0.04113487166483122,-0.11833319246048515,-0.1369284084185573,-0.16341250387400333,-0.11269827853379541,-0.11044431296311127,-0.10649987321444485,-0.08903164004169425,-0.0929760797903812,-0.16341250387400333,-0.2608965148057322,-0.322317076606659,-0.36683289662749585,-0.33584087003070207,-0.31161074014594015,-0.39669794043896794,-0.3978249232242896,-0.3499281548474265,-0.3110472487532794,-0.3138647057166243,-0.2935790155805288,-0.2727298340517931,-0.27329332544445384,-0.25638858366438455,-0.24737272138168911,-0.23610289352830957,-0.30710280900459247,-0.33076944749669357,-0.3741582847322089,-0.3640154396641509,-0.3431662581354152,-0.2839996619051726,-0.2569520750570453,-0.2699123770884482,-0.2952694897585521,-0.2952694897585521,-0.28230918772714925,-0.2811822049418277,-0.27329332544445384,-0.24399177302566294,-0.25357112670103965,-0.23497591074296748,-0.21750767757021694,-0.14594427070127325,-0.13129349449186753,-0.17073789197869593,-0.16510297805200616,-0.15214267602062378,-0.18933310793676805,-0.1977854788268027,-0.15496013298396866,-0.12171414081649083,-0.14707125348659478,-0.1273490547431806,-0.07438086383230906,-0.034372974952799396,-0.04113487166483122,-0.11213478714113463,-0.15496013298396866,-0.146507762093934
2016-09-29,0.0,-0.01990955374157399,-0.046076395801920106,-0.040387951875756105,-0.05972866122472198,-0.038112574305302925,-0.010808043459719873,-0.0051195995335558755,-0.12173270001991784,-0.12230154441252596,-0.14789954208026393,-0.21559202480162382,-0.19397593788218406,-0.1558633635769018,-0.19113171591910205,-0.180892516852011,-0.1530191416138198,-0.17349753974800194,-0.183736738815093,-0.20876589209022287,-0.22241815751300403,-0.2758895304189539,-0.253704599106906,-0.2002332262009769,-0.20933473648283096,-0.3014875280866919,-0.34415085753292185,-0.2997809949088468,-0.2639437981740178,-0.25711766546261683,-0.22184931312039594,-0.2161608691942319,-0.23208851218748694,-0.21445433601638683,-0.2702010864927899,-0.341875479962448,-0.5819278136465729,-0.9095821837936314,-1.2798998833868995,-1.9812850194829164,-2.4340851560055827,-2.188344378395294,-2.62351033874684,-2.2611564606501893,-2.234420774197214,-2.08652123211695,-1.8629653858187094,-2.0199664381808273,-2.0267925708922285,-1.9721835092010622,-1.7628487727182311,-1.5990215876446914,-1.5387240820273616,-1.7349753974800195,-1.6741090474700606,-1.6644386927955774,-1.8675161409596364,-1.9027844933018574,-2.0148468386472924,-2.0978981199692783,-2.0432890582781122,-2.289029835888401,-2.500071105549077,-2.499502261156469,-2.521118348075888,-2.2611564606501893,-2.313490144770902,-2.306095167666893,-2.306095167666893,-2.4124690690861432,-2.402798714411681,-2.345914275150041,-2.3140589891635104,-2.2696891265394354,-2.2731021928951254
2016-10-06,0.0,-0.023445452154134877,0.08463236387341326,0.1160835801777238,0.11379621899194745,0.19042281871518504,0.21444011116575362,0.2922103914818586,0.25160973043448426,0.2904948705925367,0.24474764687717598,0.2521815707309179,0.22416139620525113,0.20929354849776718,0.1927101799009406,0.22530507679813933,0.23502636183765765,0.25618445280601615,0.2922103914818586,0.2733396616992764,0.2573281333989043,0.2521815707309179,0.24017292450564404,0.257899973695338,0.2704804602170664,0.2830609467387948,0.22187403501949557,0.21444011116575362,0.2647620572526463,0.26590573784553445,0.25618445280601615,0.2167274723515092,0.2436039662842878,0.19099465901161872,0.20243146494045894,0.2436039662842878,0.27905806466369654,0.307650079485797,0.3270926495648129,0.3419604972723176,0.28992303029608224,0.3139403227466508,0.3305236913434774,0.35625650468336784,0.28477646762811665,0.2636183766597581,0.31108112126444076,0.31737136452531534,0.31794320482174904,0.2630465363633244,0.08406052357695877,-0.00228736118577636,-0.09606916980227427,-0.09549732950581977,-0.12809222640301848,-0.021158090968358516,-0.09778469069159612,-0.41515605521691146,-0.38313299861614647,-0.38999508217345474,-0.3082219197822515,-0.2699086199206327,-0.28992303029610306,-0.27448334229216464,-0.5369580383590554,-0.48835161316148457,-0.5809897411850943,-0.6741997095051377,-0.6581881812047656,-0.6581881812047656,-0.45690039685717404,-0.4454635909283338,-0.3711243523908726,-0.36712147031577436,-0.3854203598019228
2016-10-13,0.0,-0.1169421367991474,-0.06252351868468621,-0.03820881697396906,0.022577937302813298,0.037050974035380525,0.08104900570237647,0.012736272324663372,0.006947057631636481,-0.06078675427678235,-0.1499406605494049,-0.060207832807488086,-0.17714996960661444,-0.16383477581265682,-0.1372043882247415,-0.12620488030798202,-0.0272093090572306,-0.07757547688656877,-0.10883723622890135,-0.12794164471588584,-0.13141517353171464,-0.1215735085535647,-0.19278084927779124,-0.1794656554838336,-0.17309751932151246,-0.14125683850986456,-0.1273627232465916,-0.1910440848698874,-0.18872839899266822,-0.2686195617564562,-0.25819897530899094,-0.21072741482618726,-0.2072538860103585,-0.2657249544099427,-0.2587778967783062,-0.3363533736648539,-0.3126175934234521,-0.36356268272208453,-0.36877297594581715,-0.3456161171737096,-0.510608735924976,-0.4909254059686762,-0.6640229252901886,-0.692968998755323,-0.6553391032506483,-0.648970967088306,-0.7439140880539554,-0.7207572292818479,-0.771123397111186,-0.8047008423307378,-0.8064376067386417,-0.8093322140851551,-0.9083277853359276,-0.9071699423973181,-0.8938547486033603,-0.9540625814108274,-0.9743248328364216,-1.065794424986242,-1.1005297131444036,-0.9893767910383041,-0.8284366225721396,-0.8527513242828568,-0.7931224129446841,-0.8649086751382259,-0.9766405187136408,-0.945378759371287,-0.9749037543057368,-0.9563782672880466,-0.9123802356210295,-0.8510145598749529,-0.8122268214316686,-0.7607028106637419,-0.7219150722204576,-0.7444930095232498,-0.7717023185804803
2016-10-20,0.0,0.12833793738489452,0.25897790055248615,0.32401012891343967,0.273365561694291,0.29063075506445674,0.26243093922651095,0.27221454880294244,0.39940147329650927,0.350483425414373,0.30904696132597104,0.3199815837937301,0.24113720073665662,0.2658839779005567,0.20200276243093085,0.2313535911602252,0.16517034990792315,0.13524401473296502,0.162868324125226,0.1847375690607651,0.2244475138121547,0.2549493554327767,0.29523480662983004,0.27451657458563955,0.2837246777163862,0.3182550644567177,0.24228821362798428,0.18646408839779843,0.17783149171271556,0.20027624309391845,0.13179097605894025,0.04488950276242675,0.0,0.008632596685082872,-0.03222836095763435,0.0017265193370123873,0.062154696132592495,0.08057090239410682,0.08805248618784112,0.08459944751381634,0.05870165745856772,0.05294659300184581,-0.10646869244935545,-0.11164825046041355,-0.04431399631676294,-0.04661602209943914,0.047191528545123894,0.06388121546960489,0.0656077348066382,0.031652854511970537,0.06273020257827726,0.09265653775321446,0.12028084714549642,0.20315377532227943,0.1588397790055165,0.15941528545120123,0.05064456721914867,0.03683241252302863,0.0328038674033191,-0.006330570902385732,0.010934622467780014,0.008057090239419057,0.04546500920811151,0.031077348066306715,0.03510589318599531,0.08862799263352587,0.07711786372008204,0.13409300184161643,0.16517034990792315,0.08402394106813159,0.08575046040516492,0.11279926335174117,0.10992173112338022,0.11337476979742592,0.12200736648250879
2016-10-27,0.0,-0.08505234214344824,-0.1019463005143919,-0.09961609935978993,-0.030292615009994976,-0.009903354907116595,-0.01689395837096485,-0.09087784502998492,-0.13049126465843008,-0.19282414554437682,-0.21204830506994363,-0.232437565172822,-0.1264134126378502,-0.0873825432980502,-0.1537932762045768,-0.1491328738953517,-0.18292079063726022,-0.1602013293797587,-0.2545744761416571,-0.2895274934608772,-0.21146575478129845,-0.20447515131745017,-0.18583354208052855,-0.19224159525571044,-0.1881637432351517,-0.2376805177707135,-0.24816642296647526,-0.26739058249204206,-0.24874897325512044,-0.21088320449263206,-0.28137178941973856,-0.3437046703056641,-0.3209852090481838,-0.3716670841610571,-0.3792402379135506,-0.3180724576049154,-0.2574872275849255,-0.19049394438975367,-0.12000535946266831,-0.05184697569018493,-0.10019864964843513,-0.11534495715344321,-0.07864428896824517,-0.09204294560729649,-0.12000535946266831,-0.09903354907112355,-0.059420129442678375,-0.005242952597891489,0.067575833483817,0.106606702823617,0.06815838377246221,0.09379059647323207,0.23010736401819884,0.16835703342089733,0.15845367851378073,0.15146307504995368,0.17301743573012243,0.15961877909109232,0.06408053175190348,0.00873825432980502,-0.07107113521575173,0.00873825432980502,-0.04310872136037991,-0.04485637222633667,0.05126442540151854,0.015728857793632083,0.027379863566705444,0.11534495715342204,0.20156239987416066,0.23127246459548922,0.302343599811241,0.3623462795425645,0.3774925870475726,0.3489476229035344,0.291275144326834
2016-11-03,0.0,0.23674353961035716,0.260300110715867,0.37160490918940975,0.4116510800687723,0.3032908529834397,0.3068243386492576,0.3292030811994877,0.3221361098678305,0.36807142352359185,0.39987279451601737,0.39987279451601737,0.4092954229582342,0.38279428046453556,0.4381522225624709,0.4328519940637441,0.48644319332877045,0.4964547360486164,0.4646533650561695,0.42696285128736655,0.44698593672703707,0.458764222279792,0.48997667899458835,0.4516972509481348,0.4475748510046877,0.5041106216579028,0.4675979364443582,0.38338319474216476,0.29740171020706224,0.36512685213540313,0.3745494805775985,0.32684742408894957,0.3769051376881581,0.3851499375750737,0.35982662363665485,0.29151256743068477,0.29504605309650267,0.35923770935902566,0.4222515370662474,0.4151845657346116,0.47702056488657507,0.4622977079456314,0.4640644507785403,0.42519610845443623,0.4204847942333385,0.33803679536405395,0.22967656827872132,0.18609691173351947,0.09775977008785744,0.10541565569714385,-0.0070669713316572486,-0.038279428046453554,0.10659348425242363,0.27502296765681067,0.18315234034533076,0.2149537113377777,0.21730936844831578,0.16312925490563876,0.1855079974558903,0.12190525547099648,0.08185908459163398,0.15959576923982088,0.2037643400626519,0.2679559963251749,0.23144331111163027,0.21613153989303602,0.21318696850484725,0.1855079974558903,0.1813855975124218,0.021789828272579498,-0.002944571388188735,-0.13839485524487052,-0.11307154130645171,-0.1590068549621917,-0.16548491201621976
2016-11-10,0.0,0.1938177995219161,0.2484391793871791,0.4446062855699755,0.3559199591220769,0.35004669246989767,0.3429987724872783,0.25196313937849946,0.24197858606979042,0.3465227324785773,0.39057223236992183,0.4575274722047742,0.5614842919483516,0.6249155717918835,0.5374038986744037,0.4587021255352142,0.49922766543523844,0.5738181519179195,0.636662105096242,0.6895215049658555,0.7341583315224095,0.7194751648919613,0.7118399182441325,0.8551476245573154,0.8674814845268833,0.9132929644138773,0.8304799046181581,0.7376822915137299,0.8081614913398812,0.8498616845703456,0.8275432712920685,0.8480997045746961,0.8645448512007936,0.8915618778008098,0.7852557513963734,0.8251939646311882,0.8363531712703374,0.8228446579703295,0.8698307911877636,0.9221028643921464,0.9320874177008553,0.865132177866003,0.8809899978268914,0.735920311518059,0.5661829052700907,0.5937872585353376,0.45165420555259483,0.4263991589482282,0.5391658786700533,0.6472339850701604,0.6989187316093338,0.7676359514398357,0.6642664583614889,0.6484086384006006,0.7271104115397901,0.7817317914050744,0.6748383383354073,0.6989187316093338,0.7476668448224175,0.6149310184831744,0.575580131913569,0.4939417254482899,0.5579603319570312,0.563246271944001,0.556785678626591,0.4845444988047902,0.4587021255352142,0.43168509893517676,0.48748113213087985,0.28309145263504537,0.12803721301750395,0.14448235964362302,0.02525504660436661,0.008809899978268913,-0.02525504660436661
2016-11-17,0.0,0.23323399292894442,0.40044672330920555,0.4572126686781579,0.3214680167089349,0.30357440349481224,0.2819786634087995,0.13759571540517368,0.07651062201901435,-0.022829782376635313,-0.13142550395201597,-0.04751062818922131,-0.030851057265732496,-0.13759571540516244,-0.08329785461747774,0.04134041673608603,0.11785103875510039,0.05861700880489174,-0.043191480172025495,-0.026531909248525457,0.0610850933861481,0.02097871894069585,0.07157445285650163,0.14129784227705258,0.19312761848349216,0.14438294800362583,0.15672337090991884,0.12217018677230743,0.21595740086012746,0.23014888720237114,0.3152978052557884,0.3091275938026419,0.38810630040291255,0.32270205899956866,0.35231907397466733,0.325170143580825,0.1906595339022246,0.21534037971481057,0.22027654887733453,0.24927654270711633,0.08699998148936788,0.13759571540517368,0.12217018677230743,0.06170211453146499,0.08823402378000168,0.011723401760976105,0.0684893471299284,0.1795531532865654,0.12895741937075958,-0.028382972684476145,-0.011723401760976105,-0.051212755061111455,0.00431914801720704,-0.2702552616478122,-0.37021268718878997,-0.46399990127661006,-0.36342545459032655,-0.291233980588508,-0.2727233462290685,-0.2572978175962023,-0.11599997531914968,-0.11476593302852714,-0.07836168545495381,-0.18880847046628513,-0.1777020898506147,-0.09995742554096657,-0.2289148449117374,-0.2350850563648839,-0.2036169779538345,-0.5250849946627694,-0.5312552061159158,-0.5145956351924158,-0.32825524930738703,-0.23385101407425007,-0.1844893224490781
2016-11-24,0.0,0.04075643951744376,0.12665847357729132,0.08903714479195861,0.03260515161395957,0.03950239522460618,0.1272854957237158,0.17744726743749276,0.20378219758721877,0.2319981941762183,0.22133881768704755,0.27463570013293553,0.2269820170048452,0.24516565925108702,0.16051766948408847,0.15989064733766398,0.1191342078202202,0.1504853151413308,0.21506859622282543,0.22259286197988515,0.21506859622282543,0.24453863710466256,0.22886308344410725,0.16239873592335052,0.17055002382684614,0.2238469062727341,0.21569561836923853,0.2551980135938447,0.22071179554062303,0.22196583983346063,0.23889543778686492,0.28466805447568183,0.30222467457551055,0.29658147525771295,0.3461162248250654,0.298462541696975,0.26272227935090436,0.24453863710466256,0.2915652980863284,0.30786787389330816,0.2551980135938447,0.2583331243259558,0.2715005894008245,0.21569561836923853,0.056431993177999046,0.09279927767049417,0.13669082792004897,-0.14107998294499763,-0.23576032705475386,-0.1191342078202202,-0.10032354342755385,-0.09781545484186731,-0.03950239522459477,-0.07900479044920095,-0.09217225552405828,-0.10533972059892699,-0.16051766948408847,-0.013794487221281812,0.06082114820295909,0.060194126056534604,0.20002006470868322,0.30598680745404616,0.30535978530762165,0.3555215570213986,0.4577261668882145,0.5072609164555669,0.4276291038599529,0.3900077750746202,0.376213287853327,-0.14107998294499763,-0.24391161495823807,-0.2639763236437534,-0.21130646334427847,-0.19061473251235006,-0.16114469163050155
2016-12-01,0.0,0.1842718222233211,0.15629656208379644,-0.06628920337404637,-0.11494182970363143,-0.17575761261561273,-0.23596523769848313,-0.12892945977338272,-0.08575025390588481,-0.1179826188492305,-0.09487262134268201,-0.04378736369660885,-0.02432631316479253,0.055342362449916284,0.07541157081086569,0.01581210355712842,-0.01885289270270536,0.013379472240640317,0.04621999501311908,0.03588131191807783,-0.06932999251964543,-0.11311735621627642,-0.058383151595493225,-0.013379472240618192,-0.001824473487355015,-0.00729789394942006,-0.03527315408894474,-0.10886025141243329,-0.1520394572799533,-0.14230893201402303,-0.12771314411516077,-0.12528051279867267,-0.14899866813435422,-0.13136209108987082,-0.11919893450747453,-0.1198070923365855,-0.22562655460344186,-0.18487998005240994,-0.13865998503931298,-0.0814931491020417,-0.060207625082848236,-0.015203945727995329,-0.058991309424604184,-0.03709762757629976,-0.016420261386217258,-0.015812103557106293,-0.028583417968613523,0.016420261386239383,0.06385657205758039,0.10034604180476918,-0.005473420462065044,-0.10581946226683421,-0.08453393824764076,-0.03284052277245664,-0.05716683593724917,-0.05230157330429509,0.04986894198782911,-0.018244734873594397,0.014595787898884369,-0.06142394074109229,-0.06264025639933633,-0.05169341547518413,-0.06993815034877852,-0.3010381254143075,-0.22258576545784278,-0.20373287275513743,-0.16845971866617054,-0.3423928577944504,-0.2992136519269304,-0.37036811793395297,-0.3794904853707502,-0.4409144261118535,-0.4001678515608327,-0.42206153340913716,-0.40746574551026377
2016-12-08,0.0,0.26121828282703513,0.3617811898308826,0.48073975055492213,0.4776738082682198,0.47154192369481496,0.5322475809715314,0.5383794655449361,0.5935664267055791,0.6499797647809077,0.6806391876479317,0.6879974491360219,0.7505426717847329,0.7805889061944253,0.727854698863153,0.7517690486994183,0.6922897683373874,0.6794128107332462,0.6714413607878245,0.6849315068493196,0.6910633914227243,0.6929029567947412,0.6959688990814437,0.7223360027470798,0.7247887565764506,0.6781864338185608,0.6542720839822955,0.6561116493543125,0.6800259991905778,0.7002612182828315,0.7303074526925015,0.7628064409315425,0.7664855716755988,0.7775229639077229,0.7812020946517568,0.7769097754503913,0.7854944138531446,0.8057296329453759,0.8167670251775224,0.8204461559215565,0.8228989097509273,0.8400681865564563,0.844360505757844,0.8621429710207046,0.8253516635802758,0.8278044174096466,0.7640328178462279,0.7707778908769866,0.8357758673550684,0.9044529745772065,0.9498289204203887,0.9351123974442304,0.9792619663727494,0.9719037048846592,0.9853938509461542,1.0460995082228481,1.0099213892397734,1.0136005199838074,1.0399676236494435,1.0914754540660525,1.1301063268784983,1.052231392796253,1.0289302314173192,1.0828908156632768,0.9988839970076269,1.0050158815810317,0.9792619663727494,1.0099213892397734,1.0577500889123264,1.0969941501821034,1.0828908156632768,1.0920886425233842,1.0896358886940356,1.08105125029126,1.067561104229765
2016-12-15,0.0,0.41736946431429073,0.5183260899006371,0.6863819361510902,1.0077194883222664,1.0280339312756126,0.9233837706068365,0.959703532250715,1.0495795525897724,1.1228346650579246,1.0822057791512325,1.0231092178323806,1.0871304925944645,1.1733129778511036,1.1480738214545028,1.103135811284974,1.1216034866971112,1.0852837250532552,0.9972544722553844,0.9609347106115286,0.9812491535648747,1.0378833581620992,1.0157221476675213,0.8710586902724484,0.7676397079644861,0.5669576351526068,0.537409354493181,0.5620329217093635,0.4703101338290856,0.4881622200608157,0.5497211381012722,0.5546458515445155,0.4850842741587929,0.46661659874665595,0.547874370560063,0.45307363677776225,0.48200632825677003,0.5681888135134092,0.6272853748322497,0.6722233850017785,0.6820728118882537,0.7504032109131628,0.7467096758307331,0.7079275574652499,0.6377503908991318,0.6469842286052002,0.6549868879504551,0.6950001846767518,0.6248230181106337,0.6826884010686606,0.6999248981199839,0.6789948659862309,0.8181180207576648,0.7799514915725774,0.7854917941962275,0.8445883555150567,0.8796769387981215,0.8144244856752353,0.7682552971448928,0.6475998177855958,0.6494465853268163,0.7300887679598166,0.7467096758307331,0.6913066495943222,0.6389815692599342,0.5343314085911581,0.5158637331790211,0.6297477315538657,0.6383659800795274,0.44814892333451894,0.3465767085677657,0.3410364059441269,0.31395048200632825,0.3188751954495603,0.3305713898772448
2016-12-22,0.0,-0.07029199168936708,-0.15178093780713642,-0.1492927257119397,-0.21958471740130678,-0.3072941937570736,-0.3869169808034369,-0.3775861854464407,-0.3869169808034369,-0.30605008770946956,-0.44912228318341174,-0.4547207603976072,-0.4528546013262125,-0.43543711665982415,-0.4478781771358191,-0.459697184588012,-0.5729108349195595,-0.5747769939909655,-0.48146904042100325,-0.5287450702297863,-0.5573595093245658,-0.5424302367533741,-0.47213824506400703,-0.5169260627775821,-0.5766431530623604,-0.6083678572761497,-0.6033914330857563,-0.6450689856803327,-0.6960773336319165,-0.6991875987509153,-0.61894275868075,-0.5592256683959718,-0.5424302367533741,-0.5474066609437789,-0.6127222284427525,-0.6338720312519417,-0.6239191828711435,-0.650667462894528,-0.6973214396795092,-0.6873685912987223,-0.6942111745605105,-0.7054081289889128,-0.798716082558875,-0.7570385299642873,-0.7688575374164803,-0.777566279749686,-0.809290983963464,-0.8043145597730705,-0.7993381355826772,-0.8198658853680643,-0.8758506575100417,-0.9063312556762271,-0.885181452867038,-0.8043145597730705,-0.7483297876310931,-0.6649746824419291,-0.618320705656948,-0.6587541522039316,-0.7321564090122974,-0.7427313104168977,-0.7327784620360994,-0.7607708481070882,-0.7713457495116884,-0.8285746277012584,-0.7688575374164803,-0.6587541522039316,-0.6705731596561246,-0.7358887271550982,-0.6911009094415118,-0.8559449607484452,-0.8652757561054414,-0.8211099914156684,-0.7825427039400793,-0.6929670685129178,-0.6674628945371259
2016-12-29,0.0,0.3010827759457881,0.3372376434506727,0.3116798922834292,0.26617462801004177,0.31105653249886006,0.23375991921257191,0.18513785601635016,0.27303158564027946,0.28051190305508633,0.27926518348594803,0.32290036840562814,0.31916020969822473,0.30731637379145665,0.2936024585309926,0.31105653249886006,0.3484581195728716,0.3559384369876784,0.342224521727203,0.40456050018388884,0.41952113501349125,0.4039371403993197,0.35406835763397104,0.342224521727203,0.3135499716371253,0.3372376434506727,0.3241470879747664,0.29921269659209204,0.24872055404217427,0.26118774973351144,0.3129266118525561,0.322277008621059,0.3285106064667276,0.35095155871113676,0.33786100323523044,0.36030195547963967,0.3889765055697174,0.40082034147648543,0.3939633838462477,0.41328753716782257,0.4157809763060878,0.35095155871113676,0.3278872466821698,0.3316274053895619,0.332250765174131,0.3696523522481425,0.3241470879747664,0.3297573260358658,0.3615486750487779,0.3017061357303572,0.3260171673284624,0.37650930987838027,0.428248171997425,0.48684399174671866,0.48372719282388443,0.4538059231646684,0.44507888618073466,0.5367127745120673,0.5591537267564652,0.5304791766663988,0.47687023519364674,0.5036747059300171,0.5604004463256035,0.5460631712805702,0.6383204193964608,0.5628938854638686,0.5697508430941064,0.6333335411199305,0.6757220064704723,0.7586288578178599,0.9456367931879175,1.0522313163488526,1.0528546761334217,0.9942588563841392,1.001115814014377
2017-01-05,0.0,0.08329381437031536,0.10274930385827562,0.11126108050924302,0.21340240032102883,0.24501757073893937,0.2881844380403547,0.26751298045939276,0.2790646773428754,0.23224990576247723,0.18665110227508072,0.17023553301961356,0.18908303846108407,0.20367465557703768,0.24076168241346677,0.22799401743698247,0.24380160264595988,0.24136966645995653,0.2638650761804099,0.33864711389973573,0.3283113851092547,0.31311178394678923,0.3228395286907805,0.35263074696919955,0.3769501088291443,0.4176850399445563,0.3842459173871322,0.3593185714806976,0.34594292245772357,0.38728583761962526,0.3976215664101062,0.4341006092000234,0.46449981152495445,0.46449981152495445,0.4565960189204768,0.47118763603643044,0.48213134887340114,0.4778754605479285,0.45355609868798374,0.40734931115407536,0.42376488040954247,0.38242196524764077,0.37208623645715977,0.347766874597215,0.3751261566896529,0.4426123858509909,0.4924670776638821,0.516786439523827,0.46510779557144427,0.46085190724594943,0.4316686730140201,0.4632838434319528,0.469363683896939,0.469363683896939,0.5228662799888131,0.5125305511983321,0.5879205729641699,0.6031201741266354,0.5727209718017043,0.5040187745473648,0.341079050085739,0.3514147788761979,0.398229550456596,0.41829302399104606,0.4833473169664028,0.48942715743138904,0.5380658811512786,0.5222582959423233,0.5490095939882493,0.641423169056044,0.6736463235204665,0.5879205729641699,0.5617772589647336,0.5392818492442802,0.5313780566398026
2017-01-12,0.0,0.07868993186167697,0.15737986372333224,0.1740716674515832,0.2420311540593784,0.2885297501594533,0.17824461838362424,0.04411405271031862,-0.05245995457444409,-0.012518852796188204,-0.0315951999141521,-0.059613584743691383,0.07094016584497974,0.11386194686044188,0.11863103363993287,0.1144580827078918,0.13114988643612105,0.12399625626687376,0.0983624148270908,0.16512962974002948,0.19255187872211887,0.20507073151828534,0.11326581101301365,0.15439918448614767,0.15737986372333224,0.140688059995103,0.14605328262204392,0.15916827126566035,0.12697693550405834,0.08167061109886153,0.05544063381162865,0.04888313948983127,0.03934496593082764,0.05782517720138499,0.12161171287711742,0.08047833940398337,0.04292178101546214,0.05544063381162865,0.07988220355653344,0.09120878465784349,0.09120878465784349,0.0983624148270908,0.10074695821682543,0.11207353931813548,0.12578466380918016,0.1734755316041333,0.2301084371106401,0.21758958431447356,0.2640881804145485,0.19493642211187517,0.16214895050284492,0.10074695821682543,0.09061264881041525,0.12220784872456734,0.11565035440274829,0.11803489779250462,0.17884075423107418,0.14486101092716575,0.1597644071130886,0.1353228373681838,0.08942037711553709,0.09657400728478438,0.006557494321797378,0.05842131304881322,0.09776627897964087,0.11684262609762644,0.15082236940153487,0.1549953203335976,0.12578466380918016,0.12876534304636472,0.2497809200760539,0.22891616541576193,0.198513237196488,0.20447459567085716,0.21341663338241085
2017-01-19,0.0,0.03330835206929436,0.11598444024124765,0.14869800030929184,0.08505525617693226,0.11538964824001914,0.11003652022887599,0.1713000963563215,0.1207427762511623,0.10884693622641894,0.039851064082894544,-0.0237916800494867,0.03687710407670871,0.07732296016083176,0.14869800030929184,0.16594696834517836,0.15524071232291367,0.1665417603464069,0.15226675231672784,0.145724040303106,0.15761988032784938,0.15702508832662085,0.1885490643921864,0.19866052841322257,0.20877199243425873,0.27479390457157565,0.3140501766532417,0.32297205667179923,0.31940330466436323,0.32773039268169224,0.30929184064332704,0.32297205667179923,0.3318939366903567,0.28490536859261184,0.291448080606212,0.3170241366594276,0.3414106087101428,0.37174500077322964,0.3366522727002498,0.3057230886359127,0.33486789669654254,0.33486789669654254,0.2890689126012763,0.28550016059384037,0.30512829663468416,0.23910638449734564,0.2533813925270463,0.28312099258890466,0.26587202455301817,0.26587202455301817,0.24326992850601015,0.2837157845901332,0.24743347251467462,0.2450543045097173,0.24267513650478162,0.24862305651715327,0.20401365642436572,0.2254261684688951,0.18022197637487905,0.13025944827094832,0.10349380821527579,0.12966465626971982,0.11063131223012612,0.12550111226105531,0.17784280836992172,0.264087648549311,0.30393871263220557,0.30810225664087004,0.30750746463961987,0.3753137527806656,0.3640127047571508,0.3122658006495129,0.29263766460869073,0.29977516862354103,0.2706303605629112
2017-02-02,0.0,0.001724395599338248,-0.04483428558291992,-0.06035384597698506,-0.07529860783796534,0.07587340637105021,0.22647062204695997,0.18623472472896993,0.16554197753686914,0.09886534769561595,0.18565992619586413,0.19485670272568206,0.2276202191131924,0.21382505431844462,0.18795912032830817,0.01839355305963586,0.05633025624518188,0.1454240288778741,0.1914079115270056,0.2471633692390817,0.21669904698401535,0.201754285123056,0.15059721567588885,0.12013289342084343,0.047133479715343034,0.04425948704977232,0.022417142791439047,-0.06955062250682391,-0.14197523767919762,-0.11898329635463187,-0.14829802154346575,-0.11668410222218785,-0.12703047581823823,-0.08507018290090995,-0.09139296676515717,-0.04943267384782889,-0.0454090841160257,0.006322783864247214,0.007472380930479683,0.04655868118223726,0.016094358927191833,0.04943267384780797,0.0971409520962777,0.09771575062940438,0.18163633646406097,0.1764631496660253,0.19888029245748526,0.19715589685814702,0.14082564061296515,0.15289640980835378,0.16381758193753088,0.1666915746031016,0.2615333325669353,0.3293595594744,0.3299343580075058,0.26670651936495005,0.2678561164311825,0.3891386069182584,0.4454688631634612,0.461563222090653,0.551231793256451,0.48455516341521876,0.4811063722165213,0.5035235150079813,0.5167438812696024,0.5259406577994412,0.5391610240610624,0.5633025624518606,0.5822709140446232,0.5224918666007439,0.48972835021323347,0.35005230666650083,0.23221860737810143,0.3080920137491725,0.2184234425833745
2017-02-09,0.0,0.21263531338125088,0.1933048303465842,0.19785317929591145,0.11484581097062181,0.16942599836259026,0.1472527972346121,0.12621668334395028,0.060265623578653366,-0.009665241517333346,-0.060834167197311516,-0.17397434731191752,-0.30473937960519504,-0.45142363322112833,-0.5224915855544313,-0.7140907850450204,-0.6748612753570495,-0.6543937050850459,-0.7402437915036884,-0.6458655508050496,-0.6054989538797416,-0.589579732557086,-0.563426726098418,-0.6202810879650604,-0.7032884562903707,-0.7192076776130265,-0.7953925225143149,-0.7675338851996725,-0.731715637223692,-0.6902119530610265,-0.6578049667970568,-0.6305148731010519,-0.5776403165650786,-0.5406849813517611,-0.5077094514691125,-0.5531929409624265,-0.5691121622850822,-0.5480760483944205,-0.4320931501864823,-0.42072227781315386,-0.46052033111980356,-0.45142363322112833,-0.4724597471117901,-0.44744382789047993,-0.45426635131446047,-0.43095606294914535,-0.4116255799144787,-0.3883152915491635,-0.3962749022105017,-0.42072227781315386,-0.41048849267716236,-0.3752387883198399,-0.37865005003183017,-0.32691258073319385,-0.22230055489856357,-0.19842172291456958,-0.19387337396524235,-0.24674793050121566,-0.30132811789320474,-0.40366596925316106,-0.4281133448558132,-0.42925043209315017,-0.34453743291184474,-0.35022286909850897,-0.2814290912398799,-0.2683525880105563,-0.3155417083598654,-0.30246520513054176,-0.28427180933321206,-0.2797234603838848,-0.21832074956789443,-0.17340580369325936,-0.22457472937323755,-0.18818793777857812,-0.16374056217592603
2017-02-16,0.0,-0.07611961654027341,0.0034339676634628402,-0.11332093289454441,-0.17856631850050494,-0.1865789097152585,-0.11217627700671653,-0.08756617541851064,-0.1573901845757619,-0.16711975962226772,-0.09615109457718857,-0.09615109457718857,-0.10301902990413507,-0.04635856345685246,-0.08355987981112345,-0.09672342252111292,-0.05494348261553038,-0.025182429532130235,-0.019459150093011617,0.016025182429527957,0.010301902990409343,0.017169838317355843,0.07669194448419778,0.07383030476463846,0.10931463728715721,0.11904421233366302,0.10187437401630718,0.16368579195878405,0.35369866933752625,0.32622692802976105,0.3697238517670542,0.31535269709542735,0.3325225354127832,0.36457290027185996,0.3622835884962042,0.3548433252253541,0.3622835884962042,0.35541565316925766,0.2581199027042412,0.24896265560165973,0.2998998426098238,0.28730862784375866,0.27643439690942495,0.267849477750747,0.2689941336385749,0.29474889111460867,0.2575475747603377,0.2289311775647446,0.18314494205179568,0.24323937616254113,0.22950350550864812,0.23522678494776675,0.29703820289026445,0.30962941765630875,0.3290885677493204,0.4246673343826054,0.44698812419515555,0.38803834597223796,0.38174273858921576,0.3565603090570856,0.41665474316783097,0.38574903419660295,0.3451137501788483,0.3405351266275576,0.43039061382172406,0.40806982400915304,0.4429818285877891,0.44012018886822984,0.4343969094291112,0.4269566461582403,0.49334668765202877,0.47217055372728567,0.41951638288739035,0.4298182858777997,0.43783087709257407
2017-02-23,0.0,0.06994415658538222,0.06770594357464185,0.06546773056390147,0.12869724811710329,0.10016003223025513,0.08225432814439321,0.040287834193163875,0.05819353827902579,0.09960047897758023,0.09848137247221002,0.10295779849367043,0.11414886354733159,0.08281388139708848,0.09624315946146966,0.11638707655807196,0.14548384569759504,0.17849748760588321,0.14324563268685464,0.1566749107512562,0.1628299965307617,0.19192676567028477,0.21990442830443763,0.2310954933580988,0.26187092225566694,0.2473225376858953,0.2473225376858953,0.3038374162068963,0.2797766263415289,0.25515628322346623,0.22214264131515765,0.19192676567028477,0.2059155969873612,0.21878532179906746,0.22270219456785295,0.19640319169174514,0.16954463556296245,0.11302975704196139,0.1365309936546539,0.22214264131515765,0.22605951408394315,0.30999250198640177,0.33405329185176924,0.3334937385990943,0.3625905077386174,0.3278982060722637,0.3396488243785998,0.35363765569567623,0.38721085085665974,0.3402083776312951,0.37098380652886326,0.3928063833834903,0.3620309544859221,0.34860167642154094,0.3530781024430013,0.42358181228105846,0.4588336672001074,0.3922468301308154,0.2059155969873612,0.24284611166443484,0.30999250198640177,0.17793793435320832,0.2299763868527286,0.23221459986346898,0.37210291303423343,0.42190315252301336,0.37434112604495345,0.34076793088396995,0.26299002876103716,0.016227044327796463,0.030215875644872908,-0.08281388139710884,-0.08505209440782885,-0.022941683360017583,-0.0022382130107403736
2017-03-02,0.0,0.017827596004394097,-0.05515412513858981,-0.004456899001093458,-0.01949893312980161,0.03175540538282382,0.07298172114296364,0.050697226137476084,0.10306578940037996,0.0930377666479146,0.07298172114296364,0.07910995726948487,0.10640846365119498,0.04456899001097511,0.06351081076562738,0.04902588901206857,0.055154125138569536,0.046797439511511704,0.05181145088775451,0.05626834988884797,0.07409594589324207,0.0896950923970793,0.11587937402853124,0.08913798002195022,0.08579530577111492,0.0896950923970793,0.08356685627057833,0.13704964428374036,0.08022418201974305,0.04902588901206857,-0.06239658601536921,-0.06016813651481235,-0.13203563290751782,-0.14652055466107664,-0.13927809378429723,-0.06183947364024013,-0.06128236126509078,-0.04122631576016008,-0.09415199139819304,-0.127021621531275,-0.19610355604829455,-0.20000334267425893,-0.17994729716930796,-0.19888911792398048,-0.1966606684234236,-0.2735421761923719,-0.33816721170827774,-0.250700568811735,-0.23343008518249023,-0.27688485044318695,-0.24791500693604906,-0.2796704123188729,-0.324239402329848,-0.39944957297336847,-0.4033493595993328,-0.347638122085614,-0.350980796336429,-0.35376635821211494,-0.3604517067137653,-0.23398719755761935,-0.2351014223078978,-0.25905725443879285,-0.2557145801879778,-0.2557145801879778,-0.6000100280227565,-0.568811735015082,-0.7264745371789024,-0.6802342100425198,-0.7242460876783455,-0.6729917491657201,-0.6863624461690208,-0.9955598143701606,-1.0546137261346944,-0.9392914644813127,-0.9348345654801989
2017-03-09,0.0,0.11965619908993468,0.07190607269254128,0.07134430649963894,0.1263973934048649,0.10785910903882212,0.10673557665299702,0.06010898264142872,0.16628279310150298,0.20279759564068617,0.152800404471663,0.1432503791921802,0.10898264142464723,0.1651592607156983,0.22358294477837914,0.20841525756979126,0.19268580416830106,0.19100050558957363,0.21122408853434382,0.21684175046344895,0.17133868883770573,0.14999157350711043,0.1578563002078453,0.1730239874164332,0.17077692264480343,0.14774450873546022,0.1376327172630751,0.17077692264480343,0.17695635076681085,0.18032694792426573,0.17583281838098574,0.11965619908993468,0.11235323858210212,0.13426212010562022,0.152800404471663,0.13426212010562022,0.10785910903882212,0.10617381046009468,0.057300151676876174,0.07022077411381383,0.07078254030671617,0.10055614853098958,0.10111791472389192,0.08538846132240172,0.09100612325150681,0.08033256558619893,0.11797090051120723,0.13145328914106766,0.13145328914106766,0.13313858771979512,0.13819448345597743,0.10224144710971703,0.05392955451940085,0.10842087523172447,0.08707375990112916,0.09212965563733191,0.1308915229481449,0.1730239874164332,0.13987978203472531,0.1443739115780053,0.23875063198696705,0.26908600640414276,0.31402730183698363,0.36739509016348215,0.32863322285264873,0.2988596146283958,0.24942418965227492,0.2308859052862117,0.29324195269929065,0.33593618336048126,0.3297567552384738,0.29998314701422085,0.21908881523509915,0.23931239817986935,0.2533565530026321
2017-03-16,0.0,0.07941158751978444,0.1089855580444018,0.19004014392666055,0.11555755149431897,0.10405656295695892,0.08817424545301399,0.10460422907779697,0.11227155476935041,0.17361016030187756,0.17415782642269567,0.11227155476935041,0.0996752339903541,0.10405656295695892,0.1188435482192676,0.09584157114456743,0.1270585400316591,0.11720054985679329,0.12103421270257997,0.09091257605714449,0.0870789132113578,0.07010126346573677,0.03833662845782697,0.032859967249565976,0.02683563992048685,0.06024327329087096,0.0744825924323615,0.03724129621617078,0.022454310953882037,0.0032859967249685524,0.004928995087442866,0.012048654658178176,0.00711965957073531,0.000547666120838054,0.015334651383126804,0.021906644833043984,0.0021906644833123677,-0.002738330604130498,0.028478638282961162,0.011500988537360046,0.014786985262308674,0.04107495906195747,0.061338605532527145,0.05531427820344801,0.07010126346573677,0.09693690338622361,0.08653124709051975,0.09912756786953598,0.07776858915731012,0.07119659570739295,0.06298160389500145,0.06845826510326244,0.06626760061997002,0.03121696888709166,0.0690059312241005,0.052575947599317524,0.05750494268674046,0.08269758424475299,0.0816022520030968,0.08598358096970163,0.13910719468983726,0.1369165302065249,0.08598358096970163,0.07064892958657482,0.07393492631152344,0.05805260880757851,0.071744261828231,0.07010126346573677,0.0996752339903541,0.12377254330671046,0.21961411445127788,0.2267337740220132,0.2480927527342191,0.26233207187570967,0.263975070238184
2017-03-23,0.0,0.016576875259013676,0.054703688354753165,0.10553943914904569,0.1392457521757189,0.15140212736566627,0.09006768890730363,0.08896256389003203,0.016024312750387928,-0.001657687525897347,0.037021688078467896,0.03425887553529895,0.08398950131233998,0.11106506423538358,0.08785743887278052,0.09227793894184681,0.10774968918358888,0.1099599392181321,0.16411106506423942,0.20279044066860463,0.20831606575494258,0.20444812819450203,0.191186627987283,0.1696366901505773,0.17018925265920307,0.14919187733112307,0.16632131509876252,0.17958281530598147,0.2066583782290452,0.2099737532808399,0.1978173780908925,0.19505456554772355,0.19229175300455462,0.18455587788369363,0.1630059400469678,0.1403508771929905,0.14090343970161626,0.15140212736566627,0.183450752866422,0.19726481558226677,0.19726481558226677,0.20113275314270732,0.20334300317723042,0.12045862688216202,0.1259842519684999,0.09393562646774417,0.12929962702031472,0.13648293963254995,0.14311368973615946,0.13095731454621204,0.10056637657135366,0.11106506423538358,0.15913800248652726,0.1370355021411757,0.13206243956348365,0.11880093935626468,0.13758806464982154,0.16024312750379888,0.16687387760740835,0.16908412764193145,0.19339687802182623,0.16632131509876252,0.16024312750379888,0.1900815029700315,0.1989225031081641,0.22986600359164827,0.22599806603122782,0.19615969056499516,0.18455587788369363,0.20500069070312774,0.4017129437767688,0.44426025694157456,0.3972924437077025,0.37021688078463877,0.3414836303356777
2017-03-30,0.0,0.12147543405580609,0.17619409804490613,0.19096813732196713,0.2424036814717092,0.2621024005077972,0.2818011195438652,0.2445924280312812,0.2604608405881282,0.3097076381783182,0.2894617325023472,0.2905561057821332,0.31353794465753926,0.2872729859427752,0.28453705274332025,0.26593270698703814,0.2610080272280112,0.2528002276296462,0.23474306851324714,0.22106340251597215,0.21887465595640015,0.20464780331924215,0.20355343003945614,0.2708573867460452,0.25389460090943217,0.23857337499248815,0.2352902551531302,0.24404524139139813,0.23912056163237116,0.26538552034713525,0.2730461333056172,0.26866864018649317,0.2528002276296462,0.2549889741892181,0.23474306851324714,0.1772884713246921,0.18659064420284308,0.16579755188696915,0.11928668749623411,0.12749448709459912,0.15923131220829306,0.13679665997275012,0.1313247935738401,0.12092824741592305,0.1357022866929641,0.1285888603743851,0.13296635349350913,0.1406269664519911,0.14172133973177709,0.19698719036076018,0.18713783084272614,0.17893003124436113,0.18987376404218115,0.14007977981210806,0.09521047534104203,0.071681449825733,0.07496456966507103,0.11709794093668205,0.09138016886180106,0.13187198021374305,0.2615552138678942,0.29985827866026427,0.26374396042746623,0.24787554787061924,0.2719517600258312,0.22325214907552418,0.10505983485907607,0.0946632887011391,0.09083298222191802,0.21942184259630312,0.3518410094499093,0.36989816856632823,0.38631376776305826,0.3906912608821823,0.16798629844654112
2017-04-06,0.0,0.012463557641240679,0.09862467350898313,0.119758532118058,0.07423945203698278,0.07261377060552003,0.09212194778311242,0.12355178879146447,0.11163012496072454,0.1463113288320021,0.1457694350215211,0.14251807215857587,0.11759095687609451,0.08616111586774244,0.07640702727894626,0.02221764623005659,-0.03413931006079654,-0.07315566441600105,-0.023843327661499623,-0.011921663830759668,-0.0059608319153699775,0.001083787620981736,-0.020591964798574128,-0.014631132883204152,-0.003793256673426219,-0.012463557641240679,-0.03576499149225929,-0.07369755822648205,-0.03413931006079654,-0.02113385860905514,0.0027094690524444827,0.005960831915389691,0.05473127485939039,0.07532323965796452,0.08399354062577898,0.09320573540409417,0.11433959401316901,0.0942895230250759,0.06340157582720485,0.03955824816568551,-0.02926226576638859,0.003793256673426219,-0.020050070988093117,-0.0390163543552045,-0.03359741625031553,-0.03142984100835206,-0.018424389556610656,-0.03847446054470377,-0.023843327661499623,-0.007044619536351713,0.005960831915389691,-0.007044619536351713,-0.014089239072703427,-0.003251362862925494,0.028720371955907577,0.03847446054472349,0.043351504839111724,0.003793256673426219,0.007586513346852438,0.02980415957688931,0.0,0.048228549133519684,-0.006502725725870703,-0.08507732824676072,0.1495626916949473,0.22217646230044763,0.11759095687609451,0.10025035494044586,0.08887058492018693,0.16798708125155795,0.3289295429667642,0.3717391539953949,0.33705795012409767,0.37282294161635693,0.25523198474028214
2017-04-13,0.0,-0.023422648066538147,-0.02069908433787046,-0.09913771972350778,-0.09205645402895594,-0.008715403931728673,-0.023967360812263756,-0.028869775523873518,0.0027235637286676874,0.016341382372006125,0.06591024223376991,0.09750358148631114,0.0495688598617638,0.06209725301363119,0.054471274573353747,0.055015987319099166,0.04739000887882172,0.033772190235483286,0.04194288142148635,0.07734920989416627,0.07625978440269525,0.04139816867576073,0.06318667850510223,0.05011357260748941,0.05556070006482478,0.07952806087710836,0.0751703589112242,0.08878817755456264,0.09913771972350778,0.1029507089436465,0.07244679518255652,0.09586944324911448,0.08007277362283396,0.07843863538563732,0.05174771084468606,0.014707244134809476,-0.016886095117731734,0.0032682764744131143,-0.07625978440269525,-0.09913771972350778,-0.15742198351698045,-0.14761715409378073,-0.16395853646578684,-0.11166611287537517,-0.07898334813136293,-0.043577019658683,-0.07734920989416627,-0.07190208243683091,-0.07081265694535986,-0.07680449714842086,-0.12528393151871361,-0.13563347368763895,-0.1182026658241816,-0.14598301585658408,-0.11057668738390412,-0.0778939226398919,-0.04194288142148635,-0.051202998098940626,-0.04303230691293757,-0.08279633735150166,-0.062097253013611374,-0.062097253013611374,-0.16831623843165117,-0.19282831198966036,-0.1503407178224484,-0.261462117952098,-0.2788929258155751,-0.2592832669691559,-0.2778035003241041,-0.2881530424930294,-0.28270591503569403,-0.35460799747252497,-0.3720388053360021,-0.36386811414999903,-0.349705582760935
2017-04-20,0.0,0.13012969043409908,0.10377431009302052,0.03349329585013772,0.036787718392765054,0.08894940865115761,0.02525723949354943,0.05875053534366717,0.07577171848062832,0.029649802883725856,0.008236056356588297,0.02141374652713756,0.024708169069764887,0.02251188737468666,0.05600518322480441,0.060397746614980846,0.0993817467028441,0.16197577501290317,0.23829656391729606,0.22182445120411945,0.22566794417053132,0.22731515544184497,0.2492779723927471,0.23060957798447232,0.23939470476484515,0.2514742540878453,0.19382185959172724,0.22566794417053132,0.248179831545198,0.2470816906976489,0.25531774705423715,0.2695935780723356,0.26410287383461006,0.26300473298706095,0.3063812964651006,0.32175526833072815,0.2805749865477866,0.24159098645992338,0.23664935264598236,0.17954602857362886,0.18174231026872706,0.23500214137466868,0.23225678925580592,0.27782963442892383,0.21798095823770758,0.2108430427286684,0.2190790990852567,0.21798095823770758,0.19931256382945275,0.1520925073850012,0.13891481721447194,0.09279290161756946,0.08840033822739303,0.12903154958655,0.09608732416019679,0.09444011288888314,0.11859921153488345,0.08620405653229483,0.13452225382427552,0.15264157780878576,0.19162557789662904,0.19162557789662904,0.15648507077517765,0.13946388763823647,0.13012969043409908,0.06753566212404001,0.06533938042894182,0.11859921153488345,0.13616946509560915,0.1696627609457269,0.23335493010333508,0.2932036062945514,0.3525032120619831,0.3470125078242576,0.30583222604131605
2017-04-27,0.0,0.06694730978930342,0.14407061066656926,0.10443780327131333,0.09426181218333142,0.09479739066163806,0.06480499587603791,0.06534057435434455,0.06319826044109854,-0.0064269417397770255,-0.06748288826762953,-0.013925040436186802,0.005355784783144274,0.04980879848323785,-0.002677892391572137,0.01017599108796243,0.10497338174961998,0.1290744132737692,0.0883704489218805,0.09051276283512653,0.10229548935804783,0.1644225928425136,0.13335904110028074,0.12800325631713647,0.14728408153646752,0.15906680805936935,0.1917370952365611,0.18584573197509072,0.15103313088465292,0.11247148044602974,0.11568495131590853,0.1290744132737692,0.12425420696893157,0.0760521439206331,0.07444540848569371,0.08247908566041012,0.02999239478560014,0.028385659350660754,-0.008033677174716411,0.03856165043862318,0.03159913022053953,0.013389461957860683,0.002677892391572137,0.017674089784372207,0.021423139132577096,-0.008569255653042528,-0.000535578478326118,0.08140792870377737,0.14996197392803967,0.1446061891448954,0.11193590196770364,0.17245627001723005,0.15210428784128568,0.19441498762813325,0.2447593645896777,0.2661825037222548,0.19548614458476601,0.2115534989341988,0.2329766380667759,0.23511895198002195,0.18477457501847744,0.18691688893172348,0.1585312295810627,0.16120912197263484,0.20137750784621689,0.22012275458722186,0.20298424328115627,0.1933438306715005,0.2115534989341988,0.08622813500861502,0.10497338174961998,0.01499619739280007,0.0016067354349393853,0.013925040436167319,-0.13657251197017897
2017-05-04,0.0,0.0010704804316216043,0.06048214438639672,0.051918300933462835,0.05245354114926389,0.08777939539264054,0.03693157489079931,0.00535240215808855,0.00535240215808855,0.0214096086323542,0.04014301618566413,0.04121349661728573,0.05245354114926389,0.029438211869487026,0.008563843452933892,0.05031258028602069,0.018733407553309926,0.018733407553309926,0.06958122805515114,0.05834118352315351,0.011775284747798705,-0.0032114412948648133,0.0037466815106658793,0.003211441294845341,-0.021944848848174738,-0.044960178127951604,0.0005352402158010662,0.026762010790442752,0.020339128200732595,-0.025691530358821147,-0.04067825640148466,-0.021944848848174738,-0.07921555193970665,-0.06476406611288314,-0.07814507150810451,-0.09901943992463819,-0.19429219833861047,-0.17555879078530054,-0.13381005395221376,-0.16699494733236664,-0.10116040078788138,-0.08242699323457146,-0.07172218891839435,-0.07225742913419543,-0.10544232251434833,-0.05245354114926389,-0.0556649824441287,-0.07118694870257382,-0.043889697696330006,-0.030508692301108628,-0.00535240215808855,0.004281921726466946,-0.00535240215808855,0.0005352402158010662,0.05566498244410923,0.08296223345037251,0.07279266934999648,0.10972424424081527,0.12578145071508093,0.15307870172132473,0.13595101481543748,0.12899289200992628,0.13916245611030229,0.11347092575148116,0.14558533870001245,0.15361394193714528,0.10330136165110511,0.13488053438383538,0.05620022265992977,0.08724415517683948,0.17074162884301308,0.19215123747536725,0.1680654277639688,0.19215123747536725,0.16164254517427812
2017-05-11,0.0,-0.035523978685616645,0.023859388669441425,0.010604172741973967,0.01855730229845444,0.008483338193571457,-0.03393335277432441,-0.015376050475869967,0.014845841838759697,0.04294689960498685,0.03287293550012315,0.029691683677519395,0.04559794279048034,0.07104795737123329,0.06468545372604505,0.12194798653270061,0.12618965562948634,0.1325521592746746,0.16860634659738222,0.161713634315103,0.15323029612153155,0.1521698788473303,0.13732403700857057,0.16595530341188872,0.14845841838763552,0.1468677924763433,0.1643646775005965,0.15110946157312904,0.14951883566183677,0.14951883566183677,0.1325521592746746,0.14262612337955757,0.17443864160547948,0.16754592932318096,0.17284801569416794,0.16966676387158347,0.17019697250867447,0.14156570610535632,0.1367938283714603,0.13838445428275256,0.1500490442989278,0.14103549746824603,0.12194798653270061,0.15641154794411602,0.10180005832295394,0.08642400784708397,0.07475941783090875,0.01113438137906495,-0.04294689960498685,-0.07953129556480475,-0.07210837464541525,-0.03499377004850637,-0.05832295008085682,-0.012194798653266205,-0.006362503645188238,0.014845841838759697,0.059913575992149054,0.04347710824209712,0.0487791946130841,-0.007953129556480474,0.019087510935545424,0.06468545372604505,0.11982715198429811,0.061504201903441295,0.06998754009703204,0.07635004374222028,0.07688025237931126,0.07157816600832428,0.014845841838759697,-0.05196044643566858,-0.11134381379072665,-0.09331672012936319,-0.07051774873412302,-0.1977678216378106,-0.19511677845231712
2017-05-18,0.0,0.25071405902888744,0.3194752988469346,0.289326139849787,0.30043372474346386,0.2782185549560909,0.21421770866391623,0.17454776261504285,0.12112556860256773,0.07457949857187425,0.12800169258436858,0.1221834338305223,0.08198455516767164,0.07140590288797208,0.019570506717448047,-0.011636517507673371,0.026446630699248914,0.01851264148947424,-0.01851264148947424,-0.07087697027399478,-0.07881095948376947,0.017454776261500438,0.03596741775097467,0.07563736379984805,0.06347191367819739,0.08039775732572055,0.11001798370887164,0.163440177721366,0.20892838252406642,0.19464720194646817,0.19464720194646817,0.20469692161219047,0.14757219930181664,0.14281180577594416,0.19834973024436686,0.2078705172960926,0.17243203215909522,0.1560351211255686,0.16026658203744457,0.14651433407384284,0.14492753623189175,0.1623823124933922,0.15444832328361752,0.1623823124933922,0.20099439331429178,0.17772135829894503,0.12377023167249263,0.0999682640431686,0.051835396170524024,0.02009943933142533,0.05077753094255022,0.05659578969639653,0.06029831799429522,0.09203427483339392,0.07616629641384456,-0.005289326139849783,-0.011107584893676848,0.051835396170524024,0.039141013434896094,-0.001057865227973805,-0.052364328784520554,-0.04548820480270044,-0.005289326139849783,-0.05500899185444544,-0.14334073838992142,-0.1343488839521922,-0.20152332592826902,-0.1851264148947424,-0.25917698085263935,-0.2665820374484368,-0.2411932719771424,-0.23484608060933806,-0.24859832857293981,-0.28192108325398957,-0.35438485136993547
2017-05-25,0.0,0.020787472083498775,0.01119325419881449,-0.014391326827036121,0.03997590785286734,0.12738989302447834,0.17056387350556731,0.13911615932798999,0.15084242563148223,0.19081833348434954,0.21427086609137283,0.17003086140087018,0.20574267241610222,0.26117593130539996,0.24785062868777752,0.27876533076065774,0.31181208125236526,0.30115183915826726,0.31660919019471706,0.30808099651942705,0.3853677517016373,0.38483473959694015,0.416815465879234,0.39442895748162443,0.3773725701310638,0.3885658243298783,0.32673642018409854,0.33579762596408563,0.3645802796181579,0.32300533545117976,0.32300533545117976,0.3043499117865083,0.370443412769904,0.3853677517016373,0.3768395580263667,0.3784385943404775,0.37524052171225586,0.4200135385074556,0.3965610059004518,0.3859007638063538,0.32460437176529056,0.3086140086241436,0.31341111756647605,0.30754798441472997,0.29155762127358303,0.28196340338889875,0.3032838875770947,0.4312067927062701,0.46478655530267476,0.4962342694802715,0.4701166763497238,0.48184294265323546,0.43173980481096724,0.463187518988564,0.5079605357837638,0.48610703949087075,0.5020974026320177,0.5292810199719598,0.7499480313197953,0.8160415323032103,0.8368290043866897,0.8453571980619797,0.8949273237995313,0.8927952753807039,0.9338372074429848,0.9093186506265675,0.9231769653488869,0.9434314253276692,1.021784204719293,1.1763577150837135,1.3836994238139266,1.4252743679809046,1.3383933949140103,1.266436760778849,1.2440502523812393
2017-06-01,0.0,0.12865052371701433,0.06666909731083567,0.11250410171205297,0.19323621173689762,0.1974030303188213,0.171881266504508,0.15625569682227997,0.13542160391264266,0.13125478533071896,0.11667092029397663,0.10833728313011032,0.18021490366837428,0.21563286161475395,0.2489674102701623,0.24532144401099096,0.2474048533019433,0.25730104743402865,0.2557384904658096,0.267197241566095,0.189069393154955,0.15313058288584197,0.164068481663394,0.16823530024531766,0.17865234670013633,0.1583391061132513,0.19063195012319295,0.19636132567333564,0.20261155354623062,0.20261155354623062,0.11302495403478631,0.12135859119863365,0.16719359559985095,0.1583391061132513,0.1541722875313276,0.1505263212721373,0.13542160391264266,0.12292114816687162,0.017188126650447007,-0.08906574718869202,-0.10000364596626297,-0.06771080195632133,-0.06771080195632133,-0.016667274327713654,-0.008333637163847352,-0.048439266014903004,-0.035417957946379676,-0.034376253300894014,0.021875797555122988,0.014063012714008989,0.007291932518380645,0.006771080195628343,0.026042616137046663,0.032813696332675,0.0723984728609973,0.14479694572197566,0.146880355012947,0.19844473496430695,0.14375524107650897,0.13229648997620463,0.14948461662665163,0.173443823472727,0.07291932518373066,0.08281551931581597,0.16198507237244164,0.08750319022047301,0.110941544743815,0.10781643080737698,0.10260790757996766,0.10104535061174864,0.1192751819076813,0.15104717359487066,0.140630127140052,0.13802586552634732,0.14740120733568032
2017-06-08,0.0,-0.01654182756179007,0.019126488118300373,-0.12819916360385894,-0.2744909511034029,-0.27087242632425834,-0.30292221722522306,-0.24709354920419807,-0.1881632885153268,-0.146808719610861,-0.12613143515862812,-0.15559656550306375,-0.19643420229621245,-0.20884057296755967,-0.17368918939876754,-0.19540033807361581,-0.263118444654671,-0.24812741342679465,-0.20315431974320314,-0.216594554637147,-0.21607762252584872,-0.19953579496405863,-0.18196010317965317,-0.19540033807361581,-0.18247703529097026,-0.1705875967309213,-0.15352883705783293,-0.16386747928394937,-0.18454476373618225,-0.1829939674022686,-0.18247703529097026,-0.18092623895703774,-0.21297602985800249,-0.21711148674844533,-0.21711148674844533,-0.1974680665188278,-0.16800293617439221,-0.18092623895703774,-0.1948834059622987,-0.19850193074144323,-0.21969614730497442,-0.21504375830323333,-0.2429580923137364,-0.2357210427554662,-0.22796706108587886,-0.20677284452232889,-0.12354677460209904,-0.1188943856003391,-0.19540033807361581,-0.1902310169605576,-0.19436647385100042,-0.1922987454057696,-0.17368918939876754,-0.1250975709360127,-0.1250975709360127,-0.1183774534890408,-0.10855574337422266,-0.13026689204907096,-0.13957167005257198,-0.1250975709360127,-0.10700494704030895,-0.1183774534890408,-0.09304778003504799,-0.15973202239350656,-0.2646692409885847,-0.26053378409814193,-0.2682877657677292,-0.3080915383382813,-0.2646692409885847,-0.23106865375370628,-0.2817280006616731,-0.29568516766693403,-0.27810947588254736,-0.27242322265817204,-0.31532858789655155
2017-06-15,0.0,0.04061907638469011,-0.022913325140072372,-0.12289874393316884,-0.09373633011852438,-0.047388922448801975,0.016664236465519233,0.04738892244882092,0.05884558501884764,0.04478513550108413,0.052596496344294495,0.03593225987877526,0.011977419959585438,0.003645301726835293,0.02499635469826938,0.06092861457704464,0.04634740766972241,0.048430437227900476,0.06561543108297843,0.053117253733834274,0.006769846064111861,-0.011977419959585438,-0.0026037869477367886,-0.001562272168638284,-0.016664236465519233,-0.019268023413256025,-0.014581206907322225,-0.04270210594288712,-0.07082300497843307,-0.0911325431707876,-0.10831753702584661,-0.08904951361259059,-0.09634011706626118,-0.1531026725269118,-0.1364384360614115,-0.1551857020851088,-0.15206115774783224,-0.12862707521820116,-0.10675526485720832,-0.08071739537984043,-0.0874872414439523,-0.09946466140353775,-0.18695190284749005,-0.18278584373111498,-0.2556918782677451,-0.26037869477367886,-0.20413689670256802,-0.19528402108025913,-0.2098652279875814,-0.21611431666215347,-0.26819005561688924,-0.27391838690190257,-0.2473597600349949,-0.23642385485448902,-0.23798612702314625,-0.1624763055387794,-0.1801820567833782,-0.21663507405169322,-0.2228841627262653,-0.2437144583081596,-0.36869623179952543,-0.3801528943695711,-0.39421334388735363,-0.42285500031245826,-0.36400941529359165,-0.38588122565458444,-0.3364092736475855,-0.27808444601827764,-0.287978836419685,-0.2635032391109554,-0.25777490782594203,-0.2447559730872581,-0.25308809132000826,-0.2733976295123628,-0.30516383027474403
2017-06-22,0.0,0.17526302416866354,0.2369680533878173,0.25148688379231854,0.24889423550579978,0.21933804503948226,0.19341156217429478,0.18459655800014613,0.2120786298372411,0.2105230408653336,0.24111629064624351,0.2561536507080598,0.256672180365356,0.242671879618151,0.23904217201703984,0.23748658304511347,0.24941276516311484,0.24422746859007732,0.284672781859766,0.322525446842936,0.36763752702836594,0.40082342509579455,0.4220831410452597,0.43400932316324214,0.4438613866520209,0.47756581437676465,0.48067699232057953,0.5060849455284708,0.5304558394217319,0.5154184793599346,0.4863808185509133,0.47912140334867204,0.4843066999217096,0.46719522123068963,0.4905290558093583,0.5138628903880271,0.47963993300596824,0.40963842926996213,0.4106754885845734,0.4153422555003147,0.34845192970812344,0.3375628069047522,0.3598595821688097,0.36971164565756964,0.35208163730925346,0.37645253120253347,0.3650448787418472,0.36971164565756964,0.40186048441040584,0.3909713616070347,0.40808284029805464,0.3951195988654609,0.4174163741295184,0.33237751033171475,0.32408103581484343,0.3043769088373047,0.3012657308934898,0.29400631569122976,0.2971174936350447,0.32563662478675093,0.33393309930362225,0.24370893893276227,0.25407953207883727,0.10785416871917614,0.08503886379782247,0.1171877025506587,0.16229978273606982,0.09592798660119366,-0.10992828734839868,-0.25407953207883727,-0.17889273176979356,-0.11718770255063984,-0.14881801164617986,-0.14155859644391985,-0.2333383457866873
2017-06-29,0.0,0.11025995096057419,0.1291616568395221,0.19006715356059356,0.23574627610140667,0.24414703426984286,0.23154589701719816,0.30295234144880046,0.33393013719487413,0.3496815587606705,0.3628077433988341,0.37120850156725116,0.3087278626896039,0.31345328915933135,0.22734551793298963,0.24939750812510825,0.2651489296909046,0.2714494983172078,0.30295234144880046,0.3124031943882935,0.25779826629352537,0.29245139373826956,0.3202789051711917,0.3108280522316986,0.33340508980935524,0.33182994765276036,0.3118781470027555,0.32080395255671057,0.31345328915933135,0.31030300484617973,0.40953696071070417,0.38590982836200965,0.39326049175936983,0.42738857181859513,0.4751678839015221,0.47936826298573054,0.45049065678177075,0.40271134469884373,0.39063525483173706,0.3670081224830426,0.4163625767225454,0.40638667639753334,0.30662767314749007,0.19321743787376428,0.0414787434565855,-0.011551042481587783,-0.009450852939493068,-0.10710966664742255,-0.0829574869132092,-0.03727836437239607,-0.14858841010402718,-0.20424343296983316,-0.21526942806588292,-0.2089688594395797,-0.15173869441717877,-0.10028405063558131,-0.07350663397371612,-0.01260113725264469,-0.001575142156594912,-0.010500947710530876,-0.008925805553955064,0.07455672874475393,0.10973490357503617,0.04462902776975622,0.04672921731185094,0.1139352826592447,0.09293338723818297,0.14648822056189426,0.13861250977899608,-0.13441213069480665,-0.2793252091001251,-0.29507663066592144,-0.2856257777264474,-0.27354968785934075,-0.30137719929224377
2017-07-06,0.0,-0.019187189180503366,-0.004148581444428571,0.05652442218037937,0.07986019280531131,0.14157034179124997,0.14779321395790226,0.19809476397164824,0.1960204732494245,0.21572623511047434,0.20587335417995883,0.18201901087446154,0.21002193562438742,0.20535478149939349,0.26136063099922635,0.2945492825546927,0.30492073616577353,0.29766071863800936,0.3018093000824568,0.31581076245740086,0.3495179866934137,0.3604080129850599,0.37492804804056934,0.34692512329064346,0.34329511452678024,0.36144515834617175,0.3604080129850599,0.36559373979060034,0.31944077122128295,0.31062503565186045,0.2857335469852702,0.3329236609156994,0.3578151495822897,0.32047791658239483,0.346406550610097,0.3666308851517122,0.39722667330438943,0.38426235629053834,0.3858180743321967,0.428341034137632,0.3967081006238429,0.3759651934016812,0.35988944030449455,0.373372329998911,0.3821880655683335,0.4018938274293834,0.39255951917941434,0.41848815320711646,0.3941152372210727,0.39567095526273105,0.3396651057628982,0.33914653308233284,0.3728537573183456,0.39255951917941434,0.40811669959603564,0.42782246145708547,0.49316261920688736,0.4941997645679992,0.5258326980817883,0.5450198872622917,0.5590213496372547,0.5543541955122607,0.5424270238595215,0.5486498960261738,0.5227212619984716,0.5222026893179251,0.5330927156095524,0.5346484336512108,0.445972505276477,0.37855805680445137,0.37181661195725263,0.2701763665686489,0.25358204079091573,0.2935121371935808,0.25513775883259293
2017-07-13,0.0,0.1821318045761324,0.18821977575972068,0.1562579270458083,0.16386789102531213,0.10755415757699115,0.12835472578762758,0.17655116432448517,0.2206889554056111,0.2531581350515015,0.24656283293591671,0.2257622647252803,0.2069910202425005,0.2206889554056111,0.2470701638678947,0.2521434731875639,0.2587387753031302,0.2440261782760821,0.2328648977728246,0.24250418548018507,0.25924610623508976,0.27598802699001296,0.27040738673836573,0.2607680990310053,0.2602607680990273,0.2242402719293832,0.13292070417533727,0.14915529399828245,0.184668459235967,0.10248084825732193,0.10958348130484777,0.17959514991629777,0.160823905433518,0.1633605600933526,0.20191771092283126,0.20394703465070632,0.18010248084825733,0.1430673228146757,0.15321394145401415,0.09994419359748734,0.12125209274010175,0.09994419359748734,0.1430673228146757,0.1364720206991094,0.15372127238597366,0.17858048805236024,0.1978590634670996,0.22018162447365155,0.2257622647252803,0.17959514991629777,0.19582973973922452,0.22322561006544567,0.2597534371670678,0.26330475369083994,0.2998325807924435,0.30389122824819365,0.27497336512607545,0.2764953579219725,0.32114047993505795,0.3267211201867052,0.34397037187356944,0.3652782710161838,0.2617827608949244,0.2348942215006812,0.29526660240475233,0.3394043934858782,0.309979199431782,0.2617827608949244,0.2668560702145936,0.2988179189285245,0.35056567398913574,0.33737506975800313,0.3404190553497973,0.344985033737507,0.29577393333671187
2017-07-20,0.0,0.08377956888850022,0.02220663271742472,-0.019683151726825384,-0.05551658179358934,-0.06005884757670854,-0.0534977970011062,-0.025234809906176974,-0.017664366934323883,-0.03835691105740002,-0.04996492361423776,-0.1312210115121203,-0.1473712898520772,-0.18471880851322647,-0.15595112522018104,-0.09437818904910555,-0.11809891036091559,-0.12718344192713563,-0.10750029020032861,-0.08832183467161941,-0.06611520195419468,-0.05299310080297165,-0.07166686013354628,-0.0711621639354301,-0.017664366934323883,-0.022711328915559277,-0.047946138821736255,-0.06056354377482474,-0.0585447589823416,-0.08428426508663477,-0.07822791070914863,-0.1059862016059433,-0.1009392396247079,-0.11507073317218168,-0.10699559400219405,-0.14081023927647487,-0.22711328915559276,-0.3613624778564653,-0.39719590792322923,-0.3684282246301838,-0.34924976910149297,-0.35480142728086295,-0.3436981109221414,-0.3840738067720246,-0.4375716037731124,-0.41031800907445226,-0.34117462993152375,-0.31190225044036207,-0.2876768329304175,-0.30836937705349365,-0.2629467192223751,-0.24326356749554973,-0.22408511196685887,-0.28868622532666827,-0.26849837740172666,-0.3204820858084476,-0.3830644143757738,-0.43050585699939387,-0.40930861667820156,-0.3537920348846122,-0.3341088831577868,-0.33865114894090603,-0.3522779462902453,-0.3916442497438777,-0.38912076875325996,-0.3921489459419939,-0.31543512382721217,-0.23720721311806356,-0.26849837740172666,-0.2730406431848459,-0.31392103523284526,-0.36085778165833077,-0.3921489459419939,-0.37246579421518683,-0.3734751866114192
2017-07-27,0.0,0.0999418249078822,0.18297806749304768,0.1441946727526763,0.2053531029201871,0.25955041095482095,0.26700875609720076,0.29684213666672,0.36943669605254287,0.34059776150201126,0.27794766230601,0.2545781808599011,0.2928643525907696,0.27496432424906536,0.2883893455053526,0.30728381986604447,0.3833589403183149,0.38783394740375005,0.3942978465271423,0.42214233505868626,0.41120342884987704,0.4524729386377084,0.45048404659973323,0.4738535280458602,0.48777577231163227,0.532525843165911,0.5345147352038863,0.5320286201564263,0.5220841599665866,0.46192017581804534,0.4281090111725938,0.3972811845840869,0.39976729963154695,0.4176673279732692,0.42462845010614625,0.44650626252380093,0.42910345719158133,0.40623119875495717,0.27198098619212063,0.13524465858182416,0.11635018422111415,0.18397251351203528,0.1715419382747356,0.06165565317699556,0.04276117881630367,0.07607512045227043,0.11038350810722479,0.16358637012285293,0.1357418815913089,0.12380852936349396,0.14916690284759618,0.11635018422111415,-0.030827826588506822,0.00795556815186456,0.08452791161363783,0.10143349393635455,0.17203916128422037,0.10541127801230492,0.1188362992685741,0.1357418815913089,0.18496695953102285,0.20386143389171477,0.2272309153378418,0.07955568151871796,0.11983074528756169,0.16060303206590826,0.147178010809621,0.07706956647125801,0.0,-0.2555726268788887,-0.4952341174540301,-0.49026188735911025,-0.39678396157460216,-0.4166728819542817,-0.4494896005807637
2017-08-03,0.0,-0.09245819497744309,-0.06362714493070244,-0.07108345097726955,-0.07207762511681545,-0.0894756725588054,-0.08549897600063988,-0.07456306046567117,-0.18640765116417793,-0.2187183106993021,-0.30769689618834356,-0.3047143737697059,-0.29874932893246664,-0.25301731851351805,-0.3141590280953648,-0.3479609488397988,-0.2883105004672618,-0.25649692800191964,-0.25898236335077535,-0.1883959994432697,-0.21325035293182676,-0.19734356669914663,-0.22319209432724957,-0.25401149265306394,-0.25401149265306394,-0.22319209432724957,-0.20231443739685803,-0.2182212236295382,-0.20728530809456946,-0.1933668701409811,-0.1819338675362485,-0.16354164595471266,-0.15707951404769144,-0.17298630028035347,-0.15409699162905374,-0.16403873302447658,-0.17696299683853708,-0.16602708130356836,-0.1764659097687551,-0.16105621060585695,-0.15310281748950785,-0.16801542958264207,-0.15757660111745533,-0.13620185711729987,-0.10239993637286592,-0.13769311832660971,-0.16304455888493066,-0.15210864334998003,-0.15608533990814555,-0.23810470642038384,-0.24158431590878543,-0.2207066589783939,-0.28632215218818813,-0.29179010995566346,-0.22567752967610527,-0.20082317618754825,-0.21126200465273495,-0.16055912353607496,-0.19038434772234342,-0.1839222158153222,-0.22617461674586922,-0.2733978883741276,-0.28681923925795205,-0.37281530232835586,-0.5443103413993995,-0.5984928320044611,-0.5179647267015326,-0.5159763784224408,-0.4622909748871612,-0.49311037321297563,-0.46626767144532677,-0.45582884298014,-0.47521523870122173,-0.5115025947945114,-0.5562404310739141
2017-08-10,0.0,-0.034982052686020636,0.018251505749216933,-0.11153697957859299,-0.07047109164284569,-0.1779521810549481,-0.2636328608221289,-0.13942122447324126,-0.061852325039041624,-0.09987629534992562,-0.13840725193163245,-0.11762081482833812,-0.09125752874612156,-0.06489424266392342,-0.028391231165471105,-0.01774451947841252,-0.10190424043318012,-0.09632739145423941,-0.1110299933077886,0.016223560665962408,0.06286629758065045,0.11609985601588801,0.138407251931614,0.2524791628642659,0.21242724747012742,0.18606396138791084,0.21699012390744088,0.1176208148283197,0.10190424043316168,0.08415972095474916,0.16071464784732153,0.11204396584939742,0.11812780109914255,0.15564478513920366,0.15158889497271308,0.07655492689257236,0.023321368457334794,0.009632739145412874,0.09632739145423941,0.03700999776925672,0.019265478290844195,0.024335340998962056,0.07249903672608177,0.03244712133194326,-0.041065887935765766,-0.04562876437306078,-0.10494615805804347,-0.10443917178723906,-0.1191417736407698,-0.13485834803594623,-0.12370465007808325,-0.17693820851332084,-0.2474093001561665,-0.23118573949018564,-0.234227657115049,-0.2306787532193628,-0.08365273468394475,-0.1820080712214387,-0.16477053801383057,-0.11153697957859299,-0.20228752205391012,-0.19873861815822397,-0.2519721765934615,-0.3827746344628987,-0.4131938107116059,-0.4329662752732729,-0.5500801038307882,-0.642351605118537,-0.8573137839427418,-0.677840644075362,-0.5840481839751815,-0.5247307902901989,-0.48366490235445153,-0.6408306463061054,-0.2514651903226571
2017-08-17,0.0,0.011110325532523405,0.10403304816830397,0.16614986819112695,0.1737250901451302,0.2514973688729043,0.3141192036926535,0.2929085822214591,0.20453099275808778,0.20150090397647547,0.1641298090034038,0.18786550445926595,0.2358419101679532,0.28129324189197275,0.2777581383134526,0.2878584342521236,0.3085640409263918,0.33684486955466325,0.3141192036926535,0.3570454614320053,0.32068439605280435,0.14594927631378496,-0.004040118375483099,-0.07726726393084786,-0.07726726393084786,-0.02323068065895433,-0.07070207157069702,-0.1621097498156806,-0.14847435029847109,-0.07878230832164483,-0.05353156847496734,0.00959528114172643,0.0005050147969262012,-0.0035351035785385256,-0.006565192360150849,-0.013635399517209528,0.01717050309572968,0.07322714555536478,0.10706313694989793,0.15150443908006503,0.19089559324087826,0.19190562283474905,0.1691799569727393,0.2767481087195818,0.28381831587664047,0.2954336562061268,0.2605876352177045,0.26462775359316926,0.32573454402213986,0.28836344904904976,0.20756108153968175,0.142919187532191,0.16665488298807155,0.15655458704940053,0.2408920581372887,0.27472804953184027,0.3171492924742658,0.2918985526275883,0.2217014958538175,0.16665488298807155,0.1696849717696655,0.22877170301089453,0.213621259102888,0.22321654024461446,0.25856757602996294,0.17423010494207478,0.18130031209913347,0.2560425020452952,0.24341713212195645,0.2504873392790335,0.039391154160813235,-0.10605310735604552,-0.17018998656661005,0.0015150443907969758,0.027775813831345256
2017-08-24,0.0,-0.000507328358125852,-0.03957161193438861,0.056313447752800116,0.08523116416639819,0.12175880595197631,0.0030439701488104813,-0.06544535819917618,0.001521985074414469,0.03602031342747073,0.05022550745519761,0.042108253725073236,0.031961686562408546,0.00760992537199852,-0.05479146267838565,-0.02942504477172392,0.056820776110925966,0.016741835818411505,-0.009131910446394532,0.0071025970138726665,-0.018263820892789065,-0.03399099999491195,-0.047688865664512976,-0.03145435820424578,0.020293134325329386,0.01572717910214135,0.021815119399743853,0.02891771641359806,0.030947029846138386,0.07102597013865285,0.044137567157595106,0.040078940292532915,0.013697865669601026,-0.01674183581839305,-0.01572717910212289,-0.044644895515720956,-0.059357417901573686,-0.01572717910212289,0.016741835818411505,0.05935741790159214,0.10197299998479124,0.09588505968718872,0.12125147759385045,0.14052995520290967,0.15219850743997038,0.1699549999746336,0.14813988057490818,0.08624582088264988,0.07914322386879567,0.10045101491039522,0.09030444774773053,0.05834276118532197,-0.04363023879945079,-0.010653895520790544,0.001521985074414469,-0.008117253730124372,-0.009639238804520384,0.0020293134325403213,-0.03297634327866025,0.01572717910214135,0.07153329849679715,0.09537773132906287,0.05885008954346629,0.026888402981076198,0.008624582088268681,0.044137567157595106,0.09436307461279271,0.08726047759892004,0.1324127014727853,0.09943635819412507,0.05885008954346629,0.06493802984106879,0.011161223878934853,-0.047688865664512976,-0.007102597013854211
2017-08-31,0.0,0.08054384827363358,0.04356459717945667,-0.04559085751337332,-0.06230750526827318,-0.0131706921705227,-0.027861079591505918,-0.023301993840161215,-0.006078781001786795,0.04001864159507951,0.029380774841948006,-0.012157562003555162,0.0015196952504420917,0.027354514508031363,0.02330199384017964,-0.018236343005341955,-0.048630248014257506,-0.07345193710487924,-0.0547090290160443,-0.014183822337490234,-0.014183822337490234,-0.02026260333927703,-0.05014994326469959,-0.07547819743879589,-0.061800940184798626,-0.10688523261467896,-0.13221348678877526,-0.12410844545307181,-0.09726049602853344,-0.11296401361646576,-0.09878019127897553,-0.0840898038579923,-0.08763575944236948,-0.10536553736423687,-0.0962473658615659,0.01722321283839285,0.13525287728967786,0.1418382233749392,0.147917004376726,0.1631139568811838,0.2279542875668666,0.2031325984762633,0.18135029988652573,0.1762846490517065,0.1788174744691161,0.18033716971957664,0.1631139568811838,0.020769168422770014,0.007091911168754332,0.05268276868212765,0.08358323877451776,0.05014994326471802,0.04559085751337332,0.03596612092722779,0.06484033068568282,0.13120035662182614,0.09726049602853344,0.10637866753120441,0.1337331820392358,0.12816096612092354,0.14031852812449713,0.12258875020262971,0.15196952504457772,0.1752715188847574,0.1833765602204608,0.23605932890258846,0.25226941157399535,0.3196425676771062,0.20009320797536068,0.26594666882801105,0.4579348354676683,0.48427621980873214,0.46452018155292957,0.4797171340573874,0.4442575782136525
2017-09-07,0.0,0.10708629747869221,0.058822050727738,-0.04172846333676515,-0.05480003016516154,-0.060330308438701886,-0.010557803976765515,-0.0050275257032251575,-0.06284407129031447,-0.02564038108644099,-0.052789019883864155,-0.05178351474321547,-0.0241321233754771,-0.027148638797423165,-0.007038535984522537,-0.0050275257032251575,-0.014077071969026782,-0.08446243181417899,-0.11261657575225084,-0.0703853598451522,-0.07491013297806218,-0.06636333928257575,-0.12166612201805248,-0.12166612201805248,-0.15183127623740342,-0.12719640029159285,-0.16238908021416895,-0.16892486362835799,-0.16892486362835799,-0.14428998768256568,-0.12619089515094414,-0.1794826676051418,-0.1784771624644931,-0.18652120358964602,-0.28053593423996015,-0.2574093160051317,-0.24634875945803272,-0.2543928005831857,-0.23126618234835727,-0.20763681154319533,-0.19506799728513247,-0.2272441617857808,-0.25489555315351914,-0.20864231668384406,-0.16993036876900666,-0.18300193559740308,-0.1895377190115921,-0.20612855383223147,-0.2121615846761053,-0.2393102234735102,-0.23629370805158242,-0.20813956411352882,-0.19355973957416858,-0.17093587390965537,-0.09049546265805283,-0.047761494180639,-0.05831929815740451,-0.05178351474321547,-0.06384957643096316,-0.14177622483095312,-0.10306427691611574,-0.1317211734245028,-0.12166612201805248,-0.18199643045675437,-0.22523315150448342,-0.19004047158190732,-0.14881476081545736,-0.11010281290063827,-0.08597068952514288,-0.10960006033030478,-0.09753399864257538,-0.11412483346321474,-0.2041175435509341,-0.24132123375480755,-0.21668635780899698
2017-09-14,0.0,0.07030851574762574,0.11586051186578904,0.10199686087330377,0.1896349403615406,0.19755702664295563,0.21538172077616638,0.17131511583574816,0.16240276876915175,0.18418850604307002,0.18220798447270728,0.1945862442874295,0.1312095540360554,0.09902607851777764,0.14952937856184786,0.1896349403615406,0.1940911138948478,0.19607163546519255,0.12477285893240345,0.09754068734001459,0.11734590304357012,0.09159912262894432,-0.026241910807207475,-0.11932642461393289,-0.15051963934702925,-0.08813320988081852,-0.21191580802804058,-0.2495457178648069,-0.16438329033951452,-0.16438329033951452,-0.15794659523586257,-0.12427772853982177,-0.2069645041021517,-0.2228086766649997,-0.2535067610055144,-0.26043858650176605,-0.2233038070575994,-0.18022746290236252,-0.18171285408012558,-0.1940911138948478,-0.19508137468002917,-0.1520050305247923,-0.16388815994693282,-0.19062520114672196,-0.20498398253180694,-0.2233038070575994,-0.2148865903835847,-0.19161546193190335,-0.17923720211718114,-0.1896349403615406,-0.18814954918377752,-0.17973233250976284,-0.2034985913540439,-0.19706189625037393,-0.23469180608714024,-0.27628275906459604,-0.24607980511668104,-0.17775181093941808,-0.24112850119079215,-0.274797367886833,-0.23766258844266636,-0.2322161541241958,-0.12873390207311095,-0.12279233736204069,-0.04456173533299994,-0.06288155985879242,-0.05743512554032185,-0.0014853911777630623,-0.09506503537707015,-0.08763807948823682,-0.06288155985879242,-0.14655859620632175,-0.16636381190987726,-0.2084498952799328,-0.15745146484326286
2017-09-21,0.0,0.0724923562481543,0.07988953545714926,0.09567018443634212,0.07199921096754387,0.036985896044974854,0.0433967846927669,-0.0611500147943656,-0.2189565045862583,-0.4088174376171292,-0.5902949008778022,-0.5631719104448206,-0.6603215307229582,-0.7929776112042572,-0.7116086399053125,-0.5247065785580504,-0.5316106124864349,-0.5843771575106026,-0.5715553802150185,-0.564651346286616,-0.49561100700266303,-0.44826906006510236,-0.4630634184830923,-0.46651543544727564,-0.45418680343228396,-0.4339678469277049,-0.4625702732024819,-0.459611401518891,-0.43692671861129573,-0.5039944767728608,-0.5271723049610486,-0.5138573823848542,-0.5424598086596311,-0.538021501134227,-0.510405365420653,-0.4847618108294668,-0.5025150409310655,-0.4576388203964852,-0.4640497090442773,-0.4512279317486932,-0.4048722753723175,-0.36887266988854556,-0.37331097741394975,-0.37824243021994636,-0.3807081566229447,-0.42558437715750697,-0.45813196567709563,-0.46651543544727564,-0.4527073675904885,-0.42509123187691455,-0.4477759147844919,-0.3915573527961409,-0.3866258999901443,-0.3313936285629782,-0.35407831147055563,-0.3452016964197653,-0.29144886083439464,-0.2830653910642147,-0.3072295098135875,-0.32991419272118283,-0.279120228819403,-0.2095867442548575,-0.23818917052963445,-0.202682710326455,-0.17605286517408386,-0.10257421836472665,-0.07199921096754387,-0.08235526186014759,-0.07051977512574846,-0.20662787257126666,-0.18345004438307885,-0.1893677877502784,-0.21451819706085415,-0.20662787257126666,-0.19232665943386923
2017-09-28,0.0,0.12621709340064913,-0.05512338364845051,-0.13188398330842588,-0.17618875895111394,-0.12621709340064913,0.06645716346402275,0.11282262634589385,0.21070527020762173,0.18443150790788354,0.27407140281284187,0.3771057647725554,0.2859203544382051,0.24934315594251433,0.34258925351604763,0.35392303333161984,0.35392303333161984,0.3410437380866556,0.4404718973777755,0.4899283911184305,0.39822780897428917,0.26891968471485617,0.31167894492813353,0.3456802843748315,0.26376796661687046,0.320952037504504,0.3420740817062565,0.38174231106073125,0.39050023182731064,0.40853124517026057,0.37040853124517775,0.3647416413373823,0.400288496213491,0.4229560558446167,0.38637885734892585,0.3137396321673353,0.31683066302611923,0.3173458348359103,0.36113543866878856,0.36319612590799033,0.28901138529698905,0.18031013342949875,0.1684611818041354,0.16330946370614974,0.03863788573489258,-0.01648549791355792,-0.01906135696255076,-0.012879295244964197,-0.04585029107208003,0.06079027355622726,0.19164391324507096,0.20606872391942715,0.20967492658802087,0.1143681417752858,0.09994333110092965,0.10045850291072073,0.12621709340064913,0.22564525269176897,0.3065272268301479,0.40492504250166683,0.37040853124517775,0.2601617639482768,0.3564988923806127,0.42089536860543364,0.39307609087630346,0.336407191798461,0.2550100458502911,0.2529493586110893,0.33280098912986733,0.5357786821905105,0.6223275462366662,0.5445366029570899,0.5589614136314461,0.5991448147957306,0.5342331667611185
2017-10-05,0.0,0.00807008872054888,0.09583230355638722,0.0655694708543702,0.05951690431396313,0.0832227899305468,0.12105133080806808,0.16947186313130633,0.1866208016624383,0.2547121752419766,0.22596248417505674,0.20830916509888014,0.145261596969678,0.16442805768097016,0.08019650666035244,-0.0822140288404759,-0.022697124526512763,-0.10289363118684686,-0.07515270120999792,-0.030767213247043294,-0.0317759743371142,-0.10591991445705957,-0.1457659775147043,-0.09331040083121915,-0.10894619772725393,-0.07817898448021063,-0.07414394011994536,-0.07414394011994536,-0.09331040083121915,-0.12357323353323615,-0.19469089038296883,-0.18107261566705748,-0.15787111059551845,-0.18611642111739365,-0.20023907637834962,-0.20023907637834962,-0.17754195185183685,-0.17502004912666877,-0.1654368187710227,-0.11600752535773191,-0.1139900031775901,-0.1785507129418894,-0.16947186313128795,-0.1306345611636958,-0.12760827789350143,-0.145261596969678,-0.1281126584385277,-0.10138048955174968,-0.09936296737162623,-0.11449438372263473,-0.15434044678027944,-0.1477834996948461,-0.12105133080806808,-0.08524031211067026,0.0015131416350971812,0.022697124526512763,0.017653319076176593,0.02320150507155739,-0.07464832066497165,-0.07010889575966175,-0.045394249053025526,-0.04741177123314899,-0.059012523768936856,-0.04842053232321989,-0.09230163974114823,-0.05699500158879505,-0.06405632921927303,-0.05295995722852979,-0.1326520833438376,-0.16241053550082835,-0.23302381180553472,-0.314733460100966,-0.31170717683077165,-0.29354947720956875,-0.2839662468539227
2017-10-12,0.0,-0.22481340487395465,-0.31174125475853953,-0.14388057911932733,-0.10291458089784751,-0.0634473387088571,0.017485487045752028,0.06344733870887527,0.05195687579309901,0.06794360680636165,0.08842660591709245,0.03397180340318991,0.009991706883286872,0.01248963360410859,0.08992536194958185,0.07893448437798084,0.07693614300131618,0.1548714566909465,0.15037518859347834,0.15587062737927884,0.15337270065845712,0.14787726187265662,0.16436357823007633,0.1328897015477263,0.1343884575802157,0.1453793351518349,0.13988389636601622,0.1248963360410859,0.12239840932026418,0.19283994284744754,0.2238142341856405,0.2238142341856405,0.22731133159477634,0.211824185925689,0.20283164973073442,0.20233206438655918,0.23380594106892738,0.23930137985472788,0.24479681864052835,0.2502922574263471,0.2308084290039304,0.18234865061998543,0.1218988239761071,0.05295604648143133,-0.010491292227443947,-0.010491292227443947,0.09741914211204701,0.06994194818300811,0.03097429133819294,0.06394692405305052,0.06544568008553993,0.09292287401457883,0.14587892049599196,0.12139923863195004,0.12439675069692883,0.14288140843101318,0.13988389636601622,0.1673610902950551,0.23280677038059502,0.23930137985472788,0.36719522796079257,0.3906757391365204,0.41765334772140217,0.46261602869619317,0.4471288830270876,0.48559695452774565,0.53555548894418,0.6824335801285043,0.7109099447458755,0.7803523075847083,0.7463805041815367,0.8293116713128105,0.8632834747160003,0.8777714496967555,0.8817681324500665
2017-10-26,0.0,0.017030387076369124,-0.03406077415273825,-0.006812154830554729,-0.01557063961268388,-0.03454735664062742,-0.03503393912853431,0.07201420820864303,0.04379242391066346,-0.013137727173202579,0.03989976400749691,0.04379242391066346,0.03941318151959003,0.03989976400749691,0.015084057124777,-0.01605722210057306,-0.01654380458847994,-0.026275454346405158,0.017030387076369124,0.05984964601123651,0.08320560543025349,0.08807143030921609,0.1002359925066226,0.12213220446195433,0.1153200496314173,0.10996764226454782,0.11483346714351043,0.1274846118288238,0.16105880349365517,0.23453275916600116,0.26713378585505415,0.24961681629077814,0.22723402184755725,0.1956061601343003,0.273459358197702,0.2574021360971289,0.2535094761939447,0.296815317616719,0.3114127922536068,0.34206748899106765,0.3483930613337155,0.35033939128530767,0.30508721991095894,0.34060774152738243,0.3513125562611037,0.4150548621755068,0.41067561978445105,0.38585991290173116,0.3508259737731968,0.3055738023988481,0.3469333138700303,0.39072573778069375,0.39072573778069375,0.4281925893487093,0.4388974040824306,0.5006933800452592,0.5235627569763693,0.5313480767827201,0.5138311072184442,0.46711918838041017,0.4218670170060615,0.3673697783616767,0.21896211955331726,0.22772060433544644,0.20485122740431863,0.362017370994825,0.3284431793299759,0.32260418947521724,0.2924360752256455,0.3668831958737876,0.7123567622801326,0.6646716784662849,0.6233121669951027,0.561029608544385,0.5751405006933835
2017-11-02,0.0,0.015816035542941843,0.04217609478118405,0.06086777315010898,0.008147654673624554,0.018212404564600222,0.027797880651233755,0.027797880651233755,0.06566051119342574,0.13755158184317723,0.10352314173563516,0.10783660597462724,0.11310861782226872,0.1016060465183015,0.07476671347573458,0.07572526108440142,0.09873040369231842,0.050323749454826046,0.04648955902015868,0.09777185608365158,0.09537548706199318,0.12365264151756909,0.10927442738761879,0.12221482010457754,0.12269409390890224,0.135634486625861,0.11167079640927716,0.07141179684540935,0.008147654673624554,-0.028277154455575895,-0.013898940325625594,0.01294039271694132,-0.019170952173267062,-0.10112677271399421,-0.13419666521286946,-0.1433028674951783,-0.10783660597462724,-0.10016822510532739,-0.16822510532042895,-0.18979242651535438,-0.11838062966992761,-0.08195582054072717,-0.04409318999851773,-0.02683933304258435,-0.09202057043168539,-0.04792738043316766,-0.06805688021510156,-0.034028440107559496,-0.04361391619419303,-0.04361391619419303,-0.03306989249889266,-0.024442964020925967,-0.021088047390600745,-0.029235702064242735,-0.03690408293354259,-0.07572526108441885,-0.054157939889493405,-0.045051737607184575,-0.041217547172534647,0.03546626152053361,0.06278486836744267,0.02204659499925015,0.012461118912616618,-0.07284961825841833,-0.09249984423602754,-0.12317336771324437,-0.061347046954468555,-0.02779788065125119,-0.028277154455575895,-0.0690154278237684,-0.09681330847500216,-0.12413191532191122,-0.0972925822793443,-0.10639878456163568,-0.112629344017944
2017-11-09,0.0,0.057492644323453884,0.06135769604267369,0.04106617451674775,-0.04541435770086344,-0.022224047385527048,0.042998700376366446,0.007246971973543721,0.005314446113942608,0.011595155157676984,0.042032437446557096,-0.01062889222786764,-0.04058304305183429,-0.05797577578834977,-0.08986245247193511,-0.11015397399786105,-0.1681297497862108,-0.14687196533047553,-0.10870457960315581,-0.16764661832131492,-0.2879463530821301,-0.3637979930718913,-0.382640120203112,-0.4295038722986807,-0.4145267968866973,-0.33819202543204036,-0.3179005039061144,-0.3483377861949945,-0.3367426310373351,-0.37684254262427347,-0.37394375383484546,-0.34302334008106944,-0.3652473874665965,-0.43675084427222444,-0.4497953938246066,-0.5700951285854394,-0.523714507954749,-0.6164757492161121,-0.7483706391346043,-0.6889454689515494,-0.7266297232139732,-0.6348347448824194,-0.611644434567083,-0.736775483976945,-0.7913693395109709,-0.7512694279240325,-0.6855635486972255,-0.5575337104979531,-0.5440060294806749,-0.569611997120526,-0.5763758376291738,-0.5275795596739864,-0.6159926177512164,-0.6609238439871838,-0.5923191759709665,-0.6261383785141705,-0.6913611262760639,-0.6498118202944204,-0.5531855273138373,-0.6507780832242297,-0.6285540358386851,-0.5841059410676134,-0.5705782600503353,-0.564297551006601,-0.5995661479445102,-0.598116753549805,-0.5473879497349989,-0.5290289540686917,-0.5652638139364102,-0.5159844045163094,-0.5058386437533553,-0.49279409420097303,-0.45945802312266487,-0.34592212887047996,-0.29374393066096866
2017-11-16,0.0,-0.07685902773330992,-0.013302524030766903,0.0507466657469824,0.05912232902561475,-0.01773669870769518,-0.09065423783928311,-0.04631249107007206,-0.0004926860752242105,0.014287896181179477,0.04483443284441734,0.08375663278628755,0.1414009035862476,0.10592750617089308,0.14337164788710857,0.13548867068370046,0.1143031694495075,0.03892219994185229,0.028575792362376874,0.038429513866645997,0.08129320241022027,0.050253979671758195,0.055180840423892756,0.1005079593435343,0.11725928590079898,0.15568879976744499,0.1714547541742792,0.19658174401015827,0.2074208376648579,0.34537293872462566,0.3606462070562356,0.33207041469385873,0.32763624001694835,0.3384753336716301,0.3512851716271907,0.3803536500647739,0.39168542979469767,0.4355344904886846,0.44046135124081914,0.42912957151091324,0.45819804994851426,0.5508230320886405,0.5079593435450662,0.4946568195142993,0.45031507274508825,0.4266661411348459,0.45869073602372057,0.492193389138232,0.4429247816168864,0.36852918425966164,0.37887559183913705,0.3946415462459713,0.4335637461878415,0.4266661411348459,0.39217811586990403,0.3882366272681999,0.3458656247998319,0.3724706728613657,0.39907572092289956,0.42715882721005216,0.47692012080662205,0.4803689233331198,0.4739640043553305,0.4636175967758551,0.5301302169296718,0.5700377890219546,0.5685597307963177,0.5252033561775371,0.5276667865536044,0.5350570776818063,0.49810562204079706,0.5340717055313758,0.5907306041809233,0.6838482723962735,0.7400144849705969
2017-11-23,0.0,0.00048395683104362775,0.08130474761650909,0.07694913613706361,0.14373517882205258,0.2090693510138931,0.1708367613608831,0.1776121569955995,0.24246237235637877,0.261336688767362,0.28892222813725366,0.2594008614431522,0.21003726467599795,0.15486618593621448,0.19213086192711962,0.1577699269225115,0.15486618593621448,0.1950346029134166,0.24294632918744,0.23520301989061873,0.23084740841117324,0.22745971059381503,0.24681798383584183,0.25794899095000373,0.23229927890432173,0.2206843149590986,0.2594008614431522,0.30924841504138534,0.2894061849682973,0.316991724338189,0.3019890625756253,0.3295746019454994,0.3678071915985094,0.3329622997628576,0.3150558970139793,0.29763345109616224,0.2473019406668855,0.20180999854813303,0.20326186904128155,0.1935827324202681,0.19309877558922448,0.11421381212795113,0.059042733388185296,0.04065237380826335,0.020326186904131675,0.0367807191598439,-0.06968978367130356,-0.20471373953443,-0.23278323573536538,-0.2027779122102379,-0.20664956685863975,-0.1055025891690426,-0.18245172530610623,-0.1195373372695191,-0.09049992740647886,-0.024197841552533513,-0.03097323718724994,-0.0909838842375225,-0.027585539369891724,-0.00048395683104362775,-0.003387697817358213,-0.04210424430141183,-0.005807481972611565,-0.06823791317813746,-0.014034748100476481,0.0784010066302121,0.08711222958912065,0.10114697768959713,0.08856410008226914,0.04694381261191854,0.06968978367130356,0.10405071867589412,0.15438222910517085,0.19406668925131174,0.17809611382664314
2017-11-30,0.0,-0.1265374788498109,-0.14253647042852,-0.06932896350775114,-0.07029859936100998,-0.08387350130658078,-0.1168411203172578,-0.1163563023906372,-0.25986240867241606,-0.2758614002511251,-0.28555775878367823,-0.27004358513160737,-0.26131686245229546,-0.3224039212073906,-0.3534322685115499,-0.31125310889495805,-0.3015567503624049,-0.3068897475553021,-0.264225770012072,-0.21428952356942702,-0.2298036972214979,-0.2327126047812744,-0.226894789661739,-0.2816792153706605,-0.29186039182985185,-0.2913755739032136,-0.31949501364761407,-0.32288873913401117,-0.31173792682157864,-0.3694312600902766,-0.42227641409268046,-0.3965810639814183,-0.40967114800036847,-0.42227641409268046,-0.3980355177612977,-0.4009444253210742,-0.4746367501684637,-0.48627238040753445,-0.5066347333258995,-0.4484565821305808,-0.40918633007373023,-0.40821669422048906,-0.36118935533760294,-0.3616741732642236,-0.3990051536145565,-0.3907632488618829,-0.39561142812815947,-0.4106407838536273,-0.40724705836723024,-0.3839757978891063,-0.38252134410920924,-0.37912761862282973,-0.35149299680504986,-0.3485840892452734,-0.34809927131865276,-0.30495047584878443,-0.28943630219671357,-0.29913266072926664,-0.2724676747647456,-0.2118654339362888,-0.14108201664864056,-0.1304160222628286,-0.10908403349122239,-0.28313366915053995,-0.38930879508200344,-0.4882116521140521,-0.4358513160382512,-0.3704008959435178,-0.3587652657044647,-0.7252876182349649,-0.8998220718209207,-0.9696358532553099,-0.9356985983913743,-0.953636861676601,-0.9783625759346043
2017-12-07,0.0,0.009938382031405287,0.0795070562512423,0.12472669449412911,0.2583979328165375,0.24001192605843405,0.24995030808983937,0.27628702047305975,0.34983104750547334,0.28920691711389745,0.23007354402702881,0.2509441462929835,0.25641025641024917,0.28026237328563636,0.31454979129397376,0.34138342277877526,0.34337109918504544,0.47604849930430965,0.47257006559331416,0.5212681375472146,0.4934406678592689,0.47952693301530513,0.5386603061021739,0.602265951103164,0.5863645398529119,0.5987875173921685,0.5689723712979526,0.5734446432120923,0.5888491353607633,0.6077320612204297,0.5550586364539889,0.5351818723911783,0.5277280858676243,0.4372888093818327,0.4104551778970312,0.38809381832636924,0.39057841383422054,0.3915722520373647,0.41194593520175643,0.4079705823891798,0.4641224408666341,0.46014708805405763,0.4467302723116749,0.4909560723514176,0.494434506062413,0.4835022858278636,0.48499304313257074,0.47356390379645835,0.47604849930430965,0.5118266746173723,0.5292188431723316,0.5356787914927413,0.509342079109521,0.5694692903995157,0.6122043331345692,0.6290995825879475,0.6216457960643935,0.6474855893460508,0.6643808387994471,0.648479427549195,0.6539455376664607,0.7404094613396939,0.7543231961836576,0.7915921288014275,0.7925859670045717,0.7806599085668781,0.7553170343868018,0.8104750546610939,0.7980520771218373,0.7990459153249814,0.8417809580600351,0.9540846750149076,1.0862651560325907,1.067382230172924,1.0594315245478072
2017-12-14,0.0,-0.2144987438600923,-0.04848259279030277,-0.08521182975264796,-0.10480075613256538,-0.2047042806701336,-0.27963192407333204,-0.24143351763247878,-0.15573196472034,-0.08863989186913708,-0.10284186349456652,-0.07345847392469038,-0.05827705598026149,-0.054359270704281565,-0.07003041180820126,-0.12243078987448394,-0.14397860889240024,-0.15573196472034,-0.27130663036186353,-0.28354970934931195,-0.2144987438600923,-0.27032718404286415,-0.34525482744604474,-0.45348364569509925,-0.4853156510624651,-0.4691547867990189,-0.5259626733007902,-0.5333085206932592,-0.5798322208455631,-0.541144091245219,-0.5254729501412816,-0.4980484532094043,-0.4128366234567563,-0.39520658971483774,-0.4480966909406112,-0.44466862882412217,-0.48972315949793577,-0.49413066793342436,-0.6018697630229702,-0.6665132200767013,-0.6297839831143561,-0.6204792430838882,-0.5249832269817907,-0.5279215659387713,-0.39618603603383723,-0.45985004676856883,-0.4745417415535069,-0.42850776456069384,-0.2977516809747414,-0.35847735275249254,-0.3075461441647001,-0.3075461441647001,-0.3041180820482288,-0.3687615391019421,-0.3192994999926577,-0.2629813366503951,-0.30607697468620987,-0.2859983251468017,-0.22527265336905045,-0.14006082361642033,-0.2135192975411107,-0.23065960812353845,-0.15377307208235896,-0.14299916257340084,-0.02693477377238647,-0.04064702223832511,-0.04211619171683317,-0.1023521403350757,-0.05827705598026149,0.01763003374191856,0.2233137607310516,0.30264891256972076,0.37512794017541173,0.4716034025965086,0.47992869630797713
2017-12-21,0.0,0.016735921503746455,0.047338749396318366,-0.03251550463584678,-0.0674218552008002,-0.07220354705901347,-0.03442818137912165,-0.10137186739410749,-0.13388737202997164,-0.16209935399341951,-0.12814934180011225,-0.10806623599561302,-0.04351339590973383,-0.10137186739410749,-0.09324299123515883,-0.11189158948218016,-0.0937211604209732,-0.1348437104016004,-0.07363805461647398,-0.07507256217393447,-0.08033242321797951,-0.06120565578512643,-0.05355494881197475,-0.0731598854306596,-0.07555073135976624,-0.03251550463584678,-0.08559228426200716,-0.15301413946282474,-0.14536343248967307,-0.14297258656056644,-0.12193314238443846,-0.15492681620609963,-0.1903113359568848,-0.17835710631135163,-0.1520578010911786,-0.12814934180011225,-0.15683949294939187,-0.1711845685240317,-0.15636132376356013,-0.20561274990317074,-0.2677747440599433,-0.2108726109471984,-0.17214090689567785,-0.0774634081030411,-0.09037397612022044,-0.0937211604209732,-0.11236975866801194,-0.10758806680979864,-0.09467749879261934,-0.08989580693440606,-0.10280637495158537,-0.07555073135976624,-0.16496836910835794,-0.184095136541211,-0.19365852025763758,-0.19270218188599145,-0.12862751098592662,-0.15731766213520626,-0.14297258656056644,-0.13819089470235316,-0.11428243541128678,-0.16353386155088,-0.09850285227918647,-0.0731598854306596,-0.045426072653026096,-0.07268171624482785,-0.08511411507619278,-0.15683949294939187,-0.16496836910835794,-0.08989580693440606,-0.08128876158962565,-0.14392892493221257,-0.1711845685240317,-0.21804514873451833,-0.27064375917486433
2017-12-28,0.0,0.1281538226998905,0.04001829407728208,0.07956017989174617,0.10480981782148029,0.09385242777649348,0.103857001295827,0.08432426251999528,0.0547869502248647,-0.021914780089956277,-0.0843242625200126,-0.057645399801824565,-0.048117234545326355,-0.03811266102599283,0.0009528165256359555,0.020009147038632373,0.01572147267321858,-0.012863023096276047,-0.010957390044986805,0.03334857839774373,0.024296821404063498,0.020961963564285657,0.04525878496836649,0.07241405594937252,0.0014292247884712648,-0.00905175699368023,0.020961963564285657,-0.02667886271820538,-0.017150697461707172,-0.0071461239423736556,-0.004287674365431126,0.01857992225016111,0.029060904032312602,0.00047640826281797777,-0.0304901288208012,-0.05621617501335329,-0.02429682140408083,-0.03287217013492575,-0.06145666590442037,-0.046211601494019774,-0.03430139492339702,-0.030966537083619176,-0.016197880936053885,-0.011433798307804782,0.006669715679538347,-0.0028584495769598617,0.03906547755162879,0.025249637929716785,0.02286759661559223,0.02953731229513058,0.04621160149400244,0.03858906928881081,-0.05907462459029582,-0.02096196356430299,-0.002382041314124552,0.0443059684427132,0.13529994664226416,0.14244607058463782,0.1772238737708528,0.2181949843738055,0.1272010061742372,0.0790837716289282,0.12577178138576595,0.21676575958533423,0.23105800747008154,0.24820870493177138,0.25249637929720253,0.2644065858678253,0.24392103056634024,0.0009528165256359555,-0.22105343395076535,-0.24153898925223302,-0.262500952816536,-0.2772696089641013,-0.3206227608811786
2018-01-04,0.0,-0.10953845565128244,-0.0889700993499547,-0.05309505928949331,-0.004783338674728186,0.041136712602655445,0.02726503044593674,0.05979173343410233,0.05500839475937415,0.062183402771466424,0.0416150464701213,-0.026308362711005024,-0.028700032048369115,0.024873361108572647,0.011001678951871348,-0.05070338995212921,-0.033961704590580566,-0.029178365915852378,0.007653341879558137,0.011480012819337207,0.031091701385733212,0.02774336431342,0.02391669337364093,0.02104669016879358,0.02152502403627684,0.04687671901233275,0.07892508813301508,0.08705676388003908,0.11527846206094232,0.12101846847061964,0.0774900865305827,0.06983674465102456,0.08849176548247145,0.0913617686873014,0.11336512659104411,0.1339334828923892,0.1817668696396711,0.18655020831439928,0.15258850372381869,0.1640685165431733,0.18128853577218784,0.20185689207351554,0.18989854538669507,0.18033186803723872,0.11049512338621416,0.11719179753084057,0.1621551810732751,0.18033186803723872,0.1851152067119669,0.2047268952783629,0.18559354057945016,0.18320187124208606,0.17650519709745965,0.24538527401355248,0.3051770074476548,0.33483370723097305,0.34631372005031025,0.3620987376769098,0.21907691130254747,0.27360697219443836,0.290348657555987,0.2740853060619216,0.26164862550761786,0.2726503044595066,0.3295720346887616,0.26547529644741436,0.2913053252909361,0.35348872806240256,0.3008720026403925,0.29274032689335105,0.42045546950859713,0.4328921500629009,0.4778555336053354,0.4855088754849109,0.49698888830424814
2018-01-11,0.0,0.013650591917915015,-0.045188166348930525,-0.016004142248588836,-0.09084704276400608,-0.06448727906046613,-0.07296006025088847,-0.04754171667960434,-0.02965473416648673,-0.02024053284379144,-0.015062722116315883,-0.0028242603968017363,-0.012238461719497022,-0.02400621337286613,-0.02635976370353995,0.007531361058149379,-0.036244675092380274,-0.0484831368118773,0.026830473769684993,0.06213372872979231,0.04895384687802234,0.04330532608440174,0.04189319588600087,0.027301183835812905,0.023535503306738214,0.05742662806844467,0.04801242674574938,0.07955000117678201,0.08472781190425757,0.09602485349149877,0.08849349243333227,0.09649556355762669,0.0833156817058567,0.10826331521099578,0.10967544540939665,0.10967544540939665,0.11297041587234344,0.14686154063404988,0.18969615665230657,0.197698227776601,0.27677751888723795,0.2890159806067521,0.3097272235166715,0.3398526677493032,0.28995740073900794,0.28807456047447916,0.2711289980936174,0.28054319941631267,0.2998423121278483,0.26642189743226974,0.2650097672338689,0.29325237120195474,0.2824260396808586,0.26077337663866623,0.23300148273670834,0.25653698604344655,0.2828967497469865,0.25418343571277274,0.303607992656923,0.31208077384734534,0.3243192355668595,0.3214949751700406,0.33796982748475735,0.3233778154345865,0.24335710419167655,0.17180917413918897,0.09414201322695286,0.0932005930946799,0.08284497163971166,0.08849349243333227,0.22688225187695982,0.24147426392713064,0.236767163265783,0.2739532584904363,0.23347219280283626
2018-01-18,0.0,-0.020271266401287305,0.03916040100250627,0.21284829721362566,0.23311956361492972,0.1723057644110343,0.19948768981278064,0.18198068701164677,0.05113887660328295,0.05067816600324341,0.0704887218045247,0.09260283060593665,0.07693867020492744,0.09813135780629381,0.09444567300604452,0.14512383900928794,0.15065236620964512,0.15157378740970742,0.15802373581012694,0.13452749520861312,0.13683104820876055,0.1400560224089703,0.15433805100987763,0.15203449800973023,0.17000221141088687,0.07509582780481955,0.00921421200058971,-0.06956730060444562,-0.0188891346012022,0.01842842400117942,0.0018428424001246464,0.04284608580275556,0.0018428424001246464,0.028564057201831455,0.07463511720478001,0.08062435500515996,0.12853825740823316,0.11241338640720117,0.1303810998083578,0.15295591920979254,0.16723794781071666,0.1718450538110115,0.21376971841368797,0.22114108801415305,0.2040947958130755,0.20731977001326846,0.17967713401149935,0.19488058381248577,0.16908079021082453,0.15525947220993996,0.15848444641014972,0.19810555801267876,0.18198068701164677,0.18704850361198117,0.20133053221288852,0.16032728881027436,0.02764263600176913,-0.041463954002653694,-0.026260504201667263,0.013360607400861785,0.007832080200504606,-0.1446631284092484,-0.18843063541204952,-0.17967713401149935,-0.32249742002063986,-0.25707651481644955,-0.438135780628034,-0.6436127082411779,-0.5339635854341637,-0.5325814536340785,-0.38469335102462043,-0.3893004570249152,-0.34783650302226155,-0.4031217750257998,-0.3542864514226643
2018-01-25,0.0,0.015809991010890825,0.009937708635403943,-0.0049688543177184045,-0.08040509714111506,-0.03794397842614455,0.03252341007953369,0.07227424462121519,0.10434594067187286,0.061433107928026344,0.04697825900378002,0.047881687061548495,0.07995338311220616,0.08492223742992458,0.04833340109042451,0.016261705039766844,0.01852027518417982,0.012196278779816919,-0.0054205683465944265,-0.004065426259949928,-0.018068561155303798,-0.07724309893893361,-0.09711851620975792,-0.09982880038306334,-0.19152674824622684,-0.13190049643372104,-0.07904995505445413,-0.07859824102557811,-0.11699393348059868,-0.11880078959613563,-0.08221195325663558,-0.06414339210133177,-0.05601253958144835,-0.04833340109044095,-0.06143310792804278,-0.09711851620975792,-0.14274163312690988,-0.19559217450617677,-0.16487562054214716,-0.1689410468020971,-0.1702961888887416,-0.2235984442968845,-0.16848933277322106,-0.15629305399338772,-0.18565446587075637,-0.17481332917756753,-0.21727444789253805,-0.3229755306510554,-0.35956436699055544,-0.36182293713496844,-0.37989149829027224,-0.47926858464444316,-0.5388948364569489,-0.5041128562329859,-0.4336454677272911,-0.3663400774237944,-0.19288189033287134,-0.24257043350995677,-0.18565446587075637,-0.14861391550238032,-0.15809991010890825,-0.27012498927180495,-0.24257043350995677,-0.2448290036543698,-0.2479910018565512,-0.3419475198641277,-0.35188522849954806,-0.3283960989976498,-0.3247823867665923,-0.35820922490391094,-0.12060764571165615,-0.014454848924246326,-0.012647992808725807,-0.0063239964043629035,-0.07137081656346315
2018-02-01,0.0,0.14758410256643406,0.10457646531548223,0.11317799276566272,0.14305698285580754,0.11634697656310457,0.1665980053510687,0.22137615384964282,0.3417975381523014,0.2883775255669119,0.29335735724861095,0.2707217586954784,0.258045823505711,0.2643837911005947,0.29064108542222516,0.12811748781074336,0.16342902155362685,0.16388173352468288,0.1969297074122531,0.14079342300049427,0.11136714488142198,0.17338868491700846,0.2435590404317193,0.3132766839753577,0.36398042473437786,0.41106246972490007,0.3436083860365586,0.3078441403226026,0.3599060169948074,0.24989700802658657,0.160260037756185,-0.029878990090128368,0.16207088564044217,0.1584491898719278,0.1656925814089401,-0.3762036479530563,-0.46448248231027317,-0.39929195847724486,-0.4907397766319036,-0.480780113268522,-0.4042717901589439,-1.1974231634607115,-1.4957603523909884,-1.07247465944741,-0.7071360987998474,-0.5713225074810522,-0.39748111059300417,-0.13038104766604017,-0.12359036810010038,-0.06292696397769859,0.04119678936671111,0.14079342300049427,0.33138516281786373,0.41287331760914087,0.2974317649881649,0.2589512474478396,0.3345541466153055,0.3082968522936751,0.3707711043003176,0.1534693581902452,0.05658899638283136,-0.17655766871443382,-0.30739142835153005,-0.2064366588045622,-0.1761049567433613,-0.11317799276566272,-0.12087409627371459,-0.1706724130906062,-0.19330801164373873,-0.30693871638047393,-0.36488584867649,-0.3354595705574177,-0.3046751565251607,-0.27751243826140165,-0.2517078559108273
2018-02-08,0.0,0.10066745864763138,0.1383581185204269,0.36831885344058823,0.5849208734691256,0.556772152804618,0.5911231339545205,0.662210581056402,0.7996145056559949,0.7337751251186918,0.7266186707124628,0.7142141497416555,0.7070576953354266,0.8325341959246378,0.8978964795015327,0.8874003463723933,1.0157394287241066,1.076330742696849,1.107342045123841,1.108296239044675,1.1264259235404517,1.0510446037948433,1.0295752405761562,1.1388304445112416,1.0801475183801674,1.0629720278052248,1.062494930844799,0.9942700655054197,1.005720392555393,1.0772849366176829,1.11449849953007,1.1636394864528388,1.1612540016507624,1.1583914198882779,1.2046698250485446,1.1674562621361575,1.179383686146539,1.1016168815988543,1.120700760015465,1.151712062442457,1.1416930262737437,1.1121130147279936,1.1211778569758735,1.1178381782529803,1.2075324068110467,1.1049565603217646,1.0219416892095017,1.0529529916364937,1.1183152752133887,1.1712730378194762,1.2805282417545787,1.2165972490589263,1.3668827915897348,1.4045734514625479,1.325852452994029,1.3272837438752714,1.2504711332484204,1.122609147857133,1.140261735392484,1.121654953936299,0.9775716718908855,0.7499964217728005,0.5949399096378393,0.4651695364048836,0.6999012409291976,0.7538131974561191,0.7748054637143976,0.9169803579181433,0.9637358600388357,0.8640225953120558,0.8540035591433247,0.9527626299492881,0.9217513275222959,0.8835835706890748,0.88072098892659
2018-02-15,0.0,0.18585593550657475,0.1611385220888185,0.12121039272167242,0.18252859139264302,0.19964064683569574,0.20534466531671908,0.3826445731017502,0.43683274867144595,0.49054558936771303,0.4957742729753077,0.46582817594995674,0.501478291456331,0.5000522868360795,0.47390886879807176,0.5048056355702627,0.6070026333552022,0.5922672522792412,0.5200163515196525,0.5261957048740873,0.5138369981652178,0.501478291456331,0.4957742729753077,0.4591734877221106,0.4154426793676214,0.3992812936713915,0.4045099772790034,0.4045099772790034,0.4330300696841028,0.4263753814562394,0.47533487341832326,0.5171643422791322,0.5223930258867441,0.5242943653804071,0.4910209242411244,0.4715321944309801,0.46582817594995674,0.46440217132970524,0.49720027759557645,0.5181150120259723,0.5627964901273016,0.6193613400640717,0.6930382454439118,0.8237553356339506,0.8399167213301806,0.6944642500641806,0.5932179220260639,0.5537651275323465,0.5608951506336214,0.4406354276587891,0.44443810664613226,0.2937569517725203,0.12073505784826102,0.18965861449391788,0.3327344113928263,0.3584024945574226,0.4021333029119118,0.3526984760763993,0.41068933063343815,0.408787991139758,0.3118196769624304,0.2775955660763077,0.31324568158268196,0.36315584329160583,0.31657302569661366,0.17967658215212273,-0.02234073905066465,-0.06749755202540536,0.10742568139255142,0.10552434189887122,0.15115648974702334,0.1639905313293215,0.25905750601298616,0.2505014782914598,0.27094087784844423
2018-02-22,0.0,0.08702715247157113,0.058018101647714086,0.03094298754543696,0.015471493772727272,0.0,0.029492535004247627,0.062369459271282096,0.10394909878548775,0.0768739846832106,0.08074185812640562,0.09911425698151156,0.13585905469172344,0.14262783321729713,0.14021041231530904,0.10539955132667707,0.11797014001700809,0.1392434439545103,0.15471493772723754,0.17502127330394102,0.17598824166472216,0.14166086485649837,0.1479461592016639,0.14021041231530904,0.14601222248008397,0.1455287382996758,0.16970294731955665,0.16535158969598865,0.16825249477836732,0.13344163378973534,0.1498800959232614,0.1580993269900244,0.09331244681673663,0.08460973156958304,0.11168484567184259,0.11700317165622691,0.09379593099712723,0.07542353214202127,0.09282896263634606,0.13392511797014353,0.12087104509940436,0.12522240272297233,0.12328846600139243,0.09476289935792598,0.09863077280110338,0.08219231066759496,0.08557669993038179,0.11845362419741626,0.15471493772723754,0.20354683994738987,0.23690724839483251,0.19194321961785762,0.1861414094530827,0.23835770093602182,0.27510249864623376,0.31958304324281805,0.39839096464762613,0.368414945462988,0.26156494159510396,0.23303937495165508,0.1972615456022244,0.08654366829116296,0.012087104509940435,0.07010520615765452,0.1324746654289366,0.1455287382996758,0.11506923493462941,0.08702715247157113,0.09959774116190215,0.26785023594026947,0.3771176607101415,0.34472422062349767,0.34279028390190014,0.33698847373714286,0.3123307805368538
2018-03-01,0.0,0.28730695072829315,0.3159421949869267,0.31451043277398116,0.30210182692858023,0.17467498997765757,0.12169978809919249,0.09497356012445744,0.10690491189888807,0.16226638413225664,0.07206536471755409,-0.033885039039393425,0.02338544947787363,0.08495122463394264,0.10356413340206139,0.0276807361166756,0.03770307160719039,0.06824733214973977,0.019567416910059296,0.06729282400778183,0.0510661855945666,0.08065593799514068,0.08065593799514068,0.03865757974914831,0.02433995761983155,-0.04581639081382406,0.021953687264945423,-0.0591795048011829,-0.028157990187663247,-0.006204302922700458,0.017658400626160812,0.01336311398735884,0.03627130939426219,0.046293644884794344,0.02338544947787363,0.03293053089741814,0.06442929958192543,0.0510661855945666,0.08590573277590058,0.11454097703453409,0.14699425386098197,0.10738216596987572,0.11692724738942023,0.11644999331843259,0.13601741022850924,0.1603573678483408,0.14174445908023942,0.13649466429947954,0.1584483515644423,0.1794475306874298,0.22430941335929594,0.2596262146116002,0.3087833839222683,0.15988011377737052,0.20617375866216486,0.16226638413225664,0.20521925052020695,0.16894794112592737,0.1684706870549571,0.055838726304338844,0.09258728976957131,0.11788175553137814,0.14222171315120968,0.09354179791152924,0.07540614321439813,-0.00286352442587377,-0.013840368058346483,-0.0047725407097722545,0.026248973903747398,-0.1656071626291007,-0.204264742378249,-0.19853769352653616,-0.21619609415267962,-0.23862703548861272,-0.26726227974724626
2018-03-08,0.0,0.007342107968145042,-0.0024473693227150136,0.007342107968145042,-0.1561421627892072,-0.27165799482136654,-0.3210948551402027,-0.3984317257379935,-0.459126484941333,-0.45325279856681344,-0.41801068031971367,-0.38227908820807804,-0.44933700765047296,-0.528631773706443,-0.6005844317942501,-0.6343581284477244,-0.648063396654925,-0.6696002466948242,-0.5168844009574038,-0.4904528122720745,-0.4385685826305234,-0.44640016446320424,-0.3881527745825976,-0.35878434271001747,-0.45227385083772387,-0.4395475303596129,-0.3656369768136088,-0.374936980239933,-0.3465474960964424,-0.3323527540246882,-0.23984219362607134,-0.23396850725155177,-0.18306322533907235,-0.22564745155431715,-0.2241790299606917,-0.1424368945820067,-0.09936319450222598,-0.10327898541856646,-0.16544216621553137,-0.17180532645458685,-0.01957895458172011,0.012236846613575068,-0.009789477290860054,-0.0792947660559522,-0.173763221912766,-0.1336263650202362,-0.20068428446263112,-0.3069001130684485,-0.3235422244629177,-0.22858429474156805,-0.1395000513947558,-0.21194218334711665,-0.13068952183296748,-0.12579478318753748,-0.1850211207972515,-0.22026323904435124,-0.2858527368931029,-0.2418000890842327,-0.18942638557812783,-0.09740529904404686,-0.019089480717166426,0.03768948756981477,0.037200013705278895,0.04160527848615524,0.2183053435861899,0.21243165721167032,0.23984219362607134,0.22368955609615582,0.28732115848674616,0.35437907792914114,0.37151066318814624,0.12383688772939394,0.09936319450224382,0.131178995697539,0.14145794685293492
2018-03-15,0.0,0.043791264845713,-0.02887336143673846,-0.020692575696343238,-0.029354584127361277,0.012030567265307691,0.017324016862036076,0.006737117668561804,0.02839213874611565,0.09191353390694378,0.204038420819608,0.1742026140016414,0.16554060557062336,0.16650305095185147,0.200188639294713,0.12271178610613848,0.1053877692440849,0.044753710226941114,-0.02742969336490504,0.019730130315097613,0.0043310042155002655,0.0375353698677565,-0.019248907624492308,-0.060634059017161276,-0.10201921040981274,-0.07362707166369709,-0.12656156763105095,-0.11549344574695385,-0.08613886161961008,-0.09624453812246153,-0.05149082789552043,-0.07603318511675862,-0.06929606744817932,-0.0745895170449077,-0.06929606744817932,-0.07795807587919734,-0.03368558834286154,0.01395545802774642,0.030317029508571885,0.043791264845713,0.044753710226941114,0.017324016862036076,0.0312794748898,-0.00673711766857931,-0.0019248907624562336,0.01443668071836923,0.011068121884079577,0.024542357221220692,0.10105676502858461,0.09528209274123342,0.04138515139265146,0.06640873130449496,0.049084714442441384,0.03561047910530027,-0.048122269061230766,-0.04234759677389709,-0.12174934072492787,-0.29065850512984087,-0.21991876960982815,-0.31471963966045624,-0.30413274046698197,-0.2107755384882048,-0.23868645454371515,-0.20644453427268702,-0.12174934072492787,-0.06881484475757402,-0.12271178610613848,-0.12319300879676127,-0.13666724413390238,-0.22039999230045096,-0.20066986198533582,-0.30365151777637667,-0.3512925641469847,-0.3806471482743459,-0.42299474504822554
2018-03-22,0.0,-0.05269378508815487,0.21766965428937618,0.24278538363045046,0.3580222594307137,0.40185166945729606,0.3723037525854356,0.31911750221609014,0.31665517581010183,0.23195114744409803,0.25263468925440397,0.2905545159066286,0.332414064808431,0.3452181621195634,0.29547916871860536,0.3201024327784891,0.33044420368363314,0.34669555796317075,0.3196099674972986,0.23244361272530645,0.16842312616960864,0.18368954988672942,0.16202107751404243,0.18910666797991457,0.170885452575597,0.12557864670540728,0.04629173643258867,0.006402048655566198,0.08076430611642596,0.041367083620611915,-0.032995173840247846,-0.03398010440264678,-0.0891362158967721,-0.09800059095834461,-0.07780951442922916,-0.10735743130108968,-0.09701566039594567,0.00590958337437569,-0.014773958435930268,-0.07633211858563971,-0.05170885452575594,-0.04185954890180242,-0.0009849305623989342,0.03545750024623622,-0.04235201418299293,-0.04973899340095806,-0.10932729242588755,-0.25066482812962404,-0.25411208509799343,-0.33487639121441937,-0.30286614793657046,-0.44912833645228367,-0.394464690239331,-0.3201024327784891,-0.25263468925440397,-0.25066482812962404,-0.25755934206638076,-0.22653402935093078,-0.14035260514133752,-0.03693489608982567,0.019698611247907023,-0.08174923667880699,-0.13395055648577134,-0.12902590367379457,-0.1807347581995505,-0.2974490298434032,-0.32256475918447747,-0.3319215995272405,-0.4205653501428221,-0.39741948192652776,-0.3816605929281986,-0.4461735447650869,-0.41908795429921475,-0.44420368364030693,-0.4653796907318034
2018-04-05,0.0,0.17940157110802266,0.19308888443508057,0.22828483299032154,0.15398227492924146,0.09923302162106316,0.07723555377402867,0.12807414613160883,0.16864725349393112,0.261525451070299,0.24392747679266072,0.275701597016155,0.3900884298207415,0.47856713382769533,0.46927931407006923,0.4526590050300805,0.44190468741597116,0.41550772599954044,0.3260513567549193,0.3157858717596437,0.3377833396066781,0.33729450698786223,0.3275178546114025,0.3084533824772988,0.31089754557141375,0.31236404342787916,0.3128528760467128,0.2947660691502587,0.2947660691502587,0.3167635369972932,0.3490264898396033,0.3695574598301724,0.3759122838748677,0.4150188933807068,0.4389716917030404,0.4599914943124253,0.4179518890936554,0.4257732109948161,0.43701636122774123,0.43506103075246,0.4321280350395114,0.41257473028659186,0.4106193998113106,0.4179518890936554,0.45803616383712625,0.4653686531194711,0.45803616383712625,0.47807830120887945,0.5108300866700233,0.45363667026773,0.47661180335241404,0.4551031681241955,0.45705849859949454,0.4844331252535748,0.49518744286768407,0.4917656145359196,0.49078794929827013,0.5289168935664597,0.47954479906534486,0.5098524214323737,0.5103412540511897,0.5039864300064943,0.5303833914229428,0.4472818462230348,0.581221983780523,0.6305940782816555,0.6491697177969256,0.7053854689615693,0.7322712629968336,0.8104844820085118,0.8207499670037874,0.8461692631825865,0.9146058298178048,0.9366032976648394,0.9351367998083739
2018-04-12,0.0,0.04761584116508661,0.07262618197908051,0.10340813990399875,0.1539097896245563,0.15198591725424235,0.218840482122416,0.2101830564560207,0.249141471954747,0.2568369614359678,0.2212453225852997,0.2125878969189044,0.20344950315995688,0.11110362938521957,0.11831815077387065,0.21451176928921836,0.26741825947265957,0.2895427917311825,0.2895427917311825,0.3530305799513155,0.34581605856266445,0.32465346248929844,0.3184008772857868,0.3169579730080601,0.3241724943967112,0.3241724943967112,0.30300989832334524,0.32128668584125775,0.3097434516194091,0.29002375982376977,0.2731898765835839,0.2861760150831594,0.301566994045601,0.30830054734168233,0.3020479621381882,0.26405148282461893,0.2553940571582411,0.25106534432504346,0.2539511528805144,0.2563559933433981,0.32128668584125775,0.3097434516194091,0.2866569831757291,0.3164770049154904,0.3309060476927925,0.34581605856266445,0.3549544523216294,0.4049751339495997,0.467981954077163,0.5324316784824354,0.5511894340929352,0.5555181469261329,0.5954384986099986,0.6252585203497599,0.6175630308685217,0.551670402185505,0.562732668314784,0.5959194667025683,0.5915907538693883,0.6598882230152712,0.6488259568860096,0.5824523601104232,0.4492241984666632,0.44681935800377953,0.45018613465182017,0.4607674326885119,0.5160787633348368,0.5362794232230633,0.5030926248352614,0.5463797531671678,0.5660994449628072,0.5800475196475395,0.5636946044999235,0.591109785776801,0.5550371788335456
2018-04-19,0.0,-0.07056862206477846,-0.0052097640450605885,0.013261217569215372,0.002368074565931932,0.0298377395307389,0.01089314300328344,0.017997366701079237,-0.03173219918349133,-0.07909369050212997,-0.09330213789772156,-0.05257125536369923,-0.00757783861099252,0.01705013687470302,-0.0052097640450605885,0.03883642288128713,0.05020318079775007,0.046414261492262424,0.0454670316658862,0.07056862206476124,0.005209764045043358,-0.01610290704834403,-0.0033153043923081506,-0.0658324729329146,-0.004262534218684369,0.005683378958240083,0.03410027374942327,0.01847098161425873,0.0028416894791114264,0.014682062308771086,0.006630608784599072,-0.018944596527455455,-0.054465715016434435,-0.06914777732522276,-0.10135359142189358,-0.08667152911310526,-0.043098957099971504,0.0161029070483268,-0.008998683350548235,-0.012787602656035877,-0.037415578141731416,-0.025575205312071754,-0.02604882022525125,0.005209764045043358,0.01847098161425873,0.047835106231818136,0.013261217569215372,0.014682062308771086,0.004262534218667139,-0.031258584270311834,-0.07151585189115468,-0.087145144026302,-0.0592018641482983,-0.030784969357115114,-0.019891826353831674,-0.0052097640450605885,0.030784969357115114,-0.03362665883624377,-0.029364124617559405,-0.017997366701079237,-0.020365441267011168,0.021312671093387386,-0.0592018641482983,-0.06535885801971789,-0.025101590398875034,-0.01515567722196781,-0.02462797548569554,-0.017050136874720248,-0.015629292135147306,-0.04736149131863864,0.03788919305491091,0.03125858427029461,0.03883642288128713,0.10514251072738122,0.06299078345378595
2018-04-26,0.0,0.04303292255020752,0.06384004993710574,0.042087144032617325,0.08795740213557822,0.11018319729887033,0.09363207324110218,0.09930674434660892,0.1366649957912925,0.12105965025111454,0.16220101576614165,0.1130205328516237,0.08748451287677453,0.08275562028884077,0.07377072437177695,0.08086406325367758,0.0222257951632921,0.02411735219847249,0.017024013316571853,0.017969791834162044,0.018915570351735033,0.04870759365573147,0.02695468775122586,0.014659567022604972,0.05485515402004191,0.060529825125565866,0.07755383844212052,0.036412472927093376,0.007566228140704335,-0.014186677763801276,-0.036412472927076174,-0.08417428806521744,-0.12768009987421147,-0.07897250621848,-0.07046049956020267,-0.034993805150699483,-0.055328043278811204,-0.07991828473607018,-0.07755383844210331,-0.05721960031399159,-0.08843029139434752,-0.1007254121229856,-0.07897250621848,0.03073780182156943,0.02506313071606268,0.0449244795853707,0.06194849290194255,0.005201781846737455,-0.021752905904488404,-0.040195586997436944,-0.033102248115536304,-0.04681603662053388,-0.03688536218587987,0.02979202330399644,0.008984895917081022,-0.015132456281374261,0.022698684422095803,0.0453973688441744,0.06667738548987631,0.05769248957279529,0.007566228140704335,-0.017024013316554648,-0.04634314736174739,-0.02600890923363567,-0.05769248957277808,-0.04823470439691057,0.05863826809038548,0.05390937550245172,0.014659567022604972,0.09930674434660892,0.3414260448488208,0.4468803495597401,0.4445159032657732,0.44877190659492056,0.3863505244341915
2018-05-03,0.0,-0.12242990654205949,-0.03785046728971283,-0.1481308411214987,-0.17383177570093797,-0.2116822429906508,-0.17429906542055734,-0.08504672897196602,-0.16682242990654544,-0.1584112149532778,-0.15327102803737977,-0.22523364485981648,-0.2957943925233611,-0.34766355140187594,-0.3649532710280306,-0.38177570093458285,-0.39953271028037385,-0.3962616822429873,-0.35794392523363805,-0.33551401869158537,-0.2803738317757009,-0.33037383177570434,-0.39859813084111806,-0.47102803738317417,-0.49018691588785723,-0.45233644859812744,-0.43224299065420557,-0.40514018691589126,-0.37710280373832117,-0.33271028037383515,-0.38177570093458285,-0.38317757009345793,-0.36401869158879185,-0.3630841121495361,-0.41682242990654544,-0.4079439252336415,-0.38738317757010027,-0.3719626168224231,-0.3649532710280306,-0.31962616822430584,-0.28878504672896854,-0.23411214953270348,-0.25,-0.22149532710281053,-0.24626168224299405,-0.19953271028037722,-0.16401869158877827,-0.19626168224299068,-0.19205607476634834,-0.13551401869158877,-0.0897196261682277,-0.08271028037383517,-0.08738317757009685,-0.06869158878505013,-0.05467289719626508,-0.10000000000000679,-0.08691588785046049,-0.09299065420561428,-0.036915887850474095,-0.003271028037386578,-0.03878504672896856,-0.030841121495320305,0.026168224299058622,-0.15140186915888532,-0.18878504672897875,-0.17897196261681902,-0.09299065420561428,-0.030841121495320305,-0.04392523364486661,-0.14626168224298727,-0.16822429906542055,-0.23271028037382835,-0.24439252336448258,-0.27757009345795075,-0.30794392523365166
2018-05-10,0.0,-0.025995729273041245,-0.013926283539132856,-0.06545353263391768,-0.05245566799739705,-0.06406090428000775,-0.0018568378052244694,-0.022746263113923755,-0.03899359390957875,-0.14297651100176062,-0.17593538204438516,-0.20703741528176836,-0.1652585646643698,-0.17779221984959276,-0.22839105004178223,-0.20750162473308292,-0.18707640887568133,-0.2641351777922266,-0.3323739671339641,-0.3634760003713642,-0.29152353541917775,-0.3439792034165748,-0.3476928790270237,-0.2998793055426541,-0.23953207687307837,-0.26320675888961437,-0.2966298393835366,-0.29895088664005876,-0.30916349456874265,-0.2882740692600434,-0.2497446848017792,-0.2242131649800356,-0.20843004363569517,-0.222356327174828,-0.26970569120786625,-0.2803825085878816,-0.33005291987744195,-0.3291245009748466,-0.3319097576826664,-0.3384086900009352,-0.417324296722688,-0.39782749976789866,-0.39179277690094444,-0.39086435799833225,-0.4929904372853065,-0.5825828613870578,-0.573762881812267,-0.5788691857766257,-0.5338408690000929,-0.4804567821000836,-0.47256522142790486,-0.4679231269148606,-0.43357162751834305,-0.37276018939745276,-0.3797233311670192,-0.31566242688701146,-0.32726766316962214,-0.40711168879398724,-0.3931854052548544,-0.3620833720174543,-0.3439792034165748,-0.33980131835484506,-0.3467644601244115,-0.2734193668183152,-0.2994150960913564,-0.3203045214000557,-0.3351592238418008,-0.30823507566614733,-0.3504781357348436,-0.5254850988766165,-0.5213072138148699,-0.5607650171757463,-0.6085785906600991,-0.5394113824157494,-0.5630860644322684
2018-05-17,0.0,0.0037222286844214142,0.04420146562754449,0.07630568803071515,0.0209375363498895,-0.0628126090496685,-0.11166686053274398,-0.1493544259625383,-0.13679190415261816,-0.18378504129347445,-0.2507851576131276,-0.28149354425962547,-0.2307781784343308,-0.1516808188903038,-0.1540072118180693,-0.23868791438873688,-0.277771315575204,-0.3173199953472175,-0.3536117250203559,-0.4396882633476794,-0.40153541933232184,-0.3443061533092939,-0.32569500988716993,-0.3345353030126856,-0.3317436314993569,-0.32476445271606036,-0.2973130161684376,-0.32522973130162364,-0.3261602884727163,-0.3317436314993569,-0.361521460974762,-0.3112713737350306,-0.3610561823891988,-0.3726881470280263,-0.37687565429801095,-0.4238687914388673,-0.4462021635454296,-0.4596952425264593,-0.41270210538560304,-0.3517506106781368,-0.36431313248807384,-0.37501453995579176,-0.3508200535070441,-0.3205769454460926,-0.3447714318948403,-0.3819937187390883,-0.37361870419913584,-0.3466325462370594,-0.36245201814587164,-0.35314644643480964,-0.33081307432824725,-0.3833895544957611,-0.4159590554844781,-0.4164243340700245,-0.36617424683029304,-0.3633825753169643,-0.44852855647319506,-0.4410840991043353,-0.38990345469349436,-0.36245201814587164,-0.3610561823891988,-0.34197976038152844,-0.31592415959056164,-0.25590322205420496,-0.26055600790973593,-0.23636152146097136,-0.3015005234384054,-0.33034779574270096,-0.3205769454460926,-0.3726881470280263,-0.5960218680935142,-0.7095498429684773,-0.755612422938241,-0.752355472839366,-0.7025706641851809
2018-05-24,0.0,0.05500181745135926,0.025826940368453906,-0.034435920491289275,-0.03921868722619008,-0.0932639513305657,-0.22000726980543703,-0.2678349371544451,-0.2472690401943751,-0.3247498612997716,-0.22574658988732146,-0.19322377608999947,-0.04352317728760777,-0.04065351724665685,-0.034435920491289275,-0.04926249736949221,-0.028218323735921712,-0.03587075051175604,-0.00956553346980161,0.01913106693960322,0.08274186451378045,0.08322014118726356,0.08465497120773033,0.14013506533259013,0.13439574525070566,0.12722159514835443,0.1372654052916392,0.09804671806546651,0.11478640163761931,0.11765606167855283,0.07030667100302791,0.09661188804498234,0.08656807790169761,0.08226358784027993,0.051653880736925215,0.09278567465706518,0.12674331847487133,0.18317996594669736,0.19609343613093302,0.17313615580339523,0.18031030590574643,0.23435557001013946,0.23722523005107296,0.29796636758431666,0.2640087237665105,0.2592259570316097,0.30848845440110195,0.3940999789558159,0.3869258288534647,0.4304490061410725,0.4830594402249813,0.49262497369478286,0.47014597004074565,0.35009852499472505,0.2668783838074615,0.24631248684739143,0.2573128503376598,0.035392473838255514,-0.023435557001020905,0.010043810143284732,0.010043810143284732,0.08895946126914801,0.06839356430907803,0.12435193510742094,0.16500545235407776,0.1654837290275609,0.22670314323428772,0.31231466778901906,0.2726177038893459,0.25539974364369256,0.3591857817910435,0.4534062864685928,0.5591054313098937,0.6045417152914514,0.6633697461307277
2018-05-31,0.0,0.0004697526282762089,0.03851971551781174,0.026306147182903743,-0.0775091836638826,-0.0709326468681524,-0.12730296226006702,-0.07328141000948217,-0.1024060729619748,-0.17005045143227918,-0.19353808284557694,-0.1916590723325063,-0.21796521951539294,-0.14280479899284013,-0.13575850956885077,-0.11321038341208836,-0.07046289423989327,-0.010334557821854431,-0.00563703153919488,0.028654910324233517,0.044156747057006625,0.0014092578847944477,0.01597158936104931,0.04086847865914152,0.004227773654400432,0.02724565243942198,0.05308204699404952,0.0037580210261242237,0.009395052565319103,0.027715405067698193,0.05355179962232572,0.035231447119946635,0.03898946814607086,0.12542395174701346,0.15313935681471164,0.12354494123394277,0.13904677796673298,0.12401469386221901,0.12918197277313767,0.13810727271019765,0.07703943103562348,0.07187215212468773,0.08831349411399615,0.13763752008192146,0.12354494123394277,0.1540788620712299,0.16300416200828988,0.2325275509916478,0.24380161407003756,0.2790330611899842,0.2564849350332218,0.1465628200189814,0.16770168829094942,0.22642076682419382,0.22642076682419382,0.21702571425887468,0.18696154604984672,0.10475483610330458,0.15266960418643544,0.13669801482540322,0.15032084104510565,0.1428047989928572,0.18414303028025783,0.2475596350961618,0.2475596350961618,0.2912466295248922,0.27151701913771864,0.27010776125292424,0.33070585029923927,0.39177369197381345,0.7267073159274361,0.8131417995283786,0.7858961470889396,0.8770281569725418,0.8192485836958326
2018-06-07,0.0,0.28164810773505405,0.35159382985468923,0.3501949154122999,0.31522205435248235,0.3054296532557402,0.2942383377165918,0.2779176692220102,0.22102848189803695,0.2462089418611124,0.3072948725122536,0.3394699046872926,0.3501949154122999,0.37444276574711016,0.38190364277319777,0.4122134556917064,0.47283308152872355,0.5017439800048428,0.47982765374068703,0.5217950870124681,0.5092048570309473,0.5078059425885411,0.5138679051722563,0.5418461940201105,0.4924178837222248,0.4998787607483293,0.5012776751907186,0.5022102848189838,0.5320537929233513,0.5250592207113878,0.5227276966407333,0.5334527073657406,0.5577005577005509,0.571689702124478,0.5800831887788307,0.6071288679984366,0.5992016861582078,0.6024658198571277,0.659821311995225,0.67800719974632,0.6080614776266848,0.6407028146158479,0.6481636916419525,0.6696137130919672,0.682670247887629,0.7008561356387409,0.7232387667170208,0.7423572640963979,0.7866562214388336,0.830022569153004,0.8393486654356219,0.7442224833529114,0.738160520769213,0.7717344673866412,0.6784735045604611,0.6915300393561229,0.6602876168093491,0.6803387238169745,0.6850017719582835,0.6560908734821812,0.6989909163822106,0.710182231921359,0.6267136701919209,0.47889504411243883,0.5390483651353148,0.5735549213810083,0.6430343386865024,0.6430343386865024,0.6071288679984366,0.507339637774417,0.484490701881996,0.4681700333874145,0.3972917016395311,0.36185253576557247,0.33434055173185945
2018-06-14,0.0,0.00323578220412575,0.030508803638878305,0.05593280667126849,0.039753895650656554,-0.038829386449458554,-0.11463914094604691,-0.06240437107950317,-0.1030827759313241,-0.14653470838667176,-0.16687391081259065,-0.2593248309303731,-0.2352875916997463,-0.28197530635923657,-0.29353167137395936,-0.316644401403405,-0.2343630824985651,-0.26302286773508105,-0.24591944751328793,-0.1964582052502878,-0.24175915610799784,-0.229740536492676,-0.23991013770563543,-0.2986164719804307,-0.3027767633857376,-0.2898336345692346,-0.28197530635923657,-0.2588625763297909,-0.26302286773508105,-0.29214490757217915,-0.29214490757217915,-0.3318988032228357,-0.3018522541845564,-0.32496498421400205,-0.3929164105005756,-0.3767374994799636,-0.34206840443579517,-0.33975713143285063,-0.3804355362846715,-0.36518113446524075,-0.35454927865168234,-0.31294636459868025,-0.2759659965515672,-0.2713434505456781,-0.2602493401315543,-0.2986164719804307,-0.30138999958395746,-0.2898336345692346,-0.2584003217291919,-0.23390082789798294,-0.26579639533862465,-0.2436081745103434,-0.20431653346028583,-0.16641165621200846,-0.14376118078314504,-0.09152641091660128,-0.17242096601966095,-0.1696474384161174,-0.1946091868479254,-0.1335915795701856,-0.1026205213307251,-0.11140335874192116,-0.12527099675958853,-0.13174256116784003,-0.0906019017154201,-0.07997004590187848,-0.07026269928950124,-0.05731957047301505,-0.07904553670069729,-0.04761222386065461,-0.04437644165652886,-0.10123375752896173,-0.1756567482237867,-0.16086460100493816,-0.10169601212956074
2018-06-21,0.0,0.050499668740711795,-0.03613737763095987,-0.11860472658366751,-0.17929698901516716,-0.2594478394017874,-0.21450776721968873,-0.18254008700767604,-0.19690237811742797,-0.14871920794280352,-0.18300338672090363,-0.18346668643411435,-0.15103570650889092,-0.18670978442664007,-0.20431517352890086,-0.2747367299379608,-0.27566332936439913,-0.26222763768108553,-0.268713833666137,-0.2191407643518635,-0.18254008700767604,-0.2302599574690897,-0.24323234943917574,-0.25249834370352525,-0.2599111391149982,-0.2640808365339622,-0.2571313408357,-0.3029980124442202,-0.337745490935531,-0.3850020616837171,-0.39890105308024143,-0.39704785422738165,-0.39704785422738165,-0.3632269751624923,-0.3891717591026811,-0.4021441510727672,-0.38592866111015545,-0.3984377533670307,-0.4104835459106783,-0.39473135566129425,-0.3484013843395465,-0.3280161969579707,-0.30346131215744776,-0.25898453968855983,-0.24323234943917574,-0.1973656778306387,-0.18300338672090363,-0.18300338672090363,-0.18115018786802697,-0.19134278155881485,-0.23813605259377335,-0.23442965488803688,-0.1876363838530784,-0.18856298327951673,-0.19597577869098962,-0.24276904972594812,-0.25018184513743785,-0.20709497180821582,-0.16678789675829192,-0.16122830019967882,-0.24323234943917574,-0.3094842084292716,-0.29141551961378326,-0.4304054335790265,-0.5564229555741838,-0.5263084742150478,-0.5944135320580203,-0.6124822208735087,-0.5758815435293212,-0.5888539354994072,-0.5314047710604501,-0.4614465143646009,-0.4670061109232139,-0.5031434885541739,-0.4938774942898243
2018-06-28,0.0,-0.06391067543246466,-0.03101547484223078,-0.025376297598187263,0.04605328082632402,0.05028266375936093,0.007518902992046621,0.09116669877863794,0.07283937273551788,0.17528442600224284,0.1917320262973598,0.21428873527351674,0.10197512182972845,0.10526464188873817,0.12970107661291533,0.18092360324628637,0.12594162511689203,0.11372340775481199,0.10291498470372147,0.12500176224288193,0.16776552301019623,0.16917531732120283,0.1978411349783998,0.12359196793187532,0.03477492633823699,-0.01597766885812044,-0.06673026405447788,-0.13487032241996233,-0.16494593438818303,-0.11325347631781549,-0.09915553320771525,-0.08834711015662472,-0.08505759009761502,-0.165885797262176,-0.20066072360043014,-0.21851811820655367,-0.2034803122224433,-0.21146914665150354,-0.1987809978524099,-0.1926718891713699,-0.1583668942701294,-0.24201469005672074,-0.26598119334390136,-0.1907921634233668,-0.21240900952551367,-0.16541586582517953,-0.1602466200181496,-0.18891243767534657,-0.1917320262973598,-0.18280332899430657,-0.2039502436594569,-0.16682566013618613,-0.18186346612029644,-0.262221741847861,-0.29370714812708826,-0.32472262296931903,-0.29229735381608163,-0.3280121430283287,-0.40837041875591035,-0.5418309468648489,-0.5502897127309228,-0.507056020526612,-0.6752914749738047,-0.7669281051894562,-0.7110062641860518,-0.6917390752689216,-0.6485053830646108,-0.666832709107748,-0.5361917696208226,-0.5319623866877856,-0.5390113582428357,-0.5282029351917623,-0.6052716908603001,-0.5578086157229694,-0.5145749235186586
2018-07-05,0.0,0.0659679637269146,-0.05807039060467537,-0.029267476864753006,-0.044133496859553284,0.048314564983096664,0.01114951499610443,0.014866019994800275,0.015795146244478458,-0.004181068123526486,0.040881554985704976,-0.0037165049986958433,0.05435388560597952,0.05249563310664006,0.06225145872821875,-0.052495633106623155,-0.16073884119373466,-0.19418738618203105,-0.14587282119893438,-0.17328204556434793,-0.17792767681272192,-0.12403835433157306,-0.08594417809491954,-0.3056825361430078,-0.1946519493068617,-0.12496748058125125,-0.16399078306759987,-0.11242427621063798,-0.09430631434198943,-0.085479614970072,-0.15377039432117362,-0.12636116995576008,-0.11660534433418138,-0.1677072880662957,-0.17235291931466973,-0.18350243431077418,-0.21184078492584896,-0.21695097929905366,-0.17467573493885674,-0.12496748058125125,-0.060393206228862385,0.031125729364109376,0.016724272494156645,-0.029732039989583646,-0.006503883747713502,0.046920875608587834,0.05528301185565771,0.12496748058126814,0.009755825621595602,-0.0013936893745088287,0.019976214368021848,0.015330583119647816,-0.030196603114431193,-0.0357713606124665,-0.08594417809491954,-0.06271602185304939,0.027873787490244176,0.013472330620291446,0.02369271936671769,0.04227524436021381,0.056676701230166535,0.06689708997659279,0.06457427435240577,0.07107815810013617,0.09570000371651514,0.032983981863465746,-0.044133496859553284,-0.04692087560857094,-0.09384175121714187,-0.17003010369048271,-0.27827331177759423,-0.18954175493365702,-0.14169175307540788,-0.12357379120674242,-0.10684951871260268
2018-07-12,0.0,0.07726184037703779,0.10680313228590517,0.17497534438329146,0.1636133090337271,0.12316446318928781,0.17724775145320432,0.18406497266294294,0.17361190014134703,0.1667946789316084,0.16497675327568803,0.2076980061900402,0.23678481668493162,0.2635992201098936,0.23996618658281293,0.25541855465821056,0.3104108057501121,0.22996759547519297,0.23269448395908185,0.23224000254510585,0.26178129445397325,0.27587021828742647,0.34586035604074966,0.36858442673987846,0.385400239057237,0.3990346814767142,0.40676086551440477,0.43448423176735185,0.4549358953965677,0.5026564438647382,0.5626479905104413,0.5008385182088012,0.5540128436447658,0.6221850557421521,0.6335470910917165,0.5721921002040689,0.5353791056714868,0.5408328826392644,0.5462866596070587,0.559921102026536,0.5767369143438945,0.4826592616494982,0.43539319459532033,0.5199267375960727,0.5026564438647382,0.4749330776117911,0.45039108125674193,0.5249260331498744,0.5290163658757242,0.5385604755693516,0.5203812190100486,0.5381059941553756,0.3508596515945514,0.35176861442251983,0.2526916661743217,0.2722343669755692,0.3663120196699655,0.3622216869441158,0.28677777222301487,0.17724775145320432,0.17497534438329146,0.2258772627493432,0.18724634256082429,0.22996759547519297,0.3272266180674542,0.33631624634710566,0.2726888483895451,0.27587021828742647,0.21678763446969168,0.19815389649641268,0.22178693002350994,0.18270152842099854,0.12816375874308952,0.10816657652786613,0.11543827915158071
2018-07-19,0.0,-0.010016846514596037,-0.09516004188863751,-0.2194600009106257,-0.24222556117106372,-0.3087009971315361,-0.4029504166097528,-0.31871784364613215,-0.24951054045439727,-0.23448527068251152,-0.24541273960752835,-0.21308564403769645,-0.11428311250739219,-0.16209078905431198,-0.17711605882621434,-0.10654282201885651,-0.150708008924093,-0.1338614943313821,-0.092428174657375,-0.07284979283340162,-0.026408049902104776,0.053271411009428254,0.041433319673990554,0.05645858944589288,0.05919045667713883,0.023220871465640145,0.040978008468788414,0.054182033419849084,-0.02913991713336728,-0.04962892136776149,-0.03187178436461321,-0.004553112052087601,-0.07512634885944544,-0.1042662659928127,-0.07967946091153304,-0.0673860583708932,-0.05554796703547205,-0.1443336520511803,-0.1306743158949175,-0.07967946091153304,-0.12020215817511931,-0.07239448162819949,-0.04780767654691982,-0.003187178436464634,-0.07603697126986626,-0.09971315394072511,-0.13204024951054047,-0.18804352775121463,-0.27637390156172076,-0.18895415016163547,-0.2786504575877645,-0.2991394618221588,-0.3861039020170253,-0.35286618403678915,-0.33101124618677197,-0.363793652961806,-0.3228156444930176,-0.2991394618221588,-0.3159859764148862,-0.2526977188908619,-0.26271456540545796,-0.1693757683376621,-0.19532850703456475,-0.24268087237626587,-0.3237262669034219,-0.3965760597368235,-0.3546874288576308,-0.3255475117242635,-0.3851932796066045,-0.4179756863816385,-0.35286618403678915,-0.3255475117242635,-0.24768929563357217,-0.24268087237626587,-0.15435049856577635
2018-07-26,0.0,0.2151271675521664,0.2169236365922746,0.2555477209544542,0.2447689067138539,0.2393794995935456,0.24701449301398098,0.21018687769189331,0.23084627165305607,0.249709196574127,0.2744106458755251,0.27665623217565216,0.28923151545636067,0.2824947565559794,0.3058488540773045,0.24387067219379976,0.2281515680929101,0.2613862453347814,0.2712668250553439,0.31213649571766694,0.33863441405915684,0.38579172636182596,0.3579464562402467,0.3354905932389757,0.3449220556995193,0.2941718053166501,0.22680421631283712,0.2627335971148707,0.29821386065686906,0.3013576814770503,0.2667756524550897,0.28698592915623355,0.24342155493376458,0.2600388935547084,0.26632653519507077,0.2851894601161417,0.3256100135184295,0.3067470885973586,0.2789018184757793,0.2865368118962147,0.2968665088767961,0.2703685905352898,0.2595897762946895,0.2613862453347814,0.2811474047759064,0.32246619269824833,0.30090856421703144,0.340880000359284,0.2780035839557252,0.2627335971148707,0.270817707795325,0.22096569193249355,0.16796985524949729,0.11856695664670108,0.13338782622753667,0.1441666404681533,0.17785043497005978,0.1661733862094054,0.17156279332969737,0.16033486182906187,0.0628764164035588,-0.01706645588097903,-0.05973259558339394,-0.06377465092361291,-0.0606308301034317,0.010329696980581393,-0.044911726002542,-0.0606308301034317,0.0008982345200377691,0.17380837962982446,0.180994255790241,0.25509860369443527,0.294620922576669,0.3215679581781942,0.338185296799138
2018-08-02,0.0,0.024771417323176514,0.03804181946059595,-0.13049228768462448,-0.2822172187891168,-0.302122821995246,-0.26142692210717255,-0.27160089707919094,-0.3498962696899688,-0.33043301322174723,-0.27248559055502214,-0.24284835911478211,-0.16809176040731286,-0.1534943180561547,-0.127838207257147,-0.133146368112118,-0.22957795697736272,-0.18932440382718074,-0.1972866451096453,-0.17561165495185377,-0.20436419291626254,-0.23665550478397995,-0.2468294797559983,-0.24771417323182948,-0.2233851026465605,-0.25390702756263167,-0.26142692210717255,-0.2273662232877928,-0.17738104190351614,-0.16101421260069562,-0.19551725815798293,-0.21807694179158954,-0.22957795697736272,-0.19065144404093556,-0.18091981580682476,-0.12385708661591474,-0.11191372469223403,-0.09200812148610488,-0.14508973003578263,-0.16057186586277197,-0.14508973003578263,-0.1181065790230362,-0.10483617688561678,-0.12385708661591474,-0.11412545838180395,-0.22515448959822287,-0.21232643419871097,-0.2671774297000511,-0.2959299676644599,-0.30566159589857067,-0.2981417013540298,-0.31627791760849655,-0.29637231440236744,-0.2999110883056761,-0.2733702840308372,-0.2680621231758823,-0.253464680824708,-0.28929476659575015,-0.37555238048897654,-0.45252071288599965,-0.45517479331349314,-0.429961029252393,-0.4715416226163137,-0.46225234112011043,-0.4454431650793823,-0.43880796401067257,-0.3751100337510529,-0.39324625000553576,-0.3689171794202668,-0.5246232311659914,-0.5148916029318806,-0.4883507986570417,-0.5467405680616905,-0.5878788146876874,-0.6042456439905081
2018-08-09,0.0,0.007414126964746819,0.07414126964743645,0.03445388413026977,0.04971826317533022,0.08286377195889957,0.02703975716553882,0.045357012019598665,0.041868011095016595,0.0501543882909129,0.08417214730561587,0.11208415470230416,0.09812815100396001,0.12865690909408092,0.09071402403921319,0.06890776826055542,0.11862603143590149,0.1020532770441089,0.10554227796870683,0.07719414545645172,-0.020497880431941486,-0.08853339846134742,-0.08722502311463112,-0.062365891526958074,-0.0684716431449886,-0.07850252080316801,-0.03445388413028564,0.03881513528600133,0.01613662927620993,0.04361251155731556,0.07021614360727171,0.08460827242118267,0.07501351987858594,0.10161715192854208,0.09943652635067632,0.1382516616366935,0.15613279137518654,0.0998726514662431,0.09769202588837735,0.0798108961498843,0.049282138059763406,0.041868011095016595,-0.009594752542612597,-0.013956003698344153,-0.02965650785897141,0.008722502311463112,0.009158627427029921,0.04448476178846505,0.03445388413026977,0.028784257627821924,0.06759939291383912,0.0880972733457806,0.08678889799904846,0.09769202588837735,0.11164802958672149,0.1007449016973926,0.09071402403921319,0.032273258552404,0.03794288505486771,0.08155539661218326,0.1020532770441089,0.07370514453185377,0.071524518953988,0.06803551802940593,0.09594752542609424,0.07893864591873481,0.07501351987858594,0.019189505085209328,0.0309648832056877,0.017881129738493033,-0.008722502311463112,0.020934005547508298,0.03837901017043452,0.042740261326166075,0.02180625577865778
2018-08-16,0.0,0.1726979104871104,0.19291191527696022,0.07074901676443453,0.09447850064816646,0.165227517412601,0.2627820622679202,0.2706918902291589,0.30013402764045116,0.3295761650517435,0.35989717223651024,0.40867444466416186,0.4750291125612398,0.42273636103970613,0.40955331443763643,0.4359194076417759,0.456572847318355,0.4359194076417759,0.44646584492342206,0.4570122822050843,0.44646584492342206,0.4759079823347143,0.5448992595522159,0.5818117900380175,0.5251246896491113,0.4785445916551379,0.5049106848592774,0.5211697756684839,0.5216092105552292,0.47239250324083226,0.4354799727550306,0.45569397754488045,0.4495418891305749,0.47898402654186717,0.483817810295953,0.45305736822445697,0.3915364840814648,0.39680970272229593,0.3919759189682101,0.3660492606507999,0.35198734427525563,0.36341265133039236,0.3862632654406497,0.4012040515896525,0.4034012260233308,0.3783534374793951,0.2856326763781777,0.2421286225913411,0.2676158460220221,0.29969459275372196,0.1502867312635982,0.13446707534110494,0.1212840287390352,0.10414606815635412,0.15512051501768406,0.13226990090742663,0.10370663326960888,0.1305121613604936,0.20082174323819887,0.19818513391777534,0.23685540395052604,0.19686682925757157,0.19159361061674046,0.1212840287390352,0.10282776349615035,-0.06415749346339966,-0.1023883286094051,-0.008349262847983895,0.06855184233075624,-0.01625909080922254,0.058444839935839314,0.03251818161844508,0.01625909080922254,0.04833783754092238,0.06283918880319589
2018-08-23,0.0,-0.06209091144282814,-0.08882449831405301,-0.09615467535939114,-0.07890719995860292,-0.08149432126871489,-0.1414292982864602,-0.14962184910184084,-0.2595745047818657,-0.23715278676083787,-0.25698738347173805,-0.3574539276813262,-0.3928112522529452,-0.29579420312351157,-0.2975189506635966,-0.33244508835018644,-0.422131960434282,-0.3794444588173406,-0.4027285506083953,-0.3488301899809321,-0.3147664260643848,-0.3557291801412568,-0.34624306867082016,-0.3164911736044542,-0.35616036702627024,-0.3177847342595259,-0.33244508835018644,-0.334601022775285,-0.32554609818987745,-0.2841521572279764,-0.23973990807094983,-0.23844634741589385,-0.19144697694873972,-0.19360291137383825,-0.2168870031649086,-0.1957588457989368,-0.20998801300459957,-0.22766667529040122,-0.21429988185479665,-0.17937374416819113,-0.1957588457989368,-0.170750006467797,-0.17678662285807917,-0.19834596710906444,-0.244482963806176,-0.23585922610578192,-0.2199053113600497,-0.20740089169447193,-0.20740089169447193,-0.17506187531799405,-0.18497917367344413,-0.19274053760381138,-0.19274053760381138,-0.2518131408514985,-0.2518131408514985,-0.2319785441405983,-0.20136427530420548,-0.1823920523633322,-0.19230935071878227,-0.1897222294086703,-0.11081502945006738,-0.15652083926214988,-0.12676894419578394,-0.11253977699013679,-0.07632007864849097,-0.06554040652299833,-0.10952146879499572,-0.12245707534558688,-0.13409912124112208,-0.18756629498357177,-0.18670392121352924,-0.1194387671504615,-0.08968687208409556,-0.1414292982864602,-0.22723548840538782
2018-08-30,0.0,-0.05435852658431875,-0.10486487411934906,-0.13739438609107485,-0.12669388873195758,-0.07233536214763885,-0.09245229718278239,-0.0950204165489643,-0.1421026049290802,-0.20716162887251618,-0.18832875352046363,-0.1960331116190405,-0.15365914207692996,-0.13910646566852428,-0.11171319242919343,-0.10957309295737,-0.130118047886872,-0.1403905253516308,-0.13268616725305393,-0.10229675475316716,-0.10443685422499059,-0.09330833697151489,-0.09245229718278239,-0.10400883433063213,-0.107861013379905,-0.1104291327461025,-0.09758853591516178,-0.1335422070417864,-0.128405968309407,-0.09031219771095894,-0.09544843644333834,-0.09416437676023182,-0.08731605845040301,-0.14595478397836864,-0.12070161021084572,-0.07747160088001824,-0.06035080510543064,-0.026537233450613897,-0.027393273239346393,-0.03124545228863483,-0.01412465651404723,-0.06334694436598658,-0.05992278521105661,-0.11642141126719881,-0.12112963010521974,-0.1172774510559313,-0.15879538080930936,-0.24140322042169143,-0.25552787693572304,-0.22000222570345693,-0.19303697235848455,-0.2131539073936281,-0.20202539014013682,-0.1643596394360472,-0.1643596394360472,-0.2003133105626874,-0.21572202675981,-0.1806243954219023,-0.20288142992886932,-0.2465394591540708,-0.30132600563274803,-0.27992501091451355,-0.2384070811611355,-0.2251384644358363,-0.2075896487668747,-0.2606641156681025,-0.35183235316777833,-0.23541094190057954,-0.18961281320357015,-0.17377607711207352,-0.12754992852069008,-0.05007832764067185,-0.07233536214763885,-0.023541094190057954,-0.023541094190057954
2018-09-06,0.0,-0.15676643108155774,-0.12715499409947306,-0.1933452650005784,-0.1828941695951507,-0.0056610100112753055,0.10799465252286355,0.10538187867149477,0.16155651647572594,0.2194730035141872,0.09536624557462063,0.050513627792955894,0.03396606006768352,0.15633096877300418,0.14936357183605242,0.1833296319037201,0.13542877796213298,0.1458798733675607,0.13107415487653418,0.16634660186987835,0.2168602296628342,0.247342591262026,0.286969661340969,0.2791313397868943,0.26214830975305253,0.1676529887955548,0.19900627501186954,0.18768425498931893,0.08012506477502473,0.03744975853615941,-0.07968960246645536,-0.06662573320965887,-0.06967396936958122,-0.02569227620502357,-0.08665699940340714,-0.0975435571174042,-0.031788748524868266,-0.011757482331104158,0.009580170788320585,0.0013063869256923215,-0.052255477027185915,-0.2212148527484172,-0.2926306713522285,-0.32920950527126497,-0.3984480123322926,-0.3962707007894932,-0.29480798289502785,-0.2329723350795372,-0.1537181949216354,-0.17592677265818307,-0.18768425498930308,-0.19029702884065602,-0.20553820964025193,-0.008273783862628266,0.08709246171197653,0.08709246171197653,0.1258486071738124,0.07751229092367178,0.11931667254541417,0.18028139574379776,0.21903754120563362,0.21381199350291188,0.2791313397868943,0.335741439899679,0.3488053091564755,0.435897770868452,0.4707347555532426,0.49381425790691325,0.4589772732221226,0.473782991713165,0.4925078709812367,0.3927870023210173,0.36535287688174783,0.3457570729965531,0.3013399175234419
2018-09-27,0.0,0.08602734764103957,0.1933351444353922,0.23951824685321677,0.2598931449787261,0.1919768178936949,0.0937245313773464,0.06248302091822545,0.04527755139002083,0.06203024540433184,0.011319387847505207,0.0706329801684259,0.07380240876573066,0.04437200036221712,0.05342751064022128,-0.048446979987325584,-0.13175767454495402,-0.09689395997465117,-0.16843249117088077,-0.14443538893417301,-0.1417187358507619,-0.15258534818437347,-0.1933351444353922,-0.23000996106130253,-0.20057955265778896,-0.22140722629720844,-0.19152404237978482,-0.23589604274200193,-0.3169428597301458,-0.31286788010503735,-0.3572398804672709,-0.24087657339491408,-0.25038485918681186,-0.2304627365752126,-0.14896314407317512,-0.18427963415738804,-0.16888526668477438,-0.12994657248936306,-0.24404600199221888,-0.3585982070089683,-0.33641220682785145,-0.37987865616228134,-0.5066558000543396,-0.44055057502489936,-0.5419722901385526,-0.493525310151227,-0.472697636511824,-0.5179751879018449,-0.5089196776238407,-0.7040659241148239,-0.644299556279993,-0.7701711491442477,-0.6592411482386966,-0.5831748619034649,-0.5627999637779556,-0.5940414742370765,-0.6184913519876779,-0.4948836366929244,-0.44779498324731254,-0.6782577198225087,-0.6266413112378948,-0.599927555917776,-0.5822693108756613,-0.6175858009598907,-0.6895771076700139,-0.6642216788916088,-0.6384134745992937,-0.618944127501588,-0.8091098433396756,-0.7289685773793353,-0.6393190256270974,-0.6578828216969993,-0.6338857194602916,-0.6094358417096738,-0.5551027800416487
2018-10-04,0.0,0.1716110337454914,0.30477369381028074,0.30711810683959057,0.35635078045509744,0.25600990280064606,0.27007638097650516,0.313682463321665,0.29914710253993365,0.08252333863171701,0.09612093420170392,0.10643635153067069,-0.012659830358276612,-0.06892574306171306,-0.05345261706825438,-0.2025572857323746,-0.1186272992830751,0.06564356482067585,0.07455233433206011,-0.02813295635171822,0.0032821782410372043,-0.03422843022792042,-0.025788543322408368,-0.07971004299653496,0.032821782410337924,0.0004688826058722051,-0.14629137302893816,-0.2574165506182115,-0.3704172586309566,-0.5410905271647035,-0.45012730162749154,-0.4913889709433415,-0.6733154220177826,-0.6765976002588198,-0.5392149967412659,-0.5654724226695295,-0.5279618142005718,-0.3863592672302533,-0.3104002850806278,-0.21849929433167137,-0.1439469599996283,-0.20443281615581227,-0.26022984625339357,-0.3136824633216479,-0.2897694504226943,-0.4285587017578306,-0.4585671885330036,-0.45809830592714845,-0.572505661757459,-0.5875099051450454,-0.467944840650243,-0.4806046710085196,-0.7356768085974212,-0.7966315473594774,-0.8688394686622277,-0.7558387606494996,-0.8158557341998284,-0.8167934994115558,-0.7023861435812282,-0.6765976002588198,-0.6367425787605524,-0.4421562973278346,-0.42996534957543026,-0.2738274418233805,-0.3657284325723369,-0.36854172820750186,-0.1200339471006576,-0.16410891205168962,-0.3249356458623421,-0.2231881203902911,-0.22693918123718343,-0.30242928078097087,-0.5640657748519469,-0.8866570076849791,-1.048421506707359
2018-10-11,0.0,-0.08868742609381158,0.29316121403232165,0.17540402049664242,0.07636972802522664,0.2049664958612463,0.37987780843515245,0.3567205360662271,0.31286953094205755,0.29513204572330237,0.2867560110366611,0.30301537248718957,0.34144659046117104,0.3458809617658688,0.4153527788726807,0.4089475758770201,0.4488569176192282,0.4552621206149066,0.5025620811982657,0.49763500197083166,0.45427670476941623,0.4123965313362275,0.3774142688214355,0.44048088293260473,0.4611746156878131,0.5045329128892465,0.49664958612534127,0.5454276704769448,0.5493693338588884,0.5439495467087182,0.6272171856523417,0.7272368939692478,0.7287150177374924,0.9070752857705879,0.8307055577453614,0.8612534489554556,1.0908553409538897,1.1480094599921167,1.0987386677177768,0.9849231375640591,1.011529365392192,0.9923137564052102,1.2524635396137205,1.4189988175009853,1.550059124950722,1.520003941663382,1.6037642885297596,1.596866377611345,1.6052424122979863,1.467776901852589,1.4465904611746085,1.3790894757587773,1.57912889239259,1.5244383129680799,1.243102089081589,1.2169885691761924,1.2500000000000036,1.353468663776117,1.1593417422152112,0.9706346078044934,0.687820260149776,0.7311785573512094,0.5666141111549073,0.520792274339775,0.3921955065037374,0.39909341742215215,0.4301340165549826,0.43653921955064323,0.6666338194718134,0.829720141899889,0.7770003941663417,0.6040599132833984,0.709992116673229,0.8425305478912101,0.9189002759164366
2018-10-25,0.0,0.17331022530328571,0.12393409273824499,0.07900181210406514,0.1683726120467816,0.15010344299771297,0.033082008818580866,-0.0024688066282520355,-0.08542070933751683,-0.0019750453026088134,0.014319078443851028,-0.0064188972334517,0.049376132565040705,-0.08196438005797836,-0.10270235573528108,-0.24441185619695152,-0.3253887136036255,-0.4641356461113827,-0.3525455865143978,-0.4152532748720032,-0.3668646649582489,-0.2355241523352478,-0.26218726392037695,-0.28638156887723615,-0.3564956771195975,-0.3495830185604846,-0.27453129706163715,-0.2295990164274393,-0.17429774795459013,-0.12590913804085382,-0.09529593585052498,-0.033082008818580866,-0.07159539221930904,-0.11455262755089804,-0.10813373031744633,-0.1476346363694789,-0.06616401763716173,-0.06962034691671817,-0.13134051262301907,-0.20293590484232812,-0.3056382605776092,-0.31946357769581696,-0.21182360870403183,-0.13479684190255756,-0.04246347400594579,-0.004443851930860849,0.08196438005796039,0.05628879112413563,0.1584973855337735,0.1185027181560977,0.17133518000069486,0.2355241523352478,0.20392342749361456,0.12393409273824499,0.003456329279556442,0.013331555792564585,0.11998400213304532,0.08344566403490802,-0.0755454828245087,0.038019622075084934,0.0903583225940209,0.1683726120467816,0.18614801977020706,0.06616401763714377,0.026663111585111206,0.13035298997169667,0.1575098628824691,0.08295190270926481,0.14022821648470482,-0.11899647948175889,-0.14417830708992246,-0.12887170599476702,-0.15109096564903535,0.036044576772476127,0.0622139270319441
2018-11-01,0.0,0.03508721335428604,-0.12352621687743379,-0.22782656342373253,-0.113913281711875,-0.24368790644691846,-0.3042493979899318,-0.41047233156934926,-0.408549744536248,-0.42825626162563646,-0.298481636890593,-0.2311910907316816,-0.2451298467217488,-0.2379201453475797,-0.11823910253636596,-0.08459382945691024,0.0014419402748303194,-0.03893238742050605,-0.15524890292377072,-0.17495542001315925,-0.3032881044733724,-0.3638495960164032,-0.4383498435494837,-0.4138368588772983,-0.3316462632117778,-0.31434297991376153,-0.2537814883707482,-0.4138368588772983,-0.522943673006394,-0.5796599904831872,-0.5397663095461217,-0.5657212344931375,-0.5815825775163059,-0.49698874805937826,-0.45997894767199093,-0.4811274050362097,-0.4090303912945189,-0.43354337596670434,-0.447482131956754,-0.5729309358673065,-0.4965081013011073,-0.3974948690958589,-0.3345301437614384,-0.34077855161904813,-0.329723676178659,-0.1956232306191246,-0.21917492177473313,-0.26772024436081543,-0.17255218622176954,-0.22878785694029186,-0.20860069309261495,-0.29607840309920336,-0.28454288090054325,-0.1557295496820417,-0.1240068636357047,-0.09997452572180777,-0.04277756148672607,-0.14803920154960168,-0.412394918602468,-0.31530427343032086,-0.35375601409255597,-0.32395591507932026,-0.3167462137051512,-0.24561049348001976,-0.05911955126818298,-0.0557550239602339,-0.08459382945691024,-0.22590397639063123,-0.23071044397341062,-0.28550417441708514,-0.30473004474820276,-0.263394423536307,-0.3085752188144402,-0.2811783535925942,-0.23551691155619
2018-11-15,0.0,0.24122371371002072,0.1291256349859488,0.016081580913991055,-0.030271211132244773,-0.03547407554559128,-0.10689521431072539,0.005202864413346505,0.06432632365599864,0.00472987673941217,-0.03500108787165694,-0.02270340834917498,0.044933829024415624,0.06338034830811276,0.06527229900388452,0.051555656459582336,0.016081580913991055,0.04777175506805604,0.08608375665730494,0.11777393081135272,0.23270993557908226,0.15419398170482987,0.14851812961753183,0.213317440947482,0.21710134233900832,0.24075072603606915,0.3150097908448437,0.3722412993917413,0.38075507752267973,0.44318945048292385,0.3949447077409162,0.42758085724284994,0.387849892631798,0.3410241129116106,0.4006205598282143,0.44271646280897237,0.3921067816972586,0.3485919156946804,0.36514648428262303,0.403931473545789,0.378863126826908,0.3315643594327863,0.29561729621326066,0.2908874194738485,0.34386203895526823,0.4805554767242697,0.5959644691659335,0.5888696540568152,0.641844273538235,0.5288002194662773,0.45690609302720886,0.45690609302720886,0.5638013073379342,0.5647472826858029,0.5311651578359834,0.553395578511224,0.5888696540568152,0.5581254552506362,0.499001996007984,0.512718638552269,0.4602170067448008,0.4640009081363271,0.359470632195325,0.32588850734548824,0.4739336492891029,0.48575834113763333,0.4682577972018049,0.4904882178770455,0.5306921701620491,0.42758085724284994,0.44271646280897237,0.43089177096044184,0.30791497573572546,0.2871035180823222,0.26581907275496747
2018-11-22,0.0,-0.0047140681937104904,0.058454445602016944,0.160749725405538,0.20977603462011682,0.17347770952855976,0.2177899505494281,0.2738873620545898,0.27813002342891896,0.2465457665310724,0.1961052368583667,0.16923504815421347,0.170177861792959,0.25220264836351125,0.2588023438347128,0.24607435971169103,0.2390032574211253,0.15886409812804694,0.1037095002616308,0.056568818324525885,0.1027666866229024,-0.0047140681937104904,0.023570340968552452,0.03158425689786371,0.12256577303647274,0.06458273425383715,0.05892585242138113,0.10182387298415688,0.12020873893961752,0.12633702759145485,0.04619786829837653,0.06128288651823637,0.012727984123021754,0.02027049323296883,0.023098934149188264,0.060340072879507996,0.057040225143907226,0.09758121160981058,0.130579688965784,0.11785170484276226,0.175834743625415,0.11596607756528836,0.0344126978141003,0.033941290994718966,-0.011313763664894888,-0.10936638209406967,-0.22297542556250277,-0.19280538912274878,-0.31395694170111177,-0.31678538261733125,-0.3648688781931817,-0.38796781234236993,-0.3276277394628791,-0.507233737643242,-0.49874841489456645,-0.3728827941224929,-0.3615690304575809,-0.36816872592878247,-0.31065709396551106,-0.33564165539217317,-0.3766540486774579,-0.323856484907897,-0.359683403180107,-0.4572646147899176,-0.5081765512819875,-0.5576742673159476,-0.5638025559677678,-0.7141813313471393,-0.709938669972793,-0.6712833107843635,-0.7467084018837314,-0.8362756975642307,-0.8805879385851163,-0.7754642178653757,-0.8178908316087702
2018-11-29,0.0,0.01669387149429711,0.12334916159668619,0.09598976109215356,0.10711900875501829,0.1980078646683518,0.22258495325715982,0.2105282682890704,0.15024484344858963,0.1534908740169266,0.19939902062620565,0.21470173616263202,0.23556907553049078,0.29028787653955607,0.30930034129693174,0.33712346045407665,0.3450066775486045,0.37329351535836175,0.41410075678883773,0.39045110550527123,0.3913785428105128,0.35288989464313225,0.30930034129693174,0.2949250630657469,0.3088366226443194,0.35567220655884,0.426157441756944,0.450734530345752,0.40018919721026525,0.3770032645793111,0.3816404511055019,0.373757234010991,0.3770032645793111,0.35938195577978926,0.36030939308503085,0.35938195577978926,0.38024929514764805,0.41827422466241615,0.42430256714646086,0.3134738091705102,0.32553049413859964,0.4029715091259899,0.4335769401988426,0.4363592521145672,0.4493433743878982,0.4692832764505154,0.4544442795667013,0.5369861997328947,0.49896127021814335,0.4971063956076603,0.47577533758718926,0.47577533758718926,0.4372866894197918,0.45119824899836436,0.48736830390266633,0.5300304199436084,0.47994880546075086,0.5569261017955287,0.6798115447395858,0.7122718504229216,0.8305201068407877,0.8207820151357768,0.7660632141267284,0.7651357768214868,0.7521516545481559,0.745659593411482,0.7544702478112514,0.7822933669683964,0.8128987980412492,0.6923319483602874,0.6065439976257571,0.6051528416679033,0.6172095266360095,0.6723920462976704,0.76699065143197
2018-12-06,0.0,-0.05652488730057947,-0.19620208815079532,-0.24992408847779882,-0.2686100016350174,-0.2335739144652325,-0.3900684371569383,-0.42650596781351124,-0.4237030808399352,-0.4447247331418061,-0.4349146287342562,-0.4363160722210611,-0.4409875505103658,-0.40968864597202126,-0.3811926284072527,-0.4545348375493391,-0.4395861070235608,-0.4335131852474682,-0.45079765491789875,-0.5741246817555483,-0.5446943685329154,-0.5488986989932965,-0.5437600728750681,-0.5246070118889088,-0.5465629598486441,-0.5381542989278991,-0.4676149767593887,-0.46341064629902473,-0.49003807254806464,-0.48116226379837895,-0.4648120897858128,-0.44706047228645845,-0.47789222899586237,-0.49097236820591195,-0.4680821245883294,-0.48536659425876,-0.5129283161656473,-0.5054539509027666,-0.472753602877634,-0.41436012426132585,-0.38165977623619335,-0.3886669936701503,-0.34942657603998445,-0.26907714946394107,-0.24758834933314647,-0.22843528834700422,-0.22796814051806355,-0.18545768808539803,-0.18312194894074568,-0.10510826150935462,-0.26487281900357706,-0.3839955153808457,-0.42977600261602783,-0.4970452899820216,-0.43911895919463717,-0.49003807254806464,-0.6371896386611611,-0.6264452385957469,-0.6147665428724852,-0.6329853082007801,-0.7138018826057472,-0.7273491696447375,-0.7539765958937774,-0.8450704225352181,-0.8885151706257479,-0.8399317964169728,-0.8081657440497045,-0.9006610141779331,-0.9282227360848374,-0.9086025272697544,-0.9609230841099701,-1.0253894845023708,-1.073972858711146,-0.9768061102935957,-1.048746875948894
2018-12-13,0.0,-0.0027800816417241367,0.13483395962395775,0.01760718373097572,-0.11305665343037898,-0.05513828589431899,0.006950204104327197,0.03197093887991185,0.05050481649145105,0.15290449029519834,0.1237136330570275,0.08803591865481117,0.09730285746058076,0.05652832671519791,0.08849926559510976,0.1051797554454883,0.1033263676843445,0.12186024529588367,0.0546749389540541,0.013900408208654394,-0.029654204178452593,-0.03475102052163599,-0.10286302074402905,-0.058381714476341724,-0.10100963298288525,-0.16448816380241033,-0.15846465357864664,-0.08664587783393224,-0.17097502096643896,-0.13298057186278023,-0.06996538798355371,-0.13900408208654397,-0.17838857201106473,-0.0954494696994201,-0.08201240843104744,-0.09591281663970185,-0.0954494696994201,-0.05421159201373865,0.004633469402884798,-0.0180705306712406,0.006486857164045461,0.020387265372699855,0.01343706126837266,0.057918367536059986,0.07645224514759917,0.11352000037067755,0.0959128166397187,0.0959128166397187,0.10425306156490798,0.10934987790809135,0.19460571492116152,0.1871921638765526,0.3498269399178023,0.3498269399178023,0.3669707767084794,0.30858906223213767,0.24372049059175052,0.20665273536867212,0.13437061268365913,-0.11352000037067755,-0.22286987827875204,-0.14178416372826808,-0.2872751029788575,-0.2427937967111533,-0.13668734738510155,-0.1908989393988402,-0.3776277563351111,-0.30812571529183913,-0.2979320826054892,-0.31275918469472386,-0.10888653096779277,-0.03150759193961326,0.016217142910096793,0.019460571492119525,-0.05421159201373865
2018-12-20,0.0,0.2320761393559772,0.2908993984402779,0.26424510916769683,0.23529303633715257,0.2210467782776834,0.2991714192490025,0.40211212264649526,0.37775561693191084,0.4016525659349059,0.4402553297089762,0.36948359612318626,0.3373146263114667,0.27757225380398737,0.1709550967137133,0.012867587924701222,0.06066148593067462,0.06112104264228065,0.07950331110612043,0.13786701347879834,0.16084484905859808,0.09007311547282497,0.04825345471757943,0.10064291983952948,0.18566091148478847,0.20588140679501893,0.2559730883589723,0.2614877688981276,0.2702193464184582,0.19944761283266832,0.21277475746895885,0.2054218500834129,0.20404317994862825,0.17968667423404389,0.19071603531233772,0.21599165445011742,0.2564326450705783,0.28538471790112263,0.3258257085215668,0.34696531725497587,0.3203110279824115,0.3143367907316669,0.32628526523315615,0.46231405186558056,0.47839853677144034,0.5326262287397644,0.5271115482006091,0.47977720690622494,0.47518163979026506,0.3874063078754368,0.3892445347218107,0.361671132026051,0.38418941089426145,0.40578857633927656,0.32398748167517616,0.3350168427534867,0.2715980165532428,0.28584427461271195,0.3258257085215668,0.3538586679289158,0.4788580934830296,0.5018359290628294,0.4443913401133301,0.48069632032942033,0.47701986663665574,0.4177370508407657,0.3795938437783015,0.44852735051770065,0.4333619790350362,0.43933621628578085,0.5041337126208093,0.6337287052908831,0.6635998915446228,0.6654381183910134,0.7118533462622022
2018-12-27,0.0,-0.09205121563113576,-0.10731599008252565,-0.13229471191208497,0.03885578951262728,-0.12859416052993242,-0.08418754394405102,-0.08372497502128826,-0.07863671687081375,-0.2229582207748988,-0.32241053917033974,-0.25765088998261076,-0.23544758168967844,-0.13044443622100027,-0.07586130333420352,-0.06660992487881366,-0.05735854642342381,-0.04116863412649158,0.05689597750064422,0.10731599008250883,0.1318321429893054,0.11286681715574609,0.1077785590052884,0.056433408577864635,-0.0985271805499154,-0.12026791992006808,-0.11517966176961039,-0.16004884727825455,-0.17115050142471228,-0.14432150390408507,-0.12119305776561043,-0.11332938607852569,-0.1406209525219325,-0.13460755652593245,-0.08048699256189845,-0.04440661658588139,-0.0476445990452712,-0.08927580209452554,-0.06753506272435601,-0.07493616548866117,-0.1373829700625427,-0.09760204270437305,-0.06429708026496621,-0.16282426081486479,-0.26967768197462766,-0.3372127446989669,-0.33397476223957706,-0.22110794508383094,-0.20954372201459362,-0.1642119675831699,-0.23035932353922078,-0.23174703030752591,-0.17808903526625466,-0.1878029826444241,-0.14108352144469524,-0.1558857269733224,-0.03700551382155941,-0.05273285719572889,-0.03839322058988135,-0.010639085223711793,-0.1693002257336444,-0.19520408540872924,-0.2178699626244411,-0.3945712911223907,-0.4130740480331704,-0.33582503793066176,-0.28633016319432264,-0.27800392258447515,-0.2349850127669157,-0.21509454908781406,-0.30344521333679725,-0.33906302039005154,-0.31362172963772944,-0.31963512563372953,-0.3284239351663398
2019-01-03,0.0,-0.02463786980047636,-0.049740605068879534,0.024637869800493272,0.2268543483516006,0.2752003570166828,0.390951858532151,0.28821659011881967,0.2528868145558743,0.3207571728741702,0.31610851819483443,0.3756112980903462,0.3937410513397457,0.43093028877443207,0.39606537867941355,0.2784544152922212,0.18966511091691418,0.08785957343945339,0.01301623310215377,-0.05067033600475008,-0.03300544822327742,-0.023708138864605818,-0.006043251083133158,-0.03440004462707477,-0.17432455047509252,-0.16642183752021827,-0.16130831737293874,-0.21569757712117102,-0.27891928076014805,-0.3737518362185882,-0.4132654009929425,-0.34725450454637075,-0.3416761189311813,-0.3235463656817649,-0.30309228509268066,-0.3635247959240461,-0.4211681139478168,-0.475557373696049,-0.5146060730024595,-0.4611465441900979,-0.4048978225701415,-0.44441138734449576,-0.4848546830547206,-0.5108871492589944,-0.5057736291117317,-0.47648710463191957,-0.40954647724947724,-0.36259506498819244,-0.359341006712654,-0.2919355138622849,-0.37282210528271764,-0.4495249074917584,-0.5722493910262303,-0.6540657133825336,-0.7028765875155595,-0.7293739191877769,-0.65313598244668,-0.5615574852637614,-0.6340764982613931,-0.756800981795865,-0.7237955335725705,-0.7902712954870861,-0.8176983580951572,-0.7707469458338724,-0.6991576637720942,-0.765168560218666,-0.8065415868647613,-0.7224009371687733,-0.7702820803659286,-0.720541475297049,-0.7805091206604707,-0.8051469904609471,-0.868833559567851,-0.8609308466129768,-0.8432659588315041
2019-01-10,0.0,0.0710932198303818,0.026313724222940617,-0.03093016706906996,-0.05078087130742278,0.021697281376811272,0.03739318705364097,0.06601513269964626,0.09186721263796385,0.032776744207511616,0.04477949560745799,0.042471274184393316,0.05539731415355212,0.059552112715058454,0.15003439249920367,0.15003439249920367,0.20773992807582045,0.11725764829167525,0.1061781854609749,0.12325902399165682,0.08955899121489919,0.0193890599537466,0.016157549961452702,0.004154798561506332,-0.04708771703052266,-0.0193890599537466,-0.03508496563059309,0.0009232885692292275,-0.03785483133826398,-0.020773992807582044,-0.02400550279987594,-0.08586583693801586,-0.08909734693029298,-0.0904822797841452,-0.16111385532992079,-0.1763481167221443,-0.09879187690717466,-0.14310972823000964,-0.15372754677610376,-0.14587959393769734,-0.09925352119178087,-0.0770945955303634,-0.07340144125346328,-0.09509872263027455,-0.13710835253004486,-0.11864258114552748,-0.11771929257629826,-0.09140556835335764,-0.04570278417668722,-0.07940281695342806,-0.1223357354224276,-0.15003439249920367,-0.1865042909836322,-0.13295355396852174,-0.1472645267915328,-0.1251056011301153,-0.11079462830710424,-0.08032610552265729,-0.0835576155149512,-0.006924664269194015,-0.08771241407645752,-0.26221395366014333,-0.2229741894680439,-0.19204402239899077,-0.20127690809124943,-0.19342895525282622,-0.20035361952202022,-0.16850016388372102,-0.10063845404561633,-0.05355073701511046,-0.09556036691488076,-0.0807877498072635,-0.13987821823771576,-0.16619194246065636,-0.15234261392226833
2019-01-17,0.0,-0.06960663094747781,-0.08655035032285321,-0.09662499427576382,-0.11448459037413565,-0.07510189128543965,-0.14882996748637634,-0.17172688556120347,-0.08105508998489136,-0.05998992535604041,-0.07555982964692952,-0.06411137060951595,-0.03251362366624786,0.0,-0.02930805513578539,-0.08105508998489136,-0.09799880936026677,-0.11127902184365651,-0.14562439895589718,-0.1442505838714109,-0.1616522416082762,-0.10715757659019763,-0.05220497321061252,-0.01923341118285812,-0.03526125383523711,-0.02839217841278897,-0.046709712872650674,-0.08563447359985679,-0.08975591885331567,-0.07464395292393311,-0.09387736410679122,-0.12043778907358738,-0.15478316618582805,-0.22530567385630226,-0.21477309154188515,-0.21110958464989946,-0.28300590740486,-0.2591931126070364,-0.24637083848513658,-0.2619407427760257,-0.26972569492147025,-0.21935247515685055,-0.24179145487017115,-0.22805330402527485,-0.25278197554609483,-0.32605211338554163,-0.27888446215140106,-0.2692677565599637,-0.4423684572056535,-0.49182580024729344,-0.4309199981682399,-0.43504144342171547,-0.47854558776388695,-0.501900444200204,-0.674085268122914,-0.646151028071615,-0.5774602738471335,-0.5760864587626472,-0.526629115721024,-0.5600586161102682,-0.4121445253468883,-0.33658469569995875,-0.21614690662637143,-0.1433347071484145,-0.13646563172596635,-0.14012913861793536,-0.13280212483399734,-0.04167239089617871,0.021065164628834294,-0.039382699088695995,-0.046251774511144136,-0.1808856527911343,-0.22301598204881953,-0.20973576956541318,-0.2678939414754774
2019-01-24,0.0,-0.0863442225557,-0.08911462541844291,-0.275655084843591,-0.2008542075493478,-0.18607872561467978,-0.08957635922891126,0.045711647235375526,-0.02955096386933605,-0.048020316287666884,-0.0946554311439455,-0.04986725152948989,-0.0018469352418398024,0.027242294817044696,0.045711647235375526,0.02354842433336509,0.07664781253606623,0.14129054600022414,0.17176497749048011,0.18884912847743948,0.2073184808957703,0.14129054600022414,0.06510446727460946,0.04063257532032447,-0.03463003578437031,0.003232136673211255,0.05356112201315269,0.02308669052291354,-0.06556620108507782,-0.13667320789564144,-0.07064527300011207,-0.07618607872561468,-0.08126515064064894,-0.036476971026210114,0.006002539535954161,-0.01154334526145677,0.05402285582362104,0.07156874062103197,0.03786217245758157,-0.06648966870599772,-0.08126515064064894,-0.13067066835968727,-0.17499711416369135,-0.17037977605910865,-0.1606833660394749,-0.13621147408518988,-0.13159413598060718,-0.1182038554773106,-0.10804571164724208,-0.07710954634653458,-0.1463696179152752,-0.17684404940551435,-0.16576243795452594,-0.24333371811151205,-0.24841279002654634,-0.22763476855592416,-0.13667320789564144,-0.14498441648390376,-0.048482050098118436,-0.009696410019616969,-0.008772942398713865,0.018469352418330833,0.05217592058178124,0.0,0.02354842433336509,0.012928546692828223,0.03278310054253051,0.041556042941244375,-0.04894378390856999,-0.07064527300011207,0.030474431490239158,0.12466812882373313,0.20039247373889627,0.22855823617684407,0.2696525453076368
2019-01-31,0.0,0.011692569605866864,0.002338513921173373,0.04115784501266498,0.028997572622553227,0.013095677958584502,-0.07950947331989468,-0.10991015429514853,-0.10897474872667579,-0.013563380742795355,-0.003741622273873994,0.018708111369386982,-0.0257236531329071,-0.022449733643260975,0.043964061718066216,0.0678169037140278,0.16650219118755435,0.2806216705408047,0.298394376341736,0.272203020424584,0.2904434290097431,0.3442292491967307,0.37837155244585857,0.40128898887336445,0.3680820911926923,0.3591957382922437,0.4695735953716201,0.5874346969987615,0.521956307205907,0.5303749573221278,0.5359873907329473,0.5065221153261662,0.43309277820131886,0.44431764502294085,0.5027804930522752,0.5350519851644745,0.4934264373675817,0.49389414015182653,0.4990388707784012,0.45413940349187926,0.443849942238713,0.45507480906035197,0.49857116799417334,0.5392613102225935,0.5285041461851823,0.5327134712433012,0.6440267338911504,0.6987479596466106,0.7226008016425722,0.8053841944521131,0.7918208137093177,0.8493482561701793,0.9541136798387362,0.9831112524612894,1.0308169364532296,0.973289493992368,0.9770311162662421,0.9868528747351634,0.9311962434112473,0.8713302870292124,0.8975216429463473,0.9966746332041019,0.9821758468928167,1.039703289353695,1.036897072648277,0.8886352900458817,0.9190359710211355,1.0064963916730232,1.0509281561753172,1.2361384587322586,1.3123740125625072,1.2899242789192462,1.2861826566453551,1.282908737155726,1.1851588552506722
2019-02-07,0.0,0.2794811960709795,0.2645574428827264,0.3161122266239658,0.3039018831062982,0.2830990756317656,0.24330240046308527,0.22611747254933884,0.25551274398075285,0.25234709936505884,0.2595828584866311,0.2645574428827264,0.28355131057685773,0.3219912809102453,0.3052585879416074,0.3278703351965413,0.32606139541614,0.3482209077259818,0.3156599916788737,0.32696586530634064,0.308424232557285,0.28852589497295306,0.28038566596118014,0.23832781606698997,0.27360214178469994,0.29123930464353853,0.31023317233768627,0.3396284437691003,0.3057108228866995,0.30028400354551205,0.34731643783578114,0.19717443606301685,0.26862755738860467,0.08682910945893293,0.039344440223571794,0.2315442918905098,0.20802807474539173,0.21481159892187185,0.10265733253738665,0.09496933847072231,0.08954251912953488,-0.0022611747254933884,-0.10944085671388327,-0.10853638682368263,0.01673269296863791,0.06557406703930825,0.09994392286680118,0.13295707385900135,0.22702194243952303,0.18722526727084268,0.1415495378158828,0.17727609847866846,0.22747417738463155,0.2537038042003516,0.31656446156907436,0.3853041732240602,0.4151516796005828,0.43414554729473054,0.3970622817966357,0.3726415947613005,0.3468642028906726,0.36133572113383355,0.3482209077259818,0.3712848899260078,0.4567572945496644,0.4318843725692372,0.33917620882400823,0.34957761256127456,0.4133427398201815,0.270436497169006,0.2491814547493648,0.16280458023552394,-0.01175810857257549,-0.06331289231381487,-0.04522349450986776
2019-02-14,0.0,-0.09339627901790877,-0.05529431444343928,0.03624333215619609,0.012545768823303197,0.006505213463923095,0.03810196457446949,-0.0032526067319699997,-0.06226418601193918,-0.11337657751427177,-0.12127576529190837,-0.18307529319927074,-0.16774157574857435,-0.16309499470290773,-0.17749939594446745,-0.21513670241436011,-0.15333717450699774,-0.13893277326543807,-0.15705443934352764,-0.14450867052024136,-0.14311469620652784,-0.20816683084586024,-0.21606601862349684,-0.19050982287233054,-0.22582383881940682,-0.2235005482965735,-0.19422708770886044,-0.14311469620652784,-0.12592234633757496,-0.13614482463802796,-0.15287251640243785,-0.11662918424624176,-0.12452837202386147,-0.12220508150102816,-0.14590264483393794,-0.11569986803710505,-0.07016337378957578,-0.10129546679552845,-0.13846811516086124,-0.2667137520212695,-0.24998606025685963,-0.23418768470160334,-0.2667137520212695,-0.3103916138505254,-0.2820474694719659,-0.2978458450272391,-0.3052803747002989,-0.2899466572496025,-0.21606601862349684,-0.21792465104177022,-0.19701503633627054,-0.255097299407103,-0.37172648365332783,-0.38798951731316095,-0.32804862182407196,-0.30202776796832886,-0.19143913908146723,-0.14450867052024136,-0.06133486980280248,-0.00046465810457680236,-0.014869059346136495,-0.07992119398546887,-0.06876939947586228,-0.15147854208874123,-0.13056892738324155,-0.14869059346133115,-0.18958050666319382,-0.15844841365724116,-0.2695017006486627,-0.2286117874468,-0.23325836849246662,-0.2365109752244366,-0.20026764306824052,-0.13289221790607486,-0.06365816032563577
2019-02-21,0.0,0.08205969843061844,0.15619317599007823,0.08066095357099223,0.0783297121383045,0.10863585076324506,0.04988856665952092,0.008392469157672453,-0.020981172894189614,0.07180223612678902,0.02004867632111113,0.018183683174971117,0.015852441742283382,0.008392469157672453,0.042428594074926954,-0.012122455449969437,0.0013987448596092487,0.07366722927292903,0.12728578222474693,0.15805816913623522,0.15805816913623522,0.17624185231118936,0.19675677691884824,0.17344436259197085,0.18183683174964332,0.2587677990283386,0.3301037868685799,0.3930473055511487,0.383256091533867,0.4186909613107138,0.37859360866849157,0.3440912354647063,0.3669374015050529,0.4033047678549781,0.4116972370126506,0.3921148089780872,0.3221775659974552,0.33476626973395535,0.3510849597627695,0.3380300077397215,0.3249750557166736,0.3590111806339112,0.385121084680024,0.4023722712818997,0.4867632111452059,0.4876957077182843,0.47464075569521946,0.5772153787334797,0.5450442469623993,0.5776816270200275,0.560430440418135,0.4918919422971121,0.50308190117402,0.5110081220451617,0.6084540139314989,0.5385167709508668,0.5385167709508668,0.547375488395087,0.5916690756161539,0.6322326765449239,0.6075215173584203,0.6345639179776116,0.6989061815197898,0.6401588974160486,0.4965544251624875,0.4475983550760451,0.42801592704146474,0.5301243017931943,0.4475983550760451,0.5618291852777442,0.5338542880854913,0.5203330877759127,0.5683566612892765,0.6401588974160486,0.6126502485103436
2019-02-28,0.0,-0.05582725846635852,-0.08673987265848147,-0.1882439789609637,-0.28236596844145395,-0.3298883454830673,-0.1771708037279757,-0.15548583556335116,-0.11165451693273382,-0.1854756851527209,-0.10657931161759963,-0.1453354249330996,-0.14948786564548056,-0.10288825320660365,-0.11580695764509802,-0.06413213989112049,-0.036449201808625334,-0.035987819507240344,-0.007382116821991994,-0.027682938082495157,-0.11350004613822343,-0.10888622312447423,-0.10796345852173782,-0.127802897480856,-0.127802897480856,-0.11165451693273382,-0.123650456768475,-0.1153455753437298,-0.08673987265848147,-0.09550613638461164,-0.14718095413860596,-0.1730183630155947,-0.26114238257819755,-0.27267694011257054,-0.25929685337270797,-0.3248131401679499,-0.30589646581156815,-0.232536679892966,-0.3026667897019403,-0.34419119682568305,-0.35249607825044504,-0.3165082587431879,-0.27498385161944516,-0.29851434898957613,-0.3617237242779434,-0.43416074559379225,-0.45123189074466763,-0.4304696871827963,-0.4290855402786749,-0.3215834640583221,-0.3252745224693181,-0.31420134723631327,-0.29805296668819115,-0.2293070037833382,-0.27959767463319435,-0.20393097720771766,-0.16517486389221772,-0.10611792931623143,-0.04290855402786413,-0.02399187967149916,-0.14671957183722098,-0.11949801605611081,-0.12826427978222418,-0.05997969917873951,-0.055365876164990314,-0.10611792931623143,-0.1771708037279757,-0.10150410630248223,-0.09366060717910525,-0.4290855402786749,-0.4706099474024177,-0.4812217403340375,-0.4378518040048051,-0.42770139337455354,-0.4120143951277995
2019-03-07,0.0,-0.08910559691702366,-0.009498566168814601,0.030757261880005566,-0.029400323855875092,-0.04523126747057706,-0.004070814072342063,-0.02035407036175968,-0.02352025908468691,-0.07417927865173651,-0.016735568964100347,-0.023972571759402553,0.04568358014529271,0.05472983363940812,0.02532950978353303,0.04658820549470754,0.06513302515763755,0.06920383922999607,0.09453334901351264,0.030304949205289925,-0.02578182245821576,-0.05970527306114856,-0.12257673484525726,-0.13976461648407323,-0.12529061089348528,-0.08458247016996594,-0.07010846457939444,-0.07146540260350846,-0.03754195200057567,-0.03166188722940394,-0.01764019431351518,-0.02261563373528853,-0.05201595759116363,-0.04749283084410592,-0.04387432944644659,-0.053825208289976834,-0.10403191518232725,-0.1533339967252464,-0.14881086997818865,-0.13931230380937407,-0.1795681318581778,-0.19992220221993745,-0.21077770641288254,-0.24470115701581532,-0.23972571759405845,-0.17504500511112006,-0.1578571234723041,-0.17006956568936318,-0.14066924183348808,-0.14066924183348808,-0.14700161927937544,-0.1451923685805458,-0.04296970409704821,0.043422016771763855,0.08096396877233952,0.048849768868236394,0.0827732194711692,0.07915471807350986,0.13162298833938912,0.16192793754467905,0.21213464443701302,0.17549731778585217,0.17459269243643732,0.24017803026877407,0.23067946409994303,0.22208552328054323,0.2216332106058276,0.1230290475199729,0.1519770587011488,0.09769953773645633,0.01809250698823083,-0.009046253494115414,-0.04975439421763477,-0.03437576327763199,-0.0312095745546883
2019-03-14,0.0,0.1117933144076999,0.09330780572610958,0.06998085429458618,0.03433023040865858,0.06117823111287805,0.1069518716577508,0.1069518716577508,0.04577364054488878,-0.004841442749933077,-0.03344996809048456,-0.12763803613476815,-0.21038269404282153,-0.1694504962478819,-0.27156092515569963,-0.23150898967891792,-0.18133403754319108,-0.18529521797495013,-0.1588873484298257,-0.08714596949890747,-0.10959265861227285,-0.11839528179398101,-0.11663475715763298,-0.16724984045245483,-0.17561233247508398,-0.16989062740696087,-0.16196826654342675,-0.1487643317708645,-0.18529521797495013,-0.22314649765630476,-0.22314649765630476,-0.22138597301995674,-0.20510112013379347,-0.26803987588301953,-0.2777227613828857,-0.2874056468827679,-0.2816839418146608,-0.2147840056336756,-0.26495895776941847,-0.26011751501946945,-0.22622741576990585,-0.20334059549746145,-0.22490702229263682,-0.2636385642921654,-0.25571620342861534,-0.32437666424594847,-0.4093219779494289,-0.40139961708589483,-0.34682335335929787,-0.3494641403138199,-0.3199753526550944,-0.2174247925881977,-0.2006998085429394,-0.24515305561057515,-0.25791685922404234,-0.2772826302238067,-0.28344446645100885,-0.26583922008759253,-0.2825642041328348,-0.23106885851983894,-0.22490702229263682,-0.1835346933386181,-0.07086111661274419,-0.16064787306617373,-0.19277744767940524,-0.17869325058866903,-0.17957351290684304,-0.27816289254198073,-0.26803987588301953,-0.1712110208842299,-0.18705574261129815,-0.18529521797495013,-0.17957351290684304,-0.2015800708611134,-0.1830945621795231
2019-03-28,0.0,0.14887254152932067,0.21479557311563044,0.1741939708803626,0.19078387286896478,0.23313178057672376,0.2588897862958646,0.3483879417607093,0.4405055554342907,0.4976970596581607,0.503372552443733,0.4274082643906549,0.4191133133963459,0.4260985352862786,0.41649385518762505,0.3187007487284713,0.32132020693719215,0.32961515793150115,0.3208836305690773,0.3483879417607093,0.3920455785728287,0.4012136823033832,0.4837266158782793,0.44749077732422343,0.4479273536923383,0.4016502586714981,0.3540634345462817,0.34969767086506975,0.3588657745956243,0.4226059243413122,0.44006897906616,0.40645259872082484,0.3780751347929473,0.38811639125974745,0.39772107135840107,0.47455851214774064,0.4950776014494399,0.5431010019427712,0.5094846215974361,0.5369889327890681,0.5592543275632427,0.5850123332823994,0.48154373403767337,0.42478880618191817,0.5029359760756181,0.4789242758289526,0.48459976861452486,0.543537578310886,0.4889655322957368,0.4260985352862786,0.46364410294471076,0.4819803104058041,0.5230184890091868,0.5719150422387637,0.7172949728231179,0.7653183733164491,0.7915129554037208,0.788893497195,0.8657309379843237,0.8618017506712425,0.8954181310165618,0.8805745345004506,0.8190172665953529,0.7626989151077285,0.6701447250660322,0.6880443561589947,0.7718670188382671,0.8273122175896619,0.8465215777870008,0.82294645390845,0.9050228111152312,0.8897426382309894,1.034249416079114,1.0613171509026151,1.0739778655781362
2019-04-04,0.0,-0.06444074029522451,-0.05928548107160342,-0.0098809135119313,0.08162493770728438,0.07904730809546602,0.09193545615451092,-0.002577629611818358,0.011169728317832663,0.011599333253143537,-0.020191431959173473,-0.04510851820665716,-0.16926434450879596,-0.19031498633855992,-0.16582750502638713,-0.14649528293781977,-0.13059990033166125,-0.15165054216142523,-0.16539790009107624,-0.15165054216142523,-0.11685254240201023,-0.14305844345539528,-0.12329661643153268,-0.07174402419535308,-0.07775849328958029,-0.07689928341897416,-0.05928548107160342,-0.08978743147801907,-0.08076572783667826,-0.10697162889007894,-0.2203873318096647,-0.28568728197549537,-0.35270565188253816,-0.24573402299245925,-0.2727991339164504,-0.24143797363944428,-0.22769061570979326,0.0034368394824088482,0.004296049353014968,-0.021909851700385712,-0.016754592476764623,0.01933222208856735,-0.07990651796608778,-0.057137456395095945,0.027065110923991168,0.0683071847129286,0.04725654288316464,0.07002560445414084,-0.010740123382537417,-0.02062103689446872,0.039523654047740824,0.044678913271346286,0.13360713487875922,0.05498943171858845,-0.033079580018218376,-0.08334335744849662,-0.15036172735552386,-0.24057876376883816,-0.2951385905521314,-0.2753767635282688,-0.5193923667795158,-0.5885587613630505,-0.510370663138175,-0.6160534772223525,-0.6783461928410696,-0.5803962675923315,-0.5339989345797572,-0.5275548605502348,-0.4558108363548974,-0.41413915763064907,-0.35786091110614365,-0.4257384908837926,-0.42144244153077765,-0.38578523190074093,-0.3277885656350389
2019-04-11,0.0,0.07299869120690358,0.12224041190268674,0.07775008530912139,0.11662512796368207,0.17320991227199653,0.13908626371965363,0.13260708994389353,0.06695146234952119,0.0004319449183934361,-0.057448674145069885,-0.053993114798000966,0.05312922496124552,0.05485700463477212,0.05701672922669216,0.06349590300245227,0.05874450890023448,0.0544250597163944,0.09243621253418394,0.13303903486228694,0.13303903486228694,0.07083896661498355,0.023756970511120423,-0.04449032659354965,-0.048377830858996294,0.019869466245673782,0.02548475018466274,0.00907084328607359,0.03196392396042285,-0.01770974165373803,-0.037579207899396096,-0.0812056446561903,-0.04146671216485845,0.022461135755971542,-0.0030236144286754827,-0.0073430636125155595,0.032395868878800575,0.019005576408902623,-0.006047228857366679,-0.006479173775760115,0.019437521327280348,0.02505280526628502,-0.019437521327280348,-0.023756970511120423,0.0012958347551645945,0.027644474776582776,0.04189865708325189,0.07602230563559478,0.0747264708804459,0.027644474776582776,-0.21467662443683927,-0.1749376919455231,-0.13951820863803135,-0.11964874239235757,-0.15506822569984932,-0.14297376798510028,-0.09157232269739705,-0.10366678041216185,-0.18055297588451208,-0.1373584840461113,-0.12310430173944219,-0.12915153059680887,-0.006479173775760115,0.041466712164874166,-0.00043194491837772204,0.014254182306684826,0.03282781379719401,0.04621810626709197,0.004751394102233513,0.05226533512447436,0.12785569584167572,0.1386543188012759,0.13995015355642476,0.20258216672210588,0.20517383623240368
2019-04-18,0.0,0.0033865300766171627,0.03344198450663106,0.020319180459718377,-0.06519070397494584,-0.1587435973415739,-0.2645726622359565,-0.17228971764805795,-0.343309486517371,-0.3835245311772364,-0.3759048385048439,-0.5071328789738783,-0.6146552089065772,-0.593912712187272,-0.49781992126316954,-0.5748634805062831,-0.5405748634805094,-0.4817339033992265,-0.41146340430936257,-0.44109554247978977,-0.4838504846971141,-0.44871523515218215,-0.40511366041569963,-0.4199297295009132,-0.4211996782796428,-0.41019345553063313,-0.42754942217330566,-0.4855437497354304,-0.5122126740888118,-0.5122126740888118,-0.4927401261482515,-0.47369089446726265,-0.5016297675993735,-0.49781992126316954,-0.47665410828429305,-0.5050162976759907,-0.5638572577572735,-0.5409981797400807,-0.5084028277526078,-0.4931634424078229,-0.487660331033318,-0.4334758498073973,-0.4609914066799367,-0.44490538881597824,-0.4148499343859797,-0.46988104813105874,-0.44702197011386596,-0.46480125301612524,-0.5088261440121946,-0.4952800237057105,-0.4838504846971141,-0.4499851839309117,-0.4110400880497758,-0.40088049781992435,-0.36235871819835985,-0.40088049781992435,-0.4156965669051379,-0.34542606781525864,-0.3153706133852601,-0.31494729712568875,-0.30775092071286764,-0.2556830207848345,-0.27769546628285374,-0.3521991279685084,-0.41696651568386744,-0.3801380011006192,-0.314523980866102,-0.3107141345299135,-0.3183338272023059,-0.3644752994962475,-0.54904118867206,-0.5659738390551612,-0.5710536341700947,-0.5994158235617769,-0.5943360284468588
2019-04-25,0.0,0.11436813737833625,0.19545002581819268,0.2534875880698732,0.23129675544422518,0.1809406352552648,0.12973102150377652,0.15320209447320868,0.20355821466216903,0.24324566531956932,0.28720058378960917,0.27482492713299334,0.2697039657578414,0.2752516739142495,0.2697039657578414,0.29872274688368167,0.31621936491544944,0.37340343360460204,0.4519248413568903,0.44424339929417017,0.4570458027320422,0.4578992962945701,0.48905181132672243,0.49289253235807473,0.5005739744208103,0.5825093564231792,0.6290247555807873,0.5756814079229869,0.5530638285160827,0.566292978735211,0.550503347828499,0.4980134937332266,0.5334334765780029,0.5138031246399386,0.5394079315156828,0.5184973392338189,0.41010365679317795,0.43954918470027443,0.37895114176102573,0.35377308166653776,0.24324566531956932,0.2539143348511294,0.30768442929020146,0.30768442929020146,0.31280539066535334,0.3170728584779774,0.42162581988726594,0.41309088426201795,0.34182417179119357,0.20739893569353685,0.07297369959588011,0.017069871250496096,0.001280240343799627,0.06785273822072818,0.027311794000799965,-0.0004267467812561924,0.05803756225169603,-0.042674678126240234,-0.041394437782440605,0.11479488415959245,0.12461006012862458,0.13143800862883234,0.0704132189082964,0.048649133063920075,0.10412621462803238,0.06529225753315998,0.0708399656895681,-0.08236212878364055,-0.06827948500198439,-0.6264642748932036,-0.7241892878022843,-0.7847873307415485,-0.7549150560531804,-0.7472336139904603,-0.6913297856450918
2019-05-02,0.0,-0.005549010568727793,-0.08750362819921802,-0.11951715071112706,-0.009817480236982331,0.11866345677748857,0.24244907715687017,0.15707968379177942,0.15836022469225267,0.22494835151701723,0.27232836483465195,0.4725195922757804,0.5220338404275424,0.4831907664464168,0.4908740118492718,0.46910481654117986,0.4759343680103809,0.5156311359251606,0.556608444740398,0.5139237480578526,0.4516040909013425,0.41233416995339767,0.45373832573546974,0.4750806740767425,0.45501886663594304,0.4477624681999072,0.44306715156483345,0.42001741535625275,0.4443476924653067,0.4033703836500538,0.4323959773941971,0.44306715156483345,0.36538100360259773,0.2906827844081433,0.278304222370199,0.24501015895781666,0.26763304819956263,0.3167204493844898,0.33848964469259724,0.2667793542659086,0.2757431405692525,0.310317744882108,0.2795847632706722,0.30647612218068826,0.09347948573478058,0.0008536939336540134,0.12720039611399764,0.08024722976319773,0.04866055421810794,0.13488364151685273,0.18866635933685366,0.20659393194352582,0.22409465758336322,0.24629069985828994,0.21043555464496114,0.22110672881559748,0.21939934094828947,0.38074749440830785,0.3841622701429084,0.39611398521403357,0.42898120165958104,0.3389164916594165,0.2398879953559081,0.3000734176783064,0.24330277109050866,0.2706209769673439,0.26293773156448885,0.11652922194336131,-0.029452440710946996,-0.048660554218092414,0.12591985521350885,0.03670883914699834,0.04738001331763469,0.05762434052143625,0.03372091037921706
2019-05-09,0.0,-0.03539259233042524,0.005308888849567006,-0.09379036967561402,-0.032738147905633695,-0.0725548142773621,-0.049107221858458595,0.07742129572280522,0.08671185120955151,0.17696296165212622,0.17829018386453005,0.1955440726256027,0.1738661098232269,0.19156240598843952,0.22518536870233707,0.17784777646039007,0.19421685041321496,0.27783184979385106,0.34640499743404995,0.40170592295033936,0.3928577748677331,0.3349024049266521,0.30526110884991775,0.33534481233079205,0.3340175901183883,0.26898370171124475,0.25748110920384687,0.199525739262782,0.1805022208851816,0.20793147994124828,0.17076925799431147,0.1464368507671441,0.09644481410042166,0.09246314746324238,0.032738147905649786,0.08228777716824835,0.029198888672610484,-0.04733759224193089,-0.0022120370206515777,0.04070148117999225,0.059282592153468726,0.09644481410042166,0.03539259233042524,0.0022120370206515777,-0.014157036932157223,-0.17076925799429538,-0.23447592418906726,-0.23005185014776408,-0.21810685023624232,-0.23005185014776408,-0.1920048133925473,-0.11414111026561818,-0.12387407315648837,-0.2818135164309981,-0.30703073846642936,-0.40922684882054194,-0.3410961085844669,-0.26455962766992547,-0.3242846272275181,-0.3096851828912209,-0.16944203578190764,-0.08936629563431087,0.05220407368739011,0.1681148135695199,0.1375887026845378,0.24111203525102198,0.030526110884998212,0.026102036843695053,0.11723796209453363,-0.09113592525083856,-0.02477481463129123,-0.043798333008891584,-0.022120370206515777,-0.023005185014763535,-0.043798333008891584
2019-05-16,0.0,-0.07614952182579678,-0.05688817218751026,0.01254227418306915,0.11422428273869516,0.11870366637550672,0.05554435709647004,0.04255414454970996,-0.015229904365165872,-0.041658267822344386,-0.05957580236959068,0.03001187036664081,-0.02105310309301766,-0.0765974601894714,-0.13438150910434724,-0.10302582364666622,-0.08062890546260834,-0.04972115836860197,-0.10481757710139737,-0.08734798091782571,-0.01746959618357166,-0.051960850187007745,-0.08734798091782571,-0.16663307128939384,-0.1325897556496161,-0.0322515621850466,-0.004927322000486214,0.0250845483661383,0.0017917534547311482,0.032699500548721235,0.05464848036910447,0.03628300745816723,0.055992295460144684,0.09406705637304308,0.08779591928150034,0.1281103720128045,0.1639454411072971,0.1419964612869302,0.12452686510335852,0.09137942619096265,0.17783153038142277,0.14961141346951312,0.11556809782973537,0.06808663127953919,0.013438150910434724,0.007614952182582936,0.029563932002949878,0.07973302873524277,0.08152478218997392,0.14244439965060482,0.18141503729086877,0.08152478218997392,0.08242065891733949,0.08690004255415107,0.11556809782973537,0.14737172165110732,0.29205581312011797,0.32654706712357034,0.4537615624090093,0.5751528589666127,0.5043785975049768,0.491388384958233,0.576048735693962,0.7614952182579677,0.7431297453470468,0.6109879280611052,0.3798517324016183,0.3278908822146105,0.34267284821608546,0.33550583439719345,0.5200564402338173,0.5370780980537143,0.8327174180832783,1.0024860579184272,1.0092051333736447
2019-05-23,0.0,0.5685394112702528,0.8937811249984098,0.5596691827140365,0.5706513704503058,0.38099743608155845,0.5841679092026478,0.7852264231436843,0.8021220965841079,0.8194401618605515,0.8823765454261208,0.9081424474227763,0.974880357512447,1.1003307328075962,1.199170422434066,1.2967429365525223,1.3309566752693742,1.4399337689601044,1.3786869527385681,1.0707633042868547,1.0095164880653187,0.7003256641055611,0.7539694272789096,0.4920864889523415,0.4887073542642598,0.03083460402877026,0.22302288941359033,0.2682188158667269,0.2792010036029962,0.2610381546545438,0.18923154253274285,-0.08870228556222465,-0.06842747743371924,0.018585240784456898,0.03843765707695787,-0.1469923589316835,-0.1360101711954142,-0.10855470185472563,-0.39324679932587187,-0.4130992156183575,-0.4916640971163371,-0.408452905422247,-0.3045445137636472,-0.14530279158765033,-0.26146054649056355,-0.23484986082189926,-0.13136386099930383,-0.008025444884207424,0.07772009782594,0.07434096313785832,0.049842236649246974,-0.07011704477776776,-0.1347429956873855,-0.19218828538482008,-0.2238676730856146,-0.6585088723405216,-0.6230279581156255,-0.8827989372621405,-0.7995877455680506,-0.7269363497742407,-0.4612518849235713,-0.497999974656496,-0.5330584970453722,-0.643302766244131,-0.7919846925198629,-0.676671721288974,-0.849007590381293,-1.001913435017131,-1.3782645609025637,-1.5687632789433508,-1.5463765116347923,-1.7060406256467937,-1.8783764947391126,-1.567073711599302,-1.3807989119186366
2019-05-30,0.0,0.08134981685753359,0.0644897511875778,0.0830358234245353,0.09905288581099023,0.2191808537094252,0.3152832280281701,0.29800166071647155,0.35363987742731334,0.343102336383591,0.37049994309726914,0.3629129135457921,0.4463702386120702,0.4442627304033257,0.4219231433906374,0.4206586384653937,0.38904601533422667,0.4075920875711842,0.36923543817202553,0.37597946444001706,0.3970545465274618,0.411385602346915,0.41391461219741754,0.45775078293929344,0.44173372055283844,0.4257166581663836,0.44889924846257273,0.4274026647333699,0.43372518935960336,0.3903105202594703,0.37597946444001706,0.3612269069788057,0.3532183757855706,0.420237136823651,0.46027979278979597,0.5251910456191164,0.5572251703920417,0.5867302853144643,0.6503770332185412,0.6596500693370201,0.6482695250097968,0.623822429788364,0.6659725939632535,0.6693446070972416,0.6680801021719979,0.6217149215796195,0.6347814724738291,0.7127592761973747,0.7055937482876404,0.7372063714188075,0.735098863210063,0.7553309420140222,0.7928445881296646,0.8349947523045541,0.7898940766374194,0.7401568829110527,0.7367848697770647,0.6904196891846862,0.6718736169477287,0.7300408435090885,0.8172916833510975,0.8033821291733869,0.7624964699237412,0.7810425421606987,0.7903155782791774,0.7485869157460306,0.5745067377037403,0.5723992294949959,0.49526442905495116,0.4927354192044485,0.7030647384371531,0.6777746399322194,0.6634435841127508,0.6739811251564732,0.6899981875429435
2019-06-06,0.0,0.015012635635001888,0.03377843017874287,-0.10383739647535767,-0.10800757304063344,-0.14595617978465208,-0.13970091493673842,-0.14887530338034818,-0.15346249760214545,-0.16555600964145126,-0.24812550563390856,-0.25229568219918436,-0.2197683049900363,-0.22060234030307932,-0.24645743500779216,-0.28732516534749175,-0.2885762183170866,-0.28232095346917296,-0.2789848122169402,-0.2126790048290645,-0.24395532906863276,-0.19975145747670045,-0.23478094062502303,-0.24478936438169097,-0.3069249952042909,-0.29816762441721784,-0.31318026005220456,-0.31609938364790063,-0.2914953419127675,-0.3874094029141103,-0.4082602857404891,-0.35613307867454197,-0.28232095346917296,-0.23686602890766092,-0.3736478202487033,-0.47206398718922066,-0.5992543724301317,-0.6613900032527317,-0.5934161252387395,-0.6071777079041466,-0.7339510754885362,-0.7201894928231292,-0.714351245631737,-0.6747345682616172,-0.5980033194605369,-0.5663099775644471,-0.6484624559003828,-0.6997556276532718,-0.6655601798180075,-0.6513815794960789,-0.7247766870449265,-0.8940858555951168,-0.9925020225356342,-1.0450462472581028,-1.0166890466142307,-1.0817438010325267,-0.9929190401921558,-1.0658971300844817,-1.0500504591364368,-1.1739047031251304,-1.2593933227132836,-1.3060993002443753,-1.328201236040334,-1.2844143821049383,-1.2835803467918803,-1.2072661156473365,-1.1551389085813892,-1.1084329310502976,-1.1271987255940386,-1.3102694768096512,-1.314439653374927,-1.2627294639655013,-1.2464657753609196,-1.2481338459870361,-1.2122703275256705
2019-06-13,0.0,0.07964937418349469,0.13401323275316818,0.04298537654347308,-0.005057103122764245,-0.008428505204601965,-0.029078342955882908,-0.03624257237978231,-0.08428505204601963,-0.18795566606261768,-0.24611235197438347,-0.23220531838677796,-0.14749884108053438,-0.10999199292004949,-0.14412743899869665,-0.10409203927683733,-0.11083484344051277,-0.12642757806902946,-0.12769185384971668,-0.12094904968604125,-0.17067723039318977,-0.2102912048548251,-0.27350499388933985,-0.2726621433688766,-0.24021239833115599,-0.23431244468792847,-0.24779805301529464,-0.2979476589826825,-0.27729782123140156,-0.25580513295967267,-0.2684478907665756,-0.3135403936111992,-0.39951114669813,-0.3822327110287021,-0.3089047157486589,-0.30258333684520744,-0.3291331282397006,-0.34093303552615556,-0.29499768216106875,-0.25749083400058387,-0.27561212019049036,-0.27350499388933985,-0.25411943191874614,-0.2182982847991878,-0.24063382359137994,-0.22461966370263928,-0.15887732310675007,-0.08344220152555637,-0.07206371949934066,-0.1500273926419088,-0.12853470437017994,-0.12600615280880548,-0.09018500568924714,-0.11336339500190254,-0.10324918875637405,-0.12474187702810294,-0.02191411353196817,0.050571031227611786,0.15592734628513633,0.17699860929664124,0.2815120738337025,0.2258839394833265,0.24021239833115599,0.14244173795777013,0.2031269754309104,0.2376838467697815,0.2722407181086373,0.2794049475325521,0.2579122592608232,0.30258333684520744,0.36832567744111194,0.4336465927767772,0.3860255383707638,0.36748282692064865,0.32239032407602514
2019-06-20,0.0,-0.08501393283898993,-0.04851805257982625,0.03177288399033699,0.1081995508859943,0.22412764112098482,0.3546540834596471,0.39286741690746796,0.5006376044963018,0.5491556570761281,0.5414271177271318,0.602396705924781,0.5890864437126218,0.5714825485287961,0.5440032975101254,0.5375628480526259,0.5332692150809596,0.5723412751231168,0.5667595522599538,0.6135601516511228,0.7037264440561155,0.7466627737727786,0.728629515291777,0.7724245716027766,0.7707071184141038,0.778865021060276,0.65263221169328,0.6165656947312924,0.5641833724769602,0.6242942340802886,0.6341695899151181,0.6771059196317812,0.7200422493484443,0.7389342344237824,0.6689480169856089,0.710166893513615,0.7161779796739384,0.7513857700416053,0.756538129607608,0.7719952083056005,0.7921752832724354,0.8853471187575975,0.9291421750685971,0.8939343847009302,0.9025216506442628,0.9046684671300959,0.8488512384984338,0.7569674929047685,0.7329231482634433,0.7771475678716032,0.7595436726877776,0.7638373056594439,0.7780062944659396,0.8733249464369349,0.8587265943332633,0.8595853209275996,0.9055271937244324,0.9999871191010913,1.0442115387092512,1.01630292439342,1.0369123626574153,0.9600563324645977,0.9587682425730853,1.060956707298756,1.139959553977407,1.160568992241402,1.140388917274583,1.3151397792213895,1.3984362588717223,1.4460955848572121,1.456829667286378,1.5624530383893787,1.6105417276720446,1.5972314654598696,1.6083949111862113
2019-06-27,0.0,0.12014316006019804,0.03751839033457896,0.09316364341509481,0.06787034656031626,0.04342015960070009,0.0172837528507592,0.04131238486280188,0.047214154128923,0.07377211582643739,0.11255517100376757,0.16314176471332462,0.15639688555204115,0.17115130871732862,0.1816901824068197,0.19138594620114838,0.20150326494306595,0.20951280894708524,0.15428911081414295,0.18042551756408381,0.2124636935801305,0.22679656179784446,0.22258101232204808,0.23564921569701083,0.2537760784429477,0.2647365070800123,0.22806122664058032,0.20403259462853765,0.23101211127364088,0.2525114136001965,0.26305028728968755,0.27148138624128043,0.2938237984630137,0.19433683083420894,0.18337640219714438,0.1441717920722407,0.1875919516729408,0.1930721659914731,0.21920857274141398,0.27443227087434097,0.2289043365357427,0.2731676060316051,0.2984609028863836,0.34989060649110304,0.292137578672689,0.28665736435415673,0.3220679799508375,0.30562733699524064,0.3089997765758747,0.328812859112121,0.3726545736603945,0.38192878250714973,0.08473254446350195,0.03414595075394489,0.011381983584653407,0.07461522572159975,0.12478026448356798,0.00590176926610579,-0.2061403693664512,-0.2596778477090688,-0.19813082536243187,-0.12604492932631917,0.023607077064453832,0.01770530779834804,0.061125467399048124,0.14880889649561066,0.10749651163280878,0.11803538532229985,0.09948696762878945,-0.31700932057989406,-0.29508846330574956,-0.18253329230198204,-0.17705307798344974,-0.1585046602899547,-0.17452374829797804
2019-07-04,0.0,0.05409122548074711,0.12327767667704376,0.13334116048742028,0.16395092374396059,0.2004310525565564,0.236491869543711,0.21720352557384046,0.20378554716001018,0.23146012763852272,0.21971939652642697,0.1949799988259269,0.1769495903323496,0.21594559009753192,0.2268476975587757,0.21762283739926647,0.2226545793044547,0.244458794226927,0.231879439463964,0.27045612740370506,0.2473939770049395,0.25997333176790255,0.1886903214444454,0.21342971914494543,0.2184614610501337,0.18533582684099162,0.18240064406296386,0.10273139723086472,0.09728034350025046,0.08512030056272868,0.15682262271161182,0.16940197747457483,0.1815620204121119,0.22349320295532193,0.1941413751750749,0.1920448160479144,0.17149853660173536,0.15598399906074456,0.15179088080642356,0.16353161191851934,0.1643702355693866,0.1815620204121119,0.23481462224197647,0.20294692350914292,0.19246412787334038,0.16311230009309335,0.1505329453301303,0.12453561215333701,0.12285836485161775,0.09266791342050344,0.06708989206913613,0.10860176278692023,0.115730063819269,0.1601771173150656,0.1815620204121119,0.18491651501556564,0.19875380525482192,0.18114270858667064,0.21552627827210596,0.10482795635802522,0.08512030056272868,0.1417273969960623,0.10357002088173196,0.12453561215333701,0.19875380525482192,0.21510696644667995,0.2826161703412421,0.3216121701064244,0.252845030735569,0.253264342560995,0.21804214922469242,0.13627634326543278,0.11447212834297574,0.11447212834297574,0.11195625739037399
2019-07-11,0.0,-0.05288161453637876,-0.13567168319579595,-0.10663014078647176,-0.027741174838760728,-0.08409043622998064,-0.08712462722797255,0.02340661627018958,0.05418198210694222,0.10749705250017022,0.07455440737913989,0.07498786323600488,0.11616616963728096,0.08842499479852026,0.06675220195574336,0.09579374436506755,0.13697205076634364,0.09709411193563101,0.05764962896178338,0.036843747832720715,0.005634926139118837,-0.003901102711706148,0.0827900686594014,0.09319300922394064,0.05764962896178338,0.04768014425410916,0.1092308759275829,0.15170954989943822,0.11963381649212214,0.12136763991955057,0.10879742007073369,0.10532977321589254,0.13177058048407403,0.15387682918371592,0.1998231500103966,0.194621679728127,0.2011235175809601,0.2726437339621238,0.2891150565226311,0.30038490880088453,0.28261321866979805,0.2310319717039985,0.24967057354878347,0.21759484014146738,0.23233233927456193,0.30471946736943994,0.27611138081696496,0.2821797628129488,0.2891150565226311,0.3177231430751061,0.3398293917747322,0.3385290242041687,0.32552534849850256,0.3905437270268332,0.3545668909078268,0.3294264512102087,0.3281260836396295,0.24446910326651386,0.24880366183506925,0.338962480061018,0.37840696303488136,0.4373569595672282,0.442991885706347,0.4234863721478478,0.3996463000207932,0.4143837991538878,0.46076357583743355,0.48503710382133736,0.33419446563561334,0.345897773770716,0.3857757126014287,0.41178306401276094,0.40918232887161826,0.33766211249045447,0.3268257160690661
2019-07-18,0.0,0.007290880395254613,-0.03859877856309614,-0.08620393879090846,-0.08920606601248574,-0.11408083441981123,-0.0501784121320281,0.0012866259521000841,0.039885404515196225,0.046318534275712246,0.044174157688873575,0.06090029506622147,0.07762643244356937,0.10893433061141089,0.09521032045564026,0.07805530776093086,0.048034035545189424,0.04846291086255092,0.05575379125780553,0.0578981678446442,0.06862005077883758,0.07762643244356937,0.04331640705415058,-0.0248747684073255,-0.03087902285048003,-0.07290880395251492,-0.046318534275712246,-0.04331640705413498,-0.07033555204829915,-0.05360941467096686,-0.03645440197625746,-0.012008508886293456,-0.022301516503125333,-0.05403828998832835,-0.06947780141357617,-0.0420297811020349,-0.032594524119941605,-0.06218692101832156,-0.092208193234063,-0.18184313456391024,-0.14367323131819118,-0.1342379743360979,-0.14881973512660712,-0.13724010155767516,-0.1578261167913233,-0.16168599464763916,-0.11236533315034966,-0.1162252110066499,-0.1333802237013593,-0.12137171481506584,-0.1346668496534594,-0.08706168942564706,-0.049749536814651,-0.11236533315034966,-0.20328690043229697,-0.25646743978590236,-0.2817710835106049,-0.26075619295957964,-0.21572428463596752,-0.2337370479654155,-0.23716805050435427,-0.23974130240855446,-0.22387291566596074,-0.19599602003705796,-0.12994922116242055,-0.1496774857613301,-0.21186440677965165,-0.23845467645645435,-0.28734646263638236,-0.45074795855348304,-0.4820558567213246,-0.590132436697997,-0.651890482398957,-0.6381664722431863,-0.5292321416317755
2019-07-25,0.0,0.2523203270851806,0.3254887874877402,0.42925496769501287,0.49089385251899376,0.6115109508795639,0.6412217802551519,0.6363438828949878,0.6895573086423037,0.6633940409832002,0.5538630729866382,0.4891200716607434,0.5055275445995024,0.42393362512027805,0.3755980967331423,0.23724318979011738,0.188464216188411,0.2230529429241632,0.2758229234569247,0.36805952808560266,0.3556430620778988,0.35076516471771846,0.2948910676830431,0.31440265712371596,0.2332521828590622,0.25631133401623574,0.2922303963956676,0.3188371092693256,0.307307533690747,0.27005813566761927,0.30464686240338756,0.23236529242993703,-0.06607333696959054,0.006208233003843859,-0.015964027724204494,-0.11396542014217176,-0.15919683202739363,-0.14944103730704913,-0.12460810529164142,-0.08735870726851373,-0.05099619967451121,-0.08957593334131857,-0.04345763102697155,-0.031928055448392854,-0.15165826337985394,-0.20265446305436516,-0.21418403863294383,-0.19422900397770035,-0.15964027724194815,-0.1263818861498756,-0.24167764193572705,-0.24921621058326673,-0.1627443937438781,-0.10376618020727275,0.02882393894646286,-0.03946662409593252,-0.04567485709977638,0.011973020793149337,-0.03503217195032285,-0.011973020793149337,-0.011973020793149337,0.026163267659087375,0.07760291254816923,0.13879835215757946,0.09888828284709242,0.1671788458894878,0.11839987228778144,0.01064268514945353,-0.016407472938759007,-0.29888207461409827,-0.31617643798196626,-0.30154274590145763,-0.22039227163680383,-0.19068144226121583,-0.15875338681282297
2019-08-01,0.0,0.11457658742917887,0.1607695199105125,0.22688881542301487,0.15488218537858156,0.07155375815735157,0.024002210014805615,-0.013586156612155988,0.007245950193159746,0.07019514249613927,-0.011774669063861933,-0.029889544546736584,-0.07608247702807024,-0.10959499667139493,-0.13405007857326584,-0.12906848781548189,-0.19745214276332712,-0.23866348448687683,-0.22870030297129246,-0.3179160647244534,-0.40984905780003894,-0.5121981042782742,-0.4632879404745159,-0.49680046011784057,-0.48366717539274984,-0.4333983959277793,-0.4800442002961782,-0.5534094460018238,-0.5198969263584992,-0.5108394886170619,-0.43973860234677553,-0.5615611399691142,-0.6104713037728724,-0.6421723358679031,-0.6571171081412713,-0.6666274177697904,-0.6181701258530975,-0.6095655599987254,-0.5298601078740836,-0.5212555420197115,-0.4895545099246808,-0.5375589299543085,-0.4832143035056846,-0.5339359548577205,-0.5602025243079019,-0.635379257561825,-0.648965414173981,-0.7073858876062584,-0.694705474768233,-0.5805817592261359,-0.5728829371459108,-0.5805817592261359,-0.6168115101918851,-0.696516962316527,-0.8292084252285805,-0.8708726388391955,-0.84687042882439,-0.9419735251094818,-0.8776657171452736,-0.7694293361350909,-0.8264911939061559,-0.8740427420487019,-1.036623749507492,-1.04024672460408,-1.0049227174124613,-1.1308211020184533,-1.4428498322109593,-1.3155928319437715,-1.1874300879024366,-1.0551914968774483,-0.7852798521826063,-0.619981613401375,-0.49046025369882784,-0.5031406665368369,-0.46464655613572814
2019-08-08,0.0,-0.1280768277343614,-0.12348626043205417,-0.28828762658489,-0.3961659581891097,-0.4466621985144891,-0.42829992930526023,-0.318585370780111,-0.3208806544312646,-0.25890799585011715,-0.1950991103480568,-0.1652604228830599,-0.16066985558075267,-0.022034723051071313,0.06334982877183629,0.020198496130158443,-0.040396992260300184,0.027543403813843313,-0.039937935530076143,-0.05967737492999385,-0.130372111385515,-0.18040929498067038,-0.16985099018536712,-0.1950991103480568,-0.18959042958528483,-0.26671196026404276,-0.32593027846381256,-0.30435461214296533,-0.2038211882224305,-0.14276664310174783,-0.12761777100413738,-0.0964019133484516,-0.19004948631550886,-0.177195897869052,-0.08813889220430195,-0.11889569312974696,-0.09456568642752204,-0.048660013404449844,-0.040396992260300184,-0.0482009566742258,-0.07849870086944677,-0.05875926146952907,-0.0656451124229899,-0.15562023154820473,-0.20290307476198244,-0.2662529035338187,-0.22401968435258895,-0.21162515263635612,-0.21851100358981695,-0.12119097678090057,-0.05187341051606823,-0.042692275911453796,0.10787833160421965,0.036724538418457756,0.057382091278840246,0.07849870086946346,0.09043417585545556,0.15607928827844544,0.18959042958528483,0.03351114130683936,-0.052332467246292286,-0.055086807627686626,0.08722077874383716,0.564639778183788,0.7693790798667,0.8244658874943865,0.8432872134338396,0.7496396404667656,0.8492549509268356,1.0057932959355218,1.145805598655892,1.1471827688465808,1.1797757966929552,1.3551354676410945,1.383137928185162
2019-08-22,0.0,-0.1085062460057388,0.0367817783070267,-0.04965540071449942,0.019770205840023505,-0.022988611441891686,-0.03356337270517524,-0.09517285136943492,-0.13333394636297177,-0.1618398245509208,-0.12873622407459345,-0.10069011811549228,-0.1360925797360088,-0.165977774610468,-0.18252957484862334,-0.31126579892321676,-0.41057660035219884,-0.42574908390384403,-0.3760936831893613,-0.2800012873622474,-0.30298989880413907,-0.37057641644330397,-0.4096570558945199,-0.4712665345587796,-0.5144851240695426,-0.5646002970128732,-0.5103471740099954,-0.5374737355114343,-0.4243697672173339,-0.369656871985625,-0.31310488783857476,-0.34344985494186514,-0.40184092800427335,-0.42574908390384403,-0.38161094993540196,-0.3360934992804665,-0.30712784886368627,-0.3218405601864836,-0.3075876210925174,-0.410116828123351,-0.44184111191316827,-0.44230088414199936,-0.4335652117940906,-0.27310470392967995,-0.1728743580430355,-0.10528784040387061,-0.1420696187108973,-0.26574834826828125,-0.2487367758012781,-0.21839180869797103,-0.19310433611189015,-0.19034570273886983,-0.4082777392080097,-0.4252893116749962,-0.5521864468342483,-0.47816311799134703,-0.5714968804454407,-0.8354061397983472,-0.9241421799640458,-0.8298888730522899,-0.7526471386075371,-0.7158653603005104,-0.7687391666168614,-0.863452245757465,-0.8749465514784109,-0.9039122018951912,-0.9002340240644918,-0.9071306074970593,-0.9981655088069471,-1.2864426962882722,-1.2128791396742187,-1.2326493455142422,-1.3264428801971504,-1.434489353974041,-1.3715005586232714
2019-08-29,0.0,-0.05417340040516903,-0.1584230532856817,-0.05417340040516903,0.02276193294334555,-0.03596385405049259,0.06783056017117636,0.13611635900121302,0.1989392939248434,0.13748207497781043,-0.0031866706120716893,0.02139621696674813,-0.06828579883003665,-0.07875628798397229,-0.03550861539161575,-0.0860401065258528,-0.24400792115265765,-0.2776955819088157,-0.16206496255661368,-0.14294493888421667,-0.16069924658001625,-0.2021259645369151,-0.20485739649010992,-0.17845355427583243,-0.12928777911820932,-0.15159447340267806,-0.16661734914528278,-0.197573577948246,-0.2321717160221246,-0.16570687182756222,-0.22534313613912094,-0.24992602371794073,-0.3591833018459994,-0.3405185168324461,-0.3623699724580545,-0.39742334919081,-0.45797009082010587,-0.4912025129174036,-0.4634329547265121,-0.5517492545466994,-0.529897798921091,-0.3892290533312089,-0.2544784103066099,-0.3264061184075785,-0.2430974438349371,-0.2531126943299959,-0.16479639450982508,-0.09468964104431417,-0.11062299410465606,-0.12746682448273508,-0.13201921107140419,-0.26130699018961356,-0.291352741674823,-0.30318894680535613,-0.2198802722327147,-0.13292968838914132,-0.05963626431155872,0.06919627614777378,0.13292968838914132,0.2531126943299959,0.1534154280381523,0.1488630414494832,-0.06783056017117636,-0.15887829194455855,0.034598138073878605,0.0013657159765974205,-0.023217171602205836,-0.02412764891994297,-0.006828579883003665,-0.37010902965879533,-0.4188195661575581,-0.5039491953656738,-0.4283795779937566,-0.25038126237680103,-0.30546514009969067
2019-09-05,0.0,0.33468527154621414,0.2651701738798104,0.17125573729736848,0.1684935479861271,0.1031217342865855,0.09621626100846527,0.13672837090676732,0.25826470060169016,0.29463352653313013,0.330541987579352,0.3563224211509942,0.3135084868266521,0.3079841082041525,0.3908497875415954,0.4424106546848965,0.43136189743989745,0.4355051814067763,0.35954497534745367,0.3121273921710314,0.33284381200539215,0.31949323033435295,0.2927920669922914,0.22143550978504895,0.18230449454236758,0.2232769693258877,0.23340499680045063,0.19105142736132658,0.02301824426040079,-0.14639603349616245,-0.21038675254006658,-0.2601061601425289,-0.3024597295816697,-0.19105142736132658,-0.2973957158443883,-0.33284381200540886,-0.3890083280007734,-0.37980103029661305,-0.3194932303343697,-0.33238344712019074,-0.28910914791064735,-0.2697738227319073,-0.2555025112904488,-0.2508988624383686,-0.251819592208788,-0.35079804252851143,-0.4129473020315935,-0.3816424898374518,-0.17770084569030417,-0.28542622882896984,-0.2513592273235867,-0.33790782574269035,-0.2536610517496268,-0.2532006868644087,-0.2610268899129483,-0.2439933891602484,-0.20486237391756706,-0.3015389998112504,-0.3346852715462309,-0.29417316164792884,-0.3185725005639503,-0.28404513417334915,-0.23386536168568547,-0.2011794548359063,-0.24675557847150653,-0.23018244260400791,-0.27990185020648706,-0.298776810500009,-0.2182129555886062,-0.33054198757936876,-0.11324976176118194,-0.19473434644300408,-0.13810946556240475,-0.12890216785824443,-0.19703617086904418
2019-09-12,0.0,0.12077677105336836,0.07916080499753471,0.07825611008327388,0.14339414390980684,0.14520353373832848,0.18184367776575228,0.15651222016654776,0.18817654216556162,0.14882231339535537,0.141132406624163,0.05790047451247923,0.02804554234197056,-0.04885352536992029,-0.016284508456645586,0.01809389828515079,0.058805169426740064,0.07870845754039606,0.03618779657030158,0.004975822028409884,0.017641550828012147,-0.054734042312591005,-0.08911244905437092,-0.19315236419398796,-0.24833875396370114,-0.14384649136696193,-0.2221026014502358,-0.3406176352179767,-0.2836218556197419,-0.29945401661924886,-0.27321786410578347,-0.27095612682013964,-0.1999375760509195,-0.1642021269377566,-0.12122911851052344,-0.10765869479666038,-0.10087348293972881,-0.1623927371092349,-0.1718920337089325,-0.0592575168838787,-0.042973008427233124,-0.07825611008329034,-0.1058493049681387,-0.030759627084769505,-0.013118076256740904,-0.04433005079863259,-0.14248944899556246,-0.11127747445368723,-0.1148962541107141,-0.1325378049387427,-0.1804866353943857,-0.1709873387946881,-0.19179532182260495,-0.24155354210676963,-0.3030727962762757,-0.43063477918659204,-0.4469192876432377,-0.38313829618807127,-0.37454369450263447,-0.29176410984805645,-0.3808765589024274,-0.39851810973045604,-0.6065979400096901,-0.5672437112394838,-0.445109897814716,-0.427920694443826,-0.47496482998520817,-0.43922938087204527,-0.5116049740126485,-0.5618155417539352,-0.6165495840665263,-0.7983932618322787,-0.7355169652913894,-0.683497007721581,-0.68259231280732
2019-09-19,0.0,-0.19861111111111784,-0.20092592592593264,-0.2648148148148182,-0.3120370370370438,-0.2000000000000034,-0.18101851851851178,-0.2995370370370404,-0.3555555555555522,-0.3087962962962997,-0.3925925925925893,-0.41574074074073736,-0.4379629629629562,-0.44953703703703035,-0.44351851851851515,-0.40972222222222227,-0.556944444444441,-0.6041666666666666,-0.6226851851851851,-0.5273148148148216,-0.5652777777777711,-0.5555555555555556,-0.5731481481481447,-0.5902777777777778,-0.48703703703704043,-0.43564814814814146,-0.4842592592592525,-0.47268518518517844,-0.4370370370370438,-0.3995370370370337,-0.45324074074074744,-0.49027777777778453,-0.4458333333333299,-0.43611111111111445,-0.5416666666666667,-0.6212962962962997,-0.6143518518518553,-0.5657407407407441,-0.5694444444444444,-0.7537037037037003,-0.8013888888888823,-0.8245370370370302,-0.7962962962962963,-0.7759259259259191,-0.7407407407407408,-0.7439814814814849,-0.8750000000000001,-0.8967592592592626,-0.9074074074074074,-0.821296296296303,-0.8060185185185118,-0.80416666666667,-0.8449074074074074,-0.8597222222222256,-0.897685185185192,-0.857870370370367,-1.0282407407407341,-1.0324074074074074,-0.9481481481481449,-0.934722222222229,-0.8680555555555556,-0.9138888888888956,-0.8870370370370303,-0.9958333333333266,-0.965740740740734,-1.0986111111111077,-1.1990740740740742,-1.1370370370370304,-1.096759259259266,-1.0157407407407475,-0.9226851851851817,-0.9254629629629698,-0.8870370370370303,-0.9124999999999932,-0.9787037037037104
2019-09-26,0.0,0.17742167508729725,0.3618181580404277,0.36051038156558596,0.6011412529370385,0.613783092193879,0.7319189004215304,0.70881484936594,0.6599911943050598,0.6931215316678073,0.6543241629140684,0.660863045288293,0.7253800180473058,0.8500547086491975,0.8679276538054053,0.867055802822172,0.869235430280247,0.9006220656765281,0.8343613909510491,0.7114304023156394,0.762869610326203,0.8247710301355324,0.7973077241637764,0.7641773868010447,0.7968717986721676,0.8544139635653474,0.8831850460119293,0.9062890970675197,0.9036735441178362,0.9158794578830523,0.890595779369387,0.7994873516218512,0.7916406927727848,0.6874545002768159,0.32520041674476363,0.3382781814932128,0.18526833393636358,0.2484775302205347,0.3435092873925957,0.3435092873925957,0.44551585243050573,0.5501379704180993,0.6172704961267956,0.49608320945783624,0.533136876245109,0.5671390645910738,0.539239833127725,0.5287776213289592,0.3910251659786341,0.40410293072708325,0.44333622497243086,0.4925958055249197,0.5470864919767914,0.6338356648081614,0.6111675392441955,0.6386308452159357,0.6726330335619004,0.6490930570146854,0.5549331508258577,0.5828323822892223,0.6691456296289838,0.7585103554100533,0.7354063043544629,0.8687995047886383,0.8858005989616287,0.9267775951734265,0.9333164775476512,0.778127002532727,0.7266877945221634,0.6970448610923325,0.8156165948116084,0.8517984106156481,0.8278225085768245,0.8613887714311806,0.9359320304973505
2019-10-03,0.0,0.014656504823335425,0.2176268898008492,0.3908401286219333,0.31977828705430905,0.4312565510135292,0.5018742560713462,0.5045390751301417,0.5009859830517638,0.4441365097976514,0.35264438877934173,0.3744070777594331,0.3259961981914826,0.26559363285900844,0.26603776936879964,0.4001669953276937,0.3308816997992503,0.39794631277870535,0.4037200874060716,0.3277727442306797,0.4041642239158628,0.37840430634760225,0.3806249888965905,0.379736715876992,0.5267459006200242,0.6049139263444044,0.6653164916768948,0.6231235232461179,0.4161559096804026,0.5165307608946815,0.5644975039528247,0.5689388690508012,0.6271207518342871,0.6879674536765685,0.6826378155589935,0.6582103075201227,0.7390431523032984,0.7039563680292775,0.8398621400273686,0.7545879301462163,0.6981825934019112,0.6026932437954162,0.6533248059123549,0.5711595515997895,0.5440672245021231,0.46367851622875456,0.5471761800707098,0.4818881131304518,0.4201531382685879,0.2833590932509145,0.20963243262449469,0.2273978930164008,0.11325480999840112,0.17765460391906057,0.4014994048570834,0.43036827799393074,0.4650109257581443,0.4463571923466397,0.39883458579830394,0.397502176268898,0.4388068716800925,0.3641919380340742,0.36241539199489325,0.3997228588178863,0.33932029348541215,0.2522695375650789,0.2744763630549615,0.3384320204658136,0.31489278544654137,0.302012826662403,0.4712288368953179,0.44280410026826167,0.45390751301320303,0.4947680719145902,0.45968128764056926
2019-10-10,0.0,0.0252841135922104,-0.08250605487982747,-0.10557226377096707,-0.1193232729175996,-0.10557226377096707,-0.11577462539588955,-0.11533104445568183,-0.15835839565645865,-0.13129995830338517,-0.0510118081246285,0.06653714103212414,-0.03859154179863523,-0.0470195796626946,-0.05544761752677011,-0.04347093214098454,-0.046132417782263055,0.02084830419006879,0.06698072197234797,0.042140189320345287,0.010645942565146317,0.037704379918203676,-0.03859154179863523,-0.10335435906989626,-0.419183988502382,-0.3632927900353881,-0.3229269244759059,-0.3978921033721055,-0.39478703679060323,-0.37216440883967133,-0.31937827695419585,-0.3397830002040408,-0.33002421951932603,-0.33623435268233076,-0.4125302743991696,-0.3952306177308109,-0.3921255511493085,-0.3056272678075472,-0.20449081343872172,-0.1721094048030912,-0.2643742403676334,-0.27723808763385055,-0.3007478774651978,-0.29852997276412707,-0.2834482207968391,-0.5243126713331414,-0.5611298893709136,-0.5593555656100505,-0.4426937783337293,-0.3903512273884616,-0.4524525590184441,-0.3961177796112425,-0.4351529023500854,-0.4515653971380125,-0.5207640238114152,-0.495479910219221,-0.3695029231983928,-0.35974414251367803,-0.37438231354074214,-0.3455495524268216,-0.3717208278994636,-0.32603199105740827,-0.39567419867103476,-0.5154410525288582,-0.5127795668875635,-0.4830596438932115,-0.5167717953494975,-0.49414916739856557,-0.5043515290235042,-0.5003593005615703,-0.420958312263229,-0.3655106947364589,-0.3624056281549727,-0.31183740097055185,-0.294981325242417
2019-10-17,0.0,0.2089169970148439,0.15515802079554541,0.09440600701925508,0.16652170682563536,0.16127692865789542,0.16040279896326945,0.1853154952600222,0.20498341338903497,0.18793788434390007,0.2661724920126304,0.25786825991372336,0.24038566602126754,0.25786825991372336,0.25306054659328847,0.25087522235673154,0.26311303808144737,0.27360259441692725,0.3076936525072129,0.2840921507524071,0.20585754308366094,0.17482593892455822,0.15078737232243147,0.14685378869662255,0.08916122885151515,0.06118907862359538,0.0847905803784012,0.10708088759129192,0.09047242339344616,0.12893412995686168,0.07954580221066128,0.08785003430958414,0.15778040987940745,0.22814785029653578,0.2285849151438567,0.24257099025782455,0.22115481273955978,0.22639959090729975,0.24606750903631253,0.21896948850300282,0.24169686056319858,0.39816607590067504,0.4182710588769929,0.40384791891571997,0.4375019121587006,0.5450198645972976,0.5664360421155623,0.604897748678962,0.600527100205848,0.5847927657026442,0.6368034825326907,0.6481671685627964,0.7399507864981895,0.7945838924121139,0.8369791826013224,0.8780632782485842,0.8706331758442872,0.877626213401279,0.8793744727905152,1.005686213663515,0.9226438926743497,0.9169620496593047,0.9296369302313257,0.9619797289323754,0.9711580907259083,0.9794623228248311,0.987766554923754,1.0310359748075726,1.0467703093107925,1.084794951026871,1.2132920161364278,1.294586077736341,1.2556873063256364,1.2360193881966235,1.2067360434267567
2019-10-24,0.0,-0.00901036191619739,-0.06736318194495411,-0.18492695170874454,-0.18707227597450732,-0.19779889730332118,-0.1596121253727532,-0.15789586596013674,-0.3698539034175047,-0.5208847317272068,-0.4183382318237402,-0.33939029884366395,-0.3029197863256969,-0.3170789264797436,-0.507154656426322,-0.6165661939802232,-0.5140196940767566,-0.5256044451118786,-0.5813828760217107,-0.6637633278270042,-0.7092442022611687,-0.6320125286937089,-0.7276939909467254,-0.7585866603737124,-0.755154141548495,-0.6959431918134458,-0.668912106064838,-0.6401647609036137,-0.7113895265269314,-0.7191126938836743,-0.6852165704846319,-0.6066977023577176,-0.5912513676442163,-0.5595005685109367,-0.5105871752515393,-0.48570141376869425,-0.4179091669705938,-0.4445111878660397,-0.5865316542595445,-0.5607877630703912,-0.5020058781884882,-0.49127925685967433,-0.36856670885805015,-0.4028918971102545,-0.3775770707742475,-0.39173621092827865,-0.5320404179091669,-0.6620470684143877,-0.777465513912431,-0.9091884238302681,-0.8044965996610387,-0.780468967884502,-0.7572994658142578,-0.9370776392851842,-1.0065861454958853,-0.9066140347113436,-0.916911591187011,-0.9181987857464655,-0.8667110033681591,-0.8366764636474804,-0.9937141999013087,-0.9340741853131131,-0.8508356038015116,-0.8873061163194785,-0.7650226331710007,-0.6998047754918093,-0.5238881856992622,-0.6298672044279462,-0.6753480788621262,-0.6483169931135029,-0.6079848969171722,-0.6998047754918093,-0.671486495183747,-0.6740608843026561,-0.6388775663441592
2019-10-31,0.0,-0.010517193507946792,0.16743372064652517,0.11442706536646415,0.11064087570361249,0.13041319949854022,0.1358821401226848,0.08287548484262378,0.09465474157152114,0.13924764204522472,0.1194753182502817,0.1438752071887152,0.09128923964898121,0.08624098676516369,0.14050970526617526,0.15018552329348325,0.1194753182502817,0.13041319949854022,0.17037853482873802,0.275971157648533,0.26335052543899684,0.30373654850950643,0.2881711021177421,0.2906952285596585,0.24105407520215272,0.2389506365005634,0.26797809058248734,0.2780745963501223,0.23390238361674587,0.20066805213162786,0.2078197437170347,0.18131641607701188,0.18510260573986353,0.04122739855116367,0.0706755403734147,0.10601331056010671,0.10433055959884442,0.13167526271950608,0.11064087570361249,0.1514475865144338,0.19688186246877618,0.2044542417944948,0.24862645452787135,0.2482057667875443,0.2393713242408751,0.22044037592657087,0.2389506365005634,0.25746089707454056,0.2688194660631261,0.2940607304821984,0.30415723624983343,0.3256123110060388,0.295743481443476,0.13377870142109544,0.2078197437170347,0.2864883511564798,0.3466466980219324,0.29448141822251017,0.31046755235460155,0.33023987614952927,0.3815637804683127,0.3891361597940313,0.38030171724736217,0.3899775352746701,0.15733721487889013,0.12999251175822849,-0.007572379325718629,-0.03155158052384038,-0.07698585647816746,-0.24441957712467732,-0.11695119180836527,0.023558513457809998,-0.1089581247423196,-0.1577579026192019,-0.1262063220953615
2019-11-07,0.0,0.07460695887029983,-0.009586369016867468,0.07252296560576607,0.13129157566562744,0.10336606592087191,-0.010003167669768156,-0.06585418715927924,-0.10086527400343745,-0.10211566996215467,-0.09711408612728577,-0.13670995815342737,-0.29300945299346004,-0.2713359230423058,-0.2359080375452317,-0.12003801203715721,-0.14921391774063,-0.14838032043481345,-0.2038145412714087,-0.18964338707257297,-0.1446291325586466,-0.14921391774063,-0.1813074140144379,-0.16755305846851803,-0.24716160117371713,-0.20839932645337686,-0.15921708541038299,-0.1475467231289969,-0.15838348810456643,-0.1888097897667716,-0.1871425951551385,-0.17588903152665314,-0.18339140727897166,-0.22632166852837943,-0.20589853453594242,-0.13045797835982606,-0.16546906520398427,-0.17130424634468489,-0.2254880712225629,-0.36219802937597506,-0.3863723512445638,-0.4088794785015346,-0.4059618879311842,-0.3246861506143673,-0.10920124706157253,-0.014587952851736382,-0.03834547606742438,-0.043763858555209145,-0.03792867741452369,-0.06502058985346268,-0.09961487804472022,-0.04543105316684223,-0.05376702622497731,-0.002083993264533769,-0.03292709357963962,-0.06960537503543092,-0.08127573731681699,0.020006335339521147,0.024174321868588686,0.05876861005984622,0.04668144912554429,-0.003334389223266161,0.02125673129823838,0.06210299928309721,-0.10211566996215467,-0.07377336156449844,-0.03876227472034023,-0.02083993264533769,-0.02459112052150454,0.03417748953834168,0.0862773211516859,0.08210933462261837,0.11003484436737389,0.12920758240109367,0.14879711908769896
2019-11-14,0.0,-0.06127994793317527,-0.1804588811549399,-0.1610183459485594,-0.15045283768421885,-0.2370900054518115,-0.23075070049320714,-0.20792920264222536,-0.17623267784920368,-0.1804588811549399,-0.10438722165168783,-0.0946669540484976,-0.13566112611414205,-0.15975048495684163,-0.15467904098995508,-0.08663716776759263,-0.07649427983383492,-0.05494064297457093,0.09973839801536877,0.10016101834593626,0.18341722346894296,0.1956732130555842,0.3330248204920115,0.35626893867356074,0.34189984743405144,0.2971020923932536,0.2924532687569345,0.31231642429389783,0.2738579742117043,0.2518817170218729,0.21764947024541562,0.20032203669188786,0.15636952231224036,0.011833369256058357,-0.07860738148670302,-0.09170861173447917,-0.13523850578355923,-0.1656671695848631,-0.163554067931995,-0.09424433371793012,-0.06127994793317527,-0.03719058909049108,-0.07269069685866615,-0.11791107223004685,-0.06297042925547591,-0.05155968032998502,-0.06973235454464771,-0.027047701156717993,-0.06846449355292993,-0.0486013380159666,0.02282149785096639,-0.01098812859492341,0.013946470908926468,0.02282149785096639,0.006339304958604338,0.05325016165227029,0.08959551008159569,0.12044679421348242,0.15214331900650413,0.1977863147084523,0.11453010958544557,0.005071443966871171,0.06339304958604339,0.08156572380070608,0.07649427983381954,0.14538139371731693,0.13608374644469415,0.2037029993364738,0.23370904280721022,0.35584631834297786,0.26709604892251715,0.33429268148372926,0.3359831628060299,0.31569738693848376,0.26540556760023193
2019-11-21,0.0,-0.08588343200199511,-0.0967230884682762,-0.1046443758859274,-0.11881931126490453,-0.07837905444842522,0.02709914116567998,0.010839656466265925,-0.04669390477779008,-0.030017510214294704,-0.01584257483531757,-0.04419244559325667,-0.06045193029267072,-0.14675227215876233,-0.12965896773117044,-0.1350787959643186,-0.12715750854665223,-0.1442508129742289,-0.19928291503376666,-0.2267989660635431,-0.21470858000500292,-0.20303510381055917,-0.19136162761611547,-0.17009922454764975,-0.19886600516968536,-0.19969982489786314,-0.16051029767364294,-0.16301175685816122,-0.16426248645043548,-0.17760360210121964,-0.1746852330526201,-0.09005253064286894,-0.07170849662303314,-0.0679563078462406,-0.04836154423413051,-0.021262403068450533,-0.03835570749604239,-0.000833819728177802,0.009172017009925489,-0.02501459184524306,-0.0496122738264048,0.009588926874006806,0.0037521887767925258,-0.018760943883932294,0.01584257483531757,0.0025014591845182394,0.04002334695238283,0.03793879763194591,0.07629450512798829,0.08630034186609158,-0.04460935545735315,-0.049195363962308315,0.006253647961310765,-0.06462102893354457,-0.04044025681647931,-0.04627699491369359,-0.009588926874006806,0.0037521887767925258,-0.018760943883932294,-0.10214291670140915,-0.052113733010923036,-0.020011673476191413,-0.03502042858334635,-0.000833819728177802,0.04169098640873843,0.011673476194443727,-0.005836738097229447,-0.10214291670140915,-0.19511381639289282,-0.21512548986908422,-0.29892437255065757,-0.2301342449762392,-0.20637038272325525,-0.2530642875010453,-0.2538981072292231
2019-11-28,0.0,0.006192921903126187,-0.08422373788252215,-0.021468795930840452,-0.03220319389625317,-0.04252473040146348,-0.028074579294169046,-0.03385463973709283,0.03468036265749763,0.04087328456062382,0.09248096708667539,0.06977358677521268,0.09371955146731263,0.07555364721813648,0.06234208049146427,0.06399352633230393,0.04376331478208571,0.06399352633230393,0.04417617624230314,0.046653345003547605,0.021468795930840452,0.018165904249161136,-0.007844367743965843,-0.01486301256751186,0.023533103231882513,0.002064307301042062,-0.004128614602084124,0.03179033243605076,0.05573629712813568,0.06812214093438806,0.11766551615939756,0.14119861939128006,0.14739154129440626,0.16349313824252532,0.23656961669941734,0.19074199461628955,0.17092464452627376,0.18413621125294596,0.18537479563356818,0.20065066966128248,0.18702624147440783,0.1795947351906594,0.16308027678232292,0.11518834739813806,0.09454527438771744,0.07390220137729682,0.07885653889980077,0.11807837761959995,0.18000759665086183,0.16844747576502928,0.14863012567502848,0.10321536505210312,0.14491437253314676,0.12468416098294358,0.027661717833966638,0.03963470018000159,-0.04458903770250554,-0.04004756164021901,0.04046042310042142,0.07844367743959836,0.07761795451917854,0.0957838587683547,0.02890030221458887,0.019817350090000796,0.06770927947417063,0.1127111786368936,0.05862632734959757,0.06069063465063963,0.07225075553647219,0.11394976301751583,0.2720757022773348,0.32285766188298154,0.30056314303172127,0.33235347546777205,0.34267501197298234
2019-12-05,0.0,0.02446599848228477,0.06676314840080358,-0.0617870131162542,-0.08666768953891056,-0.10035206157136853,0.002488067642274686,-0.04519989550114997,-0.042711827858890376,0.015757761734361088,0.04395586168003526,0.03110084552832043,0.01741647349586246,0.01285501615171483,0.04271182785890546,0.003317423523032915,0.0004146779403866573,-0.013684372032457974,-0.0029027455826311716,0.015757761734361088,0.0530787763683456,0.1210859585902639,0.056810877831735,0.0738126733872259,0.09869334980988223,0.08666768953892563,0.05390813224908875,0.04810264108381132,0.041882471978147234,0.05224942048758737,-0.4544870226538498,-0.4287769903504353,-0.24341595100164248,-0.2595883906763752,-0.2753461524107212,-0.2483920862861768,-0.41011648303344306,-0.3557936728439827,-0.280736965635627,-0.23678110395560686,-0.11237772184232514,-0.15757761734349018,-0.13808775414573968,-0.1223299924113937,-0.1513574482378261,-0.16794456585293033,-0.14596663501290516,-0.07422735132758237,-0.06220169105664086,-0.0933025365849613,-0.08044752043324646,-0.03690633669359786,0.0008293558807582288,0.05224942048758737,0.05059070872607092,-0.017416473495847372,0.03027148964757729,-0.039394404335872546,-0.13559968650346502,-0.11320707772308335,-0.03690633669359786,-0.07381267338721081,-0.1405758217879993,-0.28778649062204936,-0.35662302872474094,-0.4279476344696771,-0.4847585123014121,-0.45656041235573785,-0.44038797268100527,-0.37113675663795714,-0.27202872888770335,-0.22268205398276222,-0.3985055007028731,-0.4578044461768677,-0.4374852270983741
2019-12-12,0.0,-0.05443544165986224,0.05276050499339885,0.04606075832757574,0.09589012415468649,0.12897012331720903,0.20769214664069904,0.1448820216485503,0.10635847832004461,0.12268911081799415,0.07704708665704187,0.08960911165547161,0.035592404162217615,0.03768607499528924,0.055272909993093935,0.06574126415845205,0.0791407574901135,0.06364759332538043,0.1176643008186192,0.11305822498586772,0.10007746582082974,0.09589012415468649,0.060716454159077116,0.017168100831181227,-0.01298075916503798,0.013818227498269676,0.02721772082993112,0.017168100831181227,0.03307999916253776,0.03768607499528924,0.06699746665829198,0.10803341498649278,0.12143290831815423,0.11724556665201097,0.09463392165483132,0.06699746665829198,0.04522328999434404,0.059878985825845416,0.016330632497964764,0.04647949249418397,0.05234177082679061,0.029311391663002742,0.026798986663322887,0.04396708749450411,0.07620961832381018,0.07746582082365011,0.1034273391537413,0.13860100914933546,0.1695873374788016,0.1268764524841374,0.11598936415217105,0.15158176831438866,0.1733559449783366,0.14990683164792526,0.1285513891506008,0.1704248058120333,0.1704248058120333,0.18047442581076795,0.23490986747063017,0.2646399933002564,0.2700835374662396,0.26547746163348807,0.2772020182986861,0.2872516382974208,0.34545568745681804,0.35634277578878437,0.36597366162092604,0.4287837866130748,0.45683897577622234,0.37811695245273236,0.3412683457906748,0.25877771496764973,0.26212758830056127,0.20559847580762744,0.1620501224797468
2019-12-19,0.0,0.018030643898871924,0.09261194366242759,-0.009425109310790563,-0.05532129378065722,-0.08195747226764032,-0.05450171905799273,-0.019260005982898457,-0.020899155428257227,-0.047945121276572564,0.009015321949428508,0.020079580705562934,0.025816603764303718,-0.05982895475538638,-0.07171278823418528,-0.06720512725947103,-0.014342557646837055,-0.015571919730863587,0.018030643898871924,0.018440431260219072,0.06884427670481488,0.09097279421706883,0.12006769687209007,0.20038601969437161,0.15448983522449006,0.1471136627204054,0.2061230427531124,0.23030049707205738,0.26677157223116327,0.290539239188776,0.33684521101998977,0.3093894578103422,0.2860315782140617,0.3184047797597707,0.36307160214564066,0.3393039351880279,0.3421724467173983,0.36880862520438146,0.4085579992541751,0.4188026832876301,0.4454388617746132,0.37085756201107245,0.3974937404980556,0.3843805449352301,0.2757868941806067,0.2040741059464214,0.2323494338787484,0.23562773276946591,0.26103454917242247,0.3171754176757591,0.290539239188776,0.31963414184379724,0.32619073962520245,0.34258223407873056,0.3647107515909994,0.37987288396050095,0.34094308463337175,0.3159460555917475,0.3233222280958321,0.37085756201107245,0.4020014014727698,0.35528564228020887,0.3913469300779825,0.40405033827946074,0.38601969438057393,0.3913469300779825,0.29586647488616963,0.3253711649025231,0.3327473374066078,0.3647107515909994,0.33766478574266917,0.43355502829581427,0.4610107815054768,0.46879674137089367,0.44789758594265133
2019-12-26,0.0,-0.01679832180668894,-0.04179094693369467,0.0077845881543061775,0.05899898390637934,0.020485758300829264,0.05244354125011993,0.060228129404441014,0.03318692844733744,0.002868006162119078,0.04629781375987115,0.03195778294929067,0.02745091612311419,0.06104755973646226,0.026221770625052515,0.0077845881543061775,-0.018027467304735714,-0.0036874364941552294,-0.036054934609456524,-0.06760300239273657,-0.08890819102560199,-0.06883214789078335,-0.06637385689468979,-0.07866531187518734,-0.11185224032252479,-0.10242879150414633,-0.1003802156740634,-0.13233799862335405,-0.12414369530302236,-0.14258087777376868,-0.15937919958045763,-0.16511521190468087,-0.16798321806679994,-0.15282375692418332,-0.17412894555704875,-0.1638860664066341,-0.15733062375037468,-0.15651119341833855,-0.15200432659216206,-0.14954603559605362,-0.10406765216821862,-0.11553967681668002,-0.16306663607459795,-0.15774033891638534,-0.15528204792029177,-0.1589694844144321,-0.21551017732473277,-0.2495165361041064,-0.264675997246723,-0.21469074699269663,-0.2122324559965882,-0.23599593562556204,-0.24091251761774918,-0.24255137828182147,-0.30400865318430925,-0.28516175554755224,-0.3019600773542263,-0.31670982333081743,-0.30728637451243895,-0.3580910550985015,-0.3687436494149267,-0.33883444229571896,-0.3535841882723101,-0.33309842997148087,-0.259759415254521,-0.3228555508210662,-0.3482578911140975,-0.4625684224327307,-0.46502671342882423,-0.6702940116031424,-0.6842243272476973,-0.6395653741518985,-0.6498082533023132,-0.6739814480972828,-0.6772591694254124
2020-01-02,0.0,0.15125182403960344,0.15699037562918822,0.20576806414059895,0.12788772113917254,0.12378875571804483,0.06066468823268708,0.05041727467986781,0.0500073781377461,0.10903248020199105,0.137725238149885,0.12460854880227334,0.16723778918200746,0.19388106441933758,0.19838992638257208,0.2229837189093383,0.2643832696627371,0.2635634765785086,0.2631535800363869,0.27790985555245556,0.25085668377300374,0.25126658031512544,0.23487071863061465,0.23978947713597085,0.2447082356413122,0.3012739584528865,0.3164401305110471,0.3184896132216109,0.3250479578954242,0.3295568198586587,0.3746454394910635,0.3766949222016273,0.39227099080190964,0.39677985276515904,0.40169861127051526,0.43817940351854295,0.4750700923086923,0.4922857470774316,0.5099112983882779,0.5246675739043466,0.5521306422258903,0.5500811595153264,0.4389991966027715,0.4426882654817924,0.4287517830499522,0.43572002426587225,0.47220081651389995,0.48326802315094775,0.48203833352461234,0.4976144021248947,0.5308160220360381,0.49966388483545854,0.5168795396041979,0.49638471249855937,0.4517059894082614,0.5041727467987079,0.5205686084832188,0.5435228148415281,0.548851469888991,0.5086816087619425,0.5312259185781449,0.559508779983932,0.5504910560574481,0.5324556082044801,0.5463920906363204,0.5722155727894219,0.5795937105474489,0.5627879523208312,0.5763145382105497,0.6009083307373159,0.6476365365381778,0.6648521913069022,0.6906756734600186,0.6599334328015609,0.6644422947647953
2020-01-09,0.0,0.13054185163526147,0.10953985026807837,0.0518872974954024,0.02059019741881285,0.05476992513403919,0.042004002734366226,-0.030061688231478745,-0.04282761063113672,-0.0008236078967555102,-0.0004118039483852458,0.030061688231463768,0.12683561609988417,0.1820173451822936,0.17584028595664974,0.21784428869103095,0.27837946910234374,0.2969106467792753,0.3302667665977461,0.2894981757085057,0.28785095991499465,0.32614872711398357,0.2816739006893508,0.26849617434130757,0.28043848884422506,0.24090530980011032,0.2474941729741245,0.2520240164062573,0.3022640981081637,0.3352084139782642,0.2985578625727863,0.31338280471432556,0.3137946086626959,0.3582694350873436,0.3529159837584403,0.37103535748700156,0.384624887783415,0.39780261413145823,0.3240897073721023,0.3627992785194764,0.3969790062347028,0.4006852417700951,0.39121375095744415,0.39039014306068864,0.3838012798866595,0.4290997142080478,0.469456501148933,0.5184611710056986,0.5336979170956231,0.5378159565793856,0.5456402315985406,0.5369923486826302,0.485516855135598,0.4319823418466846,0.4076859088924944,0.381330456196408,0.3627992785194764,0.36856453379675,0.4286879102596775,0.4328059497434401,0.40192065361522084,0.3961553983379473,0.4702801090456735,0.4735745406326956,0.5077542683479218,0.4175692036535156,0.43692398922720266,0.47110371694242903,0.48757587487747933,0.5341097210439933,0.61688231466763,0.5999983527841946,0.5868206264361663,0.5876442343329067,0.5757019198300043
2020-01-16,0.0,0.19642466607806766,0.1397247624679038,0.1421547583369049,0.2020946564390752,0.2575795621147385,0.25919955936074907,0.2830945187393093,0.25798456142623377,0.223154620637139,0.23651959791667468,0.2012846578160699,0.16766971496147573,0.12028479551583583,-0.0024299958690158626,0.008099986230023408,0.054269907741148,0.03806993528110118,0.040904930461612324,-0.008099986230023408,-0.07168487813571012,-0.13850976453340325,-0.13729476659890266,-0.2417845889662017,-0.21100464129211863,-0.19642466607806766,-0.1449897535174308,-0.16766971496149044,-0.11380480653183772,-0.13121977692638512,-0.09233984302227864,-0.14579975214042135,-0.13648476797589737,-0.1393197631564085,-0.13081477761488983,-0.15146974250144363,-0.17981969430652556,-0.19480466883207181,-0.16442972046948404,-0.17414970394550328,-0.13445977141839152,-0.08099986230023408,-0.08261985954624466,-0.1012498278752926,-0.11906979758135,-0.07006488088971427,0.025109957313060777,0.04373992564212346,0.046979920134129875,0.025919955936066066,0.054674907052658005,0.05224491118364214,-0.002024996557505852,-0.0032399944920211508,0.01781996970604266,0.05264991049515216,0.07654486987371237,0.10610981961329485,0.10610981961329485,0.13850976453338848,0.1429647569599102,0.05993989810217028,0.0801898636772288,0.08788485059574219,0.08383485748073048,0.02834995180508193,0.05224491118364214,0.06844488364368896,0.03604493872359533,-0.010934981410534549,0.0336149428545942,0.05386490842965272,0.054674907052658005,0.036854937346600614,0.05143491256063686
2020-01-23,0.0,0.12814524229785088,0.2852265070500552,0.3195363622459284,0.41874558208942586,0.5473041961366337,0.4985263297135838,0.5026600472070628,0.5630123226118511,0.5332495566587989,0.5506111701314139,0.5125809691914035,0.5067937647005418,0.4819914597396675,0.42659964532704203,0.39394327712855154,0.3798886376507317,0.3447520389561597,0.30010789002658883,0.30548172276810864,0.2996945182772319,0.24760967785940174,0.1740295064754775,0.15708126475220432,0.11533071806807181,0.19965855493503565,0.22074051415178786,0.21578005315960996,0.2372753841257041,0.30672183801614933,0.29762765953049236,0.3278037972328865,0.29762765953049236,0.26621140658005754,0.2558771128463599,0.26166431733722156,0.36376713942615735,0.4133717493479061,0.3968368793739898,0.40965140360378394,0.5291158391653198,0.5270489804185803,0.5204350324290198,0.4869519207318303,0.5010065602096652,0.5630123226118511,0.5712797575988092,0.6626349142046905,0.6766895536825253,0.6022826387999022,0.6312186612542556,0.5845076535779452,0.5977355495570812,0.5919483450662044,0.5654925531079326,0.5886413710714242,0.5468908243872768,0.5526780288781534,0.5812006795831649,0.5572251181209744,0.5650791813585906,0.6101367020375184,0.5931884603142452,0.5530914006274953,0.5766535903403289,0.5659059248572894,0.5365565306535791,0.5605320921157697,0.5386233894003186,0.5948419473116429,0.7167866133692752,0.7035587173901392,0.6622215424553485,0.6353523787477346,0.6601546837086091
2020-01-30,0.0,-0.03765512047570493,-0.03393098768139931,-0.08441367667079681,-0.07324127828789502,-0.13324119552938848,-0.09062056466129614,-0.04013787567189863,-0.04717234872780088,-0.11917224941758399,-0.19531007543438172,-0.2172410796674763,-0.16758597574348175,-0.15310323709898332,-0.20979281407888015,-0.27062031638577655,-0.2470341420218761,-0.27020652385306754,-0.21310315434047677,-0.18827560237847946,-0.22344796765797564,-0.2673099761241799,-0.36248225864516953,-0.339723669346672,-0.2718616939838734,-0.2486893121526819,-0.24372380176027947,-0.25862033293747183,-0.27930995957246957,-0.2685513537222768,-0.22096521246178194,-0.19075835757468823,-0.21806866473287922,-0.25448240761047225,-0.3144823248519657,-0.284275469964872,-0.34468917973905944,-0.33268919629076976,-0.2925513206188711,-0.2966892459458707,-0.36289605117786344,-0.3293788560291731,-0.404275304447859,-0.39765462392466566,-0.41875804309235737,-0.47213727981065756,-0.47668899767035106,-0.5184820434730404,-0.43779249959654926,-0.4266201012136625,-0.4146201177653578,-0.46634418435285213,-0.4398614622600491,-0.4146201177653578,-0.42165459082126,-0.4845510557916562,-0.5275854791924425,-0.5900681516301447,-0.5987577948168377,-0.5979302097514347,-0.5855164337704362,-0.578481960714534,-0.5755854129856462,-0.5491026908928431,-0.5577923340795362,-0.47296486487604544,-0.41296494763455194,-0.42206838335395397,-0.4659303918201583,-0.4464821427832573,-0.29379269821696796,-0.4088270223075524,-0.4762752051376571,-0.541240632771538,-0.5478613132947463
2020-02-06,0.0,0.028877887788778877,0.055280528052811286,-0.06848184818481248,0.0037128712871347157,0.11262376237623463,0.12128712871287729,0.0787953795379478,0.05445544554455745,-0.024752475247524754,-0.027640264026405643,-0.0693069306930663,-0.05321782178218422,-0.07797029702970897,-0.08952145214521752,-0.08003300330033604,-0.0754950495049475,-0.08869636963696369,-0.14645214521452146,-0.1316006600660126,-0.1934818481848245,-0.20874587458745275,-0.2075082508250795,-0.2887788778877888,-0.28795379537953497,-0.2764026402640264,-0.2768151815181458,-0.20090759075907888,-0.18481848184818184,-0.23762376237623165,-0.21287128712870687,0.024339933993405345,0.183993399339928,0.16996699669967297,0.05239273927393039,0.08333333333333633,0.08044554455445545,0.1056105610560996,0.09405940594059105,0.15717821782177618,0.15882838283828382,0.21947194719472246,0.20297029702970598,0.21493399339933394,0.26196369636963696,0.2202970297029763,0.1943069306930633,0.13283828382838586,0.1584158415841644,0.2178217821782148,0.2372112211221122,0.21493399339933394,0.2466996699669937,0.29207920792078906,0.28135313531353434,0.026815181518151817,-0.07425742574257425,-0.057755775577557754,-0.0792079207920822,-0.14315181518152115,-0.009488448844881486,0.07590759075908192,0.09282178217821782,0.091996699669964,0.012788778877881785,0.038778877887794785,0.07343234323432042,0.06353135313531953,-0.010313531353135313,0.06435643564355835,0.1542904290429103,0.09405940594059105,0.10849834983498048,0.10231023102309932,0.07013201320132013
2020-02-13,0.0,-0.026681005997069192,-0.02216575882834038,0.00205238507669763,-0.07429633977646317,-0.07347538574578114,-0.08332683411393572,-0.09687257562013711,-0.18389370287211962,-0.20277564557773187,-0.1621384210591128,-0.1453088634301982,-0.15269744970630666,-0.20154421453171625,-0.23643476083557596,-0.23766619188159158,-0.21960520320664645,-0.21878424917597933,-0.2023651685623983,-0.17978893271872434,-0.18799847302551487,-0.19784992139365454,-0.17814702465736026,-0.15639174284436838,-0.18225179481075554,-0.1937451512402593,-0.17732607062667824,-0.188819427056182,-0.228635697544119,-0.23602428382022747,-0.2877443877530167,-0.2922596349217455,-0.299648221197854,-0.30416346836659774,-0.29184915790641197,-0.2922596349217455,-0.30744728448931097,-0.3361806755630778,-0.3242768421182256,-0.31565682479610147,-0.32345588808755843,-0.32468731913357407,-0.31976159494949674,-0.24218143905032036,-0.2503909793571109,-0.2397185769582892,-0.19292419720957724,-0.20482803065442948,-0.2586005196639014,-0.30046917522853606,-0.3337178134710466,-0.3328968594403646,-0.28610247969165264,-0.30170060627455164,-0.32715018122560524,-0.32345588808755843,-0.2865129567070011,-0.28938629581436587,-0.28938629581436587,-0.2902072498450479,-0.27707198535418004,-0.2101642318538403,-0.23315094471286274,-0.21221661693053795,-0.21632138708393323,-0.17978893271872434,-0.16911653031988771,-0.17650511659599621,-0.25654813458720377,-0.22576235843673934,-0.09276780546674183,-0.08907351232868013,-0.06608679946967265,-0.035301023319208195,-0.11041831712633847
2020-02-20,0.0,0.07607455306200678,0.19266707460268487,0.18398465278581705,0.2075512262887225,0.21664709676352994,0.18687879339143965,0.11535217556684413,0.12734218664725913,0.07111316916665589,0.08765111548448215,0.10625630509203668,0.16455256586236822,0.24393470818793722,0.26543403840111435,0.2567516165842616,0.22987745381779393,0.18646534473350002,0.19928225312980935,0.24476160550383155,0.280318190087152,0.25427092463657863,0.2290505565018996,0.23483883771312977,0.28610647129839717,0.2794912927712727,0.26998197363851056,0.3026444176162234,0.28693336861429153,0.3018175203003291,0.3249706451452949,0.3931896737063282,0.415102452577445,0.4105545173400337,0.39360312236426787,0.34026824548927215,0.3840938032315207,0.4175831445251129,0.4192369391569016,0.4163427985512789,0.42998660426348256,0.3919493277324792,0.32042270990788363,0.35060446193791356,0.35184480791176254,0.3311723750144797,0.347710321332306,0.35391205120149083,0.19184017728679054,0.21457985347380165,0.23855987563464667,0.2307043511336732,0.25220368134685034,0.29313509848347635,0.22739676187011099,0.18646534473350002,0.14222633833331177,0.2075512262887225,0.16289877123059462,0.17654257694279826,0.18687879339143965,0.21706054542146958,0.22946400515983928,0.1910132799708962,0.14636082491276833,0.0880645641424218,0.0740073097722785,0.01157656242247537,-0.054575222848829645,-0.17571567962690393,-0.17778292291663222,-0.14470703028097973,-0.07648800171994642,-0.11990011080424033,-0.15959118196701733
2020-02-27,0.0,-0.05548888286684584,-0.09678293523285975,-0.1582938674030898,-0.26454002296981666,-0.29895173327483343,-0.30110246516889694,-0.31443700291210036,-0.36648471474843203,-0.4568154542991011,-0.5888703925946062,-0.6353262015063756,-0.578977025881917,-0.580267465018352,-0.7484546991341153,-0.7407120643154896,-0.6796312785240818,-0.6521019102800777,-0.6843628886910309,-0.7075907931469079,-0.5742454157149678,-0.5286498995608268,-0.538543266273516,-0.5819880505336091,-0.535962388000646,-0.48176394427023517,-0.4232640367517128,-0.4718705775575459,-0.44778238034404044,-0.49552862839224493,-0.5308006314548903,-0.6138188825657402,-0.5966130274132319,-0.5677932200327771,-0.6077968332623717,-0.578977025881917,-0.5264991676667633,-0.5587601460777165,-0.4550948687838596,-0.45595516154147253,-0.46584852825417744,-0.41638169469071573,-0.41896257296358574,-0.38283027714331186,-0.30583407533584617,-0.29163924483502984,-0.16216518481239478,-0.23959153299868258,-0.16560635584289332,-0.09764322799048829,-0.22969816628599338,-0.23658050834699046,-0.362613397339127,-0.4236941831305193,-0.3075546608510876,-0.2576576809088195,-0.2731429505460708,-0.38412071627976246,-0.46283750360248527,-0.3669148611272541,-0.39358393661362956,-0.4297162324339035,-0.36175310458149845,-0.3019627579265255,-0.17463942979796962,-0.16044459929715332,-0.09807337436931038,-0.06839327423122714,-0.014194830500831947,-0.08301825111086554,0.009893366712689198,0.044305077017705995,0.04946683356346164,0.02193746531944195,-0.08774986127779909
2020-03-05,0.0,-0.11769286586553891,-0.2420225474753585,-0.2880378033024892,-0.050439799656661836,-0.16415057607561626,-0.17255720935171584,-0.3893598569987434,-0.4459940180167392,-0.4052882147850653,-0.3805107693396811,-0.3017538891740294,-0.3743164079783471,-0.28626798577067025,-0.19600729164822783,-0.19335256535051557,-0.1358334955666103,-0.13450613241775417,0.09999469054739812,0.34467196432046887,0.2654726297718705,0.36546732031926865,0.4141373024441115,0.3004265260251571,0.3030812523228855,0.3075057961524167,0.47032900907916075,0.5720935171583778,0.543333982266425,0.6411164008990576,0.5995256889014742,0.49908854397111335,0.47032900907916075,0.4641346477178106,0.6158965010707428,0.5597047944356937,0.6035077783480426,0.6610268481319479,0.612356866007105,0.6030653239650959,0.46015255827124224,0.32741624338530695,0.43006566023043347,0.5274056244801193,0.46192237580304507,0.40661557793390535,0.568553882094756,0.5318301683096505,0.4889120931631949,0.47608091605754804,0.4836026405677542,0.3778560430419527,0.3110454312160384,0.1774242075641937,-0.030971806806718228,-0.092472966037208,0.045572801444167886,-0.00486699821249395,-0.016370812169268566,-0.07919933454861447,0.036723713785105534,0.09955223616445144,-0.045572801444167886,-0.2106082862856936,-0.29246234713202035,-0.313257703130804,-0.09645505548377639,-0.039820894465780576,-0.17830911633010316,-0.1694600286710408,-0.19998938109481232,-0.35927295895793465,-0.3468842362352506,-0.38670513070103113,-0.49333663699272606
2020-03-12,0.0,0.07910953899796476,0.044341652431984804,0.14461425281794774,0.3028333308139139,0.3365934525519088,0.1123657783219671,0.13856766384996397,-0.056938712781999856,-0.37690404567191665,-0.4660912329498788,-0.1375598990219789,-0.35977204359591375,-0.4015942839578992,-0.2957789770179267,-0.3285313339279182,-0.5149678271078697,-0.6691558457918406,-1.0042376511017534,-1.4159095833396318,-1.995374359439481,-2.425186058581384,-2.7491824507832963,-2.3511153437233996,-2.1168100212134604,-2.210028267803436,-2.0770033105074632,-1.842194105583532,-2.29719992542541,-2.325417340609395,-2.325921223023406,-2.3385182833734026,-2.313828045087402,-2.243788389541431,-2.2206097984974265,-2.2034777964214416,-2.0679334270554692,-1.507112300273619,-1.40230475816165,-1.47486382577762,-1.6980837351795584,-1.6965720879375625,-1.4783910026756228,-1.3771106374616564,-1.5746325437495905,-1.6235091379075817,-1.7167273844975572,-1.6507187882635819,-1.6169586665255868,-1.8104495135015437,-1.7560302127895433,-1.6139353720415948,-1.6275401972195767,-1.3720718133216578,-1.2158682649816983,-1.3287379257176581,-1.623005255493589,-1.6718818496515797,-2.1299109639774496,-2.1359575529454515,-2.160647791231453,-2.6131341990033317,-2.6252273769393173,-3.5256652507570867,-4.00133024957297,-4.177689094472925,-3.8415995243350083,-3.645589265289052,-3.889972236078988,-4.016950604406959,-3.7020240956570407,-3.6546591487410645,-3.6345038521810693,-3.370469467245131,-3.0253100136552207
2020-03-19,0.0,-1.0372712272171953,-1.3162701061833204,-0.34260810419317966,-0.4641584058646492,-0.04282601302415318,-0.017004446347827384,-0.323714274917821,-0.11462256427051383,-0.013855474801934272,0.0648688138453935,0.5397337229660724,0.4754947034298598,0.31930571475355457,0.21475985942990103,0.1977554130820851,0.3948810318549893,0.3948810318549893,0.4118854782028166,0.5227292766182564,0.7733874116713435,1.278482447632603,2.1394112682797726,2.567041604212055,3.3832550289075636,2.9027219710042678,3.2358831605597564,3.14834175158393,4.406670781322824,3.9922661258832726,3.594236122482402,3.6565857590910715,2.8321850083762574,2.2773362219898887,2.2515146553135743,2.624352886347312,2.749052159564686,2.9323223035356563,3.5828998249171686,3.443715282588702,2.8605257522892953,3.1464523686563877,3.2447002808882663,3.3498759305210775,3.9053545112166272,4.185612978801114,4.55593203259814,4.602536811477367,3.628874809487226,3.7428675794485473,3.9204695746369236,4.037611316144138,3.916690808781838,3.946291141313238,4.002342834830144,4.673073774105377,5.813001473718684,6.340139310501194,6.704790215515604,6.714866924462474,6.832008665969689,7.015278809940659,5.98178634857855,5.027647970172937,5.00119660918743,4.826113791235778,5.188245519013486,5.433865299593148,4.7140104042019875,4.237885906462935,4.205136602385665,3.972742502298744,3.4260810419317047,3.468277260646677,3.737199430665931
2020-03-26,0.0,-0.34119255492659156,0.40415427420129435,1.458313345485949,1.7263503789695953,1.4876954811474754,1.6501966804183101,1.7425405353545178,2.4698983018324947,2.931017941091812,3.175069557708913,3.4664923726374495,4.038544564904538,4.436702484889196,3.805886021299055,2.9627986184400017,3.7273337810611284,4.115297898877478,3.478485081070722,3.1690732034922764,3.048546483737896,3.1708721097572634,2.6246042406217063,2.340377050753138,3.0899213278326734,2.7835076273625683,2.588026479900234,2.0465556941379597,2.0579487671495778,2.574234865201953,3.2788064856567165,3.2422287249352437,3.325578048546497,3.8304710735872547,3.994771179123098,4.323371390194762,3.8766430010553585,4.146478940803991,3.900628417921904,4.067327065144388,4.22503118104194,4.151276024177296,4.338961911158029,4.222632639355277,4.409718890914333,3.9084236784035262,4.040343471169525,4.30178451501488,4.384534203204456,3.6421855511848884,2.490285906169045,2.5238654897822212,2.0585484025712324,2.4309219994243585,2.381152259426282,2.051352777511286,2.168281684735694,1.3875563657296452,1.686174805718128,1.7671255876427177,2.167682049314017,2.169480955579004,2.1736784035306536,2.6635805430298425,3.0689340880744465,2.8296795548306717,3.2464261728868937,3.7777031564808596,4.1638683680322455,3.473687997697396,3.389139403242833,3.356159455051334,3.262616329271816,3.225438933128667,3.6493811762448565
2020-04-09,0.0,0.189453387740456,0.12667593381463937,0.5919017084435798,0.853100757813555,0.7331509797766876,0.7208196941841296,0.2791354647773602,0.35200215236984483,0.5666786242769505,0.670373525850871,0.6311376171472254,0.7701448365544228,0.7034437917582171,0.8407694722209766,0.9366171920541801,0.7505268822026,0.7707053495358953,0.2595175104255374,-0.029146675036997936,-0.10873951840723409,-0.1754405632034397,0.10257387561095509,0.1765615891664051,0.13116003766648052,0.04035693466661096,0.043159499574014215,0.4338370476660321,0.8441325501098728,0.9904264382763145,1.0005156719429622,1.269561903053675,1.1815613649612084,1.0347069638132942,0.8889735886283249,1.0156495224429438,1.352517824312807,1.219676247701909,1.163064436572351,1.4180978431460474,1.4287475897941877,1.397919375812752,1.408569122460872,1.6142773866642752,1.555423523608807,1.5946594323124526,1.8939733644231282,1.7291825478678087,1.8003676965158553,1.866508228330568,1.8704318192009368,1.6417425227568352,1.5952199452939453,1.3446706425720902,1.2420967669611351,1.3485942334424588,1.134478274516846,1.0291018339984876,1.2465808708129762,1.245459844850011,1.341307564683194,1.0901977489798664,0.8945787184431314,0.9825792565355772,1.1832429039056669,1.2342495852203978,1.3620465449979822,1.4573337518496927,1.5402896731088251,1.8603425855342894,2.045311869422904,2.180395497959733,2.0912739339043216,2.0200887852562746,1.951145688534159
2020-04-16,0.0,-0.04871141319738626,0.11668082696119256,0.05041064854149791,0.4633248371566087,0.9651656754460576,0.8241291418861513,0.6139903709997251,0.6066270178419628,0.3964882469555367,0.4667233078448114,0.7068819031435812,0.8184650240725008,0.9719626168224216,1.0506938544321722,1.06258850184083,0.7975077881619895,0.8178986122911439,0.7663551401869118,0.6808269612007971,0.8932313792126917,0.9770603228547154,0.9629000283205892,0.9770603228547154,1.3446615689606427,1.362786745964308,1.555933163409803,1.6323987538940852,1.4103653355989805,1.548003398470684,1.5060889266496826,1.3469272160860906,1.3814783347493709,1.5242141036533476,1.6629849900877858,1.8249787595582028,2.028887000849622,1.9473237043330462,1.988105352591334,1.9999999999999918,1.8227131124327345,1.8017558765222237,1.4953271028037385,1.6159728122344903,1.8340413480600355,2.0487114131973985,2.0974228263947845,2.0181251770036774,1.9473237043330462,2.0294534126309784,2.1472670631549056,2.0730671197960917,2.1308411214953313,2.18295100538092,2.088360237892952,1.988105352591334,2.035117530444629,1.8906825261965405,1.9660152931180885,1.9388275276125702,2.07533276692156,2.1370716510903387,2.1704899461908846,2.1376380628717158,2.0623052959501473,2.0877938261115747,2.1229113565562123,2.152364769187199,1.9156046445766115,1.527046162560173,1.5213820447465225,1.6850750495610307,1.8708581138487639,1.9218351741716186,1.8940809968847436
2020-04-23,0.0,0.29875156735539043,0.5195442403096509,0.44594668265823073,0.7049010521724869,0.5577059368696465,0.705446219266213,0.8139344709153316,0.8924385324101878,1.0232786349016012,0.8967998691598975,0.9273292264078861,0.9780297661233247,1.0886986861473082,1.0570789947118873,1.0472659870250152,1.1650220792672994,1.1230442130513,1.2140871177015795,1.1045085318650087,1.0630758327427356,1.0816115139290272,0.904977375565611,0.8918933653164615,0.8450089952570463,1.0865180177724432,1.2004579403587239,1.181377092078726,1.2577004851987175,1.2904105108215709,1.315488197132417,1.4125279398135449,1.4430572970615534,1.554271384179243,1.402714932126693,1.4577768085918412,1.4992095077141145,1.5024805102763918,1.3269367061004278,1.354740227879845,1.3296625415689989,1.5564520525541077,1.510658016682105,1.4119827727198386,1.3612822330044199,1.3945374257209795,1.1453960638935754,1.0963310254592953,1.029820640026176,0.8646350106307503,0.9376874011884643,0.9300550618764571,0.7174398953279101,0.8057569645096182,1.0080139562776071,1.139399225862727,1.2282614621381414,1.3836340838466952,1.4632284795289836,1.3481982227552707,1.481218993621549,1.4730414872158357,1.3334787112249824,1.273510330916418,1.454505806029544,1.5259226953061193,1.576623235021538,1.6126042632066688,1.6682113067655238,1.6725726435152335,1.5019353431826854,1.4550509731232704,1.481218993621549,1.359101564629555,1.3999890966581217
2020-04-30,0.0,0.09759304726585374,0.3384937797273634,0.4037270271103325,0.677501207071908,0.5624441408216307,0.6071314835170517,0.5804218074232353,0.614322550157701,0.7930719209393663,0.9410024346897092,0.9764441202757373,0.9281612442599917,1.0411637200415067,0.9918535487913984,1.0252406439086643,0.9728485869554127,0.9440843203928527,0.9445979680100339,0.9759304726585374,0.8927195586739824,0.9394614918381469,1.009831215393003,1.0950967198463204,1.0355135962524382,1.0658188056665605,1.0057220344554971,0.9594937489085138,0.9656575203147633,1.0247269962914642,0.9903126059398362,1.0195905201195772,1.123347338791699,1.1875532909402873,1.2045036623075105,1.2425135859794822,1.300555766721802,1.384280328323557,1.4428361566830767,1.1038287293385323,1.1351612339870356,1.0463001962133935,0.9348386632834412,0.7108883021891736,0.8043721685175216,0.6579825976187409,0.4386550650791606,0.554225778946619,0.7298932640251595,0.6836649784781761,0.7057518260172866,0.7360570354314276,0.5711761503138425,0.5213523314465345,0.46279650308703346,0.6189453787123882,0.6194590263295882,0.6590098928531221,0.8043721685175216,0.7530074067986512,0.6338411596108681,0.6898287498844443,0.6055905406654895,0.5157022076574662,0.6636327214078092,0.7504391687127075,0.6369230453139928,0.6158634930092635,0.3338709511726575,0.3770173510165161,1.1546798434402212,1.2440545288310445,1.4094490615658108,1.320074376174969,1.1690619767215014
2020-05-07,0.0,0.20917197313448263,0.33118895746293414,0.2418550939367443,0.4483034736710385,0.4423115681906119,0.5245640888763157,0.6656462270060668,0.7228416884100247,0.7163050642495684,0.5833937063203828,0.5468975547578533,0.6389550116842316,0.5425398053175556,0.4330513506299672,0.3535224233444717,0.31212380366161485,0.11275676676780674,0.19174097537327245,0.3104896476214859,0.2614649664180934,0.3273759267026663,0.1955540061335403,0.2674568718985199,0.3889291375469219,0.4009129485077551,0.3317336761429639,0.4112626034284594,0.5256535262363753,0.5261982449164249,0.4564742538716039,0.3132132410216744,0.37422173318590013,0.32465233330247784,0.23313959505614915,0.25166003017741884,0.1525212304105545,0.18574906989286574,0.08388667672581289,0.15960257325106036,0.24730228073712124,0.35079882994428324,0.4286936011896696,0.351343548624313,0.3023188674209205,0.2489364367772304,0.35624601674466017,0.48316546919343906,0.5539788975983393,0.5038647790348675,0.42814888250963984,0.35297770466444195,0.2445786873369328,0.04085390100282709,-0.0010894373600595357,0.10567542392732067,0.11221204808777697,0.21788747201507783,0.16178144797119925,0.17049694685181427,0.08225252068570377,0.1955540061335403,0.21298500389475045,0.26473327849833145,0.25166003017741884,0.2271476895757226,0.07190286576497965,0.07353702180508877,0.2059036610542644,0.1220169843284515,0.06100849216422575,0.15960257325106036,0.16995222817176467,0.09532576900659655,0.27780652681922424
2020-05-14,0.0,0.3017124218537646,0.5202500679532521,0.6197336232671922,0.6827942375645477,0.7583582495243273,0.6322370209295965,0.640391410709428,0.501766784452293,0.4256591465071991,0.42511552052188495,0.4512095678173417,0.342484370752922,0.2337591736885023,0.04566458276706418,0.08371840173961106,0.14188638216905977,0.17015493340581284,0.1407991301984314,0.14188638216905977,0.15765153574340854,0.17559119325903383,0.1331883664039141,0.06632237020929996,0.14732264202228076,0.17939657515629248,0.16091329165533322,0.004892633867906796,-0.09187279151944254,-0.03316118510464009,0.011416145691756157,0.025006795324808612,0.05381897254689565,0.10165805925523635,0.08752378363684993,0.0853492796955734,-0.011959771677090121,0.0375101929872327,0.13047023647730363,0.1511280239195394,0.07338950801848329,0.05816798042946849,0.19026909486273444,0.19189997281869678,0.1337319923892283,0.15819516172872272,0.25224245718946153,0.2690948627344387,0.14623539005165237,0.03370481108997406,-0.115792334873603,-0.07121500407718698,-0.11089970100571597,-0.09948355531394006,-0.1989671106278801,-0.21310138624626654,-0.12122859472682397,-0.33867898885566333,-0.5050285403642373,-0.6779016036966606,-0.6806197336232712,-0.6273443870617095,-0.7589018755096415,-0.8399021473226419,-0.6556129382984428,-0.5072030443055139,-0.47621636314215027,-0.5289480837183977,-0.5468877412340231,-0.5436259853220984,-0.5544985050285404,-0.6882304974177686,-0.7121500407719489,-0.7311769502582224,-0.5930959499864015
2020-05-21,0.0,0.33621889009119216,0.4035730848221107,0.4946668727778556,0.5675419031424556,0.6724377801824044,0.5995627498178044,0.48252103438375227,0.4052293355122111,0.517854382439322,0.6117085882119077,0.5515314798047711,0.5868648278603409,0.580239825099919,0.6509065212110384,0.8419274341364309,0.8347503478126489,0.8943753726564052,0.9142503809376507,0.8347503478126489,0.7944482476867578,0.7740211558421523,0.7696044873351909,0.7613232338846687,0.806042002517501,0.7911357463065569,0.8181878409116043,0.9054170439237683,0.9203233001347124,0.9125941302475502,0.8088024203343418,0.7116357131815351,0.6878961199567086,0.6763023651259854,0.8082503367709616,0.7839586599827749,0.8253649272353863,0.80272950113728,0.8557295232206346,0.7304065543360603,0.61998984166243,0.681823200759667,0.7094273789280745,0.7552503146876272,0.7845107435461351,0.8794691164454612,1.0423337676390658,1.0660733608638924,1.115760881567026,1.1831150762979443,1.13066713777797,1.1234900514541881,1.0274275114281217,0.9782920742883682,1.029083762118222,1.0765629485678951,0.9987191661329738,0.8761566150652603,0.7701565708985711,0.7745732394055124,0.5167502153125817,0.42234392597663584,0.3693439038932812,0.5432502263542489,0.4057814190755913,0.2429167678819866,0.25506260627608995,0.36216681756949926,0.4030210012587505,0.4190314245964149,0.47479186449661015,0.5167502153125817,0.5101252125521598,0.42841684517367745,0.4455314356381022
2020-05-28,0.0,0.3646020162866197,0.34211554832180174,0.471145043072294,0.5220072920403257,0.6488952184131893,0.7361641298004593,0.5803650303299503,0.613559340182775,0.675664823133206,0.6740586468500088,0.8180791202437065,0.8935694055541458,0.9203390102741624,0.8309285305093028,0.7832786341076848,0.8775076427221359,0.9112373446693529,0.9289052837845795,0.889286268798947,0.9845860616022026,1.0707841888006682,1.1650131974151192,1.342227980661622,1.2645961269735735,1.2287248566487667,1.3647144486264398,1.3368740597176185,1.384523956119256,1.4348508129928952,1.4027272873288752,1.2876179870328033,1.1195048693910907,1.0327713500982327,1.203026036117535,1.328307786207221,1.3775638588920556,1.2988612210152026,1.3855947403080606,1.3154583759416052,1.3154583759416052,1.1692963341703178,1.0022540007174099,1.1130801642582828,1.1382435926951024,1.1842873128135234,1.215875446383151,1.0193865477382242,1.0986245777094699,1.2003490756455333,1.2624545585959837,1.4487710074472961,1.3572189593048467,1.3700683695704432,1.3309847466792226,1.3208122968856084,1.297790436826398,1.2587068139351776,1.19499515470153,1.0563286022518552,1.1398497689782996,1.1982075072679437,1.1966013309847467,1.186964273285525,1.2388973064423614,1.2645961269735735,1.2040968203063396,1.1842873128135234,1.3192061206024115,1.3855947403080606,1.4739344358841158,1.5156950192473377,1.5349691346457421,1.591185304557777,1.55745560261056
2020-06-04,0.0,0.5349243393062405,0.4154993705308938,-0.10399924364185356,-0.25626607883043145,-0.24034274966038163,-0.21496494379562772,-0.17416141279738062,-0.06120529649736156,0.06120529649736156,0.01841134935286957,0.04478436329075502,0.09454476694714949,0.19157755407711868,0.27069659589079315,0.19854401058902113,0.24084035369695642,0.22989306489254605,0.17863984912646336,0.07613341759427991,0.16072610381015048,-0.01293770495065532,-0.03433467852290132,-0.05871727631454184,-0.05075561172952597,-0.25925170304980794,-0.2970696098286785,-0.3707150072401388,-0.4284370754815491,-0.38016948393484284,-0.5851823469991916,-0.6329523345093412,-0.6045889044251928,-0.5060633051855352,-0.5234794464652734,-0.6807223220194727,-0.8424436339027546,-0.9718206834093803,-1.0305379597239221,-0.8922040375591491,-0.7857167737344578,-0.9086249707657557,-0.7638221961256549,-0.9011609102172965,-0.8623477953653125,-0.8394580096833782,-0.8538885267437217,-1.0210834830292181,-0.9967008852375775,-0.9245482999358056,-0.8334867612446072,-0.5612973532441259,-0.6165314013027166,-0.4448580086881556,-0.38166229604454915,-0.4961112244542564,-0.4219682230062214,-0.37419823549609,-0.43042749162781213,-0.5418907958181248,-0.6424068112040453,-0.4811831033573381,-0.37569104760577815,-0.37519344356920337,-0.35877251036259683,-0.3657389668744993,-0.438389156212828,-0.6244930658877504,-0.6563397242278322,-0.5836895348895035,-0.3980832292511557,-0.27617024029298926,-0.25129003846479203,-0.23536670929474218,-0.19605599040618335
2020-06-11,0.0,-0.01940366082399794,0.12736761976786348,0.09453065529645312,0.33881776977308753,0.32090669824322243,0.27463643012443584,0.2189130964759967,0.2736413705949959,0.3432955376555402,0.37065967471503986,0.40548675824531205,0.3373251804789185,0.3338424721259058,0.33434000189061674,0.3368276507142076,0.16020458423925574,0.06169369082506085,-0.06965416706054439,-0.08059982188434786,-0.040797440706893916,-0.21692297741711677,-0.252247590712118,-0.2656808943594942,-0.43533854412840256,-0.3467782460085711,-0.19055389988705712,-0.24926241212379807,-0.2393118168294346,-0.2676710134183741,-0.2204056857701476,-0.15423422706263404,-0.2442871144766163,-0.3527486031851747,-0.3487683650674329,-0.289064793301252,-0.37513744259749254,-0.5283766101307047,-0.5637012234256878,-0.658231878722141,-0.6681824740165044,-0.6532565810749592,-0.6801231883697478,-0.6388282178981249,-0.7109700337822602,-0.6124591403680653,-0.4044916987158721,-0.3890682760096159,-0.5039976516595069,-0.5661888722492787,-0.6159418487210961,-0.7890822068430172,-0.8144562248436549,-0.6313652714273523,-0.6040011343678527,-0.6457936346041866,-0.8328648261382129,-0.85276601672694,-0.9229177135522133,-0.9711781007298798,-1.1005358395566052,-1.222928161677269,-1.3716895613280102,-1.3776599185046137,-1.3786549780340538,-1.4841312881543103,-1.393580870975599,-1.3687043827396903,-1.357261198151176,-1.449304204624038,-1.4915942346250828,-1.6284149199225808,-1.6194593841576572,-1.5338842646261277,-1.4373634902707946
2020-06-18,0.0,0.07207938884800247,0.26090708357656633,0.2086241465952567,0.2370498210705349,0.30659120326895994,0.24517144234917526,0.2664906982056293,0.36598055886905684,0.48272886474961824,0.45734879825384406,0.5167381538539595,0.601507575949849,0.6456688916524999,0.5969391639806022,0.5573462602471981,0.619781223826799,0.4796832567701328,0.36953376817846895,0.38679221339560277,0.3883150173853456,0.3883150173853456,0.5111545392248964,0.5522702469480433,0.6304408517550353,0.6187660211669829,0.7390675363569379,0.7649552041826386,0.6918606126748015,0.7202862871500797,0.6822161874064184,0.7583563868937411,0.7974416892972186,0.9400776630034807,1.103017689906344,1.0781452247404961,1.1385497830004279,1.0243394837694437,1.0608867795233623,1.004543031902751,0.9720565467881526,1.014187457171134,1.1806806933834093,1.2009847465800285,1.2126595771680995,1.2481916702621836,1.2248420090860601,1.1568234308773964,1.1553006268876351,1.2847389660160837,1.414177305144532,1.3558031522042513,1.4857490926626264,1.5552904748610514,1.5740717240679096,1.5877769599756313,1.608081013172251,1.5197583817669675,1.7121392858049251,1.9380218776173157,2.0771046420141657,2.1293875789954573,2.3161848684043513,2.2836983832897717,2.137001598944189,2.0903022765919608,2.083195857973155,2.286236389939349,2.3314129083018162,2.3689754067155695,2.296896017867567,2.2948656125478974,2.3420725362300523,2.415167127737871,2.3984162838506635
2020-06-25,0.0,0.06326258385969348,0.3408333006394915,0.4080191455137546,0.5227745301894864,0.6669543724744007,0.5879987445564646,0.8224135901761579,0.7493428537800584,0.6326258385970418,0.5860371140491977,0.6164423869120048,0.6439052140138848,0.6743104868766918,0.8851857664090391,0.9930754443093098,1.205912354348924,1.2147396916316877,1.1107732747459689,1.196594609439366,1.1500058848915218,1.2985993958178002,1.4099219271058103,1.363333202557966,1.332927929695159,1.095080230687744,1.1691317823374683,1.1686413747106559,1.2809447212523084,1.1691317823374683,0.9513907960296598,0.8954843265722396,0.7782769037624109,0.66989681823531,0.7233512495586331,0.7140335046490571,0.5757385538859793,0.5384675742477111,0.4810898819098363,0.6022205657342348,0.6360586919847813,0.2599160422142885,0.16673859311860018,0.0877829652006641,0.12358272195849547,0.21381772529325663,0.23686688375377257,0.37712346502411737,0.45951194632979286,0.23588606850013016,0.3040527286280356,0.4197889285574098,0.6081054572560712,0.8861665816626816,1.152948330652431,1.3226293695319584,1.0136725646357287,1.0529051747812819,1.1088116442386842,1.1451018086233276,1.3187061085173888,1.3716701322138998,1.3687276864529725,1.1921809407979842,1.3226293695319584,1.316744478010122,1.0126917493820864,0.935697751971435,1.1323512103260123,0.9592373180587633,0.8763584291262934,0.7920083173133509,0.7807289418965079,0.7223704343049907,0.8096629918788425
2020-07-02,0.0,0.11677677047883242,0.18970267204316105,0.11153373180426218,0.1415620442131187,0.34032087396687266,0.3856016625198893,0.3536667905930388,0.2697781718000712,0.25118921649936954,0.24975929686083934,0.3431807132439157,0.21639450529545864,0.12869276746646838,0.12869276746646838,0.18016987445305224,0.16205755903184907,0.13393580614102127,0.20352522854882568,0.27311465095661275,0.28503064794424876,0.22449738324705457,0.18159979409156513,0.01763567554170469,0.12869276746646838,0.12773948770745405,0.010009437469607271,0.108197252647738,0.21210474637992008,0.34890039179798443,0.31553560023260374,0.3303114364972654,0.3284048769792367,0.3970410196280268,0.495705474685656,0.5776875339605948,0.4876025967340601,0.5200141085404264,0.5343133049255895,0.542892822756684,0.4980886740831832,0.5896035309482308,0.6606228729945308,0.6267814415496515,0.6305945605856916,0.581024013117119,0.5019017931192232,0.5867436916711878,0.6796884681747483,0.6620527926330436,0.6525199950429349,0.6858847866083155,0.5872203315507036,0.7025671823910059,0.765960286365243,0.8593817027483022,0.9246813662405505,0.8117177147977581,0.8355497087730303,0.8741575390129637,0.9165784882889546,0.864624741422855,0.848895625399179,0.7011372627524931,0.7449881316669968,0.6978007835959514,0.5924633702252565,0.6882679860058427,0.62344496239311,0.557668659021363,0.5104813109503176,0.5338366650460911,0.4718734807103841,0.5190608287814121,0.5934166499842708
2020-07-09,0.0,0.01721682968367904,-0.07631243427357923,-0.10888481475620886,-0.09725182172669827,0.023731305780211737,0.07677775399476981,0.10050905977498155,0.10981545419859,0.16006998408607231,0.13866527691177963,0.2684894791211075,0.33223828092282887,0.3359608386922689,0.3015271793249277,0.22195750700306519,0.21916558867598945,0.22940262254196211,0.10795417531386156,0.06886731873471616,0.0898067061878352,0.15355550798953962,0.19869152094404405,0.23777837752320635,0.23172922114786426,0.21125515341591886,0.2079979153676525,0.2698854382846454,0.2373130578020158,0.19124640540516405,0.16006998408607231,0.21776962951245155,0.2275413436572337,0.25452988748569483,0.22056154783952733,0.22521474505133154,0.2773305538235423,0.16053530380724598,0.21032451397355462,0.42949010264954407,0.3722557769443385,0.36620662056899633,0.40296687854225655,0.34992043032768155,0.35596958670302364,0.13261612053642058,0.09585586256317731,0.15867402492253443,0.18426660958745772,0.21497771118535888,0.2824490707565202,0.3862153685797512,0.4173917898988429,0.4648544014592495,0.48393251002764004,0.36667194029018696,0.4429843745637662,0.4066894363116966,0.3773742938773333,0.42064902794710923,0.4904469861241727,0.49416954389361273,0.4504294901026631,0.4643890817380758,0.5355829990786771,0.5574530259741605,0.5746698556578225,0.5997971206015721,0.5299991624245086,0.42111434766828293,0.45229076898737464,0.5113863735772917,0.6007277600439365,0.707285976194243,0.7151964114543137
2020-07-16,0.0,0.12581698576430628,-0.12157596377224426,-0.13854005174045803,-0.03911164726006075,0.2026266062870795,0.3619005433220362,0.5126924363728861,0.45944404913930814,0.40666688657150735,0.5263579516806262,0.5343687709989561,0.463213846465576,0.570181845598526,0.7327543552939736,0.5508616343013927,0.4773505864390931,0.5569875549565801,0.5320126476700365,0.39347259592956135,0.30723848209111,0.22665906424206897,0.22713028890784603,0.16869843035063484,0.26812683483104927,0.37745095729291883,0.3364544113697156,0.34446523068804547,0.5315414230042423,0.48865997841791375,0.5046816170545734,0.46698364379186097,0.5616998016144191,0.5414371409857146,0.30441113409641346,0.3421091073591259,0.32891481671716283,0.3176054247383594,0.1993280336265887,0.2728390814888883,0.34446523068804547,0.4028970892452395,0.43729648984746117,0.4698109917865575,0.36472789131674993,0.22053314358686452,0.27095418282574585,0.3213752220646272,0.28933194479132507,0.41656260455297955,0.40996545923199806,0.38923157393751645,0.5805487882457754,0.5551026562934376,0.4683973177892093,0.47546568777596776,0.42268852520816697,0.45991527380510233,0.3355119620381444,0.32891481671716283,0.42268852520816697,0.47216711511547704,0.5772502155852846,0.4302281198607026,0.49525712373889536,0.5428508149830629,0.5513328589671698,0.7878876411906939,0.8623411383845475,1.0192589520905848,1.0696799913294661,1.2167020870540481,1.1592126778284082,1.0824030573056351,1.059784273348011
2020-07-23,0.0,0.4340348128337332,0.45114406894130055,0.528585965007059,0.5524488748412923,0.4835616068292848,0.4520445561048429,0.38585874958352795,0.4088211722541862,0.4119728773266337,0.43943773581506934,0.35209048095019735,0.4466416331235231,0.4835616068292848,0.5078747602452893,0.5483966826052862,0.5447947339510676,0.5722595924395032,0.5547000927501812,0.551098144095946,0.5695581309488433,0.5709088616941732,0.6978775517554997,0.6888726801199448,0.6852707314657263,0.6600570908861628,0.6897731672835037,0.7023799875732771,0.7861252937839305,0.8685198692492541,0.8950842405741474,0.8761740101394789,0.8365525749430409,0.8496096388146018,0.8910320483381411,0.9009374071372547,0.9347056757705853,0.9428100602425814,0.8473584209057132,0.8869798561021512,0.8829276638661451,0.880226202375485,0.7915282167652667,0.7982818704919329,0.8343013570341522,0.74965556365994,0.7789213964754932,0.7960306525830442,0.8320501391252635,0.8797759587936975,0.8572637797048104,0.9392081115883627,0.9211983683172531,0.9225490990625831,0.8126896651088239,0.8343013570341522,0.9675734572403573,0.988284662002143,0.9824314954390357,1.0094461103457002,0.8541120746323794,0.6965268210101697,0.7411009356061563,0.6321419888159396,0.7370487433701665,0.7789213964754932,0.8185428316719312,0.7937794346741553,0.7676653069310497,0.8252964853985973,0.8725720614852602,0.9171461760812633,0.9495637139692475,0.9684739444039159,1.1094001855003457
2020-07-30,0.0,0.08800938766803086,0.02711400327146977,-0.022224592845459072,-0.0231135765592645,0.10534457008747923,0.12179076879312219,0.1529051987767649,0.16890690562548896,0.16001706848730532,0.17201834862385645,0.16446198705639714,0.2573607851504225,0.2666951141455089,0.24847094801223893,0.22224592845459074,0.2760294431406114,0.30492141383970817,0.3595939122395343,0.36537230637935036,0.26091672000569277,0.21824550174241777,0.2742514757129682,0.36092738781025857,0.3693727330915395,0.352037550672075,0.2573607851504225,0.21513405874405028,0.2986985278429732,0.27158452457151955,0.26002773629187115,0.24669298058459568,0.10845601308584674,0.12756916293293832,0.19202048218476964,0.19690989261078032,0.19735438446768303,0.18890903918640212,0.17913021833441306,0.17379631605149964,-0.013779247564178157,-0.08134200981437698,-0.15957257663038643,-0.22091245288385022,-0.49516392859681846,-0.6698492283621236,-0.6213996159590325,-0.6662932935068533,-0.7414124173245115,-0.7436348766090574,-0.6987411990612203,-0.5907296778322925,-0.6476246355166644,-0.5933966289737572,-0.577394922125017,-0.8698705639712552,-0.8832053196785307,-0.892539648673633,-0.9654363132067292,-1.1130076097005808,-1.4077057108313646,-1.3912595121257378,-1.3659234762819115,-1.3081395348837177,-1.1463444989687692,-1.226353033212422,-1.153456368679326,-1.0805597041462136,-1.358811606571355,-1.3356980300120902,-1.2699132351895186,-1.3530332124315387,-1.348143802005544,-1.4414870919564722,-1.4197069909679159
2020-08-06,0.0,0.16396535614173793,0.04716811615036297,0.007187522461017497,0.27267663336448256,0.24123122259757387,0.2578523682886575,0.2776180550564188,0.3153525479767157,0.1954107669086466,0.20619205060016468,0.2906454395170017,0.3041220441313912,0.43888809027528536,0.3863293322791634,0.4191224035075077,0.4528139150434813,0.4222669445842019,0.33152447351397646,0.3607237835118202,0.37869258966433944,0.4294544670452194,0.19136778552433958,0.22910227844462014,0.2960360813627608,0.32433695105297533,0.3153525479767157,0.35398548120462553,0.36701286566520847,0.32793071228347587,0.22011787536836053,0.28615323797887193,0.2834579170560006,0.07996118737870729,0.30546970459282685,0.19675842737008226,0.2650398907496586,0.4213685042765726,0.504474232731974,0.5219938187306868,0.5264860202688166,0.6131855099547185,0.6576583051822102,0.7978149931718634,0.925842737008563,0.9599834686983431,0.8746316394738767,0.9801983756199272,1.0282649320779194,1.0040070437720119,0.922248975778046,0.8427370085531615,0.8467799899374686,0.7933227916337336,0.7111155034859451,0.645978581183063,0.7277366491770287,0.6837130741033598,0.6518184431826448,0.5979120247250871,0.45416157550493325,0.24212966290520313,0.0004492201538227862,0.11904334076043989,0.23314525982894352,0.34679795874362435,0.3050204844390204,0.34949327966649574,0.32478617120678177,0.36476676489614357,0.5390641845755768,0.6136347301085414,0.5907245022640696,0.5529900093437891,0.6648458276432114
2020-08-13,0.0,0.15764930316358752,0.14484305724833196,0.2530337554978506,0.19871760902972815,0.20710790807764037,0.24066910426933744,0.19783441965625947,0.23227880522140912,0.19606804090932214,0.1638316287778361,0.09450126296079442,0.04680903679366287,0.10377475138219137,0.1227633229116955,0.19121049935526854,0.1894441206083312,0.19386006747565848,0.1558829244166502,0.10509953544238634,0.15720770847684518,0.18502817374100392,0.19783441965625947,0.1996007984031968,0.18061222687367662,0.21505661243884236,0.23713634677547882,0.19827601434298578,0.08831893734654585,-0.23095402116121416,-0.2044583399572504,-0.15411654566972893,-0.12806245915249148,-0.13512797414022476,-0.1404271103810047,-0.21108226025824137,-0.38595375620441175,-0.45925847420203836,-0.36740677936163396,-0.3391447194107328,-0.24331867238974345,-0.22962923710101918,-0.22256372211330194,-0.19165209404201092,-0.2711391376539022,-0.34621023439846615,-0.29189408793034366,-0.24552664582340708,-0.2737887057742921,-0.31309063289351147,-0.2419938883295324,-0.2291876424142929,-0.2419938883295324,-0.20931588151132008,-0.1315952166463501,-0.08257820641902358,-0.08964372140674082,-0.20534152933071909,-0.18723614717468362,-0.13954392100755206,-0.16427322346457848,-0.16515641283804716,-0.33340398848321057,-0.25656651299172534,-0.3108826594598478,-0.28747814106301633,-0.30337554978538817,-0.26760638016004357,-0.21152385494498374,-0.22035574867963834,-0.2084326921378514,-0.3382615300372802,-0.25435853955806165,-0.2088742868245777,-0.15897408722378253
2020-08-20,0.0,0.087200552417716,0.1677614688645402,0.18502452238886538,0.24389596133076977,0.29745569149595746,0.2788647107774571,0.2722250748065653,0.2899307707289435,0.25584730607837836,0.2744382867968626,0.29568512190372936,0.29745569149595746,0.31914516900087725,0.31162024823386325,0.3195878113989303,0.4275925565254439,0.42537934453514664,0.39085323748651235,0.37713132314665954,0.3536712760495116,0.2983409762920796,0.29966890348625475,0.3164893146125109,0.29745569149595746,0.2917013403211878,0.3111776058358103,0.35765505763205313,0.3961649462632129,0.36872111758353954,0.35765505763205313,0.35322863365145857,0.35013013686503913,0.37757396554472866,0.35013013686503913,0.33862143451548365,0.30719382425326874,0.31693195701057997,0.37845925034083466,0.27178243240851224,-0.009295490359242129,-0.02478797429132308,0.05488765735937896,0.10844738752456666,0.12172665946635033,0.16112183289364834,0.08985640680608241,0.13544857380620312,0.30852175144744387,0.3709343295738368,0.39085323748651235,0.32357159298147187,0.26248694204927014,0.20936985428213545,0.15669540891305378,0.048690663786540134,0.05178916057295954,-0.05001859098071528,-0.04470688220399859,0.056215584553554104,0.10047982435949968,0.06683900210698748,0.13102214982560856,0.10446360594204122,0.10667681793233849,0.16997468085483747,0.21291099346660786,0.20892721188406635,0.21246835106853876,0.19520529754422966,0.16510561447618988,0.10711946033039152,0.045592167000136824,0.07524920767010748,0.09605340037890511
2020-08-27,0.0,0.05045735060094743,0.0948770695060786,0.06296387339948224,-0.0353632713613597,-0.046144756532505,-0.058651279331039814,0.012937782205374353,-0.016819116866992934,-0.04830105356673406,-0.0664139486542613,-0.015094079239603413,0.01552533864644295,0.017681635680672006,-0.039675865429817825,-0.0081939287300767,-0.008625188136916236,-0.03924460602297829,-0.09185825365817046,-0.07633291501171183,-0.08797691899655188,-0.03148193669975681,0.015094079239603413,0.005606372288992416,0.014231560425908651,0.04657601593934453,0.032344455513435885,0.053476166448871244,0.04441971890511548,0.0310506772928859,-0.019837932714916757,-0.032344455513435885,-0.02026919212175629,0.014662819832748187,0.015094079239603413,0.05994505755155843,0.03191319610658066,0.049594831787268354,0.10048344179507102,0.018112895087511547,-0.016819116866992934,-0.0038813346616185817,0.003450075254763357,0.020269192121740602,-0.006900150509542402,-0.002587556441084284,-0.01854415449438246,-0.13153411908797258,-0.21649222223660067,-0.11557752103469011,-0.1707787251109509,-0.26393075698963997,-0.24323030546104413,-0.25314927181849467,-0.3044691412331525,-0.2647932758033347,-0.21907977867768494,-0.21131710935444778,-0.15007827358235504,-0.16172227756717944,-0.19837932714907341,-0.1789726538410119,-0.2238236321529826,-0.2790248362292434,-0.2445240836815784,-0.2803186144497777,-0.18457902613002,-0.21261088757499774,-0.23115504206936452,-0.22727370740774594,-0.33595107793289364,-0.4476472643059652,-0.3751956839558563,-0.3769207215832458,-0.2604806817348766
2020-09-03,0.0,-0.04887395277824319,-0.11634595838361925,-0.21236381251433642,-0.06271436418447539,-0.10207303412094867,-0.05665918419425961,-0.07612226273426921,-0.13191642121562064,-0.09082769985337813,-0.02768082281246439,-0.01686800140134795,0.002162564282223289,0.014705437119108924,0.034601028515572625,-0.11029077839338775,-0.07395969845204592,-0.04973897849113565,-0.07612226273426921,-0.04627887563958154,-0.021193129965794526,-0.012975385693339735,0.011245334267554809,-0.05709169705069798,-0.08996267414048567,-0.057524209907136345,-0.0782848270164925,-0.3023264866548221,-0.389261570800192,-0.33260238660594815,-0.3287097708979399,-0.26123776529257964,-0.25907520101035636,-0.26599540671346456,-0.22101406964322956,-0.38147633938419134,-0.35336300371528856,-0.4502458835588983,-0.39445172507753107,-0.390991622225977,-0.3001639223725988,-0.24566730246056248,-0.231826891054346,-0.22966432677212273,-0.1557046283200768,-0.154407089750746,-0.00043251285645409864,-0.07352718559559182,-0.08044739129871578,-0.05060400420402811,-0.0527665684862514,-0.14143170405740627,-0.18684555398409533,-0.122401138373835,-0.058389235620028804,-0.10120800840805622,-0.10812821411116445,-0.09861293126937883,-0.13667406263652132,-0.20068596539032751,-0.2279342753463378,-0.10337057269027951,-0.03676359279779591,-0.097315392700048,-0.14272924262673709,-0.16738247544408572,-0.13364647264140556,-0.1717076040085323,-0.34384772087350296,-0.3697984922601824,-0.2711855609908036,-0.3408201308783872,-0.38320639080997626,-0.35898567084906596,-0.26253530386191043
2020-09-10,0.0,0.13901515485846933,0.14563492413744406,0.10282708280007091,0.16328764221470998,0.14916546775289402,0.12224507268505383,0.1425456984739193,0.1880014475228759,0.20212362198469186,0.17564454486879294,0.1699074114936847,0.21006734511945835,0.21977634006195781,0.2533165044087567,0.34422800250668595,0.37026576167064357,0.402923290113592,0.4801539317016305,0.4797126137496892,0.564445660520569,0.5031024652020795,0.5423797629239865,0.6182864506562333,0.6610942919936065,0.5737133375111433,0.5865115581171514,0.6116666813772587,0.6981649999558553,0.6778643741670058,0.6924278665807471,0.7696585081687856,0.7167003539369877,0.6363804866854246,0.6046055941463586,0.6354978507815741,0.710080584658013,0.6990476358597218,0.70478476923483,0.6341738969257662,0.6915452306768806,0.765245328649469,0.8023160366117341,0.6443242098202071,0.5825396965497762,0.4885389727883222,0.5472342603952444,0.5790091529343102,0.4241065518063079,0.3998340644500673,0.2925938021306798,0.4289610492775497,0.5423797629239865,0.47441679832652234,0.4616185777204981,0.3023027970731793,0.30627465864055453,0.4104256952964332,0.5172246396638794,0.4554401263934486,0.4549988084415233,0.6681553792245064,0.6972823640520048,0.7670106004572022,0.7197895796005125,0.7025781794751718,0.7392075694855115,0.7074326769464295,0.7599495132262861,0.8393867445739828,0.933828786287362,0.9854629866633682,1.0335666434239084,1.0543085871646989,1.0715199872900398
2020-09-17,0.0,0.1878394558295429,0.21994134897361023,0.2906522757639383,0.33533464054557127,0.3617970119210877,0.37567891165907,0.36526748685557936,0.3487827309167323,0.30019608183380214,0.33576844991237687,0.360061774453834,0.3522532058512239,0.2750351385587181,0.3379374967464361,0.33533464054557127,0.426868416942865,0.43511079491229643,0.384355098995307,0.3596279650870285,0.3839212896284857,0.3726422460913839,0.37220843672457843,0.35919415572022295,0.25768276388624417,0.24206562668102394,0.21950753960680466,0.17439136545836614,0.22427944264172872,0.08893092019642888,0.062902358187718,0.004771903034939799,-0.11756233840600455,-0.17092089052385873,-0.11626091030557217,-0.11322424473788609,-0.05032188655016808,-0.030366655676829377,-0.013448090371160983,-0.05552759895191342,-0.10368043866802226,-0.044248555414795894,0.013014281004355447,0.05422617085148102,0.10281281993441119,0.10368043866803803,0.05552759895192919,-0.018219993406085003,-0.017352374672473928,-0.022124277707397947,0.05032188655018387,0.05292474275104864,0.08979853893005574,-0.008242377969415647,-0.023859515174651652,-0.0030366655676703123,0.06984330805671704,0.03383713061133679,0.015617137205236007,0.01952142150653317,0.025160943275099826,0.10888615106978339,0.1830675527946031,0.19478040569852617,0.17742803102605223,0.1396866161134183,-0.09413663259815844,-0.08979853893003996,-0.13708375991253774,-0.2333894393447712,-0.10541567613527596,-0.17222231862429113,-0.0828575890610567,-0.16007565635356252,-0.11018757917019997
2020-09-24,0.0,-0.25860028045383854,-0.19349492815647137,-0.157072353444665,-0.03505672816011695,0.02640636666605631,0.06647119884904001,0.1707308189615924,0.014113747700818344,-0.09651982298629021,-0.11700752126168129,-0.22445411666152004,-0.1297554224108102,-0.2604214091894189,-0.4193148913696808,-0.4666642384950192,-0.43616033217389455,-0.4429895649323583,-0.402924732749358,-0.4862413724026284,-0.4616561344721525,-0.5222086649305272,-0.582761195388902,-0.5695580120558821,-0.5140135856203741,-0.3674127224053501,-0.4252335597603461,-0.37105497987652747,-0.37651836608330175,-0.40747755458833385,-0.5363224126313622,-0.5996066361931157,-0.603248893664293,-0.6879313798692529,-0.6460454189506722,-0.6105334086066643,-0.6929394838921196,-0.7339148804429018,-0.8331663965325707,-0.7530367321666035,-0.7462074994081397,-0.6842891223980755,-0.7839959206716355,-0.6519640873413374,-0.582761195388902,-0.5677368833202852,-0.4448106936679387,-0.4844202436670314,-0.37378667297992285,-0.4448106936679387,-0.36240461838248333,-0.58503760630839,-0.6788257361913013,-0.7043215384895591,-0.7011345632022727,-0.718435286190394,-0.830434703429192,-0.8887108229680789,-0.9246781154959943,-0.8345322430842769,-0.7812642275682566,-0.8504671195206922,-0.8645808672215104,-1.0917666769864094,-1.2911802735335458,-1.21014004479978,-1.1136202218134899,-1.2197009706616226,-1.2237985103167075,-1.649032070077037,-1.6344630401923113,-1.6982025459379724,-1.7328039919141982,-1.7423649177760407,-1.740088506856553
2020-10-01,0.0,0.09691117650168272,0.14977181822987332,0.15726040914137018,0.1762021390939686,0.10572128345638115,0.18236921396224787,0.17488062305076704,0.13611615245008113,0.1722375909643479,0.3202473878032911,0.3079132380667005,0.30262717389389426,0.2757563476820545,0.29690060437332744,0.29205504554824974,0.2823639278980783,0.34888023540606106,0.3854421792680563,0.37795358835655946,0.3722270188360086,0.41980159639137693,0.4123130054798801,0.37839409370428795,0.3924902648318086,0.4325762514756961,0.43698130495304527,0.4700192060331644,0.4968900322449882,0.5435835991048835,0.5004140750268644,0.5224393424136105,0.4920444734199105,0.4753052702059707,0.5303684386728359,0.5039381178087405,0.473102743467296,0.4506369707328215,0.4682571846422183,0.37619156696561334,0.4493154546896199,0.5400595563230073,0.5294874279773788,0.5823480697055694,0.5250823745000296,0.44050534773492145,0.4070269413070578,0.4330167568234246,0.44050534773492145,0.38676369531125787,0.33214103219212116,0.379275104399761,0.46385213116486906,0.46781667929448983,0.46781667929448983,0.40966997339347705,0.4105509840889501,0.49953306433139133,0.4334572621711531,0.43081423008474995,0.5233203531090835,0.5854316071397011,0.5109862033725089,0.3713460081405356,0.2977816150688005,0.33258153753986575,0.3198068824555466,0.38588268461578484,0.3907282434408786,0.4664951632512722,0.4977710429404613,0.5537152221027996,0.5761809948372741,0.5484291579299773,0.5678113932303042
2020-10-08,0.0,0.14544593554714655,0.23254437369458042,0.24100053273801975,0.22577944645981976,0.2968111824247067,0.3602323752505014,0.31034103689421266,0.3255621231724126,0.3289445867897852,0.32936739474195104,0.29892522218556655,0.2638321621552966,0.3006164539942605,0.34627971282882963,0.3517762162070621,0.35684991163312874,0.3978622829938124,0.36868853429394066,0.3775675012895612,0.3826411967156278,0.3881377000938603,0.4084324817981115,0.4431027338762156,0.4477536213501011,0.48834318475861893,0.4887659927107847,0.49891338356291803,0.43845184640231477,0.4274588396458499,0.44986766111096094,0.46212909172395406,0.40631844203725165,0.39152016371123294,0.4532501247283336,0.48749756885427187,0.4862291449977591,0.48707476090209073,0.45959224401091303,0.45663258834572157,0.4016675545633662,0.4088552897502773,0.4519817008718207,0.45155889291965495,0.48749756885427187,0.46762559510218654,0.5094835823672171,0.5445766423974872,0.5200537811715162,0.4807326416195113,0.49722215175422396,0.5395029469714204,0.5369660992583948,0.5361204833540478,0.5352748674497008,0.5065239267020103,0.07906508705614504,0.11119849142122358,0.22239698284244716,0.2566444269683701,0.2591812746814111,0.16362667749053791,0.006342119282579467,-0.14164066397760808,-0.2875094074769358,-0.10062829261693984,-0.24649703611626755,-0.13614416059937562,-0.029173748699871698,0.003805271569538451,0.02621409303464949,-0.023254437369458043,0.05750188149538101,0.07230015982139977,0.046086066786734894
2020-10-15,0.0,-0.09035917773147656,-0.2150213766387968,-0.33926524601958846,-0.37482325577503306,-0.1522719476586005,-0.1250805284338488,0.0891041891518909,-0.023008123959405304,0.08408423483347215,0.015059862955256239,0.02133480585327587,-0.07529931477623554,-0.20247149084275753,-0.22087799001028785,-0.3078905315294903,-0.16858679919345762,-0.29283066857424933,-0.30161558863147075,-0.21125641089999414,-0.16816846966691387,-0.2003798432100843,-0.23761117107167357,-0.21836801285107088,-0.2397028187043468,-0.2794441237251377,-0.3672933242974125,-0.4714573764045292,-0.540900077809289,-0.5936095981526477,-0.6584506747655172,-0.5429917254419621,-0.5325334872785961,-0.4936288413108774,-0.5199836014825568,-0.47480401261681854,-0.5237485672213594,-0.5509399864461112,-0.47313069451067385,-0.49488382989047836,-0.5049237385273007,-0.5325334872785961,-0.45681584297581673,-0.4714573764045292,-0.4823339440944391,-0.7647063745053223,-0.8579938589225445,-0.9408231051764004,-0.926181571747688,-0.7973360775750213,-0.9186516402700675,-1.0316006124344208,-1.1278164035373885,-1.1064815976841278,-1.2558252386569828,-1.4327786283811486,-1.4327786283811486,-1.475029910561141,-1.747362432335187,-2.096249257465084,-2.0305715217991427,-1.8264267128502403,-1.7866854078294494,-1.972842047137365,-2.080352735456771,-1.9766070128761828,-1.962383808973999,-1.9456506279126133,-2.0017067844682614,-2.1125641089999414,-2.2970474302017125,-2.409159743312993,-2.4108330614191384,-2.3614701772880538,-2.4275662424805238
2020-10-22,0.0,0.13337035728108365,0.0963464095185112,-0.17291866511840165,-0.2448629272479457,0.033237407650484746,0.0366032210834431,0.09929149627235549,0.09003550933170855,0.13589471735581388,0.14136416418437314,0.044176301307618515,0.052170108210892685,-0.017249793843936413,-0.05721882836035316,-0.10560239645917345,-0.013463253731848705,0.009255986940631634,0.05469446828562293,0.05553592164385103,0.07194426212954404,0.19521717911175265,0.16324195149862536,0.14052271082612972,0.06563336194274139,0.11443765672067571,-0.018932700560407936,-0.09255986940643879,-0.04670066138234876,0.01767052052303516,0.10812675653387308,0.13673617071405733,0.0807795223910616,0.09802931623499801,0.05595664832298039,0.08414533582403527,0.1106511166086033,0.018091247202164523,-0.11864492351189278,-0.13547399067669985,-0.19984517258208376,-0.3189108227731059,-0.2823076016896475,-0.22130223321722192,-0.10938893657124586,-0.0016829067164868276,0.01767052052303516,-0.020615607276894765,-0.11401693004157697,-0.1081267565338884,-0.02398142070985311,-0.01851197388129388,-0.050487201494421166,-0.18343683209640607,-0.24907019403914743,-0.0992914962723708,-0.04501775466586193,0.029871594217526398,-0.01851197388129388,0.025664327426324636,-0.14220561754263186,-0.1291630904898972,-0.10938893657124586,-0.16786994496895646,-0.4514397266959615,-0.5065549216606984,-0.4207266791201763,-0.24612510728530315,-0.24696656064354658,-0.19269281903705301,-0.004207266791201763,0.030713047575769814,0.09129768936906603,0.13673617071405733,0.14683361101293235
2020-10-29,0.0,0.024548226498306295,0.2515116539475334,0.2200726972040956,0.30663749590863204,0.4052610725421721,0.39449430653414436,0.5185274509466203,0.5379076297610702,0.691657048355709,0.6584954090509805,0.7213733225378559,0.628348464228503,0.5297248875949628,0.5508277489707035,0.43411600544368945,0.3574566314665197,0.47244569243225865,0.5671932333029025,0.5831280469947866,0.5288635463143333,0.6339471825526741,0.6821822942686414,0.6442832779203871,0.6343778531930048,0.5805440231528662,0.6572033971300203,0.5180967803063055,0.452634842977494,0.5219728160691861,0.49828593085152517,0.7037158262846968,0.8363623835035949,0.8845974952195622,0.9888197901772734,0.9944185085014448,0.9341246188564896,0.9862357663353374,0.9629795517580071,0.7489362435184133,0.6098296266946984,0.6524660200864787,0.6869196713121674,0.7282640527830031,0.6494513256042435,0.5357542765594646,0.4362693586452949,0.3522885837826789,0.22050336784441046,0.26529311443781195,0.32644834536341244,0.4504814897758884,0.5163740977450149,0.32214163896020137,0.1688228910058775,0.13006253337697776,0.3445365122568865,0.26270909059587594,0.2545263484297843,0.295009388619959,0.2648624437974814,0.13996795810436014,0.0938861995900141,0.05426450068046902,-0.026270909059581328,0.2980240831022099,0.2945787179796442,0.25711037227170463,0.22351806232666135,0.2876879877345127,0.42722527519854236,0.5542731140932692,0.5146514151837241,0.428947957759833,0.5103447087805131
2020-11-05,0.0,-0.049808445021853456,-0.08674970841305238,-0.1473499831896498,0.05893999327586295,0.04731802277076682,0.05852492290068687,0.014942533506565096,-0.008301407503642243,0.09173055291525585,0.15108561656629485,0.17765012057794097,0.20462969496477826,0.21500645434433108,0.32500010376759075,0.14195406831228538,0.11580463467581532,0.1299170274319981,0.12161561992835583,0.07222224528169355,0.07471266753278019,0.14485956093856317,0.1847063169560399,0.2112708209677011,0.21376124321878776,0.2722861661194746,0.24613673248298945,0.2685505327428296,0.16851857232394657,0.17225420570057653,0.17474462795167828,0.18097068357940996,0.11206900129917027,0.1012771715444414,0.14402942018819592,0.16602815007284485,0.20919546909179054,0.23160926935161555,0.22994898785089618,0.14402942018819592,0.31586855551359644,0.34824404477779813,0.3241699630172386,0.31960418889022635,0.37024277466244704,0.38269488591791045,0.3909962934215526,0.4495212163222244,0.473595298082799,0.28515334775011403,0.28556841812529016,0.29885067013112077,0.3320563001456897,0.32832066676905974,0.32790559639386857,0.33952756689896474,0.3054917961340436,0.22828870635016166,0.21500645434433108,0.29802052938075346,0.29096433300266966,0.3988826305500188,0.4374841754419522,0.4399745976930389,0.42171150118503503,0.40427854542738323,0.399712771300371,0.36650714128580203,0.4486910755718723,0.4715199462068885,0.5146872652258191,0.5495531767411226,0.5910602142593337,0.6084931700169854,0.6392083777804527
2020-11-12,0.0,0.22098011178993318,0.07208442149297185,0.06696367023937543,-0.07366003726331583,-0.11147481575144232,-0.12801878133998243,-0.06144901504320016,-0.10989919998109834,0.0035451354832524537,-0.04923799282307016,-0.08547715554085267,-0.004332943368438772,-0.1303822049954984,-0.2190105920770247,-0.25564365873738604,-0.2201923039047755,-0.2623400257613264,-0.25209852325411924,-0.1591371928041685,-0.14259322721561404,-0.09926379353131232,-0.12723097345482476,-0.14535055481370884,-0.19852758706262463,-0.20128491466071943,-0.2142837447660071,-0.11895899066054039,-0.10123331324423512,-0.08035640428725624,-0.12801878133998243,-0.17410554262237896,-0.16071280857451248,-0.1075357763255967,-0.13274562865100004,-0.08153811611500707,-0.23200942218231232,-0.30842678704372295,-0.21192032111050546,-0.018513485301477246,-0.014968349818224794,0.05120751253599296,-0.06814538206714056,-0.08075030822983506,-0.02836108386609128,-0.17843848599081774,-0.1685908874262037,-0.17489335050755095,-0.30882069098630177,-0.40887229240278605,-0.48686527303452637,-0.4356577604985334,-0.4218711225080738,-0.5384666895130982,-0.5073482780489265,-0.3462415655318351,-0.31472925012507025,-0.05869168744510537,-0.10596016055525273,-0.0886283870815263,-0.16622746377068773,-0.17410554262237896,-0.17449944656497213,-0.37066360997208075,-0.4163564673118842,-0.3702697060294876,-0.33403054331171944,-0.2591887942206528,-0.24146311680434754,-0.13668466807684565,-0.123685837971558,-0.09138571467962109,-0.011029310392379182,-0.08587105948344584,-0.029148891751263267
2020-11-19,0.0,0.37900772427869445,0.44795363095632257,0.43276215999346446,0.5702644484522285,0.64739037795601,0.6727094962274542,0.6177864858232499,0.733475380078915,0.7225686829773725,0.7642478469011376,0.8869481892935216,0.8129384589616074,0.7942412639303897,0.8366994776471111,0.8273508801315093,0.8476061747486676,0.7299696560105696,0.7233477327703429,0.6049321642392745,0.588572118586968,0.5546834525928782,0.5605263260401345,0.7003657638777954,0.7634687971081672,0.7552887742820139,0.7626897473151969,0.7763231186921283,0.7872298157936849,0.8888958137759404,0.8713671934341712,0.8437109257838299,0.8289089797174359,0.78995649006906,0.8254032556490906,0.873704342813068,0.8195603822018341,0.8460480751627268,0.8920120129478076,0.8998025108774828,0.8713671934341712,0.8238451560631499,0.8261823054420608,0.704261012842633,0.6162283862373092,0.534817682872198,0.6318093820966595,0.6173969609267577,0.6333674816826003,0.6438846538876504,0.43548883426883944,0.4499012554387414,0.38407154793299464,0.3793972491751867,0.27266742753863116,0.20800629472233287,0.2535807076109355,0.2991551204995239,0.2570864316792808,0.1281536909431623,-0.19709959762077628,-0.3178523155307415,-0.5807816206572786,-0.6988076642918548,-0.4012106433782715,-0.14256611211305004,-0.1308803652185373,-0.213459643273097,-0.2874693736050111,-0.37121722634901927,-0.4518488799211602,-0.571433023141677,-0.5901302181728945,-0.6804999941571294,-0.6314198572001672
2020-11-26,0.0,-0.14291040139183434,-0.08194047471108093,0.08271716167515561,-0.11067789238225424,-0.31416987697279053,-0.4469833478314984,-0.45941033925687724,-0.37047968186902513,-0.5397974400397664,-0.4691189263079521,-0.4190226171243998,-0.3374704858953704,-0.3207717161675243,-0.3642661861563428,-0.4170808997141848,-0.3227134335777393,-0.3118398160805382,-0.2559183546663409,-0.21281222815957385,-0.2865974897477434,-0.26756865912763084,-0.21397725860570002,-0.2632968808251635,-0.337082142413333,-0.34756741642848266,-0.2508698893997848,-0.2524232633279483,-0.361547781782039,-0.3405772337517115,-0.3382471728594592,-0.47727413943084945,-0.48076923076924205,-0.5370790356654767,-0.6551354542065394,-0.6516403628681608,-0.6295047843917072,-0.5712532620852576,-0.5794084752081549,-0.539409096557729,-0.46562383496955945,-0.367372934012684,-0.24737479806139212,-0.04776624829129998,-0.015145395799682548,0.09592084006460905,0.09863924443891285,0.12349322728967033,0.1254349446998853,0.22873431092331697,0.2702870635019205,0.12854169255622647,0.16426929290418507,0.20426867155461095,0.03533925686590711,-0.05087299614764114,-0.05164968311172995,0.06407667453709458,0.2733938113582617,0.2897042376040704,0.4034888778426658,0.3467907294643938,0.25319995029202297,0.18834658879085373,0.342130607679875,0.35844103392568377,0.2959177333167527,0.27106375046600933,0.2465981110973033,0.2780539331427805,0.7227072200820125,0.8559090344227577,0.8520255996023277,0.942121287436306,0.9988194358145779
2020-12-03,0.0,-0.009878644649962319,-0.03989452647096818,-0.00531927019613462,-0.10562550818028872,-0.12006352728406491,-0.033815360532540466,-0.017097654201843504,-0.009118748907655398,-0.011778384005722708,-0.06573098170932054,-0.08282863591116404,-0.005699218067281168,0.03495520414598011,0.10068618585530065,0.07674946997270868,0.009118748907641576,0.006079165938427718,-0.014438019103790018,-0.057372128543972056,-0.12044347515521148,-0.12538279748018571,-0.10410571669567488,-0.033435412661393916,-0.09308722843225908,-0.13526144213014804,-0.12348305812442531,-0.14703982613585692,-0.14779972187816384,-0.09194738481880563,-0.04027447434212855,-0.04863332750747703,-0.10182602946876794,-0.12006352728406491,-0.17021664627614197,-0.1698366984049816,-0.23290804501623483,-0.32827496067540085,-0.2872405905909792,-0.2720426757448961,-0.16033800162617964,-0.15121925271853806,-0.15767836652811235,-0.18275492602415777,-0.33359423087153545,-0.35639110314066014,-0.3088976192466504,-0.2785017895544842,-0.25798460451226646,-0.20061247596830817,-0.19073383131834587,-0.2659635098064545,-0.30775777563318313,-0.27014293638913567,-0.22416924397972599,-0.08966769759189867,-0.1455200346512569,-0.21467054720092404,-0.18807419622027857,-0.2222695046239656,-0.3480322499753117,-0.3909663594154937,-0.2686231449045218,-0.25646481302765256,-0.1686968547915281,-0.13944086871281536,-0.1797153430549439,-0.13678123361474803,-0.17705570795687658,-0.22188955675281904,-0.22986846204700712,-0.18731430047798547,-0.238607263083516,-0.25076559496037143,-0.24088695031042295
2020-12-10,0.0,0.08990467132782917,0.01746082459671844,-0.11330960642558345,-0.2009852363155512,-0.29757703195703217,-0.3417863538083173,-0.35293156099771894,-0.3755934822828437,-0.35293156099771894,-0.44060719088768674,-0.38859622400381233,-0.37485046847021425,-0.22067510235015808,-0.3005490872075366,-0.31875292561689805,-0.3090937460527418,-0.25002414794892114,-0.17200769762310963,-0.20024222250292173,-0.15714742137057408,-0.11368111333190495,-0.07170083291849476,-0.11591015476977987,-0.19838468797135478,-0.2563397653562379,-0.24965264104259968,-0.2648844242014567,-0.24742359960472474,-0.3057501838959294,-0.2927474421749608,-0.3414148469020093,-0.4105151314762941,-0.3157808703663801,-0.27157154851509496,-0.2998060733949071,-0.33584224330730844,-0.3324986811504826,-0.2801162073603002,-0.34252936762094677,-0.2998060733949071,-0.25856880679412636,-0.28197374189186714,-0.21213044350495286,-0.21287345731758234,-0.18984002912614956,-0.24185099601002394,-0.21287345731758234,-0.19169756365771648,-0.18055235646831483,-0.13634303461701622,-0.35813265768611174,-0.38450964803435694,-0.3588756714987412,-0.31132278749063025,-0.32061046014846495,-0.29869155267596964,-0.2619123689509388,-0.2463090788857873,-0.3228395015863399,-0.36890635796920546,-0.29126141454970184,-0.21324496422389033,-0.09919234398567739,-0.03900822516290577,0.1021643992361818,0.10253590614248977,0.17572276668623,0.1329994724601903,0.15194632468216773,0.11330960642558345,0.06910028457428483,0.08990467132782917,0.11962522383290025,0.12334029289603411
2020-12-17,0.0,0.10673567932508227,0.07493429541657985,0.08480369042266864,0.12428127044701048,0.14950305768479147,0.20396749679244397,0.19117383659936935,0.24929360719077076,0.2598940684936093,0.2723221955383024,0.24344507681679914,0.19556023437985473,0.20762282827617956,0.2518523392293884,0.267935797757817,0.2547766044163742,0.23321014866232878,0.2116436929082967,0.22516841939812113,0.24307954366841758,0.2781707259122873,0.2650115325708312,0.30339251315005505,0.310337642969158,0.3180138390849974,0.29352311814396626,0.285115855731377,0.2730532618350522,0.26976346349968483,0.2343067481074601,0.2737843281318019,0.2500246734875205,0.24636934200378494,0.23211354921721075,0.32459343575571886,0.346890957806514,0.35529822021910323,0.38344427264387004,0.3936792007983271,0.3797889411601344,0.3852719383857378,0.3775957422698851,0.3867340709792241,0.3249589689041004,0.364071015780074,0.337752629097175,0.37613360967639886,0.42292185266821186,0.4273082504486973,0.4357155128612865,0.4693445625116567,0.5402579932961193,0.531485197735162,0.5578035844180609,0.5534171866375756,0.5333128634770298,0.5727904435013715,0.6086126920419779,0.5921637003651676,0.6122680235257134,0.4543577034283327,0.3330006981683214,0.401720930062548,0.5380647944058834,0.5303885982900439,0.45801303491206835,0.4379087117515225,0.3892928030178417,0.3914860019080911,0.47153776140189274,0.470806695105143,0.4291359161905651,0.327517700942718,0.36772634726380965
2020-12-24,0.0,0.20102820986027425,0.2559539502592548,0.30062688578376173,0.29733134135981754,0.30465477341301495,0.25924949468319897,0.34566599291092315,0.36177754342796276,0.3665377742625384,0.4075489937604465,0.4829803439083746,0.4910361191668944,0.45734833172218364,0.49469783519349314,0.4430676392184434,0.41890031344289724,0.3485953657321994,0.3328499868178277,0.26767144154437333,0.2295895948677415,0.12266748689105664,0.10618976477136245,-0.015013035709049365,-0.1296247473415862,0.03881418988195427,-0.05199636757769096,-0.2006620382576064,-0.12156897208306637,0.046503793537806225,0.039180361484608815,-0.013548349298404552,0.026730526994181207,0.045771450332483817,0.08092392418783939,0.15013035709054692,0.14646864106394822,0.19809883703899794,0.21457655915869214,0.2782904180215016,0.31124586226088996,0.3540879397720975,0.3983947036939498,0.24313794416615936,0.1775932272900372,0.2566862934645772,0.27060081436564964,0.26693909833905094,0.20468992588687293,0.30538711661833734,0.46393942057005866,0.477121598265822,0.47748776986847646,0.5086123560945655,0.5412016287312993,0.44599701203973297,0.5228930485983058,0.4397720947945125,0.4441661540264336,0.4496587280663317,0.534610539883411,0.5675659841227993,0.465770278583358,0.5525529484137499,0.6880364413979021,0.7345402349357083,0.7869027741160671,0.7360049213463398,0.6195623517005036,0.6854732401792804,0.6829100389606586,0.6671646600462867,0.638969446641474,0.544863344757898,0.6052816591967767
2020-12-31,0.0,0.1768089745796726,0.25570953118723555,0.23132208641762783,0.25642680897457965,0.2517645033568626,0.27722786480748,0.2926493372353193,0.32026453204796895,0.28726975383025816,0.25427497561254736,0.32134044872897854,0.31882997647328076,0.3529006713720011,0.33568600447580815,0.3615080048201041,0.4181729500200786,0.41064153325299824,0.4217593389567859,0.27722786480748,0.2306048086302837,0.2176938084581423,0.2671859757847019,0.28224880931887564,0.2901388649796215,0.3055603374074738,0.34931428243529367,0.3446519768175767,0.3554111436276989,0.317036782004927,0.303049865151776,0.26144775348596216,0.2270184196935763,0.23275664199230295,0.1725053078556211,0.17358122453663072,0.1276754461467785,0.17645033568600707,0.15134561312905523,0.11010214035692004,0.31416767085556374,0.34142422677454787,0.3446519768175767,0.3683221437998534,0.3134503930682196,0.320981809835313,0.3722671716302263,0.32923050438973744,0.24746083663281115,0.24351580880242518,0.3184713375796152,0.38302633844034856,0.40059964423022004,0.36975669937452854,0.40059964423022004,0.43610489470361563,0.4640787284099308,0.46264417283525566,0.5092672290124519,0.3532593102656797,0.20119641934928037,0.23490847535433523,0.14453147414930592,0.10006025133412885,0.32062317094163445,0.3134503930682196,0.22020428071382703,0.24781947552647665,0.27471739255178224,0.25570953118723555,0.33066505996442563,0.3138090319618982,0.23454983646065664,0.18756814138979483,0.16927755781259227
2021-01-07,0.0,-0.029879917882955086,-0.032340617002730415,-0.07311791670181694,-0.10616159059591357,-0.10334936303046152,-0.06432970555977134,0.008788211142045614,-0.007733625805002697,-0.12690176889114635,-0.15572710143704574,-0.19580134424477882,-0.1455327765122805,-0.2854410978936441,-0.33395202339773333,-0.3508253887904583,-0.31250878821114714,-0.3191878286790942,-0.3163756011136421,-0.2393908715093302,-0.33043673894091513,-0.4070699400995503,-0.3691048679659158,-0.3785961359993276,-0.293877780590013,-0.23306335948704715,-0.2625917489243255,-0.24396074130319137,-0.3037205770691015,-0.3096965606456951,-0.297744593492508,-0.28719874012205326,-0.2601310498045502,-0.2559127084563657,-0.28262887032819206,-0.29704153660114174,-0.24079698529204985,-0.25767035068477484,-0.27348913074045694,-0.2495851964340954,-0.13990832138136364,-0.12127731376022947,-0.10370089147613824,-0.10475547681318116,-0.13322928091341663,-0.23306335948704715,-0.1838493770915917,-0.14201749205546224,-0.12549565510841393,-0.14096290671841932,-0.11248910261818386,-0.22743890435614306,-0.40812452543660604,-0.4626114345172888,-0.32621839759273064,-0.2661070333811437,-0.2502882533254616,-0.33852189319159454,-0.29704153660114174,-0.3624258274979688,-0.3132118451025134,-0.3216485277988695,-0.29458083748136643,-0.3114542028741042,-0.2703253747293282,-0.283683455665235,-0.38949351781545904,-0.3522315025731908,-0.3300852104952384,-0.608495739475246,-0.6070896256925136,-0.6925110379931944,-0.7027053629179724,-0.6928625664388839,-0.6619280632188731
2021-01-14,0.0,0.046112286859723864,-0.05643593317160121,-0.2102582632185638,-0.32313012956176623,-0.3062681739190282,-0.39436328911371,-0.3874808582391251,-0.21232299248094677,-0.10117173385640309,-0.13248679433575938,-0.1775667165642855,-0.20509644006262512,-0.1933963075758383,-0.12078666184896004,-0.030626817391907826,-0.009291281680692123,-0.007570673962045898,0.029938574304446835,-0.009979524768153118,-0.007226552418309141,0.07192140263941725,0.15210172232832886,0.23572325745453296,0.18513739052633138,0.19477279375074774,0.2697912902837332,0.31968891412447376,0.2845885166640883,0.24398217450403983,0.18857860596362383,0.2085376554999176,0.24363805296030308,0.18961097059480908,0.20647292623754712,0.26910304719627226,0.2749531134396719,0.3365508697671993,0.303859323112921,0.37440423957741625,0.3406803282919527,0.32347425110549044,0.35582167621604455,0.24811163302878078,0.2759854780708571,0.18169617508903896,0.19683752301313073,0.31968891412447376,0.30317108002546,0.25189697000980993,0.31487121251225936,0.2749531134396719,0.25396169927218043,0.3640805932655389,0.3709630241401238,0.48521137665823566,0.5006968461260517,0.45527280235378886,0.4050310569693241,0.3658012009841851,0.42533422804934207,0.44288442677954104,0.44185206214835576,0.4394432113422486,0.501729210757237,0.3479068807102619,0.33792735594212125,0.34240093601059896,0.35169221769129105,0.33242141124244584,0.46353171940329574,0.3761248472960625,0.3795660627333549,0.42258125569951055,0.4284313219429102
2021-01-21,0.0,0.1499897966124704,0.1550914903747995,0.16359431331201463,0.1302632473981337,0.14216719951023493,0.10781579484389063,0.07890619685735913,0.027549146316572154,0.043534453438539115,0.12244065029589823,0.09931297190667548,0.10407455275150855,0.12958302156315402,0.14318753826269826,0.13468471532548312,0.16971634582681944,0.15373103870485247,0.15339092578735644,0.17855928168151827,0.18570165294877405,0.2265152030474068,0.253044010611528,0.2520236718590523,0.23535813890211799,0.2319570097272319,0.2251547513774598,0.23467791306713828,0.22481463845996377,0.17685871709407522,0.16189374872457163,0.20780899258553345,0.20882933133800916,0.17889939459900192,0.1758383783416119,0.18434120127882705,0.21223046051289524,0.2598462689613001,0.27549146316577106,0.2635875110536698,0.2877355281953559,0.2510033331065889,0.23943949391198371,0.24148017141691044,0.2146112509353056,0.1870621046187334,0.18876266920617646,0.2146112509353056,0.2377389293245407,0.237058703489561,0.238759268077004,0.28331406026800654,0.26630841439357616,0.2680089789810192,0.17345758791918917,0.12448132780082492,0.18604176586627008,0.16223386164206763,0.12039997279097155,-0.019386436296853028,-0.023467791306718777,0.04557513094347818,0.0853683422896352,-0.0006802258349796871,0.016665532956946654,-0.18298074960886768,-0.5128902795728157,-0.6519964628256606,-0.4829603428338209,-0.6809060608121922,-1.2356302292361039,-1.158764709883684,-0.786000952316164,-0.6730834637099566,-0.5907761376777115
2021-01-28,0.0,-0.1165788101720469,-0.003982505937549038,0.16835138736025027,0.3131697850894978,0.3200486589816423,0.41562880148293774,0.2686381277877568,0.19478074494583528,0.2313473903724782,0.3504605225047764,0.38847535190870386,0.39535422580084834,0.3153420610554444,0.14843885767247872,0.07928807275676829,0.12816428199038932,0.028239587557200636,0.07783988877947055,0.125267914035807,0.23026125238951148,0.2566906099750965,0.3453918785842606,0.3381509586977982,0.3186004750043445,0.29144702543011064,0.27044835775937237,0.21686555059955342,0.15133522562706103,0.1567659155419078,0.182833227133175,0.10354515437641988,0.06770260093842585,0.09014945258646186,-0.05575508312575239,0.010861379829693565,-0.02642935758558504,0.09956264843885766,-0.05647917511440127,-0.0763917048021728,-0.2675519898047769,-0.36023576435150323,-0.45907432080171207,-0.4637809187279099,-0.42214562938075123,-0.6183745583038843,-0.6900596651798592,-0.597375890633146,-0.5108468979899153,-0.28022359960608606,-0.17486821525806376,-0.0876151306261974,-0.06444418698951251,-0.016654115738858197,0.04380756531310528,0.03222209349476284,-0.14699067369518096,-0.20021143486068207,-0.14952499565544541,-0.1183890401436625,-0.12562996003012486,-0.07494352082488824,-0.3106354631292333,-0.4073017436135086,-0.28239587557203266,-0.2780513236401526,-0.34611597057289634,-0.4098360655737731,-0.40802583560215755,-0.2530701500318522,0.033670277472047414,0.011947517812660288,0.06697850894977697,-0.009413195852395822,0.0007240919886488718
2021-02-04,0.0,0.19101451438885286,0.11773008258070015,-0.07294515203126802,-0.09126625998331236,0.09703401619042602,0.15539013781544292,0.11806936235758485,0.10280177239755199,-0.030195900143181006,-0.05428476430233899,0.011535512414239632,0.025785263043606087,0.06582027671657863,0.0749808306926008,0.07633794980016421,0.03630293612719167,0.03324941813518016,-0.15064022093899565,-0.09839113529798943,-0.06242747894769478,-0.02001750683649244,0.20899634256400018,0.2551383922209957,0.32129794871447137,0.38847534453861343,0.4129034884746684,0.3192622700531263,0.39797517829152024,0.47940232474502875,0.56286514985987,0.5207944575255646,0.5367406070393792,0.5934003297799357,0.5927217702261663,0.4987412720277395,0.5754185016047884,0.6185070332697724,0.7104518528068542,0.7179160078984282,0.7060412157072916,0.6507386120742862,0.6629526840423076,0.6928093044086039,0.48991999782860196,0.5248658148482426,0.6507386120742862,0.6208819917080022,0.6283461467995763,0.6242747894768984,0.6029001635328549,0.6476850940822747,0.5421690834696082,0.5214730170793465,0.6090071995168655,0.6649883627036527,0.6592206064965267,0.7121482516913022,0.8800917412516636,0.9421799404224737,0.9737329596732057,0.96559024502785,1.04769595103514,0.8539671984311727,0.911644760502408,0.9275909100162102,0.9798399956572162,1.0297141228599929,1.015803652007511,0.9906969485176865,1.0806060893934357,0.9951075856172492,0.9835720732029972,0.9937504665096858,0.9852684720874453
2021-02-11,0.0,0.16758089511427027,0.19379652029055477,0.21669371190023218,0.25087357763640766,0.4297371468771881,0.462257795830054,0.5492007552754797,0.5120342993293422,0.49311922799961017,0.522321443385857,0.525639876952476,0.4443382545703054,0.514357202825978,0.5020789986294845,0.44599747135361495,0.48482314408306215,0.555173935695392,0.5488689119188106,0.5531828755554252,0.5750845370951072,0.5070566489794134,0.4645806993266898,0.39223884757439337,0.3656913790414397,0.39223884757439337,0.3414668140051098,0.37199640281800894,0.38527013708448576,0.40750364198083694,0.391243317504398,0.36701875246808013,0.31724224896879194,0.26978864896613963,0.29733164756907665,0.28737634686921903,0.36834612589473265,0.380292486734557,0.41613156925404204,0.5442231049255509,0.48449130072640506,0.4645806993266898,0.44997959163356044,0.38294723358784993,0.28837187693920235,0.27841657623934474,0.33051598323526876,0.31691040561213485,0.32454280281535663,0.28273053987595936,0.33051598323526876,0.35540423498491286,0.35474054827158663,0.3072869482689343,0.31027353847889644,0.38361092030117616,0.42774608673720926,0.3992075580642889,0.4002030881342723,0.46922650631994944,0.5213259133158735,0.4825002405864263,0.5953269818514796,0.5339359608690242,0.5531828755554252,0.618556016817814,0.5903493315015508,0.6192197035311403,0.5422320447855722,0.5216577566725427,0.6500811357006966,0.6643504000371688,0.6607001231138805,0.7028442294099468,0.7048352895499136
2021-02-18,0.0,0.16577475026888341,0.11643702697457074,0.014801316988293803,0.14439507017468123,0.11643702697457074,0.057231759021395524,0.04802205067312622,0.06413904028260647,0.17037960444302402,0.11314784542161656,0.10097787367569566,0.10591164600512694,0.125646735322852,0.15327586036765994,0.2193884095820461,0.18287849434424755,0.20524492890433352,0.16906393182183757,0.1420926430876229,0.1404480523111458,0.15393369667825316,0.121370799304002,0.10196462814157953,-0.014801316988293803,-0.0700595670779216,-0.1177526995957572,-0.12696240794403846,-0.24339943491860921,-0.3729931881050086,-0.42167307508872803,-0.3762823696579628,-0.37365102441560183,-0.28319853170936193,-0.3325362550036746,-0.3499689172343294,-0.5535692553621858,-0.5956707792400089,-0.6252734132165965,-0.5841586438046693,-0.5818562167175989,-0.6680327734050008,-0.6482976840872757,-0.5407414473056718,-0.47397106178070425,-0.574948935456388,-0.5624500455551645,-0.47627348886776266,-0.5927105158423454,-0.6249444950612939,-0.6986221618474723,-0.7532225756265067,-0.6535603745719977,-0.6660592644732211,-0.7581563479559381,-0.8065073167843668,-0.7680238926148006,-0.7946662631937367,-0.7121078062145796,-0.5686994905057822,-0.4858121153713345,-0.4710107983830408,-0.4884434606136955,-0.4614721718794688,-0.44732869120176827,-0.390754768490954,-0.4058850036345504,-0.4910748058560564,-0.5670548997293051,-0.5575162732257332,-0.5170593401243992,-0.5844875619599599,-0.6022491423459173,-0.6956618984498087,-0.6275758403036548
2021-02-25,0.0,0.4515219374637092,0.47839429377125564,0.4200049763622743,0.5042713776229576,0.4312847308617401,0.4754084764037465,0.4117110392303178,0.4551712698017773,0.3951231649664047,0.33407978767521185,0.2906195571037523,0.27867628763373975,0.34171020983660944,0.35730281164469013,0.3649332338060877,0.3606203864974728,0.36426971883552883,0.39445964999585786,0.38185286555527426,0.3901468026872308,0.39313262005474,0.42995770092062224,0.4219955212739512,0.396781952392796,0.37422244339387667,0.39114207514307525,0.3612839014680317,0.14099693124326118,0.12706311686157176,0.04478726051256531,0.13900638633159643,0.10417185037737897,0.046446047938956625,0.04876835033590687,0.028199386248652234,0.06071161980591946,0.032180476071993785,0.05938458986481365,0.12474081446462154,0.17649498216803758,0.258770838517044,0.2873019822509697,0.35133117690968385,0.3141743385585161,0.2352160570622923,0.1987227336816835,0.3091979762793422,0.3964501949075226,0.3028945840590504,0.2869702247656963,0.3655967487766467,0.3702413535705351,0.4349340631997961,0.40175831467197,0.3649332338060877,0.36426971883552883,0.31152027867629245,0.40175831467197,0.3981089823339139,0.30090403914738567,0.27867628763373975,0.47209090155096384,0.5281579165629948,0.5278261590777094,0.505930165049349,0.4153603715683859,0.39412789251057234,0.24682756904703143,0.07464543418760886,0.13038069171435437,0.14796383843409983,0.11677863481795048,0.08625694617234801,0.12241851206768335
2021-03-04,0.0,0.24075122373547092,0.325663481069559,0.1764842995571243,-0.0579401285338532,-0.04428756951150235,-0.23475741733542005,-0.1941327295128343,0.005327827911153624,0.03962572008924596,0.11421531084545727,0.20645333155739068,0.2241017615131007,0.09356997768971577,0.12054210648996279,0.2880356964470048,0.43321900702606825,0.3203356531584054,0.3859345343145465,0.3632912656921133,0.2913655888914788,0.3552995238253829,0.37061702906995864,0.5627518231161134,0.7392361226732377,0.7522227032066913,0.6243548333388832,0.6549898438280468,0.7235856281842072,0.9297059704971553,0.8860843794745381,0.819819519829512,0.7965102727181936,0.8045020145849241,0.7259165528953415,0.7638773267623504,0.7215876927175277,0.7985082081848732,0.8231494122739859,0.9000699277413315,0.9187173254303934,1.040258399653696,1.051247044720458,0.9999667010755529,1.131164463387835,1.0565748726316115,1.0316006792980563,1.1218407645433102,1.1245046784988868,0.9200492824081759,0.8141587026739037,0.8904132396523641,0.962005927208556,0.9663347873863698,0.8554493689853867,0.8717658419633022,0.6786320801838076,0.6366754353834395,0.8211514768072944,0.9017348739635686,0.9443574972528339,0.8897472611634668,0.9283740135193609,0.8820885085411789,0.7645433052512356,0.6812959941393845,0.6366754353834395,0.7079351336951768,0.6533248976058097,0.3909293729812575,0.2747161266691086,0.41956644800372944,0.3489727281808774,0.34497685724750604,0.3176717392028286
2021-03-18,0.0,-0.0650341850677443,-0.195776484582188,-0.05222952686787951,-0.018533057920860473,0.009098046615697594,0.027631104536558065,-0.05425131500470801,-0.14893839274582663,-0.17353681507714805,-0.11928550007245231,-0.22677723601343572,-0.2887787388759556,-0.2611476343393976,-0.3376386188491332,-0.4309778378323784,-0.4485000016848308,-0.5401543972207128,-0.4636634127109894,-0.29720285611271036,-0.35381292394369995,-0.3271927134755622,-0.3487584536016471,-0.3747047346908542,-0.4225537205956237,-0.45961983643734466,-0.40806423894840793,-0.39862922764323283,-0.4296299790744928,-0.46905484774250755,-0.4343474847270804,-0.3406713010543699,-0.2931592798390657,-0.266539069370928,-0.29080052701277187,-0.23823403545542707,-0.210602930918869,-0.23149474166602327,-0.23385349449231702,-0.3423561245017208,-0.341682195122778,-0.31809466685986465,-0.3079857261757589,-0.39896619233271036,-0.5192625864735708,-0.5570026316942223,-0.6863970724507803,-0.8875649920644866,-1.2339646928398398,-1.2524977507607,-1.438839224037713,-1.7525533499344677,-1.5995713809149965,-1.6336048145514808,-1.5261130786104973,-1.469839975468973,-1.7940000067392987,-1.8998069192329312,-1.9089049658486286,-2.2600221722765697,-2.4194064703959675,-2.4103084237802697,-2.2883272061920703,-2.1869008346615355,-2.073006769620614,-2.2913598883972948,-2.3206758163812036,-2.204086033824523,-2.1339973784147133,-2.276870406750079,-2.236097679324191,-1.9840480916004786,-1.794336971428764,-1.9065462130223347,-1.882284755380491
2021-03-25,0.0,-0.21864454200358285,-0.29601638625128956,-0.2773642452272945,-0.2904898259478864,-0.22140782215528443,-0.4303808836279055,-0.41621907285042714,-0.47286631596035317,-0.4407431841967958,-0.28461785562551273,-0.26700194465840427,-0.4310717036658341,-0.5523106203218455,-0.5056802677618392,-0.5063710877997677,-0.46664893561902154,-0.547474880056371,-0.5077527278756249,-0.6452259154229003,-0.6621510063520802,-0.691165447944978,-0.722597759670607,-0.7675010621357983,-0.7961700937097382,-0.7516122012635048,-0.6953103681725368,-0.6832210175088314,-0.6127573736403723,-0.6597331362193491,-0.7440131808463161,-0.7495397411497318,-0.8721602978816004,-1.1167105913074091,-1.205826376199863,-1.3111764319835812,-1.1598868436777854,-1.1719761943414906,-1.1270728918762993,-1.1861380051189692,-1.1457250329002944,-1.1426163427296347,-1.2127345765791233,-1.1602322536967433,-1.1961548956689014,-1.3515894042022558,-1.409618287388039,-1.4503766696256717,-1.2773262501252087,-1.2465847584374956,-1.2797441202579523,-1.0800971292973223,-1.049355637609622,-0.7723368024012854,-0.5405666796771107,-0.6852934776226044,-0.6068854033179986,-0.5585280006631772,-0.4849556666240586,-0.569581121269996,-0.6417718152332701,-0.8286386354922536,-0.7757909025909155,-0.7647377819840967,-0.6341727948160815,-0.5688903012320675,-0.29947048644091967,-0.1208935066370535,-0.4179461229452422,-0.9633485428878276,-1.0811333593542214,-1.3913115563830019,-1.2987416713009177,-1.2420944281909791,-1.1091115708902204
2021-04-01,0.0,0.08183527438488526,-0.04903353217276035,-0.045313746973440115,-0.14574794735488966,-0.16603768480568704,-0.14980589484505158,-0.11362252972446044,-0.10618295932583227,-0.09096565623773424,-0.06729429587847062,-0.1396610261196529,-0.14405713590065652,-0.14777692109996446,-0.19917758930865365,-0.2918340570006333,-0.2620757754061329,-0.31618174194159265,-0.4713982334401853,-0.5292239851749653,-0.5988854170893646,-0.6293200232655607,-0.571494271530793,-0.49980386587130654,-0.5113013837600844,-0.5072434362699347,-0.5437649636813676,-0.4903353217276036,-0.5062289493973849,-0.4514466582802419,-0.4707219088584896,-0.47275088260357667,-0.35405591851640456,-0.37536014283975166,-0.31719622881413,-0.25260723126241763,-0.24246236253701894,-0.38212338865668416,-0.3733311690946645,-0.30028811427179886,-0.3182107156866675,-0.33342801877476547,-0.39429723112715764,-0.3486453218628635,-0.22758322173977488,-0.22284894966791727,-0.15555465378944666,-0.1200476132505512,0.039903150319911374,0.12782534594003336,0.23265565610248654,0.12410556074071316,0.14168999986474,0.17550622894940232,0.17787336498533113,0.08995116936520914,0.13864653924711548,0.15251119317183442,0.21168959406999346,0.3236213123402208,0.3679205724411358,0.424393675012512,0.3696113838953689,0.3784036034573762,0.4720745580218933,0.41627778003220045,0.3861813361468461,0.42405551272167036,0.3780654411665345,0.380432577202451,0.48729186110999134,0.5160356558319543,0.573861407566722,0.5244897131031199,0.47376536947612635
2021-04-08,0.0,0.3365633552777646,0.2844481504145754,0.3301750398429172,0.3587543457356338,0.3496762132755919,0.34362412496890143,0.22897067426989015,0.36178038988898514,0.3980929197291403,0.4155767303929224,0.45995871130866084,0.4101970963425213,0.4290258155189066,0.4253273171092537,0.482485928894687,0.527876591194884,0.5077029635059075,0.46365720971831387,0.46231230120571054,0.468364389512401,0.5251867741696896,0.5080391906340644,0.468364389512401,0.42230127295591446,0.4676919352561116,0.4811410203820959,0.482485928894687,0.3893510143972432,0.2884828759523609,0.2084608194527567,0.2612484785722476,0.2757062450826782,0.2898277844649642,0.2649469769818884,0.11263608793011856,0.09649718577893983,0.2568775259063051,0.2770511535952816,0.3516935760444969,0.3853162888594577,0.4155767303929224,0.46432966397461545,0.40717105218918215,0.40078273675433473,0.38397138034685435,0.3416067622000087,0.31941577174212726,0.4058261436765789,0.5063580549933164,0.5651978024194978,0.5409894491927236,0.6126058274885876,0.6727904834273722,0.6119333732322859,0.5335924523734298,0.5130825975563086,0.5053493736088578,0.42431863572480727,0.4710542065376076,0.34665016912225277,0.3516935760444969,0.3318561754836652,0.01075926810078989,-0.11330854218642022,0.07396996819291368,-0.014793993638575396,-0.005043406922244115,-0.19501173432677243,-0.32983881271476023,0.005715861178545776,-0.04034725537795292,-0.03395893994310548,0.008405678203740191,0.02151853620157978
2021-04-15,0.0,0.4097455228311473,0.4114714938624495,0.22299545724424058,-0.22575701089433417,-0.292379492702597,-0.23473206025710064,-0.3562404208607788,-0.35762119768582556,-0.12496030266628255,-0.2033193874874054,-0.2692514808831448,-0.4090551344186239,-0.5229692224845698,-0.6068514146058547,-0.7183491432279876,-0.7031605981525231,-0.6634632644325723,-0.5063999005840711,-0.50363834693399,-0.5208980572470122,-0.7380252129848227,-0.7829004597986802,-0.8647114866824075,-0.85297488366956,-0.8091352194744814,-0.8457258053380832,-0.8971597420708941,-0.8170746862184689,-0.6669152064951767,-0.5581790315231374,-0.41112629965619407,-0.47705839305193354,-0.5492039821603709,-0.5008767932839091,-0.39490217196195077,-0.47567761622688676,-0.5112326194717223,-0.45876310012013266,-0.5229692224845698,-0.38799828783674195,-0.38385595736161415,-0.3455394004667101,-0.4090551344186239,-0.3569308092733022,-0.3458845946729655,-0.46325062480151585,-0.44253897242588935,-0.4232080968753096,-0.49328252074617684,-0.4760228104331547,-0.41630421275010077,-0.3130911450782235,-0.12737666211010815,-0.18226254090551092,-0.12910263314141038,-0.10459384449691145,-0.08629855156511053,0.09113127045274919,0.09078607624649376,0.17984618146168532,0.006558689918940865,-0.0334838380072654,0.09389282410284278,-0.08802452259641273,-0.021056846581894502,0.08457258053380833,0.09216685307154056,0.21885312676911275,0.33656435110393107,0.47705839305193354,0.6241111249188769,0.7117904533090341,0.6834845283956754,0.6703671485577811
2021-04-22,0.0,0.05510829132503133,0.2490470857958379,0.3161661585635105,0.37127444988854186,0.40977960216052756,0.5634469529707254,0.6118433370189844,0.6846145422302582,0.5574415622494048,0.4924420391480746,0.5825228999678457,0.5645067278038967,0.607957495964019,0.6499952310132507,0.767983495773257,0.8047223566566197,0.7559727143306285,0.7326576680007977,0.7573857474415192,0.7262990190017576,0.6252671515725292,0.5627404364152737,0.584642449634201,0.6722505025098974,0.6736635356207882,0.6849678005079777,0.8206189791542264,0.8100212308224886,0.8411079592622501,1.0230359722904154,1.1120570582770155,1.106404925833414,0.9799384624080125,0.9410800518583075,1.053062925897006,1.123361323164205,1.1223015483310208,1.0516498927861022,0.9665146478544807,1.0470575351756852,1.0647204490619149,1.073905164282762,1.2021379190967865,1.2946915878606324,1.325778316300394,1.3360228063543995,1.3395553891316454,1.3501531374633833,1.4289297333959778,1.313061018302301,1.1717577072124639,1.2731428329194245,1.4130331108983711,1.4745000512224427,1.5239562101038855,1.449771971781721,1.521836660437543,1.6016730312032958,1.60909145503552,1.6037925808696512,1.5243094683816178,1.4105603029542964,1.493929256497295,1.6924604085785186,1.746862183348111,1.7299057860173204,1.7397970177936193,1.673737719859118,1.6963462496334842,1.7316720774059435,1.7751228455660788,1.7224873621851093,1.727786236350978,1.7072972562429543
2021-04-29,0.0,0.3365845351426954,0.2233879504071999,0.2624557982362654,0.3068662577342579,0.23674447957952915,-0.16829226757135377,-0.20101576404355806,-0.46914808717806583,-0.518567245115694,-0.41872718955252775,-0.432083718724857,-0.4901846206244942,-0.3896767386027091,-0.4270750202852335,-0.45145068602473204,-0.6868595126870355,-0.7696699935554746,-0.8892109296478314,-1.0618440692001776,-1.004077080529856,-1.0257814404348908,-1.0251136139762722,-0.998734468860929,-0.9172596409097156,-0.6901986449801178,-0.5816768454549425,-0.7439586748987504,-0.671833417368165,-0.6962090831076636,-0.5903585894169638,-0.5329255139759455,-0.6741708099733252,-0.6938716905025157,-0.5780037999325568,-0.5659829236774532,-0.5335933404345644,-0.582010758684258,-0.5482855225241193,-0.5335933404345644,-0.5148941995932961,-0.5305881213707855,-0.505544629172668,-0.4427689420627229,-0.3279027911806862,-0.2915062491860962,-0.2330714340571556,-0.4951933190641177,-0.4053706603801985,-0.2841601581413127,-0.252772314586334,-0.25510970719149406,-0.24409057062432485,-0.21470620644520289,-0.3726471639079942,-0.3536141098374225,-0.5823446719135613,-0.6714995041388617,-0.6955412566490569,-0.6608142808009958,-0.6097255567168388,-0.5182333318863784,-0.4724872194711482,-0.5432768240844957,-0.4798333105159317,-0.46046634321605673,-0.48818114124863754,-0.4040350074629606,-0.5749985808687779,-0.4891828809365598,-0.4891828809365598,-0.5516246548172016,-0.5876872835824882,-0.6571412352786102,-0.6574751485079136
2021-05-06,0.0,-0.0890788023167389,-0.09044399468940167,-0.038907982621106056,0.11706524595646835,0.17269683514277706,0.17918149891296556,0.15256024764588647,0.07576817668318693,0.059044570117984266,0.033447213130417756,-0.04982952160247025,-0.2296936167017734,-0.2600691469936782,-0.1928334226396677,-0.21194611585705816,-0.19010303789432975,-0.13686053536019638,-0.08532452329188836,-0.06723572435401051,-0.06211625295649721,-0.03447110740993035,0.04846432922978266,-0.13139976586950808,-0.16825995993161377,-0.23549568428561188,-0.2157003948818963,-0.17952279700614057,-0.08020505189437506,-0.09488086990058979,-0.059385868211159265,-0.0784985614285373,0.04402745401860695,0.07747466714902469,0.07679207096269952,0.08020505189437506,0.11604135167696819,0.22866972242226083,0.1866900569626418,0.22047856818623457,0.23651957856511205,0.24675852136013865,0.2549496755961525,0.24607592517380109,0.38293646053398506,0.3962470861675246,0.37303881583213344,0.3218441018570004,0.33993290079487826,0.21945467390673437,0.23003491479492358,0.1928334226396677,0.1457342857825354,0.271331984068205,0.331741746558852,0.27099068597502995,0.23276529954026154,0.3215028037638254,0.3167246304594871,0.25290188703715216,0.24709981945330123,0.21433520250922106,0.16894255611793896,0.19931808640984375,0.2860078020744073,0.3341308332110274,0.2494889061054766,0.2641647241116789,0.2634821279253413,0.2597278489005032,0.41194679845322707,0.43208338595011775,0.49078665797493937,0.5372031986457217,0.5402748814842346
2021-05-20,0.0,-0.049526012790346935,-0.4201401353489472,-0.5391355217848002,-0.5331525135282513,-0.3696169545158441,-0.3197585523779158,-0.343025806708949,-0.25361307220825946,-0.2878491750096465,-0.21106723571722974,-0.19145626420965187,-0.1711805140068871,-0.15323148923724017,-0.2293486498344701,-0.34269341736136766,-0.35898049539308363,-0.32806828606757055,-0.3157698802068791,-0.28452528153378465,-0.2851900602289474,-0.2416470556951615,-0.21339396115033546,-0.21239679310757933,-0.295161740656533,-0.3144403228165416,-0.3313921795434324,-0.29682368739446396,-0.2705649289351623,-0.21339396115033546,-0.2153882972358478,-0.20441944876550597,-0.26624386741654427,-0.27820988392964224,-0.26657625676412566,-0.2702325395875689,-0.30912209325515533,-0.3636339462592951,-0.40385305731721904,-0.411498012311699,-0.3377075771475748,-0.3596452740882584,-0.32607394998205824,-0.2941645726137769,-0.343025806708949,-0.3486764256179166,-0.31244598673101726,-0.3888955366758406,-0.4141571270923982,-0.38690120059032834,-0.41615146317791046,-0.48229694334756684,-0.43709199207583793,-0.38922792602343403,-0.36064244213101454,-0.3785914669006736,-0.4105008442689429,-0.43144137316687037,-0.42180208208687814,-0.5255075585337714,-0.5793546328427243,-0.5986332150027329,-0.6199061332482416,-0.7654926674909899,-0.766489835533758,-0.772472843790307,-0.8519138978633989,-0.9616023825668409,-0.9928469812399476,-1.0466940555489126,-0.9679177801709835,-0.9253719436799538,-0.957281321048223,-0.9243747756371976,-0.8672038078523708
2021-05-27,0.0,-0.05458211994338197,-0.11177895221939099,-0.11766205496779002,-0.1212572844251344,-0.09020757547530092,-0.07223142818855523,0.00653678083154389,0.008170976039429862,0.050006373361320265,0.08007556518641265,0.06340677406598048,0.08824654122584251,0.11406682551044563,0.12093044538356197,0.06798252064806597,0.08269027751903972,0.04510378773766235,0.06471413023229401,0.07549981860433906,0.10066642480578541,0.14740440775132185,0.16472687695491078,0.14315550021082069,0.15590222283232416,0.14740440775132185,0.19675710302947347,0.295789332627361,0.30657502099941797,0.29709668879367457,0.299057723043133,0.3680207608159281,0.35494719915284034,0.33370266145032274,0.37815277110481643,0.3418736374897526,0.2546076133886393,0.27814002438219965,0.22584577772984854,0.23826566130977955,0.26866169217645625,0.21277221606676075,0.2160406064825327,0.23467043185243516,0.238592500351352,0.2405535346008223,0.30722869908256284,0.29317462029474584,0.25624180859652523,0.2680080140932995,0.2899062298789739,0.3167070312883062,0.28892571275424467,0.3193217436209214,0.28304261000585756,0.27552531204958447,0.2899062298789739,0.27519847300800016,0.18891296603162794,0.014707756870973752,-0.05425528090180953,-0.023205571951976055,-0.031703387032978356,-0.15655590091546903,-0.16145848653912695,-0.10720320563731743,0.037586489781377366,0.005883102748399013,-0.02483976715986203,0.02647396236775989,0.19152767836424311,0.17191733586961144,0.21538692839937593,0.2872915175463587,0.304940825791532
2021-06-03,0.0,0.0015972450717003314,0.06452870089668408,0.03705608566344304,0.015014103673973817,0.08114004964236984,0.05143129130874602,-0.0012777960573649135,-0.039611677778172864,-0.04504231102195631,-0.006388980286801326,0.007666776344154616,-0.010222368458884443,0.024278125089840386,-0.004472286200765577,-0.021403083960786762,-0.042486718907238104,-0.06804264005444341,-0.09423745923031954,-0.03226435044835366,-0.06325090483934241,-0.06995933414047915,-0.05909806765291225,-0.06452870089669571,-0.07922335555634573,-0.07890390654199869,-0.08050115161369902,-0.0741121713268977,-0.015653001702667896,-0.022361431003804635,0.00894457240151953,0.04152837186420861,0.009583470430201987,0.013736307616620525,0.021083634946439722,0.012777960573602651,-0.0019166940860473704,-0.0364171876347722,-0.04408396397893844,-0.0437645149645914,-0.05047294426573976,-0.11883503333450696,-0.14279370941001193,-0.10318203163185069,-0.11020990994732285,-0.08784847894351822,-0.08657068288616493,-0.12171007446357221,-0.13704362715189305,-0.20093343001990632,-0.25811480358678285,-0.14471040349605932,-0.09711250035938479,-0.07059823216916161,-0.07922335555634573,-0.061334210753295045,-0.008305674372848695,-0.006388980286801326,0.01788914480303906,0.020444736917757268,0.04727845412232748,0.07155657921216786,0.058139720609882754,0.09264021415861921,0.0964736023306907,0.09711250035937316,0.015014103673973817,-0.042486718907238104,-0.023319778046834133,0.0757094163985864,0.2143502886221798,0.2373506176546669,0.19582224579045826,0.24469794498448608,0.1843220812742089
2021-06-10,0.0,0.05586199851885901,-0.08778314052963558,0.08522944916877578,0.16918205265711586,0.2030184631885344,0.19854950330703264,0.1375801220664424,0.18418498940218317,0.14364513904849457,0.1388569677468781,0.14651804182945752,0.18705789218314609,0.17524706963915643,0.2700528614111652,0.2815444725350517,0.2633494215889068,0.2674991700503054,0.30165479200183865,0.2911208151382847,0.3022932148420565,0.2611149416481501,0.1861002579228251,0.16630914987614132,0.18067366378099078,0.22376720549553913,0.2403661993411453,0.24228146786178725,0.26462626726933086,0.21451007431242095,0.23972777650092744,0.2550499246660979,0.31027350034475065,0.36262417324241725,0.3935876809928729,0.37666947572716364,0.37507341862662474,0.3603896933016606,0.2971858321203253,0.30676217472355827,0.3367680482136929,0.1710973211777578,0.19471896626573712,0.2387701422406065,0.23908935366070957,0.2103603258510107,0.28441737531601463,0.2690952271508442,0.27388339845246074,0.4028448121760027,0.3891187211113595,0.39518373809341173,0.39837585229448935,0.3026124262621596,0.32687249419034514,0.3846497612298578,0.3945453152531938,0.35400546489950524,0.35975127046145433,0.3782655328277024,0.384330549809743,0.44913046809162877,0.4452999310503332,0.4229551316427897,0.4855205699839071,0.4874358385045606,0.43316989708624043,0.4347659541867793,0.4012487550754639,0.4204014402819299,0.49509691258714006,0.4462575653106542,0.4395541254883958,0.42103986312213604,0.4765826502208919
2021-06-17,0.0,0.13835368698198178,0.25529929768729337,0.3051449678239809,0.3671325319683335,0.3802329965555364,0.4192148667906442,0.3632982496501241,0.4760900545107137,0.4613919722909245,0.4546819782340667,0.4843976662001693,0.5460657068179977,0.5508585597157566,0.5514976067687933,0.5569295067195891,0.6067751768562766,0.6582184646255504,0.6061361298032397,0.5604442655112742,0.540633806867202,0.5428704715528251,0.584089006473556,0.5831304358939948,0.5483023715036208,0.4917467073100639,0.4891905190979282,0.43742770780213014,0.39940440814657185,0.40867059041557696,0.41410249036637264,0.4025996434117445,0.3412511263204403,0.3249554264680532,0.41761724915805787,0.38790156119195524,0.2805416562821614,0.30961829719522715,0.30706210898309144,0.2898078385511549,0.3930139376162267,0.3581858732258526,0.40643392572995385,0.45627959586665295,0.46842148987430643,0.4390253254347164,0.509320501268513,0.4751314839311642,0.44637436654461105,0.35690777911977895,0.3786353789229501,0.3706472907600187,0.4748119604046516,0.4521257900219193,0.419853913843681,0.3853453729798195,0.3454049321651623,0.3128135324603997,0.1933117335429408,0.040579487867694025,-0.04856757603061384,-0.19427030412249022,-0.1645546161563876,-0.016295699852375483,-0.06358518177692726,-0.058472805352655796,0.002875711738659967,0.005112376424283095,0.03514758791689832,0.1332413105576987,0.22590313324770336,0.3045059207709557,0.3013106855057831,0.20928790986880366,0.15912271620560353
2021-06-24,0.0,0.06621167362737876,0.07607975960068572,0.20659315473158113,0.22473769990831766,0.29954415809309914,0.2304675562799156,0.19768004482020518,0.16011765305082787,0.1941784659264541,0.13656157685646653,0.1336966486706733,0.14292808393602238,0.15884435163491206,0.1894035856167872,0.21136803504124801,0.23269583375776248,0.2677116226953198,0.27121320158907086,0.29254100030558533,0.21041305897931692,0.2673932973413466,0.2807629622084047,0.2877661199959185,0.26611999592543084,0.2868111439339874,0.2798079861464737,0.21073138433329008,0.17698889681164862,0.1830370785372313,0.21295966181113699,0.20468320260771897,0.1954517673423583,0.19513344198838517,0.19195018844860723,0.19195018844860723,0.3472929611897682,0.3603443007028531,0.3183253539777936,0.30495568911072396,0.3883569318529082,0.4115946826932848,0.412867984109189,0.4233727207904655,0.37626056840174277,0.3558877457471709,0.4297392278700214,0.4622084139757471,0.47080319853314984,0.4657099928695097,0.43674238565752355,0.48003463379851047,0.4860828155240816,0.5376515228684865,0.5398798003463333,0.47525975348884353,0.5042273607008182,0.5239635326474437,0.5908118569827804,0.5720306610980859,0.49849750432922013,0.35556942039318623,0.32437353570336475,0.4233727207904655,0.48831109300192843,0.49849750432922013,0.43706071101150834,0.5325583172048464,0.5943134358765314,0.5004074564530823,0.4622084139757471,0.5172787002139146,0.47939798309055254,0.4583885097280228,0.4946776000814843
2021-07-01,0.0,-0.02131687373729571,-0.0031816229458646855,-0.03245255404782211,0.03977028682330857,0.06872305563067257,0.12567410636165507,0.12408329488872273,0.09926663591098049,0.0069995704809046235,-0.009863031132175895,-0.045497208125862686,-0.058860024498496685,-0.03977028682330857,-0.01940789996976995,-0.07444997693323828,-0.14921811616105837,-0.153672388285262,-0.13712794896676334,-0.18898840298436695,-0.18294331938721942,-0.11326577687277818,-0.07158651628195542,-0.07444997693323828,-0.07381365234406302,-0.0957668506705224,-0.09481236378676532,-0.14221854568015377,-0.16003563417699138,-0.16067195876616663,-0.11644739981864285,-0.10340274574060229,-0.09767582443804816,-0.10085744738391285,-0.10849334245398115,-0.12471961947789799,-0.10753885557022405,-0.11708372440781811,-0.13044654078045212,-0.17244396366586828,-0.18580678003850226,-0.07954057364661714,-0.09067625395714353,-0.050587804839253125,-0.054723914668874905,-0.06872305563067257,-0.07190467857653726,-0.052178616312185476,-0.010499355721351147,-0.01209016719428349,0.03181622945864685,0.01718076390767393,-0.004454272124215189,0.0346796901099297,-0.08176770970872474,-0.11167496539984582,-0.08558565724376467,-0.15844482270405905,-0.14985444075022206,-0.04422455894752376,-0.06967754251444125,-0.10531171950811646,-0.09894847361638709,-0.13044654078045212,-0.1568540112311267,-0.19248818822481348,-0.19248818822481348,-0.1826251570926376,-0.22525890456721742,-0.28698238971699697,-0.3028905044463204,-0.2901640126628616,-0.2631202176230118,-0.23098582586977154,-0.17467109972797587
2021-07-08,0.0,0.02333589817980453,0.10469619183369934,0.09334359271920666,0.07757609394907156,0.08987474298977005,0.04541039645799367,-0.044148996556378266,-0.0791528438260736,-0.05140204599063812,-0.04541039645798219,-0.037211297097516534,-0.14127678898040816,-0.11825624077601321,-0.1620898873569819,-0.15799033767674908,-0.16019778750457028,-0.20213933423312733,-0.16082848745537798,-0.14316888883281978,-0.131500939742929,-0.14096143900501004,-0.1463223885868468,-0.15389078799651626,-0.15168333816869506,-0.09334359271919518,-0.11131854131715148,-0.12235579045624605,-0.14443028873443517,-0.22989013206856282,-0.26993957894470827,-0.24975718051894222,-0.3106197257716614,-0.34183937333652203,-0.425407116818238,-0.41657731750696464,-0.47901661263669737,-0.4761784628580799,-0.4105856679743202,-0.4667179635959988,-0.5360949581845933,-0.49289201155442086,-0.5105516101769675,-0.6247083012727479,-0.6549818989114142,-0.7271970432786261,-0.6786331470666168,-0.6452060496739236,-0.7278277432294337,-0.7243588935000087,-0.6464674495755389,-0.620293401617117,-0.6366916003380483,-0.6133557021582552,-0.5565927065857689,-0.7360268425898994,-0.8845566810045788,-0.9719086241911297,-0.9555104254701869,-0.8549137833167204,-0.8441918841530354,-0.9280749776101496,-0.9860993730842512,-1.0006054719527708,-1.0848039153852946,-1.0267795199111929,-0.9192451782988762,-0.8782496814965248,-0.9492034259621328,-0.9025316296025352,-0.9164070285202472,-0.8892869306356195,-0.75305574126165,-0.8268476355058868,-0.846399333980845
2021-07-15,0.0,0.053283895967127355,0.11318886776449721,0.14156490703693556,0.13084506997846573,0.1863359912223406,0.18129136201835613,0.21944137037351866,0.16521160643063418,0.1576446626246575,0.1702562356346301,0.15827524127514697,0.1488165615176675,0.16079755587715067,0.19989343220805883,0.1743549968628689,0.20241574681005106,0.2642124545589237,0.33042321286127985,0.3086682494190725,0.392219920610141,0.4139748840523484,0.4508637351065205,0.44329679130053234,0.4587459682377533,0.47987035302944825,0.47387985584971815,0.46725878001947563,0.477348038427456,0.44739555252877117,0.43572984749454413,0.41901951325633274,0.4042009149696127,0.44487323792677896,0.47640217045171035,0.4647364654174834,0.455277785660004,0.5126604428553816,0.5076158136513972,0.4704116732719688,0.4899596114374287,0.47451043450021907,0.40483149362011356,0.3499711510267397,0.32222569040479077,0.3408277605945049,0.41555133067859484,0.4470802632035264,0.4562236536357496,0.4565389429610059,0.396633971163636,0.3559616482064698,0.4042009149696127,0.4417203446742858,0.4659976227184853,0.4902749007626849,0.522749701263362,0.4644211760922387,0.5221191226128611,0.5161286254331195,0.5303166450693387,0.5214885439623601,0.54103648212782,0.5473422686328062,0.5107687069038903,0.5082463923018866,0.4146054627028492,0.3915893419596401,0.3547004909054794,0.38496826612940904,0.4234335638098278,0.38528355545465376,0.3862294234304109,0.36794264256594145,0.3777166116486771
2021-07-22,0.0,0.08264856874930464,0.12015830379706366,0.1548071268496614,0.20376050987808872,0.2174293116327907,0.22632992672886731,0.25875359600744297,0.2914951443965883,0.3092963745887416,0.3328194287712406,0.3658788562709555,0.32677972567032526,0.29976000127151414,0.34394519764133935,0.3782761415833559,0.40084555843412284,0.45424924901060587,0.45742804011634836,0.5003417200438719,0.4437592383616465,0.4539313699000247,0.4710968418710388,0.4831762480728579,0.5006595991544416,0.47236835831332885,0.4571101610057672,0.42055406328972855,0.43326922771269855,0.44598439213566854,0.48126897340941704,0.4888980720631921,0.4993880827121399,0.49016958850549364,0.520685983120617,0.5674142123750339,0.5279972026638223,0.4993880827121399,0.5025668738178825,0.5254541697792307,0.5140105217985623,0.5095602142505182,0.5000238409332908,0.487626555620902,0.45138833701543307,0.4389910517030327,0.4421698428087752,0.4259580081694931,0.4269116455012135,0.44693802946738886,0.5289508399955544,0.5095602142505182,0.47427563297678127,0.4456665130250989,0.4285010410540848,0.4822226107411375,0.45043469968371264,0.421507700621449,0.4408983263664851,0.4354943814867206,0.3706470429295693,0.29785272660807327,0.30389242970897706,0.317561231463679,0.3140645612473553,0.28354816663223203,0.25430328845939887,0.2517602555748072,0.3137466821367857,0.38050129535737787,0.5725002781442171,0.5696393661490559,0.5725002781442171,0.619228507398634,0.5833081679037462
2021-07-29,0.0,-0.04759955446817018,-0.058071456451176846,-0.11296960927113081,-0.09995906438315737,-0.05934077790365446,-0.05902344754053795,-0.0019039821787337336,-0.005711946536189657,0.004759955446817018,0.09519910893634036,0.09329512675760661,0.06822602807104393,0.03236769703834649,-0.05902344754053795,0.0069812679886557235,0.07171666206537179,0.13708671686832086,0.17897432480031294,0.1973794858613364,0.220861932732305,0.19388885186700855,0.2145153254698823,0.2183232898273382,0.22562188817912202,0.2519603083181739,0.21324600401739316,0.1742143693534959,0.1443853152201162,0.2005527894925478,0.2148326558329988,0.1665984406385956,0.1526359046612611,0.1665984406385956,0.17960898552655752,0.15517454756622784,0.1516839135719,0.08218856404836691,0.053628831367464797,0.06378340298734342,0.18881156605707503,0.1865902535152248,0.1973794858613364,0.20594740566560937,0.21261134329116013,0.23514179907275606,0.2652881835692638,0.24212306706142334,0.22340057563727178,0.2329204865309058,0.2678268264742306,0.2802027106359595,0.2963865591551327,0.3020985056913108,0.26560551393238035,0.24021908488268956,0.29353058588704944,0.3157437113055288,0.2652881835692638,0.23260315616778926,0.1910328785989137,0.16564644954922297,0.1681850924542013,0.220861932732305,0.15327056538750566,0.19293686077764746,0.1989661376769421,0.16913708354356238,0.193254191140764,0.1640597977336173,0.09043915348952333,0.06759136734479934,0.0885351713107896,0.09012182312639527,0.11201761818175816
2021-08-05,0.0,-0.018755265310145007,-0.17586904520326627,-0.3129977063232893,-0.26995283511969326,-0.0965434968423557,-0.08854944933310972,-0.015373168286998603,0.0006149267314821812,-0.09408378991643816,-0.189704896661565,-0.18417055607824775,-0.1426630017033515,-0.13036446707375263,-0.2521199599067771,-0.22783035401332605,-0.21430196592076275,-0.22783035401332605,-0.18140338578658352,-0.17556158183753076,-0.14543017199500458,-0.1435853918005692,-0.1352838809255877,-0.151579439309804,-0.150964512578333,-0.12698237005060622,-0.1518869026755507,-0.1245226631246887,-0.12298534629598883,-0.06671955036557617,-0.011376144532381205,-0.022444825699015725,0.003689560388881902,0.012298534629598883,-0.05134638207857757,-0.007071657412017121,0.09162408299050945,0.07594345133777534,0.08608974240719218,0.08485988894422782,0.032283653402697066,0.0971584235738267,0.1546540729672037,0.2653408846335937,0.3022364885223903,0.26503342126785817,0.3252962409528882,0.36311423493890255,0.37049335571666636,0.3643440884018669,0.38248442698051854,0.3729530626425839,0.37049335571666636,0.38463667054070055,0.2678005915595112,0.3468186765546863,0.3299081914389878,0.34005448250840464,0.4000098388276992,0.4578129515868117,0.43598305261927817,0.39478296161011744,0.3256037043186237,0.25734683712435885,0.26257371434192944,0.26195878761045843,0.2896304905270559,0.285940930138174,0.3050036588140545,0.25796176385582986,0.2757946390687572,0.13682119775428755,0.11283905522657199,0.11222412849508981,0.08209271865257478
2021-08-12,0.0,-0.010733792739662592,-0.10120433154539016,-0.01349391087271199,-0.09231061756109382,-0.04845540722476033,-0.015947349213215223,0.012880551287597342,0.052135564735504014,0.07820334710325602,0.14229942374867424,0.11960511909909743,0.1104047253222438,0.10519116884869116,0.18308783615938987,0.13524578851975533,0.1631536496428736,0.11500492221067063,0.09200393776853649,0.13095227142388585,0.15395325586601996,0.12205855743958952,0.14137938437099112,0.1625402900577478,0.1542599356585773,0.16530040819080835,0.1585534527544468,0.13064559163132852,0.1260453947429017,0.14137938437099112,0.18002103823377197,0.24197035633125547,0.24565051384199915,0.23246328276183334,0.21559589417093497,0.2557709469965359,0.22878312525110078,0.23614344027257703,0.20516878122384086,0.306373112769231,0.28551888687503163,0.2514774299006664,0.2723316557948658,0.28337212832709685,0.28551888687503163,0.28705228583784054,0.2726383355874343,0.2799986506089105,0.24933067135273168,0.27907861123122735,0.32722733866343034,0.380589622569186,0.358508677504735,0.36218883501547866,0.3091332309022804,0.30943991069484883,0.3361210526477267,0.345934806009695,0.35574855937167443,0.27969197081635316,0.23461004130976804,0.2251029677403571,0.23092988379902435,0.2131424558304429,0.2563843065816617,0.2554642672039675,0.25607762678909324,0.2557709469965359,0.24442379467174755,0.34440140704688604,0.3689357904518291,0.31772026509401935,0.32906741741879664,0.35390848061630814,0.3263072992857472
2021-08-26,0.0,0.016854575114215464,0.058389063788551694,0.17155549669830913,0.20195392681502267,0.2410806190444616,0.2627507870484498,0.29044044616468123,0.31211061416866936,0.3087998940569521,0.27388684560607246,0.28712972605296383,0.3253534946155608,0.3726064998464898,0.3358876040619482,0.3286642147272782,0.3169262070584421,0.3289651892828849,0.31180963961306274,0.297061886388116,0.3337807821726795,0.28111023494074244,0.25733324504746363,0.28411998049685316,0.26576053260456045,0.2248279930414595,0.23716794982150893,0.29585798816566733,0.3346837058394996,0.28442095505245985,0.2714790491611751,0.25733324504746363,0.2549254486025664,0.1721574458095225,0.17155549669830913,0.2067695197047954,0.20436172325991997,0.18449740258957192,0.1372443973586429,0.1324288044688702,0.10985571279804006,0.08668067201597462,0.027689659116209558,-0.05507834367683432,0.011437033113207469,0.09420503590625134,0.10594304357508741,0.1243024914673582,0.09480698501748662,0.15199215058358967,0.15771066714020432,0.12219566957808949,0.10714694179753605,0.09480698501748662,0.10082647612970799,0.1113605855760954,0.13604049913619426,0.1510892269167477,0.1854003262564139,0.16282723458558376,0.14145804113720226,0.11045766190925344,0.08848651934965857,0.0370198703401483,-0.03340817567282424,-0.0018058473336620318,-0.03581597211772155,0.029495506449871586,-0.004815592889772719,0.006922414779041439,0.10172939979652806,0.14055511747036029,0.16463308191924578,0.1456716849157616,0.0713309696798145
2021-09-02,0.0,0.20951030263250428,0.26664947607773276,0.28628191003072145,0.2684076044914491,0.27133781851428135,0.20951030263250428,0.2578588340092361,0.3164631144658806,0.33111418458004177,0.3079654937996842,0.3164631144658806,0.3062073653859678,0.28100752478961494,0.2657704118708959,0.29272838088094383,0.31294685763849045,0.3674488384631657,0.3935277432663768,0.40700672777140073,0.41872758386272957,0.42400196910383614,0.42605311891981024,0.46942028645773576,0.49960149089289485,0.5183548606390254,0.5570336857404236,0.5447267868445155,0.5397454230057092,0.5798893551185021,0.5822335263367765,0.5971776178532165,0.6258937152769809,0.6138798377833518,0.5661173492111992,0.5705126702454475,0.6466982348390855,0.62970299350665,0.6648655617806367,0.6414238495979789,0.6253076724724017,0.5740289270728377,0.5089781757659708,0.5872148901755828,0.6997351086523446,0.6487493846550596,0.6496284488619177,0.6387866569774258,0.7129210717550896,0.706181579502567,0.6461121920345062,0.6508005344710549,0.601572938887465,0.6030380458988811,0.6238425654609856,0.7366558053400264,0.7360697625354684,0.7653719027637907,0.8400923603460125,0.8430225743688448,0.8529853020464786,0.9057291544574587,0.9197941817670406,0.9490963219953628,0.9590590496729967,0.9546637286387484,0.9871891042921818,0.9907053611195933,0.9646264563163822,0.9825007618556545,0.9728310555802996,0.9781054408214063,0.9836728474647918,0.9455800651679728,0.9344452518812018
2021-09-09,0.0,0.12129718677167539,0.12476282067945015,-0.007797676292456441,0.0017328169538978874,-0.025414648656909854,0.028880282564684615,0.06729105837572355,0.03350112777505096,0.026569859959522452,0.07422232619125207,0.05920457925760346,0.030901902344225147,0.10223620027898775,0.13602613087968135,0.13371570827449816,0.2220893729224289,0.2140028938043298,0.24057275376383128,0.25587930352312255,0.25645690917440783,0.23306388029701747,0.1851226112396452,0.20851564011703555,0.19638592143985537,0.21746852771208353,0.17674732929588247,0.15913035693142905,0.14035817326438405,0.17530331516764824,0.18974345644999052,0.1796353575523509,0.2001403581732728,0.21515810510690037,0.19869634404503853,0.18598901971657314,0.1669280332238855,0.13660373653096664,0.10454662288417091,0.03407873342633625,0.004620845210366349,-0.05313971991900288,-0.031190705169846778,0.02021619779527923,0.05747176230372659,0.06526943859620404,-0.010685704548924903,-0.030324296692918848,0.02570345148257351,0.04534204362656745,0.09790415789428504,0.12129718677167539,0.12476282067945015,0.16490641344436596,0.1357373280540177,0.1839673999370536,0.15595352584929692,0.14180218739261827,0.15681993432624589,0.15913035693142905,0.12909486306415285,0.11840915851520692,0.15422070889542006,0.11378831330486158,0.08808486182228809,0.04591964927785274,0.07508873466818,0.1732816953881077,0.13862535631048617,0.15248789194154316,0.2997773330214347,0.29833331889320047,0.2951564878110894,0.3266359958065998,0.2460600074511255
2021-09-16,0.0,0.10148695493522664,0.08181673052361878,0.0997765006385696,0.10063172778688775,0.10490786352854073,0.08409733625250866,0.017389618682717982,-0.15308565955118925,-0.15622149242839725,-0.0843824119686147,-0.0008552271483388933,0.08637794198137781,0.0615763546797988,0.09436006203247167,0.06613756613755783,0.02280605728881591,0.04048075168763994,0.008837347199412015,-0.013683634373297842,0.02993295019157088,-0.008837347199412015,-0.051313628899835796,-0.04019567597153389,-0.03050310162380372,-0.04732256887428886,-0.013968710089403891,-0.007411968618861022,0.021665754424370964,0.009407498631624118,-0.019955300127713918,0.04475688742929292,0.1046227878124347,0.05444946177704383,0.11688104360518152,0.1647737639116825,0.22749042145592627,0.22977102718481612,0.1875798212004984,0.19755747126435536,0.20553959131544924,0.25628306878307294,0.2175127713920693,0.2340471629264691,0.18045292829774343,0.17304095967888242,0.17275588396277636,0.19043057836160038,0.17503648969166624,0.16106777960226235,0.2061097427476613,0.2383232986681221,0.2443098887064321,0.26340996168582786,0.27880405035576206,0.27395776318189696,0.285930943258517,0.3152937420178758,0.3284072249589408,0.33439381499725085,0.39140895821929056,0.3506431308155446,0.38941342820652747,0.43673599708081634,0.4954615945995132,0.4840585659551052,0.49061530742564813,0.506294471811709,0.518837803320562,0.5125661375661251,0.5165571975916721,0.48947500456120313,0.44044198139025725,0.4623928115307343,0.4866242474001012
2021-09-23,0.0,0.050148320031270704,0.16461115219306408,0.1405286256243708,0.19294353639152675,0.17736072508237227,0.19662674633731453,0.23090893121747086,0.2558414293121057,0.3082563400792616,0.33488878122582066,0.3870203681509961,0.3824871866792462,0.36775434689603326,0.39891996951434217,0.33120557128001227,0.36123789853039917,0.40033658872426536,0.41053624703570774,0.3955200834105349,0.413369485455554,0.4323521828685364,0.43433544976242056,0.4519015279654798,0.4462350511257872,0.46975093001049895,0.4833504744257693,0.49128354200132646,0.4383019835502095,0.4034531509860921,0.41733601924334296,0.47456743532424994,0.47343413995630734,0.5125328301501735,0.5320821752471168,0.5986632781135041,0.6241624238921205,0.6318121676257178,0.6550447226684489,0.6369119967814287,0.6867769929707189,0.6522114842486026,0.6505115411966991,0.655894694194411,0.6947100605462967,0.6808271922890459,0.6301122245737936,0.6244457477341011,0.5380319759287899,0.5513481965020797,0.6269956623119668,0.7105761956974317,0.6884769360226431,0.6740274200814108,0.649094921986776,0.6680776193997376,0.6615611710341036,0.6802605446050849,0.6941434128623357,0.713409434117278,0.7346587222661249,0.7355086937920872,0.7899068714531271,0.8298555331729555,0.9035197320889584,0.9012531413530938,0.9281689063416334,0.9562179666981154,0.8190892271775521,0.8176726079676289,0.9607511481698654,1.046881596133196,1.002116429099617,0.9525347567523071,0.9865336177904624
2021-09-30,0.0,-0.016399051116981526,-0.1198827185102917,-0.141088388058102,-0.02657777249992636,0.08114702880294586,0.14759146005275148,0.06389975090406426,0.02827422606374707,0.053721029521119436,0.09245671922844469,0.0797333174997585,-0.011309690425498828,-0.04325956587754125,-0.05145909143603201,-0.055417483084940135,0.0333635867552092,0.015550824335060887,0.04580424622326202,0.04834892656900337,0.043825050398807956,0.01441985529250689,0.003675649388274775,0.00593758747338277,0.02035744276588966,0.04636973074454931,0.12242739885601248,0.16879712960056178,0.1232756256379331,0.21658057164829844,0.19622312888240875,0.18265150037180194,0.19933329374941683,0.2219526746004145,0.2646467559566685,0.2369380144141881,0.1456122642282974,0.1936784485366674,0.1679489028186617,-0.10489737869649751,-0.16653519151547436,-0.2912245284565948,-0.23580704537165467,-0.15861840821761694,-0.08878106984016991,-0.07294750324447567,-0.14815694457403877,-0.17643117063778582,-0.36219283587659584,-0.4441880914614623,-0.3961219071530923,-0.3124301980044051,-0.3641720317010705,-0.39414271132863826,-0.3596481555308751,-0.2813285493342833,-0.14391581066447667,-0.19000279914839266,-0.2739772505577132,-0.30253421888209364,-0.33080844494584066,-0.35116588771175095,-0.5222249553974206,-0.5134599453176426,-0.4433398646795623,-0.3636065471797832,-0.3161058473927004,-0.30592712600975563,-0.27934935350982926,-0.3828330209031394,-0.3514486299723843,-0.3375942592011441,-0.4365540504242589,-0.5572849957164506,-0.5530438618068886
2021-10-07,0.0,-0.04500943791651312,-0.009001887583294437,0.1654096843431939,0.2005733077154698,0.20788734137689907,0.11786846554387281,0.17806858875721324,0.19438451000193696,0.10211516227309732,0.10661610606474456,0.14149842045004632,0.17356764496556598,0.1645657573822511,0.08523662305440491,0.09620767354655907,0.18172560558791762,0.205074251507117,0.18116298761396943,0.15190685296823178,0.16597230231714213,0.13812271260629555,0.1437488923458597,0.13840402159329013,0.1516255439812577,0.1707545550957839,0.09198803874188596,0.10155254429912865,0.15922088662966108,0.165690993330168,0.23714347602263672,0.2424883467752267,0.30128192505365564,0.3476979079050597,0.3873624750690033,0.3538867056185926,0.3375707843738484,0.3055015598583287,0.33982125626968224,0.36738953699353427,0.38764378405597744,0.38483069418619537,0.3049389418843805,0.31478475642861775,0.32716235185566295,0.34319696411341255,0.3476979079050597,0.36542037408469497,0.41464944680588117,0.34797921689205435,0.34713528993111153,0.25008368942363013,0.2453014366450088,0.2604921219418156,0.30128192505365564,0.25233416131946396,0.31084643061091877,0.3907381829127336,0.3696400088893681,0.36795215496750294,0.30718941378021436,0.29509312734014326,0.320692245155156,0.23039206033515564,0.15078161702031487,0.12377595427041108,0.10971050492150074,0.10155254429912865,0.15246947094220048,0.07510949952319355,0.08804971292418698,0.08383007811951387,0.06610761193987864,0.03657016830716691,0.07820389837994973
2021-10-14,0.0,0.09063502016697256,0.02957275582488249,-0.01697695241797555,0.01451255609925195,-0.02738218131932826,0.001642930879155711,0.061336086155299285,0.06462194791361071,0.0826941875843833,0.08461094027672832,0.05668111533102145,0.020536635989496198,0.05010939181437869,0.08461094027672832,0.06927691873790846,0.052299966319912995,0.07694392950730843,0.07311042412261841,0.09145648560656038,0.11144547796967798,0.13636326297026272,0.17278156412495735,0.17853182220203223,0.20153285451025202,0.23493911571984444,0.25438046445656354,0.2702621296217819,0.22754592676361385,0.22398624319211316,0.2439752355552108,0.3025731035785773,0.25465428626975284,0.24287994830245363,0.22234331231295743,0.2207003814337818,0.19249673467488565,0.21604541060950394,0.20262814176302915,0.16840041511386883,0.15251874994867037,0.16155486978403674,0.16456690972915886,0.11856484511269935,0.1237674595633757,0.042990024671357326,0.03504919208874814,0.07475335500177412,0.07365806774899701,0.06571723516638783,0.0021905745055542302,-0.05969315527612366,0.006571723516642768,0.11555280516757722,0.2072831125873269,0.19167526923529782,0.18619883297143217,0.18099621852075584,0.24917785000588719,0.2612260097863956,0.25465428626975284,0.3047636780841315,0.23932026473093299,0.20098521088387344,0.22946267945597879,0.22124802506018035,0.2532851772037864,0.31982387780976207,0.36007568434916665,0.35487306989849027,0.4104588979767346,0.417578265119756,0.43756725748287356,0.3945772328115163,0.3948510546247255
2021-10-21,0.0,-0.08564609614729343,-0.22966246164336063,-0.4315035799522594,-0.4557790658029282,-0.3627684964200477,-0.42959427207637235,-0.34994885782476076,-0.3982270712580975,-0.3832253665189226,-0.5182407091714967,-0.5013296965564348,-0.6022502557108842,-0.619979543129909,-0.5517899761336595,-0.6082509376065461,-0.6829867030344396,-0.8065461984316321,-0.8894647118990755,-0.9273781111489943,-1.0299352199113496,-1.125946130242081,-1.1603136720081868,-1.112308216842831,-1.2214115240368302,-1.094578929423806,-1.0484827821343374,-0.9871121718377128,-0.8924650528469065,-0.8670985339243136,-0.8859188544152824,-0.8480054551653636,-0.977020115922256,-1.0288441868394056,-1.0067507671326248,-0.9650187521309319,-1.0048414592567378,-1.0970337538356552,-1.149403341288787,-1.1218547562223058,-1.1916808728264614,-1.1554040231844487,-1.0533924309580553,-1.0269348789635186,-1.0353903852710495,-0.9200136379134073,-1.0034776679168127,-1.0640300034094745,-1.1578588475963179,-1.1586771224002808,-1.2396863279918173,-1.3365155131264916,-1.3697920218206534,-1.4079781793385533,-1.3452437777020037,-1.3646096147289544,-1.3580634162973104,-1.424889191953635,-1.449164677804304,-1.4112512785543851,-1.4709853392431038,-1.5279918172519524,-1.5410842141152403,-1.2740538697579231,-1.1409478349812558,-1.103579952267299,-1.0686668939652313,-1.0610296624616433,-1.0078418002045686,-1.0716672349130623,-1.13112853733378,-1.0424821002386555,-0.8891919536310945,-0.799727241732007,-0.7247187180361325
2021-10-28,0.0,-0.04135341455143952,-0.08270682910287903,-0.1805765768746192,-0.3355140367273379,-0.36335866919196985,-0.398095537415175,-0.25253151819411995,-0.44964946088931496,-0.43338378449907805,-0.417945176399878,-0.315664397742655,-0.3515040236872359,-0.27513805148223225,-0.28561424983527156,-0.34957419767482334,-0.3923060593779775,-0.500652005502757,-0.5954891695407291,-0.6569679125071904,-0.6453889564327954,-0.7118301091454375,-0.7308526798391036,-0.6431834409900439,-0.5555142021410042,-0.5193988867660643,-0.5698500525188285,-0.5447623143576259,-0.5883212443517968,-0.5596495435961482,-0.5375943891687137,-0.3969927796938193,-0.4003010528579265,-0.45047652918033176,-0.5072685518309914,-0.6316044849156489,-0.7239604440805305,-0.7187223449040108,-0.8336848373570046,-0.8157650243847141,-0.7622812748982017,-0.7462912879383038,-0.7360907790156234,-0.6842611661111445,-0.6112034670702681,-0.647043093014849,-0.5905267597945483,-0.7112787302847596,-0.7192737237646886,-0.6798501352256616,-0.7234090652198325,-0.8568427495058147,-0.9596749070237357,-0.9384468208873181,-0.9395495786086937,-1.0153641719529996,-1.0647125799843882,-1.1427326887714453,-1.1372189001645867,-1.1391487261769793,-1.0539606922010096,-1.1179206400405814,-1.2411538154038633,-1.2549382869210097,-1.2157903878123217,-1.3200009924819374,-1.436066242656307,-1.4859660295483932,-1.5165675563164545,-1.41980056626609,-1.4564672605016877,-1.581354572447043,-1.6629586438285466,-1.8501517670314,-1.7969437069752063
2021-11-11,0.0,0.062445116596745204,-0.03986451639882054,-0.13743501108122858,-0.10983649972820053,-0.11987232203838703,-0.06021493386113919,-0.011429686519935171,-0.07471112164253771,-0.27068842953319083,-0.2963355309925788,-0.33870900296893075,-0.3950211170427696,-0.4086809862983108,-0.5514126813765884,-0.6027068842953238,-0.5756659186262074,-0.5399829948566329,-0.4875737005700946,-0.45216954964246575,-0.44687286564543693,-0.44770918417127403,-0.4591388706912091,-0.5366377207532442,-0.5218627601299,-0.4566299151136778,-0.4800468338374394,-0.46499310037216984,-0.48841001909593157,-0.46722328310775557,-0.42401349260554627,-0.4081234406144194,-0.3930697071491295,-0.32142508676805515,-0.3473509610693686,-0.47948928815354813,-0.5592183209511689,-0.5249292613913633,-0.48255578941499117,-0.45189077680052003,-0.5438858146439334,-0.5982465188241322,-0.566745187683824,-0.47948928815354813,-0.4399035445966935,-0.41620785303096586,-0.4301464951284527,-0.327836862132887,-0.37690088231603663,-0.4248498111314036,-0.3453995511757285,-0.35348396359227496,-0.37076787979315057,-0.3688164698995105,-0.3972512997783756,-0.49231283888323196,-0.5123844835036252,-0.5274382169688948,-0.5781748742037591,-0.6821571442509989,-0.7596559943130341,-0.7571470387354823,-0.6099549781860333,-0.5650725506321094,-0.5781748742037591,-0.563399913580415,-0.6328143512259036,-0.5661876419999123,-0.5318985824401068,-0.5001184784578327,-0.403105529459316,-0.43070404081234404,-0.3810824749452827,-0.353205190750309,-0.32254017813583785
2021-11-18,0.0,0.2368839827832528,0.030484479484508723,-0.20472145855650217,-0.2170271199997722,-0.13899803948440498,-0.13536227587615318,-0.14067608422666725,-0.12809074865966988,-0.2684871587626098,-0.3403634085563623,-0.46985252783456716,-0.6502423376281956,-0.7741379744321997,-0.7923167924734181,-0.7019820505147402,-0.7959525560816496,-0.8633540198960293,-0.8795751190712582,-0.8356662816486312,-0.6605902802055167,-0.6765317052570385,-0.6656244144323035,-0.699744657525064,-0.7456112138136602,-0.737500664226056,-0.6625479990714859,-0.7537217634012848,-0.8496499878341838,-0.9229246082464713,-0.9413831004113965,-0.8753800072155924,-0.9472562570093448,-0.9030677454629906,-0.9013897007207283,-0.8918807805145484,-0.9914447685556789,-1.0577275358752103,-1.049896660411293,-0.9713082316484912,-1.0006740146381519,-0.9830545448443473,-0.8440565053599627,-0.7897997253600144,-0.8314711697929654,-0.9181701481433914,-0.9413831004113965,-0.8823718603083687,-0.7467299103085084,-0.6440895069065606,-0.6110879603086483,-0.7184828238136963,-0.6194781840199799,-0.5201938701025565,-0.4751663361850812,-0.4234266232985366,-0.5132020170097802,-0.4899890647417751,-0.5934684905148643,-0.5859172891746537,-0.4488769685562382,-0.5311011609272916,-0.6530390788653061,-0.64129276566945,-0.7140080378343235,-0.6857609513395114,-0.5652214040200318,-0.5383726881437748,-0.4052478052573182,-0.5207532183499908,-0.6214359028859695,-0.7106519483497787,-0.7428144725765498,-0.6910747596900051,-0.787002984122904
2021-11-25,0.0,0.2632472337462815,-0.011795777686987662,0.021865344005172364,0.08717367412582618,0.1450017549815625,0.07077466612196782,-0.08631056844140376,-0.08918758738945055,-0.15392051372050336,-0.11220373897382488,0.040853669062277005,0.044306091799924785,-0.001438509474023396,0.08717367412582618,0.10299727834008354,0.16168846488024227,0.1614007629854418,0.13378138108417584,0.15248200424647998,0.23390164047621254,0.3394882358695215,0.32424003544488605,0.3642305988227406,0.4959980666432711,0.5403041584431959,0.5518122342353832,0.6119419302495652,0.5273575731769854,0.526494467492563,0.5426057736016417,0.5880626729807684,0.5848979521379212,0.6257516212001774,0.6536587049962437,0.7621223193375994,0.823115121036204,0.7931941239765131,0.7028557290078397,0.7206932464857214,0.7434216961752953,0.6409998216248336,0.6386982064663879,0.5282206788614078,0.4295389289433944,0.484489990851084,0.6887583361624062,0.755217473862283,0.7647116363908457,0.7008418157442153,0.6533710031014432,0.6004338544573781,0.6453153500469039,0.7077466612195108,0.6936492683740982,0.7359414469103778,0.649055474679373,0.6332318704651156,0.6582619353131144,0.6504939841533964,0.7333521298571315,0.773918097024587,0.8536115218854957,0.8216766115621806,0.8035513921894774,0.8714490393633775,0.9206460633749735,0.9545948869619341,0.981638865073578,0.8271429475634526,0.76672554965447,0.7509019454402127,0.8593655597815892,0.8941774890529515,0.9381958789580755
2021-12-02,0.0,0.3764941748308526,0.22438120326605782,0.44206011085015523,0.524527488154421,0.5557077332836131,0.5079174510295394,0.6515797019518208,0.5763974286496999,0.5137455342312551,0.5294813588758921,0.6442945979496761,0.7177284462913077,0.6853825845217894,0.6830513512410946,0.6938333051642603,0.6475000437106367,0.6527453185921682,0.7212252962123288,0.5830997243316604,0.6014581864170736,0.6512882977917394,0.7028668341269367,0.6941247093243631,0.7308416334951683,0.8453634684088708,0.8826632008998603,0.8954849839436393,0.902770087945784,0.8876170716213102,0.835455726965971,0.7471602664599682,0.7311330376552498,0.6973301550853025,0.6987871758857315,0.7014098133265078,0.6786802888398077,0.7022840258067524,0.7378353333372315,0.7987388027951445,0.799904419435492,0.7553195829423789,0.7943677403938577,0.8334158978453576,0.8573110389724051,0.8663445679350604,0.8774179260183077,0.7800889365496709,0.8666359720951419,0.8832460092200234,0.8931537506629444,0.8645961429745499,0.9435666703577945,0.8826632008998603,0.935407353875384,0.9942709942127261,0.9007302588251708,0.725304954453534,0.7130659797299395,0.8106863733586788,0.920545741711013,0.919088720910584,0.9610509199629419,1.0143778812586288,1.0231200060612022,1.1230716329706367,1.1460925616174182,1.1096670416066945,1.1868891440294287,1.2230232598800708,1.3092788912654603,1.3314256074319761,1.403985243293342,1.4462388465057814,1.4045680516135048
2021-12-09,0.0,-0.2627738060215189,-0.4475723413431657,-0.4655666345816042,-0.3367503448906246,-0.3193272990565725,-0.3310378708466785,-0.3238972782917459,-0.4101556363553232,-0.4667091293903975,-0.43700426436187384,-0.5526818637517815,-0.6483658039878781,-0.6786419164207881,-0.6966362096592266,-0.7166298688130378,-0.6655032261197164,-0.6172328204483679,-0.5469693897078356,-0.46899411900796345,-0.4272930584871613,-0.46642350568818364,-0.39958755937403123,-0.4321486614245072,-0.548111884516629,-0.517550148381505,-0.459282913133251,-0.42586493997617486,-0.4330055325311074,-0.49327213369473427,-0.4532848153871118,-0.495557123312321,-0.47127910862555017,-0.37159643655868724,-0.3124723302038538,-0.24449388908088734,-0.1913678804721931,-0.21593151886115702,-0.20622031298644455,-0.1702317265095885,-0.07369091516689175,-0.0642653329943932,-0.05198351379990086,-0.0028562370219730317,0.0074262162571257255,0.07026343074053243,0.03427484426367638,0.053126008608694236,0.09111396100094386,-0.01628055102523797,-0.06854968852735276,-0.0074262162571257255,-0.1231038156470335,-0.19622348340953896,-0.18394166421506739,-0.14509684071621753,-0.06512220410097265,-0.08054588401963117,-0.06597907520757287,-0.19907972043151198,-0.18622665383263334,-0.27362750670500396,-0.34246281893457065,-0.2744843778116042,-0.17480170574474121,-0.22707084324685597,-0.2679150326610579,-0.2599175689995459,-0.13795624816128496,-0.08368774474379737,0.0622659670790204,0.03198985464611042,0.05255476120430793,0.03884482349882907,-0.026563004304336724
2021-12-16,0.0,-0.10211234088213,-0.13095763491663476,-0.29076056386779525,-0.21143600527290715,-0.19412882885220434,-0.2555693051457078,-0.421718198784451,-0.4825817691972518,-0.4820048633165701,-0.5448876043117779,-0.5396954513855795,-0.42604499288962666,-0.43066023993514324,-0.4323909575772093,-0.467005310418615,-0.4517173045803401,-0.4321025046368685,-0.3522010401612987,-0.310086910870926,-0.3343169578598932,-0.28758758152400393,-0.28124161683642124,-0.34210518724922206,-0.36229689307337537,-0.5088309867686469,-0.5321956749366125,-0.5855594689004463,-0.6380579040432365,-0.6213276335032154,-0.5359455631610855,-0.5108501573510749,-0.5549834572238544,-0.6426731510887531,-0.7156517449960584,-0.7219977096836411,-0.657961156927049,-0.6493075687166975,-0.7580543272267721,-0.7932455859488805,-0.6931524156491364,-0.7069981567857071,-0.6919986038877519,-0.6224814452645997,-0.4921007162286467,-0.40585328706547336,-0.4854662986007023,-0.5431568866697117,-0.5861363747811279,-0.5001773985582955,-0.4923891691689876,-0.5096963455896903,-0.44450598107171385,-0.4335447693385937,-0.46383232807482366,-0.43008333405446153,-0.42056438702306653,-0.5411377160873048,-0.5656562160166339,-0.6744029745267083,-0.6568073451656646,-0.5887324512442376,-0.5947899629914795,-0.6700761804215326,-0.7511314566584868,-0.8342059034778687,-0.8567052328247908,-0.7349780919991683,-0.716517103817081,-0.6112317805911387,-0.6928639627087956,-0.6547881745832577,-0.557867986627305,-0.48950463976553704,-0.3646045165961232
2021-12-23,0.0,-0.004403217284095579,0.0569482768743071,0.1218223448599777,0.111548171197088,0.19256736922444237,0.27740268889802144,0.36077026947690205,0.2815123583631816,0.2553866024775436,0.20959314272295382,0.134738448893329,0.05371925086597461,0.010274173662889685,-0.001174191275763093,0.03405154699700154,0.09188046732813629,0.10626431045616476,0.05724182469324252,0.06927728526976618,0.1335642576175659,0.11888686667058063,0.11507074502435592,0.03845476428109712,-0.09745787588797361,-0.03874831210003255,-0.03375799917806611,-0.04109669465155874,-0.013209651852286739,-0.010274173662889685,0.05518698996067313,0.07602888510538794,0.11800622321375298,0.15235131802971133,0.18787060412141138,0.19227382140550695,0.20959314272295382,0.2336640638760011,0.2800446192684831,0.28033816708741854,0.23982856807373068,0.2900252451124373,0.29530910585333925,0.25068983737451256,0.2891446016556097,0.26771561087300266,0.28415428873364323,0.24247049844419227,0.3096929489813891,0.4068572770504273,0.41126049433452283,0.3566606000117419,0.28885105383667425,0.17172547407972757,0.14325133564258472,0.10450302354253081,0.17084483062289993,0.1949157517759686,0.08013855457054808,0.07925791111372042,0.05195796395231929,0.05929665942581193,0.17906416955322024,0.18757705630247595,0.15528679621910838,0.08894498913873924,0.13972876181529545,0.09422884987964111,0.10538366699935847,0.1555803440380438,0.26213820231316537,0.30176715787002556,0.15998356132213937,0.06076439852051045,0.0686901896318953
2021-12-30,0.0,0.2481223175965623,0.2169247994028779,0.34929557753313034,0.304394476581456,0.35191966784849193,0.37816057100206535,0.44201343534241044,0.4481363127449278,0.44930257510729193,0.5146132674006345,0.5198614480313576,0.5761336070162302,0.5504758350438599,0.6318226348199418,0.6017913789886216,0.5565987124463563,0.5347312931517116,0.5035337749580273,0.5149048329912255,0.5064494308639799,0.5125723082664762,0.48516514275051736,0.47525191267027433,0.4373483858928905,0.4408471729800464,0.46650494495241657,0.44376282888599894,0.3638738570628934,0.33355103564098204,0.3402570442246815,0.39594607202837206,0.4530929277850388,0.4423050009330226,0.4927458481059899,0.47787600298563593,0.4632977234558729,0.4927458481059899,0.5195698824407666,0.5402710393730258,0.5151963985818377,0.5283168501586244,0.46475555140884917,0.5140301362194524,0.5472686135473163,0.5414373017354112,0.5676782048889846,0.5743842134726628,0.5676782048889846,0.47262782235491274,0.49886872550848615,0.49391211046837524,0.4565917148721735,0.5230686695279012,0.5000349878708714,0.5154879641724288,0.5283168501586244,0.5154879641724288,0.4679627729053928,0.41314844187349664,0.3720376935995479,0.41460626982647286,0.4458037880201573,0.3513365366672887,0.35804254525098816,0.36329072588169015,0.3924472849412161,0.35483532375444454,0.3221799776077627,0.1796044038066761,0.23500186601977555,0.29652220563539244,0.2857342787833551,0.3116836163463375,0.34375583131181614
2022-01-06,0.0,0.007892882311495167,-0.07695560253700609,-0.27004933051445495,-0.36871035940804203,-0.2108527131783028,-0.15447498238196733,-0.20747004933051033,-0.20972515856237198,-0.1412262156448162,-0.05384073291049626,-0.12233967582805202,-0.17899929527836503,-0.14799154334038056,-0.2824524312896324,-0.31402396053559256,-0.26046511627907387,-0.3906976744186006,-0.42536997885835504,-0.3560253699788666,-0.3464411557434854,-0.28837209302326405,-0.29908386187455543,-0.326708949964768,-0.34813248766737137,-0.26412966878082333,-0.2576462297392571,-0.2303030303030221,-0.3010570824524395,-0.29541930937280597,-0.28386187455954076,-0.30331219168428064,-0.2570824524312814,-0.3785764622974008,-0.41832276250881306,-0.34531360112755466,-0.4248062015503794,-0.4563777307963396,-0.43495419309373623,-0.46004228329808905,-0.3780126849894251,-0.3678646934460888,-0.2706131078224101,-0.2305849189570202,-0.1773079633544791,-0.20126849894292165,-0.22353770260747827,-0.1880197322057705,-0.19224806201549569,-0.1846370683579986,-0.27371388301620453,-0.19591261451726566,-0.038336856941504,-0.00591966173361112,-0.014376321353061437,-0.07019027484144173,-0.1956307258632881,-0.15391120507399167,-0.1584214235376944,-0.11585623678646526,-0.06511627906976333,-0.03805496828752643,0.08456659619450317,0.19591261451726566,0.16236786469344197,0.16293164200141763,0.14150810429879376,0.0730091613812585,0.08879492600422832,0.06849894291755577,0.0259337561663061,-0.032980972515848035,-0.05045806906272433,0.015785764622969826,-0.005637773079633545
2022-01-13,0.0,0.09064240746234219,0.1241526308272001,0.2320994978959974,0.2472065658063878,0.2862102684113877,0.2722018963490297,0.19584253491104855,0.19611720887305167,-0.0098882626322715,-0.03131283166881312,-0.08762099388026812,-0.09201577727237768,-0.013459024138351778,-0.01675511168244894,-0.052462726743371615,-0.202709383961246,-0.21561906017557156,-0.08707164595626192,0.021699242998544716,0.014557719986364178,0.003021413582074076,0.005493479240141951,0.0343342452508872,0.06427370710964483,0.08954371161430981,0.14447850401572931,0.10767219310677426,0.08542360218420335,0.10437610556269708,0.15134535306590677,0.18815166397486183,0.2131469945175037,0.2114989507454651,0.21424569036553612,0.21232297263147443,0.23621960732610392,0.180186119076652,0.15299339683794536,0.1145390421569517,0.07635936143796113,0.07086588219781918,0.047243921465212786,0.04229979014907704,0.029664787896754544,0.03323554940285481,0.0032960875440771766,0.02609402639067427,-0.03543294109891958,-0.10822154103080042,-0.10849621499280354,-0.046419899579203484,0.06454838107166792,0.10602414933473567,0.1145390421569517,0.12113121724512603,0.14063306854762594,0.16617774701429402,0.1691991605963681,0.07278859993188086,0.07388729577989325,0.03213685355482242,0.0565828361734581,0.08240218860212926,0.0027467396200709757,0.011536306404290103,0.05823087994549669,0.043123812035106325,0.041750442225070836,0.0791061010580321,0.22825406242789406,0.2903303778414941,0.31944581781424247,0.29857059670170705,0.28703429029741695
2022-01-20,0.0,-0.12354858366364699,-0.15625262051577749,-0.07239611576670409,0.017609865997293205,0.11208819468125734,0.04276681742201522,-0.15066218686583924,-0.1903542657803925,-0.18700000559043772,-0.24122721199484257,-0.2809192909093958,-0.29545441839924746,-0.31082811093657753,-0.3063557640166107,-0.3424140610587163,-0.34101645264623176,-0.3672914908009455,-0.38741705194071496,-0.35135875489862967,-0.347165929661176,-0.3784723581008219,-0.4438804318051033,-0.4908400744645721,-0.4648445579923716,-0.5425515857265006,-0.6071210943833035,-0.6169043532706954,-0.5998535306383675,-0.6669387344376263,-0.6317190024430195,-0.5987354439083962,-0.6219357435556276,-0.5788894044510992,-0.5109656356043619,-0.6074006160657963,-0.570224232293699,-0.4732302084672789,-0.44639612694757946,-0.42794769590276704,-0.374838576228354,-0.3795904448308136,-0.44639612694757946,-0.4556203424699654,-0.4626083845323882,-0.608518702795788,-0.5892317067034971,-0.6549193020902713,-0.7287130262694599,-0.7971958384812032,-0.9322048111271991,-1.0353483119685636,-1.1192048167176367,-1.0630209585357617,-1.115850556527682,-1.0848236497705086,-1.1303856840175133,-1.2117264936241106,-1.1077444277352675,-1.0163408375587653,-1.1393303778574064,-1.1312242490650122,-1.1071853843702615,-1.1952347143567885,-1.2402377052388076,-1.3352750772877573,-1.2905516080882515,-1.2340882282238632,-1.1312242490650122,-0.9623931528368737,-0.8304589186983193,-0.8013886637186569,-0.7466024139492459,-0.750236195821714,-0.6470926949803496
2022-01-27,0.0,0.038895829895562006,0.16206595789821077,-0.050682445015453326,-0.196541807123843,-0.2313123217274463,-0.18269253435798308,0.012081280497862333,0.22895499870346372,0.2737441361589607,0.19536314561183032,0.163833950166187,0.1776832229320255,-0.06571037929328313,-0.05245043728342952,0.00530397680392858,0.11285683977274119,0.08692628650904033,0.04419980669951203,-0.019447914947802444,-0.09547158247095026,-0.14468070059641985,-0.061290398623331924,-0.07248768298721688,-0.057459748709365634,-0.08957827491101533,-0.13466207774452618,-0.1750312345300719,-0.2875934089248421,-0.2115697414016728,-0.23278564861743,-0.2752174630489659,-0.25518021734519997,-0.36626906484996496,-0.3986822564296071,-0.5068244501544046,-0.5716508333136889,-0.5972867211994187,-0.553970910633884,-0.41017420617148453,-0.2787534475849397,-0.37393036467787605,-0.3043893354706481,-0.32825723108838034,-0.2825840974988845,-0.27020815162302975,-0.056575752575388265,0.014143938143830985,0.11521416279672374,0.12375945875863369,0.13643007001248095,0.14202871219442342,0.21834704509558514,0.27757478607292696,0.43463143254520165,0.43021145187525045,0.3733410339218697,0.5737134909596575,0.5159590768722995,0.5009311425944697,0.5442469531599828,0.6898116498903801,0.8742721765163395,0.9390985596756237,0.9897810046910556,1.103227175219803,0.93762523278564,0.7434407486857795,0.7136795455081123,0.45083802833502273,0.6403078663869181,0.8783974918082981,0.7525753754036744,0.7729072864854541,0.897845406756079
2022-02-03,0.0,0.11738248348605045,0.09763062328407357,0.06151293605759335,-0.09763062328405306,-0.09198723465491679,-0.2028798212174318,-0.21670612335881975,-0.07675008535624481,-0.02398440167382907,-0.09932363987278982,-0.1331839716476073,-0.10553136736483149,-0.13177312449032327,-0.1975186020197688,-0.1862318247614963,-0.11597163632874585,-0.10722438395358877,-0.04317192301288001,-0.08860120147742273,-0.06941368013837179,-0.08577950716285461,-0.10835306167939962,-0.10158099532445253,-0.17522721693467652,-0.19018219680187526,-0.23222544208894447,-0.184538808172739,-0.3050251554048103,-0.3448110452402168,-0.3845969350756232,-0.40039842323720065,-0.42184330002793485,-0.44864939601633197,-0.38939381541040136,-0.5036724351504105,-0.5327358865904498,-0.4658617313351935,-0.4410308213669858,-0.43933780477824896,-0.3916511708620435,-0.2835802786140966,-0.2875306506544756,-0.2669322821581406,-0.3168762715259882,-0.35779083908722603,-0.378953546446487,-0.3188514575461982,-0.395601542902443,-0.45118892089942686,-0.43905563534679626,-0.43002621354016596,-0.4983112159527269,-0.635163390209281,-0.7040127314847474,-0.7593179400502785,-0.6870825655973386,-0.6529400643910479,-0.5993278724142536,-0.5612349991675838,-0.64108894826987,-0.6340347124834497,-0.5663140489338147,-0.55079473020369,-0.6007387195715376,-0.6543509115483319,-0.6388315928182072,-0.6427819648586067,-0.7579070928929944,-0.764679159247962,-0.8422757528985856,-0.8778291012621398,-0.9779992494293084,-1.0770407198706453,-1.1676171073682782
2022-02-10,0.0,-0.15456480436552303,-0.10885247775094936,-0.18856334728511634,-0.25827464537234535,-0.25970315557905077,-0.31398654343385696,-0.2734168535634104,-0.3839835435624229,-0.42026770281273246,-0.28627344542375927,-0.012856591860348841,0.008571061240232563,-0.10199562875875916,0.12256617573532978,0.23827550247846938,0.29798722911876036,0.3816979272316859,0.33969972715455465,0.37312686599145334,0.3839835435624229,0.42455323343284873,0.48312215190777125,0.4716940702541278,0.40912532320042594,0.36284159250317843,0.3274145393768797,0.46426581717926374,0.4919789151893407,0.575975315343624,0.6022599031470164,0.6168307072554076,0.603402711312364,0.632830021570504,0.5839749725011827,0.508549633587132,0.4845506621144766,0.4065540048283728,0.39569732725740325,0.44598088653343015,0.4614087967658529,0.4842649600731397,0.5179778009513961,0.5542619602017056,0.5922603317000783,0.6028313072296901,0.5639758296073067,0.5276916703569764,0.471122666171454,0.4531234375669573,0.5668328500207176,0.6028313072296901,0.6074025398911433,0.6699712869448452,0.6811136665571517,0.7019699155750385,0.635401339942578,0.5745468051369185,0.6394011685213574,0.6482579318029269,0.7133979972286819,0.6885419196320157,0.6305444052397672,0.6345442338185464,0.6725426053169192,0.5842606745425196,0.5894033112866675,0.5422624744653883,0.5396911560933144,0.6268302787023455,0.6651143522420552,0.5648329357313175,0.5331200091424612,0.5116923560418798,0.4634087110552322
2022-02-17,0.0,0.17979144192736426,-0.1026968716289021,-0.37339086659475845,-0.6535778496943462,-0.6133045667026166,-0.5431139877741903,-0.36159654800430663,-0.4300611290902553,-0.418554476806904,-0.488169723121171,-0.47234807623156305,-0.4450197770586036,-0.6061129090255221,-0.7620280474649448,-0.8339446242358906,-0.7194534340165366,-0.5549083063646212,-0.39611650485436056,-0.3800071916576729,-0.3072276159654884,-0.13894282632147548,-0.1723121179431901,-0.1205321826681092,-0.22955771305286704,-0.1622437971952577,-0.06328658755843222,-0.06760158216468896,-0.1334771664868794,-0.3253505933117542,-0.2577490111470652,-0.2235167206040909,-0.20165408126572754,-0.1121898597626753,-0.04084861560588879,0.004602660913336339,-0.07594390507012284,-0.045451276519246055,0.023876303487962346,0.04084861560588879,0.12283351312476688,0.0497662711255028,-0.05005393743258239,-0.022725638259623027,-0.029341963322537475,0.050629270046741594,-0.05667026249549684,-0.01265731751169063,0.007766990291253764,-0.052067601582160505,-0.1205321826681092,-0.05868392664509588,-0.0017259978424985108,0.08860122258181348,0.1222581805106077,0.05753326141675657,-0.09636821287306724,-0.09119021934555079,-0.20827040632866292,-0.2980222941387948,-0.39784250269688004,-0.26148867313916274,-0.19244875943905487,-0.27126932758001554,-0.22955771305286704,-0.40359582883855566,-0.5172240201366499,-0.4464581085940226,-0.3941028407047824,-0.3831715210355903,-0.3101042790363262,-0.5664149586479725,-0.5969075871988494,-0.6069759079467817,-0.6087019057892803
