date_only,09:15:00,09:20:00,09:25:00,09:30:00,09:35:00,09:40:00,09:45:00,09:50:00,09:55:00,10:00:00,10:05:00,10:10:00,10:15:00,10:20:00,10:25:00,10:30:00,10:35:00,10:40:00,10:45:00,10:50:00,10:55:00,11:00:00,11:05:00,11:10:00,11:15:00,11:20:00,11:25:00,11:30:00,11:35:00,11:40:00,11:45:00,11:50:00,11:55:00,12:00:00,12:05:00,12:10:00,12:15:00,12:20:00,12:25:00,12:30:00,12:35:00,12:40:00,12:45:00,12:50:00,12:55:00,13:00:00,13:05:00,13:10:00,13:15:00,13:20:00,13:25:00,13:30:00,13:35:00,13:40:00,13:45:00,13:50:00,13:55:00,14:00:00,14:05:00,14:10:00,14:15:00,14:20:00,14:25:00,14:30:00,14:35:00,14:40:00,14:45:00,14:50:00,14:55:00,15:00:00,15:05:00,15:10:00,15:15:00,15:20:00,15:25:00
2015-01-13,0.0,-0.001548238737984201,-0.0016923828823780125,-0.0018245332697108855,-0.0019807335187472957,-0.0007918226731021472,-5.99646208917075e-05,0.0004855809531867817,0.0001139228743375393,-0.0006478082714130094,-0.0004138290944923672,-0.0002518755747984139,-0.0005458106172705538,-0.0007618179623602826,-0.0005518101913009766,-0.0002878629792106101,-0.00014991829481029805,0.00026979630542709203,0.0003177524734986288,0.00029377467693733936,-0.00010793890668368411,-0.0002938610058600215,-0.00039583296365986066,-0.0003658401319443643,-0.0002758670338400127,-0.001181965860598862,-0.0012420014016571335,-0.0018245332697108855,-0.0013921060248611753,-0.0006778095614707595,-0.0008878437978232563,-0.0006118079114056661,-0.0001019419950931964,-0.0003658401319443643,-9.59451194652196e-05,-0.00022188706039715395,0.0001558911882664816,0.00017987229115853034,-0.0006718092314526516,-0.001085916491149029,-0.0017284221652000401,-0.0020648514521394747,-0.001512205948141583,-0.0014041153681304827,-0.0012239903608887285,-0.0007438155680414245,-0.0005818086013875192,-0.00020989190643910926,0.000257806904057881,0.0009349828068931524,0.0006234189937078101,0.0006533812712026048,0.0003237468328066989,0.0008750742273675086,0.0012883703898957967,0.0014859734060805373,0.001402146592228956,0.0012464495783027292,0.0012883703898957967,8.994018983440056e-05,-7.795470835392885e-05,-0.0010799137118622621,-0.002455491716492266,-0.004917027717288558,-0.004983314140949467,-0.008091652718121293,-0.00847256018941999,-0.008285111397159884,-0.007644422816370167,-0.007674634753108697,-0.006503080437746784,-0.0048206189440156135,-0.005085765439006476,-0.004061724484262927,-0.004170102724427044
2015-01-20,0.0,0.0005421207546418481,-5.2478899121452436e-05,0.0005421207546418481,0.0015556225480400797,0.001468292150893441,0.0017826458945825717,0.0016604089585027916,0.0016138385760935364,0.0018757687702842824,0.001869948844604522,0.0019514247219702702,0.0026204397532209713,0.0020794448329407786,0.002056169668122352,0.0020969008510488512,0.0021376303750136583,0.0020678073182483383,0.002678593826639608,0.0030623259165831525,0.0029634999113114595,0.002853035758270299,0.0029460590141513476,0.0028123353625986564,0.002073626092523527,0.0020212559051135896,0.001968882974923482,0.0021841763711936617,0.002288896941900078,0.0022539913034725673,0.002457590353659121,0.0028762923835023526,0.0029983807931037486,0.0032425129046639804,0.0027948918287709216,0.0028821064553005366,0.0032134526831650604,0.0035853597571725436,0.004032627221855152,0.0045841751987383906,0.004735072165415289,0.004949770906190411,0.00501359137343606,0.0043984245916124515,0.004555153940664729,0.004787300426139013,0.005106413873676764,0.005541404528236792,0.0051876264941626855,0.0045261318403334245,0.004822117751243341,0.00580230812583792,0.005773322198503744,0.006121097886692299,0.006903151251002124,0.0069321044481610306,0.007296842926034468,0.007800310788511057,0.008390260833383912,0.009072318129515138,0.009216762092730842,0.009782781317841447,0.009759684762691727,0.009857841438145972,0.010302312827567382,0.011346331876243893,0.012256795353490509,0.012930465528183489,0.01290168548541427,0.013586425871858758,0.014460370868952499,0.01321246612282887,0.013057087877196876,0.012976511873838307,0.013402340087363544
2015-01-27,0.0,0.0012342115918092989,0.0012964479712563256,0.0022973556574734954,0.0013190784216598184,0.0020090612560195,0.002472552825378991,0.0028115569475257113,0.002399086782198649,0.0028228551059258956,0.0033142014895900765,0.0030770299287365232,0.0031335044502712297,0.0033142014895900765,0.003404537766442035,0.002947126424265634,0.003184328792883334,0.0024612507084924946,0.0025064584096320575,0.002404738207912249,0.0023934353245464775,0.002370829174542419,0.0020034075937182248,0.0015792917980955383,0.0020429825586006428,0.0022295291576338305,0.00184509207055063,0.0018337828597636795,0.001183288036542076,0.000719198379675624,0.000996546144417145,0.0003002007969370069,-1.1330096702490462e-05,-6.231712051611765e-05,0.0001246225919713644,0.0003794840761350313,0.0007927879367845163,0.0015736357054940335,0.0015227294324159962,0.0008210901706816561,0.0008833522658212925,0.0012228954702967823,0.0012002628431004635,0.0011267032668834949,0.0010022055020236416,0.0010418201084999635,0.0016075717812424823,0.0022917036248613107,0.002336918991311275,0.0023143115636397415,0.0023651775571908664,0.002252138502077061,0.0031730347177551426,0.0027833109930507334,0.0022351815416682846,0.0018620556469251231,0.0023256153413624813,0.002585566969219525,0.0023651775571908664,0.0023086596268623496,0.0027663630373972107,0.0034214749098803307,0.0038335236729316585,0.004566889006338835,0.0055870643282326755,0.006015115182703715,0.006465497170533769,0.0070225641989760685,0.0073881465898507645,0.007905357932806183,0.00946100053865986,0.0100780940479062,0.009141084050971622,0.008562729649604542,0.008573963017199869
2015-02-03,0.0,-0.0007937813322543976,-0.0010206917773484116,-0.0009469402349148049,-0.00038547223660057885,-0.0008788667154877588,-0.0008561765720849959,-0.0007484054211832311,-0.0021673767349658494,-0.0027071142084051235,-0.002366193491897062,-0.002610508204551221,-0.004043507227173117,-0.003963842275157667,-0.0033949913954492085,-0.003480298401196613,-0.0027980460323330596,-0.00259914340587841,-0.0032471431557110804,-0.002678699709052518,-0.0029174066008582824,-0.006065706530368,-0.004914545269179608,-0.0033551839497455104,-0.0012136061466626752,-0.0015541340817569222,-0.0014973713725710564,-0.003122057870126262,-0.003014042258922942,-0.003503048165168654,-0.007172526134794052,-0.00883505590479436,-0.010523264315868194,-0.010047988661362778,-0.009252550656429964,-0.009641606742627215,-0.010082338364241408,-0.010620637809162028,-0.009527162768549782,-0.009378405180207956,-0.00913815119627068,-0.008812184516328689,-0.008554917434519459,-0.009161030041347438,-0.009693110804305955,-0.009710279414364524,-0.010488899464235214,-0.010872707358776655,-0.01032281932732401,-0.01029418760853138,-0.009864810170584794,-0.00989915358180491,-0.00882362014517403,-0.008634948989861025,-0.007589327221085146,-0.006556207364357811,-0.005489960253251849,-0.00605430239636954,-0.005615342098125061,-0.005877554948056918,-0.006071408646138288,-0.006225378063554201,-0.005945969609345539,-0.006442115931359774,-0.007886332609346852,-0.007869195285111135,-0.007646436791522409,-0.006425003339058333,-0.006025792630347181,-0.006202566283549935,-0.006248190363947422,-0.00733237450753548,-0.00848060815354186,-0.009298314105171391,-0.009252550656429964
2015-02-10,0.0,0.007332544929722788,0.007970933167577183,0.008152418715093193,0.008567955099526571,0.010683925026262833,0.011915204340815073,0.013407046109342399,0.012673058367771774,0.010123219924926555,0.010356885258816827,0.012358327198045553,0.012183433736866216,0.01283038681453601,0.013098370876913883,0.01308089584436623,0.013907712704963816,0.014524468704428879,0.014675690401540762,0.014029930433088103,0.014233593458769931,0.014251048359670134,0.014175408255250755,0.014896665600881709,0.01489085108960577,0.017370577557933614,0.01806635076394641,0.018715302613636527,0.017938828577811403,0.017300973604400895,0.01637826355712832,0.016064696555743704,0.016163422698215874,0.014826889234108758,0.013779659061953657,0.011827722675458282,0.010339362252569467,0.009597273208735184,0.011588567068598538,0.011489388211116175,0.012125129118540872,0.011938531492454153,0.012288373484057705,0.01288282413010693,0.012754639170688548,0.011226808451005748,0.01108673771505508,0.010654729395095,0.011127593706446037,0.010683925026262833,0.009901187273528848,0.00922309828928982,0.008778583651005274,0.007748422070382079,0.00912953267926157,0.008210955414693723,0.006259838176957272,0.004310783027516648,0.0015922067806780913,0.0003422434682608883,0.001757179531089062,0.0014095266266009225,0.0013564842014887116,0.003764130963811735,0.004974592791097031,0.007063011045924455,0.00773670958838984,0.008883881292435376,0.01042113365481924,0.010444495684513534,0.010526258490658693,0.00942774254520129,0.00894237519153839,0.010444495684513534,0.010958322302694253
2015-02-24,0.0,0.0007714396302524393,0.0009827673689469,0.0008742532977063082,0.002044441603204781,0.0016221900833878328,0.002403785547705693,0.0012511463330731364,0.0012454368922271604,0.0006914661357105957,0.0002457824037887753,0.0010341646614628443,0.0009199448681906038,0.0020615561480012428,0.0025463465711932755,0.002820006778146466,0.002244093069452523,0.0017819818978213147,0.0017762754869539606,0.0008628300788717031,0.0007543029912610978,-0.0010695708151733008,-0.0009036265777783437,-6.28842729497826e-05,-0.0004745881036080303,-0.0005260630024570369,0.00021720615807681247,0.0008742532977063082,0.0016450190487798683,0.0013139480310232017,0.0012511463330731364,0.0016336046312288367,0.001547992346384567,0.001199760191904095,0.0007942880254392538,0.0011940504576636098,0.001707796016501839,0.0014452479287408609,0.0015936531437443502,0.002198461962719196,0.0014052889152663757,0.0009713453896318809,0.00105700705466135,-0.0001543593660610212,-0.00040024014942944305,-0.00025727884880994426,-0.00020010005069264774,1.7149569974880642e-05,0.0005943468646003443,0.0021128980250145015,0.002517835992341035,0.0037715331379893453,0.0029283099244585627,0.002951109092289902,0.0033443129393563057,0.004591284639807727,0.003948064189405677,0.004164414586796977,0.004921272581174059,0.0027287950300099464,0.0015651153897207036,0.0015023294640213866,-0.0005031849425154337,-0.0009322356886376546,-0.002203305848775122,-0.0021861184517201183,-0.0006347409355095539,0.00017148246633802154,0.0001429040973035701,0.00019434457353963727,0.0005372134752606939,0.0014224144022729802,0.0021927579279701513,0.001433831230678051,0.0012283083741005598
2015-03-03,0.0,-0.00015683814335781948,0.00043117810283284727,0.0005823264103995365,0.0020701971842134637,0.0024110888147132275,0.002902662250599469,0.002159622625810982,0.0018577797048102127,0.001841007981934388,0.002489309845035793,0.0028188884064199796,0.002813303233935957,0.003567019509410925,0.004091494070469039,0.0032321046304779697,0.003204189993436189,0.003204189993436189,0.0031762745771456943,0.0033939941607658295,0.0029864290773096444,0.0028691535550898943,0.002399913882321393,0.0021763890058660667,0.0015782142595147986,0.0014216234644963794,0.0011083682932243842,0.001315351458400378,0.0016229499832342222,0.0020422500936434717,0.0018018728679485,0.002092554294334237,0.0022099209226655223,0.0032600184883145407,0.002802132795384586,0.0033270085682251737,0.003477719841992815,0.003868347026799193,0.0035781814071569546,0.003946454156346071,0.003846029583484455,0.0037846540460807414,0.004052446932200855,0.004961292064553971,0.005095040016737877,0.004966865253058645,0.005083895037272328,0.004615693702148901,0.005161907285234786,0.005301199735530586,0.0052009111271180295,0.005713391711421387,0.006225609793896805,0.006114280353267997,0.003868347026799193,0.003801393202595013,0.0037567548292099127,0.00447630572664511,0.004933425656114183,0.0053736241425874605,0.005423761044193085,0.005590865897306859,0.0058526073706235155,0.005735667519338134,0.006025207876047818,0.006275703998842606,0.005713391711421387,0.006659676224004896,0.006654112461900302,0.007099115639891397,0.008421830398717602,0.007015692626770742,0.007076870183524825,0.007210335499424067,0.007410500079857919
2015-03-10,0.0,0.0005779801186959291,0.00010875444687636243,0.001847218974568191,0.0008125104156507865,0.000652349339026226,0.0012585382025703342,0.00018888173483946435,0.0002861705252444786,0.0014643301019556432,0.0007724725512651279,-0.0010767346202406889,-7.441775267543544e-05,0.0006580698192032521,0.001189931490520136,0.0009955202415016197,0.0027381537725312223,0.002201403496979576,0.0022813632886697997,0.0031604992802589326,0.0035598511944684706,0.003787980704580347,0.0025440433116515017,0.0022984966979616014,0.0025269141089298884,0.002818070659011853,0.0031776176337019297,0.0033202591842863174,0.0033202591842863174,0.0026468123668376368,0.0016986526394262341,0.0017786526394691145,0.001692938108803573,0.0012128009175277003,0.001670079659748285,0.0017900806884727438,0.0013157068672973338,0.001064140292307567,0.0017843666802958562,0.002486944828171778,0.002772404648786025,0.0022185382762984736,0.0018872138323772934,0.002161421203418764,0.0025383336100120407,0.0018586462400235007,0.002372738079570792,-0.0007100564907741031,-0.0007673410863890966,-0.0006871435713235189,0.00028044791722295706,0.0005608172054626807,-0.0003091561778567965,-0.0020284331297963374,-0.003871338896775545,-0.004216184323232069,-0.0046589102572410675,-0.004124213914646048,-0.004331159230085306,-0.00370470622661847,-0.003360037105559248,-0.00419319092808364,-0.003934551656579433,-0.00595947267476701,-0.006241676283662574,-0.0052456803349969815,-0.00523992601566111,-0.00657005418620462,-0.006506674614571744,-0.005994023940210413,-0.005458613431647324,-0.0025218381507358203,-0.0027054928803611268,-0.0025275768505185303,-0.0019596052682507503
2015-03-17,0.0,-0.0004554666161177245,-0.0007207706214573907,-0.00042663346491172033,-0.0010323042926897504,-0.0009457574260650192,-0.0005765749303516207,0.0008296843066404638,0.0007548105121456988,0.0025214886680646645,0.0040324838853814955,0.0047613113376229034,0.0043940946067745675,0.004279311718481642,0.0051972061332881195,0.00446869641963331,0.004554768519415224,0.004279311718481642,0.004600670610263646,0.004944869147375899,0.0048932469188330205,0.004985017927288548,0.005013694640365848,0.0052258767622376376,0.005386417095474283,0.005856422721266766,0.00605123833463519,0.006074155323573078,0.0060397796432178135,0.005122658650808002,0.004870302850733958,0.004359661123652087,0.004250613937679094,0.002182206390583768,0.0011291234363584666,-0.00047276690589816796,8.069396816966669e-05,0.0010715459514420989,0.0001671445660295168,0.0006799311111456049,0.0009794150794733632,0.0009160701808761628,0.0006050461028013835,0.0006453694964236529,-0.002481634303554917,-0.0022447475718595155,-0.0037421216660936465,-0.0034066074874724273,-0.002707017672950068,-0.0033892563673125456,-0.0029208898880074816,-0.0021985323127280943,-0.0027359166507952004,-0.004998406874871884,-0.004865177421697542,-0.004025661049588157,-0.0037421216660936465,-0.003597489681924653,-0.002891985564207705,-0.0024758559106991787,-0.003152154559890734,-0.0030307339384728284,-0.003036515538530565,-0.004066173239422021,-0.0039272811352150305,-0.0028168382320471644,-0.0028168382320471644,-0.0031926313767994888,-0.002129213428503344,-1.1528241309306112e-05,0.0033261049095476905,0.0050481056105864215,0.005844961797286918,0.005971024737241744,0.0053405510586930225
2015-03-24,0.0,0.0007025720278924398,0.002667151766229714,0.0019776496996234323,0.002380890828668882,0.0028540534623225948,0.003344504278186301,0.0035604598972276682,0.004289694961994973,0.004336347904929443,0.004318853306386194,0.004406323238652836,0.004686175618349821,0.004785271225289633,0.00393972849687559,0.0035896395123507863,0.003332829672787763,0.003432059474497276,0.003852217740289404,0.004674516666023076,0.005065017590411147,0.004989260676828342,0.004965949702603259,0.00509998038417522,0.005268949990440949,0.00585720757102836,0.0060551570479817594,0.006247247016528335,0.007102472525284326,0.006177400388054932,0.0064974907144575355,0.006229785816768754,0.005659218902321198,0.004342179369764303,0.004505446580240285,0.005228166837373193,0.004907669889548284,0.004831901054399811,0.005199034995393946,0.005752394923539449,0.005344685719389849,0.0049717774971036206,0.004709493115217725,0.004872700371308354,0.00466868713888534,0.005006743550896613,0.00489018528328672,0.0049717774971036206,0.0030175637959560593,0.002451003125226065,0.0025561623539215607,0.0016327203044190688,0.0011882290641055727,0.0019075042061501624,0.0020068755364342347,0.0026613105253164436,0.004307190070654505,0.005746571676555113,0.00782913013586177,0.0072362171720635835,0.008967467241378223,0.008334572364990854,0.007678028839590084,0.008706228912166155,0.007492026665153432,0.004336347904929443,0.0026204208835334188,0.0014221964501194458,0.0014338933825988832,1.1713579552978031e-05,-1.1713716762309144e-05,7.02794192866265e-05,0.00014640988351426307,0.0003220734530985153,0.0006674551472045241
2015-03-31,0.0,-0.0004174763907178239,-0.0006115740577440719,0.0006758246051690321,0.0011809255479951523,0.0017796682063373065,0.001773799920023776,0.001280740889696148,0.00048781492211665575,0.0006464504221363773,0.0008637989472250542,0.0008637989472250542,0.0005171937652386927,0.00023512123546971044,0.0005054423315635571,0.0008285564494678397,0.0011574381372462712,0.00145099112860448,0.0021317023807564915,0.002366323000292546,0.0018383491755290485,0.0017209837934873409,0.001022374818770165,0.0005700735079029043,0.0008168086742029971,0.0010811002421973613,0.0015155612238676455,0.0016975090640325577,0.0008814197303517643,0.0010047565192291153,0.001709246497642704,0.002043705454725631,0.0020026375724437767,0.0019498335311622453,0.0019380989211033326,0.0021610329687486783,0.002454291542798519,0.0027005623011500256,0.002078905154358549,0.0009753919968556357,0.001298354327575392,0.0017444579718923585,0.0020671720588157257,0.002237288471646832,0.002078905154358549,0.0018090091213651955,0.0018324812335629318,0.002237288471646832,0.0027533267168403045,0.0028529852399247486,0.003175341845311908,0.003942718421749388,0.003392141473500246,0.0035913213218447546,0.003960285035814173,0.003995417338213057,0.004083242694620916,0.004053968432842514,0.0039075842678344816,0.0035444590442124057,0.000364414354904998,-0.002442650458911211,-0.0035747661027841367,-0.005919723896041089,-0.004631383785211782,-0.0033388029591320968,-0.0032326377069194566,-0.003138278055036488,-0.0037871805477648988,-0.003669166952461736,-0.002095018038392769,-0.0014884238107062278,-0.0018652934418304033,-0.0018535141157254213,-0.0028670436419817834
2015-04-07,0.0,0.0006855727537322156,-0.00036890585249417,-0.00028243133215771375,-0.001840117963711275,-0.0021230695548921006,-0.0023714399862251353,-0.0015283864659149822,-0.0014302688805677233,-0.001332160921336535,-0.0010552021575717695,-0.0012225222383913468,-0.000980205691024075,-0.00138987031990518,-0.0028221298960887163,-0.002862586360603854,-0.0027123277421225896,-0.002463872640436897,-0.002666098862933615,-0.003105359524957253,-0.004186994113149317,-0.004939622558662096,-0.0054610050450702675,-0.007200912572963562,-0.007084824508427573,-0.00602904197115069,-0.005032292912902872,-0.004771679427286121,-0.004354839071104484,-0.004169632449438593,-0.003961315992842427,-0.0029550644260288032,-0.001499527353215268,-0.004487977520817187,-0.006562594924438923,-0.008095242349871279,-0.007479578924063489,-0.008943852656194705,-0.00900200300976522,-0.008699658090054574,-0.0077350913149010015,-0.009054341219286914,-0.010055109334092297,-0.010311280737449474,-0.008252122868247492,-0.0078047878446226605,-0.008048763959409656,-0.008606647271666767,-0.00798485969958809,-0.009054341219286914,-0.009385880173788266,-0.008432275300937875,-0.008571770444989357,-0.008269555556281193,-0.008362535025319355,-0.008403216261685796,-0.008310233010226901,-0.009577874030574614,-0.009577874030574614,-0.00833928934756139,-0.006922323855165585,-0.00658579933791931,-0.008135912713673341,-0.007456353761921655,-0.006730839122586387,-0.006603203001391061,-0.005687021904571773,-0.006469782654590063,-0.007653784835891363,-0.0073286250111676155,-0.004296958317017881,-0.0034060175056440625,-0.002157722191094722,-0.0007379478467414895,-0.00013832374694963486
2015-04-21,0.0,0.0013611630831047977,0.004912848529049149,0.0052146638617834775,0.0029992331385695356,0.0022873584459055254,0.0020143387274378453,0.0028984150291793526,0.001278001023964384,-0.00023199854956258657,-0.0010235780895822204,-0.0006425894193867026,0.0007610531439707144,-0.0007378229797651869,-0.002775612148196541,-0.0021495332596966114,-0.0015178890569728216,-0.00041049560483508987,0.0006065110933655691,0.0014205603199627962,0.0006481209180455551,0.0008502011564748079,0.0018124936250583565,0.002524706321866194,0.0019312309722493,0.0023407666298321745,0.0035920751813184027,0.004083867299448405,0.004338556091852775,0.004006855590668591,0.0033253397546051514,0.0037580079907638293,0.004220104257191503,0.004516207540179279,0.003420187168898482,0.001854053300304891,0.0011948320483204735,0.001705617956983446,0.002204273378618048,0.0020915040303942814,0.0027323395118875687,0.003034813574077683,0.004042400193224298,0.0053329979545655316,0.004841819916326526,0.004220104257191503,0.004504365092108321,0.005185078150496444,0.0038054123081207266,0.0034379700576107116,0.003455752630097212,0.0036572663544565107,0.0030170235145694224,0.0018362422224078505,0.0016581139933627316,0.00277386097700804,0.003402403963949498,0.0030288835894068094,0.002138987411220178,0.0021093105624245155,0.0027619978771799615,0.003503171277489441,0.002536572237024994,0.0011532449664501364,0.00016652987465482394,0.0004638356915518382,-0.0022627946820828835,-0.002107808600715075,-0.002966495101735458,-0.003366274333457127,-0.005355611429322296,-0.006336801380246812,-0.0045964483850218915,-0.0031275809399537013,-0.0020660856826080682
2015-04-28,0.0,0.00230013493435879,0.003049433644132375,0.003998956823578363,0.0033295149913278787,0.0033356028451464364,0.004266608124197401,0.004777379947994866,0.005925663572604752,0.006514482703778035,0.0077698766650685785,0.00686639455955836,0.0065084141718470545,0.006769327795748907,0.00833338155914424,0.00798804526177657,0.008151640479102096,0.00798804526177657,0.006593370267801309,0.006186729268537318,0.005451928527394887,0.006283852597030159,0.006684386647778812,0.0073637138973357144,0.006896725991113243,0.006654048774885903,0.005998525971995711,0.005518750910488003,0.005700971081550401,0.005257510747276502,0.004789538002705989,0.0030920597794404235,0.003025075036712638,0.0011049691152987956,0.0016905349349880115,0.0022696637585649685,0.002860638915207652,0.003731233866561247,0.00330516320542768,0.0034573521391510708,0.0037068918613874717,0.00330516320542768,0.0032929870900954166,0.0036338622904644674,0.003846850300044832,0.003907695685853736,0.0035303946012013774,0.001525879202309557,0.0013062960434555163,0.0012391915709171935,0.0021416746801249166,0.001995381386192586,0.0005251651948396753,0.001702730577485047,0.00178199862853859,0.004637551693340229,0.003731233866561247,0.003171217781899118,0.0021355795534835405,0.002379355646350442,0.00346343921476765,0.0035121344858577747,0.0035486543831192564,0.004017208051734686,0.004984046777488533,0.005694897610774321,0.007412219617988668,0.010209441174993816,0.011266954907920628,0.011279034317962558,0.013589556057594317,0.013475060635779525,0.010275946415329017,0.009241591841964497,0.009302109876357175
2015-05-05,0.0,0.0006555701138453705,0.00014438261417777963,-0.0012642378932393823,-0.000987172853460777,-0.0005897787898743658,0.0005353142091354893,0.000986199304200807,0.000679619559506594,-0.00015643802679311396,7.820983703243477e-05,0.0003067881411348311,0.0006976562642012528,0.001160487053715442,0.0018933650743479266,0.0029796791259061885,0.0031596172276846866,0.00255369658474824,0.0033275302491343637,0.0037112255997370116,0.0037352016716184324,0.004406298400641956,0.004585980005322809,0.004412288307648559,0.0036392939347878635,0.0033455192578504193,0.0037891457316414135,0.0037531833482902844,0.0038610666186964936,0.003603326161908248,0.002769710410473302,0.0014308734375028098,0.0016711555298340038,0.000757776263738423,0.0007637880649040206,0.0020494827874207072,0.0015450146302821981,0.0017011867322556961,0.0016170970926503488,0.0012025519598719606,0.0014549042449994057,0.002319628938130255,0.0018032860750047239,0.0017312170328311316,0.0011664964343587572,0.00044511278930406146,-7.821595428947621e-05,-0.0016377948830990318,-0.003622395281734005,-0.003513713411574389,-0.0017402461811560066,-0.000914907640096481,-0.0011196726428595555,-0.0017643538944201527,-0.0008847986757522419,-0.00016245536273810248,-0.0002948459150600788,-0.00018050758782566545,-4.8132170950603946e-05,0.00034287467665069653,0.0005593665470236784,0.0003909880317245275,-7.821595428947621e-05,-0.001981349470972801,-0.0016377948830990318,-0.000914907640096481,-0.001017284900389566,-0.0007703928782641676,0.0003067881411348311,0.0010162510834185571,0.0010402918565709882,0.0011785150873085055,0.0010523120264161374,0.0013707938921669368,0.001208561087737319
2015-05-12,0.0,4.24403183086766e-05,-0.001796269583514966,-0.0051059595229389874,-0.004947526305255664,-0.004411476975882495,-0.005349751959267201,-0.005569215980241403,-0.004697740297456471,-0.004234887287652277,-0.0047160152069199174,-0.009276894257747333,-0.00870793900938774,-0.010097248892842416,-0.010666995371078646,-0.010330009309921933,-0.010109498090520082,-0.009656377675203937,-0.009595160931180973,-0.009509463784843549,-0.009117798898101069,-0.008286020005461577,-0.00873851976858801,-0.009393172260222283,-0.009686987452581374,-0.009234058401681578,-0.008133194724194843,-0.008769101462999822,-0.008591740652546372,-0.008940376237091038,-0.009846173400471926,-0.009601282436949016,-0.009987012865147298,-0.010428029906578293,-0.010605716730955023,-0.01158662586707517,-0.013250238868433888,-0.012820258149515353,-0.011893357399640989,-0.01184427403153035,-0.011120574053301984,-0.011623428683721664,-0.011727710686889364,-0.012537800025124285,-0.012513242219117517,-0.01187495085427294,-0.012169496244005814,-0.013268670745751719,-0.012593057293771547,-0.013016797823523572,-0.012513242219117517,-0.012040621960690555,-0.011868815414438653,-0.011647964647311446,-0.01148235857471034,-0.011255461453184014,-0.01211426237458306,-0.0140861588900651,-0.014258346845943053,-0.013514461578991098,-0.013403848227846977,-0.013514461578991098,-0.01248254580967405,-0.013004512962158231,-0.012881672648269544,-0.013409993093043941,-0.01392629661722102,-0.013643525954637055,-0.013010655373976174,-0.014768935418006345,-0.015538386406549094,-0.016043468031084022,-0.015938735023148656,-0.014984322022407707,-0.014959704062373689
2015-05-19,0.0,0.0009763373751387179,0.00043138312882481103,-0.0009832901437987055,-0.0006294341594904457,0.0001617904816795057,0.0005332103281557432,0.0005451893170096274,-3.595699543746205e-05,-0.00012585514089924932,0.00016778221907375217,0.0007248569324053178,0.0010002845954661993,0.00120979831489159,0.0014192681475130803,0.001634677066275307,0.0017662930111388391,0.0025855118092904983,0.0024719375988829667,0.002005550357480704,0.0017782572381001137,0.0016227111213544406,0.0013713931968748845,0.001562879248898081,0.0019038729797124251,0.0021610369410957034,0.0021670167115322076,0.001981627198665515,0.002113197490283602,0.0026213746697162153,0.0033264163441782315,0.0031770846034391326,0.0034339213910464014,0.0038399472986883894,0.004812544597786634,0.005432603523248891,0.0057782386908962575,0.0059569686363827624,0.0059569686363827624,0.0056709853882855685,0.005951011486164393,0.006754905951323094,0.006707285769881331,0.007290476793367136,0.007284527581786509,0.006915607323880222,0.006838235812627314,0.007094134121226563,0.007355915784916075,0.007796030459733649,0.007879273613032582,0.007837652902561047,0.007581944812763994,0.007831706945365662,0.007879273613032582,0.008901410085918547,0.0089489258997846,0.009311159758358816,0.009002378491802349,0.005992710792472688,0.0015987788019524057,-0.0009772915414731566,-0.00079735020186422,0.0020294729439916132,0.0021610369410957034,0.00034751764900543087,0.0007547983968446116,0.0021430974152370492,0.003218899738732122,0.0033323891499932464,0.00278871768144422,0.0020952571061794343,0.0022746464652837173,0.0014791086128502363,0.001556895864755953
2015-05-26,0.0,0.0004185401381292571,-0.0015680926352707896,-0.002772764028572797,-0.0020533826654944728,-0.0021552635668090738,-0.0021912240103249907,-0.001795730237193045,-0.0009393632765514109,-0.0007597988992471287,-0.0006221547092602285,0.0001255804359293195,-0.0003888013304112844,-0.0009273913148854095,-0.001029157557913325,-0.0017058670986923744,-0.001262660431358855,-0.0014243482126061597,-0.001274636407550726,-0.001262660431358855,-0.0008854905777256509,-0.0009214053877999297,-0.0013345184399648643,-0.0010351441300320092,-0.0010052116278221645,-0.0010531040614254513,-0.0008555625546188953,-0.00044863033912223956,-0.00042469830609484364,-0.00031701124459126593,-0.0006401072248570781,-0.0008795049014490345,-0.001316553453722558,-0.001448304181536573,-0.0010171845211917987,-0.001124947012764825,-0.0010590907769039736,-0.0013884153352173433,-0.0018137038339797469,-0.001735820580936669,-0.0015022072100012423,-0.0011668577847374997,-0.0012806244494310375,-0.000693966705485087,-0.0015261650442143348,-0.0017478022250580981,-0.0013405068404331037,-0.0017178483839250644,-0.0017897391100521714,-0.0030966545564068645,-0.0024969400025516416,-0.0022451671003782155,-0.0025688867619805327,-0.00285072808718125,-0.0034266509294414126,-0.003822790375705031,-0.0040269234711918156,-0.004381253356018096,-0.0046215484395355265,-0.0038648143714128174,-0.003942863620528567,-0.003744750497287611,-0.0036607143616997607,-0.004351220530137177,-0.004855891753561561,-0.004441321713827389,-0.004225092510029784,-0.003978888405584484,-0.003624701036765739,-0.0033246404222707117,-0.0035466766150822194,-0.0037807681459392476,-0.0035166688430670395,-0.002239173280006849,-0.0015321545924526054
2015-06-02,0.0,-0.0014919121528783551,-0.006267894686097188,-0.005694287758406409,-0.004565959743029424,-0.0038979211866772695,-0.003492543971671013,-0.0035819512906136108,-0.0037846374794361596,-0.003671366603939762,-0.003993327947511209,-0.0034985042109151026,-0.0031647855088439807,-0.003057542430388312,-0.0042736379602906415,-0.00484643033871972,-0.0051150397494238746,-0.005461353895638148,-0.005055342533684269,-0.005335950439712979,-0.00531206585004893,-0.01051443989890672,-0.008068527487678626,-0.008343993086162765,-0.00846378440982049,-0.01040640576001389,-0.009554545413588352,-0.012575323803891881,-0.014550062251006385,-0.013297336807423893,-0.01303855554535384,-0.01228065165459204,-0.011415178565463112,-0.011054785733379651,-0.009278746193671023,-0.008397897406008176,-0.008421855814212622,-0.008367950202925072,-0.008529675755016229,-0.009188828108985504,-0.008445814796436255,-0.00898504371217136,-0.010016379623318809,-0.011264999100720775,-0.012262613323137004,-0.011757672101992368,-0.013598329483534602,-0.01461635586544901,-0.013754881486214779,-0.014773067335843867,-0.014706763331961914,-0.013821122404458427,-0.013333451145421987,-0.015351907140005885,-0.015291595691668464,-0.015140832982840339,-0.01593108219375173,-0.016365683725319363,-0.01675819462253586,-0.017102523320902063,-0.018384225984195673,-0.01880779071121756,-0.021377224365145876,-0.021613895675316033,-0.020546284232967102,-0.020534158832070857,-0.02132868332672219,-0.02023107158305575,-0.01954643261247479,-0.02069786415073716,-0.021929544579235728,-0.021832411227208814,-0.022943937503512528,-0.02283455224853592,-0.023041178887091035
2015-06-09,0.0,-0.00032438367386953133,0.0012341909825108936,0.0013089415026847724,0.002864974555574253,0.00376636555607318,0.00376636555607318,0.0020561395449205854,0.0011033641254395788,0.0009600579265782072,0.0014023717959680748,0.0007045481051978931,0.0008915129189645392,0.001788457760935043,-7.484843196033092e-05,-0.00020584666990941815,0.0006048192429591741,0.0007232461596659905,-0.00043669485082147843,-9.979915428504866e-05,-0.0010671194095716913,-9.356141534063798e-05,8.7316090539935e-05,-0.00029942734743936325,0.0004614415765903099,0.0008665862967077237,0.0016514765769543012,0.001433513287336739,0.0018071355595701373,0.0019503204270418888,0.002099708868389157,0.002392196603103233,0.0014459696123473383,0.0013836864356360301,0.0017261959124851435,0.0015580695557920344,0.0010285982360956137,0.0010285982360956137,0.0014584257821998374,0.0015020211548692397,0.0016327958706986254,0.00184449011029264,0.0019067445941919779,0.0032069771394727833,0.003026663081637949,0.003144803550793188,0.003623440501378582,0.0032691468628373473,0.0018507157330885145,0.0015020211548692397,0.001601660584765086,0.00167638364246741,0.0018756178366950156,0.0025228549658909078,0.002622392737446858,0.0031385859793142982,0.003331312721367904,0.0016265688910638283,0.0016203418726535143,0.00211838085449764,0.00031804335011833743,0.00011226214469912431,0.0005362498803469465,-0.00017465505670783113,-0.000761220235299054,-4.366090447377932e-05,-0.0011857585562582386,-0.0004179754453493516,-0.0013731121867828298,-0.00026199402553971123,0.00036792332643571465,0.0005362498803469465,0.00028063173505453367,0.0002993377175399423,-0.000474134713047177
2015-06-16,0.0,0.0007197644490501507,-0.0010022739928339855,-0.0015037879485676913,-0.0015978498225377351,-0.0011965808038990257,-0.0009709377201556977,-0.00043210746997091124,-0.0011840437412073408,-0.001190312252905885,-0.0012216554008261825,-0.0011777752688027893,-0.001046146424345252,-0.00042584370927157964,-0.0005448618722101566,-0.00019411214107154762,0.0002754493284557684,0.00013773414826931152,0.00018781458998947333,0.0003755939122821961,0.00040688703812381,-0.000739079816679136,-0.00044463510907478645,-6.887418879890661e-05,-0.000162801182546603,-0.0002817880409016483,0.00030674558824232934,-0.0002755252216936475,-0.0002504743370828752,-0.0005010114272776598,-0.0005072756588287602,-0.0004696908581177033,-0.00083306978488577,-0.0008393360968792232,-0.0012529995311701934,-0.0015288702498702502,-0.0011777752688027893,-0.00033189200664110544,-0.0003819984829136226,-0.0005260685889290844,-0.0005072756588287602,-0.0011589700873478304,-0.001227924148299139,-0.0012153866926502854,-0.002118485511642039,-0.0023381119593140604,-0.002099662631803536,-0.0030538012802630273,-0.002840296472454097,-0.003217100425817788,-0.003788857526312234,-0.003317605463717364,-0.0027398393926569694,-0.0027649527165321476,-0.002457357948239992,-0.0027963452582946678,-0.004166019138245907,-0.0037700031792847737,-0.0028528543170257587,-0.002658225445415902,-0.0017922724037649767,0.0003192638179142803,0.0008636551924313388,0.0019140557541878329,0.001689062784269198,0.002413858967081216,0.003500069199354645,0.00425472737814969,0.0050399649528518504,0.004485376969457432,0.00546971486370622,0.007615698500747815,0.007217950742157575,0.007851786401097046,0.008640412834873231
2015-06-23,0.0,0.00023990164147801545,0.001312757007818414,0.0020433178355444546,0.0033593751184457653,0.004488606494846227,0.004488606494846227,0.0043154209858598976,0.004918454681475556,0.004918454681475556,0.005377949066721704,0.005533055344660761,0.006427429789396444,0.0067730402421897215,0.00651086393904223,0.0064393493798393575,0.006933887131191805,0.006498945200997953,0.006457228499114376,0.0048527953875281415,0.004918454681475556,0.00549129832873038,0.0029467980907417982,0.0027733453337536592,0.0017200206807370176,0.002288714406610949,0.0031202207670880822,0.0037299513687491866,0.0037478789949227645,0.0030783628746270998,0.002964739762367783,0.0032099103514967903,0.00322186835498879,0.003682142794272212,0.004189992063577925,0.004094416609671248,0.004530405400318095,0.005145244531811469,0.00549129832873038,0.004769222777805418,0.004578173438732718,0.004811009955714416,0.005198950384867359,0.005061696360274105,0.005091535794282013,0.005765669662226284,0.005360050640291036,0.0055032290826349806,0.004936361013453419,0.004554289704748372,0.004948298389976442,0.005729886365865067,0.005765669662226284,0.0061949693736758965,0.005831269046808306,0.0066598361798303925,0.005700065974082472,0.004673702670750196,0.0048527953875281415,0.0038673882899002833,0.004387087592835122,0.0050855679787115285,0.005222818727092581,0.006105547130727598,0.005962454907545868,0.004912485832896213,0.005139277036757174,0.0053182863994246455,0.004882641055580725,0.00551515969419817,0.005204917523832932,0.005604634744140218,0.004840856870888793,0.004751313452717896,0.004619968600650251
2015-06-30,0.0,0.0023300375060205684,0.0006310873844725836,-0.0009443694930670453,-0.002076381463948228,-0.0008420698573450763,0.0,0.0008053175429520215,0.0004448077782457999,0.0004027398385170544,0.0008293469068359694,0.000607053256009105,0.0011777078122533525,0.0018620637040126869,0.0016640088421686823,0.001904070299054174,0.0021140768100279244,0.0026898683893898626,0.002695864473946586,0.0030615576614411396,0.0015199443010050896,0.0007392338148446959,0.0008774039024420281,0.00048086460380697486,0.0006250789065102398,0.0017600403405737782,0.0018740657683679635,0.002180069748807223,0.0022280618781072626,0.0026598874272984957,9.017972825933541e-05,0.0009855236992820419,0.0012257480699983847,0.0010095487333688417,0.0016279946525739005,0.001736033330525786,0.0018980694649380712,0.0016339971075781579,0.001754038642093169,0.0018440603373826565,0.0017120257441274264,0.0009254585886840191,-1.2024578238126742e-05,-0.0005592959031533173,-0.00028862979220593604,-0.0004570356507221198,-5.4111740757905235e-05,0.000120237830573415,0.001213738221922977,0.002006078969879628,0.0014899282424114418,0.0019520756756656046,0.0019280732754243014,0.001790048292683386,8.416799937612368e-05,0.000120237830573415,0.0006731457193894155,0.0011536868179032312,0.001027567130152429,-0.0011309428334816743,-0.0009985323608237657,-0.00021646453373295945,0.0008413613722525387,0.0012197431639902373,0.001910071097160261,0.0026778761124160266,0.0027198484526498676,0.0034271171663134274,0.0041458608333789825,0.004911951772320511,0.005695390750503255,0.006137672933741169,0.005988275155904614,0.0059763223694112785,0.0060719406612631905
2015-07-07,0.0,0.0013304148225922927,0.0024250672334495864,0.000873467457320232,-0.000152495352119828,0.0005335506750516714,9.969592750390608e-05,0.0003635489453144557,0.0010375238696573774,0.0013831260849513473,0.001640785601039856,0.0019452067349008245,0.0021324967657660805,0.0016993353244093017,0.0022904954494387558,0.002056414421222372,0.0018222785862487454,0.001588087918847413,0.0014885402749703538,0.0018222785862487454,0.0020973825567975404,0.0020154446071905295,0.001904232364363834,0.0009203434644305277,-0.00019942167779724745,0.00046320863686222686,0.0009262028108204265,0.001101967240067864,0.001295272437357796,0.001260128817092657,0.0016524958199626981,0.0019569133895489584,0.0017461726350194863,0.0017754448401844675,0.0011078255223609013,0.0011956956386696255,0.0010668168255822208,0.0008500286297292056,0.001043382529488708,0.00027560567453025804,0.0009672172742837789,0.0006918021721774718,0.001078533767694968,0.00170519010820654,0.0016115094537788848,0.0017461726350194863,0.0018515485637423037,0.0018456946367817618,0.0015412432032155515,0.001482684222593611,0.001447547188155649,0.0017812991783956505,0.001962766665480933,0.0020915300687585742,0.001951060079355501,0.0016056541214741495,0.0007621281330347806,0.0010843921872688862,-0.0019489979400179353,-0.0017551021319666706,-0.001778602651916532,-0.0015436223010670783,-0.002819053960665848,-0.003954792474531011,-0.004891422736074232,-0.0031719951408001627,-0.001702227981245207,-0.0016317334621648743,-0.002107667933210695,-0.003283785821692433,-0.002871987197163403,-0.0024427206189707156,-0.0019196173705615432,-0.001572991825488562,-0.001249974488395148
2015-07-14,0.0,0.000521049215412218,7.106815438995414e-05,0.0004026527766388439,-0.0010310562127921214,-0.0010488423698265736,-0.00023100638924232938,-2.9613221713435306e-05,-0.00013622808155655823,0.0002960839952701714,0.0003967325867190591,0.000686780683461966,0.001497285340904381,0.0016687678072424147,0.0015150262701155847,0.0016865056944831331,0.0021889484635230047,0.0011719791805816144,0.0008820718009999148,0.001018161241556866,0.0009589941952178635,-0.0001954634711650083,-0.0008947061842734788,-0.0014520801373210997,-0.0012326511854591988,-0.0010014133207108976,-0.0016240986564284026,-0.0014461489919870764,-0.0020987859650830605,-0.0020513070931722044,-0.0018020799925888588,-0.0007761560522476697,-0.0002961716869671754,-5.922574187626138e-06,0.0002901631744076968,-0.00011845814887462722,-4.1458755946984536e-05,0.0001539746181808298,0.00042041313610898917,0.0002960839952701714,-0.0001125349081509593,5.922539111059896e-06,0.0003612107111602892,0.0007104543654309056,0.000592080350756185,0.00031976692816576563,0.00027240050148020497,0.00033160818428650305,0.00042041313610898917,-0.00029024739351313114,2.961234479639231e-05,0.00042041313610898917,0.001455888615379599,0.0015031990189460994,0.002324860180208728,0.0016805931003621552,0.0024371211457117127,0.002750203562784274,0.0031576546078643302,0.0034291964358286096,0.0025375544861205787,6.51460010951459e-05,-0.0002547023698128118,0.00021318931291663476,0.001420404343779034,0.001852044138208677,0.0018638672642432661,0.0018461325227709924,0.0016332910888351405,0.0018283974667720854,0.001893424467779208,0.0018047502361572014,0.00044409312474355685,0.0001302877584650713,-0.00014807487877510763
2015-07-21,0.0,-0.000861226253129208,-0.0007564428926310958,0.0001395884469560434,0.0008953541025700836,0.00113359253387999,0.001900218777265598,0.0022252766810663786,0.0030896486584592723,0.002149826227312258,0.0024051740240034563,0.002434186693838464,0.002880875547677355,0.0033679450226899257,0.003686731088063153,0.0034896753322381313,0.002962070270065168,0.0029736689779692603,0.0029388724506591067,0.0027416692553283227,0.002509615696325817,0.0025560307162346804,0.0031360367645570588,0.002904074712508507,0.0026546554809930042,0.0018421616025437485,0.0009999535738569973,0.0017318436836084433,0.0007384343783107017,0.00015121993805519867,-0.00047707426391092097,0.0006338075472455117,0.0004884743415495299,-1.1633250155748623e-05,0.00027915741169724567,0.0004884743415495299,0.0006105556536685575,0.0012962593403339085,0.000883731263691534,0.0006744970601105443,0.0005233562372678939,0.0006570589001847037,0.000808179517974248,0.0011103522584816352,0.0013485394805728722,0.0009883319506647325,0.0001744825143866217,5.816574328576953e-06,0.0003140466094237512,0.0006628716539477629,0.001197500506421216,0.0007791196342700227,0.0009825210884199106,0.0007151849174064838,0.0009069768063598197,0.0010290070409545934,0.001040628191448424,0.001092921697478554,0.0006512461126333417,0.00047103293739974363,0.00016285129386434238,-0.0004421586723500068,-0.0017523283957016677,-0.002545086360427459,-0.0030583824910619954,-0.0022302395832567226,-0.005073281741576924,-0.005704868096915072,-0.0066002988267081205,-0.009097691347504369,-0.008299723775399762,-0.008493289760008476,-0.008534354028527712,-0.007883390609036083,-0.007801317200188401
2015-07-28,0.0,-0.0009264102268841345,0.0009076469876578112,0.0003464361905164604,-0.0008068251868300372,-0.001446771620633976,-0.0011955288649739325,-0.0028776653949209494,-0.0028716741242024927,-0.0029255968529453965,-0.00170406175856669,-0.0003166759803835264,0.00017920611738178426,0.0019337286392360864,0.0020648957284088118,0.0018263973132928166,0.0013730935562314922,0.000698722322147217,0.0010031408701533333,0.0009971727696506268,2.9869916515851678e-05,8.36335179732475e-05,-0.0009981681157979045,-0.0014228410193764171,-0.0011955288649739325,-0.000878574494779021,-0.0012074913744694027,-0.0012433797615891361,-0.0006334522762118241,-0.0005796530012936341,-0.0012792694367317584,-0.0013091784833233575,-0.0009084715591885414,-0.0008905332132829744,-0.00032265196290986965,-0.0006812762838730118,-2.3896575621910908e-05,-0.0002569181192191257,-0.000585630555577304,-0.0006573639941505099,-0.00038241375243466504,-0.00029277240739586694,-0.0009144510793319438,-0.0005736754827407947,-5.37680982055571e-05,0.00046586912309518654,0.0007464803798362088,0.001188134321316168,-0.00014338802017674682,-0.0011297376205686527,-0.0012912329480223282,-0.0027578468001299306,-0.0031473097356714145,-0.004430614360779939,-0.004172621841131958,-0.004952802882697974,-0.005697543188949818,-0.005445230319655197,-0.00395667928101349,-0.0028656828893791455,-0.0012134726828805116,-0.00170406175856669,-0.002368535486917246,-0.0020571955251161233,-0.002200878847321638,-0.0024643519027381096,-0.002512263553662884,-0.0024883074412595987,-0.0025422095012298156,-0.003243200803492061,-0.004580640615655907,-0.00482673240913619,-0.004784712449649455,-0.004544632261713979,-0.004358609752453829
2015-08-04,0.0,-0.004014231243475219,-0.0025921487698546478,-0.004031873061641403,-0.004002470204269696,-0.0034674891950934802,-0.0026684902512102925,-0.0021929190430736278,-0.0020872672595145434,-0.002210528758941263,-0.0025745323325438068,-0.0027154725212847346,-0.003714367943614117,-0.0032382992044036048,-0.003784915925089263,-0.004873160928766374,-0.0055443453589345245,-0.0038613485218651393,-0.003596799033401303,-0.003820191782296142,-0.0037320044723929257,-0.005874215063393746,-0.0038319506779008776,-0.0020637906011809737,-0.00237490106257841,-0.0016941059145327787,0.00018740629740015462,0.000175694432695296,-0.00012300447224620616,-0.00028703397449147267,-0.0006561987580201535,-5.8571671242281057e-05,-0.0006796423936602807,-0.0027507106724599406,-0.004631880138548657,-0.004567156171535373,-0.0036144334887762463,-0.003490998831106662,-0.0033088136069996635,-0.0032147955084465174,-0.004308302187268387,-0.009852992323918482,-0.01037956502826267,-0.010178369690581737,-0.008818404485292884,-0.008830222301833314,-0.008475748543949153,-0.008422588316056398,-0.008523004452423218,-0.00809187704759922,-0.007690446058820723,-0.007059108694246554,-0.00713579196582843,-0.006599132510543604,-0.005779955472410425,-0.003396963603089944,-0.003408717523022452,-0.0031090357123468274,-0.0030561600084266405,-0.003684974420180933,-0.0027448375610324466,-0.0026215101883656287,-0.003015036393772629,-0.0026684902512102925,-0.0020696597140940124,-0.0023455468838621705,-0.0020990057953671763,-0.0030502851027924245,-0.0030796599761154166,-0.0023690301579012436,-0.0033499493048578712,-0.0034381029272942862,-0.00276833021370622,-0.0017527768994008018,-0.0017117068485560775
2015-08-11,0.0,0.00024673661579037155,-0.00048777765358770235,-0.00039372971258032547,-0.0018053783994828039,0.00020561807396552318,0.0007635112489592607,0.001162654270723228,0.0012624151381383417,0.0011450483786172828,0.0010746217103567363,0.001121573373628003,0.0012330747396350186,0.0005873680793359375,0.0006637005955570804,8.812720874520337e-05,0.0001703722638076899,0.0007400272855696952,0.0006167274289696592,0.0002291145906082192,0.0002408626419004498,-0.00011751502736938218,-0.00017627772012788635,0.00017624665176985176,3.525181547223589e-05,-0.0013816745150767359,-0.004009177602627807,-0.004493013367528874,-0.003118823731356605,-0.0030481011230772685,-0.0023234826206693796,-0.002759369037928243,-0.0029655977344983818,-0.003360497055039926,-0.0032779678897755303,-0.003101142610372918,-0.003101142610372918,-0.0029302412230038546,-0.0029655977344983818,-0.004256966676397507,-0.0035609533886574395,-0.0042156642333521,-0.004121265054554913,-0.0055204653182525125,-0.005337336232411603,-0.005006607385707784,-0.005425942892736871,-0.00447530793284519,-0.004003278611060458,-0.004056370787940467,-0.004233365071487181,-0.004752729098317566,-0.00407996821582202,-0.0043867854613580115,-0.004805861081127244,-0.005124712274796872,-0.006282878955696615,-0.006478008406967151,-0.00640113468384629,-0.007981189633937107,-0.008105569585233771,-0.006288791409985911,-0.00486489992870605,-0.004841283971402507,-0.005207393997458554,-0.0059341060122121035,-0.00565635695964881,-0.005532281249673088,-0.005679992173755279,-0.005981390130667823,-0.005969568891447074,-0.006454354324271503,-0.005945926832222517,-0.0062001082659329685,-0.0055559135313710825
2015-08-18,0.0,-5.881055649455322e-06,0.0006290731960658895,0.0005467870518304464,0.0007407364198991073,0.00109327529096054,0.0014926691573509646,2.9404759456452484e-05,0.0007466130863012901,0.0007818723594937096,0.0007113525698486881,0.0005938085347793887,0.001099149885980612,0.001386962774348806,0.001586621007097191,0.0019212527538566744,0.0020269026770652547,0.0018214620208109034,0.0006467050603713666,-0.00027644701069222486,-6.469351449762334e-05,5.292794449681069e-05,1.7642959430320308e-05,-0.001023824603557,-0.0010120505476891816,2.3523876735989897e-05,-0.0017717611874918644,-0.002142992530751229,-0.0020074476548767183,-0.0010297116834772418,-0.0011592362108937939,-0.001889597477670444,-0.0037827722947667308,-0.003222113417391537,-0.0070644978191745445,-0.007046729780913386,-0.008065940810253313,-0.007496950752228292,-0.007568056806938866,-0.007491025475888027,-0.006034473102231244,-0.005922063362696254,-0.005667709022069562,-0.005064615488818752,-0.0045977634517493865,-0.005383854992097681,-0.006111392310474568,-0.00552577193544492,-0.0053129040723665635,-0.005975308506308127,-0.006235658915759747,-0.005975308506308127,-0.005318816456742574,-0.007046729780913386,-0.007147419505612085,-0.006377696804605225,-0.005567168171350105,-0.004964135252310323,-0.005697281784374694,-0.004993687215006044,-0.004278774761328508,-0.004101602780023221,-0.0027384289118192948,-0.003552569036078763,-0.003493551094607382,-0.0027974023030423226,-0.0030038365647850067,-0.0033637238826414433,-0.0032398136289094855,-0.004727750984946402,-0.004633212921488031,-0.004515052909061928,-0.004024838002027749,-0.004680480836036481,-0.004692298163784305
2015-08-25,0.0,-0.0004248074956811637,0.00039928129897607515,-0.004822961262322692,-0.009477295026714261,-0.011431027436031863,-0.006199766145648852,-0.007795660568062777,-0.007310239168054216,-0.005504752679682919,-0.004670099888183322,-0.0054920046508466856,-0.005989298236444623,-0.00688888008727776,-0.007150612566261371,-0.006863348878565198,-0.009253340175076109,-0.010053409343726298,-0.011123301591684832,-0.014532800757881298,-0.01317659817376448,-0.014957393701864285,-0.01823797644947908,-0.020655341278306105,-0.025683264897281247,-0.024623677647102642,-0.0247991145341327,-0.025065577563964107,-0.023824854407577728,-0.02553368453495284,-0.02823608089199572,-0.027727602990050136,-0.02744088332172325,-0.02687420220146528,-0.02068769860675851,-0.017482940420334315,-0.018166965872100975,-0.015440104615676586,-0.015478731556685233,-0.012508814228415065,-0.010412048057495665,-0.01027754346652312,-0.010149460673630838,-0.010969474172926047,-0.00908060926700955,-0.006416658210801329,-0.004409015750745522,-0.006359241027098329,-0.004835700764972589,-0.0036007240343701938,-0.0028375836749066955,-0.0029011564657736087,-0.0017892156970667132,-0.0019098808799096934,-0.0019733947195966924,-0.0037979633212578815,-0.0022211372465036233,-0.002068673043532529,-0.0009322768205365799,-0.0032699583724629436,-0.0071953054463737304,-0.005925528826608917,-0.003721608014526966,-0.0038934156540263113,-0.004893030535382536,-0.004077982669878803,-0.0034289666698509268,-0.0033971629876178694,-0.0024117501947828707,-0.004084347657355721,-0.0032445193910383497,-0.0033908023725464725,-0.0018590727124858865,0.00034225087322851456,0.0012860027048930865
2015-09-01,0.0,0.0016848883472123965,0.0011911174468732162,0.002545239499443771,0.0023112466636163245,0.0028171083465292784,0.0036954349066554023,0.0030257017639508652,0.0028992867052207174,0.002779177595432701,0.00262111731091127,0.0009884742185798578,-6.339525993652648e-06,0.0011847854675281215,0.0016089394607763344,0.0006654266739405906,0.001539314580613879,0.000513368181814429,0.0014823451636803218,0.0006780971713211146,0.001210113144348501,0.0020202602809906633,0.002368168879423724,0.0022796218102737746,0.002734923233999957,0.002165764056437705,0.0004183198813648252,0.00011410459600339974,-0.001306791695629228,-0.0024436931585510536,-0.0023102467132709863,-0.0017956914586952733,-0.0014274070882039022,-0.0018401487463634049,-0.0032829073981536154,-0.0035818886377177745,-0.0037536842522619637,-0.004708642147530449,-0.0034673746223496172,-0.002628005625904459,-0.002469113548246956,-0.002767851541360433,-0.0029331492046821175,-0.003931873846461114,-0.0041992177860296605,-0.00407826762689638,-0.004600367754636967,-0.004237415612578025,-0.00798789838614448,-0.008058194685073402,-0.007617326871186122,-0.007444866273214573,-0.00655110276736685,-0.007521511755958948,-0.009452359882817634,-0.011329236108386865,-0.010669045270033789,-0.012663767295799877,-0.013453775975600261,-0.013524457571105954,-0.015447627856245734,-0.017103614754819845,-0.017916502292082012,-0.01774870947709298,-0.016587838435570445,-0.015904844317563314,-0.017129410555264922,-0.017129410555264922,-0.017232600411793662,-0.01643315740044593,-0.014662476191548117,-0.013235337169720338,-0.01302979128408961,-0.012869237952744793,-0.013749386799679537
2015-09-08,0.0,0.004069875017942158,0.0030589162721190864,0.0031316336889641617,0.0025695888891176044,0.0033233178997296056,0.00486866828849795,0.005825060191832811,0.004426440111356617,0.0017954337216761897,0.0019079550263802535,0.002688636508305812,0.002992804940612797,0.004835672937540019,0.005534941372955205,0.00557450798665173,0.005521752153822734,0.004591473497985102,0.004069875017942158,0.003964201680547968,0.0024505270959063624,0.00048395812386557295,0.00037127646600020834,0.0015769738628063996,0.0024042214588484013,0.003396016093211399,0.004096291607562193,0.0030258611527045716,0.002536517590702457,0.0041689336310045625,0.0054096367671873985,0.0066356279301476966,0.008511251631124917,0.008931961058591821,0.009010824375360911,0.009385340219458882,0.009897608396478498,0.009135678575388492,0.009168532353083183,0.009372201686770026,0.01024553838072103,0.010068306156813128,0.011000064754407709,0.011668820762075358,0.012016135140777663,0.012533606355707284,0.013875163744881082,0.013835924207117805,0.013031174175954325,0.0125598003088347,0.013286408944241735,0.01360045464047119,0.014927516765874203,0.013155527457241224,0.013266777813193601,0.013633162062769334,0.014731510074884996,0.015306354131606822,0.016539846539518663,0.01672245682359378,0.018598801109840652,0.019262496354947208,0.019685209725812263,0.021899906207825906,0.020945785078901068,0.02136778764964078,0.02127690983480021,0.021341823402407763,0.021530048923098836,0.019080349361820362,0.01887864791181415,0.01783044684771936,0.01707453965797701,0.018663888750371567,0.020224722552328163
2015-09-15,0.0,0.0011274209690621557,0.0017829062266132571,0.002030987573122584,0.0008536446044392659,-0.0005099861776785724,-0.00013384619817109078,0.00043965427316197507,-0.000478104420736011,-0.0011988803384791694,-0.00044622368020747036,-0.001147834863330312,-0.0016967103206779613,-0.002028734714750841,-0.001511590742477391,-0.0006757877008816125,-0.001300979106363355,-0.00123716615486507,-0.0008288596641370809,-0.0009309206584273317,-0.0006247689195817961,-0.0003442121400636504,-8.922880821737362e-05,-0.0006694102108703347,-0.0015179736057660553,-0.002999900125590207,-0.0030126849065871936,-0.003230051195210428,-0.002929586751638024,-0.003242838918995768,-0.0030190773583801383,-0.0030702184438608227,-0.0027442388242877726,-0.002380034367383416,-0.0023225405239999733,-0.002699504815889603,-0.0026611629727925088,-0.0024694758056613667,-0.002182013932305071,-0.0018818641744820592,-0.0012244040532019952,-0.0005928835030120704,-0.0007905894766086029,-0.0010585115511625106,-0.0011861187254109935,-0.0010138528868958484,-0.0006757877008816125,5.098431596084911e-05,0.0002803815756695699,-0.00012747216343895405,-0.0005928835030120704,-0.0012499284194013513,-0.0016456394278839285,-0.0012116421144079696,-0.0012945976279662332,-0.0028656697925295103,-0.00452883992157186,-0.005515254385269801,-0.00465689073230846,-0.004490427875549395,-0.005790855662471328,-0.004881019113983172,-0.004253586190305875,-0.00489382796746276,-0.004977089514446466,-0.0038376487413007425,-0.003389909497152313,-0.0036841155586401116,-0.0023991997164329215,-0.0022969887657181055,-0.0014222349339712609,-0.0023928112259372653,-0.0027698020132971043,-0.0034346744014748043,-0.003952814099688263
2015-09-22,0.0,0.0008993817357232836,0.0008931388175335152,-0.0006062898063393385,-0.0011754115293161518,-0.0004374918040067537,-0.00024997187946535924,-0.000925208237837615,-0.0010127722690913533,-0.0015508338838694175,-0.002277050328277046,-0.001644711498821139,-0.002558914265026236,-0.002765664990173362,-0.0017636357973861703,-0.002302101683556622,-0.002552649758778978,-0.002064139142747217,-0.0018512732787410234,-0.0014194200270277633,-0.0017573762711696195,-0.0015633503900120845,-0.0013193067738265537,-0.0011316214340030965,-0.0008626671952580205,-0.000831398140675323,-0.0014694804123781468,-0.0014819959002945237,-0.0011503883829043601,-0.0011628998778405238,-0.0006688148163636284,-0.0005312649543219811,-0.00027497250448223215,-0.001100343968476118,-0.001087833256178633,-0.0015258013415631686,-0.0011253658626348678,-0.0014694804123781468,-0.0013818763825366642,-0.0023146275965392963,-0.0022958387859016737,-0.0024837427800407375,-0.004013341433325482,-0.003994520679051956,-0.0030351316045773608,-0.0035680118977956658,-0.0036746220402837436,-0.005250013624883913,-0.006368729606584025,-0.00634986447029859,-0.008320047994695606,-0.008194041517795918,-0.009845986080449735,-0.009833365474786561,-0.010502477159336922,-0.015909641195635267,-0.017491723965467415,-0.02286658986170118,-0.021237690924427382,-0.02133981836679819,-0.023218269133832948,-0.022195545403792424,-0.021410037034140673,-0.02196557664020244,-0.02295609648844795,-0.025356581578707783,-0.02544631136392922,-0.0261003000770813,-0.02656219681288339,-0.023998799422205747,-0.023691632839514424,-0.023218269133832948,-0.024888835242468987,-0.02565784914825087,-0.026947273800948666
2015-09-29,0.0,0.0005062732555709048,0.0015699099553231608,0.0019846809946973414,0.0008631067835424398,0.001822681532181334,0.0018032398329761573,0.0020170777381796835,0.001965242444812718,0.0019004445494255817,0.001025261758650153,0.0008566200375861483,0.0005516955040447321,0.001589356191342794,0.0006879498716947862,-0.0013123105692286567,-0.0011888020161044258,-0.0010848066438047714,-0.0005844801215856304,-0.0002662208025072755,-0.0010133160983988993,0.00021422381276985208,0.009254059733548769,0.0120354704098517,0.00922189660214336,0.009086800152722962,0.009819961590404254,0.00940842836614922,0.00596808016523235,0.005742175334749063,0.0062713578247047715,0.007257986825864206,0.007116178511791995,0.00868140126362638,0.009382701915497567,0.010610401803914062,0.010982913047784799,0.011753185698185172,0.013163813084106624,0.014252482069789593,0.013272733332168203,0.01309973680768539,0.0148603400928763,0.017651737763019197,0.017230652889056085,0.020085449034200925,0.019149617110058574,0.019359778075025057,0.02109669043498999,0.019245150296768095,0.019735410367265345,0.01954442852905752,0.020034541933285695,0.02134457468067319,0.02193543541674356,0.022125961204985355,0.02350301788508094,0.02464383978075978,0.02596050400009299,0.027433365378077702,0.027635477449909147,0.02614393975223528,0.026245131282590532,0.026681402498455617,0.025625172382455628,0.024048239600947027,0.024060915639431538,0.02237993913566851,0.020518054790787017,0.019805427903504202,0.019079553638894423,0.018353152098077218,0.016611463751681457,0.01581297381334721,0.015883266518590962
2015-10-06,0.0,-0.0018248796926712408,-0.0010195559059286037,0.00012890592647505427,9.821554637220127e-05,0.00013504388946922316,-0.0006570645418486222,-0.0005403580003145371,-0.0008229341134561417,-0.0025139154390518745,-0.003868762302291527,-0.0029140200871421297,-0.003560681336177532,-0.002163186133869341,-0.0018494799386749887,-0.0012039239542390124,-0.0009396736400563091,-0.0012162163661332728,-0.0015420203518153371,-0.0017203353980808891,-0.0014006206792579825,-0.0011424641612162983,-0.0014620963410629049,-0.0013145611013886812,-0.0018310296974375535,-0.002310846638029165,-0.0024892988425413293,-0.0023846850672732257,-0.0038564372411281755,-0.003714709954999366,-0.0031664761472745074,-0.0033327625112520034,-0.003295807596244087,-0.004022838385365993,-0.003770166066122889,-0.003468275551509625,-0.004836753918739877,-0.004787406842235742,-0.0037578422200970087,-0.004349558213692962,-0.0047812386288895205,-0.005848906000754109,-0.005953882828759424,-0.004423547337325577,-0.003437475520707184,-0.0040968033383395434,-0.0037270332694782633,-0.0035791635178146746,-0.0031911094194363963,-0.004152280643512875,-0.0045037083994408705,-0.004509874901153676,-0.003807138515490377,-0.002378531656591461,-0.0014866876640157766,-0.0012346552672983307,-0.0011424641612162983,-0.0003929586768562738,7.980086618863147e-05,-0.0004789389751380459,-0.0004175237220264218,0.0013250966621425814,0.000398940664402431,0.00028234370008711063,0.0011472921791616866,0.0017418935838790243,0.002207519951645033,0.0013680102495104462,0.0011840819074737075,0.0014170520944743548,0.001435442166288111,3.6831960323880266e-05,0.00014118181478925556,0.0003621220390829972,0.00019028386112677375
2015-10-13,0.0,0.001544050331523218,0.001162873104091289,0.0014211058100835167,-0.0003632904300612927,-0.0006959092519615987,-0.0012628481055386419,0.0008492151424492838,0.00034469599385989787,-0.00011082037874966138,-3.693876169379975e-05,-7.387888791000786e-05,0.0004246977170165928,0.0004123901761862748,0.0003139243960422915,0.00044931234426008804,0.00044931234426008804,0.00011696374445049742,-0.0008068067827569647,-0.0012998335456079729,-0.0010841044265795467,-0.001484781267579225,-0.001447788986630943,-0.001361478985714326,-0.0014107980740608913,-0.0006774275257678913,-0.0005480650056055823,-0.000702069903265622,-0.0009855008989584032,-0.0008068067827569647,-0.0011950450180066355,-0.0005295860116015352,-0.0003632904300612927,0.0001908285349851105,0.00012311935205532444,-5.54086542302882e-05,0.00022160392083412327,0.0009722299904963995,0.0007200332634114635,0.0012919977926036852,0.00036931259037052135,-1.8469210287829934e-05,-0.0007883230068906387,-0.0013121623296201688,-0.001145736568993881,-0.0016450969665290477,-0.0016265976895419743,-0.0009855008989584032,-0.001213536313229891,-0.001447788986630943,-0.0017807687889330299,-0.0029717703891573703,-0.00308292060879366,-0.003187907161347749,-0.0039911101306589905,-0.004040559083896565,-0.0030767452724693267,-0.004052921704277746,-0.003255845510410219,-0.003113797862449626,-0.0023483231999385677,-0.0023915198775036534,-0.0024285470863351913,-0.001910290883424706,-0.0024840904703609746,-0.003268198433420902,-0.0032743749521496183,-0.0027556803219769073,-0.0024162045310556967,-0.0019287954093238147,0.001132126672980896,0.0012305119251110298,0.0010890800811882958,0.001273552429306517,0.00041854396553587896
2015-10-20,0.0,-8.471345678335463e-05,0.0004657957781492661,-0.00016943409054423825,-0.0005749822367854647,-0.0005386577867942403,-0.0002965285006796567,0.00025409732064049273,0.0004234596717947088,3.630357046008556e-05,0.00030248949079673206,0.0013302698781169776,0.0023388854727471537,0.0023268122607897164,0.00195850925797601,0.0020007804275349195,0.002067202941168527,0.002230221317323097,0.002212109476706606,0.0024294299165493046,0.0023690678649456605,0.002465645398671813,0.002622564000487144,0.0025380724284710925,0.0018558432635807122,0.0019343535016579207,0.0009676444661898241,0.0006532627074154368,0.0011308421745308615,0.0015356992564489582,0.002332848884988741,0.002091355488659389,0.002248332829906538,0.0018558432635807122,0.0020792792878322626,0.002254369927873333,0.0017954465781325423,0.0021698472395186683,0.002085317406475043,0.002254369927873333,0.0022000347340496522,0.002175884811328047,0.002447537821555702,0.002930294370773813,0.002906162077541184,0.0025380724284710925,0.002411321683640746,0.002453573717026073,0.0025441077775102032,0.0030207852840397767,0.00264670313847944,0.0028759958920229352,0.0013060989412503252,0.00012100677652716753,-0.0011502952683537912,-0.0013381006419568692,-0.0007021282035536058,-0.0008959055297906808,-0.0001754858390457942,-0.00020574513092021905,-0.0009746382956831241,-0.0010109785861672337,-0.0031088390536141734,-0.004135118577112513,-0.0031938162919051584,-0.0025687954122453707,-0.002307979907407967,-0.0017198783368391748,-0.0011805840720997564,-0.00047811996880084526,-0.0004962809293950587,-0.0011805840720997564,-0.0005083884196941725,6.655553910920577e-05,-0.0014532245972584312
2015-10-27,0.0,0.00034024765496623545,0.00047388470907528405,0.0006135770824028104,0.0008868318212775995,0.0008261149984487972,0.0011478721595625787,0.0009232601455178537,0.000382770473020446,0.00026734718837103294,0.0005832108350916589,0.0004799586963141272,0.0004860326466594296,0.00011545414508402136,0.00013975858246784986,-0.0005713903785003141,-0.0012343691236002695,-0.0013012996588564574,-0.0009910231147948578,-0.0009180308580243105,-0.0010275212412282737,-0.0008876189900945998,-0.0005713903785003141,-0.0008328799584145092,-0.0009423610183005296,-0.0010944379330137732,-0.0009423610183005296,-0.00041939298040310634,0.00016406242916035819,0.00056499064408267,0.0004921065601123051,0.0008443304323864032,0.0004860326466594296,0.00034632245396617,0.00017013829854138667,0.00047388470907528405,0.000807899232702892,0.0003949195174981248,0.00020659273960778264,-0.0001519336599791245,-0.00017016725050781437,-0.0002552617358288405,0.00013975858246784986,0.00047388470907528405,0.00026734718837103294,-0.0002856543783801874,-0.0003160479446724416,-0.0002674186820038774,-0.000334284527866647,9.722542938775374e-05,-0.0001215450812201991,0.0002734224302414463,0.00014583459951722212,0.00010937794343912514,-5.469345837205446e-05,-6.07706939593101e-05,-0.0003282056298492111,-0.00023702659366994582,-0.0003282056298492111,-0.0003586004894728076,-0.00023094828684324913,-0.00039507554054211063,-0.0010153550510708053,-0.0008632901616482678,-0.0011066050853528538,-0.000759899243535973,-0.0007538177577071758,-0.0012708761329499729,-0.0010701040724455054,-0.0007842255567018311,0.0003098731064056014,0.0003098731064056014,3.646064377754918e-05,0.0005528436656435298,-0.00017016725050781437
2015-11-03,0.0,-0.0003097317747613862,7.432135317826984e-05,0.001850196531008791,0.0013740516874116203,0.0017141782796229164,0.001899653126674081,0.0011266142105062172,0.001312198057820953,0.00089768002189777,2.4774398138217883e-05,0.0004396543520743444,0.0009471837470631686,0.0009038681215633195,0.0008791154931425617,0.0009966850217312919,0.0012503406021221323,0.0006563142618629034,0.0008914918839394064,0.0005015619735413564,0.0005572755562176681,0.0010338093697391721,0.0014173469518441854,0.0010152473680123837,0.001151360713517259,0.0010399966270826892,0.0011884793198415605,0.001639978707472895,0.0016523456851694227,0.001738910246928502,0.0015843254151025428,0.0012812698082646458,0.0011328008936707218,0.0009100561829367501,0.0009038681215633195,0.0008172312414269979,-0.0007311210021083179,-0.0019839431164065374,-0.0010596799023460956,-0.0008984865754007724,-0.002002561218788009,-0.0018039859953590273,-0.001611653843344897,-0.001233301779138561,-0.0012395031180077501,-0.0013883467890154517,-0.0018101908742553198,-0.0017543483501586412,-0.0016736924313664953,-0.0012208992167691349,-0.0019653253606524593,-0.00504817944003261,-0.005079305034923037,-0.004164616758494274,-0.0038288188310676217,-0.003586368213651241,-0.003232123016339289,-0.0021639326278485435,-0.0022197980294887234,-0.00230049800873682,-0.001047279493132329,-0.0006319546194309206,-0.0012395031180077501,-0.0015496191038708337,-0.0014069538057220885,-0.0009976793939219907,-0.0009294832742548084,-0.0012395031180077501,-0.0010224791360059296,-0.0008860881648767389,-0.0011960945534910704,-0.001450371524499803,-0.0017357348684132869,-0.0033315475966630955,-0.003375048959194749
2015-11-10,0.0,-0.0018184482080086325,-0.001939371425095388,-0.00125221298895543,-0.00035579953613124624,0.00034932279368858626,-0.0006481581732802266,-0.0010105472750561561,-0.0016148210994461868,-0.002162163004495237,-0.0013857901538196235,-0.002022116789015254,-0.0026970653975647136,-0.0023213302418472297,-0.001977560742274983,-0.0019648308078339177,-0.0014748515107919364,-0.0019839257702652427,-0.0019966559477876847,-0.002270393969479968,-0.002461418370244287,-0.002461418370244287,-0.00202848210061322,-0.0013985127191979336,-0.001436681386543603,-0.0011504518857772578,-0.00091516898880451,-0.0015130230920542694,-0.001493937119289401,-0.001284015457465744,-0.0018502686895824022,-0.0017929925517604396,-0.0025824193670579976,-0.002824465293269116,-0.003595580995642374,-0.003627458077616906,-0.0037103432466385543,-0.00400368440450613,-0.004705501501503793,-0.00662845001793618,-0.005957233973046844,-0.005912502251538999,-0.005395037815671489,-0.004692736793368728,-0.005062979498071725,-0.005580272089651659,-0.005337558292735675,-0.0058741623684711135,-0.0058741623684711135,-0.005580272089651659,-0.006506958485426861,-0.006941838420653198,-0.0072425277692393835,-0.006596477130941597,-0.00639187485786374,-0.005778319091324331,-0.0053120128985688535,-0.003901642937316395,-0.004424715554271878,-0.004118493502615484,-0.0038059885175310247,-0.004188661107536841,-0.00399092865166148,-0.0036848393859902663,-0.0037294715689897093,-0.006506958485426861,-0.007953025563620448,-0.008875505305656867,-0.009106258266407975,-0.010562511591034201,-0.011763751517716135,-0.011590221302135375,-0.012509631529919905,-0.0117894622590225,-0.01187302673388439
2015-11-17,0.0,-0.001175238376498871,0.0,-0.0010538182723758107,-0.0013158484968243784,-0.0004086219282518296,-0.0008876883328227236,-0.0017122197868322624,-0.0014948354312559855,-0.0013797687244021884,-0.001929651408641603,-0.0019424429764402253,-0.0010665986417287105,-0.0006960342295605933,-0.0005044168505555181,0.00016595497551955427,0.0007274444687241995,0.00022977647955881703,-0.00020429009264108448,-0.0002298292889239579,-0.00014682928568399871,0.000217012504601511,-0.0007599148494798882,-0.002345461140102287,-0.003164792278912122,-0.003248043161899971,-0.0038950746872197825,-0.003696436320527481,-0.002569430322879113,-0.0020831610224825614,-0.002319867855778704,-0.002441441790476924,-0.0028318580367516773,-0.003331300976174155,-0.0033569201598202614,-0.003113564410940764,-0.002915081206129944,-0.0025886300156845845,-0.002479836630215113,-0.0031263711319080433,-0.0037476940572533234,-0.005068486468129471,-0.004670782880347891,-0.00440146060897461,-0.004305291659289761,-0.004157850563342967,-0.0038502174134451565,-0.003203214902157457,-0.0026014300156848107,-0.002108748249340303,-0.0019616306349389454,-0.002435042793839549,-0.00242864383814907,-0.0006066082167514867,-0.0009260235616248861,-0.0007790798312259071,-0.0003958499652648641,-0.00016598252114485075,0.0009889399052055107,0.0016200739592612287,0.0011228501154215604,0.0011356025335988599,0.0008805232663339947,0.0008294996040995845,0.0014734823727184888,0.001333244222612416,0.0008741454509270586,-0.00026813930635974516,-0.0002298292889239579,-0.0002298292889239579,0.0002553039407264342,0.0007210656769311056,0.0001148948394332138,0.000217012504601511,-0.0004213940543640281
2015-11-24,0.0,0.0021286464290147964,0.0030222216828256223,0.0036153698820256238,0.003755633066994792,0.0038958765809622084,0.0043292322261470565,0.004367460474278546,0.00464138682802478,0.005004382886816755,0.005048952267023362,0.005087153011942552,0.006124381985712977,0.005901754793108289,0.0055454481620355175,0.0044948774145329535,0.004424800106492287,0.004596799278772126,0.004405687261066944,0.004628647731099404,0.00367912831409967,0.0038895023024507224,0.004533099330984736,0.005163550124168904,0.004991648413323385,0.004246399341444559,0.004195421847996627,0.003934121398794072,0.003972364754015561,0.004838822081049085,0.0041508144093803075,0.0041444417557118165,0.004341975137902571,0.004201794176796184,0.004182677068576939,0.004240027296878344,0.003608993815229813,0.003628121893655416,0.0046031690503841,0.005023484292999308,0.004908870382565539,0.004590429466586125,0.004635017299847666,0.005093519660888626,0.005360882320830119,0.0054245295623801875,0.005602720290569745,0.005449987324771328,0.00558362994551128,0.0061116617669250365,0.006435976813216382,0.005825414058927784,0.004125323551037988,0.004341975137902571,0.004819717147199218,0.0046222781217792564,0.005309961610729792,0.005271769376479427,0.004654125762668075,0.005278134850150151,0.004896134692704881,0.002900997574392195,0.0029648015685439025,0.0012726187283258804,0.0013237454330928809,0.001860418075669942,0.0014323810024023376,0.001739053038232994,0.003066879492367618,0.0026202116271603717,0.002218039894412052,0.00189874081702786,0.001777380430825186,0.001802931209805962,0.0019753818941280134
2015-12-01,0.0,0.00029525116980048347,0.0007159904840480483,0.00047738394509680356,0.0001193673531708211,-9.424744989088496e-05,3.141384282661071e-05,-0.00013194891711066376,-0.00018850378320071597,-0.000930296944942125,-0.0007793791759749243,-0.0005279001637166002,-3.769791405310107e-05,-5.026420121816896e-05,-3.1414829687133004e-05,-0.00011309800582569555,8.795627322385035e-05,-0.00011309800582569555,-0.0002953383687997702,-0.0004901837658795731,-0.0010686582442497516,-0.001597123003546164,0.0006343683380306838,-0.00038961365900183544,-0.0017733400026490275,-0.002938411912305402,-0.0012322008285870537,-0.0006662057942335108,-0.00042104073091275384,-0.0006284841797439463,-0.0007102161429598019,-0.0005844774278437224,-3.769791405310107e-05,0.0001193673531708211,0.0009608169566622459,0.0007097120939527618,0.00030153216257427606,-6.911392805470934e-05,0.000414583286925169,0.0005213420593007177,0.0001696230289317673,0.0003078131158972242,-0.0005656179841339478,-0.0008925653673803992,-0.001899228302127275,-0.0022832855250775547,-0.0013391469813011782,-0.0009554521209353459,-0.001590830113567831,-0.0016726407722836975,-0.0010435002204110914,-0.0016789341771100733,-0.0014586885709061755,-0.0008233945058925826,-0.001987359542190846,-0.0025855982194744487,-0.002201424895901384,-0.0024470268896608343,-0.002270691145948685,-0.0012259102345977524,-0.0011378460735091385,-0.0008674117732448967,-0.0009806079297273644,-0.0014398126330075105,-0.0009428744538409867,-0.0005719044258507387,-0.0008925653673803992,-0.0005593315819361467,0.0001382135275549708,-0.0005341863683263489,-0.00039589899437169224,-0.0004336118362273514,-0.0007605160562029346,-0.0010686582442497516,-0.0012196196801796638
2015-12-08,0.0,0.0008851587887218532,0.0007495283491681303,0.001362948054009504,0.0014145872765924117,0.0019372842758870544,0.0028980756807512617,0.002485499847974604,0.0028851852621991554,0.0035423848425660746,0.0033491356793778036,0.0028271763223608817,0.002388777759475918,0.002395226189766705,0.002285597219234172,0.0023758807741460224,0.0021953055124660495,0.0014662238327037042,0.0012144704335101072,0.0015178577226189639,0.002001795826702563,0.001375858109651839,0.0009239069643333239,0.0012015582941620824,6.46366451220422e-05,5.817316861200144e-05,0.0005363576276822995,0.0005428180142073775,0.0004846730329103917,3.231884479800758e-05,-0.00019393500652286307,0.0002068225599078222,0.00036837292681687027,0.0003748343986756972,0.00040714113172472414,0.0007301510703188475,0.00040714113172472414,0.000413602353089329,0.0003102178012340356,0.00034252662186794945,0.00039421856375179926,0.00038129582878395333,-0.00037497495218817643,-0.0008406567964249969,-0.0007630280944673981,-0.0004784410671277225,-0.0008406567964249969,-0.0010347549201055273,-0.00036850867543795646,7.11000798560464e-05,0.000717232675816699,0.00023267237249819544,0.00018097207908736437,5.817316861200144e-05,9.049013340546376e-05,0.00015512093000249487,-0.00020686534432815595,-0.0003814412707512907,-0.0005107764235793246,-0.0003814412707512907,-0.00012928582528226067,3.231884479800758e-05,0.00025852151689303044,0.0005040550689938343,0.000420063532707044,-0.00034264398655642684,-0.0005689827001727513,-0.0004784410671277225,-0.001384226509680848,-0.0022973118624087015,-0.0038728862516748176,-0.004872685076769465,-0.005093554654182401,-0.006393775874935553,-0.006452325598304894
2015-12-15,0.0,0.00022233557068341482,-0.0007000258706620279,-0.001983588587817894,-0.002212969685855131,-0.0012368261611170892,-0.00136779678459347,-0.0017739147608955498,-0.0026325455270647968,-0.0018001215851540578,-0.0006018618647064163,-0.0008767453681912866,-0.0012892123521291764,-0.001891850878968293,-0.001629789502694601,-0.001073136999920431,-0.0012630189135839512,-0.001164799629130664,-0.0011778949763540242,-0.0008178353989710531,-0.0007392941713312645,-0.001380894790422311,-0.002094995692429672,-0.0021539809494095117,-0.0015446343401114232,-0.001426739161887613,-0.0013219551151629509,-0.0012106340946925398,-0.001217182046984259,-0.0007065704803577446,-1.3080102548231832e-05,0.00013733074824338627,8.501649652126766e-05,0.00039886096301189415,0.0009021141459254003,0.0005296004255974197,-6.540029888036093e-06,7.193750595764256e-05,0.0003596357909064091,0.000686465221537374,0.0007191422904071412,0.001235298311653925,0.0011961059358723961,0.0009282502496873027,0.0005034539004692587,6.539794652788389e-05,1.9619833035856777e-05,4.577901163922314e-05,0.0005165272484884362,0.001313678455391008,0.0009609194188153887,0.0012157023157684504,0.0019861888050767716,0.0020384036954699427,0.002116720919425469,0.002442976680733605,0.0031277675039057037,0.003186442046016429,0.003714358060975486,0.0033428906627433566,0.004378744993084165,0.005166318299260693,0.005237885124814521,0.004528496763527585,0.005062211954535738,0.0049776175682988005,0.005771221939647357,0.00644074221764487,0.005751714629282394,0.005966274116723028,0.007005910337718757,0.006999415966714726,0.007304605819897668,0.006960448854952106,0.006102788007223416
2015-12-29,0.0,0.0011350882173213077,0.0010027276290689956,5.6785021388620854e-05,0.00041004160919719544,5.047573380169678e-05,0.000611846502389437,0.0010216373571790742,0.0011224832017854593,0.0011729023106383913,0.0005866231177882372,0.0004604966506125674,0.0006875128391029035,0.0009586035395150379,0.0007946970162988878,0.001084667201831374,0.0010657586655722275,0.001040546727718319,0.0012170169456758276,0.0012107149741038897,0.000542480663775819,0.0009964243069029164,0.0012170169456758276,0.0014186590693985534,0.0017399421887343129,0.0014186590693985534,0.0011098780273611913,0.00037850591551958507,0.0001324933676390498,-0.00032184271004312664,-0.0008269027913614038,-0.0008016437280924222,-0.0004291466358918803,-0.0005995941873835666,-0.0010163661055152028,-0.0014459492269782719,-0.0014965005523814884,-0.0014775435058888753,-0.001913646521595337,-0.0022614011368002904,-0.002590298574365133,-0.0025649949306389757,-0.00217287030588062,-0.0024384863152335534,-0.002723153209447427,-0.0024448113659130428,-0.002191840538424511,-0.0024890878408804595,-0.002590298574365133,-0.0025207150947202726,-0.0015596933029301768,-0.0014333117949041898,-0.0010226821675768496,-0.000890053241013592,-0.0008395325622576388,-0.00017668513492964858,0.0003532766445180324,0.001103575380564759,0.0008892617506583264,0.0009964243069029164,0.0013934560273900492,0.0012989389622634787,0.001469063247915623,0.0011413906655074373,0.0013934560273900492,0.0009775141020103937,0.0007379538829910013,0.0007568686185161648,0.00023973704746162945,-0.0003975854624448318,-0.00022717233643468278,0.00011356681842145982,0.0003595840219421683,0.0003469692273108576,0.00030281619288628336
2016-01-05,0.0,-0.0005310012056300522,-0.0014465206027207019,-0.002234666418448597,-0.0024782842729956286,-0.002786096945765027,-0.0029079656420169585,-0.004390821598494771,-0.004326583145334659,-0.0028438223715862095,-0.0022859494559542134,-0.0017988667512186666,-0.0014785469411842309,-0.0011903468130217718,-0.0006269953692586357,-0.0013696615749495785,-0.0021513370912846987,-0.002253897249317262,-0.0033635012089360196,-0.004166005063897697,-0.004570711223845661,-0.0060496019397556795,-0.005927349797778131,-0.006249098051852022,-0.00626197013552076,-0.006178304553239954,-0.005618568836817208,-0.0055478199599261376,-0.005946651773979419,-0.006957308819215479,-0.0069122259149672054,-0.006017428874399827,-0.005284163689006288,-0.004622114203944816,-0.004879168745907405,-0.004159582476943756,-0.0037807228399060443,-0.004198118617425653,-0.004133892541616834,-0.0031709960748712756,-0.0036394898758974666,-0.0035752996674498472,-0.002356467927014638,-0.0023628789437057504,-0.002119289198911667,-0.002260307608457552,-0.0019782906727534998,-0.0017412016126622284,-0.0019270234100937206,-0.0020551964952030314,-0.0030426799036498155,-0.0021962058661502753,-0.0016835397991821438,-0.002882307840119406,-0.0029785279919007615,-0.003498276855822415,-0.003825664784551611,-0.0034597676745870927,-0.0031196676305610374,-0.002946453579260763,-0.002234666418448597,-0.002003925289741604,-0.0026321787658001848,-0.002792510717415545,-0.0031196676305610374,-0.004506461214186085,-0.00442294237260823,-0.0046478166848782365,-0.004249502448229959,-0.0049948648509343,-0.004403669784331123,-0.004217387244568704,-0.004416518135245366,-0.004545010724612127,-0.005213438466112006
2016-01-12,0.0,0.00032379033207075795,-0.0004561274856223656,-0.0007008033079122131,-0.0014020980855446524,-0.0008000132660277713,-0.0012101855441328131,-0.001779412866528288,-0.0017992754834286724,-0.0012035685271502671,-0.0018522443906925283,-0.002031035169537691,-0.0023025934187948563,-0.0034492495178136107,-0.00375436214653709,-0.0049890285452162215,-0.006251822811124968,-0.00631832986089668,-0.007023576659964338,-0.006291726510203188,-0.007289836837668504,-0.00748291980735172,-0.005022239551346778,-0.005301255556717703,-0.004670258992978208,-0.0047499418552287105,-0.005028881884931496,-0.005234816112924251,-0.005374344043652321,-0.00616537025855952,-0.006391492724789947,-0.006058977376142932,-0.0065444869212867175,-0.007223265146589787,-0.007030232300453345,-0.008408904398250407,-0.008995582815312642,-0.008675533738389286,-0.00823563344202767,-0.007336439658479075,-0.006910437548651195,-0.0074296518160751595,-0.007323124345202838,-0.007276522144904836,-0.0074229935166713265,-0.008535544470671163,-0.009782805826866865,-0.010276804421673663,-0.00944248932924263,-0.008922229187442733,-0.009249027665736128,-0.010283481749807668,-0.009422474317983563,-0.009595951059190968,-0.009369102913035235,-0.00882221018374867,-0.007869197625822335,-0.007569486345443439,-0.00824229715444847,-0.008675533738389286,-0.00903559615309715,-0.00876887080527299,-0.008715534271735086,-0.009028927152280224,-0.008875552407465185,-0.009282380454866285,-0.008835545472924507,-0.009135636502788255,-0.009062272601129802,-0.007735981522462816,-0.007682700049750278,-0.008089043002127146,-0.008202315545983014,-0.007263207629419851,-0.007263207629419851
2016-01-19,0.0,-0.0012141727312464123,-0.001540011769645909,-0.001417809687984962,-0.0012888348005743412,-0.0004203845902815474,-0.00026441484809513495,0.001117905229990714,0.003066168645251379,0.0022683807739347353,0.0020248611017534912,0.002166921450581519,0.0028701611152312442,0.0006031465456177723,0.0003117840852705579,0.0010095569986694694,0.0024577439731156407,0.00244421921943494,0.0039038367344954635,0.004005119993472052,0.0041536502196462015,0.004443895614038152,0.004086139215326727,0.003680977448951323,0.0032148383892051744,0.0029377542586084293,0.0027214401155521172,0.004052382003939284,0.005044368588870368,0.005428751843934186,0.005212975926386687,0.004862240727863306,0.004106392995189193,0.004092890520860496,0.005159024671332468,0.005098326029951657,0.005233206896630877,0.006230760277683292,0.005907338472191664,0.005833206240474325,0.005529880780042926,0.006163389360335267,0.007469575751641189,0.007671411108498461,0.007065782784266108,0.007059051519899005,0.00994261219231541,0.009311494017991865,0.008713578642151762,0.008323733432646424,0.008545560549568332,0.00874045891740754,0.009089836759656448,0.009345074165411823,0.009244330340083705,0.00976137433727291,0.009808365083460849,0.007725226990923807,0.006783030661741237,0.006756097718036274,0.007355184297231039,0.0068907551833130125,0.00709270738864425,0.005496172271000842,0.004254908181139803,0.005334355608925516,0.00474080372316021,0.005732107976245323,0.007166746312959757,0.007207128870392598,0.007927010760122088,0.007220589360489316,0.007610864778764958,0.00745611861262867,0.007476304253237588
2016-02-02,0.0,0.00019851773490290136,0.0008599590395685177,0.0002977618258257943,0.0003440723644586896,-0.0003177103699588828,0.0005094496400134142,0.0008136723863167412,-7.279971148056144e-05,-8.603659207748212e-05,0.00010588102952729673,-0.00019193794506619936,-0.0007083677055458598,-0.00039053321517961993,-0.00039053321517961993,0.00031099362713737867,-7.279971148056144e-05,-0.0004501194878441559,-0.0007613499432629875,-0.0005295733748363688,-0.0004898456422252429,-0.00381255952722876,-0.0026174989680563514,-0.004570170563446219,-0.006147043426327671,-0.004989096722201857,-0.00361328356257181,-0.003287884863287676,-0.004138129027564666,-0.0036531355787570293,-0.003181655154721863,-0.0030289697163010747,-0.0006090335752503693,0.0004300719609750164,0.0014086232543151622,0.0010252510282421233,0.000833509785766531,0.0012830519874997687,0.0012566139219714657,0.0015341787549677057,0.001117802609287467,-0.0011786831899126312,-0.002226095250031445,-0.0013443399031984945,-0.0005295733748363688,-0.0009269375311957254,-0.0016757356789469271,-0.001563048792598443,-0.0025179750241720454,-0.0023521237923464296,-0.0035601500113784925,-0.004736390099943386,-0.0041713563656924045,-0.003553508515979304,-0.003719559135231444,-0.0051154739851049765,-0.005095518618607311,-0.007666385337230255,-0.007833120365644635,-0.007319665503382969,-0.006120408898656246,-0.005727631994214028,-0.006786485002491807,-0.006400106826719177,-0.006093775080363767,-0.006093775080363767,-0.0053350093028992135,-0.005055609080222425,-0.006413427727212368,-0.00898768921576667,-0.012104331652938602,-0.014438133252747249,-0.015250876574721666,-0.016959117569577978,-0.015909615986452755
2016-02-09,0.0,0.0014135441821746123,0.003742216658946616,0.0030510299460117865,0.0018728588516421774,0.0017014974534622059,0.002756617280032473,0.0035643330627659754,0.0030578757209706086,0.0032016261704382507,0.0031879365417008575,0.0036943280341962394,0.003967946434004396,0.0027771605115520783,0.0020510435611242306,0.002414167942064919,0.002393617252074692,0.002647046250503078,0.002201790443690217,0.0019208347814419417,0.0018797126968206508,0.0018043178160973834,0.0017769000864207287,0.0023662156751124023,0.002434718209732966,0.002078453775542392,0.001276394428143445,0.0005766379422784132,0.0002540362598928137,-0.0008174733660112336,-0.0001167410033498438,0.0013038258837951805,0.0006315385036505284,0.000137324910954608,-0.0005082662050583842,-0.0002747064092544684,0.00047369126513465716,0.0003295481101403721,0.0004325096266485388,0.0003158191069345238,-0.0004189574888118456,-0.0004876557933647043,0.0001579220211806372,-0.00012360854562813313,-0.0003502639033918408,-0.00026783782923037755,-0.0002541008107126391,0.0010637751290545614,0.0023388133472828955,0.002003073877954881,0.002831940399129922,0.0028182457085613307,0.004289352416973867,0.0038311465924788773,0.0016603663480579962,0.0006658498239878103,0.0011117898901733315,0.0007893608303476806,0.000549186531274121,0.0016603663480579962,0.0017974634541528189,0.0019139812181030408,0.002064748762248404,0.0025991051495606265,0.002962030606601899,0.004008982737459893,0.0036190698472671015,0.0030578757209706086,0.002009926830720886,0.0013929729181724828,0.001338114145212243,0.0012009540448703459,0.00125582034257501,0.002146976024743506,0.002421018078211357
2016-02-16,0.0,-0.0005158771769050923,-0.001883541893614216,-0.004715523480005418,-0.007043046070847571,-0.006734267637971149,-0.006516776433229851,-0.004883596592204752,-0.0043164630170503,-0.004540477354904612,-0.005472075042153649,-0.0065027463667972525,-0.006439613503665905,-0.005366964202676664,-0.004449465477791865,-0.004715523480005418,-0.004883596592204752,-0.005156775662783296,-0.004358461883087102,-0.0037426552269105664,-0.002707834829713089,-0.0028825604236130775,-0.0038196103236495848,-0.003777634082196069,-0.00545805962519465,-0.00797697915537008,-0.00822992314367811,-0.008820374715688055,-0.008595399672907905,-0.007464261282944253,-0.007717075599199197,-0.007218530847993521,-0.0069798790889099085,-0.005955727256580028,-0.007092178704401777,-0.008482931128835209,-0.008131548434331146,-0.007808385367651868,-0.008293169138997868,-0.008728972500175368,-0.010276905966690472,-0.009833389223703451,-0.009383033857566598,-0.009284545651449634,-0.0082018150963423,-0.010044563140286195,-0.00878521902872478,-0.00910166471346405,-0.00876412620977426,-0.007597683096204154,-0.006355442552414409,-0.006558867813622897,-0.006699185211807334,-0.006818470482673692,-0.008026157698079331,-0.008286141608647747,-0.010262823046455895,-0.00958707600353152,-0.011587485204744341,-0.013245784311403367,-0.01289978431501274,-0.013648424790687225,-0.012511559520925161,-0.0154587768186155,-0.01701717085509748,-0.018471499867767725,-0.017924991651219493,-0.01665569048273481,-0.017059706549640903,-0.017825658601613052,-0.01731495871889759,-0.017896609773046676,-0.01916038365475388,-0.019068031480327253,-0.01866320336694378
2016-02-23,0.0,-0.00036100331543161826,-0.0008471752076041468,-0.0010556069678007585,-0.002181889797724633,-0.0033303351726937163,-0.003943379094196376,-0.0031283916395971963,-0.0024740962366941615,-0.002787269343947627,-0.00438249376245452,-0.004187307882138944,-0.0061897715109402885,-0.006168819083426207,-0.005631190292673982,-0.004856675285233575,-0.004759031295143579,-0.0053171254182483845,-0.005282235408999056,-0.005554409769760884,-0.005533470650250222,-0.005331081762802909,-0.0044522122392734636,-0.004445240172857499,-0.004201248467365001,-0.004054882014294682,-0.004766005549683007,-0.004905500855892132,-0.0058057134087036305,-0.006916393866983989,-0.006748664916574005,-0.0062945402340799225,-0.006958330500736513,-0.005952336368027196,-0.006664810990064715,-0.006986289233648574,-0.008392223064600048,-0.00785339790032497,-0.007797432710658406,-0.00756660940487342,-0.00792335879221494,-0.008987367404664692,-0.009758080352256164,-0.010276894383089534,-0.011195995973428699,-0.012614894247501464,-0.01194733982581158,-0.01257974869218045,-0.011912217723820362,-0.011146862305274629,-0.010690736350466523,-0.010466258436046198,-0.011743648803315744,-0.013114094482859795,-0.013909110548176442,-0.01307893137879795,-0.012439178821695002,-0.011631285307288419,-0.011982463161408174,-0.011898169228414036,-0.012607865037619738,-0.012446206845941634,-0.010936316781045521,-0.011539999262403497,-0.011638307655912864,-0.011455742616610783,-0.01041014683004714,-0.009407682647279942,-0.010438202239482742,-0.01230565574484379,-0.012860947726708762,-0.012593806766083928,-0.014021730294760334,-0.01452867616802346,-0.015233194271575106
2016-03-01,0.0,0.003347497115331901,0.003920836834811956,0.006719108821023476,0.009439201825583719,0.009361788554799178,0.010466119825699614,0.012102787150388495,0.012965699849813241,0.013715758592843809,0.01369473657227659,0.013827868572851705,0.013610644070475065,0.013771815153928708,0.014101084004917911,0.013638675690143825,0.013708751301757364,0.01466829303664784,0.012993749553890644,0.012734259765461723,0.013204097259422301,0.013743787266178623,0.01434621380237256,0.014311198938559314,0.014913283850717598,0.015473037573701422,0.014703295399310874,0.013526544496530181,0.014150114771733967,0.014598284635610944,0.014486260998506403,0.015095238180683071,0.015654890091810748,0.016361003595682367,0.016780241008979173,0.016926932590193018,0.01649378112712372,0.01722025121313994,0.017387823234590146,0.017304040733912944,0.017331969014091207,0.017241199251531378,0.017729862279238184,0.018490305326261336,0.018504253008505327,0.019180482185328217,0.01951494200100913,0.018824996019406202,0.018769222015655007,0.01922926454284969,0.0190689707169549,0.018176431033825036,0.01831594288209494,0.01916654393179108,0.020782086917478258,0.021060365211480025,0.021060365211480025,0.021769624551979457,0.022214393314306555,0.022908948722601415,0.023644651143347482,0.022992262963135987,0.022811740001513776,0.02233944889472749,0.022714521829972224,0.021853033764575383,0.022922834911398123,0.02298532037486959,0.02305474408864958,0.023485063572798878,0.02362383681754019,0.024497665699785225,0.025758516456026115,0.02605617774045198,0.0265267171395083
2016-03-08,0.0,-4.008016032591588e-05,0.0007545431532640556,0.0017686066991866194,0.0027549972564969664,0.003034741758344528,0.004558640304762457,0.00336766892361508,0.0034408980275565004,0.004086413547334754,0.004671675601816508,0.00330109235721029,0.0026883798866592914,0.0037936540205786265,0.003207877717117713,0.0037137956360712636,0.0031013360592286837,0.002721689126312264,0.001908626768958867,0.002961482904812895,0.0030081027961969043,0.002974803095558009,0.0017952787002553157,0.0017352656974198859,0.0019486289024113384,0.0021086214364342444,0.002428529732118744,0.002575120172019155,0.002295247046008685,0.0017686066991866194,0.0016619115803872511,0.00156854401221107,0.0017819427886455335,0.0005676297603752232,0.00015362573461641954,0.0012550319744497101,0.0007812422147936423,0.0007278433788755496,0.00041406761915018127,0.000607685571477394,0.0015485355419580964,0.0014017945262468823,0.0008479867501096269,0.00021373372866393076,0.0008479867501096269,0.00111492035196147,0.0002871941485565827,-0.0012298562484868777,-0.0015710082082352535,-0.002273746574208754,-0.0019792056208458226,-0.002923382097961381,-0.004485573371718625,-0.004747294626655963,-0.004042816464857334,-0.004727159790368271,-0.00512993356450033,-0.0055933240464245415,-0.004868112158769181,-0.004062937526579269,-0.004579516710533911,-0.005727680278740436,-0.005458985863280705,-0.0048345502689631226,-0.0051030769319175785,-0.005391823538633158,-0.0050560795604048655,-0.0037745743210671426,-0.003466184782414052,-0.002621952313746718,-0.0006080550777860951,-0.0008553920288477606,-0.0011429145562123473,0.0003606491724125584,-0.0006013711442913162
2016-03-15,0.0,-0.0016116575586837439,-1.3308845058696234e-05,6.654356107706603e-06,-0.0008587834429773675,-0.0006323658347113085,0.0009511236279726182,0.0007982067380042132,0.00021291743541527447,-0.0004858876363976419,-0.0014383796738397896,-0.0024584851731937894,-0.0033193834301573333,-0.003780168308539212,-0.004060750049853144,-0.0026452838447977725,-0.0033861506928578268,-0.0034996652712563294,-0.0028254441879901906,-0.003125783573751193,-0.0028988521527871835,-0.001971638363595066,-0.0020649878775785622,-0.0024184614257649756,-0.002071656033466772,-0.001971638363595066,-0.002351758739623037,-0.003059033692207412,-0.00340618174098309,-0.0032726489985563144,-0.002565222998511864,-0.0028654842280354687,-0.0028254441879901906,-0.003152484773971655,-0.003292677773229931,-0.0034863099461541667,-0.004214435322763205,-0.004541930555287751,-0.004488454619446168,-0.004575354467426157,-0.0037868479113699785,-0.004087476226808678,-0.003913768843140033,-0.0038937276250341256,-0.0048695330760770905,-0.005050094622976985,-0.005344412943741229,-0.005223999524189218,-0.005183864939543337,-0.005217310314887142,-0.005571900081662876,-0.006462273729191998,-0.0060538084480833265,-0.005685663059966574,-0.006435484008406335,-0.006000251604175374,-0.006201104560401846,-0.007883156926362201,-0.008017306785370618,-0.007205974916206677,-0.007708789009617046,-0.00732662724326722,-0.006857505497572905,-0.006971414832566139,-0.006401997866642899,-0.006067198107249827,-0.005839598280314212,-0.006623027127128213,-0.007004920047655964,-0.0073333305771704,-0.008151474642978357,-0.007990475373835602,-0.007614911184831335,-0.006844105252348254,-0.007098740622576923
2016-03-22,0.0,-0.001302431171550468,-0.0011004432184676452,-0.0004882129226032556,-0.0012112057534793058,-0.0017912805276940494,-0.0011655961650327788,-0.0010939281572749577,-0.0009701500586742646,4.5554380549649225e-05,-0.0008529007278381737,-0.001413216082758741,-0.0013675972799838349,-0.00039706174831769734,-0.0004817018488946703,0.0017555955976670534,0.0011902401722547282,0.0019439764002717138,0.0017101190521875433,0.001956966871760964,0.002294659911999605,0.0019114994832375445,0.00048797468705051556,0.00040340946607354426,0.0005855410566506203,0.0006115571476043732,0.0007806452429047718,0.0012682392363053774,0.0013787274970402756,0.001333233809281383,0.0013267345420738964,0.0015216941860451481,0.0009952158911137629,0.0007221179838170264,0.0007026081362208655,0.0008391690767527079,0.0006245649392718919,-0.000351489276686812,-0.0004817018488946703,-0.000618443300325225,-0.0007877681504539616,-0.0005793724061827951,-0.0004751908175797788,-0.0010222652854523923,-0.0014849069777199532,-0.0011916585322789912,-0.0010418091957335163,-0.0019216807260871768,-0.0021042695756324846,-0.0024564993896570584,-0.00380133145571823,-0.003592306816177969,-0.0028741176665260265,-0.002586986367241909,-0.003526995575437034,-0.004108415628595782,-0.0044809634350359805,-0.005076020555189808,-0.004160694667980292,-0.003585775500150359,-0.0026457110626244436,-0.0026848627755168197,-0.001778241443037592,-0.000592395867949367,-0.0008463872791951125,-0.0005793724061827951,-7.80980521440959e-05,-6.508128654981116e-05,1.9523560056685957e-05,0.0008196615126941576,0.0030151233763988485,0.004182340280524585,0.004098086911150164,0.0047136210684320225,0.0036767135519180758
2016-03-29,0.0,-0.00022358565725396568,0.0009792421186230916,0.0021346968463437014,0.003105296923852752,0.0032494949210611973,0.004382691475049904,0.0034592003512343436,0.002469266779500222,0.0018328318433294924,0.0008478559284366542,0.0010843386433092431,0.0012813648615686568,0.0012025590325234678,0.0009201204692432953,0.0009661042763823474,0.0007361640926653361,-0.00011178657980861861,-0.0005064273631620969,-0.0008156714612027447,-0.0025874428063970708,-0.0018954856274105898,-0.0019152491893322104,-0.0027852328331501846,-0.0023369649196483266,-0.0014673710047094558,-0.0016715258865312634,-0.0012105901789004345,8.547542422396751e-05,-0.00019070227815500037,0.0009332589156224084,0.00023010950026420852,-0.00024331620375783944,-0.0008156714612027447,-0.0005064273631620969,-0.00028277846468738934,-0.00011178657980861861,0.0001380720541069799,0.0006507442706150301,0.00047988273376002393,0.001058065547614576,0.0020231486557694568,0.0018000149386826606,0.001957526260134579,0.002010024521141687,0.0012550969419207394,0.0015308756903197743,0.0002761250469534096,0.0009004124760090887,0.001622785041504582,0.0015702664466273485,0.0010120859691078873,-0.0002301624628337445,-0.0010789332765971916,-0.0010920981868455927,0.0008150066834736293,0.001622785041504582,0.0018853366508131562,0.0025479728517142394,0.002036272618156134,0.0034854104381877807,0.00383917939144572,0.0037540242288626206,0.0038784793285708383,0.0028430654637529446,0.0028102816956493038,0.003806428263985263,0.0028824045668264277,0.001583396353930378,-0.0007696077682682738,-0.001315928182315988,-0.001256674190060985,-0.0018361972851282712,-0.0021985698410199516,-0.002191980076900541
2016-04-05,0.0,0.001204593142182112,0.0010751366005621835,0.000816173229483637,0.0005118055509810603,0.0009068180378643039,0.00025269623779054047,0.0007384711392583494,0.0013210897024291646,0.00038873699840352813,0.00029804521436919756,0.00024621764468178156,-0.0012903938788208953,-0.0009335858150656074,-0.00040833655276709173,-0.0006611999074066255,-0.00015553712183983152,-0.0008816970645351738,-0.0011671185171921454,-0.00015553712183983152,-0.00014905592541104336,-0.006012231027071569,-0.0024005565245302117,-0.001426663277142809,-0.002673416685391563,-0.005764528789966525,-0.007793582127304028,-0.007329994933595949,-0.005217194100696074,-0.005047841677900246,-0.003999797551101133,-0.0044423157471214225,-0.006416508549531389,-0.009231415690919658,-0.009401478156581038,-0.009179094596350296,-0.007630322684831511,-0.008727938747047068,-0.008701791025492712,-0.009152935075591274,-0.008910991944124662,-0.009336066093264955,-0.010291507272165221,-0.010258771583387071,-0.010697518868718803,-0.011070933090967842,-0.011392049793434039,-0.0111036953776473,-0.010245677607925073,-0.010743369245846075,-0.011549369073236133,-0.010154024580037562,-0.010324244032603772,-0.009682798795267915,-0.010278412868058709,-0.011477261331127777,-0.01227729285044778,-0.013425997730099878,-0.012716926845829177,-0.013150188194535128,-0.012611922054889082,-0.01219201311646877,-0.01183129469263532,-0.01208050443671445,-0.011811622883975876,-0.01046175013056119,-0.010448653497050502,-0.01031769659477984,-0.0098071284784855,-0.012736616471694153,-0.0145694483150237,-0.01558914164018032,-0.015812955428043857,-0.015793205137549424,-0.016570344119884582
2016-04-12,0.0,0.0015514794314324617,0.002775318402009881,0.0031981060095731886,0.00406913524412102,0.003997661421378295,0.003412683633852064,0.0036922157119778382,0.003354167029748784,0.0033671710154707275,0.0021049963945793523,0.0023132998935291747,0.0019617625651080833,0.002489022226662843,0.0019487402905072795,0.0026972457553726304,0.0035557098078854185,0.003425686858651913,0.0037637113686472402,0.00414710086132328,0.004231556754283412,0.004335492677880124,0.005192552107676479,0.004751128379176879,0.004251045562835922,0.004238053066002524,0.0040041592527269515,0.003913185771433916,0.004296517972459038,0.004666716357556236,0.005069232739564438,0.0043809612477390845,0.00406913524412102,0.004238053066002524,0.004647235648327948,0.004556320653785094,0.004874486979537799,0.005361280286980569,0.00514063001676211,0.005354791268022809,0.005237981725848167,0.0047900853706631785,0.005173081639508252,0.005517004111093623,0.005653242567528121,0.004926422890635076,0.004848518012451953,0.005062741825221699,0.005497539959194784,0.005153610792233956,0.003893690377220419,0.003503702656890553,0.0025801253554676618,0.001303925652367124,0.0012778637945462835,0.002196134514462875,0.0029639688041017613,0.0035817123691392187,0.0029834823318557004,0.003002995478839083,0.004017154788760644,0.005010812993673546,0.005445633701883929,0.005413190922832509,0.00557539429377434,0.00607481542966843,0.005789462465573724,0.005062741825221699,0.005763517248897226,0.005925663810286228,0.005328834771110123,0.0053093669562744,0.005763517248897226,0.005542955724312288,0.005471587167321689
2016-04-26,0.0,0.0001086300158580016,0.0002428037454820644,0.00015335659271699636,-0.00019812041312198498,0.00012779879375322757,7.668123613895051e-05,0.000817630195661789,0.0012644891042078448,0.0018769996508820408,0.0025273812947884003,0.0018514858670591447,0.0024700116911010113,0.002565625868844044,0.002654857520645057,0.0023807635429408704,0.0020428233806377392,0.0020810864905405836,0.0026676042495158343,0.0028332969409354453,0.003285625645081031,0.003362055358442971,0.0033429484777363475,0.003610411591709802,0.003973282862335179,0.003705916798408056,0.003947822507289128,0.004482353882371324,0.0041387593714128455,0.004456906485320774,0.005131043805907308,0.004902142467742544,0.004870346470855899,0.004997524392940192,0.004119667325476951,0.004234214133882658,0.004927578537362463,0.004940296329554032,0.004902142467742544,0.005016599686302739,0.009400609854684777,0.011557002875425782,0.0119233171266199,0.01198014696861666,0.012478848146481323,0.013670935101846624,0.015686049133867435,0.014452273751065763,0.014553047187273379,0.015491012500965564,0.016610382752044225,0.016780065477178835,0.01649095912802368,0.016327514211739832,0.01617661826678188,0.016088585115955706,0.016402953646482633,0.0171570351481504,0.017238693183189407,0.017477347675422736,0.017226130842573815,0.017263817390993072,0.017533862766536967,0.016006833107483406,0.01621434438772365,0.0167046544872481,0.016993699071245424,0.017276379258189083,0.017307783235819444,0.017854054633260206,0.018406301602092612,0.017709667071683907,0.01642809886009257,0.016201769172215826,0.01625206908545913
2016-05-03,0.0,0.0008818117328386092,0.005094813238266099,0.004579498519081123,0.004903986896018807,0.0064994462149497965,0.007083599178040857,0.006677268025263166,0.007521490074051752,0.00722958411646292,0.006061107448302743,0.005851399227925243,0.0058196214183670525,0.005533575680881798,0.005845043746799426,0.004923071168988061,0.0030064652024200476,0.003592661569496648,0.003821949250109785,0.0037646322584720554,0.003675465963272519,0.0034525154350708415,0.003713681063336955,0.0030383325323547,0.003108437083762146,0.0036181405747976025,0.003962043623002811,0.003401548334323448,0.003102064145805876,0.0024709421621316287,0.003051079179986738,0.0028407387144863084,0.00285348788100947,0.002764240301791015,0.0030383325323547,0.00325500344831852,0.0033951772640792056,0.003446144689534559,0.003465256804386167,0.0007285090171639225,-0.0008569967267926405,-0.0028424205303036985,-0.0030668291344301854,-0.004163950104210231,-0.004016314046081568,-0.005602937921977908,-0.004671213940434744,-0.005570795053352759,-0.007932831105799803,-0.008951449998351891,-0.008338864902412632,-0.010545929693466505,-0.011069369805453103,-0.009506324520621154,-0.008699922288668947,-0.008654782985547626,-0.007997269908291475,-0.007462553601199209,-0.007849066869857925,-0.00840332987539187,-0.00882890295464589,-0.008216392901614897,-0.007913500274734598,-0.008725717091017758,-0.010222955225020173,-0.010048592375489518,-0.00939661560408029,-0.01006796452415195,-0.01028108293160786,-0.009977564374284514,-0.008990152185030182,-0.010326295706162072,-0.01051362755215471,-0.009777421691252428,-0.01051362755215471
2016-05-10,0.0,-0.0005475649415109116,0.000337303547749065,-0.00015914494636985483,-0.000630362479286923,-0.0014842137826283537,-0.0011081744916521209,-0.0012993632401393422,-9.548392853601786e-05,0.00018457641356771985,-0.0005985164611510612,-0.0007896077842756572,-0.0002291767472026298,-5.728926305308471e-05,-0.0004520378388072123,-0.0009934787856060254,-0.0020262140318262583,-0.0016946025244190038,-0.0014969633555177648,-0.001044453030879698,-0.0013184841255642877,-0.001605341288601731,-0.0020262140318262583,-0.002204819632862294,-0.0021218916366422245,-0.0014204683563411185,-0.0014395915575654812,-0.0017711184971656638,-0.0017264834682251008,-0.0018348862804278075,-0.000917022289315235,-0.0006431011705138888,-0.001490588548754108,-0.00103170922596165,-0.0007067970608765636,-0.000878796233156491,-0.000980735630273231,-0.000866054539148059,-0.0006494705769807338,-0.0007450165426250561,-0.0001018498479498306,0.0007444619061638638,0.0012341046992795672,0.0013803151472301543,0.001202316990312613,0.0020665828312589965,0.002949142183513753,0.0033933018090921883,0.0027714230807812127,0.0027460320590452733,0.0019014132779847908,0.0012341046992795672,0.0018315256382207142,0.0015519262260997766,0.001354888778813337,0.0017425706684385596,0.0028920216305713614,0.003291797000214612,0.003291797000214612,0.003367926572783856,0.0030443358551102764,0.0034123328137711136,0.0035328541001962872,0.003938713703712778,0.004166937363889462,0.004084529272636095,0.0041542596380198275,0.004300043782667576,0.00313952046573445,0.0030633735020575846,0.0037358044922066124,0.0035835955597854235,0.0037167796425817247,0.004071850501969377,0.004287367744183023
2016-05-17,0.0,0.0007280209231894497,0.001215182331926274,0.0014175692331248803,0.0001519785713140083,0.0002976030314155556,0.000886216231446377,0.0009115251585391094,0.0009937747481284628,4.432946928859298e-05,-0.000494089934417856,-0.0007222138066692511,-6.966456514716155e-05,0.000265947343993685,0.0008925435232706618,0.0012910822200103739,0.0011898810890012925,0.0010127544619782129,0.0009368334451062623,0.0009431604166695616,0.0009747946740423378,0.0012784326387114205,0.000468526429661992,0.00015831051056547807,-0.00013933398378407845,-2.5332007626251173e-05,0.0008545791717921371,0.0010001013594371536,0.0010127544619782129,0.00136697634773867,0.0014175692331248803,0.001449188486723561,0.0015061006238845244,0.001986562888391774,0.002940481132236646,0.003521230567809799,0.003691603906687481,0.0036411259434626538,0.0037357700344294834,0.0035086091656979235,0.00384933112095236,0.0038871819508365445,0.004126870609033671,0.00408272175169346,0.003912415041512847,0.004070107434443288,0.004252999462437269,0.003388697899890985,0.0034076322136015707,0.0030225640170542193,0.0031551452153405156,0.00397549498274333,0.003306645064130434,0.002946795439509876,0.0026562960310960977,0.002946795439509876,0.002972052269905361,0.0033823863823180477,0.004044878322569687,0.004107949908841062,0.004864498821135983,0.004877103121723657,0.00384933112095236,0.003211960348382118,0.0028078714685867,-0.0004117246570379389,-0.0010644972206750388,0.0010190809532113724,0.0010507128090232836,-0.00015200167231104795,0.0003292577167863787,-0.0003547065157505451,-0.001203979614419121,-0.0019207186728109403,-0.0018826488146166764
2016-05-24,0.0,-0.0008614910804954352,0.00034956660570751306,0.00047900471505636026,8.41660921208776e-05,0.00020069206459736696,0.0012488152438430479,0.0017983173118380383,0.0013781370159902265,0.001785391319606266,0.0010418656159370877,0.0011712141522154014,0.0015785527176148473,0.0015462303211003152,0.001242348716206757,0.0013070121109283075,0.0017660020179759285,0.0011259440676495546,0.001339342240348583,0.0012035486722286092,0.0014298610424586082,0.0015268363817059303,0.0017401490309852208,0.0008219346992324484,0.0004531184334898249,0.0004984189864879584,0.0009125003464507191,0.00025894995936767706,0.0,0.0004142877546600652,0.0002201117399655748,6.474377652700151e-05,-0.0005375351874962909,-0.0006671049512775552,0.00022658488128414993,5.17953565578757e-05,0.0001812720120978219,0.0008219346992324484,0.0006731304703297928,-8.417317664822167e-05,-0.00014892659565138297,-3.8848278054969116e-05,0.0005631305025718409,0.001436326357658856,0.0018758697567177467,0.002186019406408545,0.0026123181707849203,0.002980339094022694,0.0020826468775662086,0.001985725425865374,0.0022118608690369947,0.0023733548828048794,0.003328865604927779,0.0034062994474273337,0.0034321093958733996,0.0037030736431538673,0.002838311979516541,0.0023281391877834332,0.0025089897024083464,0.002502531318619143,0.0026252334786538646,0.001113009381347962,0.0011453457834086195,0.001100074527737874,0.001837094286075495,0.002173098424672281,0.0029093280582322724,0.00288350461312502,0.0030513450876037407,0.0017918543366074223,0.0015268363817059303,0.0026768930421420525,0.0028641365916645877,0.003883675693478063,0.004354377725220129
2016-05-31,0.0,-0.0010072553755399785,-1.2203083719402774e-05,9.761930917682588e-05,-0.0015204299211265182,-0.002400770865536679,-0.003447183327044011,-0.0037227371153559243,-0.004169908153475216,-0.00456824250833883,-0.004929944966035059,-0.004929944966035059,-0.006034253106579327,-0.00606494574740729,-0.004445661190803964,-0.0040167448719281885,-0.004200543625064788,-0.004176035172711066,-0.003949360459142614,-0.00458050146657282,-0.004807319305235585,-0.00461727924299259,-0.004408889725456939,-0.004194416455663911,-0.004795057566152982,-0.005475811573473817,-0.005083248190915326,-0.005193641067007131,-0.004476305111512085,-0.004825712195770753,-0.004347606954476012,-0.004127020069922727,-0.0037839816033711253,-0.0038268549768691257,-0.003624753735708216,-0.004188289323804897,-0.004280200243806019,-0.0035267799558626922,-0.0035818890259111183,-0.003318617539447381,-0.003569642303440071,-0.004359863208229638,-0.0043292228554954555,-0.004078007369496826,-0.003710488667846386,-0.003753358890502555,-0.0034900422629856867,-0.003251280151561613,-0.0032757659497999613,-0.004035123227127226,-0.003943234828585558,-0.005353118961255473,-0.005408328773893563,-0.005064850562982142,-0.00458050146657282,-0.00451920817816862,-0.00461727924299259,-0.005212041064554255,-0.005549434367123836,-0.006107917027252013,-0.006464035827334173,-0.00739176801890338,-0.006623716466395851,-0.005524892833644894,-0.003741110067920477,-0.0037594833580567298,-0.002651565304108332,-0.003122739546325739,-0.0031472221973084013,-0.005531028160550523,-0.0054574067219543875,-0.005377656279450503,-0.00456824250833883,-0.004151527321006859,-0.0042066708320082115
2016-06-07,0.0,1.2159459147462414e-05,0.00021276919182379634,0.000595639692075154,9.11923399067327e-05,-0.00020065242507124695,-0.00010336137273107844,0.0001762976882212875,0.00012158793862640627,0.0007414565706371872,0.0007110798076434416,0.0004194159238941564,0.0006077919107666866,0.0008325813235244342,0.0009054751476273554,0.0006563993088220173,0.00024923936530424156,0.0005044933443980295,0.0005470293404912143,0.0005774110871401937,0.00023100444482321313,-0.000833275092844093,-0.00020065242507124695,0.0005470293404912143,-0.0002736269265966785,-0.000529079626661182,0.00015198261348151764,0.00039510675994576945,0.001367012683072153,0.0024471492008214793,0.0018283372998867098,0.001543069555967882,0.0015734210567001933,0.001737303243983469,0.0020771214445180135,0.001961838926377472,0.002222722473689175,0.0024168242078696886,0.0025320542891132964,0.0027321591932606315,0.003568527947279553,0.0047612639037517565,0.005910272254643826,0.0069191011020932145,0.006574884689233857,0.00662320291306535,0.006381588444015609,0.006145958116698366,0.0064419975343939515,0.006580924594890466,0.007178694748939819,0.007100220055479239,0.0074201167255477304,0.007426151528254878,0.007788173060422398,0.007377872086838858,0.0073416609760591335,0.007969134691018537,0.008017385595732581,0.007148512903317862,0.0058619195701538045,0.005898184302705321,0.006284926308311286,0.006109702368647508,0.0038047663068245907,0.0032776964093969565,0.0031443703481965593,0.0034473584188443865,0.0032898160790149665,0.0037865961065582277,0.004918574616935767,0.005130299967602808,0.004797568572536094,0.0050577134686598454,0.004640238821155809
2016-06-14,0.0,-0.0007273803533505125,6.1619799673877525e-06,-0.0020972773933702277,-0.0020849275977591467,-0.0016034044938667718,-0.0026284629378485708,-0.0032093840230801984,-0.0031908387742179863,-0.0021528533611009783,-0.0016589530201477013,-0.001060425872649499,-0.001011078796145294,-0.0009493983747251154,-0.0015910607959415495,-0.0017700593304833113,-0.0020849275977591467,-0.0018873516075385668,-0.0018564838849876165,-0.001517001807923745,-0.0017391952282095242,-0.0017577135752624019,-0.0022331352121966637,-0.002066403190308094,-0.002307247257290624,-0.002307247257290624,-0.0016651252690992864,-0.0009123919479380946,-0.0009185595906343137,-0.0018935252663884483,-0.0017453679724571717,-0.0015972326258582453,-0.0014306065867599953,-0.0012948577465870647,-0.0015663738571824474,-0.0017762322652506966,-0.0018626573532729512,-0.001831790392956215,-0.0018996989633524063,-0.002369011490877869,-0.002387541504868677,-0.0029312413959297077,-0.0023751881240569855,-0.0024184256245656744,-0.0027952887072558805,-0.002684068435393107,-0.002548149344111769,-0.0024307795395214107,-0.0025666826778576023,-0.003011585764296224,-0.003759716245935394,-0.003710235790705168,-0.0030981176884494264,-0.0029003414345522643,-0.002993044183255071,-0.004440320896607126,-0.004564116979857129,-0.0040752117156248385,-0.005499272385979807,-0.005214297969797495,-0.005288631292841008,-0.005276242021949399,-0.004421752805870516,-0.003666942400671258,-0.004124710233773001,-0.004273220490535706,-0.0027829302883919027,-0.002245486838288326,-0.0024307795395214107,-0.00202935540483522,-0.0008137148378639978,-0.0011221131428840745,-0.0012948577465870647,-0.0005054116130366437,-0.0006780497085273746
2016-06-21,0.0,-0.0002553610636896913,-0.0008332041436746922,-0.0017645381185477063,-0.0016792819541711162,-0.0011922432614963033,-0.0005290345850521797,-0.0006446081188417258,-0.001770628122719577,-0.0013018062877365954,-0.0010583491958463776,-0.0009062186066553832,-0.0009062186066553832,-0.0004682117740464092,-0.0008879644911124802,-0.0006628577926292429,-0.00010335257524304498,0.00019451705124846108,6.079064312292163e-05,-0.00043780175576765113,-0.0008940491592697747,-0.0010766064219047443,-0.0008818798599779247,-0.0008027830241143105,-0.0007906148354098259,-0.000772362829970292,-0.000626358778098613,-0.0004073926622299834,-0.000370902970563859,-0.0004073926622299834,-0.00021279635772931694,0.0001580479861288222,-0.0004195561886796746,-0.0005351170696255846,-0.0011374662495684848,-0.001186156778661489,-0.00170972974990529,-0.0026357854890906502,-0.0023188804299745006,-0.001922890281908411,-0.001983801637631275,-0.002404191143833064,-0.0020812675246479604,-0.001356592302707003,-0.0012226762313608758,-0.000760195011416588,-0.0007845307965816059,-0.0014661733379920795,-0.0018315302043715384,-0.0017523582214679554,-0.0007541111576603805,-0.0010583491958463776,-0.001435732956997927,-0.0015696775650145024,-0.0014418209590678428,-0.000839288478641887,-0.0005898610956973126,-0.00035874003589076705,-0.00024319953425553569,-0.00024319953425553569,-0.00035265862403030535,-0.0004134744069610181,-0.0002675227410284438,-2.4317292027686366e-05,-0.00031617092950104347,-0.00021887691908695878,-0.0010279212264545736,-0.0010766064219047443,-0.0008271198457267375,-0.0005107873533088596,-0.0011435524360554313,-0.0009792384011371577,-0.0008149513608854132,-0.0005898610956973126,-0.002099543436083332
2016-06-28,0.0,0.002111059770205398,0.001858214488585362,0.0019383918656562635,0.0033804864803146277,0.0035159611344455868,0.002906180605737483,0.0019013877211878428,0.0017533574487270135,0.0018273753240775105,0.002043229506165434,0.002283697865696043,0.002425485437328132,0.002425485437328132,0.002813757170785608,0.0031833996690955493,0.0029554696118348255,0.0026165586220208525,0.002739812272025579,0.0028014334006977743,0.0028568891701144902,0.0025056173468219547,0.0019198899645855023,0.0017780306825872084,0.0021788854336124808,0.002339182353172241,0.002203548170684377,0.0022898629607772075,0.002203548170684377,0.0021542220882752048,0.0018705498880984238,0.001784198895933579,0.002012396046926314,0.00255492609975212,0.002382334826277978,0.0021912168781796433,0.0019568934244132362,0.0023206878660701788,0.0026350476380052534,0.0030786814994735916,0.003916119972060253,0.003983823320632254,0.00474055783215178,0.004845102126741993,0.004771307288657611,0.005361513570583914,0.005767078417358151,0.005539736564894802,0.005595040691518395,0.005392243939258618,0.0052508764234344574,0.0053430748960783415,0.004875848368785034,0.004894295660262105,0.004260743843135572,0.003602162723071287,0.004426859355322498,0.004771307288657611,0.0043161187466281056,0.0035405909180126947,0.002524108414096186,0.0024871259376220535,0.0032018782078133533,0.0032018782078133533,0.004353033645485492,0.0046052489895123455,0.004574494426301774,0.004722107704384002,0.004236131790612123,0.004709807430087798,0.004863549985407441,0.004353033645485492,0.004186905868231512,0.003879188940757209,0.0038730336362694778
2016-07-05,0.0,-0.00023947937299015516,-0.0001017717261064551,-0.0005808366006514149,-0.00029935817830607455,0.00029328409562991105,0.00034714325394390763,0.00034115904626792927,0.0001676014441590952,0.00017358669052661203,-0.00012571951991716435,-0.00023349168965485184,-2.9931785463144997e-05,8.978998129425799e-05,-0.00014368074163988983,-0.00020355381075124913,-0.0016835575562144482,-0.0019354361520636115,-0.0016715649196930935,-0.001581624729858737,-0.0016835575562144482,-0.0012219448410786201,-0.0011500243850718307,-0.0006347457637248707,-0.0009702458717155153,-0.0008564028611041407,-0.0008983435150848139,-0.0005988059987668496,-8.979804425897768e-05,8.380423335983199e-05,0.00023343718401174803,0.00047280334356719677,0.0007480036133253219,0.0002454068528710367,-6.585111066272175e-05,-0.0006706868203956877,-0.0007425728092483591,-0.0013238410089718641,-0.001533659936008193,-0.0012519132244363986,-0.0010061989888547481,-0.001953429908230648,-0.0021033904688842883,-0.0019174427196657876,-0.0017495196280470438,-0.0011919773557979288,-0.0013478180868863748,-0.0012279384459021974,-0.0011620107685403889,-0.0016775612199757433,-0.001731529540584809,-0.002583415439399771,-0.0028115080459864255,-0.002253373521080566,-0.003075680287823515,-0.003321903613622781,-0.0030036263914779114,-0.003580202984027498,-0.003490090974739013,-0.0038565971238280422,-0.003033648217347548,-0.0031417342539377963,-0.003021639378842229,-0.0028535307802919872,-0.0024693886429789837,-0.0029856137285754632,-0.003880635007533765,-0.0037304077133555806,-0.0029856137285754632,-0.002379376671325949,-0.002049402076375516,-0.002343374151145766,-0.002511397002648745,-0.002187378206723851,-0.0027454758883017944
2016-07-12,0.0,-0.001030845944486742,-0.00012364542041943735,-0.0006478362496593951,-0.0006714018415397063,-0.0010131653445244523,-0.0013786279535153668,-0.0011310419161030473,-0.0013078828304776745,-0.0015673060868691862,-0.0012666171531990522,-0.0006537275955668501,-0.0008717317974301128,-0.0006301624201817961,-0.0005889246994438497,-0.00042399081988389126,-0.0005948156982920741,-0.0006949679887703363,-0.0008540540104529632,-0.0006124889030631471,-0.0008717317974301128,-0.000907088308924603,-0.0008540540104529632,-0.0007951303107345712,-0.0006537275955668501,-0.00046522173954545573,-0.00043577090917712165,-0.00027675141128473,-9.420464789139655e-05,-1.7662695504334956e-05,7.653474239514676e-05,-0.0001884181711345834,-0.00021786171755303247,5.887495842092734e-06,0.000264903002900161,0.0003473029605697839,0.00037672987148186683,0.00038850039338696125,0.0003178751836889103,0.00011185649412205609,0.0006238817416787669,0.0011238832226882658,0.0007121354653077545,0.0006827184228363167,0.0010180214192924615,0.0008297949823336884,0.0003943856023853605,5.2986214765713945e-05,-0.0007597777573926726,-0.0009247670334639319,-0.001431690080434815,-0.0010426331847991465,-0.0005182354200327165,-0.00027675141128473,0.00014717699826710903,-5.887530504682056e-06,0.00020604173301004387,0.0004944288564639475,0.0003178751836889103,0.0005826940050273827,0.0009474406572260964,0.0003590738288480356,0.00027078893933807005,0.00105330993229683,0.0012414943064923117,0.0012120928323003455,0.001376729954815128,0.001658901975804489,0.002046758544257655,0.0021701359117174642,0.003062699507404663,0.0031742139618475503,0.003584949418785424,0.0029453024351528594,0.0027456957770209418
2016-07-19,0.0,-0.0002645028390697234,0.0009105301970491267,-0.00148211781734747,-0.001646933253863408,-0.0013232143685139594,-0.0008525375265383724,-0.0012761367139140635,-0.0012761367139140635,-0.0005878791254711505,0.0005405437296348153,0.000528795885363977,-7.640474535951946e-05,0.00021742771348778095,0.0008224505965211867,0.0009164018945863235,0.0009986020402440734,0.0014740560050072128,0.001174722460100875,0.00042305907593261674,0.0009281451862310114,0.0007343632372938294,0.0006169013535400713,0.0006932531474037641,0.000481803128114197,0.00041718448091243056,0.00013516332745666597,-0.00014105947443456587,0.0001057815494457644,0.0003995604887838338,-0.0002351101795904007,-0.0005937596623640271,-0.0006525669333120327,-0.00041735859644425786,-0.0003820821170333076,-0.0003762028247823172,-0.0001175481801957034,-0.00037032356709753417,-0.0002292317513644593,0.00046418027479759203,0.00041130985138117503,-0.0001880837213207022,0.0002291792162112319,0.00041718448091243056,0.0016031526222681782,0.0010103443666340396,5.877046314143887e-06,-0.0007231402237033498,-0.0018529907564102264,-0.0020708691516850442,-0.002565688287718502,-0.003615043443315839,-0.003013592867958906,-0.002595149529983358,-0.002359483891299284,-0.0022887950283001133,-0.002006089534863126,-0.001953091151301625,-0.001835327020941901,-0.0023477020671192938,-0.002995908620201943,-0.0022770140369297595,-0.0023359203817491605,-0.0022240012932426678,-0.001552749678231942,-0.001982534350955129,-0.001376179379251661,-0.0014173763271521768,-0.000858419619975396,-0.0004937952378553885,0.0009164018945863235,0.00237151941149275,0.002688078997684443,0.0025415360911246266,0.0026470491484636037
2016-07-26,0.0,0.000550847594403343,0.0016979556178531902,0.0014141978524234273,0.0007479193407488419,0.000620406763199146,0.0011361529695543015,0.0017732247775084416,0.0013968223119713281,0.0004407023474939318,0.000237771444769811,0.0009101845636109485,0.001217257379940894,0.0010434541595090558,0.0007942835197924547,0.0006841650844061718,0.0005044721270170223,0.0003189487476404606,-5.800009860203312e-06,0.0006493883222350136,0.000626203142201259,0.0006551845332521693,0.0008522357208331954,0.0016400524088410213,0.0019411124899697345,0.001628471364694055,0.0014141978524234273,0.0016516333188691791,0.0018195414445693907,0.001611099546993517,0.0011419463598753598,0.0008290552434304323,0.0007768972045607795,0.0011013919227799013,0.0013157324643758655,0.001541609258233359,0.0015068623029319092,0.001628471364694055,0.0017558554742776484,0.0016516333188691791,0.0015705641320643718,0.001026072175934415,0.0006783690413646806,0.0007595105870398912,0.00081166953274565,0.0010608358409553735,0.00017978362219615038,0.0002957559049506597,-3.480056377277881e-05,0.00045809450884720426,0.0005334570461656939,0.000620406763199146,0.0006899610938537426,0.0009275685616413774,0.0010086898902213913,0.0010955982975057149,0.0007479193407488419,0.001089804638665462,0.00136786240695794,0.0013852384506069548,0.001344693879084928,0.0019526899139926939,0.0014026141923343227,0.0007595105870398912,0.0008000788910295232,0.0012288431873268726,-0.0006440065551534163,-0.0017647541471540469,-0.001236162251345738,-0.0017124633755918194,-0.0027180873976766443,-0.004650792621478186,-0.005052938570906374,-0.004714892010516509,-0.004662446750244794
2016-08-02,0.0,0.003450561321627046,0.002960001698696708,0.0015562494643735379,0.002163050859564886,0.003819765114774701,0.0028041265024544492,0.002648227005347657,0.003069677088514841,0.0027925792250136704,0.0024403231947614434,0.0022381530418965536,0.0017585575108546789,0.0018510275592940992,0.0023767884080003066,0.002474976831664072,0.0027637104480373177,0.0028214471686077974,0.0027406148263887866,0.002994637331839291,0.003046588532356696,0.0030408163100221148,0.003098537034087071,0.0034274815579628227,0.004148472519129413,0.003912044768330222,0.003652486534983593,0.002994637331839291,0.0030408163100221148,0.0022497067231881515,0.0024460988843067006,0.0027059703937456787,0.002255483513776726,0.002255483513776726,0.0015678110268034244,0.0015909337506613036,0.0015504686330322828,0.00184524843176886,0.0019030382041509764,0.0013770281515893955,0.0015446877682728235,0.0003994176659381647,-0.0004690852633988848,0.00014473497603847716,0.000191045744458136,0.0013712462841038947,0.001093677323783474,0.0009259420674640644,0.0001563128692093755,0.0004399293868525241,-3.473951156604003e-05,0.0002026231014634239,0.001082110278296171,0.0011341609293746573,0.0010705430990105573,0.0008507412668292912,-0.00034744943512602294,-0.0014427048868810239,-0.000729783298343195,-0.0026842852182230583,-0.002835236501885976,-0.0022489764468423285,-0.0016514610488452064,-0.002533356717411234,-0.0024230772168075563,-0.0023534332714500797,-0.0018428591545881937,-0.0008398762110781818,-0.0013499383569783262,-0.002219962598530522,-0.0017442555554771405,-0.002138728301365792,-0.0020400955256143433,-0.0016166653287153034,-0.0011760243048642512
2016-08-09,0.0,-0.0014896061050362005,-0.0011155581247061772,-0.001063777891511112,-0.0005576235036198995,-0.00037938012043361096,-0.00016093156419977827,0.0004424283065396641,-0.00022991016361672127,-0.00038512941111477314,-0.0004943722148538566,-0.0008336759553385423,-0.0008854442748641284,-0.000971730763316374,-0.0012996873379014597,-0.000948720305062213,-0.0010120003393695495,-0.0010292592255389799,-0.0018465207544146381,-0.001460828215662201,-0.001328460590288004,-0.003281220563473213,-0.0013457249391203416,-0.0016162386578298866,-0.0012709149133911478,-0.0012939327867709345,-0.0006956402038596831,-0.0006783870745730563,-9.77053609407902e-05,-0.0004886222960715595,-0.0013227058735784212,-0.0030333140748364713,-0.0037772179898411416,-0.003534955953424307,-0.005520927798032222,-0.005648071910275263,-0.00673523596514716,-0.00657902799995898,-0.0057925734812588805,-0.005746330706683981,-0.005688530245420145,-0.005572939344607129,-0.0056133946400664155,-0.005740550510215092,-0.005544043706979555,-0.0054284695053241575,-0.0056827503830387685,-0.006804669560620265,-0.0071229685733976535,-0.0055498227677089375,-0.00491432622133215,-0.0051915841422874595,-0.004960530536823398,-0.00508760341328895,-0.004995185174483609,-0.004654466717240939,-0.004631371362293083,-0.005203138224055926,-0.00498363349515822,-0.0035983998618212185,-0.003592632067454501,-0.0029180296680776153,-0.0023648494439932753,-0.002416697092570074,-0.0034772831657365047,-0.0034196137040073257,-0.0023821316948340406,-0.002278442669648372,-0.0030679019886700907,-0.0031716729086923297,-0.0027278394484686256,-0.0029987273572855927,-0.0028719196264551713,-0.0024800700916608,-0.003592632067454501
2016-08-16,0.0,0.0005722460814242363,0.0007918091517979069,0.0020677871656290003,0.0016176278708948154,0.0024543007315864836,0.0030424376806561914,0.002811836964771998,0.0025638818722051758,0.0025523475807566,0.002581183059931991,0.0030136154991032347,0.003336376491628583,0.0030770232020074667,0.0024139257052651223,0.0022870221517954114,0.0027657104397056983,0.0026676845088853163,0.002252409296577393,0.002252409296577393,0.0012076912321195331,0.00012719409836545656,0.000375754041609254,0.0012654389554316696,0.0012192410435691828,0.0012076912321195331,0.0012019162763700188,0.0008495808956541423,-0.002721200396174368,-0.0036376525147938502,-0.0024429508161012757,-0.0026748200892444873,-0.0031097199386653433,-0.0054440124366406705,-0.004798924237690481,-0.004363289292878932,-0.004496863834931383,-0.003655061631948901,-0.003341743884577358,-0.0034403703658673775,-0.0033591478509418,-0.0029937281507539343,-0.0032547285959363525,-0.0033591478509418,-0.003231525797677676,-0.002889347043639344,-0.002889347043639344,-0.002721200396174368,-0.0030807207303417696,-0.002976330542924392,-0.0027269980857950564,-0.003568019076788746,-0.0039568678282315565,-0.004653691501976655,-0.004415555467094084,-0.004072971392741454,-0.0035041926845540555,-0.0038233653916139145,-0.0039046256217409665,-0.004177476127481591,-0.0038117573263299425,-0.0038233653916139145,-0.0034809840973755923,-0.0025240989462608364,-0.0003064885972645327,-0.0004915838061408758,-0.000532077950403917,-0.0006072857118802724,-0.0014175741031103584,-0.0008445164777727348,-0.0011570526534850584,-0.0009313222845570163,-0.0004684450313379152,-0.0010586510998186857,-0.0011628412817247722
2016-08-23,0.0,-2.3233256083892457e-05,0.0,-4.065855238690503e-05,0.0006561165684162701,0.0006561165684162701,0.0007489832467579315,0.0014336087891437589,0.0018627112178371047,0.002227883099023405,0.0023090142998097177,0.0021467453154314984,0.002082989581016071,0.002256859283499554,0.00239013891885827,0.0013988086290594303,0.0006445076272095217,0.000435523636944522,0.0007141592530226509,0.0013930084846361002,0.0013988086290594303,0.0014394086980853659,0.0017119664805724652,0.001352406531676344,0.0010217292493830748,0.0010739487220364093,0.0013582069116011848,0.001451008415052281,0.0014974059374328688,0.001509004981671854,0.0017061681522303486,0.0017931395473932974,0.0015496005770551287,0.001445208573387781,0.0011899822326443203,0.0012711976798668323,0.0015553998132958931,0.0016539816841697715,0.0017757458734720239,0.0018916979853798926,0.002164132537562433,0.002054008357948548,0.0018627112178371047,0.0013118029301312894,0.0005458261853354497,0.0005168003784886271,0.00036585260032749524,0.00046455180297619964,0.0005922657239669386,-0.0005751817936340684,-0.00045895678188072564,-0.0007902336829962182,0.00032520892055923974,5.808077876346856e-05,-0.0003834177673965279,-0.0017032659729720914,-0.0019534776358865243,-0.0019418384957859628,-0.002902523275862423,-0.0031996490234115107,-0.0022910716415606687,-0.0012960785273334133,-0.0012495533746641825,-0.00016845333737194673,0.00011035059556955973,-0.00029626445595131714,-0.0003834177673965279,-0.00018588116438370602,0.00019746088596322026,0.000696746801378222,0.0016191891923859078,0.0024075219096023046,0.0023843445214611573,0.002911497242856895,0.0031315447276756836
2016-08-30,0.0,0.0009885965337082787,0.0008383465984375094,0.001462313895064697,0.0016990884492588424,0.0022474970678232225,0.0023167483461141235,0.00205125906512729,0.0024033057005136147,0.0029282597790883597,0.002876353521777353,0.003112793543524036,0.002934026974703004,0.0026860075240925313,0.0029282597790883597,0.003510578635287568,0.003597032721017475,0.0035451611665017727,0.002720618582328894,0.0026687015457418665,0.003055130400059417,0.003210813257096726,0.002887888478463726,0.002934026974703004,0.0029686294499366534,0.002893655906911587,0.002807140987359698,0.002570628677522163,0.0024783160144670005,0.0024263863963978577,0.002720618582328894,0.0029686294499366534,0.0032857630263728324,0.0034183527047491804,0.003671953549907242,0.0037180558855750196,0.004069516322526517,0.0050540998973360425,0.004869924054930262,0.004858411938427729,0.005013814330210495,0.0051001385583097514,0.005353313313535886,0.005278518352380183,0.006003218582526964,0.006279156774123276,0.006359624406061821,0.006606734512111141,0.0073132473836630945,0.006733139329452207,0.006784845786163913,0.007112257940674845,0.007163944798728431,0.007324731274635167,0.006658447505012385,0.00672739400255745,0.007181173157756385,0.0074854919024070436,0.007451045372030607,0.007479750896410764,0.007755282013079041,0.008736245099111866,0.009011430277540226,0.00903435895788105,0.009166188668476578,0.01053504371201421,0.010180123193310233,0.010557937484908998,0.010672398488170273,0.010540767204375018,0.010626615659012318,0.011147271697367478,0.011244507067095852,0.01099854048870956,0.011215909410385874
2016-09-06,0.0,0.0015407149593459244,0.0015689110575717495,0.002425693216765946,0.0023524444950639095,0.002769327120476476,0.0033661807063656386,0.0034280979455521667,0.003101582036259843,0.0034674978290461763,0.003979555100615814,0.003748880432453574,0.0036869830526625063,0.003777014338595121,0.0038557850651832672,0.003962678270534091,0.004080810100167852,0.0041876792558626415,0.004491350303724203,0.004631907529018797,0.004637529407119723,0.004744339086426628,0.004362020205337449,0.004300160766832785,0.004384513597904487,0.004418252738121833,0.004451990740048223,0.004721853786190775,0.00478368714530764,0.004182054848182966,0.0042889131850627794,0.004682503294164013,0.004603797664422134,0.004547575564624284,0.0045588202374606136,0.0047387178087665415,0.005486070501289532,0.005564706724544583,0.005137750020456291,0.005272598147957315,0.005429897984240387,0.005671417423516699,0.005429897984240387,0.005604022517423034,0.005688265440365176,0.0057219606225188055,0.0059072638324444895,0.0057781167365305326,0.005547856625830848,0.004884860759315581,0.004660016603473182,0.004654394851791466,0.005126511855648739,0.005081557933411363,0.005137750020456291,0.005379340020929338,0.005356868994507927,0.005289452885403103,0.005238887820795495,0.0053006892192121935,0.005042221593652708,0.004744339086426628,0.005098415891070253,0.005452367369703796,0.00639001394566736,0.006973493633003767,0.006850093626116184,0.007349208968571825,0.007433305006296278,0.008060998645167084,0.009421516411583062,0.009494249177446292,0.009958495247383709,0.010366629993422314,0.010064738135500866
2016-09-20,0.0,-0.0002446302255686327,-0.0002616996840405876,-0.0025288351793550886,-0.0024432971020278377,-0.001673783482140668,-0.0024547017562673557,-0.0024261903645388613,-0.001024432809973033,-0.0013775361362302933,-0.0008194622737700102,-0.001030127035743517,-0.0008650076512067313,-0.0007909974662328855,-0.0004551739127387184,-0.00030152955360291777,-0.0006999155265799068,-0.0009447170535422851,-0.0008251553325080478,-0.0007739189706202212,-0.0007340702817791291,-0.0011098496012577838,-0.0011781882878149335,-0.0010358212939382814,-0.0013775361362302933,-0.0016395966167309175,-0.002049916158826793,-0.001867531132131763,-0.0017649541708274238,-0.001411714043634164,-0.001480073363029825,-0.0014288034353948666,-0.0014174104751047958,-0.001331967410039189,-0.0014572864040057114,-0.0013832323730113678,-0.001104154921512432,-0.0013148796730533328,-0.0013490554390209015,-0.0014174104751047958,-0.0012750094222355852,-0.0014003212780404157,-0.001867531132131763,-0.002277944230070294,-0.0021696244128539574,-0.002226633380379985,-0.002203829403365295,-0.0021354205922837557,-0.0013262714652669434,-0.0016509921086745388,-0.0021126186951650394,-0.0025459436728669975,-0.002677118514861077,-0.0027740848932713393,-0.002682822159204757,-0.0021411211478030174,-0.0024261903645388613,-0.003435988918532826,-0.0032476440413847572,-0.003447404899765076,-0.0028995847536749586,-0.0025459436728669975,-0.0028083105659517543,-0.002842537410069044,-0.00250602430997473,-0.00239197776745717,-0.0022494378774276787,-0.0014971639230594083,-0.0015199517907997205,-0.0013832323730113678,-0.001605410920023202,-0.0021639236948483983,-0.002010016591731693,-0.0016338989194553675,-0.0018960265999295373
2016-09-27,0.0,0.00022286032749850826,-0.00074894593653032,-0.0005487909587226601,0.00021143280087234832,-1.1430073666958744e-05,0.0002171465805087519,0.00013715069454049153,0.0005199301925169512,-4.572107856813496e-05,-0.00042299976050999,-0.0011379330304960268,-0.0009548614318270588,-0.0013610968651479923,-0.001761772294795043,-0.0016358284312433175,-0.0014755591785564092,-0.0008061404321477022,-0.0004058476412223385,-0.0007031926951912209,-0.0011894279568268474,-0.0009777435488813237,-0.0010292302267149096,-0.00158431051301388,-0.0015099004275509274,-0.00074894593653032,-0.0005545091164467916,5.714840871804986e-05,-9.715979078283823e-05,0.0002571421238679128,0.00043424601861714694,2.857461260160225e-05,-0.0003772614294936767,-4.0005829426282966e-05,9.715035167498758e-05,0.0006170300483712012,0.00029713606764756104,0.00022286032749850826,0.00031427583963195043,0.00031427583963195043,0.00018857735584702846,9.715035167498758e-05,-7.429781424964232e-05,-0.0003601100946906665,-0.0015385190359443971,-0.0018877320222016223,-0.0014755591785564092,-0.00209388216895467,-0.0017846728833412998,-0.0011207686443084003,-0.0017732225235136075,-0.0025922538786314936,-0.002185518099467199,-0.0023058030029976073,-0.002311531216453718,-0.0021225174952131847,-0.001847652206105267,-0.0016930736756103236,-0.0021339718553154926,-0.0021396990845678533,-0.0018362011251230874,-0.002168335722857537,-0.003417691149278393,-0.005133799162928233,-0.0053118920187158305,-0.006317850249940384,-0.006007332315034705,-0.0064788975176614605,-0.0066399707257825515,-0.006674489788938523,-0.0061453283823657825,-0.005650930589036957,-0.005248694149037421,-0.004295465445545669,-0.00403721654382025
2016-10-04,0.0,-0.00021707463453913406,0.0019002462341950665,0.0017349027898283078,0.0015353139421904907,0.0009819594303540123,0.0010732554921337755,0.0002969731603777028,0.0006395249461385789,0.0008335855507326986,0.0006794816787105011,-2.284774264407409e-05,6.282860074197877e-05,0.0003141035368184059,3.4270635209435645e-05,-0.0005827805653364805,-0.00043991076805429514,-0.00017137079540847442,7.996298860215301e-05,2.855894423495732e-05,0.00020560619632415588,0.0003940414137107067,0.0006737736718040058,0.0003826221082327151,0.00014278656574010897,8.56743859812216e-05,0.00021131687615206485,-0.0003256296248899913,-0.0010286655686936226,-0.0006799436880070665,-0.00043991076805429514,-0.0004570540660251632,-0.0016578158362451766,-0.0012402446643247213,-0.0009486202858910688,-0.0006056416272338546,-0.0009657723071141858,-0.0014690291903374654,-0.0013374716923713567,-0.0013203132946220774,-0.001486190140024771,-0.001114435482375989,-0.0008399976493985108,-0.00013138164960010325,2.284722063643479e-05,0.00025700114078621973,-1.7135758043666742e-05,-0.00015994516199999346,-3.42718097263469e-05,0.00014278656574010897,5.7118540964278175e-06,4.569391928952666e-05,0.0002798424904823976,-0.0002684939505020612,-0.00012566904502359585,0.0002398697861238909,0.0005367717307287906,0.0006052750474577677,0.00011423088358591084,-0.0011373087018398621,-0.0019839858309254814,-0.001154463959783811,-0.0013088745263484937,-0.0018180263990415211,-0.001091562786084429,0.00048539116341903666,0.0009990780768401547,0.001187363849553501,0.001039020445713113,-0.0003256296248899913,0.00045684526303651476,0.0012672319531278032,0.0019857579792853324,0.002293539730257146,0.0017406047430326282
2016-10-18,0.0,0.0015824220193103586,0.001465723649454209,0.002200696121072669,0.0028185881961553315,0.002259004139024814,0.0022415120906179274,0.001897439610397281,0.0028826872116747147,0.0028535518048694967,0.0025271772405382306,0.0029584352968867115,0.0038087507219392277,0.0035176282097084347,0.0032497206245740897,0.0033778592940876696,0.002089901519572315,0.0020024234254891245,0.001699106772246038,0.0019674300450666796,0.002492202218529323,0.0027253459293681906,0.0029700883392047937,0.00331961647977834,0.003511804894902747,0.003360386805975685,0.003441922472050702,0.0038960709514723924,0.003919355058324065,0.0037505329992835795,0.003866965055488949,0.004105608398326612,0.004128887626854106,0.004029947162742572,0.004006665630816644,0.0036981341508819424,0.003622442077843741,0.003628264748411356,0.0038087507219392277,0.00392517600032709,0.00392517600032709,0.004559455634157615,0.004553638383099623,0.0046816100898934,0.004827012607939548,0.005582765082665862,0.006047559797021755,0.006889449977182876,0.007086756168014398,0.007173790642424748,0.00681399908552049,0.0069474852510386835,0.007109966101867204,0.008936058858852826,0.008756496007027926,0.008820215548384904,0.008820215548384904,0.009179286138570346,0.010192096832457778,0.010440801976441524,0.010001188135408193,0.010157388871026185,0.010579587258484947,0.01000697378295231,0.010411885951467591,0.010573804922941818,0.011336784278591472,0.01160253430181976,0.011492776548624328,0.012266600548061867,0.013518464806416407,0.013777871918508341,0.014008399539619609,0.014175498840208129,0.012964837959828755
2016-10-25,0.0,0.0007294805216177638,-0.0004712860448628014,-0.0003563177472442032,-0.0006150150067834621,-0.0020476841298358328,-0.002393212705607072,-0.004134188322039524,-0.0038399697154942146,-0.0031999106467540447,-0.003246027333508768,-0.0036957765194327963,-0.004359237444288128,-0.0038572742963055074,-0.0034939409685871515,-0.0035977370209705037,-0.0036900092240347493,-0.0030615733456094995,-0.003320971485738256,-0.003320971485738256,-0.003113447590922864,-0.0031999106467540447,-0.0032575568375097226,-0.0033786246558137794,-0.003038518989199589,-0.002283782405399829,-0.0023528948859893183,-0.002111022098378191,-0.0009082861610672099,-0.0009600488235201325,-0.0013052017296825559,-0.0011096004564999874,-0.001972835338752895,-0.0020649577234059012,-0.0016562293522551109,-0.0015353698685233723,-0.0019152631576149128,-0.001771347204283121,-0.0016389628173892098,-0.0017022749028240485,-0.0015238602032817703,-0.001138362950210174,-0.0017368104571808425,-0.0015756547401206578,-0.0014720683489778778,-0.001172879034708908,-0.0013800005640062752,-0.0031653245273132657,-0.003395921255014553,-0.002975122249499846,-0.0023759334410122326,-0.002214674701015108,-0.0023413758075156027,-0.002335616318036579,-0.002485373826351685,-0.0025141759185376513,-0.0018404242770544785,-0.0018576942908421572,-0.0018116415835104651,-0.0014260333969325037,-0.0021858812336749897,-0.0017425664988660453,-0.0017886160251395912,-0.001748322573683455,-0.0014375419362687956,-0.0010865910571592758,-0.0013282161597310553,-0.001892235213203287,-0.0015641446112072206,-0.0014893320023702046,-0.0017540786816335637,-0.0016792518625156,-0.0015353698685233723,-0.001132610385285339,-0.0013224625025627687
2016-11-01,0.0,-0.0004403321102218973,-0.0019946313937012263,-0.0006431818601082036,-9.847850714541955e-05,-0.0003476144990247994,0.0002837955648481768,-0.00023752350001158802,-0.0006199969488475698,-0.000312847611005568,8.688474743722133e-05,-7.530622119830891e-05,-0.00016220506231219396,-0.00023752350001158802,-0.0002780819316805946,-0.000341819933747707,-0.00021434799188758095,-0.000521467072480812,-0.0003534090978791842,-0.0006026086181558652,-0.000991020049291436,-0.0007996940727278704,-0.00013323794288739923,-7.530622119830891e-05,-5.2134472193814186e-05,0.0006254017541368781,0.0006948667004162824,0.0008395698421739982,0.0010016125060469936,0.0011115550756313462,0.0011057689259377796,0.0011983433037305367,0.001366112523100343,0.001655303715195425,0.001782521350044242,0.001961755097347949,0.0023663583316012237,0.0031808482085027034,0.0027072539659492305,0.0024299239587985684,0.002285450779992855,0.002678369011831057,0.002828561663071538,0.0026379286743219844,0.002609041717647607,0.002805456569552579,0.002909425286614466,0.0024761509680925596,0.0028112328929803467,0.0028170091830428375,0.0033829238143346803,0.0032963249833648112,0.003354058370598506,0.003071132919567116,0.003711930994853899,0.003406015569424617,0.003567642926361067,0.003983136215197102,0.003590730416405456,0.0026494832233482078,0.0023490215501740463,0.002574376268119932,0.0007701149473123904,-0.00022014181856523288,-0.00037079309590954,-0.0002780819316805946,0.00024325827198089486,0.0005964566023031483,0.0013776817766523763,0.00021430205667190012,-0.0005156714997188678,-0.001257777956475885,-0.0013389792719817081,-0.0013273786803515947,-0.0015246070424291898
2016-11-08,0.0,-0.00024076221911146866,-0.0001291822763713749,0.0006163219861045615,0.0004226617184242181,-0.001345487971675739,-0.0011867554796835037,-0.0011220939095015247,-0.0011514850139919147,-0.0014924849702617432,-0.0010515587829792977,-0.0010691920981900668,-0.0003464810189491438,-0.00034060745907266404,-0.0009222573046482537,-0.001904191558677259,-0.0030873206312547626,-0.002398463312283722,-0.0016336224207304665,-0.0015277674654435684,-0.0019100743095693954,-0.002474979585272172,-0.002522069432709724,-0.0019453715416816592,-0.0022336789146391893,-0.0019394885831419788,-0.0015865743905640445,-0.0014748441894803308,-0.0013513674367621699,-0.0013278497838228156,-0.0013866449532285532,-0.0013925246603017111,-0.0017041986165852803,-0.0020100863699306754,-0.0024396636548410008,-0.0026339167083151245,-0.0031933408105281583,-0.002828207503369569,-0.0030107574916575677,-0.0036057483928896602,-0.0033052631954165,-0.003582177663020885,-0.004030116562215732,-0.004053697852820669,-0.0035586074887184326,-0.0032051215243218156,-0.0031638896332151466,-0.003375957472155002,-0.0038002281160448683,-0.00409496644948804,-0.004136236749322657,-0.003782546578222127,-0.0040654887066555595,-0.0041244450612833465,-0.003652891519430499,-0.0030107574916575677,-0.0030873206312547626,-0.0025691614977056553,-0.002068921666418735,-0.0017336068350080785,-0.0016512660027309391,-0.0009281342818837243,-0.0004404626691012744,-0.00042284043689266713,-0.0009869059539547398,-0.0009281342818837243,-0.0013807652807263696,-0.0009633968706314437,-0.0010339257786969622,-0.0006695799517149933,0.0004343997720203779,0.003662997024655971,0.003692246968351763,0.0035167344714114885,0.002878779650921058
2016-11-15,0.0,-0.0006773724312130503,0.000329366704003961,0.002151121636560729,-0.00041491244722406304,-0.0014712752992056077,-0.0032751654636937427,-0.003520011456788043,-0.00252263941861837,-0.0025287552338107747,-0.0041813952427009245,-0.006960307980105398,-0.008626447319071154,-0.004671591330948128,-0.004089510221426155,-0.005155895888279218,-0.003122167155556581,-0.0032384437348306457,-0.003330250585522317,-0.0027000132466577106,-0.001391856643721661,-0.0019051346683601016,-0.0019479197314899413,-0.003140525716613013,-0.00509457854648941,-0.005327604450212665,-0.006297084320469472,-0.008060509384895198,-0.009094202962208774,-0.00944516333499691,-0.005904270355792356,-0.0060576949463729355,-0.006763751404962334,-0.006714618297221927,-0.005370536197939996,-0.00439582646470836,-0.004383572013278658,-0.0073105201077828365,-0.006235696966245164,-0.006082245065442267,-0.005143632119132301,-0.005554550281670399,-0.006235696966245164,-0.007242925759873597,-0.007249070511794597,-0.007070888034033744,-0.005787683407875893,-0.005849043265049394,-0.005990185226481973,-0.005965637367360883,-0.006205004702227901,-0.00528467454554106,-0.004077259523136134,-0.0036730706511995774,-0.005272409196990297,-0.005076184077092647,-0.006137485037099703,-0.006358475443332387,-0.006395311926189145,-0.005996322285419215,-0.005603626423314036,-0.0054686728287428555,-0.006708476828489795,-0.0064075910553534135,-0.005070052662483328,-0.006205004702227901,-0.007021739833769466,-0.008158910368984409,-0.0076301188911110235,-0.009266589156964091,-0.010504948889248687,-0.010794736945226606,-0.012510521967295803,-0.012275816429020713,-0.012603184056521562
2016-11-22,0.0,0.00016910565072376314,0.0024836029369520517,0.002633547645121906,0.0011768831486576893,-0.001203354495462342,-0.003538982660550322,-0.0045263575501314655,-0.004249542680889027,-0.0043627758658820225,-0.0027786768679076315,-0.002351651158239124,-0.0024144376214983287,-0.0026781838238260198,-0.0021758700304017817,-0.0014291447623522796,-0.0010591262885645593,-0.001046585688371348,-0.002684464343224844,-0.002860334902946662,-0.0026279410886008137,-0.0018432260411296339,-0.00266562290336157,-0.0027472717067808447,-0.0017804754308594166,-0.002263756731944789,-0.0026970255003588373,-0.0030990658605748655,-0.0043690669743438595,-0.0036269892485288556,-0.0036772822050110347,-0.002866616566456774,-0.0038910554929665647,-0.003746439150439203,-0.0034824110864941746,-0.0044319802358510525,-0.004878778243390831,-0.005552499065124059,-0.004463438350946334,-0.004262123512733716,-0.003922496595923073,-0.003935073313902948,-0.004004248090291527,-0.003740151957764947,-0.0031179154689748028,-0.0034509838170498665,-0.0032561567882685195,-0.003570412695723145,-0.003570412695723145,-0.004255833077026594,-0.003702429631801868,-0.0027849580184887766,-0.0037778757067555824,-0.0030613677096647156,-0.0036018437187741283,-0.003727577691001679,-0.0036458488107990795,-0.0033755623998455997,-0.003275009358031435,-0.0031241987507328465,-0.0015546058319469984,-0.001479327301348391,-0.00028817180250413665,0.0006449532632463752,-0.00026937545776609616,-0.000100224251847256,-0.0006391017705113146,0.0010204625521259897,0.0023461338672761643,0.0006199142963529973,8.142480893161223e-05,0.0010830337268576912,0.0015396847314495085,0.0026960179717371423,0.0032955346294029305
2016-11-29,0.0,0.0027823263564479097,0.0027271236551816764,0.0036957951796414263,0.0046145525943282065,0.004424745248213972,0.0050062989925168935,0.004706381926518059,0.004681894929112443,0.0034996843028261564,0.003426132807552348,0.003806090649060528,0.0048777741212475,0.006357869557898379,0.006706168548602875,0.006791697115196069,0.007341349016172602,0.0069383004983317904,0.0067611520382964444,0.006748933746291324,0.006498425855510326,0.006785588174455825,0.006645072236357239,0.005948310317377016,0.006015562896691447,0.00657786198126898,0.006657291797430544,0.006895543398356097,0.006357869557898379,0.006217293501436591,0.006168392849214368,0.006162280099546726,0.006370092628945139,0.006651182035558711,0.006376204108442897,0.0055813984271501915,0.005189877301419429,0.00551411664183318,0.006223405914831356,0.006272303877018555,0.006773370181016728,0.007090989504714496,0.007457348027258325,0.007548916690084135,0.006803914884720224,0.006956624410121003,0.0070726680548765745,0.0072619735181259516,0.007145951840261209,0.007280291499973355,0.006681730471633921,0.005942196222247787,0.00608281095340083,0.006895543398356097,0.007170378575323964,0.00658397219112416,0.004932858231637557,0.005410126796041985,0.0054223614568361745,0.005722063897372856,0.004908376779396794,0.003279013585547808,0.0033096652084003983,0.0037815815960276014,0.0028313928661116193,0.001689973331921188,0.0028927226178067154,0.004247150916068463,0.0039898894021969744,0.001837326500894999,9.840401004265042e-05,0.0002521408927460509,0.0008914327758419609,0.0013214953872980161,0.0014873272648642914
2016-12-06,0.0,0.0015756482882175891,0.001318318997210294,0.00022086296156575882,3.6813881291654326e-05,0.0006931006101350753,0.0014163570115288933,0.0011773725106809317,0.001318318997210294,0.002126845318359823,0.001471499171093519,0.0010670527057125444,0.0015205118715194636,0.0010547941983083287,0.0004662090541265765,0.00035581076150806393,0.0006624425972010933,0.0009260707971356537,0.0008770289521717013,0.0013367018570324212,0.001973765505308186,0.0018145376376452135,0.0020350002425689024,0.0018880305731698536,0.0019247750155770669,0.0018267868353230641,0.0019431467304854187,0.0016246558844049432,0.0022860234696581478,0.0022370482755840145,0.0023839666626843665,0.002634902317367167,0.0025859442071405263,0.002163580986861274,0.0018574091730959978,0.0017655393464508994,0.0018757821256604986,0.0019492705604511368,0.0022860234696581478,0.0019247750155770669,0.0008892896388928417,0.0010915692697173961,0.0011406005946148227,0.0009628506025746216,0.0007421514758926064,0.0011712439519034755,0.0013428294018783709,0.001545017320920069,-4.2951241144028874e-05,0.00019019046712271298,0.0005765951603074255,0.0008279847019870125,0.0008831593143228262,0.0004907403529988227,0.0006195197999771727,0.0011835010318996069,0.001422484068305246,0.0014592456206271942,0.001526638290168263,0.002230926207671934,0.002163580986861274,0.002230926207671934,0.00298977695245014,0.002818473886318118,0.002622663014517781,0.0028980111021293872,0.00100575866592572,0.00035581076150806393,0.001410229917211486,0.0004662090541265765,-0.0006997213675948594,-0.0007120015522890261,-0.001787102024141418,-0.0018424241680730005,-0.0021928688367542698
2016-12-13,0.0,-0.0009127246073840207,-0.0011149844015846053,-0.0006982513375909362,-0.00126210813290775,-0.0009372387673769046,0.00047135018211616014,0.0009363611733207099,7.959419211491107e-05,0.0003673049651952767,0.0010709292710978343,0.0011871326025946936,0.001700711894627802,0.0010036474857809986,0.0007650664909900375,0.0010648129322160564,0.0010158808743683967,0.0008813053681308551,0.0010892780632892072,0.0010586965559242264,0.0013705840587964232,0.0015906813916163071,0.0016212466346580948,0.001554001866734099,0.0017434982653414307,0.0017373860387490607,0.0017557226064495927,0.0012666323656659773,0.0015662285245162087,0.0019451807871788474,0.0016456981564608921,0.001657923693162101,0.0020123992563952685,0.0019329587618668854,0.0020429516124424595,0.002427831342279436,0.002311772103070337,0.0027392921877568885,0.0022995545574527074,0.00207350303507193,0.002122383369911938,0.0023239894994211484,0.0017496104545749371,0.0018412888102960177,0.0009547124348174079,0.0014378411613247437,0.0008507174998888936,0.001168785605844551,0.001688486881027105,0.0018107302922596524,0.0015967945149637595,0.0010892780632892072,0.0017312737747969265,0.003117800259992304,0.003398536278436041,0.0031788365338687842,0.0026354826842088725,0.003282589650369874,0.004215883605039408,0.004045149815188273,0.00393537698385359,0.004148813092564978,0.004642590591830615,0.004374396027258158,0.0045511687071961345,0.004508502300584807,0.004642590591830615,0.005751177379178732,0.0064206069893145605,0.006712581346307823,0.006670007061777354,0.006238079716191218,0.006012916852507101,0.006025089114356944,0.005702474103873639
2016-12-20,0.0,0.0022079284670688246,0.0018505501413412853,0.001967636418655163,0.001733450153225488,0.0016903045955163679,0.001314243064952753,0.0012279139041417313,0.0018135726791001666,0.001733450153225488,0.0010182263378462311,0.0010552332211306616,0.0013512389954045403,0.0006172306292961339,0.0005678661963599955,0.0011354101037114003,0.0012094138285993808,0.0010428977455363452,0.001221747250322513,0.0015115388798386596,0.0012649130285001477,0.00124641363743784,0.0011230756171035144,0.00045678731172465293,2.469654125067188e-05,-0.0015014600346091598,-0.0012108782817167583,-0.002181875237829611,-0.002763688034316639,-0.0021323748820357698,-0.00225613036610858,-0.002287071630309189,-0.002899905884019032,-0.002782262103059871,-0.0024479816386401127,-0.002219002112741086,-0.00333964464912172,-0.002912290245048092,-0.0027389231459741563,-0.0018354241922271357,-0.001841609765614405,-0.0017488301820044602,-0.0017302752982039293,-0.002157124753647093,-0.002417035395356767,-0.0025532060297509505,-0.002522256530047064,-0.0030051778418341037,-0.003017563506665684,-0.002559396044637905,-0.0031042674560848482,-0.003184784998113718,-0.002968021767740589,-0.003593666403423649,-0.004058507389695307,-0.0043685214668172274,-0.0029742143508838387,-0.0031166543482758114,-0.003432571952159493,-0.0032219491273005364,-0.0028689456524339475,-0.003215755009853795,-0.002998985066944487,-0.0016869819081701317,-0.0016313217320840852,-0.002070502882807947,-0.0020086347114876848,-0.0023675233979707513,-0.0023180138519013622,-0.002807028064723447,-0.0028503699735697914,-0.0028256029384921932,-0.0027946450072224406,-0.0018106822812844745,-0.0016622436696551249
2016-12-27,0.0,-0.0012895152830829158,-8.21254055403721e-05,-0.0005434164599346124,-0.0012452396482739098,-0.001428680041730194,-0.0008974278552126257,0.0005494349484105546,0.0007388253014322572,0.0009029345985922825,0.0013193988233942363,0.0011364283284533156,0.0014897205742088837,0.002807156618554154,0.0031409675775813787,0.0023030798874037754,0.0022337494617187354,0.002807156618554154,0.0027000615715977996,0.002851251245631071,0.0032039382836297954,0.0033613477027047063,0.00363203395695831,0.004355602502600435,0.004600867783385254,0.003934108836065394,0.0033298678010452933,0.003537616840953314,0.004009613300302597,0.004015905081663131,0.004254963444497081,0.004047363394682258,0.003550206304831216,0.0033172755629008854,0.003342459880627457,0.004311574160920731,0.004210930671526008,0.0042046401171080576,0.004192058889557464,0.003506142487827332,0.003298386908370696,0.003927816540037876,0.00348096229204987,0.003619445523211016,0.0036257397598931356,0.003455781462214404,0.003694973748774309,0.0037264421592128946,0.004110277051999788,0.0042486731670644574,0.004173186751438045,0.004443653370901718,0.005769767642476695,0.005958171983869947,0.00656710320287651,0.006033523782615715,0.006127705547212163,0.0063223197565470835,0.006943576157741635,0.006962396085536372,0.007056490412031638,0.007301094233461205,0.006780455278534783,0.0071568479357939675,0.007783854376881197,0.009456037967662397,0.009587439490231981,0.010700530934925059,0.011031717805455631,0.012043345363035784,0.013060185697561684,0.0146426518085309,0.014972535885279388,0.014717352073751465,0.014051077674825652
2017-01-03,0.0,-0.0009621012541658565,-0.0013974957683276477,-0.0016858189867851867,-0.0017778545371154204,-0.0012196356701584172,-0.001514041952952111,-0.0006433409837082882,0.0005878354964724238,0.00036131482243148127,0.00043478660929825166,0.0012120323223201478,0.002318717485546265,0.0022942735842983067,0.00223316121696948,0.002599779412670528,0.003149454812657404,0.003045650380115157,0.002850224564964351,0.0026791956423352433,0.00313724308573606,0.0033753448662137446,0.004327185468179709,0.004808861955523011,0.004875912435416284,0.005095318941699377,0.00555226127438973,0.0054243384664923065,0.005600989468532481,0.0049856217059596935,0.003918493125472669,0.003906290786284044,0.004833244468386097,0.004839340003711292,0.005186724113467573,0.005186724113467573,0.005192817494532436,0.005314677319326795,0.005418246496014172,0.005619261929193981,0.005387786086928395,0.005113600644457536,0.005113600644457536,0.004979527062237285,0.0051257882606209546,0.005259842235826853,0.005491347692469725,0.005089224966507906,0.0019214300367430435,0.0019519962140477195,0.0020192385155934876,0.0031311371663524687,0.0029357280584450256,0.002495917902736293,0.002850224564964351,0.003289878954851003,0.004138109773297024,0.004467444337496432,0.004613780447412047,0.004077109986777327,0.004046608698095609,0.004650361129158251,0.0050465661003132,0.005527896286875479,0.005875041326949063,0.005655805848899027,0.00600290649634661,0.0048454355018809426,0.0049490532864425564,0.003961200140106049,0.0038269719519851524,0.003271563880628576,0.003155560620196289,0.003082288469076467,0.0029174064967145146
2017-01-10,0.0,0.0019225659473221899,0.0016930197229536638,0.0013909049170303582,0.00030858501913348045,0.0006352183398457454,0.000780354465691796,0.0009436074325722141,0.0010766086660524486,0.0009798822505975048,0.001294208899018096,0.001124968365506245,0.000768260593052079,0.0008408216350604452,0.0009375615016349046,0.001336514557405936,0.0014815489428958236,0.0010766086660524486,0.0010040647316001627,0.0010645183757642892,0.000586834949854184,0.0002662358502296473,0.00018758263523878957,0.00030858501913348045,0.0004174746475041518,0.000780354465691796,0.0007077890358305356,0.0006896468555634068,0.0011431026498826473,0.001100788808112024,0.0012881650874276781,0.0013304710014985326,0.0008952389615504879,0.0008468681509068302,0.0008771001817458273,0.0007501195098476227,0.000774307547654546,0.0009315155341440932,0.000967790790795495,0.0008347750826534851,0.000774307547654546,0.0007198836398232542,0.0005082069479627442,0.00023598534580015609,0.00038722871784780614,0.000810588507410831,0.0010161557528081033,0.0010645183757642892,0.0014936341922447984,0.0017051024169113978,0.001850083358212186,0.0021279047570785694,0.0020916715602196634,0.002393574760271437,0.0027134926708577197,0.0024660179678468383,0.001777595514996068,0.001964845031563467,0.001777595514996068,0.0019467256429112634,0.0016144786534860777,0.0019406857737346295,0.0017896771870995545,0.0017353085131080513,0.002031279981203038,0.0018802850754841486,0.001179370232108237,0.0013606884157967138,0.0017171849648791807,0.0017957179684141885,0.0025143105241622297,0.0025082740821618953,0.0026350317126883124,0.003274610819047756,0.003075540416841415
2017-01-17,0.0,0.0020181521769319947,0.002124882091056607,0.0013300637897470193,0.00197664302267522,0.0019114108703171052,0.001229183460435444,0.0017275519074161359,0.002047800517961157,0.0018402436688779908,0.0006355636683416288,0.0005524287700450375,1.1883400078712722e-05,-0.0010641366190267214,-0.0010343967536271372,-0.0011295674363703146,-0.001438934723247219,-0.0023497439478813407,-0.0014329844496835254,-0.0012842391162940963,-0.0015638986475152456,-0.0013318352158026312,-0.0020162796076109843,-0.0018079208487945088,-0.0016888781897171168,-0.001849589127632809,-0.002308054823674414,-0.0018257784699812567,-0.0018198258941529038,-0.0015638986475152456,-0.0018734003522452786,-0.0018376837279386056,-0.0023854788662605064,-0.002933574248575688,-0.0033388813934901456,-0.003571411109152493,-0.003446196081992964,-0.0032375392055448123,-0.0031183262493395814,-0.003631042823701266,-0.004102258419516191,-0.0043767394432637574,-0.004149988838120927,-0.003577374120592508,-0.0032196563560911123,-0.003052765180670784,-0.002194907389469393,-0.0021413157045043554,-0.002522474551110672,-0.0023973907895002452,-0.002427171218400206,-0.0027607726273855978,-0.003130246905452666,-0.002832273124940432,-0.002611829675239673,-0.003279267097964493,-0.003291189672763919,-0.003374651676734969,-0.0033448430185098713,-0.002951451982752126,-0.0034342716589858095,-0.003941185074121956,-0.0037383888716806335,-0.0039053945204382866,-0.0036131529359596203,-0.0033269582500724424,-0.003225617270376123,-0.0026952349953560484,-0.002641616491001507,-0.002522474551110672,-0.0019746043826331027,-0.002046048688850051,-0.0023973907895002452,-0.0023556996789323046,-0.0034342716589858095
2017-01-24,0.0,0.001998133362221039,0.0022357406578829577,0.0027938956732047357,0.002776087027106467,0.0027464052454851274,0.002348584348704237,0.0020218966325236468,0.002443600739102867,0.00299570483365114,0.0034407281453828166,0.0037728831224574802,0.0037966042568032456,0.003998211183277049,0.0037491614254061517,0.003416998567649751,0.0033576721596683514,0.0037254391656223423,0.003998211183277049,0.003998211183277049,0.0045079767614300045,0.004253126454971148,0.004146425643943933,0.00443093584377539,0.004656115692315769,0.004199777472590424,0.004104927809235584,0.0040219269732509125,0.0035652991910807134,0.0035415725692166957,0.0036779929577518086,0.0037491614254061517,0.003974494830850711,0.004395376495219116,0.003962636443709802,0.004087142495754248,0.004075285444365644,0.004170137919196923,0.004300545383430815,0.004324254004479263,0.004513902740031426,0.004715365120575921,0.0042649813978899625,0.003553435950517778,0.0035415725692166957,0.0039092719613178836,0.003844044837484647,0.0035475042774596034,0.003333940610946138,0.003505981580851179,0.004181993845974862,0.004282763548760022,0.004241271371511217,0.004383523098035119,0.0044724201523417524,0.005153701817560195,0.0056155244858668045,0.006106717058022089,0.006035716182314769,0.006088967311694964,0.006775061510948246,0.006532616481214274,0.006775061510948246,0.007850571891062055,0.007939161282245031,0.008139934851669944,0.008275729412420791,0.008175361297515263,0.008210786488372417,0.008411505535512613,0.008559067371567603,0.00845872769215708,0.008618086009670664,0.009172691015331334,0.009149097067177932
2017-01-31,0.0,-0.0006282211079490326,-0.0008202563033530288,-0.0021072615154617653,-0.002130570995428173,-0.0015596450895961726,-0.0013849369972552868,-0.0010006866009996734,1.7444953902067522e-05,-4.0706075968962234e-05,6.396334321137216e-05,0.0006394493977444871,-0.000517672115723149,-0.0006224024352465116,-0.0011462186226672416,-0.0016062390696623022,-0.0013441761672426963,-0.00186254477386744,-0.0018975006420872075,-0.0013849369972552868,-0.001349999041238677,-0.0013791139198171402,-0.0016178879039054391,-0.001670309337294251,-0.0012917718269869322,-0.0013441761672426963,-0.0020373363353758276,-0.0029467452822763266,-0.0029700743386171288,-0.0026959922930656706,-0.0025502345712922793,-0.0029117527181926808,-0.0021771915854201067,-0.0023287235152361432,-0.0033259098996772382,-0.005007632660017646,-0.004955035991712395,-0.004236491976265976,-0.004002930335367888,-0.004248171490398078,-0.004808948648752204,-0.004213133357226287,-0.003617672850186564,-0.0038102830398609937,-0.003448439970752189,-0.002684330893464266,-0.0029117527181926808,-0.0026201956263336317,-0.0017868112509698709,-0.0026143653514651495,-0.0023520381579985473,-0.0019790690867970712,-0.0016295368738453847,-0.0014839345020166866,-0.0007795184832280498,-0.0012335480029461543,-0.0006631338551784128,-0.0006456773292011773,-0.000785338070212135,-0.0015188771378596814,-0.0022820958603656733,-0.0028942568953200295,-0.002183019311995005,-0.002398669074304648,-0.0024569607776630327,-0.0027368082626109506,-0.0027659635465709115,-0.0019033267389229368,-0.002229642347279528,-0.00389784539160823,-0.004201454252312774,-0.004119704336936935,-0.0050952999219037835,-0.005311578700245705,-0.005247274717761158
2017-02-07,0.0,-0.00013085170253883751,0.0004891199351322043,-0.000876464149536223,-0.0016511237083284194,-0.001292199451735598,-0.0010928527387299054,-0.0008309146229588071,-0.0010074305966892795,-9.671482503584134e-05,-0.00014223092067294868,-0.0006999712899222552,-0.0010643778806039626,-0.001206760280101833,-0.0006828929887574517,-0.0005462770784837578,-0.00045521017270355155,-0.00062596742460974,-0.0006145827006321835,-0.0007227428118580406,-0.0010700727873639835,-0.001013125179148139,-0.0012808071404063243,-0.00206148066764248,-0.0020329782150045016,-0.002164096224250824,-0.0017992887416516477,-0.0017024091202041654,-0.001645425491585245,-0.0014289173118582307,-0.000973263782912086,-0.0010529881643785528,-0.000990347043879176,-0.000859382833932947,-0.0010757677265562633,-0.0013548594840543634,-0.0012694149588603296,-0.0014403113106392625,-0.0009390981364662835,-0.0007056641217929983,-0.0006942784904597736,-0.0010529881643785528,-0.0007056641217929983,-0.0003982975676844347,-0.000597505857684714,-0.000688585723404851,-0.0006430447536019848,-0.0007398217936094967,-0.0005064342867509232,-0.0011668911647067228,-0.0014972832519735716,-0.0020728818761705514,-0.0019987763441587443,-0.0009675694274419528,-0.0005747371873740547,-0.0011099380428059532,-0.0020728818761705514,-0.0017309021522351096,-0.001411826557101667,-0.0015428631421338598,-0.0016511237083284194,-0.0013605560453251453,-0.0025917744228885087,-0.003670335419055555,-0.003653206314136581,-0.005419047190162057,-0.0054648061889630796,-0.004498592157433796,-0.0038873294811224406,-0.0038816185077724815,-0.003373472459092903,-0.0034134296478244273,-0.003082403978897955,-0.002768601517823274,-0.0021926024143719383
2017-02-14,0.0,-0.0003357834171615726,-0.0003699372002657703,-0.00024471236460199807,-0.0006033526095889233,-0.0007969579400345466,-0.0012925305501388508,-0.0016230487829376181,-0.00038132205385665857,0.0004949326395323759,0.0006541692142351472,0.0009327722209697169,0.001143094498000447,0.0005176822741173165,0.000750836193723106,0.001143094498000447,0.0010805708739970831,0.0010635182980630522,0.00043805628870368794,0.0004949326395323759,0.0008020090471043462,0.00026740782412567525,0.0001593153993082253,0.0007280918627466562,0.000944142123700415,0.0009668815413446521,0.000750836193723106,0.0005290568973329166,0.00036411219609205014,-0.0001934885420983294,-0.00017072324096936055,0.00035842396248761036,5.690272763287018e-06,0.0,0.0004778700739478071,2.276089678050276e-05,0.00027878529445913756,0.00017638340107247345,0.000347047398210028,0.00010810964604620585,-0.00037562961085918647,-0.0008083476562599836,-0.0008197375022122005,-0.00015364960522366378,0.00036411219609205014,0.0008702354450611724,0.0009611967354098746,0.0008816060588468987,0.0011771966453023518,0.0013931499093088598,0.0015011090554002732,0.0016317808506473492,0.0015465620513286224,0.0015976942023841136,0.0015181541709806921,0.0012851791067822348,0.0013249591798122123,0.0019839415304353566,0.002114550252444287,0.0015806504425301374,0.001364737670450927,0.0009498270265879016,0.001012358825449014,0.0006882880387312823,0.0006541692142351472,0.0012681300196182234,0.0017794762348669099,0.0012738130809697742,0.001614737671753291,0.0018533157475598392,0.0018078766926842105,0.0011374106937165017,0.0004892451500186225,0.00039255287878412626,-0.0005122571870709354
2017-02-28,0.0,0.00016865018057437875,0.0014719186473119235,0.001090102094295032,0.00020799779709761355,0.00016865018057437875,6.746348541426526e-05,0.000989008599575431,0.0013371765098731314,0.001499987640900117,0.0008373491926099966,0.0005732946048126855,0.0006688117600473447,0.0005114845246929072,0.0005620566925919865,0.0003653727826684091,-5.622304809114803e-05,-8.43357575678307e-05,-0.0001743017392415739,0.00021923968888341668,0.000449670623850742,0.00043843132226068946,-0.00019679449938551046,-0.00039362773446899557,-0.0006692593686000603,-0.0005961252039425797,-0.000691763264588162,-0.0008380509339236984,-0.0009168300822493643,-0.0015810724763288212,-0.0015303943751702855,-0.001361485917522222,-0.0011869771451988175,-0.0003823790772773051,-0.0004386236286012337,-0.0006411302107571685,-0.0005398717935647328,-0.00046112233492661726,-0.00038800339005655877,-0.00035988214248367363,-6.184552676084091e-05,-0.00024740505957069437,-0.000629878769166183,-0.000956221983842373,-0.0005342466265676162,-0.0007592779912635917,-0.0007761573851812021,-0.0008886939596865536,-0.002155603854785892,-0.0028488604128302027,-0.0021781412245631547,-0.002211948231632,-0.0020710932416110814,-0.0018964606034539626,-0.0017500180312100047,-0.0016373844899486938,-0.0015191329236816599,-0.0012770423862687374,-0.0013164484801446992,-0.001361485917522222,-0.0007311463011941875,-0.0006467559790262303,-0.0005061212662095779,-0.0007649044242457132,-0.0006748852951200276,-0.0013727455938064496,-0.0015810724763288212,-0.0016317531458877898,-0.000956221983842373,-0.0016092280867583979,-0.001648647273207836,-0.0026008109820721843,-0.0022908356930744613,-0.002065459454664031,-0.0020710932416110814
2017-03-07,0.0,-0.0008873535960588892,-0.0009878583533686758,-0.001188898176684126,-0.0009152705709773339,-0.0010046101283591347,-0.0013285329482031613,-0.0008594374004761765,-0.0011833131913585426,-0.0011107112204624052,-0.0014458412261124348,-0.0017922602625090429,-0.0016637359726383318,-0.0018537342408726477,-0.0024183538504086565,-0.00240717016963551,-0.0028546149875797754,-0.0030056728122427856,-0.002843426426764223,-0.002368028271863511,-0.0022617937002383623,-0.0024239457376985974,-0.002446313599555642,-0.002166751280498737,-0.002446313599555642,-0.002440721587185978,-0.0024015783761514946,-0.0022617937002383623,-0.0023177052258547713,-0.0023456621609937406,-0.0028378321933001677,-0.0029385331841710236,-0.0028769924847694517,-0.0028210496806777945,-0.0028378321933001677,-0.003375021363950355,-0.0033022601020141155,-0.002793079452187141,-0.0028322379911311633,-0.003111986443149158,-0.0029049650604581058,-0.0028322379911311633,-0.0028042674497035357,-0.0027427350123004055,-0.0031063907071001177,-0.003089603686823781,-0.002882586937310445,-0.002882586937310445,-0.002446313599555642,-0.002686799718234025,-0.002681206360905056,-0.002323296550355808,-0.0026196814950518424,-0.0029888874826203495,-0.002284157935354525,-0.0022506117702372256,-0.0018537342408726477,-0.0017196140689979518,-0.0017643187942948026,-0.0016916746305229353,-0.001820202511470633,-0.0018090255181934646,-0.001669323641770113,-0.0017866719064076827,-0.0021387993466423397,-0.002289749072284174,-0.002479866330471409,-0.0023624366972482317,-0.0024183538504086565,-0.0018481455412234285,-0.0019431576832877584,-0.0021164383620872313,-0.0019878724033811144,-0.0020325891229699597,-0.002239429965270138
2017-03-14,0.0,0.00035778077227464666,-0.0017025876275587727,-0.002364568961794191,-0.0016308992843283654,-0.002083173348053698,-0.002061106452258105,-0.0015647299901652132,-0.0010575774752297259,-0.0008591964838864072,-0.0004129830928356405,-0.0004625525272309437,-0.0007930782313676678,-0.0008591964838864072,-0.000660854839755316,-0.0006553459111592005,-0.0002918237075162611,-7.707723142389926e-05,-8.258297529128221e-05,-0.00037993816825764097,-0.0002697963054270768,-0.0002202364246911075,-3.303237172721521e-05,-0.0001431481585882854,0.0001871628322099438,-5.505319514963725e-06,8.808099052784575e-05,-0.0002202364246911075,-0.000385445579856894,-0.0005616987680172994,-0.0005561903856363178,-0.0003744307869899145,-0.0007434924106984638,-0.0006883999379691697,-0.00040196799664615366,-0.0003303728287387479,-0.0004625525272309437,-0.00027530311046149137,-0.00044052136415000185,-0.0005947496995056488,-0.00034138713632446085,-0.00030834457750555586,-0.0005011082305881396,-0.0009583820601806921,-0.001096156127461518,-0.0007049273610962745,-0.0006663637986997818,-0.0005947496995056488,-0.0004900921636543576,-0.00030834457750555586,-0.00020371701024900367,-4.4043404782495654e-05,-0.00022574295681482162,-0.00011561807508773898,-9.359455396641819e-05,0.001012463288402989,0.0008034515829867108,0.0011554461307056064,0.0013039066775879498,0.0013313969529049636,0.001001463761382603,0.0006494149989935071,-0.00018719786869322337,-0.00012663001753948698,0.00041281260820552016,-0.0003193586424666703,-0.0009914461052391204,-0.0013552227724265703,-0.001239461296062959,-0.0005341571595305864,0.0004293215684440808,0.0004898520909785274,0.0005173647536834472,0.0002091796861123688,-0.0009859353551432775
2017-03-21,0.0,0.00013690940725910478,0.00026284950921807304,0.001138515892518612,0.000585840739255901,0.000585840739255901,0.0006569942749324355,0.000585840739255901,0.0007390882178138161,0.00020809489202120918,0.00015333727659229518,-0.0003779672528159858,-0.0009698551183094092,-0.0007615583275194849,-0.0012604468034008859,-0.0023138639222780167,-0.0019735766506778158,-0.0020723578011194086,-0.0016937497026143838,-0.001660834032557901,-0.0014962719319353613,-0.0016334051351156377,-0.0017870166518925163,-0.001732152687079384,-0.0022754385922956603,-0.0026158286166645464,-0.0023358219166355974,-0.002226036766064711,-0.0023083744990241148,-0.002670741086201903,-0.0032090429217367274,-0.0031595949533512043,-0.002632302040913233,-0.0024346388583317826,-0.002566409972098031,-0.0028629584791726812,-0.0030826807511059678,-0.0031266309994319734,-0.0034563194468382576,-0.0036706752397999776,-0.003555247180209665,-0.0038355955836478182,-0.0033189360507793926,-0.003137618863336464,-0.0034233457104163624,-0.0037916141657896316,-0.0036981600750437965,-0.004561568391553131,-0.004638596429797117,-0.004347021565885753,-0.004143519682790994,-0.0042920169729884,-0.004281016417460172,-0.004149019189210226,-0.004066529768431636,-0.003632197739513412,-0.00371465133879718,-0.002835496589408428,-0.0032145372913813678,-0.0033024513115264,-0.0029673205387151427,-0.0028904211231129237,-0.002560919162340928,-0.002654267028723673,-0.0019461391738264204,-0.002237014738762666,-0.002884928533988643,-0.002972813580404739,-0.0035607434523632336,-0.0035332623936812657,-0.002171148710240777,-0.0009588910475690524,-0.0013591575316920217,-0.0006848283403066046,-0.0004875496890528508
2017-03-28,0.0,0.000583433799567489,0.0007429931958911433,0.0006054435058489053,0.000583433799567489,0.0006659677004140893,0.0009795344143011262,0.0010895345244122218,0.0009850347071919728,0.001249013194478131,0.001045535932360175,0.0011225321980793098,0.0010070355762270234,0.000737491571536746,0.0007539963537976025,0.0012215186865045156,0.0012655095364147244,0.0013699800497074452,0.0026996505752849022,0.0023097238600902677,0.002315216841433385,0.0021723895194226657,0.002100968207822361,0.0022602856701772153,0.0023591596059897467,0.002436054797881121,0.002315216841433385,0.0019471203630371363,0.0018097362120063044,0.0020899798609640644,0.0021119564339382177,0.0020350363154433273,0.001941625359369193,0.0019800897509633015,0.0019800897509633015,0.0020020687390518545,0.002254792387089083,0.0020625084655527346,0.0023042308485743622,0.0022712721458258314,0.0024690080701441253,0.002507452182021106,0.002666704902696151,0.0022767653383869786,0.0023097238600902677,0.0020844856422558935,0.0019361303255060185,0.0019910793053919567,0.0016448503126748233,0.0016558435518326594,0.0017053116325637925,0.0018482056768731941,0.0010620356312408665,0.000555920985472517,0.0008805239686184135,0.0009410315169532427,0.0012820056062265094,0.0012215186865045156,0.00142496014692603,0.0016668366701407384,0.001518419375405688,0.0012930028349250173,0.0017163042070798469,0.001650346947360044,0.0014029684707745087,0.0011775259013140742,0.0006659677004140893,0.0006769717058722161,-0.00017619787066411376,-3.8540631465478845e-05,0.0015129220155127483,0.00163385695266413,0.0016668366701407384,0.002293244735021753,0.0027929907536326576
2017-04-11,0.0,0.0006810078088763881,0.0010458371735183897,0.0006755615862400682,0.0008716069169047855,0.0018512574777316457,0.002313536849541351,0.003025572731444827,0.0030418729599201266,0.002987537831703086,0.002933199751019242,0.0036176438841866478,0.003416704901076292,0.0034818787251192323,0.003682804614009714,0.00481158315682804,0.005792801844012144,0.006139521822348439,0.00622618303663447,0.005895746884996549,0.005619396763892422,0.0057494533928996614,0.005841566605521475,0.0058903289891447976,0.006052853097245224,0.00555978182220268,0.005028509955730674,0.0050827343035605545,0.00462715837178392,0.004654281796931679,0.0045891843405917385,0.004665130961003814,0.004800735581532081,0.004974282667461452,0.00501224207801046,0.004914629253777056,0.00462715837178392,0.004827854299143793,0.004930898719515125,0.004578334352526498,0.004654281796931679,0.004621733598471672,0.004654281796931679,0.005576040795123788,0.005402598120202795,0.0056573316946522635,0.0051749089474655095,0.004800735581532081,0.005218282310805811,0.005581460394019237,0.0056735890816028865,0.005695265186407721,0.005456802187689228,0.005917418174872589,0.005792801844012144,0.005315865500552417,0.005250811098785958,0.004936321815940675,0.005245389707602804,0.005646493289848457,0.0057765463950497625,0.005511003317254196,0.005841566605521475,0.006318252348643904,0.006599823517616723,0.0065456813728166354,0.006166604258577697,0.0062207669307604695,0.006507780127214645,0.006388652573953708,0.00657275281163816,0.006302005438941313,0.00657275281163816,0.006518609201112471,0.006302005438941313
2017-04-18,0.0,0.002131644817165191,0.0022405582964048825,0.002768620456691011,0.004611928927955022,0.004459807926270749,0.004780321620110117,0.004427207557883898,0.004687980751877435,0.004948685960940528,0.0054156128845027395,0.0055513065643707175,0.005556733928598545,0.005524169301379215,0.005182176675315269,0.005676128489775499,0.005790082729132138,0.005665275027792348,0.005611005950841723,0.005643567750426524,0.005518741760408158,0.0051061624280370685,0.004845498276027426,0.005008421333258929,0.005258185144867309,0.005149599848295538,0.005399328405510813,0.00523646902879358,0.00536133025655879,0.0054481810469556346,0.005149599848295538,0.004622793828351162,0.004720572620208973,0.0047042768188219385,0.004856360639025986,0.004948685960940528,0.004780321620110117,0.0050735831245796725,0.004372871248718628,0.004438074465433575,0.0034650182585387345,0.003617290652391721,0.003214806120856672,0.003062472422716098,0.002969972783126507,0.0028230440025073366,0.0021643201064803557,0.0014615659897359253,0.0007964911170434213,0.0006928740637652126,-0.0011303601154416612,-0.00040940317777420293,0.0006110635423409641,0.00036559181263298967,0.0005892462728806651,-0.00019103395823148422,-7.09512101571679e-05,9.823182719104118e-05,0.00027284236428914765,0.00045287755347163763,0.0008128507229953109,0.0005510649059284084,0.0005128820811039276,-0.0007588931444164367,-0.002885768288363029,-0.004381114098631307,-0.005099455692708809,-0.0047045781270436465,-0.006065368912458692,-0.006488249504422812,-0.00559327202501926,-0.006477263330522436,-0.006537688780641688,-0.007208106882861408,-0.006856356094665347
2017-04-25,0.0,-0.00016742683891328195,-0.00018363092396339503,-0.0008049855510287641,-0.0008320097295629893,-0.00032947950638468633,-0.00028086094867154856,0.0004751235140538039,-0.00042672371367786783,-0.000291664868333726,-7.020784224482664e-05,8.640288591029261e-05,-8.1009486255169e-05,2.700170380908727e-05,-0.0002376464372319192,-0.00019443379320558977,0.0003833558804337084,0.0004913169281925452,3.7802181190311495e-05,0.00019439599605479584,0.00025378723586437756,0.0003239723355963117,0.0006856174469384386,0.0010417370421359512,0.0012575053940712569,0.00118199176652239,0.0012790796689068188,0.001510973732109632,0.0016188131162355468,0.0014085155443976417,0.001581070654614068,0.001559502894101385,0.001581070654614068,0.0020015490358218442,0.0021524468782690757,0.0021901677813119225,0.0021847791679905984,0.0024380126101668205,0.002605003832742272,0.0023733633592673844,0.0025349786505806187,0.002605003832742272,0.002664252080223147,0.002545752074698129,0.0027019536828151967,0.0028958251896962326,0.0029389026429637115,0.0023733633592673844,0.0014031227173967019,0.0016295964150624472,0.0008582973312403841,0.0008636930971827607,0.0015271503811172822,0.0016242047801840495,0.0017751595695114305,0.0019961594060084347,0.002841975763448762,0.003213477793484419,0.0033372811401007176,0.003783922325151672,0.0036117469425776135,0.0035633172745537685,0.00361712787202569,0.0038538601074531156,0.003923792998803448,0.004165830634147717,0.0037785422931405697,0.0038000622475189132,0.0040959146677326695,0.004450822072890489,0.00504205464875257,0.004956078904606261,0.004907714299964067,0.004886218169266727,0.004423939557545737
2017-05-02,0.0,0.0004611532129192285,0.0013560414250174849,0.0016720081922267222,0.001789800759652032,0.0015702670804299853,0.0017630309399450641,0.0026460568325176307,0.002490914810384805,0.002437411980072331,0.002490914810384805,0.002218020442889711,0.001998580762498319,0.0013881781991308142,0.0011364124898974109,0.0010024687300028935,0.0006541309674713865,-0.0007887430153101305,-0.0037615038762410942,-0.003879952203296847,-0.003056488280187563,-0.003325519554005242,-0.0028466941197648372,-0.0035192668973128287,-0.005625999790165035,-0.004461629388868934,-0.004941228905529186,-0.005043645119722631,-0.004784929640626083,-0.003960720471103699,-0.00369151827709535,-0.003589240441958896,-0.0037292022218551606,-0.003917643249793229,-0.003842262577362132,-0.0036646020431055255,-0.003266326463436041,-0.002518642768719906,-0.002319713224069453,-0.002206824867846005,-0.001798383014076077,-0.0026154336145323286,-0.002421861290468518,-0.001750025945472007,-0.001744653082192605,-0.0018037561660474769,-0.002120823244512421,-0.002110073561627943,-0.001535133927883526,-0.0009712619924222984,-0.0009175764821286409,-0.0008746301489336823,-0.001202142534245229,-0.0009229449034636771,-0.0009014713910406075,-0.0017553988376192236,-0.0021799485660235238,-0.0019004778387629623,-0.002276706633302822,-0.002206824867846005,-0.0020187059223698116,-0.002545528175054108,-0.0033039943883953512,-0.0027014777875127394,-0.0018574892737146748,-0.002024080258303284,-0.0020939492539650798,-0.0015029041077769003,-0.0017016712151610594,-0.0010625339749399665,-0.0013847369871035676,-0.0012719541235343742,-0.001545877432092417,-0.0010034746820771316,-0.0009658933116950897
2017-05-09,0.0,0.00013951342034403816,0.000965463309617547,0.0008635972847974925,-0.0009878824149642858,-0.0005850951214854295,-0.0010415996474653342,-0.0005743563475310699,0.0002736425869323421,-0.00041865708302996676,-0.00044013140242890576,-0.00030055656861855155,0.00013414787945733404,-0.00012343194488079428,-4.8297642279616924e-05,1.6098695737688328e-05,-9.12308382331885e-05,0.0002790073794086983,4.292927938484751e-05,-0.0002146740451224446,3.7563220245568554e-05,0.0005472103140836583,0.0006491085714436673,0.0007349095775130636,0.0006383829280389522,0.000568663441682478,0.0007027350629432626,0.0007349095775130636,0.0005793898328955997,0.0005257567262385031,0.0004345738428117517,0.0002521831292118579,0.00029510158415438267,0.0003165601208975209,0.00044530167241108785,0.0002736425869323421,0.00030583091008444074,0.00019316724587461803,-0.00020393924827851522,-0.00015026699252800634,0.00011268542801514927,0.00038629718537083366,0.0007134600161558355,0.0007080975539275158,0.000681284811438084,0.0007938934990494752,0.0008153413352314381,0.0010726794950757154,0.0015282200822401644,0.001501429320764663,0.0011102024443836538,0.0012763585832974822,0.0016300184305159003,0.0016889495801994242,0.0014424871189347584,0.0005901161090544872,0.00024145322765896704,0.00040238966347871247,0.0006008422701611647,0.0006544713500064375,0.0006062053075711953,0.0005096662333061198,0.0005096662333061198,0.0002092628321969432,-0.00013953288705461525,0.0002038976655415128,-0.0006387907211440002,-0.0008858276221945682,-6.439737475597263e-05,-0.00015563408847283817,0.0002092628321969432,-0.00020393924827851522,-9.12308382331885e-05,-0.00017710276031443665,-0.00024151154140032737
2017-05-16,0.0,-2.6436213384067854e-05,0.0014529165227027162,0.0023869510654519225,0.003035512520926436,0.002724466428241479,0.0024871628288143047,0.0023131043922108466,0.0025293542513042653,0.002075703143420413,0.00102518583865084,0.00119946857321856,0.0009882128685287494,0.0012997994010054493,0.0013209203979174565,0.0013050796920552569,0.001146658830865043,0.0010674389878372655,0.0007716294447659477,0.0004334542139354818,0.0006659619696448237,0.0009618027671917781,0.0013842807122058727,0.0013156401905107444,0.0012892387352608984,0.0012100301870331114,0.0011836259433414323,0.0011519399306011955,0.0011677830624716283,0.0011255341530154266,0.0011625020464041936,0.0009565206632239604,0.0010780019961820024,0.000935391968342711,0.0009882128685287494,0.001083283458513458,0.0011149716467437562,0.0014159593639649119,0.0016007315008524656,0.001817135448693699,0.0015796164130655356,0.0017485246329633597,0.0019860035578249595,0.0019174043276927242,0.0020598743894332003,0.0023183793354392135,0.0023658525724108374,0.002534628053953461,0.0025768174739078244,0.002682283237182386,0.0027086479401195007,0.0032147154898503503,0.0029827996531758883,0.0032094452726384045,0.0034096940033088597,0.0035940981545054397,0.0036415108690239745,0.004315581808913917,0.004805051638661343,0.004815575240469258,0.005283763439632042,0.005220649724474785,0.005215390068403752,0.005331096112069906,0.005315318803520629,0.005814812747683208,0.0050733688964904565,0.004741907702036815,0.004810313453408575,0.005352132136262055,0.005672876687011787,0.005557210184953266,0.005441530302607602,0.0056991626626565935,0.00552566245323253
2017-05-23,0.0,-0.0017356830446805262,-0.002862569502560109,-0.0035276028718423296,-0.002952988060764873,-0.002788113298728314,-0.0050615252195420485,-0.00540271662056388,-0.005658686588152113,-0.005690687441510862,-0.0050082245772566595,-0.003926835286299633,-0.004523319244187576,-0.00421438134889978,-0.004571266438353546,-0.005152142831936622,-0.004906961183087549,-0.004198404398313465,-0.004113198306026472,-0.003964105111854552,-0.00300086001924227,-0.0036393718826698003,-0.003910862929125534,-0.004267639694495152,-0.0046778239901880125,-0.004720450190388395,-0.004992234938542297,-0.004976245555492281,-0.004336879784535093,-0.0037937401044149063,-0.0043049222241723795,-0.0038150341431494456,-0.004374164895795309,-0.004171776714574258,-0.004155800444660254,-0.004502010118020659,-0.004384818040070993,-0.00415047507807535,-0.004464720239821051,-0.0044221049387907895,-0.00418775323973365,-0.003506314952735517,-0.003516958855641986,-0.00354356910857397,-0.0031710899897035454,-0.002851932562594847,-0.0018738178006671793,-0.0015922556067657538,-0.0018206867902090937,-0.002240498731256178,-0.0017463081177279426,-0.0016719349770221571,-0.0016984961780149423,-0.0012151927098010943,-0.0009868997824394451,-0.00012198323541180812,-0.00020684991521309528,-0.0007002801406624812,-0.00014850329916755534,-0.0005463886762937422,-0.0014488487373308788,-0.001974774498300036,-0.0024424963823913627,-0.0026445348448215357,-0.0034477755117705722,-0.003506314952735517,-0.0032455747150490874,-0.003218972390536332,-0.0023840191818378827,-0.0029104371326161304,-0.006138806947542762,-0.005269424874058028,-0.005189458353332085,-0.00480037921345849,-0.005178796633703174
2017-05-30,0.0,-0.00016175783843299337,0.0008657422193675707,0.0015432101828057106,0.002381592518613654,0.0028239333936990927,0.002870758032832661,0.003162062088700762,0.003032026120568662,0.003806790675108738,0.003432482750487191,0.0023711821415496746,0.0014702741424710303,0.0009647854100989033,0.0011836881868688511,0.0012826998937811092,0.0005268360488135657,0.0006624123002337426,0.0008605291481129022,0.0018349011591218644,0.002282689560553731,0.001881772131156192,0.0016734398821330234,0.002298306467417461,0.0023607716561086164,0.002261866638680747,0.0027458874558204754,0.003281680246879662,0.0024752810355929923,0.002334744968341442,0.0027927157494839643,0.002709463933505642,0.003162062088700762,0.0025637565760671323,0.0023555663727459777,0.0028499473527908567,0.003172464235704025,0.0029956130191308656,0.0025273264191791366,0.0026522242893125235,0.0021369200011444574,0.0020275788853918197,0.0020015435241626596,0.0018661487179087398,0.0016890663064170687,0.0022202194941069644,0.0026886498965182906,0.002948794226058651,0.003219272558232221,0.003411683757157441,0.00359885912542558,0.0036248529337017618,0.003843174251566439,0.0038847538609318904,0.00359885912542558,0.0037444157498087516,0.0037963951244045393,0.0038483717972853763,0.0033752844778592752,0.0037963951244045393,0.0036924336732169108,0.003718425049279867,0.003936725941542032,0.004477075519292391,0.004653664954509536,0.004643278203848558,0.004658858289383364,0.004347210448917898,0.004051055011911253,0.004326430472502367,0.004004285608446785,0.0038535693159899723,0.003832779079084418,0.0038795565043076652,0.0038743591206705625
2017-06-06,0.0,4.648892402229501e-05,-7.232040006669315e-05,-0.0004598402007191137,-0.001338774781850638,-0.002565403647561541,-0.002772578099549262,-0.002125300397414811,-0.0023168509479318247,-0.0017009136815951266,-0.0011112117226278568,-0.0014267107438360133,-0.0014215378261294791,-0.0010698421840474853,-0.0005476989033092397,-0.0006717478614571751,-0.0008526801803398974,-0.0008061516001510588,-0.0008578501562218556,-0.0012715348516512247,-0.0011887842206305184,-0.0015508687971973417,-0.0019700160715026335,-0.0018509810828386028,-0.0019286109900581365,-0.001866506582177773,-0.0017837067042603633,-0.0016646938895444378,-0.0013749827708886015,-0.0015819107193155123,-0.0017060880446956041,-0.001571563304875835,-0.0015456952371930928,-0.001861331388948989,-0.0024462977700636483,-0.0021304769569181863,-0.0026689855083987164,-0.0031559640236203256,-0.003135236701900367,-0.0031093281538916973,-0.0030886017987760803,-0.0035550487255739706,-0.0034099085873323994,-0.004172129434937423,-0.004239564690633426,-0.004633892600149666,-0.004540485094269814,-0.0044055785427953185,-0.004374448846099956,-0.0038298359616212177,-0.003814279950908124,-0.003933548884344359,-0.00357578475078959,-0.0037261337941530788,-0.003902433878093058,-0.003907619645236451,-0.003767613370652512,-0.003430641603105654,-0.003746873367333387,-0.0036431798024631995,-0.0036172580912139703,-0.0035498647864539217,-0.004192878260035927,-0.00460794519553738,-0.004390013573315441,-0.004462652170384808,-0.004270690188643878,-0.0041358200269066055,-0.004208440161389334,-0.004104698726448491,-0.004514540113195135,-0.005075101519727079,-0.004810352808830662,-0.0044885958052451455,-0.004706548915053383
2017-06-13,0.0,0.0014601083905420398,0.001854647148709758,0.002186769621923436,0.002290535277660041,0.002264594873143812,0.0016625885131370437,0.0013562565247499513,0.0016002913035128865,0.0009823004810019585,0.0005406445238078675,0.0012991334010341487,0.0010861911880716453,0.0012472004568400137,0.0017352636862918405,0.0020103432924307822,0.0022230888262257395,0.0020103432924307822,0.002150449098488842,0.0023372263101367856,0.0021919581604417926,0.002290535277660041,0.0023735400504819415,0.0024824733600615503,0.002202335156716631,0.002020722173483796,0.0019895852071558705,0.0017041178302454303,0.0019376881087110045,0.0021556378254605673,0.002129693921368652,0.0022490303074337733,0.002228277176304417,0.0025291554318202093,0.0028040167711918603,0.003006224989311753,0.002855868930327375,0.002440976355620477,0.0023631648306567917,0.0027106761088203407,0.002627699316344334,0.002430601835442077,0.0020362902930885817,0.0016625885131370437,0.0021556378254605673,0.0027106761088203407,0.0029388267929658734,0.0026847466007793377,0.002518781826421605,0.0027262334909281287,0.002772904185111378,0.0029336421281672483,0.0029284574364879567,0.003120273128117977,0.0034416115572577133,0.003032146163024056,0.0017560270514111235,0.001885788316817529,0.0017144998900460533,0.0016522059143726144,0.001667779772095376,0.0016054828858811788,0.0016625885131370437,0.0017093088736191376,-0.00010920408434119152,-0.00044209010516230943,-0.00040047329196353585,-0.0006397936233679468,-0.0007022344347025874,-0.0006033716171878174,-0.0006502001545070706,-0.00028083460066822305,-0.0007959029626660874,-0.0018737221235773226,-0.002056076950103087
2017-06-20,0.0,-0.00039863223081146125,0.0003984733864741674,0.00043469036758597815,0.0004398641149570418,0.00015009303208318237,0.00036225509364557314,-0.00026401136955250126,-2.588038603331714e-05,0.0008278188998138478,0.0008588487815924851,0.0006054098990908429,0.0008329906136422089,0.0011432445072317517,0.0010656900575062253,0.0009260768891723915,0.0009622747674635233,0.001008812971459319,0.001024325224847006,0.0009674457859731581,0.0006467920633840846,0.00040882122920789287,0.0004191689648646551,0.0005743721520149551,0.00030016353962926265,0.0006054098990908429,0.0008329906136422089,0.0009312480948648287,0.0008485055946494852,0.0008381623007240843,0.0008381623007240843,0.0007502399826213609,0.0005329869906587284,0.0006416193864977367,0.0005588529172164932,0.0005691991005097156,0.0006881725152644459,0.0005433334415676447,0.00011386574206169049,7.763713957633115e-05,0.00021736880325704013,0.00025359234390528887,-2.588038603331714e-05,-0.0009476587584397104,-0.00082332446480906,-0.0009891069585575875,-0.0002847210917322794,-9.834903043554299e-05,7.763713957633115e-05,-0.00018635373097872544,-0.0002691887598888763,-0.00024847935937365753,-0.00015529236406890032,-7.764316756966092e-05,-0.00019670773435425908,-0.0016628811038647824,-0.0013466690110420637,-0.0011134618676277473,-0.0007041852712405617,-0.0009942881043678465,-0.0011082801043255392,-0.0009113929925415456,-0.0006420313262578769,-0.0004814848464125413,-0.0005332712172869892,-0.0003830981295755237,-0.0008958509240474495,-0.0009372969768348526,-0.0006782873246872616,-0.0006575694503403565,-0.00046594945809203095,-0.0006472106741260496,-0.0009113929925415456,-0.0010616454428457607,-0.0012326498349663792
2017-06-27,0.0,-0.0006047336228500813,-0.00041701853209141613,-0.000938536369390948,-0.002170397888567379,-0.0037332861518118645,-0.006152996967272261,-0.0053510155585606185,-0.005523937547594481,-0.005256707075442706,-0.005256707075442706,-0.005854144401600855,-0.005282902984167114,-0.00649914839624309,-0.006593574130473297,-0.007753639665162649,-0.0071970601990776675,-0.007559326731449951,-0.007044842411873027,-0.007023848673254695,-0.007155066771042998,-0.007606588564640157,-0.007207558831630869,-0.00724955446409125,-0.007228556427407028,-0.006693255412771925,-0.006677515602331445,-0.006693255412771925,-0.0070658365912374494,-0.00712357285723925,-0.007286302089280149,-0.007034345487471672,-0.006855914628955721,-0.006777205252791813,-0.006672269053904426,-0.006415221894827432,-0.007034345487471672,-0.007564577935944936,-0.008126616206110267,-0.008263233970835605,-0.008773088095273057,-0.009030742130430147,-0.009062296166719894,-0.0088046340024572,-0.008725771100314078,-0.008678456344147068,-0.008752058043328174,-0.009214821379696217,-0.009351587903672532,-0.009356848528161443,-0.009483111818855597,-0.009856734091089172,-0.009840944409645504,-0.010435861309932879,-0.010499059119096392,-0.012238565854210678,-0.012338811456018868,-0.012275497275204099,-0.011879874441024204,-0.012597385973094167,-0.012607941455347743,-0.012296601556736102,-0.011389519398337121,-0.011431691026326338,-0.01131045238900553,-0.011579305731127677,-0.011157607228760785,-0.01077296245400169,-0.010604397677319572,-0.010541193210849707,-0.009346327306857869,-0.008862470750365488,-0.008773088095273057,-0.008562807475011475,-0.0089308275835778
2017-07-04,0.0,0.00029595553613933197,-0.0004311094903065351,-0.000592173971000816,-0.0002544879482528993,0.00047763922533716985,0.0009394862583955127,0.0009031689384021451,0.0012870281808954767,0.0011469885027580423,0.0011366144130843634,-0.00019735236289629684,-0.00018177049707149618,-5.7124310304374024e-05,-0.00039993871602200305,-0.0012002963210852897,-0.002167816839330381,-0.002563417350441833,-0.002849804834662716,-0.0024332683296295105,-0.0012262926971919224,-0.0023760081262361723,-0.002251088152931396,-0.002313546188958819,-0.002693583312226648,-0.002662341936145765,-0.002365597532415741,-0.002683169411752246,-0.002318751201385664,-0.002323956240905138,-0.0024332683296295105,-0.0018191935076954395,-0.0015279000586978654,-0.002261497554703236,-0.0023760081262361723,-0.002438473965250623,-0.0033915618074065513,-0.003084182887533282,-0.0028602204706155683,-0.0028237662193948067,-0.0024020350849614856,-0.002651928361009057,-0.0019388564744913165,-0.0018348009087253677,-0.0013302849602613769,-0.0009663593426401362,-0.0009091830707775147,-0.000586977937652796,-0.0004259142937852497,-0.0005506064601613685,-0.0008260234197920324,-0.0008156289496502107,-0.0008208261712155508,-0.0008208261712155508,-0.0005506064601613685,-0.00029084865687523586,-0.0003427948198835826,-0.0006597248615292571,-0.0005038450757042183,0.0006696689542052522,0.0004153513932448544,0.0006644794463520185,0.00044130512811863676,0.0008149642411853504,0.0002907640885301344,0.0004828297028868239,0.000648910761205076,0.0006852373161802935,0.0007682644868694414,-0.0006649212728875621,-0.0014394884767232076,-0.00179318171394669,-0.0023603922761478617,-0.0023603922761478617,-0.0022302696744491233
2017-07-11,0.0,-0.000602849760513809,-0.0005466365386381615,-0.0001889900530454575,-0.000306488360949646,0.000428925955574759,0.0010923774586418299,0.001311729961542843,0.0016636136905514522,0.0018573518693046894,0.0015412333936264183,0.0010566643572867817,0.0009699272294047833,0.0006024865516296749,0.0008372558918322135,0.0008321527965497558,0.00045445146193839284,0.0003727675480084136,0.001000541192435952,0.001097479226149197,0.0010617663069970994,0.0010107456385132026,0.0008321527965497558,0.0007351890379543118,0.00112298767327286,0.0013270318291358687,0.001117886035902332,0.001638119030406623,0.001780880756230327,0.0018165680033965844,0.0018420581145091527,0.001918524549604789,0.002356819284343425,0.002428151411854417,0.0027032419642287328,0.002540234475711423,0.002733802910398023,0.0027032419642287328,0.0026981483823965064,0.002769456167199497,0.0030240853266693428,0.0033600965709340686,0.003472075234025911,0.0035891304307741987,0.0034313571709785194,0.003288830892454605,0.0033804572605513417,0.0033346451259268894,0.0026370233766469684,0.0020714398806841974,0.002275290621877834,0.0017196996550533537,0.0018675475758927397,0.0018216660775988468,0.0022447156597119496,0.002372105168593921,0.0027287094842284947,0.002198851463588801,0.001974596219408353,0.0025453288619522976,0.0031157359545403527,0.0029120564842176474,0.0029884411472327482,0.0026115535214926424,0.002249811551658671,0.0016993051228269458,0.000934209754626653,0.00042382077611514583,-0.000940195466388777,-0.0010731204815386433,-0.00029116171173790945,-0.00027072654485861547,-0.00046998723725896996,-0.0007715083881857014,-0.0003831251307984445
2017-07-18,0.0,0.004255336387264481,0.005345486859921697,0.0051833071644639605,0.0059027790423636225,0.005705229166709377,0.0058014762888681515,0.006388889459762508,0.0062420685127061015,0.006130672723351652,0.006019264523592838,0.006049649809014556,0.0058014762888681515,0.005912908753312275,0.005841998621744312,0.005978749373453431,0.005882519312627768,0.005892649228802667,0.005639370534771977,0.005168101469423997,0.00437201391860177,0.004118349738174971,0.002915105402972533,0.002910025354102518,0.003900147067624893,0.0037275810099250692,0.004158940331310719,0.004615471010492173,0.004630685110920766,0.004463317274063642,0.004671254913807713,0.004519109665517467,0.0045292534022673865,0.004443028359925454,0.003961045625870437,0.004042237934973388,0.004219823131938222,0.004229969905010891,0.003996568072254287,0.0038950720203635714,0.003656515741522295,0.003387437181652133,0.0036159047491364387,0.0036362104514857333,0.0033823595316899227,0.00324525323601132,0.0031538385943691,0.002925265423292528,0.0029506650224883292,0.002808418956876339,0.0033569708951346183,0.0036463631480421147,0.0035143700521048957,0.0031386020082782625,0.003123365190030332,0.003920446999113499,0.004650970218102632,0.0047473188582668885,0.005330283630755508,0.00537082506156942,0.0054012300560989076,0.005152895543167355,0.004711823070852525,0.003717429137919917,0.0013899321272883923,0.0013492289804203758,0.0006366555933867802,0.0001935861846644043,0.0005551862945379672,0.0010897074653936686,0.0012423753367367333,0.0009217458823937139,0.0010133647885279752,0.0009166556970344478,0.0010591710940284819
2017-07-25,0.0,-0.00025039938833063354,-0.0010019739723882539,-0.0007864648312099338,-9.0136556944701e-05,-0.0001201838814830305,-0.0018795255096357374,-0.003064187291751551,-0.002798018142197658,-0.0018644752794921662,-0.0019397286954056822,-0.001949762912084579,-0.0014331316373799423,-0.001252624411586841,-0.0015384425679995952,-0.0018243424397874012,-0.0022407990026138006,-0.0018644752794921662,-0.0016588114989178882,-0.001438146192125125,-0.001252624411586841,-0.0011974759242706454,-0.0012776929112635277,-0.0016186869120703867,-0.0017240173865309303,-0.0024064263164422606,-0.002572081067222067,-0.0028181039084199753,-0.003089301246321738,-0.0033053072953309046,-0.003486185459307868,-0.003325403253532086,-0.0031847400261842853,-0.003204833561592269,-0.003320379226120846,-0.0031696701395848236,-0.0032902355917006376,-0.0031194388243677134,-0.0029185387915480238,-0.0026724912428735545,-0.0028432116835460284,-0.0028683200890882816,-0.003239998220109331,-0.0032902355917006376,-0.0035866874669201075,-0.00357161152184633,-0.0032801879154768228,-0.0032450218436991863,-0.003375644915938802,-0.003365596381517414,-0.0033404754872122444,-0.003270140340207791,-0.0031395310476734573,-0.0031947867434194512,-0.0031596236746846383,-0.002190614322982352,-0.0020802168921196557,-0.0022508362407674836,-0.001814309481519358,-0.0015685334424428237,-0.0011874492533259107,-0.0011724094354077274,-0.0013529021810922118,-0.0011473435748578125,-0.0018694919977057585,-0.0018243424397874012,-0.0015785639351407579,-0.0013178038179257852,-0.001032048708108705,-0.0010520990344285352,-0.00198488346338056,-0.002491760185255432,-0.0027076371864077427,-0.002637346534533413,-0.0025771013365594405
2017-08-01,0.0,0.00041153998344639115,0.0006692859960058706,0.001184578807677491,-0.00018847243150499604,0.00012893435771344568,0.0,0.00039171061515993225,0.00046111168396415186,0.0006544178393846138,0.00047598271494803996,0.0006296370870892699,0.0011152279318470803,0.0011201817253383894,0.0009021915934830122,0.0013579349584163564,0.001456982124757894,0.0010904585962832427,-0.000416670806333995,-0.0006349962510468137,-0.0006399587469838688,-0.0005258275704403291,-0.00039186411249446,-0.0005258275704403291,-0.001488907913152816,-0.0015882473062708076,-0.001012216144934915,-0.0008930786998950555,-0.0008384787807886715,-0.00040178671618559353,4.463300512297672e-05,-0.00027776124615612956,-0.0003769803915637986,-0.00029264349039899006,-0.0001339109692444107,0.00023306151193810848,0.0003074314129860407,0.0005850301854027903,0.00040162534845342054,0.0005354646275075108,0.0007931787050784124,0.0007039775017943326,0.0005899866060741369,0.000609812043101673,0.0005354646275075108,-0.00015871126486520325,-0.0001835121755559126,-0.0003174477229945093,8.43051151387596e-05,0.00025289402635442676,0.00040162534845342054,0.0001933953030805828,1.4877889720439516e-05,7.934618745718294e-05,0.000357008274483619,0.0010656886471842241,0.000931920318865965,0.00101614690825906,0.0012638310626933709,0.0014272690049275622,0.0008229106714042813,0.0009121012668106668,-0.0003124868272550761,-7.439276905715307e-05,9.918617741467509e-06,-0.00011903108709287084,-0.0001934327120586737,-1.4878111075224323e-05,-0.0005010181686681637,-0.0004117094183359902,0.0018629729707849356,0.0028623941813405505,0.0033370167170219856,0.0038311757672232737,0.0036335414493571614
2017-08-08,0.0,0.0005808887761366966,0.0004021897048961708,-0.0005812264040406975,-0.0003178939552413848,-0.0009092468038865074,-0.003706757750115551,-0.00406073740746016,-0.00615726841784036,-0.006567104489150532,-0.006482124671806168,-0.008563707425749982,-0.012010836102290938,-0.010499059276031106,-0.008879325250256332,-0.008729018624457281,-0.008759078142305017,-0.008573725508389276,-0.008238174362488894,-0.007337250855019002,-0.0077225465742463495,-0.007467334108484464,-0.007367268565470334,-0.007072133539054524,-0.006827087591713308,-0.00678708579162701,-0.005552816939136873,-0.005467923268408356,-0.0058924637097639496,-0.005952413352082312,-0.0063371757660414686,-0.006647092091114914,-0.007292225978767175,-0.007232195963741816,-0.006542109675573045,-0.006577102589511593,-0.006452133519193801,-0.006422143266023919,-0.006742085679119151,-0.006487123284691014,-0.006522114274514754,-0.006757085491621845,-0.006562105476455618,-0.006522114274514754,-0.006067326879779239,-0.006572103526835923,-0.006532111925067003,-0.006567104489150532,-0.0063221822507366,-0.0073522595976118,-0.008398423550318432,-0.00897453113304973,-0.008769098182385082,-0.009716445305558331,-0.009530915152615565,-0.008718998985965709,-0.008463532118879432,-0.008759078142305017,-0.008789138563754304,-0.008729018624457281,-0.008423464805788015,-0.00837839099741921,-0.00817808753700797,-0.008173080464518158,-0.009957184375662642,-0.009636211826090242,-0.009245165772928115,-0.00874404827043421,-0.009666298626511634,-0.009671313181256705,-0.009240153354661938,-0.009696386332175823,-0.009641226229965294,-0.008919410832980763,-0.009205067130261835
2017-08-22,0.0,-2.549648021226087e-05,0.00021924289906531457,-0.002379069405465295,-0.003186993238677195,-0.004282311630274237,-0.004236222663196606,-0.002854540475873687,-0.0016790558364723268,-0.002046885086109908,-0.002828971763793806,-0.004149171520595548,-0.004968776516890427,-0.005373704340195422,-0.005061024130048823,-0.0044052259284347705,-0.0042669484052257935,-0.004205497865209746,-0.00424646447230989,-0.003801042709420655,-0.003007966478813526,-0.002767609522007563,-0.00272670345256356,-0.0024813021691104027,-0.002690912014383274,-0.003831755082926582,-0.003519556563077726,-0.0028596542967416834,-0.002491526020333042,-0.0019855708146829863,-0.0018323015816487749,-0.0018169759502963808,-0.0013011500428669063,-0.0013419978388786045,-0.001607549191431588,-0.0017710004654385532,-0.0010663075904406038,-0.001607549191431588,-0.0012041432140205545,-0.0008111065927509133,-0.00021419064068795541,-0.000933594943751594,-0.0013419978388786045,-0.0023024016909689474,-0.002772722898344308,-0.002696024998550835,-0.0024608547802414038,-0.0024608547802414038,-0.0021746352274475303,-0.0013522100485966657,-0.001638194270345054,-0.0015002988102068738,-0.0011479856665590877,-0.0013011500428669063,-0.001857844822525452,-0.0021439737051006653,-0.003447918193536477,-0.004010929396976251,-0.0040723679814506815,-0.0046715920810186705,-0.004850916948990986,-0.0039034209561802265,-0.00435400980148958,-0.003734502469185841,-0.0028596542967416834,-0.002956821862284767,-0.0029721649725892954,-0.0037959240722067107,-0.00346838577544574,-0.004507666052272026,-0.0047074544821127376,-0.005004649577506718,-0.0046664689858495765,-0.004092848348459419,-0.003724265902120849
2017-08-29,0.0,-0.0005119562161164,-0.0002990316970536564,-0.0011915900515229569,-0.0014605279766893905,-0.0009633032919244925,-0.001125635189991519,-0.0020443213811750815,-0.0020646333733761197,-0.0013793315472578498,-0.002653860689934084,-0.0026640228268284454,-0.0036298970434339105,-0.003670585905880609,-0.0031570104689221954,-0.0028520409889204543,-0.0034569878457594233,-0.003589209836503378,-0.0029638523328058526,-0.003101092434578886,-0.003197680094309671,-0.003696017285661476,-0.004006332206922793,-0.004525434680244945,-0.004311653967540964,-0.003843532043763234,-0.003319698895524528,-0.003538353155704572,-0.003126509335294202,-0.0032332673733863307,-0.0026487796602127477,-0.002415080196657711,-0.002658941745472525,-0.002658941745472525,-0.0029181098174170463,-0.0029435220676477464,-0.00264369865630781,-0.0024658797821439913,-0.0029333570900614172,-0.0034569878457594233,-0.0035942956468382175,-0.003573952560689486,-0.0037214493122138693,-0.00462216001854097,-0.004810546741398304,-0.005187426689225256,-0.0048360071288558425,-0.004561069242719925,-0.005034620401458517,-0.005834565416054671,-0.006477022684152489,-0.006706571774233144,-0.006701470110835829,-0.0070841671087838644,-0.007324065229796695,-0.007288332074785015,-0.008028779696415434,-0.008417095483776742,-0.007875538647946866,-0.007793819689613898,-0.007221973888585174,-0.0076712537719778725,-0.007630401804184011,-0.008376213036138952,-0.008176935035004338,-0.008176935035004338,-0.007446588598729865,-0.007324065229796695,-0.0077121074087231865,-0.007742748731613682,-0.007130100592004661,-0.007533385068720956,-0.008049213610583634,-0.007487433057929556,-0.007492538732631667
2017-09-05,0.0,-0.00023199164934105792,0.0003579684572225708,0.0014613181672389977,0.002276712042602952,0.0025684816271907057,0.002608719027860287,0.002457820426403989,0.0022414927142318086,0.00268415979055177,0.002276712042602952,0.001884197985057329,0.0017784947944842133,0.001541880492311298,0.0019949226782868816,0.0021458911412617545,0.0023068990511231884,0.0019747918277576494,0.002040215610332512,0.002276712042602952,0.002276712042602952,0.00211066720508379,0.002186145549124864,0.002628837121067987,0.0023169611847985564,0.00198989000364663,0.0013908208083430271,0.001380749351355558,0.0015469154221368928,0.0015871939481496926,0.001682848945818672,0.0016073326027876678,0.0015318105566076935,0.001667746133423026,0.0010584091587866478,0.00025714523553261746,-0.0013069159908714648,-0.0014230567839406648,-0.0006608135308729794,-0.0003883642098062995,-3.529960540437822e-05,5.042584628252268e-05,-2.5213876710557725e-05,6.555310434120493e-05,0.0003982948997802896,0.0003579684572225708,0.0005696641404292254,0.0008367399890376243,0.0009274287703937934,0.0013656419756827003,0.0011541147483179854,0.001139003948377378,0.0005343846385720373,0.0006754951787557493,0.001038259446423214,0.0015670548879383607,0.0016778147003640373,0.0018942643728851968,0.0024779415556023345,0.002638896015897356,0.0029154759806992864,0.0034382545606950286,0.0035940299329236466,0.0040561882203134295,0.004332376522230465,0.0034935324703998455,0.003920576952315799,0.003498557583402003,0.0034834821686393915,0.0041315198679274055,0.00391555395956656,0.003950714378983631,0.0034834821686393915,0.003629201658879106,0.002935587903550746
2017-09-12,0.0,0.0005432656378550987,0.0009766696344469445,0.0008471662796310983,0.0007126642731065783,6.979375946906685e-05,1.994157119705373e-05,-8.974199183398328e-05,-4.985454935291896e-06,-9.97138214153865e-05,0.00023927261240330147,0.000473504917099021,0.0008322225055805187,0.0010712960965588041,0.0015243829451244667,0.001285417663651178,0.0014795813043812782,0.0015243829451244667,0.0021414457458658214,0.002056870945623326,0.002415021103904144,0.002569185149672879,0.0026686332130038,0.0028376722266163106,0.002733269151104903,0.0023702593483405656,0.0022459106246199385,0.002335443264300806,0.0026089655618029696,0.0025095115641675706,0.0025990206071271303,0.002981829985162932,0.0027034376988082677,0.0025343759908822506,0.0025393488020373257,0.0025841029896693196,0.002628855174453639,0.0027133816151204597,0.00287247082970419,0.0028824130653154817,0.0030066826708697453,0.0029768593739019473,0.002892355202079707,0.002613938002053171,0.002171293967660111,0.0023304694390563125,0.0026387998324319596,0.002529403154998423,0.0027084096693245478,0.00279790091167175,0.0027084096693245478,0.002723325432551942,0.002971888737933863,0.003369461561117101,0.003463861883142145,0.003448957161574545,0.003483734499670852,0.0034787663825623307,0.003230329052085086,0.0036277991601137553,0.0037569429370534254,0.003409210151289745,0.0032949286958157196,0.0037072742273368486,0.004218743819702495,0.004213779352873756,0.00470017999776245,0.00494329162937044,0.005602868284432732,0.005632613369059799,0.006039040876909639,0.006083638715903797,0.005999396683539676,0.006128234566019632,0.005662357568942902
2017-09-19,0.0,-0.0010642859203296858,-0.0010889355869441234,-0.0005369286334113801,-0.0003940479114729901,-0.0005615653041115362,-0.0008671104581770541,-0.0009311882190261802,-0.0009558346050046616,-0.00112344614101453,-0.0012615002683126503,-0.0012023318799929013,-0.0011086557577215414,-0.0011382367430663033,-0.0021741228882311554,-0.002262963079592082,-0.0021099654359509105,-0.002272834699179424,-0.0016757770407089777,-0.0013058788571301495,-0.0010790756473854786,-0.0009459759777198506,-0.0009016133576563152,-0.0008818972693275009,-0.0008079653999757842,-0.0005664927110883144,-0.0006699738665231148,-0.0006798297731680412,-0.0007734657314155708,-0.0006551901886888168,-0.0007143262114142494,-9.849305623916503e-06,-0.00011327287200702507,-0.00016745139023771803,-0.0004186810622759631,-0.0007044699647714592,-0.0010544262238109594,-0.0010494964120066844,-0.0011579578861043818,-0.0012171236488667879,-0.0010840056050126668,-0.0012269849496711624,-0.0012615002683126503,-0.0010642859203296858,-0.00048765711283304386,-0.0007833226581245775,-0.0007488238397056507,-0.0008079653999757842,-0.0006157681162653867,-0.0007488238397056507,-0.0007685373044955656,-0.0006699738665231148,-0.00015760053222791133,0.00022650725904902735,0.00022650725904902735,0.00023635423701145363,0.0007925510465736403,0.00046280797249662905,0.0005021859966108903,0.0006990528611082438,0.0006203107660359591,0.00012803214609218434,-0.00016745139023771803,-2.462344595405293e-05,-0.0003152259062988313,-0.0004285344925012123,-0.0009854110700278126,-0.0005369286334113801,-0.0005270741350791797,-0.00024133591860482753,-0.0008720393709327855,-0.0009607639550945618,-0.0008473950500920125,-0.0006108404664831382,-0.0006354789582145164
2017-09-26,0.0,-0.0004514157539599073,-0.0013497812460898974,-0.0006594399058065837,-0.0006949605496474226,-0.0006036243002562757,-0.0003753201677208318,0.00035490298845924716,0.0003853173846090602,0.0006995453240854948,-0.0007507812535609174,-0.002533607173964711,-0.0023455240203231966,-0.001776406746481167,-0.001796726787122031,-0.0016697333067965802,-0.002386187650777671,-0.0034694653580407304,-0.003667939146157424,-0.003617044675830707,-0.00398354268964521,-0.0047678924072034985,-0.004441854176333196,-0.003952996057663497,-0.004121014081810505,-0.0041159222117447295,-0.0034084044242985085,-0.004095554990749633,-0.0040904632503162616,-0.004126105977803441,-0.00399881635555441,-0.003978451519516008,-0.0033219078166923034,-0.0031082423854198555,-0.0022184608316285406,-0.0018272076222991221,-0.0017611669869642978,-0.0015478347364142264,-0.001796726787122031,-0.0023302755851935773,-0.002396353816760848,-0.0021676400764212493,-0.0019847067398676694,-0.0015325984598552177,-0.0011365367299814835,-0.0011466901996759883,-0.0015325984598552177,-0.0013904044053585246,-0.001786566715188537,-0.0018627697709679553,-0.0012329988547106,-0.0005478118099136921,-0.00010649546263334116,-0.00014199647061195828,-0.0008269054171834387,0.0003498338324989454,0.0006742080212399506,0.0005779204151541905,0.0007299492401121795,0.0010643313203487002,0.0010390032586278489,0.001393537758547884,0.0021983708497534476,0.001423920582127251,0.0013428976677900884,0.00029407142091246176,0.0006083280292232764,0.0016517623394184356,0.0011301812787095327,0.0005373754913731481,0.0014492388966378465,0.0011858970875782359,0.0005525800304350372,0.000218026757310074,-0.0009030353761354144
2017-10-03,0.0,-0.00015229972615491072,-0.0017325083274441508,-0.00128512197136633,-0.0011783888929051479,-0.0008684193030130729,-0.00043157614815409617,-0.0004214192752520284,4.568539514858575e-05,-0.00041126250551097994,-0.001783360353145489,-0.0018901580250578528,-0.0011631422401804994,-0.0016816588875397268,-0.0015494624434316455,-0.0005687040302766046,-0.0003350900204992112,-0.00020814877127762707,-0.00017260810894833504,0.00037049913762539425,0.00017257832053081982,6.0913396397590416e-05,0.0003603503049947709,0.0011262976442528252,0.0013544466721868518,0.0015014484694217303,0.0011364387064279956,0.0013747240669478868,0.0013240298090755704,0.001171931614188001,0.0011313681881954423,0.0008169458352472334,0.0013493772592502013,0.0015673388127091987,0.0013493772592502013,0.0010045968758666233,0.0010400944633022096,0.0009234548011206043,0.0011262976442528252,0.0013899318431911131,0.0011110858581608754,0.0013747240669478868,0.001835923751776252,0.0018105886314712762,0.0014963798016452315,0.001440622760403471,0.00015227653448025372,0.000568380789821994,0.0007712956626564711,0.00011167172585039733,-0.001518958053339222,-0.0013207021958813337,-0.0013359512510754876,-0.001478286980633924,-0.0008277746792751548,-0.0008328551669004839,-0.0007464903874198273,-0.0007414103385496304,-0.0007261703467790276,-0.00037571462378019506,-0.00039602754432173457,0.0001167474170958925,0.000898096552461307,0.0011313681881954423,0.001369654756804942,0.0005176456374534009,0.000497350855748431,0.0004212417558539444,0.0009234548011206043,0.000974169369398402,0.0011972829199083837,0.0009589552689698173,0.0005785275114163435,0.0007459335551654038,0.0004567600566622013
2017-10-10,0.0,0.0006142889798449898,0.000803993042077675,0.0004045741911878313,-0.00023482798957753776,-0.00037974936998237636,0.00023477285833895336,0.000444523256135569,0.0005843324168591283,0.0006542296679285075,-0.00010491632932360694,-5.995084032890698e-05,-0.0005846740608760326,-0.0002298310751721444,-0.00018985665879329625,-0.0002298310751721444,-1.9983214100933937e-05,0.00028471741988609034,0.00040956791158469315,0.0007690502608785737,0.0010236054271024492,0.0013180099959927195,0.001467674000582367,0.0016223032772005033,0.0018217896005810654,0.0017469868926879599,0.0012980531028810637,0.00101362409219858,0.0009387609046388373,0.0009088140602853752,0.0007590663848382392,0.000674199413764344,0.0005743466964391892,0.0004994506147175392,0.000299700301943483,0.0002797230759805247,0.0004045741911878313,0.0006392520968410678,0.0006492371691578716,0.0005094370830530841,0.0003246712731908485,0.0003196771288250787,0.00040956791158469315,0.00041456160704399225,0.00037461134511476994,0.0006891764614389257,0.0008289514239772966,0.0009038228323684006,0.0009038228323684006,0.0010585393147236615,0.0011184231401204392,0.0012232112063524923,0.0012032524212429662,0.0008089847682917361,0.0006592221417742238,7.493349655687962e-05,0.0005993108105266283,8.492420519798316e-05,-0.000599670199370514,-0.0006146665627526488,-0.0002598129361485596,-0.00015488035523530177,0.00018482580220799687,0.00045451027301354513,0.0005943180375654509,0.0010485583285022736,0.0008489176810034777,0.0008788663190913468,0.0011234132970357404,0.0011284034290497214,0.001407811086637266,0.0008688835393864205,0.00026473989460125744,0.00015485637102560996,0.00025475098229377896
2017-10-17,0.0,0.0009199812737811339,0.001110722499651669,0.0006019983590143551,0.00011749155542958917,0.0007487722687476596,0.00017133723860968993,8.322461103415298e-05,0.0008563927793640715,0.0009884566691310023,0.000866175887849037,0.0009150899946871859,0.0004356285479007803,0.0004894571039627475,0.0009297637601957813,0.0011253933947965955,0.001232973383066746,0.002073654579815507,0.00236186506339063,0.0025327981386241865,0.002684171609003726,0.0029673249628453416,0.0028501677817081815,0.00300637430657726,0.003274797274457859,0.0028208763416414846,0.002757408611299465,0.0032015981557425833,0.0027622908874163775,0.0027329968731580915,0.002879458363811991,0.0028501677817081815,0.00300637430657726,0.0030698262380997317,0.00283552216892328,0.0020589975900189563,0.0010422554762776859,0.0013698766317990468,0.0010520367666255839,0.0011058321534398222,0.00022518002258852432,0.00010280586589971349,0.0004894571039627475,0.00021049591446405954,0.0001321770292933771,0.0003475392056754731,0.0003622213015938656,0.0004894571039627475,0.0006753880067035772,0.0005090304059794173,0.000357327293572356,0.0002741254924503206,0.00018112705133064818,0.0006362475315332222,0.0011742948241951086,0.0009346549675171707,0.0011009417833119288,0.001203634534027697,0.0016191879716233562,0.0017169401601285095,0.0015507557537084871,0.0020394546027750248,0.002562098018008438,0.0024009380566310783,0.0020296829659278396,0.002234867290565525,0.0024693121213981693,0.002425357902152343,0.002630461064878381,0.002015025331621121,0.001516537888557764,0.0013356525766849865,0.0016631776389463599,0.001844003721402121,0.002010139405774809
2017-10-24,0.0,-0.0005004661308519018,-0.00011282833671111053,0.0003776370266484233,0.0003482158875578378,0.0011177841585460202,0.001367643919931459,0.0015096932014745247,0.001690899201357944,0.0016762080461677586,0.0023077329059098366,0.002351777900325621,0.0033838328326854044,0.0032078229756788775,0.0032273811563776986,0.003290942601981821,0.002841036243377769,0.003129586427435476,0.0026649308144728575,0.002425181913600624,0.0025915443982655957,0.002831253422012147,0.0027040680344631645,0.001720280864264489,0.0021364283725283533,0.0020923738918132663,0.0020874788297071145,0.00207279349961744,0.0017104870725488958,0.001607646468049346,0.0014558148147760734,0.0018769684882213899,0.0022245315119937396,0.0022832626262867437,0.0024007145078539806,0.002488794366983235,0.00260622211235857,0.0028214705049417737,0.0026404692741284555,0.002694283873063698,0.0027285280191526413,0.00258175913584916,0.002244108933354477,0.0019895725553053705,0.001994468096691105,0.0017153839803962653,0.0015243868031458445,0.0013382518939859531,0.0006521925915553219,0.0009413749671695131,0.0010687847269296499,0.0015439779361995961,5.395687865672757e-05,-0.0009226224724119377,-0.0010404653585204791,-0.0007164308312795519,-4.905423437131985e-05,7.848177019661055e-05,0.0005443404665187672,0.0007502298850201945,0.0007649346500994865,0.0012500706324467925,0.0013578466739371463,0.001705590140721481,0.0017153839803962653,0.0019112406335384888,0.0012157758195340356,0.001009982239567435,0.0010393839154648856,0.0012549697954248491,0.0013627453089325562,0.001054084429248232,0.001176580307415043,0.0012941622352083443,0.0012794652502944098
2017-10-31,0.0,-0.0005993552277403842,8.214167510820664e-05,0.0005072378112027363,0.0006810887055239522,0.0006859174656189832,0.0009659456633914856,0.0010190456144071448,0.0005458739553204084,0.00014978269458087418,0.00037682980300041607,-4.83217844362073e-05,-0.0003721379853252184,-0.0002706320725186316,-0.0004108096148558754,-0.0012668022195040489,-0.001954060859066861,-0.0018281894413949287,-0.00162005224434845,-0.002278494857753156,-0.0021428976973374,-0.001992793713731445,-0.0017458974645741974,-0.0011893942261226094,-0.0010442703868586587,-0.0014893835835888393,-0.0013248621470422883,-0.0010539446542748463,-0.0007347432354708404,-0.0008411323877464964,-0.0007492501806713497,-0.0004543169857364305,-0.00029963271053462564,-0.0005316680969721512,-0.0001014784443741152,1.9328059994924097e-05,-6.76511520281381e-05,-0.00026096538007403105,-0.00014013960827320707,8.697332823429187e-05,0.0003381871269900238,0.0001256257128497055,7.247829882107843e-05,0.0001980949074346165,0.00045894053177903706,0.0001932637911809241,0.0005313855762074391,0.0006907462023974248,0.0009949096225736736,0.0009418083898883129,0.0003913204215326288,0.0005410445189396548,0.0005120674108531997,-0.00020780024189260855,-0.00022713269237788499,-0.0003044662319726281,3.382385983708081e-05,-0.0004784885652778458,-0.0014700267155294626,-0.0012668022195040489,-0.0011506924763149786,-0.000879822158659454,-0.0003334678512316613,-0.0006090251918650158,-0.0008314601789039646,-0.0006041901981142298,-0.0003914736131536806,-0.00042047775591402977,-0.0001014784443741152,-0.0008169520410474772,-0.0016926533232323507,-0.0018523942528285572,-0.001663612259165575,-0.0016684523779422163,-0.0011797186482486333
2017-11-07,0.0,-0.0002578562608892885,-0.0007164316281430548,-0.00024352916859634167,4.7743863729077e-05,-1.432360362789733e-05,-0.00016234618927967733,-0.0020551455154660544,-0.0022752485820075104,-0.0033956539603287464,-0.003237572020860961,-0.003975501634781308,-0.005577820061727104,-0.006514493785903453,-0.007379895097629595,-0.005621031849909525,-0.004584463948285159,-0.00529938887563557,-0.005841921266843457,-0.005669047137986452,-0.005419392811908698,-0.005409791967034413,-0.004555685727640411,-0.004843505209249706,-0.005356988967811709,-0.0060964847998307295,-0.006557746069270205,-0.0060580559628268206,-0.004805124491717472,-0.004944261601968274,-0.005001841241823602,-0.0049490597786611265,-0.004953857978376701,-0.004699585113438289,-0.0044933357572365055,-0.004200822418220992,-0.0037214773860821163,-0.003644803499253421,-0.003525012319095165,-0.0034818910068591565,-0.0038317063989490646,-0.004330284980945512,-0.0046756004444376284,-0.004498131770790148,-0.004167260785875915,-0.006288651139605321,-0.006903831700076946,-0.006567357941855381,-0.007581929877160789,-0.007644472725045752,-0.006596194113951576,-0.00829418747500886,-0.00934424850392921,-0.010212103221671903,-0.010569106520507469,-0.009966134574199705,-0.009647911989282758,-0.010337522290358527,-0.011409049222080768,-0.011409049222080768,-0.011563598277224356,-0.012554245202306158,-0.012375372919056252,-0.011988731379272756,-0.012085377750276717,-0.012099875511580958,-0.011273838389555552,-0.010617359986321994,-0.010265163215654774,-0.010680092973036103,-0.011650542618410068,-0.012409211167398407,-0.012433382045841865,-0.012626770108599535,-0.012230364822516838
2017-11-14,0.0,0.0006609887162629819,0.0023970620575807845,0.0021576142523930053,0.0008127096479246319,0.0009546212959285372,0.0008518597002928553,0.0009546212959285372,0.00013712987199844602,0.0003868538303924831,-0.001043782605772687,-0.001048685563972558,-4.8979511879955896e-05,-5.387759501527302e-05,9.305446386521553e-05,0.0005337211507195815,0.0005386163565999658,0.0008273910971797833,0.0010378015206118985,0.0011111900911088975,0.00044070768572968607,-0.00018123617817615787,-0.0005634092778418286,-0.000627118996780961,-0.0003576056138101269,-0.0007496490964532137,-0.0015979690571015798,-0.0015930634050545327,-0.001235015790706711,-0.0008819984695799318,-0.001441000126816854,-0.00151948151205353,-0.0018727239872465254,-0.002226091286780359,-0.0015930634050545327,-0.0018187483106361483,-0.0019070736620320859,-0.001710805696749879,-0.002137737754790436,-0.0023979121712951424,-0.0023979121712951424,-0.0023586362233897215,-0.002717086445612242,-0.0024961087904644113,-0.0017991215141701792,-0.0018972593488375817,-0.0017647755472419723,-0.0020837477723730253,-0.001838375492320484,-0.0006124163936848353,-0.0010388796716118084,-0.001710805696749879,-0.0016126861576367948,-0.0015734410375172452,-0.0013478114810501554,-0.0009849489823400034,-0.0008819984695799318,-0.0009457284896273973,-0.0005634092778418286,-0.0009065095351017335,-0.0016372151398570108,-0.0013478114810501554,-0.0012399196866067388,-0.00051440456357842,0.0008224973047107996,0.0001175410415488166,-0.0003380074736730957,-0.0004997036175724082,-0.0005291057257055337,-0.0012644395268367335,-0.001828561853324978,-0.002913552030385401,-0.0032378046554966005,-0.002859520146648859,-0.0028349611645682683
2017-11-21,0.0,0.00030017526587558746,0.00045990923654825146,0.0005083084331311259,0.00022271930681109966,8.231508767575111e-05,-0.0001646505054616462,0.0005131482239552073,0.0007647850745962251,0.0007405919749508807,0.0010066838846660541,0.0007454306417047061,0.0007647850745962251,0.0007502692850459489,0.0007841391329009213,0.0008760657948423647,0.0011517950884730604,0.0019543633498505008,0.001935031927105522,0.0019060340922752808,0.001857702498869812,0.0017561985485872562,0.002244289855512796,0.0021138333299647455,0.0021863112785807507,0.0021379932298473403,0.0021379932298473403,0.002326420418998582,0.00201235537596314,0.002036517727637502,0.0017658660353790125,0.001248524193852579,0.0013065571662693259,0.0011034270268619778,0.0012001608107276868,0.0016885235240291499,0.0016933576062424488,0.0018480358998691564,0.0019930250742648628,0.0024520188230978753,0.0024810008301039865,0.002509981997177711,0.0024665099315954115,0.0022201325236405668,0.002263615300843898,0.002249121251858652,0.0016933576062424488,0.0016981916650872881,0.0018673690044280129,0.002051014858414116,0.0019301990130274223,0.0021041692065730364,0.002239458435824215,0.0025969204592909273,0.0024954915186292436,0.00237472936437548,0.0026017501522432604,0.002577601454219096,0.002577601454219096,0.002249121251858652,0.001238851704347048,0.0006050997994167836,-0.0006006209826339083,-0.001002851184883196,-0.00034385980545073125,-0.0003729237995238206,-7.747921381840319e-05,2.9053157595930966e-05,-0.0003680797418504071,-0.00015980745656858324,8.231508767575111e-05,-0.00010653546672617097,-0.0003874561133349099,-0.0002276122755799914,-0.0006151566058126071
2017-11-28,0.0,0.0013487218090427206,0.001117641507610045,0.0001301345930911171,5.7839687681648516e-05,4.82010175217721e-06,0.00033735102657784724,0.0006505036814195283,0.0004770774040132783,0.0005204367931343892,0.0010694930562954825,0.0014016701916023584,0.0017529838918778897,0.002113794131256996,0.0019502429538051135,0.0020608834420829092,0.0018107222792608298,0.0016808062192878214,0.00188770161034824,0.0018588350556178455,0.0015941861349233581,0.0014498026521430085,0.0011513440442104284,0.0014112968690510618,0.0012283741485763916,0.0008190837320555395,0.0005493420081189677,0.0007468386188040207,0.0012139314559766912,0.0012668869757595455,0.0013102121334818647,0.0013535354142164347,0.0013294671566367925,0.0014161101730230704,0.0010983824052762637,0.0008335321284041033,0.000583063702974618,0.0008961394337339946,0.0008576123250923011,0.0008672442414103703,0.0008720601647794489,0.001117641507610045,0.0015701236687600524,0.0013679760907141477,0.0014353631572363854,0.001868457333114864,0.001969485657212833,0.0020608834420829092,0.002262891013244027,0.0024119656686647103,0.0024985149489173118,0.0022821277014563237,0.002113794131256996,0.0025321709794800143,0.0025225550863318827,0.0020849341023949346,0.00011567603012753441,0.00014459294700790138,-0.0007184549189289226,-0.0003374648706994917,-0.0017126059187090193,-0.0013167574945201124,-0.0008052830860408444,-0.0006026957557383983,-0.0007281021207581909,-0.001461561912273271,-0.001027211548794648,-0.0009886117562636267,-0.0009114166407462195,-0.0005882268024945535,-0.00027478421176060686,-0.0003856834358207488,-0.0008197551802255007,-0.0007811633944823031,-0.0013698500130726386
2017-12-05,0.0,0.0005147088049649201,-0.0013920299874698233,-0.0018978017464366251,-0.0028455726950135742,-0.003039207089058831,-0.002398867140991514,-0.0016548010335958403,-0.0020466068417976644,-0.0024087917634838117,-0.0019821219151267442,-0.0012581920352880784,-0.0007527435877007331,-0.0005545982276167577,-0.0003763009659885467,-0.0003267795900765179,-0.00035153997148669827,-0.0010252575805032745,-0.0014961385579300066,-0.0006288981367573838,-0.000500115135935567,-0.0005942241588312821,-0.0007824687783158401,-0.0006734807322149558,-0.0008617402733185691,-0.0006734807322149558,-0.0012879322544755974,-0.001114460109949658,-0.0017738144128237733,-0.0017688552392203189,-0.0013523724304693246,-0.0014019446224626617,-0.001238365713863017,-0.0010748135589466548,-0.0010847250493375904,-0.0008022860629520147,-0.0008221037403209648,-0.000534785850824461,-0.0005149738665544394,-0.0007428353871784453,-0.0006437587810656147,-0.0006784344766264342,-0.0016448838913194327,-0.0015605921526036192,-0.0013325442417240572,-0.001511012095675557,-0.0022301636270925405,-0.001674635613202665,-0.0018333264144281469,-0.002582488603382461,-0.002006923317895356,-0.0011441960547620691,-0.0007527435877007331,-0.0007676060725598058,0.00011385265004347828,0.00042069524220225723,0.00044543651039155525,0.0012714434077720947,0.001775615192740944,0.0016322980935302577,0.002417818862529434,0.0031829846076029318,0.002615337047189407,0.0025313965856155565,0.003444487659550969,0.003252067531811986,0.0022202616567286782,0.002017725008017823,0.002501768858010805,0.0017410232907016058,0.001968319602068255,0.0013900949333250578,0.001306051557005822,0.0012022235159251694,0.0014543586320194797
2017-12-12,0.0,-0.00015061521485056228,-0.0007776125742980271,-0.000602597016912806,-0.00026723612414004375,-4.3724660958514425e-05,9.715906890384342e-05,-0.0005345436825163665,-0.0012833852013830094,-0.0011228719477509065,-0.0010207405629308478,-0.0017066800471555277,-0.0018721543260165744,-0.0015120394746869533,-0.00171154654690137,-0.0019549017347313875,-0.0017504793974722455,-0.0018867563123737005,-0.0016093550253021916,-0.0015996230440653817,-0.00180888151553895,-0.0021350227083583033,-0.0025391959239940065,-0.0026560957409839992,-0.0024515300284062296,-0.0022664828164909944,-0.0021788408242350973,-0.001940298753288983,-0.0023638718174542484,-0.0023541324905390617,-0.0022713520412861784,-0.0018186155334981716,-0.0015947570889635434,-0.0015169050273043728,-0.0020133157930645445,-0.0022080539682043957,-0.0021009432789421594,-0.002290829177563433,-0.0024856214079172893,-0.002563548925624408,-0.0029045532353261746,-0.002914297924470438,-0.002758394292087454,-0.0031287051137801514,-0.002982513407462682,-0.00306535275035036,-0.0031287051137801514,-0.0028119834242241334,-0.003050733544124389,-0.003211556568479826,-0.002758394292087454,-0.002519713949690018,-0.0027340365449829017,-0.0027389080469400334,-0.002690194095254676,-0.002919170304652636,-0.0034747773195937188,-0.003518654181625169,-0.00295815020077612,-0.0029922588563381274,-0.0031823140947593257,-0.002870447571102791,-0.002719422181498964,-0.004625963265677586,-0.005988610821927178,-0.005641667704901411,-0.005573270591232881,-0.005221587883559096,-0.004791921356759344,-0.004996966442986498,-0.005021379373051972,-0.005372991665523952,-0.00524600629797497,-0.005197170065387626,-0.005397413777305265
2017-12-19,0.0,0.0006048909940464906,-8.644287572029718e-05,-0.0005572074444897825,-0.0001680902312316536,0.00012965030449950504,0.0005041012342008003,0.000686475264644431,0.0006384853233269282,0.00010564225700094632,0.00012965030449950504,0.00028328816116967556,0.0005233000669122688,0.00024007989974335586,0.00017766467040699694,0.0002592838019767873,0.00044170248215545107,0.0002688856147992977,0.0007200668533138479,0.00077764980877467,0.00092159269248702,0.0010367320832391073,0.0005952924069582606,0.000585693727736494,0.0007872466456574828,0.0007920450295617699,0.0006048909940464906,0.000614489489002509,0.0008208348494832963,0.0008448257329488368,0.0009359858413485632,0.0010127458033901459,0.0007200668533138479,0.0006240878918285282,0.0007728513557959243,0.0006576815762188608,0.0007104693716927759,0.00039850106514224023,0.00077764980877467,0.0008016417282974323,0.0010799059371598971,0.000950378783050132,0.0006720785240663186,0.000734462903037983,0.0008544219251797871,-0.00013927275631300852,-3.36157859763187e-05,0.00029288974351047287,-2.8813461651359305e-05,3.8416657467437615e-05,0.00029288974351047287,0.0005664960928846105,0.00047530229399972597,0.000734462903037983,0.000993556365256176,0.0017512593148266819,0.0015307214892987034,0.0014492060696528924,0.0014492060696528924,0.001588257785127796,0.001588257785127796,0.0016601734999411632,0.0022928088786477807,0.0025275489769270047,0.003044740828317779,0.0034037445251249515,0.003753051059512411,0.0035233837889598603,0.0037052080610868975,0.0040496265712461335,0.004130930300501506,0.004819355698077457,0.004924490079028527,0.005115615185326362,0.004857587660958915
2017-12-26,0.0,0.00042873067795932095,0.0002763141614295788,0.0003048940278680898,-2.382376134424028e-05,-0.000710191757784775,0.00019056966093394155,0.0006525503278778138,0.00032870995929841084,0.00023820640220880356,-0.0004479817069630595,-0.0005099524234358331,-0.00031451935982966533,-0.0001286550545342445,-0.000338350615475847,-0.000862781977047862,-0.0010153954836392052,-0.0010583222291546315,-0.0010821712173624623,-0.0012920668427634696,-0.0010678617561849636,-0.0009247784051196264,-0.000710191757784775,-0.0007578737001653526,-0.000810326462888177,-0.0008484756548452719,-0.0006148346931844035,-0.0004193811330428965,-0.00036694887193734635,-4.764706863447058e-06,0.00018104204036182108,-9.053331274731659e-05,-0.00022873154164713605,-0.00048135007708815223,-0.0005051853088988527,-0.0007149598497134904,-0.0007674103614757879,-0.00074833712980207,-0.000862781977047862,-0.0008818573917001753,-0.0007149598497134904,-0.0005957643713720138,-0.000576694413230085,-0.00026685855225586975,-0.00030022087904287915,-0.0009867786769867874,-0.0015067784024658305,-0.0015163222085355513,-0.00136363224044711,-0.0012968377099400448,-0.0012109655830255415,-0.0010726315538263128,-0.0010821712173624623,-0.0010630919812944755,-0.0010630919812944755,-0.0006482086314791245,-0.0004861170780010469,-0.0003335843189119834,-0.0006482086314791245,-0.000710191757784775,-0.0010392434480973542,-0.0009009331702309852,-0.000710191757784775,-0.000414614450248939,-0.0004336813177539855,-0.000543322861521309,-0.0004384480914346243,-0.0003812483068714902,-0.000862781977047862,-0.0008913952354799144,0.0012856409976079522,0.002845236389593486,0.0033297371258223245,0.004065539147583864,0.002721698648656654
2018-01-02,0.0,-0.0005970448844629786,-0.0004823846131659134,-0.001428725261250306,-0.0038991626741462343,-0.0038608147046665505,-0.004110102796698477,-0.004057363594438468,-0.003688267037945725,-0.004930315570368503,-0.005698375824047078,-0.005895286252051036,-0.004325883046929715,-0.004330678692483544,-0.003554083877730808,-0.003391171385336599,-0.0031755927114602038,-0.0030127418633178844,-0.00284512898163617,-0.0035924200862846685,-0.0035684597837127995,-0.002691907499684585,-0.0032187047284625465,-0.002720634739334097,-0.0029073819153257636,-0.004057363594438468,-0.004095719102054532,-0.0035924200862846685,-0.0032474471057466654,-0.0033049343388061665,-0.0031420624276232234,-0.003649927154877481,-0.003400753738475097,-0.003242656652162465,-0.003017531215629927,-0.003156432411600885,-0.003132482553023633,-0.0029361153457162204,-0.0021127508982225042,-0.0023041705145321794,-0.0021845289604849666,-0.002548283678948305,-0.0034726243139737963,-0.0033049343388061665,-0.0037505724832221496,-0.0040190095579111665,-0.003889575543909826,-0.003520540900788585,-0.0037937092964247074,-0.0035876279798422975,-0.0035301244936774855,-0.003108533268028482,-0.0033288883279849212,-0.0033432609969178723,-0.0027541508953215213,-0.003405544949477625,-0.004484151494526683,-0.0052950706365890365,-0.004853541980445777,-0.004676025625685757,-0.005631146996300458,-0.005559121124576255,-0.005314271957640442,-0.0055111067586687094,-0.006346885835030156,-0.005371878133038382,-0.004709607384077742,-0.00426354174747708,-0.004023803732030879,-0.003808088647676727,-0.0026631810852658874,-0.0032378662215267117,-0.0032187047284625465,-0.003194753378443536,-0.0031803828437876004
2018-01-09,0.0,-0.00200585815307167,-0.001171949594403787,-0.0013744736094987507,-0.0017325233728181565,-0.0013697632828141206,-0.0013085310548603779,-0.0007293654608829175,-0.0007387801053623035,-0.0006446376489277373,-0.0009365081170040194,-0.0008941345373954831,-0.00034814682738228077,-0.00024933608516276525,-0.00033403040928200984,-0.00021640134065100184,-0.00019287718722537232,0.00014110608378784136,-5.174388658889218e-05,-0.00010819481663292738,-0.00016935358717251958,4.70375736225075e-05,0.000145809277020921,-4.233570805917617e-05,-2.3519616537272254e-05,0.00012699637136698636,0.0002868947891836024,6.58519835797499e-05,0.0001505124481338561,0.0003245142309155051,0.0001881370207466464,0.00016932491139142028,2.3519063377809243e-05,-0.0003246195745879064,-0.0007529022382754221,-0.0009647581676206137,-0.0014639740323302674,-0.0015110827356719524,-0.0016100182368726113,-0.0014733955954619271,-0.0008800104098541892,-0.0010824753028981454,-0.0009270916108101919,-0.0009082588644303513,-0.0008753024116715535,-0.0009647581676206137,-0.0007858546573389804,-0.0007246581718811176,-0.0009647581676206137,-0.0024207157167362597,-0.0024348616223219713,-0.0015016608174635037,-0.0012473025760628073,-0.0014922389880267614,-0.0015205047426537803,-0.001284981196276174,-0.000931799852823282,-0.0007717320590631498,-0.0008894264727159453,-0.00046579139504474113,-0.0006681724321617187,-0.0007340727720431692,-0.0004187319071374826,-0.00039049727736225937,-0.00024933608516276525,-0.0002775667295290282,-0.0002728615667891778,0.00011758978581632223,0.00020224587052320068,0.0004796794704516042,0.0008980354316626447,0.0002962997822945651,0.0001881370207466464,-7.056050919395778e-05,-0.0002963876018770077
2018-01-16,0.0,-0.0009029514090276701,-0.0004141393754499749,-0.00034898248694775085,4.186971540838161e-05,0.0007859277490568114,0.0006325110900313158,0.0007952249719762746,0.0003628126391625031,0.00045117014298087413,0.0005116207792422405,0.0004046671667821626,-0.0004560281885832591,-0.002067752196739763,-0.002109710336508507,-0.0013221234107499754,-0.0015364347500377933,-0.0019279044440982935,-0.0024687575131023946,-0.003686747513760876,-0.003929589513543981,-0.002767284471370541,-0.003019235930056054,-0.002851261237848008,-0.0020164724165789107,-0.002291549288311719,-0.002128358963737073,-0.00174613159906259,-0.001587689919249224,-0.0009914286459879488,-0.0009448607033511616,-0.0006282561909547365,-0.0009262341334800447,-0.000977458035495282,-0.000823794200442129,-0.0004234478489535765,-0.0006096355173512333,-0.00046999151623057625,-0.0005817051570477902,-0.0004281021181984586,-0.0004513737893615252,-0.0007213647602691037,-0.0014479092814355403,-0.0016948683084606114,-0.0018812928723009649,-0.003112567396827734,-0.003415954836581213,-0.003345934180459052,-0.004172490499888649,-0.0036727391974902867,-0.004340687290529638,-0.0052569220041905505,-0.00466314356895384,-0.0038455221475119238,-0.003266583363453969,-0.003098567121488823,-0.0037007560262671386,-0.0039015662729346232,-0.004850122366103028,-0.004789350422153443,-0.004060375020827868,-0.0037894811628570867,-0.0031685704583431368,-0.003299256466724918,-0.003205907575175286,-0.003490648940916866,-0.0038221713555687156,-0.004999730579873002,-0.00550482361190929,-0.005528213728650469,-0.004635099764529403,-0.004878172201311953,-0.0052522452060200535,-0.004373395507537588,-0.003649392439770166
2018-01-23,0.0,0.0012404666289833816,0.0014175506013034999,0.0017353149952996625,0.002243528092725046,0.002057515765469266,0.0021573315600406954,0.003603542083825597,0.003843619090810901,0.0028784314726912155,0.002760551320398803,0.0036352536714690242,0.003907026036610196,0.003902497102381616,0.003730382401096763,0.003902497102381616,0.004088166588587787,0.004337181284005433,0.0041515580307643725,0.004350762120539739,0.004214945454720736,0.004427716710579611,0.004124390761888126,0.004065525813910198,0.003925141568414849,0.0039885433454971515,0.003830031365056232,0.003916083843534084,0.004128918691288899,0.004319073215049335,0.004337181284005433,0.004423190133916349,0.005038616539747008,0.005092900690145539,0.005350710170368658,0.005680790183855878,0.005961046575083981,0.006290925223403774,0.006846502122985775,0.006986476882604634,0.007162546335686512,0.007889069188808604,0.007252826339178414,0.006313515669905005,0.005499937917057874,0.005355232550497346,0.006101145322333142,0.005988163993507303,0.006263816013951948,0.006485186387819706,0.006733604978937771,0.006173446674400007,0.005368799568173175,0.005070282652259486,0.0045001391507044144,0.005350710170368658,0.00575312193345668,0.005459241649126164,0.005852569547247927,0.005296440013514575,0.004767151577419662,0.004690223105022918,0.005034092727530425,0.005255735462966388,0.005703394417629702,0.005961046575083981,0.006476151821569131,0.005942967887596123,0.005929408657488943,0.005893249811675429,0.006769733451791307,0.007591303780632284,0.007830425438298151,0.008191255531834273,0.007537155088309963
2018-01-30,0.0,-0.00032482180200766925,0.0005095771296613787,0.0003878433702598486,-0.0004737337299027891,-0.002162953838541085,-0.0026331910004627783,-0.0020047506646554956,-0.0022759714309797787,-0.0038188080674222942,-0.0037327809144831153,-0.0034837966557924403,-0.0033842203078083945,-0.0029000584978116483,-0.002646758815795949,-0.003194147536518241,-0.0034475859274549765,-0.00304030555907403,-0.0029181537876082487,-0.0027598311030295484,-0.0030176837348944116,-0.003311807373016341,-0.002805063598061676,-0.002578921579911186,-0.0026558041282889644,-0.002434217522066369,-0.002185556335213825,-0.0020273495857839577,-0.0024296958576418433,-0.002691986196459898,-0.002927201555297959,-0.002728169573820258,-0.002601533480555453,-0.0030222080587907216,-0.0032484503562055073,-0.00399541330762282,-0.004049759656920305,-0.0038459760743789245,-0.004403082937805157,-0.003714670877900306,-0.0031353228093009855,-0.003180572292333353,-0.0031307979736091194,-0.003180572292333353,-0.003230349088663824,-0.00336611658251401,-0.003176047251890842,-0.0028141103425907395,-0.00276435426046479,-0.0032258238229740887,-0.003388746290342813,-0.0036693972212751584,-0.0032710774014085156,-0.00272364658005072,-0.0024387392069367703,-0.0031307979736091194,-0.0026422361902309413,-0.0026151008663691253,-0.0030176837348944116,-0.0033072817386920464,-0.003945598415224174,-0.0036558155239702628,-0.0031443725421077067,-0.003230349088663824,-0.003139847665467194,-0.004090521357232376,-0.0038278639877301662,-0.0032801283628469766,-0.003375168404192982,-0.004452920625528159,-0.0045616660209474,-0.003977298514176439,-0.0035019025116794157,-0.003157947294877705,-0.0032575011128488447
2018-02-06,0.0,0.00559122574448168,0.008121955645557342,0.011016704015403962,0.008290764985455558,0.008011008275499228,0.006248672072686034,0.0067269826309682805,0.005799141534500756,0.005223640917726629,0.0038343046951942517,0.0027243540443197063,0.0012878301844286859,0.003277059892830433,0.004884956365278185,0.0039941524042629885,0.004207242944333698,0.005721782569525057,0.005542867038938069,0.00591516876235369,0.005963509467654011,0.006751133661856216,0.006577233219421128,0.007291963946081774,0.007682917951220623,0.007846976568767476,0.007021585366143202,0.007871100566115013,0.007967590736253834,0.007668440898555128,0.006374311140802576,0.006379143097430989,0.0066303726742709766,0.006968466696608232,0.006548246871988464,0.006736643113316331,0.007040900546426608,0.006765624000423147,0.007277481232407267,0.007262998308980507,0.008083366652098285,0.010458636070582724,0.01056450047762428,0.01091088747233178,0.011867639013494722,0.011112891157181053,0.011963744345011988,0.010299818443417421,0.009259661555630542,0.009948404963334661,0.010501945591706247,0.011237920611398094,0.01147831794126079,0.012962692650867145,0.014090112825410471,0.015096520371190069,0.01730227872309837,0.01913113552915219,0.021599319618275402,0.021380383551491702,0.02077568065882203,0.024441135159145443,0.02741684835085494,0.022864402088687633,0.02380979054032447,0.02456450934847261,0.024659402214498187,0.023168544125362213,0.02331582967667823,0.02029927919583436,0.019641472243214816,0.018367528978483996,0.018801901710525263,0.019903693545192058,0.022255840367454767
2018-02-20,0.0,0.0010372268862474357,0.002073379047518705,0.0022708490242955206,0.003926135973736514,0.004709516806551782,0.004493307341980971,0.0038059312408911575,0.003935751728188904,0.005012131544277252,0.0052282288753558335,0.005497084799007088,0.004925679534694479,0.005079366829380186,0.00508897150109258,0.0038876720312740532,0.00415688856471808,0.0046038202420721685,0.0031998793616175,0.002997780419061951,0.0027619466855633135,0.00378669714268126,0.0029255923257346045,0.0023093752052479027,0.0015337500293647395,0.00167350334090222,0.0018999586181575572,0.002656044058116432,0.003257614415471472,0.002612717023243318,0.0028582120700493957,0.0034644709900389383,0.0031950679566632983,0.0028630250960227886,0.002155261575037132,0.002381607794215791,0.00236234628064546,0.00280526725537987,0.002612717023243318,0.0033009135184650404,0.004757557006600412,0.00484882702902481,0.005463481761289209,0.004964103572777427,0.004363559221344756,0.004137661215736298,0.00386363131591726,0.003695330123707247,0.002867838098831074,0.002954468188403228,0.0033634533575657146,0.003661666485963174,0.002526057321394752,0.0033249677656044556,0.0035558591033950492,0.003858823103490537,0.004281857322691258,0.004402004864016243,0.0038395900225907985,0.0035173809157127223,0.004070362582834558,0.00378669714268126,0.003733801464966992,0.00445967055678963,0.004824809409698009,0.00485363048366951,0.0037818885603233482,0.0005404570854221505,-0.0003331056337720325,-0.0006131933320266394,-0.000352419508377412,-0.0008498802953028291,-0.0010238084634079203,-0.00011585024438038565,-0.0006131933320266394
2018-02-27,0.0,0.0009755615554182055,0.001385296293233143,-0.0007358352061231273,-0.002970240770831593,-0.002700713647442278,-0.0013022309619688955,-0.002043750165633342,-0.0015194344210795723,-0.0019965032437614843,-0.002700713647442278,-0.0036088844081127113,-0.0036893351214464065,-0.005939843619984459,-0.004802111565863197,-0.0049016114605227165,-0.004162705670543659,-0.0039212586918369674,-0.003500049626301908,-0.0030553696939075014,-0.003353378007233697,-0.003391226688211617,-0.0032682237123308018,-0.003079017903148029,-0.0030317220438916613,-0.0030080749530739482,-0.002922950055881834,-0.003211458210603121,-0.003571027488336534,-0.004020670975963454,-0.0042526714125966395,-0.0038786564523728777,-0.004333173937814994,-0.004669460438133885,-0.004982166246112823,-0.005223869544643733,-0.005854468800761138,-0.0057169358104112835,-0.005773843719203276,-0.006110615128122066,-0.00566477307214009,-0.005356594240638299,-0.004996382470141773,-0.004882658336336463,-0.005039032354875114,-0.005674257003988609,-0.005612613054678459,-0.0054561493243114,-0.0051717325190493236,-0.004996382470141773,-0.004110623940092588,-0.004011202713578912,-0.004603141472306596,-0.004418418969975539,-0.0048589674362469176,-0.006020482086948454,-0.006300395457960543,-0.0056979672271267,-0.005399259491457226,-0.005157513802003948,-0.0052570490671935005,-0.005731162484001813,-0.005920870808023462,-0.005100640955455244,-0.005185951438269489,-0.005181211776065325,-0.005550972905110452,-0.005361334734171193,-0.0048400151202734835,-0.004802111565863197,-0.00461735230901719,-0.004977427549680713,-0.005465631277783509,-0.005200170559670192,-0.005067466621960052
2018-03-06,0.0,0.0006238632694099876,0.001415129648546148,0.0015301707998513707,0.001017176942130217,0.0010843125993416536,0.0011226738084914871,0.000777369937657249,0.0005039197866353078,7.200408986348433e-05,-0.0009221105457002468,-0.001277734453141405,-0.0007923873603817052,-0.000744346006374896,-0.0020086021024698546,-0.0025474781740165093,-0.0025619163485503522,-0.0016334848739385037,-0.0009893810452091417,-0.0013258014393026094,-0.0018546908320132241,-0.002730377122857602,-0.0023790482055959057,-0.0020278426769939116,-0.0020470836217249106,-0.0022635697638492534,-0.0022106466010524154,-0.0031974024927490866,-0.0035731069430045286,-0.0033129888286465643,-0.003505662416102251,-0.0029518258800388577,-0.003067383832480541,-0.0031492454622948566,-0.0024319802817247545,-0.0020567042329225353,-0.001849881486492884,-0.0014027134231889733,-0.001604635530018748,-0.0014315569422926227,-0.0013594497043772366,-0.0014027134231889733,-0.0020855666218643895,-0.002119240461863949,-0.0026437366087361555,-0.0025667291197198306,-0.0024464167887639087,-0.001849881486492884,-0.0016719519605424258,-0.0018354535887095769,-0.00193164350615659,-0.0017056118751936002,-0.001792171144302794,-0.0022058355433174142,-0.002436792427580798,-0.0022443246533095365,-0.0021481046558332545,-0.0018546908320132241,-0.0031685079961856037,-0.005603388238694659,-0.006931810630778126,-0.006781972914411332,-0.006714311626791147,-0.006163525776759548,-0.007357278773017438,-0.008155519782581087,-0.010015715058124536,-0.011053889904318827,-0.012029980617416806,-0.014710627815515204,-0.016173172318181474,-0.015056570183018592,-0.017193343980970357,-0.016905247491069142,-0.01924660229326808
2018-03-13,0.0,0.003777379648275888,0.003686237031604223,0.002975999504087812,0.0024141707126313088,0.003048006013507469,0.003906883815373362,0.004717103170242674,0.004856068929782459,0.005627217476351713,0.005435683286913427,0.006129820251247112,0.006373850483497353,0.006646519701549721,0.007569216431679239,0.00760744455802808,0.008300076179750199,0.007765120133691371,0.007029087982697892,0.006531720671475648,0.007177293855268407,0.006966930595391896,0.0070004004378716855,0.0068139113337937745,0.006450396717460033,0.0061346057301897355,0.006254235261599915,0.005842649598114211,0.005890517100875796,0.006354713009452075,0.006665651592020345,0.007110364890777745,0.006708697007331475,0.006727827708280835,0.006584338529510217,0.0065221534907323395,0.006297298389760192,0.00591923650274809,0.006187244487161773,0.006440828758640398,0.006856950367813356,0.0069047693443049386,0.006885642028106017,0.006823475723657564,0.00720597632597835,0.007134268606611541,0.006603471609649822,0.006670434507446371,0.0071964155938173515,0.006670434507446371,0.0068378221369349125,0.00666086865371771,0.006861732368363214,0.007177293855268407,0.007573995027393465,0.004520601380725241,0.0005054382859160597,0.0012607126138697966,-0.0006261348899069065,-0.00012038011238783863,0.0003225472595801491,0.0015492018936859523,0.0015684315535137551,0.0009192260860425197,0.0005150632029012822,-0.0005153286297217243,9.147919456540237e-05,0.0005631863982908066,0.0029183905631641294,0.0033839678514030586,0.004650009339495062,0.002438186947607338,0.0025006264593506813,0.0033887664885900244,0.0033839678514030586
2018-03-20,0.0,0.0004128172347650427,0.00037800790287686304,0.0030547873360578684,0.004209696447190772,0.0037885321943414755,0.004348394076674382,0.005021794775522078,0.005259357384284815,0.005150481527398687,0.005328635849101869,0.00605082540082796,0.006169491592969293,0.006105215820216355,0.006174435712063095,0.006945419099978617,0.0072368541231455285,0.007167707735275984,0.006915776881552609,0.007291180073924891,0.007602262767644403,0.006540232708697524,0.005897527391671276,0.006060714788032307,0.006569886061011166,0.00719734248696362,0.008164928435699496,0.008781522733732986,0.008865350197138277,0.009200589797990695,0.008993543315315704,0.008776591487631671,0.009313954232731519,0.009358310730842537,0.009451945766184296,0.009511079166224175,0.009461801575691214,0.00802675917813941,0.008085976911894027,0.00808104223468374,0.009092142224891759,0.00836721326823392,0.00847573948235417,0.008421477847536328,0.007296118650380089,0.00719734248696362,0.007385008856219418,0.007389946969317104,0.005759044471834323,0.004858437738554507,0.005026744572209261,0.005388013570598196,0.005328635849101869,0.00699976088511954,0.006169491592969293,0.005843125674541934,0.006164547449430836,0.005031694344396079,0.005679902763618123,0.006466095480654546,0.006164547449430836,0.00619915594087471,0.006718139634193766,0.006910836426388613,0.006797199220456884,0.004452404675943461,0.00473961585736535,0.003957019181597871,0.004090797451747248,0.005392961554913168,0.006653899117678088,0.00648586594555774,0.006332634617854449,0.007799725373805106,0.008209335928731102
2018-03-27,0.0,2.9518842863333027e-05,0.000998237186333738,0.0024225639417036417,0.002137860840934765,0.0031879151575077264,0.002270405126874554,0.0012243002982196996,0.0010768736304343975,-0.00018697290915430196,-0.00011808408584667383,-0.0008416535296262193,-5.9040299941866134e-05,0.00043285572315914346,-0.00015744854663241064,-0.0004674978371101233,-0.00027063000369381544,-0.0006644044351018884,-0.0003936678576751327,1.4759530351927008e-05,7.871497802496408e-05,0.000482032020193974,0.00043285572315914346,-0.0005068760550539169,-0.00040351153999991344,-0.00034937248628814726,-0.001634735532029067,-0.0020931379828975022,-0.001634735532029067,-0.002255847440866911,-0.0017727270654817235,-0.0010681842131908261,-0.0007087137634535356,-0.0005708689666302796,-0.0003050790768941813,0.0005312058990395316,0.0005852943730445292,0.001204644664914749,0.0010670444130857326,0.00023120761809119824,0.0007967030686293079,0.0013913575845170103,0.0013913575845170103,0.001278351297808027,0.0010670444130857326,0.001150589681154732,0.0008851864633032486,0.0011309325989532829,0.0004967844377465829,-0.00034445089947010685,-5.9040299941866134e-05,1.4759530351927008e-05,0.002020028947632473,0.0019807485642510335,0.002108404169241696,0.0020642175347097805,0.0014797883801078333,0.0021722258612748247,0.002285131185371548,0.0025305335728958984,0.002270405126874554,0.002672839368662168,0.003143776198248209,0.0033497413418280024,0.0031584894011410054,0.0025305335728958984,0.0008311142080098353,0.0005115366376685787,0.0012390417696646447,0.0017155656110140899,0.002078946629828003,0.001691008076392939,0.0016418911978590641,0.001607507947410587,0.0016468029942748339
2018-04-03,0.0,0.0028675998248925863,0.00304869318880517,0.003210181228030591,0.0027109520861740544,0.001961640756348643,0.0025053146829434976,0.0019420433843557196,0.0018538504573713907,0.002417171420704392,0.002872494671353691,0.0025983463651948805,0.0016676398428281374,0.0018832489639291955,0.0012804067653440867,0.0014519842244085511,0.0007360662988252825,0.0005005840251370609,0.00034847224722140996,-0.00027002678338792704,-0.0013951045889247144,-0.0011591755434904277,-0.001311540019270441,-0.0013213707826785037,-0.00035350436111334055,-0.00032404089090375685,-0.0004418999806769928,-0.0003142199270742366,1.4726636804718123e-05,9.817781966717021e-06,0.00023069239725461704,0.0006232379621141553,0.0006673896969167483,-0.00021110562969460712,-0.0007513461972192212,-0.0008053863097339535,-6.381793236968562e-05,7.363101538041867e-05,4.908794597376848e-05,0.0001668891859682157,0.0008243578572287697,0.001177446157491113,0.0008145480690220783,0.0011087998624029639,0.0012362820886112945,0.0011529301644819959,0.0011921554648057133,0.001295114558268343,0.0005643659498519104,0.0006624840448695406,0.0007605925136713209,0.0006036143431258316,0.00024541563715281013,0.000397543090808051,0.0005251160160811523,0.0002895840562495338,0.0005251160160811523,0.0013637480651733673,0.0008292627152453721,0.001398063052247128,0.001701944403622871,0.0013294319005406386,0.0015255084102225797,0.0016676398428281374,0.001995935233226516,0.00238289138710659,0.0027109520861740544,0.003112312802264124,0.002681577903141366,0.0035966678978285203,0.004804087564139288,0.0054292218906959976,0.005468279813600605,0.006185697725645861,0.005609851997343922
2018-04-10,0.0,-8.170150599647666e-05,0.0006965946413299816,0.0009558921386414425,0.0013063170924837986,0.0006821872532211366,0.0005765267307756804,0.0010951167537780668,0.0014886814954578034,0.0011479210203750537,0.000984698821793651,0.0009750966862788041,0.000984698821793651,0.00013455263671375978,-0.00010573263111090995,-0.0005047336915938231,-0.00045184488069015754,-0.000514350139566566,-0.001360959903056038,-0.0021601241930988726,-0.001322462087802295,-0.0004662688244372228,-0.0009231346845469234,-0.0004374211449904668,-0.0002883880569655051,-0.0006586079573882595,-0.001360959903056038,-0.001370584588449265,-0.0012743419028190693,-0.0011059394880116255,-0.0009664275390678575,-0.0009231346845469234,-0.0004037665707296986,-0.00030280964319599817,-0.00024031760490165712,-0.00034126822330985345,-0.000706698521547996,-0.00039895886686509943,-0.0003268460824389652,-0.00017782947161824644,-0.0004903091930252309,-0.0003124241495632245,-0.0002980024246767431,-0.0008125059041161915,-0.0007932673654751025,-0.000639372379262364,-0.0006730348838039452,-0.0007932673654751025,-0.0005864764471876647,-4.3252906962452466e-05,-0.0006441812391056658,-0.001360959903056038,-0.00102896497134941,-0.0008654137938974384,-0.000442229033774532,-5.286491813173991e-05,-5.286491813173991e-05,0.00024025986622588493,0.0004900689077297437,0.000610147198919938,0.00019701735017745335,0.0008502605335668368,0.0007974405464714667,0.0011047177369188704,0.000658174478423761,7.208402116633833e-05,-8.65076848198986e-05,0.00023545523456103347,0.00019701735017745335,-0.0006201371711367059,-0.0007932673654751025,-0.0006537990281684467,-0.00034126822330985345,-0.00012976433373408465,-0.0004374211449904668
2018-04-17,0.0,-0.00043688237637087894,-0.0011686129041261289,-0.0009832538893250694,-8.071389066698451e-05,-1.8990917594299422e-05,0.000868449018968725,0.00034652090983313733,0.0005885396318743902,0.0006976661689468459,0.0007640851875827808,0.00123837849945256,0.0013521754289550704,0.0008731925707029178,0.0008589618479955129,0.0013569166866683358,0.0017408839261815314,0.0012099272435649629,0.0006359874155973175,0.0006407320701509347,0.0009822880507009322,0.000512618494918848,-0.0001376923243453508,-0.0003228946584242005,0.00011868506457344696,-0.0002801526137806822,-0.0006648967992709851,-0.001049789069826363,-0.0017581879042061408,-0.0016345385356115864,-0.0009737492249108471,-0.0009072191033739438,-0.0008739557023782218,-0.0008977151616140489,-0.0016963613087631261,-0.0016440494827118597,-0.0015061496025612535,-0.0017724561229383103,-0.0017391639292412726,-0.002390941234784281,-0.002528963190012847,-0.0029621902863358842,-0.0033908413280915846,-0.0026289220165796167,-0.002500405360406021,-0.002481367260407758,-0.002029318878775392,-0.0019484475616467916,-0.0016583160729731637,-0.0010212734503937302,-0.0008121837501510376,-0.0007124063486993579,-0.00016143429659210202,-0.00022791481782394427,-0.00020417126716477477,-0.0005936367070302663,-8.546196947576124e-05,0.0004699103222290199,0.00046041936947956754,0.0005885396318743902,0.0004699103222290199,0.0009063968028226157,0.001062916191388418,0.0013474341487617301,0.0012004433117163368,0.001579730446102808,0.0017314050285776059,0.001745623341290588,0.0013189859955192683,0.0013332101733026772,0.00220050264028033,0.0015038845270508798,0.0010439454490155382,0.0011008565965017804,0.0011198262592691261
2018-04-24,0.0,0.0018280115904756008,0.0019554226683333132,0.0012662655368392444,0.0008931673297583374,0.00111515392173521,0.0017902570422278293,0.002096971495837653,0.001351255786620152,0.0013276481084578049,0.0011529339663202095,0.0014645648845176297,0.0019648598802034663,0.001639224593563381,0.001469285818318434,0.0015495382831743152,0.0016203439334948066,0.002295106199779124,0.002714833383275843,0.0024271741961220997,0.002493201654136266,0.002700688144680748,0.00205922710087577,0.0022668036454718352,0.0021111252766666407,0.002219630941476511,0.002309257176550358,0.002596950280738967,0.0024507559315974383,0.002219630941476511,0.0022620864752078344,0.0025026337922605243,0.0024083084073429953,0.0021441499862290794,0.0021111252766666407,0.001894078620220284,0.0017336225470858705,0.0015448177282259986,0.001469285818318434,0.0008128621701087015,0.00019382364472758298,-0.0005958883878779096,-0.0004870886148307988,0.000699479200109371,0.0003592531355111677,0.0004868514750155189,0.0007089282719743153,0.0005860833729541367,0.0013323696886763708,0.0013559772553747506,0.001469285818318434,0.0019884525202445795,0.002365859081219752,0.0027336933901602207,0.003153236565656343,0.0032899036331117825,0.003417128597648384,0.0026205280129866218,0.002639389798538026,0.0029835549068939074,0.0027902712767083307,0.003082539373483695,0.003539626230299361,0.004443759877627731,0.004792009924678351,0.004048301988738419,0.004773188698098543,0.005093101383483122,0.0052153938979224886,0.003586736709091881,0.0033370258776472643,0.003068399335258397,0.002959985732544557,0.0032710541135382173,0.0032710541135382173
2018-05-08,0.0,0.0001212302069857881,0.0010952010322362123,0.0009042097636833085,0.0004475461956354179,-0.00036377882648767066,-0.00040576182338009965,-0.0014045437659169636,-0.0006436987712116654,-0.00014922658685869591,0.00024244571899017007,0.00032635554394757135,0.0003450012155885858,0.0005314388131342881,0.0005920235490617015,0.0004708504064742557,0.001220955852421401,0.0012535563726352996,0.0013653215169286818,0.0010905431425864151,0.0008343257943388081,0.0009973807931509782,0.0006199844969394352,0.0008622799681315059,0.0009834056921221939,0.0011138323738797374,0.0009647719202737045,0.001248899220530301,0.001220955852421401,0.0011697243161392825,0.001183696813606995,0.0012302703952170614,0.0011371210627976187,0.0013001267008248946,0.0009368206114518482,0.0008483029789145252,0.0007690963497442498,0.0010858852312403593,0.0011138323738797374,0.0007364800317974159,0.0004149193880492682,0.0004242414416974589,0.00031237106206074314,0.00015852885258319343,-0.0014325613796587462,-0.00311037883511374,-0.002638061971870135,-0.0018155474613950776,-0.0017361358546462947,-0.001661401279127177,-0.0014559099907677131,-0.001306488299129504,-0.002371605352469421,-0.0019323406931264482,-0.001876278239538482,-0.0015866722884475704,-0.0014885989622121017,-0.0013718575419902194,-0.0009236970930510554,-0.0004477465829184471,-0.0009376990673296579,-0.0008116883562525968,-0.0004617418944894109,-0.001306488299129504,-0.001306488299129504,-0.0010077118797029183,-0.0015026088485221038,-0.0011150743799520713,-0.0006343668438887215,-0.0008303556078269851,-0.0004524116650123119,-0.0009096953148251026,-0.0009236970930510554,-0.0006763612026527013,-0.0012457921138661475
2018-05-15,0.0,0.0005836657150922425,0.0056509203143484754,0.003912378913519232,0.005314515556348136,0.0060655101987660415,0.00671929156442286,0.007542815880777455,0.009109778569029994,0.009477039130751349,0.009926749579872628,0.011462499614104994,0.011095967643832402,0.011091385143941207,0.010798061463742428,0.00996345170997658,0.009063861513590859,0.009490808778317502,0.010064375622607128,0.01062844445395877,0.010339570898323719,0.009903810064491935,0.00995427630373536,0.009692741829018695,0.009536706234229577,0.009247517086446706,0.009288834942423106,0.00965602976175811,0.009302607181720417,0.00948621891686222,0.009330151091304816,0.008907727752562355,0.008751569609975685,0.008218611172712042,0.0068757673616180025,0.006627235539060856,0.007202446714937707,0.006769918766429326,0.006664058966129271,0.007441637148460613,0.007142640166102499,0.007230048531138876,0.007611795511119863,0.007712957029364669,0.0065858075627425496,0.005660135290527871,0.005512685480793482,0.0045445062274717535,0.0043553713345187576,0.005388257790402663,0.004530668301868768,0.0043461443270678395,0.004793556149431899,0.004752052136218465,0.003986224612964002,0.0032567592602293,0.002646924266369723,0.0032013350804929288,0.004087753546489592,0.0018748573309645216,0.0004956744400650752,0.00047251755447978575,-0.0008529496813276848,-0.0005098281062789551,0.000398411916859583,0.0010003613249830341,0.000824444357337924,0.0008105548575681905,0.0006670187290465173,0.001342847686728922,0.0016759651137010867,0.0008475930949226641,0.00020849115030604297,0.00010193443771115838,0.0002640814498129187
2018-05-22,0.0,-0.0003093168642801339,-0.001252133670545062,-0.0017048110265389113,-0.0013664749221346912,-0.0002046142908807304,0.0020011081690763897,0.0023856605619570013,0.002974071726478192,0.0033772181713251797,0.0034246364814403533,0.0029503521675658746,0.0026561828852578553,0.0034815354857229367,0.003780202154609998,0.004121426299528585,0.004301469889515867,0.003860779467400145,0.0035147250765221634,0.002708380524512757,0.0027558305596347096,0.002789044244624846,0.0013028388510153948,-4.282278267845349e-05,8.564006437758903e-05,0.0008941013688510566,0.0015023941284894018,0.0012458157423851483,0.0007086885990851068,0.0009131161195444891,0.0008703324220280793,0.0009939247765725025,0.00028543836390231784,0.0007657423437280512,0.0008608246851073054,0.0011270071547607426,0.000989171506917016,0.0010224439200492857,0.0016829098338457837,0.0023097113150047062,0.0025233038714042055,0.002926632046022958,0.0028080229979113433,0.0028080229979113433,0.002442618711971717,0.0026704188752643275,0.0026561828852578553,0.0018396470404921602,0.0017019095915994536,0.0018966362980325695,0.0015118957675219894,0.0011840370384352658,0.0016496593891181161,0.001944124865168982,0.0022005241657487924,0.0021672909277604584,0.0018681420752342992,0.001573654220730041,0.0015499014208677395,0.002205271681018111,0.0013456040487039495,0.0015451507931909356,0.0012600718243864916,0.00039007868667055557,0.000784759535269787,0.0013693617016391412,0.0015594026085160501,0.0017541570641399927,0.00205334001199379,0.0018016523977324203,0.0018776402397140896,0.0025660169086160383,0.002475842801337987,0.002974071726478192,0.002632455784874376
2018-05-29,0.0,-7.970312932776716e-05,0.0005249442367309186,0.00015469970708231547,0.0007826284999733209,0.0014944289636632118,0.002378790561400255,0.002397498760269035,0.0006608223963999997,0.001147957815624901,0.001026196205973566,0.0014007999498358479,0.0018220614939512536,0.001976479607034623,0.0019437262422084768,0.0024162066091474362,0.0026734040470081984,0.0032203132059428624,0.0031221720461629063,0.0028791143795350283,0.00285574033640892,0.003271716636432375,0.002724835597470546,0.0028043155183129368,0.003131519238266396,0.0031548868362888467,0.003729557876303138,0.004317903055769766,0.003785605666400395,0.0037949466593477214,0.003355825641752821,0.003360498156850748,0.0025658568021013255,0.0014757038621959404,0.0013352544237627672,0.0003749882860103784,-0.00014065686780350973,0.0005390014542923684,0.0009231555704025859,0.0003843611917517498,7.9696777245109e-05,6.563310160970908e-05,0.000646766891209768,0.0009465748289967021,0.0006608223963999997,0.0002812543964540456,-0.0010366365125431718,-0.0016281413932739172,-0.001355817908855377,-0.0011492771374423086,-0.0009240085741255242,-0.0020508591931694695,-0.0008958535714488179,-0.0005111479603238055,-0.0009240085741255242,-0.0014919703810545438,-0.002177709385611614,-0.0027604873730983407,-0.002379763287701461,-0.0026805702987728205,-0.0028263062302247223,-0.002332770364826906,-0.0023186729185791666,-0.003908236687674222,-0.004379006593458446,-0.004590925377555134,-0.003701168119001734,-0.0036588184661450166,-0.0031648716565244902,-0.0030567063516161812,-0.00324953092652998,-0.0035317802674698757,-0.0031648716565244902,-0.00324953092652998,-0.0035835346224927225
2018-06-05,0.0,0.0006130427388456863,0.0006507561733183364,-0.0009249908632380204,-9.434763335957176e-05,-0.0006464597119769149,0.00019338482461051803,-0.00041991531538606566,-9.906524869948791e-05,-0.0003632872344493143,-0.0002641958083719782,-0.0005426204927545747,-0.0016476451612994453,-0.0019500869081265138,-0.0012649984222369128,-0.0008919407379985451,-0.001515355654971638,-0.0013925310672242223,-0.0021627960433678187,-0.0026782124426549033,-0.003146573259351954,-0.0032506832374407787,-0.0024559360954899113,-0.0028011950549605485,-0.002616726807808199,-0.002437021240708263,-0.0023282677681734417,-0.0010430359424298445,-0.0009627637725119702,-0.00015096048637951043,0.0009052846606723214,0.0009194232328180402,0.0004480297378040773,0.0005140382057714802,-0.00020285841731488348,-4.717170264020197e-06,0.0006884681855414847,0.0007026098234732483,0.00016508694223372607,-0.0008069597170421011,-0.0010052600009779638,-0.001302784177011958,-0.0017279723291720509,-0.0009438771395257999,-0.0009249908632380204,9.905543574788045e-05,-1.886881456738904e-05,-0.0005143025769512953,-0.000688942500553642,-0.0012508291322834157,-0.0014964585825999084,-0.0010902578760823417,-0.0016854453777101718,-0.0013500183783612299,-0.0012413830505180652,-0.0022100708851240736,-0.002304627273896895,-0.0029099999749426,-0.003615153540696054,-0.004159739775176771,-0.003316940685512168,-0.0034778699101333447,-0.004443989499947201,-0.004595622396994746,-0.0040176452062658,-0.004121845915872149,-0.00286269203334964,-0.001978445512128969,-0.0020918879709266986,-0.0016665450908976522,-0.0014067023651500126,-0.001104424891021691,-0.00118943119570711,-0.0009769289813426822,-0.0005614995488023264
2018-06-12,0.0,0.0003749713607483084,0.00010185798228142979,-0.00040290369062963993,-0.000870846165410611,-0.0002871101457587596,7.870935186908593e-05,0.00032868620716584884,0.00027314119486229895,0.0010319894477529051,0.0011244925351095183,0.0013464650391770672,0.0024047811215313596,0.002635705605632937,0.0029773760078340415,0.0031435518407112333,0.00315739858038136,0.002871193655702805,0.0022985379492874176,0.0020906382208872015,0.0023632090505664597,0.0022985379492874176,0.002635705605632937,0.0031666296336442597,0.0030235387314429883,0.0030881629646297474,0.0032173989034777867,0.0027788520100168303,0.0025664338594724684,0.0027927038004763286,0.0027465304194222414,0.0029912250486727045,0.003212783621818627,0.0036326870502013777,0.004075471061863409,0.0039694052502336555,0.004024745338146441,0.004130805280558517,0.0043567215680089064,0.004642501703625014,0.004785361150909973,0.003918674145829806,0.003918674145829806,0.002931211153129666,0.0015498965597430289,0.0016377291970207186,0.002515631529020208,0.0024232570427874874,0.002788086558309066,0.0032912405132585663,0.0032820106102185325,0.00340660711383268,0.0036003930455806212,0.0029912250486727045,0.003148167441904886,0.003111242035836659,0.002806555399066386,0.003245090146124148,0.0038079791657340246,0.0036603667955493447,0.0031204735151811676,0.0031250892228961505,0.003115857786161329,0.003258935479900682,0.0034988908124441356,0.004186136437547061,0.0037387885802388867,0.004052414233697983,0.0040155222028336575,0.0031989376490350442,0.0032820106102185325,0.0034204502115489496,0.0034619783549469894,0.004020133781123328,0.004683979129542136
2018-06-19,0.0,-2.323231149985219e-05,-0.0009343644561434679,-0.001306493831213638,-0.0007018538991167753,-0.0004926406100554364,-0.000785551471936134,-0.0013111463248339764,-0.0013204513770121355,-0.0005995663781052332,-0.0004182642096530012,-0.0005530755089036196,-0.0009715711626567678,-0.001004128166484967,-0.0017671957349875715,-0.0017253049721273825,-0.0019114995739528604,-0.001925465566760675,-0.001925465566760675,-0.0017346138788894518,-0.0021722302732104454,-0.0019068442863608723,-0.0022933069241918573,-0.0024749493917686546,-0.002381795286865652,-0.0027637822760027356,-0.002717190683913065,-0.002959490671119527,-0.0029781315636460254,-0.003351022404174562,-0.0034116303014020324,-0.002558795506249087,-0.002554137204339923,-0.0027777601769415415,-0.002842992964827621,-0.003215833407420529,-0.0033183889040188895,-0.0029548305022816515,-0.0030620198803829345,-0.0036774159911068653,-0.003924613449496643,-0.004031906834029408,-0.004419191761588352,-0.004162540407043567,-0.0044751971754595134,-0.004806626736875175,-0.0046945819188307526,-0.004386523385273655,-0.004321189834138493,-0.00413454606189931,-0.003271771465359047,-0.0031971880834342653,-0.003122610263775382,-0.003103966677867727,-0.002875610954583791,-0.002922209928482879,-0.003159898478373537,-0.003103966677867727,-0.0035002176824207327,-0.0039059549055157797,-0.003831324210809097,-0.004391190230836027,-0.004759939870349166,-0.004652568348441452,-0.0042278635935316935,-0.003975926240620649,-0.003434942009242202,-0.0031459152349599256,-0.0026612836386789487,-0.004722591946422498,-0.005110144510170751,-0.004909345516292893,-0.004904676251958765,-0.005539896428480197,-0.005371710638848579
2018-06-26,0.0,0.0010196932026321148,0.0013733164486699552,0.001852369514120405,0.0026936450489234405,0.0032370766235948027,0.003046676946234646,0.0036038421043966757,0.003246363485471341,0.002828369294149017,0.0028841119489071945,0.0022382356605489167,0.0023126023814753387,0.0021917536514021205,0.0025542560371981902,0.0030698983600946153,0.003167422410299385,0.0036316922151027925,0.0037477259949869925,0.003678107342729583,0.00460132065432472,0.004466835073063393,0.005064925374706512,0.0052734773987647985,0.0051900618083424305,0.005250307099380181,0.004675511854355233,0.005074195277187394,0.005074195277187394,0.004689422091594506,0.00479142458610768,0.004976857015062141,0.004870237569892092,0.004582771994233084,0.004647690799378906,0.0047775157676848085,0.005111274027823015,0.005532948080033724,0.005838666404669607,0.005305914915999964,0.005148351403676082,0.005018574573293014,0.004309139286460637,0.004480748213328893,0.004786788334794827,0.004638416942381747,0.00492586652477726,0.004726515111619591,0.0034924339046381063,0.002507788715334082,0.002391610963242859,0.0018849181918331364,0.0024520250787869818,0.0026471842037924676,0.0028748217222258495,0.0037616491438465165,0.0040029529279183036,0.00475897037551862,0.004285946632037184,0.004392628388862073,0.0043601612328662415,0.003696672790574848,0.0038869487609184913,0.004401904525536706,0.004355522981672479,0.004369437670714143,0.00454567364185953,0.004374075857368681,0.005671922541383901,0.0048980524341572535,0.0032602936165772698,0.0022196431161585228,0.002600721199950847,0.0023079546234378513,0.0024287893124353655
2018-07-03,0.0,-0.0007851821955469725,0.0004792692645212487,0.0006201871096508418,0.0011742713821987286,0.001667054466714837,0.0029284109436641596,0.002801878198461075,0.003771553667405238,0.0032704378546768984,0.0030174429085410856,0.002450314321543624,0.003022128581860672,0.003232961160491639,0.002609705260975102,0.00195322649558697,0.001343252940141589,0.0018406439936032078,0.0026706421421037853,0.0033079131444119637,0.003022128581860672,0.0034999519649471654,0.0041928585954148275,0.004417482001182098,0.004847869215969265,0.005133132560395074,0.005385592881051485,0.005623969119341313,0.004932053748514198,0.005053641118541951,0.005609948560528237,0.005147159805981869,0.004824483365810737,0.004899316161318187,0.004875931514273333,0.004604629637819637,0.004539131948928896,0.004978819871143412,0.005343520586819599,0.005843598880523915,0.005988434667363919,0.00645083434304878,0.006067851838799544,0.0060398229690618865,0.005175213706878844,0.004833837771502098,0.005717434488153436,0.005736126513668739,0.0050022021123322545,0.004146055701115162,0.003677906240534133,0.0037481426328471817,0.003724731050199755,0.004389406834600937,0.004426840214886407,0.0038558288540310004,0.00403371981670301,0.00449234525879805,0.0051611868548080255,0.005334170947715749,0.005712761427181849,0.006109893670428303,0.0056052749972401875,0.004992849281464253,0.004992849281464253,0.005623969119341313,0.006095879922941903,0.005754818189798534,0.005600601412109401,0.004613986100328432,0.00515651119372795,0.0052733961626878195,0.005296771517117654,0.005586580525662107,0.006212655151778904
2018-07-10,0.0,0.0009924282223059608,0.0016351430718615685,0.0024929826075620353,0.0024196133538320987,0.0026763821945100033,0.0027955738915743057,0.002919334849733542,0.0027864058038538798,0.002350824789215877,0.002497568007191134,0.002529665215882964,0.003350086885282027,0.003130151582030329,0.0026397049678544343,0.0026672130139597278,0.0028047418952414486,0.003107238872578497,0.0031026562676881204,0.0030568290637354666,0.0035470711935992176,0.0037348573103448816,0.003143898955709292,0.003492102731740434,0.0036707391864191957,0.003872239448135579,0.0037898124303439836,0.0036661591631070413,0.0039317658469662665,0.004105745775615382,0.003899713610976523,0.003959238374440375,0.003840185304104284,0.004092011618537685,0.004206457164327419,0.004471920399228526,0.004462767667595829,0.004169836014693936,0.00428427265468455,0.0042110347137364005,0.0041973020026473224,0.004188146757149252,0.003991288702615709,0.004114901775542296,0.003776073933472784,0.0037898124303439836,0.0037394370190296693,0.0037165382658657536,0.0032951075941343574,0.0033592498066045444,0.003592875937146516,0.0037211180584467837,0.0037531760192427662,0.004348351453320347,0.004439885472002374,0.0043620820902618524,0.0043620820902618524,0.004961469451983111,0.005304468501808461,0.004815087376206847,0.0047739135563454205,0.004490225611180706,0.0037669148306983292,0.0037440167067406003,0.004311735499745334,0.0047876383513316585,0.004819662140434772,0.00428427265468455,0.004394119509970933,0.004902004317974656,0.0057661880725202634,0.006044945183202966,0.006140892768481383,0.0069218377515527785,0.006227694556652768
2018-07-17,0.0,0.0014358357749206338,0.0030886079681988017,0.003394208441293152,0.004105394145436312,0.0038319210352543583,0.003790893617536968,0.004059820487003007,0.003954993189879008,0.0031022935688943504,0.0030794841303475873,0.002700771429592161,0.0029791164194683563,0.002604929814633142,0.001732805543296585,0.0008416315340163897,0.0014449746214154904,0.002143848914159081,0.002084486421647485,0.0021849439601569474,0.0023173498437374005,0.002280825833762296,0.002011420054520438,0.002696207751450008,0.0029380539977379504,0.002787477357365768,0.002691644052480824,0.0029061153928590213,0.0029836788066919646,0.0030749221802052443,0.0032847503499505784,0.003375966258068163,0.003467173846602726,0.003193526120732078,0.0033257985382490417,0.0034398124435084977,0.0030840460596786357,0.0030566741715186913,0.003485414366093443,0.003649564070992293,0.0035948504965408416,0.0033349201290543175,0.0031889646908151315,0.0032254555475788736,0.0035902908968737965,0.003581171635169163,0.0033805268350722614,0.0034352521368733622,0.003886621640621348,0.0041236230272771995,0.00427855510809707,0.004583792204518747,0.004706771865204407,0.004169193778154335,0.004333231288432719,0.004879828733033712,0.005098384083045787,0.005075620129310381,0.005958481750321644,0.00607674420213104,0.005635463023800871,0.005717364969017829,0.005685515009623954,0.00596303056478677,0.006985988092143142,0.00736308170442071,0.006904189987995837,0.007281314441261751,0.0067223924644864335,0.006736028425242235,0.006476913369889687,0.006826930078805881,0.007095041823933792,0.007649214485607862,0.007635590971422061
2018-07-24,0.0,0.0003690917234823479,0.0006390725564833143,0.0013901356608488791,0.0012237810959432572,0.0018126417575143195,0.0016328737476463185,0.002275395690756705,0.0020103492499241307,0.001969912260856912,0.00180814795110286,0.0018036541244972355,0.0021765730279443927,0.0023203118547442396,0.0023068372173802427,0.002252936852192112,0.002715487129100027,0.002639158620140258,0.002540371900587325,0.0019159937317414378,0.0020103492499241307,0.001898020242637272,0.002104695865983413,0.002203525631792104,0.0022170016613050052,0.001965419161134886,0.0019609260412248243,0.0021002033718178943,0.0022709039633954263,0.0023068372173802427,0.002495465619987323,0.0024191203146252437,0.002688548320601955,0.002652628780367989,0.0029668810197565915,0.0026571187934565227,0.001354169451099061,0.0005400880474779811,0.0008235175462880658,0.0008055244106689311,-0.0009909196544479143,-0.0011937287869621467,-0.0003602208192549496,0.00020256720236183713,-0.00014407275699124318,-0.0005674065620137354,-0.00029266953091364097,0.0003150868090219004,0.0006300743696178521,0.0004455936934455179,-0.00011255506768565372,0.00012604663742277013,0.0009584557447981489,0.0010439071870678499,0.0017047848296244748,0.0016688299350358605,0.0018845399138069422,0.002769362569095704,0.0027199768599630346,0.0024730117234494178,0.001992377456653297,0.002585276164703621,0.0022619204481460157,0.0018216293097543606,0.0015834318789134287,0.0018845399138069422,0.0022214936307864887,0.0023517519691887054,0.0019744053403913052,0.0016733243675574982,0.001969912260856912,0.0024460663820728237,0.0025044470374347393,0.002585276164703621,0.001907007027570144
2018-07-31,0.0,0.00025694755310226477,0.0008104894603938337,0.0012088499907896796,0.0015495436374939366,0.00046954388661627844,1.772264067401866e-05,3.987549983358795e-05,0.0006511008041014994,0.0006511008041014994,0.0007662173819010477,0.0010760807788896697,6.64582830524758e-05,-0.0005096602892181006,-0.000948619475279723,-0.0005007944122054413,-0.0015120110184590537,-0.0014809496745208967,-0.0013788977655070128,-0.0005761568724264142,-0.000678126888896463,-0.0003367898640359506,0.00016835240628642673,0.00022151043626241526,0.00023922915165610725,-8.861438122898155e-06,-0.00013736111594267307,-0.00013292981768314564,0.0,-0.0005761568724264142,-0.0011748251859426144,-0.0005983233828200973,-0.0002880369416210755,0.00023036983320337065,0.00015949245988921927,0.0005315426378040366,0.0005669687698940419,0.000589109465157177,0.0008281977430008729,0.0012885030574748403,0.001253102477786684,0.0006245335579719714,0.000916734452591926,0.0015362720318727037,0.0013902727439130268,0.0014433658604030087,0.001478759705417023,0.0011513188299055372,0.0011026360315203416,0.0014699113616056711,0.0013725744119802551,0.0013062028773797292,0.0013062028773797292,0.001084932608120285,0.0007440806076267212,0.0008060623407444756,0.0005979656060053462,0.0013593004574700533,0.001350451056574389,0.0020272041714715677,0.002456019696743617,0.0030834388156097243,0.003039267253254368,0.00341466335575164,0.0039267413440568265,0.0038384707416411145,0.0035073865703995123,0.003745778222523073,0.0037855046399337556,0.0041826820378179155,0.0051793437448779045,0.006152995743436996,0.00632031554480486,0.006447988139615614,0.006012073140539592
2018-08-07,0.0,9.211314132049805e-05,-3.5092952461404616e-05,-0.0008645223833160242,-0.0009523329584000604,-0.0009567236895664892,-0.0008118397391619591,-0.00015792798516706913,0.00032016631378314827,8.772699365225417e-05,0.0004385580282554011,0.00022807417772858742,0.00037717148153617637,-0.0006011369127697561,-0.001852836202860198,-0.001580403331710084,-0.0008513514620757828,-0.001321221597739093,-0.0016067645596175362,-0.0012816913054514618,-0.0014530005256007173,-0.0010357601473692441,-0.0018967839402180453,-0.002178095204193603,-0.003207313660877151,-0.0029829065237885278,-0.003400960291590815,-0.002740955251594122,-0.0020989684122602764,-0.0022440389805538424,-0.002037429680202563,-0.002011057097138234,-0.0018088903968210932,-0.0018176794035316072,-0.001852836202860198,-0.0014442147234570966,-0.0008776934780317168,-0.0004650815951010101,-0.001347575994093211,-0.0012026354084991658,-0.001119194297015112,-0.0010138049491458395,-0.0008381807143063117,-0.0010094139673443422,-0.0006977035306429048,-0.00044752741852321795,0.0001184296233348533,5.2637119709045286e-05,-0.0003202688530820243,0.0002631578962554928,0.0007147508652180765,0.0005393991750361412,4.386532468049047e-06,9.211314132049805e-05,-0.00031149299721657404,-0.0009874593475425733,-0.0013343987090969317,-0.0006318616433273256,-0.00019302648032289523,0.0001535171887438485,0.0002412307164189443,0.00023245970985812453,0.0003026256083831297,0.0001228156363394142,4.386532468049047e-06,-0.0004299735500889098,-0.0008864743042197599,-0.0007196517898176251,-0.0004563044682935857,-0.0007416005307289995,-0.0010884545898742063,-0.001690246366124473,-0.0015584361726120354,-0.0011279772440452654,-0.0010445423616289213
2018-08-14,0.0,0.0019195339275594587,0.002051174653879862,0.001915145604886209,0.0018756498342198558,0.0025687934435934725,0.002704733612587816,0.002489851961119161,0.0022354425623902704,0.002463536748732027,0.002717888132152137,0.002902033239016411,0.003528749333043555,0.0033973029848721604,0.0035375118086184054,0.0034455019854092365,0.00277927360223069,0.0026608839642550987,0.0024679226655529977,0.0021082135873549653,0.002327563785210954,0.002665269015614896,0.0026959638367432563,0.002538094718684508,0.0025161664810343363,0.0029195690998519955,0.0031781873347557985,0.0033140446935032175,0.0033841573997071303,0.0036557977145525336,0.003550655378017587,0.0036251323416701285,0.0035725609431273247,0.0034367387035603753,0.0036601784053435483,0.003993054766749834,0.0039010868503496993,0.004549061514446556,0.005030392447501114,0.005235981405911048,0.0055858228875594294,0.005778183546900497,0.005375932685600343,0.005292838975527627,0.005052265622458776,0.005546471830213087,0.005546471830213087,0.00554209939491978,0.005651404542207998,0.005769440683262691,0.005804411679196623,0.006040433918832062,0.006446786126918033,0.006040433918832062,0.005852494801811041,0.006254554049782655,0.006341936847660642,0.006455523070647777,0.006009841585705371,0.005887462893431342,0.005695123256010493,0.006009841585705371,0.006027323033519272,0.005165998420495793,0.005323453250966674,0.005926800534969744,0.005734468464315653,0.005677635999847806,0.005340946701856613,0.00522723380056798,0.005218486118703645,0.005498373990452951,0.005489628680125364,0.004973519953430111,0.004925394547362741
2018-08-21,0.0,-0.00019027932196878316,-0.0004973973247418158,-0.0011898402042353148,-0.0015102572687521498,-0.0013067372375648954,-0.0017701302789376433,-0.0013933364435042648,-0.001492934802378961,-0.000761334621695572,-0.0006877713236898766,-0.000713734222708796,-0.00029408330553993043,-0.00014270609703575607,0.00014268573491161166,9.944978334650843e-05,0.00018591981721002637,0.00017294978878373173,5.188807742874468e-05,-0.00037194336509886885,-0.0005276816731438322,-0.0005666200402035009,-0.0007656620430500754,-0.0010686280828746094,-0.0010166845281924697,-0.0008911654090852873,-0.0006704630988211046,-0.0004411573965409924,-0.000761334621695572,-0.0011984987751380712,-0.002017072207682679,-0.001809117055927456,-0.0018437732448764537,-0.0012201455303986121,-0.0010426559682669304,-0.001254781313495581,-0.0012634404467162298,-0.0010513132648530318,-0.0011984987751380712,-0.0011075875196127271,-0.0009474306521118304,-0.0007829719157363875,-0.0002075792376321192,0.00019456640937188564,-0.00012108265203093833,-0.00034166373269127644,-0.0003373381457632228,-0.0002162293076977929,-0.00017297970558746256,2.594437526094471e-05,-5.621512231507769e-05,0.000164303009709164,0.00019456640937188564,7.783110653832406e-05,-7.783716469076276e-05,-0.00010378423267358229,-0.0005709466190261729,-0.0009734002936025461,-0.0010036990610940806,-0.00038924642384761526,-0.00013838137062867201,0.0,0.0002853511135085752,0.00010377346262438227,0.00043664064088777375,0.0006224793032112258,0.00027670530629278945,0.0005360470120536051,0.0007650762531746069,0.000600871930775057,0.0004971500436350207,0.00035451488036777114,0.00022915203040359963,0.0004928280648602812,0.000600871930775057
2018-08-28,0.0,0.0015846243667554708,0.0005327480334415115,-0.00020465068757308686,-0.0013224411628037648,-0.0011858501332071717,-0.001510284297262657,-0.001493206190541101,-0.001070615962306922,-0.0006439383662206982,-0.0004946442073973153,0.00016624785035072756,0.000498660658975738,0.0002131332730420336,0.0,-0.00015348408911734407,-9.805656166130714e-05,4.263110663922072e-06,-0.0003112561770039517,-0.00014922032408494357,0.0004049143874517951,0.00039213012402773933,0.0005710949408747067,0.0006903870276903138,0.0007755869493579619,0.0008948546458437056,0.0004816165360019263,0.00042195981778545515,0.00011936022931326777,-0.00033257863872561936,-0.0005372974070335706,-0.0004818486022610015,-0.00011511085827862623,0.00011083497110454324,-0.0001833309533867159,-0.0001620116737217204,0.0003367297605018409,0.0006903870276903138,0.0010098493114958488,0.001214251627063686,0.0010652123975334695,0.0011205724186694765,0.0014356403311836076,0.0014569251238386127,0.0015761115912076007,0.0010950220205077485,0.0012185095643910706,0.001141863918464827,0.0013675259500826463,0.0013292095717421994,0.0008181841882113995,0.0007372478829094726,0.0006435239764284942,0.000754287649465135,0.0010098493114958488,0.0010098493114958488,0.000754287649465135,0.00028132632760561867,0.00016624785035072756,0.0005370088735513199,-9.37930329518068e-05,-0.0003496369354551565,-0.000507439976263346,-0.000426402871887912,-0.0003112561770039517,-0.0004562578831604315,-0.0005031747017821951,-4.2632106245684255e-05,-5.115874559876044e-05,-9.37930329518068e-05,0.0002685404840915109,0.0004475274185231616,0.0006861268410515732,0.0009800371494090283,0.0008352225756986499
2018-09-04,0.0,0.0006567605522991473,-0.000657192170207455,-0.0021287927145216285,-0.003090831270259383,-0.002891413915086632,-0.0025620288653229297,-0.0014533188829334155,-0.0012542277764545755,-0.0007350461680495308,-0.0013667526618844788,-0.0007350461680495308,-0.00034583677713566845,0.00040188497555940667,0.00010372771484188919,-8.212540554026106e-05,-0.0009167290713229362,-0.00147929021058917,-0.0012325898269524122,-0.0014836188307765115,-0.002159113136410827,-0.001769349198498578,-0.0014576473907020715,-0.0011936426976753825,-0.0007004436429267741,-0.0002507197398732136,-0.00041501848724861316,-0.00014696601653444943,-0.0005404225370989722,-0.001055176299354577,-0.0012888494695453023,-0.0007047688930883857,-0.0005706948364337536,-0.00017290343818330075,-0.00019451847014204354,0.0003370757415170518,0.00040188497555940667,-0.0002291034931012223,-0.000756673354288528,-0.0007263954245179509,-0.00017722640719837574,0.0008424764118876758,0.0014382618949358426,0.0014339458853458247,0.0012785571325890966,0.0004321278474247977,-0.00041501848724861316,-0.000220457125224146,-0.0003890747850809448,-0.0013537683750353632,-0.001323472361339274,-0.002375714318167292,-0.002358384497010707,-0.001440333472042412,-0.003442075915763804,-0.0036502791228451583,-0.0030604825855475087,-0.0027787173461444313,-0.0033336539111948936,-0.0036763075719415134,-0.0040668156278783575,-0.004544310438768779,-0.005730351785131085,-0.0060781763633135566,-0.006134709286145952,-0.004210040132534049,-0.004461817770800663,-0.004791829280775889,-0.0049047529618605375,-0.004605098864671269,-0.004526942995777069,-0.004635494463391,-0.004961219584671873,-0.004661548569085209,-0.004592072462324639
2018-09-11,0.0,-0.0014307875490216276,-0.0016935397926857317,-0.00016616380290984437,0.00046773401213352246,0.000694965028397053,-0.0008923611855159802,-0.0006035689476444955,-0.0005204472464889959,0.0004808448974464112,-0.00028424433834533814,-0.00033235522081765176,0.00019673722309835137,-0.0005291965738845479,-0.0014220303297889272,-0.0010718044305063335,-0.0014132731872446662,-0.0014176517489308536,-0.0014789536256632739,-0.0007348278078059239,-0.0004854507023942172,-0.0002098957088408246,5.6839173573642705e-05,-0.0005729443591599825,-0.0005598198226199313,-0.0005685694945072198,-0.0012075024107846362,-0.0018030402735023042,-0.0018380829598781635,-0.002675091950717025,-0.002490977518694022,-0.003113596132303259,-0.00273208662173075,-0.002302514521530762,-0.0020790346765105897,-0.0025348112136624437,-0.002995181052223768,-0.0021798135218020027,-0.0017198188145821677,-0.0016716411352915535,-0.0005291965738845479,-0.0012906812431330546,-0.0012950592680746895,-0.0014045161213870568,-0.001588430610426182,-0.0016979195817114323,-0.001724198718705982,-0.0016541225546466527,-0.0017898995826960513,-0.002355105273459174,-0.0024953608017292093,-0.0027978537403873394,-0.002070271778620384,-0.0027583929501579047,-0.004491750414011057,-0.004900294706113872,-0.005330984431592466,-0.005858612360626165,-0.00671220012079097,-0.007183305311440928,-0.0083774721034935,-0.009109659258531968,-0.009692263249959253,-0.010465178570297563,-0.011446537256058195,-0.010597738343902876,-0.01061541430812704,-0.011897754887743209,-0.01262366917321198,-0.01250855004692761,-0.013580556174086355,-0.013717962344726149,-0.0141746410570257,-0.013531803683821775,-0.01362931104127235
2018-09-18,0.0,0.003036490728753269,0.0033611261747757727,0.00272491708185251,0.0017764337058088413,0.0011963617957845814,-8.362289599771724e-05,-4.4011178846540424e-05,7.481455894813504e-05,0.0014249151420093718,0.0012622960066528484,0.0006731296160612688,0.0011084427515837742,0.0013633866872769745,-0.00015404760101324005,-0.0011537328054742931,-0.0012859245895067112,-0.001598848113110938,-0.000959883126481448,-0.0008805918145651301,-0.001387283459486128,-0.002220578262577359,-0.0018325027593824987,-0.0015679921465562943,-0.0010435863325833474,-0.0006911991258781238,2.2004863075688515e-05,0.0010468948211133798,0.0015875078366821922,0.0018950433374892444,0.001802792617538661,0.0021893101869387317,0.002171744447157145,0.0015919018669527305,0.001279877728695071,0.0015084119900516137,0.0015259893855217189,0.002167352963999517,0.001868686857307896,0.0002904252109494655,0.0005455777539611609,-4.841240326712695e-05,-6.601749466001679e-05,0.00025082673944544753,0.0010117228742545568,0.0013985462678268096,0.0016446287242685078,0.00039161418143822494,0.0003520197167391509,0.0010688766597192706,0.000378416200728912,0.00030802402830939764,-0.00011443309417559188,-0.0010920492859692252,-0.0011052668627029056,-0.00010122860729080879,-0.00046221401331332344,-0.0006559672339660259,-0.0006427555945113045,-0.0007924977300259092,-0.00035214367825819236,-0.0003213261554122012,-0.0005326653864837757,-0.002127955653332051,-0.0034298696505308183,-0.0035535292687567553,-0.003394541139535552,-0.005233280706931181,-0.005074025314030008,-0.007084272046884165,-0.007070975205991692,-0.00750543014920884,-0.008095349640090819,-0.007758210176497956,-0.007687247928384252
2018-09-25,0.0,-0.00020591054860972615,-0.001020816971035359,-0.002904967517774777,-0.0031298356381594806,-0.004149259889551623,-0.0018730585093674407,-0.0009704383297365582,0.0005946146386358573,0.0010974740908753272,9.150219154127068e-05,0.0011340358253680166,0.0033936968335657094,0.004259687170363291,0.005834777403589652,0.0048973057776366,0.004724278065450804,0.0062167952812146755,0.0057528974395711875,0.005943940261036087,0.007561791508057122,0.008029389899503832,0.008886841958544616,0.008728109999799097,0.009081821021585038,0.007207542330933942,0.0038267857443694993,0.003958954473896187,0.004241463520621258,0.005134032036691669,0.005407108103726669,0.006157683011081863,0.005179549893354665,0.005243271412133158,0.005830228692580828,0.0060940197352209804,0.005279681885609808,0.005052094673207975,0.0057119549433015185,0.006635028434106592,0.006775915431605903,0.006221342234187841,0.008578425357844267,0.008728109999799097,0.008147389890563886,0.007893218759404894,0.006385018773340071,0.005962132912115041,0.003580631896972593,0.0016046487960141261,0.0016868691099592356,0.002084172022118471,5.947737688223546e-05,-0.001300235507463383,-0.000810159535880709,-0.001240680747989827,-0.0001555729434336644,-0.001300235507463383,-0.0016759703713727367,-0.0008010015235356058,0.004879093744034817,0.002609100427092444,0.0032067268189069575,0.0018695567192236545,0.0024950089940943406,0.0043690220952359105,0.005962132912115041,0.00845140263421568,0.00797492366855376,0.009489793720271386,0.010952593362478,0.011373374528549657,0.012227965292651405,0.011956745752333218,0.01277921827750291
2018-10-09,0.0,0.002558002871714659,0.0010143311356410045,0.0009901923472622524,-2.4163285821469413e-05,-0.0009186155659929893,6.765409430667056e-05,-0.001862283503646928,-0.0025354934083062896,-0.001494389065836965,-0.001600870905943791,0.0004928036277317906,-0.0007299887925234118,-0.0002996660196328652,-0.0011798498510918552,-0.0019930154331701468,-0.0021818806203084554,-0.003417648249749443,-0.004776330924964918,-0.005135719967467616,-0.004747196932877729,-0.004300581975503999,-0.0037959529641547187,-0.002879538166592347,-0.0030928084244396634,-0.0035776827787528573,-0.0029716265618231342,-0.0005945863811864686,-0.0010443865179061624,-0.0012669431135155075,-0.0020414390038368205,-0.0019300682966385883,-0.0030976560044067266,-0.0038153570642417704,-0.0034564421474741636,-0.004256902090811821,-0.0035049366360849965,-0.0035922326423482973,-0.003907531681843098,-0.004334556538266805,-0.0038638689617942266,-0.005402917143568583,-0.006477284354748292,-0.005383482214140965,-0.0056264459845789165,-0.003994862841656329,-0.0019107007440673104,-0.0025354934083062896,-0.003403100926093013,-0.003243094331540564,-0.0017848207946402767,-0.0019978576847202224,-0.0026420861707586716,-0.003354611375581687,-0.004980292639144682,-0.00486373799431013,-0.003985159002817616,-0.0041646952659856965,-0.003102503607872713,-0.0024579785351012545,-0.001358883120306274,-0.001160496822826281,-0.00048821163251736504,0.0004445002827156876,-0.00033833914471620674,0.0011591516308905527,0.002085506491021361,0.0024423101129882963,-0.0027971504742976038,-0.004586975146741761,-0.005976417552961357,-0.005840302944250964,-0.006448100765651292,-0.0046598000490065085,-0.005291171457200219
2018-10-16,0.0,0.002481149527388469,0.0032579111337973908,0.004289502525842798,0.003939448595041578,0.004175984947050902,0.004426652409598569,0.004440839255082828,0.0049608846525822994,0.004464483550306608,0.0048663510576355895,0.0053720018338561226,0.005778227483617053,0.006061543032924871,0.006028493687889095,0.006354218132611806,0.006632652014622698,0.005849063896396085,0.005527898630492572,0.005381450816436952,0.005490107699366934,0.005268057132343698,0.005806562650867371,0.00565543248027468,0.004535413081846812,0.004781263180716015,0.0038921346099650305,0.0035419415269585964,0.003077983483166985,0.002864869388178321,0.002665921914391634,0.0027322421368730716,0.0031821560688247543,0.003030628720216064,0.0017322349444824812,0.002026179684988203,0.0022679081871404263,0.002462196582811132,0.002433766492401432,0.0013623107273015253,0.001063425850311738,0.001893441146529184,0.003646065794633097,0.0040435314829625636,0.004313150399545344,0.004672529245456778,0.004677257053715885,0.0048994388324150396,0.005064861286290665,0.005140473866369807,0.0042800432197772405,0.004128682152392958,0.004218555549218424,0.003963104748126387,0.0049797902992270125,0.00517355257242832,0.005716831866772471,0.005480659743431951,0.005140473866369807,0.005579858828992325,0.00473871652712194,0.0051877288257863845,0.005683771127106287,0.004767081163985676,0.004596881273259044,0.0047056234338838905,0.0045164990320170455,0.003688658961275761,0.0036413331085733613,0.003688658961275761,0.00543341862475346,0.005579858828992325,0.005466487642158051,0.005027052852169885,0.004251664764698554
2018-10-23,0.0,0.0030733018394883123,0.0006547902074502945,0.00018220273305266007,0.00017235478536472589,0.00036437227431670906,0.0011369929978244265,0.0013189887042119235,0.001859861489370572,0.0033531175556663967,0.003146945145713203,0.0029358198224104363,0.004275463913026402,0.005270447416139214,0.0044519864201042324,0.004167573705919546,0.004751022887623664,0.005530058539729597,0.004638281934352925,0.0032598543496513196,0.0030094732535889683,0.0036181339244319224,0.0031223979795595184,0.0036868304086709737,0.0037015504699065907,0.0030585725274204483,0.0028621609660046117,0.001972916102241943,0.0017812072631402417,0.002380789539365128,0.002198986991172093,0.002788496683571983,0.002793407804559658,0.0028719824603449856,0.0028768931713422526,0.0025134354070266993,0.003146945145713203,0.0030242032888675658,0.0030143832894565345,0.0034463720644665585,0.0030880309346065166,0.003313849897486149,0.0030389331071754193,0.0020073214911124457,0.0007925861613884932,0.0008811592490056378,0.0018549457814717916,0.002144931210507397,0.0014960338216715577,0.0010681211191691717,-0.00028568191975523056,-0.0013108680709577182,-0.002258127503375627,-0.0031025365536655847,-0.003720246057124192,-0.004377908215560175,-0.004788548250817465,-0.0037845097558187627,-0.003087716213242087,-0.0025691426246733247,-0.004046550660419855,-0.004946912350007225,-0.0046945314316342015,-0.0037696793049480596,-0.003483000477181614,-0.0028654374599528386,-0.0021347356080922857,-0.0029987987828970844,-0.004051495488500632,-0.004308660248454895,-0.003413814450754535,-0.00152293675241401,-0.001133356778801015,-0.00035465185381782513,0.0014075151810633267
2018-10-30,0.0,0.002162649647328979,0.002700139582332828,0.001913351713011055,0.00038688035350773885,0.0014341340999279378,0.0013363063647089054,0.002421658134970119,0.003007844666534581,0.004340140340388094,0.004637590318565955,0.005295566845232347,0.005826506255112744,0.006327960726983166,0.006279286846837832,0.0067269972051847635,0.006133250989907775,0.004900832883483546,0.005607345251257491,0.005037301751735016,0.004320632332350432,0.004910581277435813,0.005086036120196003,0.003310573131181256,0.0033935633164191717,0.0020844452209187302,0.002147986783231554,0.0009889405924002263,0.001404786784227138,0.002323926964023993,0.0024265444428026826,0.0029638925938210345,0.0038718430801495517,0.0036424925559078486,0.0025047221211609775,0.0023727937434197773,2.9388570786994757e-05,-0.00013715808470437558,0.001316739669180774,0.002079557241194014,0.0016395411979546089,0.002128435963318457,0.002646403587263762,0.00308597691517169,0.0016639916137351583,0.00192801801790927,0.0025340371749316072,0.0030908599780238685,0.003315455097441822,0.0017324495976742545,0.0012482532196870125,0.0012433611509536121,0.0018057922374065576,0.0017862347260990618,0.0015955289429796452,0.0015026078207190671,0.0031494548724722805,0.002636633096101,0.0019915695203125586,0.0021382114210542146,0.0005386532819149063,0.0007882941185783075,0.00010775387067240753,-0.0019072045631365934,-0.0020446245039678883,-0.0031495779996342753,-0.0025601175353622318,-0.0006957817290110385,-0.0009065717265805559,-0.0019955437858089455,-0.002137884505556979,-0.0010830812511985824,-0.0014263834291442722,-0.0008281330484280817,-0.0018924821180326158
2018-11-06,0.0,0.0016813612090233053,0.0020362169402366875,0.0033835214717255276,0.003085852501045104,0.0026226356883911756,0.001880095931945584,0.0011038600687394576,0.0016245726045879772,0.0017192184870896952,0.0016009097342334945,0.0015961770929700397,0.0013547826841014809,0.0014873201616340745,0.0015346507182502358,0.0015488494484105456,0.001572513550678535,0.0018422447438869605,0.0011370044004698225,3.318093802830349e-05,-0.0002038499197585105,-0.0008061610102944452,-0.0004646487718250573,9.480380352971116e-06,-7.584627859117733e-05,0.0002748945464962947,-0.0001469573897323352,-0.00010903083450204442,0.00041705173467713606,0.0003222825213326502,0.00042178995959574184,0.0002417216279162621,0.0005828762500794545,0.00048812275123565963,0.0002985888146171033,0.0007676197531994959,0.0008765550528437942,0.0007960388015423308,0.000459694950739928,0.00054497592792224,0.001032832801341796,0.001501519563839319,0.0015393836507039975,0.002116633402949167,0.0014305205364963096,0.0014873201616340745,0.0018043921230616671,0.0020409474994124636,0.001998371661194258,0.002007833115230625,0.002083521525005843,0.0027030050091010546,0.0014731205578027223,0.0009996850166760997,-0.0008868128671098531,-0.0037946203780973428,-0.003913583307009727,-0.0031477098289705917,-0.0031429546833084514,-0.003927859809552326,-0.0034948965499503374,-0.005275527192112446,-0.005323181186002671,-0.004332445436098274,-0.003104914332001281,-0.0038612378747316855,-0.004089674417957241,-0.003699460223485371,-0.0037327652475514714,-0.0031429546833084514,-0.0022398870439624364,-0.002083121543452557,-0.002078371457357329,-0.002681812992920393,-0.0026960719207917974
2018-11-13,0.0,0.0017175599567238553,0.0020760094514441145,0.0016076096971544731,0.0018418369990902705,0.004362281129351665,0.004572031669989881,0.004119106120822246,0.0029214411854275022,0.002687466649384524,0.0035037523087502885,0.003169680833438073,0.003961726069134281,0.0034942089580799096,0.003393998276969012,0.00321263913286884,0.0026683642701826205,0.00217157428747977,0.0014498338580451768,0.0015502395449166209,0.0027017931943234983,0.002305349716955022,0.0017558006917154285,0.00252986110707432,0.0024104464299132804,0.0022432419216903143,0.003179227281682184,0.002845047356101937,0.0029644101499059815,0.004305068800079124,0.005015223324272875,0.004715018181839295,0.004595864175144835,0.0042478531973686815,0.004915164956808624,0.004886575012842867,0.005862935267292684,0.005658216742646004,0.005324864357518184,0.005848653939414636,0.00526294382059968,0.0048770448498771215,0.004633995002016423,0.005058102417148675,0.005305812292988272,0.005867695664595506,0.006067611890843036,0.006728954535624665,0.0068335873932911,0.006329346526729694,0.006281763506245649,0.006838343172156736,0.007232993994515453,0.00788881586259143,0.009445857039991228,0.009379447473194287,0.010308780317078055,0.011218310550599464,0.010934171206754611,0.011705894911168505,0.01132247475135163,0.011327209229955618,0.011663299930270607,0.011412426012031988,0.011606503799965036,0.010588359433865248,0.010735225617716816,0.010484118732515377,0.010559931229294092,0.011043100831220787,0.012183780866394529,0.013171948935362932,0.013828611365981274,0.013242832546865282,0.012789090585910406
2018-11-20,0.0,0.00011662378811938422,0.00018659153301771506,-0.0006019950015553432,-0.0002519538098013843,0.0003591577090763544,0.00031718489346353057,0.0009326096958574106,0.0010957270078594753,0.0010817465664966352,3.2656031688692943e-05,0.00015394052794680206,0.00012128845675294686,-0.00018662635591555689,-0.00041062396754433766,-0.0009895168045060227,-0.001017536250002965,-0.0007233712213019255,-0.0004199582903159681,-0.0007140340659594776,-0.0002612866516051326,-0.00042462548437563523,-0.000816747570074342,-0.001012866287899858,-0.0014799704839818777,-0.0015407100584029602,-0.0009288106990876375,-0.0009708376103258855,-0.001078247742006685,-0.0014659541830236663,-0.0014098909436749201,-0.0013398163141658988,-0.0005413124158051306,-0.0002566202198154609,-0.00040595683883196777,-0.00040595683883196777,-0.00035461986056198444,-0.0001539642292815894,3.2656031688692943e-05,-0.000275286077628862,-0.0003639536605851801,-0.0007187026327330039,-0.0013351448467879626,-0.0019753392634474383,-0.001624817098678987,-0.0014659541830236663,-0.0017463175357628111,-0.0028966297899816924,-0.0021249327900665824,-0.0017089312135444873,-0.0018584848895720862,-0.0025317533527409674,-0.00362678231195936,-0.003472282504776589,-0.00376257457809594,-0.0028592004378794563,-0.003196115051930057,-0.004062319328952764,-0.004516791317640521,-0.00492458630085128,-0.0046386436608712315,-0.005421664802593925,-0.005806366804035717,-0.006524560366939642,-0.006496386194201878,-0.00717278552104457,-0.00712109998523034,-0.005965920804017372,-0.006994246812908688,-0.006994246812908688,-0.005107444944596585,-0.005365379360339673,-0.006440040229966788,-0.006627872458772731,-0.006792254605363146
2018-11-27,0.0,-0.0009280830570220657,-0.0008385349684605268,-0.0008950907230234469,0.0004048830837723406,0.0002495403526759904,-0.0005275354795740395,-0.0006735989514799144,-0.0008338221332894479,-0.00196082191070342,-0.0020315964913345634,-0.0013995209985925336,0.0006025571199313229,0.00032486105413561403,0.0002683710599106629,0.00017892204226036755,0.001200048145937318,0.0013458382225942007,0.0014304807724545322,0.0006260871407094807,0.0004801920860577721,0.0003625192775191112,0.0003483976099381858,0.0003625192775191112,-0.00020721289315096147,-0.0007537073334511304,-0.001206204560199519,-0.0014372456370299173,-0.0013287911371228757,-0.0012156337633849104,-0.0004568672644588807,-0.00019779319373336362,-0.0011213457322376882,-0.0013995209985925336,-0.0008008329089808485,-0.0005181127623449769,-0.0006877352584641195,-0.0002684431022711997,1.8835406798084254e-05,-0.00042389047305060786,-0.0002590228260686062,-0.000781982412269873,-0.0006830231339319598,-0.0007537073334511304,-0.001861745912254724,-0.0012863556214190103,0.002206037155497013,0.002417448183953339,0.002605331584068331,0.0036239842810999513,0.0033752846737490822,0.0037084342304801797,0.0039007658295129133,0.0038022591438782788,0.004158713551975091,0.003164076066917132,0.003886694039932803,0.002408053087254212,0.001030716862989342,0.0020462747312793034,0.0025160913704901327,0.0023610762796953326,0.0027556128921742127,0.0030138561352664093,0.0030373294871448324,0.004702530692803927,0.005157047401774664,0.0055738965435511555,0.006210544054276635,0.006252660844141032,0.0056207226687914075,0.005808005245972571,0.005616040154937219,0.006088863362980065,0.006130985277848657
2018-12-04,0.0,-0.0004924238165702855,-0.0015425102688487958,-0.0019527118494981374,-0.001966541801024331,-0.0014918228787085715,-0.0012199979875501172,-0.0010818102731392836,-0.0008607496417555763,-0.0008377253027257389,-0.0008561447315399318,-0.0008653545731767387,-0.0005660781292938442,-0.0010357519448642694,-0.0013075267511700034,-0.0016899791048033382,-0.0015425102688487958,-0.000994301263109679,-0.0011601143000788757,-0.0015655508409933357,-0.001994202277892844,-0.0017130230750039288,-0.0016945878563617762,-0.002501446660661952,-0.002630604505566101,-0.0025706362887030383,-0.0023676936193103263,-0.002898198834163147,-0.0031150950501744293,-0.0028013029625435716,-0.0019711518273707353,-0.002072577784204114,-0.0019342722116521649,-0.0018697361567187993,-0.0013213477826337547,-0.0011739332942868092,-0.0008147014938039949,-0.0005154402065426332,-0.0011462954968331264,-0.0010587808438305207,-0.0010910221933639773,-0.001302919783130963,-0.0012706716011193161,-0.001095628185298989,-0.0011416892715197338,-0.0009620630317882534,-0.0010357519448642694,-0.0010633866872640774,-0.0021232946205908833,-0.002026473801272908,-0.0016531098569780292,-0.001588591944018072,-0.0012798852612920329,-0.0008054921186601758,0.00044159453140407646,0.00021622168787764918,0.0004094015205039602,0.0002530207237469373,-3.6808348137498556e-05,-0.0002438805549556404,1.3802781260707282e-05,0.00032201526630609104,0.00013341890565691714,-1.380297177999649e-05,-0.0004233778250079058,-0.0004694079563399526,4.1407772244736194e-05,0.00013801924010111273,-0.00012423360534990035,-0.0003819525182821362,-0.0003819525182821362,8.741439720691027e-05,-0.00018865710706560338,6.441134930201576e-05,-5.981425375451781e-05
2018-12-11,0.0,0.0026615737343521637,0.00041104999672030625,-0.00017414271039082268,-0.00017898044081806098,-0.00029509299271531723,0.0019763282014462137,0.004637468469279435,0.004098099325454495,0.004545988834267647,0.0033415292982089113,0.003707838496183687,0.004618210294183629,0.00523428801646978,0.006546999627248903,0.004295580715883512,0.00438708325995898,0.004218519447320821,0.005243911219938218,0.005354571404276281,0.00608558316668198,0.0070754443786387,0.007646811233299796,0.009210398208609546,0.010728477770707982,0.012478351518748865,0.011627702489189177,0.010934222843719506,0.01323281626659881,0.015592809066214446,0.014363447178840954,0.013118250684838188,0.014520775458923892,0.012927278876470985,0.011924078104425851,0.010537048993592648,0.01134558604016823,0.011618140522866189,0.013681405128119876,0.013280548052158433,0.013590749136531854,0.013228042962732472,0.014325303261837506,0.015792794782186887,0.015583284939219504,0.016696992701317838,0.017514825300441315,0.019523282384262063,0.019129505944558513,0.018802031552265203,0.018298745941307384,0.01650670317523064,0.01574994406693052,0.01505931821340844,0.016644666691235623,0.017448282530051297,0.017239119277370582,0.01673504626170888,0.016268790335855782,0.016397270299106516,0.01732944513986559,0.018032756911786657,0.01808026014201517,0.018802031552265203,0.01994061101289771,0.020163431110295692,0.020296151402475433,0.019433154473721903,0.019622887993563414,0.017429269496616204,0.017472048313503206,0.018574160013858268,0.01987422947073525,0.020395680063257107,0.020665779361930293
2018-12-18,0.0,0.00019395148502949485,0.0008217268728491268,0.0008309559240566762,0.000932469866161073,0.0007432764984394067,0.0012600127668289116,0.001527503429310527,0.0012692377739784509,0.0006555893844659013,0.0009186276626664784,0.0006786656862588116,-0.00027713882060820564,-0.000646776764454995,-0.00048042278127962844,-0.0003556754522124624,-7.851486821619657e-05,-1.8473532047338807e-05,6.927270588889958e-05,0.00036478234673276643,9.698044466216921e-05,0.0003047640180405908,0.0002401248660835482,-0.00013855980956334202,-9.6989850780922e-05,0.00012930516961609094,-5.542161998814297e-05,-6.465885528355604e-05,0.00018933402966313988,8.312667124027187e-05,3.69460403122621e-05,0.00011083402615946537,0.000346315552336727,0.0012922999195431348,0.0010662679558162557,0.0008678712771561503,0.0006786656862588116,0.0010109054002664355,0.0016612219336145024,0.00159667040533489,0.0015505596195527966,0.0021867007536991445,0.002080705329837151,0.0023848359793342804,0.0017718720028839223,0.0020622701961586793,0.0025645060778762907,0.0030434685805848377,0.0030572814030280495,0.0035129975411946268,0.0037154714043514227,0.003489986553446951,0.0031401543312524496,0.0030941146634665367,0.002771777625071238,0.0020484436228673324,0.00246315768347044,0.002684268211996296,0.0035406100275625525,0.004065102455150043,0.0044835788851689245,0.004391621056964063,0.005094883441878055,0.0054853711660010785,0.006499926214590244,0.006917385180079091,0.007426357548365324,0.006995352704351489,0.006573338221156963,0.006541221131421464,0.006573338221156963,0.007187952294985055,0.007394267843885724,0.007563873190986424,0.007719701395289846
2019-01-01,0.0,-0.0006413051471145976,-0.0005766946331153998,-0.0005074737145261459,-0.0005120882933650223,-0.0003136806295642552,0.00011529902815692923,-0.0005120882933650223,-0.001763424638964491,-0.002475214496892729,-0.002100768360754317,-0.0020822808259740124,-0.0016664016282643484,-0.0014492889944589193,-0.0016063444815613067,-0.0007197663838421993,-0.001005971308520631,-0.0014077196116889477,-0.0014492889944589193,-0.0014492889944589193,-0.0010567581584310455,-0.0010198220117902492,-0.00036904625029618904,-0.0006274596855411407,-0.0004059583671641258,-0.0006089993683001839,-0.0009967376129184676,-0.0010613752726884142,-0.0007613071780621502,-0.0007613071780621502,-0.0008351617399995472,-0.0009274876134679626,-0.0007751544929525583,-0.0007890019995937513,-0.000484401139741094,-0.000493630105774057,-0.00036904625029618904,-0.0005766946331153998,-0.0009228711173424064,-0.0017079817659006319,-0.0016710215581800733,-0.0015416715877964692,-0.0019436352085710144,-0.0018512154750436724,-0.0018050088111104003,-0.0017726654166685155,-0.0016941215279201855,-0.001472383842692196,-0.001366151956860731,-0.001523194386352771,-0.0014770028763441165,-0.0017403230682877392,-0.0029978243204398813,-0.0030579650961351456,-0.003030207365605312,-0.0026046852852271737,-0.002475214496892729,-0.00205917188812916,-0.0016987415859017526,-0.0020730371867533006,-0.0020453067817488594,-0.001084461163747165,-0.0010013544500620186,0.0013090153373864501,0.00216079826252531,0.003338286301723615,0.00392651079985207,0.004275605453981436,0.004353675740240335,0.005065212068940343,0.005863366265154259,0.005533172823831547,0.005560693108576595,0.006450107758192012,0.006440942569411866
2019-01-08,0.0,-5.58955870580028e-05,0.0011963477910747833,0.0014196316462538772,0.000693776757438738,0.000447052256677056,0.0017823616117257364,0.0024470250167288273,0.0026282202085831357,0.002846540029406108,0.0046377487385966185,0.004767556252779556,0.004962235935788534,0.004901981988557264,0.0046052942270688865,0.004920522051315813,0.004225034347323324,0.004628476128495946,0.003060168604433603,0.0027025472009289966,0.001852102292655604,0.002168199058084765,0.0021542557191661952,0.0022146754504096377,0.0020612951576172707,0.0019264869917571448,0.0022797387709857383,0.0019311358517406616,0.0013172994012740698,0.0014521897100752644,0.0017544639774434568,0.0017405148684424179,0.0013126476867684114,0.0012056522804907244,0.0021821422025893452,0.002079887961273278,0.0026514479871490026,0.002795448173204454,0.002911562253096066,0.002191437524253971,0.002326209979756696,0.002618928946086147,0.0028326061456839923,0.0026932566290013694,0.0028651182390244867,0.003115890293186603,0.0033573150719699717,0.0027350635229642798,0.002098480419243143,0.00204270200826271,0.002395912743964066,0.0023633853919431697,0.0034176621605893293,0.003960622141072354,0.003955982706340876,0.004192566438369931,0.004252863144564582,0.004489376658240472,0.006499800033705532,0.006467405898892139,0.006615484806710705,0.006541448093721787,0.00637947367144275,0.0071567117397167805,0.006448894493552091,0.006143406821769566,0.005416341194068014,0.0059165449912252175,0.005458034401555676,0.005874870896531226,0.006171182284927058,0.006166553094641892,0.006397986361892707,0.005680368821229136,0.004800005498685161
2019-01-15,0.0,0.00012989121628923347,0.0008393561101480651,0.00232157897429439,0.004240570405209899,0.0039032796782003175,0.003681437462565624,0.004171273377331688,0.004198992764734959,0.0041343129988533345,0.003746146526017001,0.0037692558910882258,0.004078869869628783,0.0034826620111414633,0.0035150234982009834,0.00381085140247642,0.004249809646114066,0.004286765756118004,0.004679340102039048,0.004840943578250663,0.004711662886603712,0.0048501772738528525,0.005270220253655816,0.005750053428561601,0.005740828038442939,0.006095944135159849,0.006091333045951226,0.006630686250084105,0.007271078431542539,0.007119079997294269,0.006662946024222312,0.006225046001322303,0.006063666064186877,0.005925319672270679,0.006118999262275315,0.006294200859824451,0.0061558863600949506,0.0060590548261384445,0.005879199954699652,0.005394814457417911,0.005657795697298282,0.005828465808532738,0.0055470751834419355,0.005468640734992066,0.005879199954699652,0.006082110803747502,0.005879199954699652,0.005717764190792466,0.0060590548261384445,0.006045220984411338,0.005777729088281864,0.005777729088281864,0.006649120534166207,0.006704421347563013,0.006920986759227034,0.0062296564740107595,0.006414057953433165,0.006354131202344168,0.0061881614545599515,0.0063080312576559334,0.006787366833993779,0.006847267629079422,0.007086834934816753,0.0077683663807161995,0.007611839437045501,0.007119079997294269,0.006994700455265312,0.007151324020061257,0.007307923057757845,0.008026122066576637,0.009028895877933627,0.009842335600719983,0.009975547971293356,0.010466902213139647,0.009810178231741348
2019-01-22,0.0,-6.866764177412149e-05,-0.0004532935977781325,-0.00125965657809837,-0.000723536016031349,-0.0006319202342327597,-0.0009709405603736371,-0.0009251202858105622,-0.0012504897089965518,-0.0018052365913102562,-0.0018327527111723946,-0.0018052365913102562,-0.001195490258977153,-0.0009205383738245264,-0.0012504897089965518,-0.0008793021106488534,-0.0009159564828324229,-0.0008976291287977076,-0.0017135216595965733,-0.0016630820323806303,-0.001319243275614862,-0.001507193813087801,-0.0018832008974559796,-0.0025622059059722266,-0.003057987184776599,-0.0023419375447961115,-0.0027687515682148865,-0.00260810125540461,-0.003172786412533517,-0.003361085680330269,-0.0030396205312722842,-0.00271366855350753,-0.0029248365889607006,-0.003448358340846643,-0.004726166935378972,-0.005328866218191837,-0.004753763546516837,-0.004496224787809916,-0.004408860633266853,-0.0037377906191603267,-0.003287598820666128,-0.003558608378856838,-0.003995134100599611,-0.003365678788371636,-0.00354023252839898,-0.0032095249489663383,-0.0032278947233400014,-0.0032921915911862587,-0.0033013771955071815,-0.00356320239423299,-0.0036229265147557626,-0.0037515751983517288,-0.003181970920106269,-0.0022547613869611503,-0.0023878227858163638,-0.0022226457707401784,-0.0019841049057241103,-0.0020896063472927327,-0.001365081612974689,-0.0007601846790464365,-0.0013742495325904955,-0.0020804318670269136,-0.0021584176323705922,-0.0018235805870917743,-0.0016355705807370763,-0.00227770174432703,-0.0028376096036306043,-0.0028513817797034273,-0.0028284282582879453,-0.0024658325278960843,-0.00048535243949497506,-0.0003800201044316199,8.697224446511096e-05,0.00033411522709143784,-0.0005677941807112388
2019-01-29,0.0,0.001204842104371483,0.001120174073557976,0.0029342633674167605,0.0025444648131891837,0.0027370348963780887,0.003469401788573019,0.003971420430106998,0.004248126689420417,0.003671177888175096,0.002929567903469465,0.0026994631578353043,0.0024082343109689793,0.002765212773928138,0.003075117034774765,0.003342684356543539,0.002520978119574313,0.002506885838620937,0.0015058259475735894,0.0009602260092944716,0.0010072722133800675,0.001378859435995933,0.0021263191655600255,0.0018161206830453421,0.0017597106194751275,0.0016750895572422671,0.0016092682245244143,0.001646880945151056,0.0022672866727832318,0.0023612539722322012,0.00251628071465564,0.003075117034774765,0.002877916344872295,0.0022109020544920197,0.0024082343109689793,0.002530372863215338,0.0029342633674167605,0.0030892013103855274,0.0035538711567456513,0.0028638290931304908,0.0020746261001733284,0.001599864823314104,0.0005790701613488435,-0.0004945936307667864,-0.00041921118259178296,-0.0004003664584073841,-0.0016448806221736854,-0.00233852063195982,-0.0031554620583092016,-0.0029381754942664397,-0.0020175933381149504,-0.002253559265730068,-0.0015458284569775456,-0.0023810040221408507,-0.0025745623085740117,-0.002324359902965331,-0.0018477323406225093,-0.0012251554181162666,-0.0016071453071030406,-0.002385724510239229,-0.002409327284982582,-0.0018147071636399727,-0.0017675302312640676,-0.001310029450956872,-0.0026123341477837653,-0.0024659762174014214,-0.0019279408828751204,-0.0012675915340862771,-0.0014043423813294251,-0.0010554289601827829,0.0007814302453367266,0.0007673134286783917,0.001407075609508753,0.003933895041831999,0.005499383381349169
2019-02-05,0.0,0.0006143773662237247,-0.000848828323829647,-0.0013630639377125817,-0.0004908560949801034,-0.000614755057829025,-0.0001972309695708866,-0.0004449714855877549,-0.0005092105282644724,0.00024304512733898162,0.0012879246259054585,0.001045133349623549,0.0016085020343554455,0.0014253275280710783,0.0013016657657334164,0.001228377504647685,0.0011825696137724164,0.0013520483297125747,0.001828267161261708,0.0014894424219829053,0.0018236892136926476,0.0014528058431024719,0.00036683786178073636,0.00044018928849879393,0.00021094821299600592,0.0003255753196812227,0.0004997833611984497,0.0006968769193979862,0.0010863662122207896,0.0011825696137724164,0.00077936966695743,0.0010542963549059923,0.0017412825735022494,0.0031824192619442607,0.003305848679902868,0.003529811311074255,0.0032829925296545843,0.003324133223978085,0.0039456088830498795,0.0038633769249237383,0.0036988927196054777,0.0024598230062965547,0.0028669192947637706,0.0031549884333489236,0.00298124237648987,0.0030132504974101446,0.002592490562183013,0.002876065622284805,0.0031869909935562566,0.0031321288347166613,0.0034064095353034795,0.0030041054245465845,0.0035846516571306887,0.0037857071994012786,0.004507346356347306,0.0037674310931251763,0.00272056667616289,0.0013062461037164068,0.0020205220368880333,0.001599344105878896,0.002711418926280475,0.002935514712159562,0.002533021075730077,0.002780025010752404,0.0032647072333179556,0.0038222584099358225,0.0032601358569909773,0.0025467451172775124,0.0024598230062965547,0.0027480094237324407,0.003374413996392804,0.0023500158549955084,0.002478123025969622,0.002423221962247838,0.0023866195785134403
2019-02-12,0.0,0.002140807065465704,0.0011950068526321751,0.0010709764144850086,-9.198278088822996e-05,-0.00015177612590681078,0.0007447488655811221,-0.0005888360537791934,-0.0008925901809578002,-0.00016097541940108547,-0.00046459959021756195,-0.0004185900018112504,0.00014255659175914533,0.0005379298108342218,0.0002529090299703791,-4.599033284011786e-05,0.0001793420909195488,0.0004965608664947797,0.0008366547172913339,0.0016588362084868182,0.001162852290241523,0.0010663823991088003,0.0009974696357486165,0.001061788362627518,0.0008596298604848556,0.0009561196981121607,0.0009928752826679492,0.0012547197255969548,0.0016129221045842342,0.0014200598443755055,0.0009331467717049891,0.000841249788158853,0.0005976819314776959,0.0003080806827893079,0.0003816381518936808,0.000565508156319058,0.00022532206205231163,0.0001471548531567717,0.0007585352818252851,0.0008596298604848556,0.0013190219091377489,0.0012639060049702087,0.001139884112650633,-7.81848243655023e-05,-0.0009478281183872967,-0.0006532610378103708,-0.0008051363530710055,-0.0004830040183233839,-1.839587932367282e-05,-4.139120437503433e-05,-0.00029437468590305514,-0.00014257691703875838,-2.759394589009559e-05,-0.0007453039298630754,-1.839587932367282e-05,-0.00016097541940108547,-0.00023917283110668248,-0.0006256498221328476,-0.0005888360537791934,0.0004551902106949804,0.00040002667377896095,0.0005792970438546814,0.0010388178636384275,0.0011858199403073472,0.000818274222671584,-0.002601775739574826,-0.0032613531266072787,-0.004290793834260751,-0.003764400264424178,-0.004420125880612536,-0.004369314867545368,-0.004415506590920673,-0.0038936642447344174,-0.0040137100469693565,-0.004309268816825412
2019-02-19,0.0,0.0021740619131542815,0.001268385890843876,0.002497653880579597,0.0032850924026365563,0.0036083251072312026,0.003556802255664158,0.0036973128714723837,0.004100000583232868,0.004029776028486074,0.004062548101065208,0.0038752646470107824,0.0035614862609570134,0.004226392355764921,0.004156176676574785,0.0032991481712413362,0.003088290895064144,0.0027414511175016224,0.002732075399673096,0.0031960679466225767,0.003078918428558866,0.0032850924026365563,0.0037441453563658465,0.003701996218660548,0.003711362847236389,0.0039408178457964495,0.0036551617597304037,0.004085956066797059,0.0037394622065728086,0.0031913822293916255,0.0032991481712413362,0.0031726391409048326,0.0034396949923036465,0.003425641199067524,0.0037816097651816615,0.003486539543354123,0.0036832626983037864,0.0032054393152173765,0.0028258286225087536,0.0034069025008442175,0.0038799471608653205,0.004146814213497868,0.00569510987767837,0.006153058090804986,0.006344586464450422,0.006550088310019772,0.007362341236073997,0.006900278233264931,0.006965633438830084,0.0067695550068295725,0.006848924717988585,0.0063492574299624975,0.006321231309616318,0.0064193192946175315,0.005980183917075175,0.005844667048522297,0.006068960874373393,0.00646135405737246,0.005250980212568215,0.004451049403686463,0.0038986769970265284,0.004057866442166266,0.004100000583232868,0.004628867112926873,0.0042076686567102655,0.001554724490539145,-0.0017690292833390103,-0.0017831564704043745,-0.0025698848282555997,-0.003074281813510435,-0.003069566645049103,-0.003720470150363769,-0.004787358478498363,-0.003748779915819328,-0.003366665687321673
2019-02-26,0.0,0.001730156400747584,0.0016652715944289707,0.002179599816669376,0.0013268754498429295,0.0002970761232992461,0.0002877938302013415,-7.42828225956954e-05,-0.0009614603789917565,-0.003776836508897882,-0.0036510225037694384,-0.0032457294643702607,-0.00214248782403834,-0.001444862048703951,-0.000710555493858522,0.00013462355329023305,0.0007100509632246927,0.0012434177025972494,0.0010301051432434532,0.0020128196464451447,0.0017718658389041194,0.001985020246910375,0.0024019301170364023,0.0026427321742790175,0.003063996296907663,0.0036516178577802954,0.0025084458710486306,0.0025315999685146784,0.003147302247314557,0.003998476363800453,0.004839686461706231,0.005417031016179516,0.005052188021620735,0.004742659864791982,0.004839686461706231,0.005005995871506642,0.004035467504426431,0.0040493388293925,0.004899745828098284,0.005255408137416602,0.006238594802813129,0.007773755109010088,0.007345253774329877,0.006944231392367962,0.0062893434608679724,0.00708714286817208,0.006976503510873846,0.0069350105957831296,0.006653735449198847,0.00713323898780876,0.007303776157259103,0.006607617220499733,0.005500141183371163,0.0053570027105065,0.0058463592164797315,0.006884294694723649,0.007050264442507953,0.006994944253851982,0.006469249771682434,0.007336036674766773,0.007746115401804951,0.007847457260225087,0.008013267242365927,0.008791285728474606,0.009858349885762754,0.00969284557997452,0.009798587601722539,0.006958062427828436,0.004964421111998855,0.005477055718671342,0.0059571236759699275,0.0056063274572791325,0.005347767266720342,0.00518151469173151,0.005361620400415074
2019-03-05,0.0,0.00230353687689863,0.002368088702815736,0.002593987284533732,0.0029396516202557688,0.0028336605925275192,0.0025156200880801973,0.0019161383912093218,0.0019299766359664912,0.0022758705330043834,0.0022850927326833847,0.0029120028699774715,0.003377321656289797,0.00408179833524721,0.004307310167520062,0.004836372979614972,0.005558207113251026,0.00556280311335197,0.00586149781971567,0.005967168426156681,0.006435660075364859,0.006596366449095724,0.006353001025529348,0.006325446490510556,0.006045265611252129,0.006072827867500218,0.006095795834078247,0.006366778008324545,0.006426476073895485,0.006555044419627496,0.006752456485818546,0.00696818789645989,0.00719763831781976,0.00703702855102403,0.007014082192724813,0.007160929788129992,0.006853442939948752,0.007050796113270972,0.007193049825300097,0.008073654564088146,0.008096576622214907,0.008293684635752129,0.008623638995059817,0.008889356410734628,0.008559489728859638,0.008802318826476576,0.008605311053195577,0.008472423427816464,0.008220346657647478,0.008903098494722015,0.010157413226618187,0.009622004140703334,0.009452627058848731,0.00953045252383782,0.009946944704611315,0.009960672262913748,0.010180287570983293,0.01028092847061478,0.010180287570983293,0.00983711745361432,0.009992702499459657,0.01104455431278747,0.011359894231264007,0.012026807589224904,0.01226423099846181,0.013350180832098007,0.013856250256473508,0.01368303009321349,0.013774202340444621,0.014457729366373488,0.014580714628794683,0.014967791723445503,0.015327411440854297,0.015582253440194857,0.01526824240171955
2019-03-12,0.0,0.0015171100411951592,0.001761589800600157,0.0019304681819023852,0.002285908420590464,0.0031251345169360256,0.0031384498893117746,0.00244137380653553,0.002490229365086373,0.0025124356481330493,0.0028809879301132926,0.0035422652846029763,0.004096691057869129,0.004176503056315439,0.0045577391524648705,0.004672967970433403,0.005085023936121532,0.005939609414571673,0.005740419012234431,0.00532863307311179,0.005952887364102229,0.005576610508435886,0.005820099934450425,0.005607603364585036,0.0052754870499718545,0.004752733990151277,0.004934399508984675,0.00512046168086705,0.005399490043917356,0.00512046168086705,0.005049584935497534,0.00410112522489987,0.0036930995313609306,0.004167635371047296,0.0036620472815120228,0.00303636083649855,0.0032272145077930875,0.003107380411298467,0.00377294374646814,0.003919308252006395,0.0033692215107520344,0.0033647840971428268,0.0037374582156897047,0.004185370662948438,0.0044956873657967114,0.004158767607142391,0.004464660028494033,0.004819200813261121,0.004797045696425167,0.004566603379105668,0.004726146023863339,0.0047837523907121055,0.004309508899901582,0.00423857465148671,0.004136597853336781,0.0035156451144986037,0.003874957633751429,0.003715279119486927,0.0036620472815120228,0.00403461065485889,0.0044247663230503635,0.004526713740433819,0.005138180082313278,0.005643022595460246,0.005921905207608868,0.006523672474585911,0.00616088555925087,0.0063511438908167,0.006842108602086079,0.0071781256536915935,0.006598867927507941,0.006346719689551053,0.005554472165932647,0.005324204345728644,0.004978703166258906
2019-03-19,0.0,-0.000728616555249887,0.0002834498040279551,0.0007368024416740314,-5.6699603336006955e-05,-0.0007897223075024962,0.0,0.00015263680102901706,-0.00039260164524522494,-0.00032279453099939295,-0.0005540492634799505,-0.000497321454401851,-0.000680607512082637,-0.001108405667725351,-0.00038823855783742025,4.361374792455293e-06,0.00012211130460566916,0.0003706489669714122,0.0005363064313087488,0.0013032043668977564,0.0015601579010959298,0.001747387534433308,0.0013598269188042625,0.0009721160417068996,0.0009459728204248448,0.0004491217129909945,0.0004883557768822479,0.00029653016321490777,0.0006409180607302128,0.0004839965124644106,0.0006845030099826339,0.0009329009534789541,0.0009154715317431632,0.0009634017105535518,0.0015688670334922101,0.0013946699726272178,0.001281425608591146,0.0008544661632516337,0.0005668192870311699,0.0002747294695158734,0.0002180454415338148,0.0005973312117474123,0.0004709186051908432,0.00023112665625548123,-0.0002529922894465026,3.48904657476224e-05,0.0004316838571493177,5.669638867336875e-05,0.0001613582002903644,0.0004316838571493177,0.000579895940192627,0.0013511159656517187,0.000989544476198202,0.001216086487640363,0.0017865706961277242,0.0022958121332698803,0.002743904160596661,0.003217880066273754,0.002843936127417098,0.0030048361240678834,0.0032961297087562382,0.0033526395316997738,0.0031135376840423458,0.0034265321744168936,0.003939283618530681,0.003152667353249549,0.0021043329560452,0.0028874251660117494,0.0031309288371634022,0.0036090670629908236,0.004699236320910428,0.005900953576115704,0.0060656975080589995,0.006191404883129478,0.006130720537071192
2019-03-26,0.0,-0.000497067094496054,3.518122730060796e-05,0.0003957174628990163,0.0011866829213706344,0.0014765469069218055,0.0019111854064905376,0.0020472455013718777,0.0011691127063985587,0.0012789214855011553,0.0013975014249887874,0.0017751067967406154,0.0017268163869871512,0.0017487668623255748,0.001630228571025871,0.000984606808276011,0.0007385459772822999,0.0009143098916456147,0.00023744926832086898,3.957879368755402e-05,-4.397827473936818e-05,0.0005231930723721224,0.0008088552502254472,0.00025063924130368703,0.0005407746398572679,0.00025503586030363847,0.0002242591213603689,-0.00030788854677913117,-0.0003210858888346099,-0.0002551009201865242,-0.0014831345703403358,-0.0006026706851163128,-0.0006422749069314657,-0.0006906821970788773,-0.0005058669677779573,-0.0006466754728443156,-0.0005322670522597152,-0.00042667089586175525,0.0002462426029731699,7.915602095597303e-05,0.00011873168192990721,0.00017589376062234155,-5.277416178266525e-05,2.1988412107704526e-05,3.518122730060796e-05,0.0001231288809138947,0.00018468763656732303,0.0003297754259256033,0.0007737012316779952,0.0016170567823627726,0.0032621872393214387,0.003336702397711716,0.003016686262660469,0.002959686343760441,0.0026220048093192876,0.0026044597953924394,0.0028062088728555983,0.0031525960363167982,0.0029333775930297764,0.0033849151298269626,0.0033498515551795074,0.0032402699595179933,0.003980807869243581,0.005162779009161767,0.005805709745683212,0.006408901434681851,0.007906564618207884,0.008495409300180716,0.008739569086532993,0.009005461035714599,0.00921899517910994,0.009410701276822375,0.00960237063035088,0.009872387834700224,0.010581924162908558
2019-04-02,0.0,-0.0006725453953895804,-0.0016886466127435007,-0.0001798722911586313,0.00036392828873711925,0.000188402943068853,0.000188402943068853,-2.9976468474482706e-05,-0.0013798484356300057,-0.0013283913422583512,-0.0009725522549393283,-0.0005568525127294512,4.282279285977683e-06,-5.995383556467603e-05,-0.0004883000829474484,-0.0011397379836689111,-0.0011826106219290022,-0.0008911129218395115,-0.00039404816463696544,-0.0006296946189268593,-0.0004797313596443277,-0.0009725522549393283,-0.0009596929719299123,-0.00030408871058715714,-0.0001413255049920581,0.0002397794040980227,0.0010742771597969396,0.0015447124494081363,0.0013095224682724968,0.0007191657987054193,0.0006506960965219,0.0012368161909088163,0.0014249862801177437,0.0017413743284195775,0.00212176254268124,0.0021046695482448215,0.0020918496106777464,0.0027796207680618485,0.002493462905203109,0.002215768789893079,0.0023439448869354645,0.0025575352129600273,0.0027625390147900625,0.0010443328775484643,0.0008774840315199485,0.00037248971267319736,0.00042385671708919327,0.0012753084080011049,0.0018311418946032546,0.0020704826828351936,0.0022542233440920197,0.0016131209680057851,0.0015318853311697272,0.0016943500061489744,0.0009502164383317219,0.0015147822509047827,0.0017029000474029724,0.0022627685997661184,0.0013351822452904328,-9.421478408237408e-05,-0.0010797193778832401,-0.0005997001678980617,5.995024131765391e-05,5.995024131765391e-05,-8.564613586095659e-06,0.0001841214521678646,8.564210170948809e-05,0.0006207391275657898,0.0013266290594424852,0.0012496470945681474,0.001809769395452006,0.002493462905203109,0.0027582685308803947,0.0036888029296202555,0.0034541167359852932
2019-04-09,0.0,0.0009585617127966252,0.001398674077996943,0.0015453351660538444,0.0007815992089629742,0.0013339638181625914,0.0020671016809126063,0.004400935565464967,0.004121335005302677,0.004160053592164961,0.004289104722401727,0.003927719580862909,0.002791086732941089,0.0027350827868022538,0.0030366054786689256,0.002153317868055094,0.0024076123208499676,0.002549816616952057,0.0024334691515794753,0.001791159920119149,0.0013684764778408877,0.0006909477486568476,0.0004534883045345605,0.0010966570333109371,0.001195901266978773,0.0015582748176752649,0.0014849479111968182,0.0009499301220374684,0.0009283508191777111,0.0011182327045849464,0.00021165346791144357,0.00020733445713773328,0.000604605383858344,0.00033257819673400977,-0.00038022485573134,-4.320008986288334e-05,6.047699068352396e-05,0.0003671254336061506,-0.00023330265941235134,0.00013390841980005788,0.0007859157401984112,0.00024188602103144673,0.0006391432243834141,0.0013469062051272155,0.0016100317498809868,0.0012433624189562642,0.0008549777060747278,0.00043189828603097604,0.0011915865050997562,0.0012563059785647883,0.0016272834653488183,0.0015970927679630179,0.0011052873576818164,0.001182956925489589,0.001575527426054369,0.0016833494852583097,0.00304521907695668,0.004396634610437745,0.003906204441734332,0.004968499313378179,0.005333805540754414,0.005999608835517888,0.006016784989863181,0.005802061853049831,0.00486103090361371,0.0050243783224429624,0.005656023779805728,0.005518556696511638,0.00535958682096831,0.005299429466498593,0.007158337625245951,0.007852930973070837,0.008551325337180048,0.00874404771263015,0.00861128738978466
2019-04-16,0.0,0.0007157068122987455,0.0010563396261961285,0.0012691762280842226,0.0019031607996689553,0.0022306329515145258,0.002217876303706306,0.0026472606539297366,0.0028895051137724477,0.0029107518284999852,0.0027025145562508293,0.002706764729976599,0.0037347760011945093,0.003705054975477217,0.003726284369697253,0.0037347760011945093,0.004155021660065348,0.004048915685562788,0.004104092197360119,0.004104092197360119,0.004180485418772062,0.004180485418772062,0.0039003484044739917,0.00397675719152164,0.0038451606493493167,0.0036498564411966247,0.00362437916692376,0.003777233077097162,0.0037008090425503007,0.003662594834927766,0.0039088385580185155,0.0038876130390007113,0.004023448576332844,0.003874877511335832,0.0040574045778473304,0.003607393956795201,0.0029702402282796724,0.0034077961245293433,0.0035606831413218915,0.003993736129150011,0.003709300890376263,0.003942798451387675,0.003951288244533961,0.003951288244533961,0.0038621418214752215,0.003985246696371366,0.004452058507548123,0.004536909975105175,0.004422358792875514,0.00443933016641148,0.004469029377051121,0.004121068973131142,0.0038154429042446714,0.004112580621272106,0.004341740834969484,0.004634480262909066,0.004681140948532597,0.005770685037645661,0.005948630027692783,0.005897791832946076,0.006202782240820487,0.004872002902902223,0.00531720584859516,0.005503708167698564,0.006228193909860193,0.005821529694518788,0.005465562795681325,0.004761731550439656,0.005113709095361935,0.004023448576332844,0.004231410991059238,0.0037687418061236265,0.00409560370139418,0.004345984047420686,0.005147628096789745
2019-04-23,0.0,0.002730665239400204,0.0030317016670810886,0.003014502026553094,0.0035303626008826284,0.0034744905564454997,0.0019432416013931116,0.0016677120663281203,0.0014136410068847098,-0.00038392435867669886,-0.0008241088980451074,-0.0008629580145564099,0.000530349590415171,0.0007286194708526817,0.001366264685991617,0.0009053051496452567,0.0014351749562335136,0.0014954675475841565,0.0010733430490499456,0.0007286194708526817,0.0011164251419847166,0.001224122254729194,0.0016117358518987468,0.0014868545428080525,0.0016763235135250718,0.0013533434816490634,0.0014825480126011183,0.0018054863234261726,0.0021498389439088468,0.0025586037269850425,0.0026833512746745887,0.0030703997766832274,0.00334984166856071,0.003818269028985769,0.0033799307537471534,0.002734966397917105,0.0025456979200170304,0.0022875467969167874,0.0022531216114478076,0.0019776774560084512,0.0014179478338515526,0.0016074298594645209,0.0016289596362232246,0.0017322961127995758,0.0017667392321439775,0.0024338406154032644,0.002786578857176176,0.002773675992094818,0.0019733730390308936,0.0016074298594645209,0.0015557565039576106,0.0017882655793173363,0.0028553913260229093,0.002868293136792218,0.0029112979705421915,0.0028897957848440597,0.00279518067474042,0.0032939595368575328,0.0032681667304698286,0.0028037824183138136,0.002937099983100356,0.0033799307537471534,0.003014502026553094,0.003044601203342705,0.00025443043297724394,-0.00014665033410793263,-0.0008197924227062445,-0.0002846938266549646,-0.0007550475283581472,-0.002431131759487805,-0.0019859179090090037,-0.002106927300349737,-0.001631617475821548,-0.0015970582997088627,-0.0015236240158004407
2019-04-30,0.0,0.00020892181496884804,-0.0012587178528798621,-0.0020830761921596694,-0.002215549446644191,-0.002390782967128155,-0.003323028463220882,-0.0058590242363186825,-0.005528809357781151,-0.005957681003073308,-0.005949101767397293,-0.005605992681076146,-0.005082977874694322,-0.005155840586376684,-0.005503082907129626,-0.005434482274261785,-0.00548593230771562,-0.0054559194665048626,-0.0046759015979772394,-0.004170500650086083,-0.00379375767424106,-0.003121966255179913,-0.00315618675497359,-0.003164742062900631,-0.0028396918055585783,-0.0030150347404359294,-0.002711411572938865,-0.0022240967108787114,-0.0021813611202449704,-0.0020702571310702673,-0.0029508813196465434,-0.0026686551519868296,-0.0028952850172140007,-0.003134798805371392,-0.0031946862170553897,-0.0029380511293532713,-0.002215549446644191,-0.0019805283043424996,-0.002266834127921212,-0.0022540127110262645,-0.002493372936483814,-0.0024677244574372336,-0.001408162452977352,-0.0012160234974940953,-0.0034257141211197512,-0.0029123912425976267,-0.002732790468976193,-0.002283929606167657,-0.0016729477222137462,-0.00219418160567145,-0.0021514472934309613,-0.0026686551519868296,-0.0023010253766743635,-0.0039735491166528305,-0.0035284103244457208,-0.004341794389290556,-0.0039735491166528305,-0.004294685685948974,-0.0021984551373395397,-0.0018865353110238473,-0.002617349859834617,-0.0027156873155818446,-0.0028525207339368647,-0.002664379610435896,-0.0020958954175793938,-0.00260879923371501,-0.0017199330777413944,-0.0012757961054333897,-0.0010623389091942606,0.0008226436307321311,0.0013550830463822056,0.001759547487764139,0.0018319080819186664,0.001610553304647027,0.0011464005772946974
2019-05-07,0.0,-4.298025058148565e-05,7.306218669792867e-05,2.1489432572308584e-05,-0.0001805294676274814,-0.0011094818826160046,-0.0014107165165485526,-0.0021168217727872553,-0.0024269767666150865,-0.0016044152811408182,-0.0014580616388262173,-0.0017163472266350035,-0.0016905156656322419,-0.002043604768320586,-0.0022589642040498296,-0.0019574739786633088,-0.0021642003383023,-0.0025777813091336717,-0.003112243347036041,-0.003621109707288834,-0.003245903501203073,-0.003155357573875298,-0.002957047519767991,-0.0034442708523124985,-0.0032933355924712406,-0.003310584183477416,-0.0029398050256407627,-0.0025131480061555338,-0.0028751483203945548,-0.002901010500836523,-0.0027673964340935676,-0.0019230237398767443,-0.0018455150416396393,-0.0011266928460002418,-0.0014580616388262173,-0.0013203365980442071,-0.0016044152811408182,-0.001367677441365548,-0.001397804599494537,-0.001561367868714123,-0.0013117294127658154,-0.0011783275135274494,-0.0005760888883891474,-0.001001920072117993,-0.0017292632573667171,-0.0017077366321594394,-0.0016689898745047126,-0.0015785866113158956,-0.0030691309789532013,-0.002926873350148056,-0.0030691309789532013,-0.0031726037850988344,-0.0026424187898457974,-0.0028492868087878886,-0.0026941317827466394,-0.0021297429771298124,-0.003772094451645707,-0.005525185478416835,-0.005110383972270445,-0.004695754455074859,-0.004903047723968239,-0.006688411247245534,-0.006212579181029278,-0.006182306619860381,-0.007264038014635929,-0.007069239987107529,-0.008268932628587555,-0.008897504944851227,-0.010233991659592644,-0.011280996171337545,-0.012198569059905103,-0.01242047848261124,-0.012803496846060075,-0.0124683477559865,-0.012220322708536626
2019-05-14,0.0,-0.0005849163736372358,0.0023900993025470435,0.0016179851529053056,0.0007284172983946716,0.0008093198109113364,0.0014742702112442712,0.0020804274400440916,0.001168807365279452,0.0010070539579955058,0.0005126452607144874,0.00049466215584109,0.0006699836351940888,0.0009486365747632422,0.0007104380733887402,0.0010070539579955058,0.0007733639467306358,0.00049466215584109,0.0005531060643164457,0.0012406893709980527,0.0018514778909948218,0.0011418502809560375,0.0011867783511232326,0.001447321360161747,0.0011867783511232326,0.0013529946618182434,0.0006295275603718807,0.0006789736517808114,-0.0003104130092474114,-0.0006749338821034437,-7.197124751779254e-05,-0.00018443669262838103,-0.00019793339605867326,-1.799232627338194e-05,0.000310316682911165,0.0010564813861843713,0.0010295212736691798,0.0013080740589762364,0.0010295212736691798,0.0004541989874344617,0.00044071090078688836,0.0008587570133150687,0.0010205344079732522,0.0011418502809560375,0.0013934214791777788,0.0019098425579400344,0.0024394584192981104,0.00303606228082761,0.0035202608296219327,0.004250598318315135,0.005928800217194707,0.006188110810144296,0.005924328755183083,0.006460761490442813,0.007617582283215957,0.008844403876574595,0.00916090260096275,0.009004894621952694,0.010608387014877886,0.010959920751274603,0.011529232211145738,0.012578051274913574,0.012280405120681069,0.012857846715185138,0.012609143523396508,0.014698989897215667,0.009553043741147361,0.007974631100044902,0.009000436893477345,0.0061121129469887845,0.005843839019816862,0.0077827332069858035,0.010626189161817217,0.010287894165356824,0.010777494616667565
2019-05-21,0.0,0.0023024481051521495,0.00059087687845352,-0.002625178263190715,-0.0020835145807681786,0.00011398200363152136,-0.0014322140713842945,-0.00021111209708494618,0.00031658460354702634,0.0007258854432644546,0.0012615210383003631,0.0011308018082612867,0.0014090867316526525,0.0002659378016708307,0.00041787051265374995,0.0007090103694355726,0.00026171711905981736,-0.0010052926543687199,-0.0011447617843707647,-0.0017070619025567172,-0.0009714848853402215,-0.0006757156507897075,9.709660064005941e-05,6.754645932485305e-05,0.00039677012757089727,0.000291261523246357,0.00013086712151118537,-0.00024489416894258204,-0.0005405359883639905,-0.0005616566061006452,-0.0017620405349135363,-0.0016394000426755073,-0.0020581312931233493,-0.001512546393560267,-0.0009545814294281131,-0.0003631404084276545,-0.0011109492999530292,-0.000929226781285945,-0.000963033121668259,-0.0011743486461156904,-0.0027564065816035144,-0.003739049461543219,-0.004294330687595823,-0.0048541627526021,-0.005155414221359828,-0.006174401436326639,-0.0060554660775539535,-0.0071859235231773195,-0.007896300371796266,-0.0066460344211367985,-0.007909066247758846,-0.008534793889367214,-0.009987821106972973,-0.009318569769599917,-0.00782821845220011,-0.006790543091908572,-0.007845238497558976,-0.007845238497558976,-0.00877752835821471,-0.009591331526683485,-0.010004877948899139,-0.010299154276492327,-0.00991106891843188,-0.011349018658759983,-0.012160644603577998,-0.011703490019691202,-0.013054194643043781,-0.012729174967939292,-0.013631792834747448,-0.013409271063069586,-0.01286601248215732,-0.011835915172974536,-0.011494208601622258,-0.011682132766233142,-0.01159670831343165
2019-05-28,0.0,0.0013038166777694646,0.0014671979156830595,0.0005074747787000427,-0.0014063371439317982,-0.0013601274907270556,-0.0015323743250670408,2.5170107981094313e-05,-0.0004112014693355915,-0.0004657613078519347,-0.0007008223408522922,-0.001423141183623374,-0.002284726511798931,-0.00125931384047343,-0.0006336564073884389,0.00016778875435235414,-0.0003734310171559456,-0.0003020907218187507,-0.00035244804903032667,-0.0002936980804865466,-0.0005245213862716541,-0.00024753981216887395,0.0002516725753096653,-0.0002517359303398864,-0.0001300556514159529,0.00023489637402825938,0.00021392572664267058,-0.00013425127663768894,0.0002936118472499815,-0.000503535247615501,-0.0004363825633716342,-0.000650447467828294,-0.001675235669971464,-0.002259498831987303,-0.0019820363507016187,-0.0014651525182876844,-0.001297117768306148,-0.0010493180396177462,-0.0013013182929516086,-0.0009485357167517374,-0.0017046508334903061,-0.0023730284034089773,-0.00324805895910271,-0.002797827418879638,-0.002835689554434928,-0.001742471600878188,-0.0012761154097404332,-0.0011921103861906566,-0.0014903601662893137,-0.0008309691760538293,-0.00044477640229376717,-0.0008519621874810611,-0.0015491804828436841,-0.001977832965715646,-0.002423490128201443,-0.0024445165984255464,-0.0020997383042696133,-0.0022132497385664346,-0.002049292913496192,-0.001906378124094464,-0.0019442065218770793,-0.0024445165984255464,-0.004326071814370013,-0.0045030443208889,-0.003715335900753094,-0.0037953421328600955,-0.0028525176303972983,-0.0032312242256805,-0.00344588830878421,-0.002141778073897797,0.0008218960261051771,0.0007967459640670295,-0.000285305509590291,0.0004613513481988603,0.0012325908604757245
2019-06-04,0.0,0.0022269553631657163,0.002102675152557935,0.002119246739743623,0.00291436014740592,0.0022808053247587905,0.0014147119936168103,0.001642704027319248,0.0012695990851544529,0.001194961388936608,4.981857735792701e-05,0.00027397146717062653,0.00012869291604775845,0.00019925941981815908,-0.00016607985157414873,-4.56692096192204e-05,0.0003735788481597242,0.0004731763085068573,-0.00018684177255090677,1.6606468219870576e-05,5.397001344326819e-05,-0.0006354045103238982,-0.00034464646050816154,-0.0006312502286096681,-0.0014624501966703431,-0.0015123441719830841,-0.001150669238972609,-0.0005855542687475931,0.00011623948668439852,-0.0006769482766878029,-0.0008057449215054309,-0.00038617814919255364,-0.00034464646050816154,-0.0006395588092962566,-0.0013418833661222524,-0.0011756081386696013,-0.0012670560923775118,-0.000992737315615256,-0.001001048900302099,-0.001578873345050028,-0.0019199048438616256,-0.0020613422642787524,-0.001578873345050028,-0.00010379667486287421,-5.3972926362830274e-05,0.0006806391630271396,0.000983457658839813,0.0008341339704332213,0.0008922069432879503,0.000983457658839813,4.151642908925458e-06,-0.000531552644531835,-2.9061982984162155e-05,0.00013699511613066484,-0.00019514666163921948,0.0002573692723599738,0.0006018083484356937,0.0005976591860478155,0.000717977906333661,1.245487701849559e-05,-0.0002781993461573854,0.0003237763978689683,0.00046902661236832173,-4.151737710410872e-05,-0.0012171743536560104,-0.0007558861879070271,-0.0006644849655597972,-0.0012961549223988443,-0.0009802700681132421,-0.0028687504862710054,-0.0030894445073998264,-0.0028604233635833474,-0.0023900535318408197,-0.0015913480577679285,-0.0007974349599390077
2019-06-11,0.0,-0.0008383459925543798,-0.0006035382612696262,-0.001849487514734816,-0.002386941340235116,-0.001866278575174704,-0.0009977112160449281,-3.771047157396522e-05,0.0003435188089381889,0.000879507532507551,0.0006492350773090312,0.00043147416118260025,0.000879507532507551,0.0004607908928717031,0.0005361728280455304,0.00046916694406621255,0.0005696740864396025,2.5139524361407947e-05,-0.0008089920107894679,-0.0006119233023563012,-0.00016342231505225992,0.00018434183732096186,0.000816711212351341,0.0005445482478635334,0.0006911067406669316,0.0006492350773090312,0.0007706580712051142,0.0009088111324569152,0.0010720583288394898,0.0016829523451768636,0.0017666074019646043,0.0014528648481621938,0.0018795306289286905,0.001691318165780291,0.0015490896964206794,0.0017080495970289884,0.0015323556053114587,0.00116831982536164,0.001377551985944851,0.0018251617780844843,0.0017958850186014146,0.0021596924555761774,0.002000804337564564,0.002176416052153318,0.0023310960634148436,0.0017958850186014146,0.0017624248153274157,0.002222404500699389,0.0024773929753480364,0.0024355960415648357,0.002117882240498384,0.0021387875665490413,0.0021555115127318432,0.0025275469899784368,0.0028200619521149195,0.0038056252018963672,0.003404835306456419,0.003429889381502921,0.004172874881550597,0.004502450087128644,0.0046108941238556566,0.004485765345324566,0.004026825821325265,0.004994524775645554,0.004389822677252375,0.0036219497725603574,0.002999707299261338,0.0030581895185947104,0.003196026933317231,0.0020258936135728904,0.0021304254885728016,0.002297653763919293,0.0023352762722161865,0.0026779939430845267,0.0021973201545841593
2019-06-18,0.0,0.001899360178813783,0.0007062645960643829,-0.0011224884431238512,-0.0004582686519516325,-0.0011953652106857116,-0.000899604234833213,-0.000625353387864531,0.0004708984829904664,0.0014889932794042123,0.00243343981209882,0.0027751011436307764,0.002544492549449316,0.0020916617082036614,0.0019335498202104641,0.0015958758775226661,0.0011383381494042366,0.001116952761183862,0.0010356841147965941,0.0004409388215326085,0.00014985538982958933,0.00022691513257380632,0.0008474576778379182,0.0003253717186497344,0.0003810168057380411,0.0016685495194658105,0.0017369434170470875,0.0021472085994078596,0.0019292761789613336,0.002360821738282609,0.0025316794014508376,0.0020745697363022497,0.002134390359907609,0.0015830505689134646,0.0016941977792328663,0.0019549177525007093,0.0024462542189094627,0.0026000142937006167,0.0024889677223627654,0.0027025078772648144,0.003351390072421769,0.0034708750921294274,0.002958695886505434,0.0030398084088291088,0.0031721357698384542,0.0031721357698384542,0.0034538066776567283,0.0036074119210177174,0.003005656569749303,0.0006506376049780826,0.0006078455061046367,-0.0004411333343482366,-0.00024409828288842188,1.7127466890860182e-05,0.000642079331695371,0.0009586866727846786,0.0008175092960109115,0.000830344426619275,0.0020104722397148965,0.002138663124664081,0.002412082102498871,0.0018352514503884886,0.0005393743388585531,0.0005564925702032846,0.0005094167288744237,-0.0002226837685581669,-0.0008396054347911877,-0.0023921610296283456,-0.003061962046490252,-0.0030576670212033455,-0.0001498778498331339,0.0010570712410307808,0.0016258009579483447,0.0017198453811835648,0.0017668642763764128
2019-06-25,0.0,9.86978323753956e-05,0.000990827421890808,0.0006821033929914187,0.0013851694758651406,0.0016379809334269963,0.0028925223875763736,0.0026999476412334364,0.0036538992331614393,0.0039659817451799095,0.0038163652973510517,0.003688104808673727,0.0032647284400076702,0.0030294418705768453,0.0033459963911805137,0.003705207157681742,0.004337788538142147,0.0038762145627189402,0.004017273660302921,0.0037180337274935363,0.0037436863735654385,0.003281838031217363,0.0033117791114507687,0.0036367960066373767,0.0037565124498337658,0.0037650630759535073,0.0039659817451799095,0.004132670851150499,0.004504415684653177,0.0041241233677431575,0.004559951897482261,0.0043292428078027445,0.004965699856691095,0.004940078539754171,0.00483331598597774,0.005563344301659079,0.006301369031256183,0.0065827841246371786,0.006514569555684101,0.006378126456508622,0.005716966587434179,0.005819368335180148,0.0062032815243273495,0.006663782881990098,0.00678739991657475,0.006612626535394807,0.006808711654015069,0.006996235361396872,0.008086585446207424,0.007958871525216415,0.008405798906957399,0.00909495242402911,0.009367079781310914,0.009872869812729073,0.009617881604551957,0.009677384668977527,0.009647633579341466,0.009715634769388564,0.010284963274559225,0.010713869887782534,0.010909152538813338,0.011138348740252801,0.010476083003156543,0.010599229698628027,0.011282630514320206,0.011350520617242288,0.011134104843506867,0.011371735329221444,0.011868031148678168,0.01221571565817183,0.013241104717880377,0.012419182220416028,0.011278387229848351,0.011359006556041619,0.010518549093989416
2019-07-02,0.0,0.0009313754052672604,0.0002445173324379692,0.0007923563320477923,0.0008260597002815204,0.00044683129911417247,0.0009313754052672604,0.0006448907386633925,-0.00014758249361086255,-0.0008478419556907168,-0.0023597112600684117,-0.0024146545733753806,-0.002144193562484484,-0.0024273342282353275,-0.0024822812571999313,-0.0017048503734745056,-0.001903375794884327,-0.0018780299294273077,-0.0017935483505853228,-0.0030107722164506917,-0.003074209904802627,-0.0036622573293687605,-0.0033195401713281675,-0.002820483293863281,-0.0028120268487835135,-0.0022244790407862014,-0.002144193562484484,-0.0021653206950052904,-0.002203350658395529,-0.002583729858775668,-0.0028543097893146815,-0.0028500814148076626,-0.002587957107196263,-0.0021610952327925422,-0.0018188920748469241,-0.0021399681895426154,-0.002089265106784281,-0.0021991250354857802,-0.0027232384926839993,-0.00247805445547286,-0.0024146545733753806,-0.002393522172543697,-0.002452694020286357,-0.0017639814840586048,-0.0011263946651508215,-0.00107996382493417,-2.108187991414725e-05,0.000653317929838476,0.000488974890765806,-8.854688246969148e-05,0.0006828125397006214,0.0007670780604061742,0.0008639746318177408,0.0013693697351890904,0.0011419735468853882,0.0015419878685210304,0.0019965467227786144,0.0026149200001536386,0.0022868511868809867,0.0017187853096280988,0.001790337293226824,0.0024508990471604217,0.0024424869910014972,0.0026065093236408354,0.002648561998827906,0.002501369898151894,0.001748248511143756,0.002707432773289865,0.0025728659101767574,0.002909249121099141,0.0038505205793069827,0.003989115188198584,0.004316626108156635,0.004341814813542438,0.004110894595451397
2019-07-09,0.0,-0.00017858970804499454,0.0012100847665279834,0.0026533060080742147,0.0030354976210148384,0.0025056019372553594,0.0023274591836097485,0.002001506148382668,0.0005616962503147293,0.000178557819455953,0.0001263002943602721,-0.0006709655183753089,-0.0003267126852390375,0.0003788530378596253,-0.000888908313613421,-0.0016040942706340288,-0.0012726030368500965,-0.0011199795477989135,-0.0005140761120105562,-4.7911181390096576e-05,9.146042709682062e-05,0.0009446879423357985,0.0014884581975817038,0.0022579314507072024,0.0017189275516136383,0.0014710621282232256,0.0017363193096598497,0.0042722756468504385,0.004870587385105063,0.005451214391906289,0.005485868028808993,0.0052042724631612925,0.0065032832327632205,0.007389971079436302,0.007536955520965642,0.006386441339185709,0.0051652760573250665,0.004640843331973043,0.004094447363444034,0.004575811845872393,0.004341663472784089,0.0034956709321376147,0.003795103964442101,0.004185534093254829,0.003894895054048299,0.004363346181041819,0.004428391485119136,0.005199939604276022,0.005507525942069786,0.005065611666246232,0.004710205589395385,0.004532455172189607,0.005264930516403131,0.004649513877263646,0.004723210477066005,0.002827047576615783,0.0028574492478414884,0.003378477073829911,0.004376355580333145,0.005611477396834192,0.005620139530317458,0.00505694472801527,0.00432431696767086,0.004723210477066005,0.0049312656817973415,0.004376355580333145,0.004718875533301079,0.0051479438332537285,0.0054122276149165234,0.004601824947806067,0.005793366445016521,0.006771535183525265,0.0064037521108139175,0.006460010049148351,0.006066138000531404
2019-07-16,0.0,0.0008377198964740182,0.0008161379855675756,0.0007039045398829941,0.0024938206760722753,0.0031184585679606314,0.0033811207149036615,0.004099859381058811,0.004117068345208745,0.0046202995733686065,0.004336456682802493,0.004078347759404554,0.003574843661561974,0.003424173501932578,0.0032304213619799176,0.0032476452946348503,0.0033768153342542224,0.003536102074400483,0.003596366117016752,0.0034155630928087827,0.0035274926289779254,0.0037125793727757752,0.004026717979335919,0.004074045379543162,0.004211712354743701,0.004190203139119389,0.004529994665235541,0.004448283196985503,0.004246126137467244,0.0044912900651888615,0.004538595484033475,0.005037316447099395,0.004951347816999576,0.0049083607303136954,0.004757891373114429,0.004942750547492387,0.004052533202574511,0.003884722337933255,0.004263332584723318,0.004246126137467244,0.004654699298174368,0.004904061920009696,0.004942750547492387,0.005041614684607298,0.005075999919590732,0.004706296666719829,0.004646099477910406,0.00477508901703772,0.004456884718594661,0.0043020460086080166,0.004198806880886889,0.004409575434138921,0.0034930541060428236,0.003484444289991338,0.0037900473742262016,0.004250427777037139,0.004207410548630432,0.004461185451654804,0.0055529730827795516,0.0066736089998620084,0.006785174478185758,0.006076951551522501,0.006660735259074483,0.006875275971142582,0.007214156510417625,0.007372833232661083,0.007492896180093311,0.00677230217359263,0.0068409525501238935,0.0066521526731413575,0.006866695226334169,0.0075400598229361385,0.007565784508774846,0.007561497107090133,0.007106928253524629
2019-07-23,0.0,-0.0011336244330121226,-0.0017119589781311908,-0.002264116935835092,-0.00218900553897074,-0.0018002837660987781,-0.0008776747036717469,0.0004231255820500909,0.0008240481498884336,0.0005949692223856209,-0.00020722053409194112,0.00041431229160819637,0.0016826270564939438,0.0009738021571890308,0.0006169983228282666,0.00022480775725515348,0.00044075192991548145,0.0003349891821004999,0.0014141251852714,0.0012248100432370298,0.001048670751830446,0.0004936291094590394,-0.00014549077812527165,0.0,0.00038346516336307707,0.0006698661840271934,0.0005376912900152801,7.93496852878738e-05,0.0004715972911060128,0.0006258098271284106,0.0007799985853113358,0.0004804100766954758,0.0008504769572900349,0.0010354590541931676,0.0010222471820046286,0.000876905066228235,0.0005376912900152801,0.0010222471820046286,0.00038346516336307707,5.730873761432395e-05,0.00041431229160819637,0.0017838467539335306,0.0015329791688908176,0.0014801569201471545,0.0014361362480325031,0.0008240481498884336,0.0009826105180853232,0.0012556312297232028,0.0010662860771638654,0.0017662440642419457,0.0023073850930767567,0.0022150158889037417,0.0022677993360269767,0.002316181715173779,0.003195453383219309,0.0028130652106170277,0.002738328602173428,0.0031602973563742134,0.0031690864789562356,0.00416176010264661,0.004065171438568442,0.003520588053348012,0.0019818556649814287,-0.0006350242536881143,-0.0018841995412096054,-0.0023790041035067788,-0.0034091594474056283,-0.002949216489913018,-0.002683960980990285,-0.001716375032254505,-0.0012836943923775416,-0.001429372069738488,-0.0015618247401779472,-0.001354323343213867,-0.0013366656378321874
2019-07-30,0.0,0.0026947820552300082,0.003532075508679133,0.004582154583567421,0.0054934054828636005,0.005466746517674138,0.005919852298971217,0.005266781621956029,0.004760024854354528,0.004390908749808538,0.003607753662880657,0.0036478162495489222,0.0017943549601861437,0.0023338170715981182,0.002819529775404372,0.0026012110514789877,0.001977180507221226,0.0017854357857450022,0.0016962396657170683,0.0019816392493655324,0.0014642925129434695,0.001968262963291026,0.0022803296946064568,0.0012189052348193215,0.0004153983305333586,-0.00011169565180442541,-0.0014440693963759322,-0.0014843365015121473,-0.002079583938376963,-0.0021601709701762686,-0.0026931042429754986,-0.001363540050096563,-0.0005496629542677227,-0.00011616373738607826,0.0007904485648711893,0.0003975352864915897,0.001611495981858225,0.001392913333327773,0.0011832075230389378,0.0010894949661572784,0.0004109325994373039,0.0001831538653934385,-4.467676362268305e-05,-0.0002144666713609813,-0.0006703611262839768,0.0001161502449394016,0.0006341947279635086,-0.00012956811391535132,-0.0006748317087337529,-0.001291963852730483,-0.0008179009008156969,-1.3402819506577743e-05,2.233763332868177e-05,0.0005850813362943765,0.0005225698944476476,0.0005940112232868062,-2.2338132309690573e-05,0.0002010207393164988,0.00028588403130382425,-0.0014932849672978385,-0.003230803708821295,-0.005074618369333284,-0.005523749756794478,-0.004917470027710704,-0.007470819762684414,-0.008529132910462514,-0.007984074348220531,-0.009629163677980584,-0.01008485863193866,-0.009868264839211516,-0.010653640641259886,-0.010671702512199236,-0.010626548446519482,-0.010558821170687797,-0.010364695064857352
2019-08-06,0.0,0.006368714469731185,0.007851376095519842,0.009153202962239284,0.009634083394864082,0.008025662439250103,0.00795228241784536,0.00916236475025391,0.009180688074471928,0.007988973101626063,0.00819533311804181,0.008905802951814307,0.006777469174379327,0.006299806771565476,0.006653482592323735,0.007915590387808764,0.008030248511806372,0.008410819234921877,0.007814680362770913,0.008218259380305532,0.008167820909497496,0.00752565440118128,0.006607557734568065,0.0062676482207188414,0.006580001807515785,0.007562360741287828,0.007810093301494641,0.007360459195137338,0.008030248511806372,0.00819533311804181,0.008204503686021016,0.00845207723726116,0.008268695307202542,0.008277865202436346,0.009079905636184438,0.009034092079028529,0.009221914326438936,0.009666133869786231,0.010151344121818997,0.009478395045990866,0.010174225584403116,0.010494511098797224,0.011555295996125649,0.012455166100997983,0.01263778198269563,0.012505388792990338,0.011993912533518024,0.012423204892770228,0.010572279244546587,0.010837560352598911,0.011555295996125649,0.010892437313892493,0.011047905685537053,0.011486744780343115,0.011495885213965362,0.012003048332603607,0.01237297807300767,0.013814853856102,0.01430261315884036,0.015054299362980956,0.01614210444820863,0.016333144662754748,0.01718328576008555,0.01631495192893211,0.016228531923101926,0.015605177025165172,0.015659792983961984,0.01612390823847881,0.015486832213764314,0.01279754352751855,0.011482174532201258,0.012089834261461768,0.010759812835335131,0.010910728965125896,0.010329805646674631
2019-08-13,0.0,0.0015354257273931784,0.00028016520892901143,-0.001949772503426914,-0.0019407160500245005,-0.00040683115260385926,-0.0010038163949496613,-0.001415582038246313,-0.0008093047881002246,0.00013557361215974257,-0.00034353543499021037,-0.0003661405885141333,-0.00023051733163016635,0.0007680075551881841,0.0006415527603505768,0.002103838247772329,0.002536697696953859,0.0028702323560996193,0.003775623549168787,0.0026584056655952907,0.0027215076700063613,0.002545713610040586,0.002216580107365753,0.0022391269540774105,0.0003117918340316884,0.0003298637421547363,0.0003072738059701742,0.0004699099576346136,-0.00032997258814834767,-0.0003254516800788219,0.0003298637421547363,-0.0005650879766292506,-0.0006283977195677656,8.58654218214328e-05,0.00013105478786740502,6.778910360551979e-05,0.0007002659037562315,0.0006822006883279093,9.942244605492397e-05,-0.0001310719654762825,-0.00022599687316522687,-0.001012864367299188,-0.0012933921232879946,-0.0008138278841594079,-0.0003480564248157647,-0.0007957356226716554,3.163548688409755e-05,-0.001012864367299188,-0.0036220932716843784,-0.003971412895884548,-0.004093930496598697,-0.002783317291296672,-0.003703741476829978,-0.003794469524107109,-0.0031731472669057235,-0.0034043973104453196,-0.003935114267061325,-0.004806645220720686,-0.004184693953478041,-0.0038171528221689465,-0.004688580930036291,-0.00521998004370463,-0.005842575742456468,-0.0076671488277190916,-0.007844778833993284,-0.009016104730929224,-0.01120290582061054,-0.011948149213634964,-0.01104295663840962,-0.01249714981759974,-0.01325709784809412,-0.012195162187646389,-0.01357773105561567,-0.014434784265997475,-0.013980958715164827
2019-08-20,0.0,0.0014441612455198963,0.0012903373645113952,0.0026558277514825766,0.0027236015406733424,0.0015391582938972226,0.00039406903965323836,-0.0009019605788460975,-0.002104328253424678,-0.001772965692092065,-0.003126342527940528,-0.003776432676966527,-0.0033763271892746157,-0.002762839995323416,-0.0024812163879531736,-0.0017094292539234894,-0.0024494251564262377,-0.002226914830347873,-0.0025448018832146925,-0.0025675119685374,-0.002090708450230481,-0.0020135330691388883,-0.0016822005875818218,-0.0018319674281219345,-0.0026856127267908514,-0.0030899863280681194,-0.003112708798092531,-0.0031899690584072118,-0.0024267177526763285,-0.002413093557922764,-0.0022042124786103403,-0.002344975368296321,-0.002726497008380093,-0.002717411468017608,-0.0037082215589826586,-0.0036127338097608603,-0.003990190980812461,-0.004618085915492725,-0.0038128138424411476,-0.003162700049634039,-0.003208148810708629,-0.004249491099405114,-0.004517960303277486,-0.004213094043923023,-0.0035809065861151313,-0.0043313893181648215,-0.004490655057938209,-0.004354140013768262,-0.0037173161058924155,-0.0009064950990144167,-0.0013101497665932776,-0.00043048271370443126,-1.35913577088078e-05,-0.0009790502182633208,-0.000897426079239336,-0.0012375706212715207,-0.0005437984454487434,3.1712449630791235e-05,0.0008830422509476491,0.0004393543826067619,-0.00048034005373491186,-0.00020388976430749735,-0.00011326695901655498,-0.00011779790423959985,-0.0008747538896263676,-0.0033308707842320436,-0.004522511249988082,-0.0035218015724013388,-0.0027673829615623806,-0.003249054461829906,-0.002381304491996414,-0.002117948242120218,-0.0022541583327744035,-0.0018410449272707797,-0.0012920044864069304
2019-08-27,0.0,0.001644303760222696,0.0009058277789140266,0.0009328548059426055,-0.003550091125711711,-0.003640588863329946,-0.003115815951283515,-0.00012174089494584807,-0.0007216439361326599,-0.0005050960691851793,4.508545949616384e-05,0.001230103902872752,0.0021168223153674214,0.0019053416121935002,0.002305767238484623,0.0027240182806525888,0.0026655635976290367,0.002984774475089862,0.0008247423147905182,0.0016037917787986799,0.0023552469147178705,0.0025171632852662947,0.0018198367169861209,0.0019908391969386294,0.0023012689646973077,0.002971288753097531,0.003362300872713421,0.0020268359932277442,0.002184306743361378,0.0009193413837359507,0.0021978030824796615,0.0023372545884443813,0.0014507317024200872,0.001653306199883874,0.002161812440042712,0.0027689810964116037,0.0029937648553827567,0.0036049211731353165,0.0034117283009022217,0.0025621354025612223,0.0028544048770953187,0.00198633950629248,0.0020493333329180863,0.0011580516289168747,0.0014507317024200872,0.0011625550481380214,0.001486747945749596,0.001180568522217057,0.0014642379456810822,0.0016893151481114958,0.0022157979179623015,-0.001150366552401665,-0.0009969078640818837,-0.0005817847425312288,6.311907415431229e-05,0.001180568522217057,0.0010814903990358413,-6.763200078324649e-05,0.0001983608189789296,0.0001622981420426371,0.00030654104734478414,-0.00048705253012500094,-0.0005727622404109108,0.0006760685520567463,0.0024227152552245704,0.0023552469147178705,0.0021753090827531067,0.002323760131292609,0.0024901790440616128,-0.0003472261401468368,4.5086374222445595e-06,0.0006084822612341447,0.0013291673035300143,0.0016758119444761639,0.001509257439129412
2019-09-03,0.0,-0.000852323549606827,4.122304185422592e-05,-0.0027244848820053395,-0.0025545609569968012,-0.0021046316525818575,-0.002756635899932205,-0.0009577688843217044,-0.0006964682013901521,-0.00016949036121415633,0.00037094621476307536,-0.0006827174250441255,-0.0019577597934249086,-0.002187256553937936,-0.0023525268400939577,-0.0029449697659037536,-0.003413661618786032,-0.003376893533479803,-0.0020449623581534205,-0.00187056483232053,-0.0017466692807005938,-0.0017512577311121847,-0.0012145518536851394,-0.0015035115320608367,-0.0019118667608970295,-0.0018567979018639551,-0.0018935101375973614,-0.0014668136109940405,-0.0014071823614493788,-0.0011320072795683452,-0.0019118667608970295,-0.0020587318793186572,-0.0021459432499005508,-0.0023020246880029673,-0.0025316004788667854,-0.002761228986877166,-0.003174693225814189,-0.0033677017233826423,-0.00338148947021226,-0.0040205302871285185,-0.00411711154078232,-0.0041953031977723975,-0.003505587747014217,-0.004080317582346126,-0.003046041586706809,-0.0035147808246267327,-0.0034504310560339547,-0.0034642199435696032,-0.0029357819250922144,-0.0034826054227188098,-0.0041769046107832395,-0.0044391164380390685,-0.005926283567188494,-0.006198172343313364,-0.005741994232412162,-0.005451807382288605,-0.005437991061068233,-0.006359497235863613,-0.006981994299104215,-0.0070188951787331375,-0.00622121716318456,-0.00577424241442371,-0.005281419426923302,-0.004397709999331804,-0.004425314101303234,-0.005912460688942483,-0.007678728214164638,-0.007314151246314118,-0.007734118624252496,-0.009401882890562912,-0.009813476898200394,-0.010345562849573268,-0.012258782946156765,-0.01316339303973837,-0.0131401876839412
2019-09-17,0.0,0.00015958089531398534,0.00036927706456863516,0.001435312107781303,0.0010846482337240437,0.0002826687596896534,-0.0006842067118474422,-0.0007161477942421502,-0.0013460518231764866,-0.0016657201015623608,-0.0007070216665949956,-0.0024561960503426375,-0.0030185910447619612,-0.0026207667269625055,-0.0020448878101531833,-0.002401345176143193,-0.0031146413202941844,-0.003887953399391727,-0.004561084284652788,-0.004194698357101282,-0.004377874541046196,-0.004249647689251876,-0.0031924030629284133,-0.0032701708529214043,-0.0040710733984384686,-0.0038284466190341565,-0.004011555720525859,-0.0032198498276425768,-0.00352181396940804,-0.0034714802799150147,-0.003595031131543429,-0.004620634679191886,-0.0049321868529555515,-0.00470309492652767,-0.004955098932434002,-0.005353853174481485,-0.005890359704528865,-0.005138414469397347,-0.004955098932434002,-0.0050834162797405635,-0.005120081403420714,-0.0049734289739977715,-0.005431789244021482,-0.00486803582308036,-0.004987176725667962,-0.0056931486353038584,-0.0065786099244069425,-0.007244369040626699,-0.007625658308278296,-0.008669204621273296,-0.010455412627721978,-0.009828955864993568,-0.009700028174830826,-0.009644778538543548,-0.009589531954609938,-0.011045377707840245,-0.01146501779193149,-0.010994663911140904,-0.012447941306870098,-0.014018931908314452,-0.014791470290312417,-0.014097546261023573,-0.013270093266530973,-0.013223887029604952,-0.012041733710741864,-0.01337637571454681,-0.013736895976917018,-0.012969790882876269,-0.012835838906768834,-0.012738850399830958,-0.013852474853850065,-0.015439567453500226,-0.014782214801807612,-0.014055926127971961,-0.013251610515557793
2019-09-24,0.0,0.002199186756364515,0.0037873528878025874,0.002431758919386329,0.0028881322234418656,0.001126070371105829,0.0001985565806447104,-0.0017412160503746557,7.770074855627262e-05,0.00010791607593085271,0.0007206585490924614,0.0031764872033290623,0.0028752188613402198,0.002707329977557641,0.0015011455522087164,0.0005524075181580189,-0.0003410913661397739,-0.0009199175746178081,-0.001992062658989636,-0.0011100530034705424,-0.00041882466323667965,-0.0007773397236292335,-0.0005224784596498087,-0.001620140204857786,-0.00221268667978395,-0.0015206960113439219,-0.0010193020391793739,-0.002069924402526404,-0.0020266671298906657,-0.0030826791384554646,-0.0035461183420116334,-0.0036370989177216028,-0.003706423007870668,-0.0015682550440022421,-0.0014904323500006288,-0.0018320325556882154,-0.0015034023784269326,0.00042296438234688577,-0.0008983135631841088,-0.0010236233269230648,-0.001192168115938772,-0.0020958796643082583,-0.0016158163386296163,-0.0013261598821291416,-0.0016633798954413296,-0.001957459385516576,-0.0012224227519238944,-0.0009847324094598294,-0.001909881839514091,-0.0036544294897174223,-0.0030177281872260132,-0.0021650969894324618,-0.0024290320023764938,-0.002225666079313766,-0.0015466370214884866,-0.0013607413170891682,-0.0016071686622602184,-0.0015423134730656596,-0.0009933747048534128,-0.0018579816435790736,-0.0025069277778682953,-0.0018190582642464929,-0.0002849544092231475,0.0022637955608440733,0.0029268713092472027,0.0027460760679742114,-1.2950711749857161e-05,0.00030213566984557585,0.0006990894860302503,0.001212307004481172,0.0007249723058787052,-0.0006693397321641761,-0.0008594275187323642,-1.2950711749857161e-05,0.00037981294669189365
2019-10-01,0.0,0.0004644873467301805,0.0005078863572395202,0.0010849141595242725,0.0011369604460333518,-0.002608606397348519,-0.0032836038645190297,-0.003222617629964495,-0.004002650570344577,-0.007491912304660461,-0.009423002350112243,-0.008542383143460378,-0.006176004717931507,-0.005726108121039635,-0.006525578678231576,-0.00615416040236756,-0.006005631709845911,-0.0043950758946622644,-0.0024954256257700555,-0.0011904194375358483,-0.0002909570989087755,-0.00046470319548824144,2.1709822175793974e-05,-0.0009252764000078609,-0.0013078002798129998,-0.0012817144574560348,-0.0018079100969549211,-0.001816609872065805,-0.0016600254988663327,-0.0008383595576420893,-0.0006645485332402294,-0.001094785974444906,-0.0014686778892578395,-0.002608606397348519,-0.002316974278315325,-0.0032008377332438096,-0.003444799676390973,-0.004975275403590882,-0.005202211892897306,-0.004543365548241338,-0.005049460512928014,-0.005359351944291126,-0.00433402183999981,-0.0035711605064447003,-0.004355826431611558,-0.003784703025096882,-0.003959057261038817,-0.00425988978461094,-0.005394275309335466,-0.007601284878065551,-0.007846322860178775,-0.009050506558294346,-0.011164616612696916,-0.011889354585767958,-0.014485147341714475,-0.015071232464217611,-0.015728232291632203,-0.0221844497221347,-0.019674893474187133,-0.022117860742586256,-0.02342825860247618,-0.02203795981968806,-0.019648324110433105,-0.018086401079307538,-0.019883044583786074,-0.021221560803716014,-0.019493350223222884,-0.018289799604042874,-0.015410701969228984,-0.013041230908420106,-0.015035969512793129,-0.01692870203126078,-0.015168211992796846,-0.013116016833743901,-0.013014837211233527
2019-10-15,0.0,0.0018189230211153636,0.0007403001197375443,0.0014184274575218196,0.0019245215005953059,0.002228055029083617,0.0015152652630768262,0.0012291264838175603,0.0023995767127035546,0.0032347746372131648,0.0032743193458068497,0.00400341924721836,0.003823389783373783,0.0038497375831144432,0.003028237970728003,0.0034632335946765884,0.003757517246708306,0.0039990286702747775,0.003977075496393836,0.004056104666979856,0.004174636713574436,0.004824118467537134,0.004789022128081911,0.004771473496435879,0.0044687111165171624,0.0050916875600787274,0.005148701228024412,0.005131158907175001,0.0055652409291839355,0.005876436294446082,0.00603857015163719,0.005240793364078924,0.0055652409291839355,0.005595926465996945,0.005648528052823569,0.005867671553246854,0.006857601506754955,0.0067131152972746515,0.006367139236242422,0.006042951782962168,0.0053021834101407645,0.003915604045472358,0.004955718771285213,0.005701126872868792,0.005433720819569727,0.005403030304909295,0.004775860683218203,0.005078530098152622,0.004481876604507016,0.004846053054213796,0.004859213575282763,0.005319722731106316,0.0053504158025863245,0.005420567857193486,0.007483467289920411,0.007308439394402796,0.006949536408153897,0.007312815465172432,0.007002066842986611,0.007360950979783344,0.008192017154235539,0.009035498904406226,0.009166546190823001,0.009459156473139758,0.008498025410103329,0.007780944423559484,0.008716545418664682,0.008493654522834808,0.007509718832200007,0.007019576374738538,0.007282182567626347,0.006905758937784361,0.007115873319573375,0.007190278244338491,0.0073303195567544195
2019-10-22,0.0,0.00263353315661886,0.004298427602142267,0.00269350034601741,0.0003478178757627316,0.0018707794933449252,0.0017250187721715316,0.0011417633326478139,0.001111733624684622,3.86524053654306e-05,0.00027912269770806556,0.000995896303057089,-5.583388989715497e-05,-0.0008378358546763243,-0.0004897264932508899,-3.0064014879723893e-05,0.0007470151939942554,-0.000356531510637753,-0.0006659148519533621,-0.000670212516817111,-0.0003651241999777188,-5.1538864610240865e-05,-0.00011167089739163937,-0.00011167089739163937,-0.00046394543459313573,-0.0003393463534576907,-9.019475630979528e-05,-0.0005155082165885436,-0.00039090271101235884,3.86524053654306e-05,0.0006354276899620213,0.0008843365691401432,0.0011460532173144392,0.0012490049287629077,0.0019693702880452498,0.0028091411999185203,0.0031859519297804057,0.0030146919267072226,0.0027277656968979686,0.0024878835806729184,0.0026292496483399565,0.002847685179674814,0.000897209481314938,0.0012704518679639762,0.001617828215128217,0.0016864314952492574,0.0009143731064446295,0.00015030651821765684,0.0007341403482237186,0.00015030651821765684,0.0006740555427946644,0.0006268435200296264,-0.0008335374693648138,-0.0017064887233881475,-0.003842625111369022,-0.004213468223111924,-0.002261617546892863,-0.0029979613105842566,-0.0034417518056711603,-0.0037865793952949174,-0.004498162049766821,-0.0033383267112035296,-0.003191826135711364,-0.002308968375648903,-0.0030281155928176557,-0.0038943624066410153,-0.004200529520216536,-0.0055859209853500345,-0.005693898120216872,-0.004666428325072221,-0.004804514111085891,-0.005512503192730874,-0.005555689476773793,-0.0048606169086882626,-0.004739784024734962
2019-10-29,0.0,0.0001762724402603569,0.00030523259175232337,-0.00010319828700008919,0.0009583752192056898,0.0011946046549212244,0.0019930764396006236,0.002525036984105853,0.0033481599245429082,0.004114940789164542,0.004016448787277824,0.004919642343971382,0.005283257711368396,0.006484387173803296,0.005702320812154037,0.005766447629369694,0.00636903878951393,0.006373311189171261,0.006932837784484929,0.0073298690206894425,0.00745364222565586,0.00846885774753815,0.008933465513992845,0.009321183796784156,0.009551187333037595,0.010419612473180946,0.010691904235484702,0.011232013759007545,0.010776980208379838,0.010508966380665317,0.010155759106030126,0.009964209018289153,0.010372804858850006,0.009908865494637964,0.010377060187052808,0.010704666092845727,0.010938604619121552,0.011465828965288036,0.010998143870390336,0.010462162948688855,0.010815262034938019,0.011023659607222675,0.011593341493566693,0.011521086390518668,0.011822823078676816,0.01222641290944297,0.012396296751774774,0.012358075403448182,0.012999151414136406,0.013465901821469596,0.014165619206613356,0.01391971374330507,0.013508322875893613,0.013677989100421145,0.01355922576591627,0.014000275641386842,0.014051153496387537,0.01453436405842993,0.014725040813180813,0.01433941245666654,0.014517413253902081,0.014491986508354588,0.014432654921047675,0.014118986609995826,0.014411464215290354,0.014063872555685995,0.01447927289313185,0.01317314748905408,0.013482870459185229,0.013050080228397383,0.012655314058551187,0.01311373759898753,0.013096762696380524,0.013198607790081125,0.013741606513800984
2019-11-05,0.0,-0.00011306840441124263,-0.0013702449518374529,-0.001852581988944031,-0.0010558026127304493,0.00020935218137684765,0.0004730735424516687,-0.00011306840441124263,-0.0005193826165470012,-0.0007205063963408112,-0.0008210834573124502,-0.0005487106484915154,0.0002847082387835421,0.0003307563674584841,0.0003098256627419212,0.00031401183873311004,0.0001716720231158574,-0.00017588970923044172,0.00016748525122171508,0.0005986307025137343,-0.0005487106484915154,-0.0006283196426739222,-0.00023452648791014746,-0.00041045745640299724,-0.00016332513254130576,-0.00038113347881290867,-0.00028897800408412714,-0.0009049054027849997,-0.0017770703978789706,-0.001936490444867953,-0.0017225377947097525,-0.0019490773205327822,-0.002784360746328747,-0.003107748169376468,-0.003687587427293327,-0.00439393279225916,-0.0038809419181333607,-0.0031875611549914812,-0.0033850206501787566,-0.0032001637876815357,-0.003872534423692673,-0.00413740446024206,-0.004806198111861592,-0.005130240139160178,-0.0044149626230748475,-0.0048693149474569155,-0.004919811284379213,-0.005753369193346706,-0.006545471803618207,-0.005458597597087459,-0.005816545841593751,-0.005572284919178766,-0.004385520983762248,-0.004368697579041351,-0.004200479096480045,-0.004848275559618155,-0.004726255838555398,-0.003935592355035111,-0.004364491772083519,-0.004322434675362906,-0.003011140972064946,-0.003473259837258954,-0.003813683941732397,-0.003742227298020525,-0.0031203497962465822,-0.0024400890874015113,-0.0031161492363118897,-0.0036917903882792836,-0.003603531916984811,-0.0032925879474227007,-0.0022973770548559667,-0.0025618301527022603,-0.0022889828636363696,-0.0020833471863807794,-0.0018777537864633693
2019-11-19,0.0,0.000735363670456543,0.0004496865928386016,0.0008907713323671033,4.6238789728864545e-05,-0.00022702143768447747,-0.00025645391642676647,-0.0010598745966169155,-0.0006391549916092903,-0.0006391549916092903,-0.00014293341429204117,-8.827999055668094e-05,-0.00018077214981000302,5.884899769241932e-05,0.00037825456983231557,0.0004706950403361816,0.001046154846488986,0.0016758407799619178,0.0017429838829214922,0.0015541324140400917,0.0014282116180543089,0.0014282116180543089,0.0018017304001093479,0.0012854822117762065,0.0012351022629852218,0.0012896804262756,0.0015289495232948716,0.0016422675378324069,0.002502226438652572,0.0022967425338192324,0.0022673842431405918,0.002975936583021449,0.002791509751748103,0.003126805968137753,0.00320223212596506,0.0027453977288684397,0.0030178470287872223,0.003042992453159354,0.0034159086833175398,0.0032986017159869108,0.0033614464455343374,0.003499690950012044,0.0034745570070393336,0.001885648009849232,0.0020324868838169957,0.0018352982890698117,0.002657359780263402,0.002887918929137991,0.002896301896624728,0.002623819475294925,0.00269089896031733,0.002103800843554844,0.0024267474616084467,0.002560928371220879,0.0026825142707606058,0.0025357708220681294,0.0028166608680396683,0.002615434223276099,0.002355456529575112,0.002149942460574955,0.002338681453982201,0.0029004933540154403,0.0028460030375599666,0.0024812606275998175,0.002615434223276099,0.0018814522966094293,0.0010671507669824745,0.00046649338614490653,0.00047909829575740876,0.0011973156356680078,0.002678321899618132,0.0024519077536369793,0.0032650829119348127,0.004705377918916787,0.004956379836215818
2019-11-26,0.0,0.0015359020042230893,0.0015812825718592653,0.0004007179928490561,0.0008054040982302088,0.0007558594956917119,0.0009209986257837986,0.0010324521239911788,0.0011150022629285595,0.000974662971824256,0.0011686561991797937,-0.0011741603416149601,-0.0015589563527596774,-0.0012196661280972488,-0.0010666094409792415,-0.0012155291528467584,-0.0023248512969976857,-0.0031244917086015373,-0.0025899461735207447,-0.0015672331623806776,-0.0018279877379278953,-0.002618945189627495,-0.002432537615140837,-0.0019977216907146175,-0.001927340701832818,-0.0017907329211862316,-0.0026645167711971166,-0.0024118278071821172,-0.00200600213272476,-0.002101232144327773,-0.0025112387971490124,-0.0023497009565585964,-0.002424253640489874,-0.0024905273592566676,-0.0022544472814549077,-0.0020888103241583755,-0.0022875779654408664,-0.0020308438701572324,-0.0014968824641210176,-0.0013396458558044618,-0.0009135761766259626,-0.0007233512557606359,-0.000338876586044581,-7.850996357458e-05,-0.000591042214725424,-0.0005000899026137281,-0.00039261147053782893,-0.0002934108620262077,-0.0014637779656304988,-0.0016210340948051851,-0.001869383606626169,-0.0013892968506965188,-0.0008970334426078445,-0.0013396458558044618,-0.0018486854580747891,-0.0027971004544832373,-0.002010142379442118,-0.0018279877379278953,-0.002291719378118201,-0.0026769457447919616,-0.003141071332244439,-0.0035971187359106274,-0.004061671695005958,-0.004924985878753782,-0.0069450626302916514,-0.0078025421095693,-0.006433422813553601,-0.005336152163927581,-0.004576250042612645,-0.004974815213293377,-0.005922044638257147,-0.0062504607402491565,-0.006142362520438448,-0.005980237097362005,-0.005701775285353273
2019-12-03,0.0,-9.151071721678028e-05,4.991140726246509e-05,0.0008523111659404087,2.911529031279325e-05,0.0,0.00011229716336695092,-0.0007323203229933076,-0.0010237332196598298,-0.0010445516764716423,-0.0011153376717003207,-0.0006282648655027834,-0.000665723582879153,-0.00046595996915695006,0.00012893270770313172,-0.00024959441038098485,-0.0006740479328515187,-0.0011653072735362507,-0.0013652106542349515,-0.0012694186311382315,-0.0020526834688465016,-0.0018359743624651096,-0.0013527155221300107,-0.0011819643623773224,-0.0014026969873470446,-0.002090195582137465,-0.0030576604827462885,-0.002945019446663352,-0.0037796987487524578,-0.004305904649388775,-0.0033414052478900128,-0.003291326791631337,-0.0035333958993697028,-0.004021886119447355,-0.004168062052884397,-0.004163885301102486,-0.003892433848527654,-0.003683675168627411,-0.0035292217975842264,-0.003579312168973149,-0.003654452430830535,-0.003900785102259553,-0.004619253959137454,-0.004736262877021984,-0.0047613379979063765,-0.004882543280097192,-0.00466939896178055,-0.005028845084259432,-0.004815669583587044,-0.004410343509930473,-0.0036377541069243058,-0.0033998332833472724,-0.0033831392105775405,-0.00361270714386739,-0.003884082664538499,-0.003508351549999732,-0.003854854069784635,-0.004214007473909146,-0.00408453033166464,-0.004030238454342731,-0.003984301475693171,-0.003700374259362301,-0.005354966128228589,-0.004878363543044557,-0.004122118742744376,-0.003917487818956916,-0.002974221459935642,-0.0025029217275267437,-0.003437395966078583,-0.003111899581222298,-0.0026572166521553983,-0.0027865091097889557,-0.0025779811496046204,-0.0020568514119457468,-0.002123540864199943
2019-12-10,0.0,-0.000574468056296407,-0.0004025123533392027,-0.001040155110431446,-0.0009730156701813244,-0.001388513318524484,-0.0007045029771478045,-0.0007632339682502302,0.00018023946748211222,-0.0003018690749673346,0.000255678902225069,-0.00020542877039284567,-0.0008890977083316089,-0.0011031024298406057,-0.001766388321971262,-0.0015186541436751166,-0.0019049782744216441,-0.0018125828386903737,-0.0013465360198414269,-0.001833581051743279,-0.0017999841224994595,-0.002144406168914846,-0.002068791166862519,-0.002770550004940964,-0.0025645936627541766,-0.002362881631208239,-0.003081666537408112,-0.0030732567096833576,-0.0026318400493370604,-0.002795772064155255,-0.0019049782744216441,-0.002089794760578129,-0.002581404835460004,-0.002686481068363573,-0.00372943575232416,-0.0033886736619642113,-0.003333994261993854,-0.003481214842855671,-0.0037126052689523403,-0.003742058800748373,-0.003910381340796338,-0.004289210678503,-0.0035737645884098817,-0.003329788278140607,-0.0037210204752300483,-0.0034012924096377246,-0.0025309721651654614,-0.003123716736942523,-0.003102691416147963,-0.0032078224410409858,-0.00323726110873299,-0.0031447424998106033,-0.004133452356168374,-0.004293420699616387,-0.004078732218091545,-0.003594799816106433,-0.003864089817817977,-0.004807176306430988,-0.00502202125029177,-0.005173704300423135,-0.00544763476172811,-0.005793315651125253,-0.0060674159187185765,-0.006510352044025999,-0.006489255398180986,-0.005856562890931351,-0.0059746351090973334,-0.00696192697198839,-0.006771987435502927,-0.006269876661007043,-0.0064175301312373164,-0.0067804284266441825,-0.006227693959283091,-0.006177077065884183,-0.00589451315500661
2019-12-17,0.0,0.0004638199799062067,0.0018291830061540426,0.0025111660739416597,0.002688818623206537,0.0031637808932861644,0.0031844263103138447,0.003824222918101308,0.0037912111741704333,0.003964510673273273,0.003985139565688209,0.004364635253479337,0.004739864364115131,0.004743986978924776,0.0052179743550050195,0.005349826548886811,0.004249151810789548,0.004570822521733673,0.005205612320461309,0.005077862347588824,0.005300384013463671,0.0051190737994328064,0.0052220949992265115,0.005494019982567716,0.005613478793105979,0.0055352142878729105,0.005601121646865267,0.005613478793105979,0.004488352715944512,0.004459486677043453,0.004925365206614714,0.004624424248546794,0.005127315885999647,0.0052179743550050195,0.0050737411089918005,0.005382786881129919,0.005708211841624719,0.005897651019860404,0.005774107800167007,0.0062146754395715756,0.006334048197614855,0.006342280276379591,0.006247607278900082,0.006227025006410583,0.006346396290349317,0.006527484134911057,0.006235257966241957,0.005885297384700247,0.005934711009693681,0.006206442310282424,0.006630360348169647,0.006259956439054346,0.005897651019860404,0.005951181675438461,0.0057535157795741915,0.006025296314348697,0.005955299299487007,0.005180887792904307,0.005551691534854735,0.005518736769386724,0.005358066733796766,0.005436345104080926,0.005778226153402257,0.005980004687733477,0.005473422193533816,0.005613478793105979,0.005720567664615263,0.005469302584814057,0.0058441174985978585,0.006502792268821987,0.006943039060999839,0.007144582721591348,0.007576325261721957,0.007909256477509374,0.008168126368072471
2019-12-24,0.0,0.0016067404982650542,0.0017697171033340617,0.0021322447805896413,0.0016678598378691125,0.0017697171033340617,0.0013133156577470344,0.0010238818249882157,0.0008974830284627544,0.0008363165843548202,0.0009097158683369126,0.0006854233573391758,0.0004814774104658303,0.0005916133877179444,0.00022444628176529772,0.00014691598880467297,0.00010610815696001066,0.0002938103964723768,8.162565657798599e-06,-0.00044496062424476655,-0.0005429602078248031,-0.0005143760038623502,-0.00032247464873573733,-0.0003755500627874357,-0.0003877986353184834,-6.530292396155316e-05,0.00013467381410476578,0.0003386904952162088,0.0003142106910535164,0.00026932949361555355,-7.75476969744001e-05,-0.0002898142555832215,-0.0002122500967175529,-0.0001265282884246406,-0.00035921886611862735,-0.0003633016402820795,-0.00037146723861623647,-0.0010780439448562179,-0.001147503285633157,-0.0013559102602569856,-0.001208794946104698,-0.0009922478901963378,-0.0006287177223796744,-0.0004082132562707853,-0.00035921886611862735,-0.00031430945044384675,-0.0003306399136985245,-0.0005021258808505935,-0.0007308195915451928,-0.0007594099831332464,-0.0008819494920666106,-0.0010249312335418735,-0.0009391397354267171,-0.0007063141921876273,-0.0007798321918775881,-0.0011270735669292869,-0.0011434173085024186,-0.0008737797242923204,-0.0004857926169332592,-0.0005388767000917079,-0.0005143760038623502,-0.0004367944257733177,-0.0005184594115477954,-0.001695175284674343,-0.0016093262685126682,-0.0022390569363509197,-0.002353596039307667,-0.002018197136435653,-0.002149071129506034,-0.0021245309510978024,-0.002680922927223896,-0.003385038758801793,-0.0037741525876968675,-0.0039462301377371604,-0.0034997092042582663
2019-12-31,0.0,-3.272452089557923e-05,8.180962899292244e-06,-9.408588411889377e-05,-0.0004950728083164743,-0.0007938716800155616,-0.0014654716282709558,-0.0009330687587393623,-0.0011009498338181065,-0.0006751600692665308,-0.000777496826877111,-0.0010559058032707813,-0.0013466802687688917,-0.0010149584451885922,-0.0010190531055467144,-0.0011378055498368668,-0.0011296152733329505,-0.001236094100528303,-0.001436796559807235,-0.0015719862249679811,-0.0016949017821350997,-0.002313806259027337,-0.0018629108140401887,-0.0016621228229460796,-0.001928482972125455,-0.0017112916646610324,-0.001965369200656049,-0.0017604629240697452,-0.00147776119504338,-0.0010640954760932,-0.0009944853948876343,-0.0004214100934847377,0.000564329485243126,-0.0001799981186875687,-0.0002904675525213715,-0.00013090450943825576,-0.0003395689961136022,-0.00022091130092060027,-0.0008634677973991232,-0.0007611222418701961,-0.0009085031604019635,-0.0007324673632727859,-0.000744747924985814,-0.0009207858841370296,-0.0006383214001208532,-0.0005810195009564568,-0.00014726877805813912,-0.00047461039878518303,-0.0006178560591982517,-0.00035184473373212153,-0.000327293409186856,-0.00021272853056179757,-0.00020454582716017771,0.00021677290668958287,8.180962899292244e-06,-0.00010226768370567189,7.771644545235974e-05,-8.181331025309368e-05,0.00011452739057758665,0.00027811519874312894,-0.0014204111755695592,-0.001518727508449611,-0.0014204111755695592,-0.0012688590976847618,-0.0013139127217445432,-0.0013876412125147734,-0.0011992347619035862,-0.0025926433461664847,-0.002830536434853505,-0.004041386620044106,-0.00437822250200079,-0.00524959270448751,-0.005841900129348622,-0.004674074413841607,-0.00431659770251864
2020-01-07,0.0,0.003685787050258332,0.0037229063454907755,0.0038837407050053585,0.004411425623400374,0.005293027394268174,0.004695765308215471,0.004242431857219487,0.004254798223177394,0.0034341643921666875,0.002716072998627843,0.0033887830756468974,0.003570295986251025,0.003265005380229625,0.00287294157198222,0.002790382232409944,0.0029967678026635294,0.002947239150328064,0.0026252431023178913,0.002109007480920871,0.0009971637519403487,-0.0009152863807820118,-0.0009608655154908687,-0.0018231167907809013,-0.0020470921046604716,-0.0013877527885066084,-0.0006708519242499753,-0.0006004327436930268,0.0002111010167593165,-0.00014489903667487953,-0.0006542822591638876,-0.0009028560682216498,-0.0009152863807820118,-0.0009940152819951427,-0.0008282774374507879,-0.0003643575547200408,-0.0002898190721234382,-0.0003477929673228753,-0.0006459975295773819,-0.001139058432586708,-0.0008779959066294451,-0.0004678924429637996,-0.0001324782965229327,0.00015315615541768222,-0.000894569279020914,-0.0022296276062479204,-0.003824080577589196,-0.003670337664523018,-0.004742875399690314,-0.005125609121538833,-0.005691657866789088,-0.0060247774514714395,-0.005025751418682257,-0.0048843034068311655,-0.00446839576560347,-0.0036121708337262795,-0.004144107844981098,-0.003944598305269386,-0.00458899117439129,-0.004123323743986222,-0.0033961522220522567,-0.0037534390066575034,-0.003749283775533194,-0.003238321972311129,-0.003076364193104327,-0.0035747796576241584,-0.0042480348301320294,-0.0041732063121173064,-0.0037825261079845285,-0.003977847131173413,-0.0036038615626572267,-0.0027608295045055665,-0.0020180554375700964,-0.0016489484441933587,-0.001578460355614554
2020-01-14,0.0,0.0004832556089767738,0.000937871182518865,0.0007917672861551085,0.0025192966600056104,0.0016802361153280562,0.0017005115777613735,0.0013841675388166447,0.0014409546076052716,0.0015342406490390804,0.0018627004795304899,0.0020410778941796315,0.0022032115737532026,0.00219510551406828,0.002049185202512734,0.0018059373560838886,0.0011123561985535461,0.0010839537356523799,0.0008161194179824016,0.0010839537356523799,0.0018140465709902528,0.0019721631194327283,0.0018708092341474174,0.0018099919717568806,0.0019437850670163655,0.0017613354986117493,0.001376054837165299,0.0013517163373082176,0.0014003927446744435,0.0017694450752107605,0.0018910808330299433,0.0020005403665578634,0.0021505210112288693,0.0021707869407568327,0.00232479458470368,0.0025638647245638693,0.0027502187491347295,0.002389632813345898,0.0024504148348531212,0.002328847097159965,0.0026246361571475915,0.0022072645789553316,0.0019721631194327283,0.002268057685846128,0.0018870265461282338,0.0018140465709902528,0.0023612666056020736,0.002264004927032009,0.002077560264078361,0.0021505210112288693,0.0017856640311159733,0.001262470102831563,0.0014571788921146024,0.001574797083322964,0.0016883463496327308,0.0017248415900493342,0.0011082987532427403,0.001059608125367487,0.0013638856612819693,0.0013638856612819693,0.0012989808887302202,0.0015099059989297076,0.0014003927446744435,0.00222347643549689,0.0021991585521243776,0.002268057685846128,0.0036612329733514554,0.003904029996234007,0.004292382657689671,0.004583548211626876,0.004179128709859686,0.004102270511175807,0.0037988251907052325,0.0037988251907052325,0.003928306456565544
2020-01-21,0.0,0.0012694449629780146,0.0022461077267628446,0.0030005214928734256,0.002602885169090409,0.003139861757927348,0.003746175634050599,0.0038649373183945335,0.004593579538196246,0.004028723397762988,0.004319377637936944,0.003258695466682694,0.002188683373078828,0.0022789201626791963,0.0023281367979115777,0.0020163905240362994,0.0012324936135311405,0.0017168584893079044,0.0014459714557523069,0.00043154557688206943,0.0006287615454406686,0.0009245125909403718,0.0007191392008593648,0.0009286196285546231,0.001778413491799809,0.0010764617498656489,0.0010887809400844139,0.0012407051425177668,0.0016676117590756808,0.0014459714557523069,0.0024511677895735456,0.0024839734977699104,0.002459369317518352,0.002647985897474838,0.003246402979236417,0.002922646416751951,0.002151765975751008,0.0022994273884008273,0.0022173959621154967,0.001905615157902777,0.0016963393131111414,0.0014459714557523069,0.0014500763522782966,0.0017373772444769368,0.001528066184906491,0.0021845815073450302,0.0023814520860832122,0.0025003759482961525,0.0026520858628300784,0.0019220270975892548,0.0018933060263733505,0.0015321707444564143,0.0020081853621690396,0.0013802908196117838,0.0010969936492517794,0.0015075431344414912,0.001326922126085356,0.0013187113050441553,0.0010805681634676804,0.0012489166040759603,0.0015444843220229197,-3.2887299339138016e-05,0.00017264057918576126,0.0009491545636137634,0.001618362603483577,0.0021066428614280224,0.0019835694726109956,0.0022050906677621783,0.002061517710917711,0.0010436098339800495,0.0006575189581793422,9.04344967112678e-05,9.04344967112678e-05,0.0001192073942879369,-1.64435144728173e-05
2020-01-28,0.0,-0.0010907063817559176,0.0008997631506041349,0.0020665979656062238,0.0026845100193098373,0.002919216524022199,0.0029933229243787663,0.0033349647430133854,0.0024291526617769587,0.0015596250159738464,0.0014936584197851662,0.00013212603191072356,0.0002394655800317647,-6.194008743792227e-05,-0.0004212682715135485,-0.0008675105471515017,-0.0004914969070619866,9.083852220236165e-05,0.0004293457909564275,0.00048300105589230396,0.000949267896881712,0.000342665819547743,6.606519811628774e-05,-0.00012801374306966242,-8.258456659652793e-06,0.0005242723776947174,0.0005201453221631226,0.0007718645451434377,0.0009451425949611786,0.0010853933139760008,0.0003385380144464116,0.00040045330196972656,0.0006480761241542308,0.0005531612895132757,0.000936891940065413,0.0017822301565984904,0.001864663931411454,0.001893514147274844,0.0018481777200661212,0.0015719932683193134,0.00032615449690789503,0.0003344101923057909,0.00017754032379610813,0.0005861761668453165,0.0008172497937075931,0.0012338726385028584,0.0013905769007670394,0.0018976355387390292,0.0017451327408414975,0.0013947003655495568,0.0014854122892818717,0.0006109366095632566,0.00041283589946734144,1.6516708715802566e-05,2.4774960774205234e-05,-0.00027256508692608656,-0.001111375182821476,-0.0029567529537549717,-0.002977460360173731,-0.002985743442805797,-0.003938755862660845,-0.004369981586981584,-0.003793673631870601,-0.004606405367337646,-0.004871930278453268,-0.00541149490440595,-0.00608843755833079,-0.00688224836965804,-0.006803254666246652,-0.006420847073289814,-0.005623249792686842,-0.005494530692878558,-0.003851703998348777,-0.004262157721308554,-0.00423727694170955
2020-02-04,0.0,0.0008904720089745749,0.003218909621653677,0.0037980598089448273,0.003544458671452551,0.002863644289698535,0.003024375192675595,0.003933287456443368,0.004026245857625713,0.0046387101584875415,0.005136852688207732,0.005136852688207732,0.005676930253096482,0.006440136176526053,0.006431706143691054,0.007278569324790056,0.008415019178142509,0.008633742758678157,0.008137339568138809,0.008356123885542067,0.009415708812431145,0.01023485589512844,0.010335627638816906,0.010205462223583687,0.010394406466699832,0.011447641063996912,0.011221142396853971,0.011200167702821623,0.012721788207549607,0.013002385336830067,0.013136374098723121,0.01284743844770689,0.01218131219844025,0.01198851364299394,0.012621256646838247,0.012813933260682104,0.013199175151289407,0.01324941315383704,0.012424353059833675,0.012122638312074715,0.012051386821526282,0.012135211577540479,0.011082701285496143,0.011145631439339188,0.011443447110419572,0.012135211577540479,0.012357313204614662,0.012520714978515826,0.013052633226429326,0.013580083685525256,0.013672149688544672,0.014253643558456472,0.014341465756200605,0.0144418245389329,0.014567258855417414,0.01515241105347784,0.015327889965123107,0.014688497074033031,0.014324738313156997,0.013789312343919256,0.014132352604312354,0.015006155101122062,0.014734480139732185,0.014671775434977639,0.014308010590301576,0.014462731351000166,0.014186726230607485,0.013902277619768848,0.015365488583169532,0.015783155917214388,0.01599609910602902,0.015962699251315396,0.015808210410739026,0.01590842210803334,0.015829088675839615
2020-02-11,0.0,0.002029980025967145,0.0020423453215286736,0.002891063437397531,0.0036855686321537557,0.0030598971468898863,0.0031834159507259656,0.004117547410200226,0.004121660596871078,0.004701450613996932,0.004187469282818711,0.003990030231201183,0.003331618379047058,0.0035374186547227405,0.0036444180622126144,0.003241052838350085,0.003269870036455955,0.0029404811322368677,0.0031093064992668696,0.0032739867112530985,0.002948717177287936,0.0030310738972311488,0.002998132023164869,0.002681010985292316,0.002524472624835658,0.0026315804660560424,0.0022607736686269236,0.002524472624835658,0.0026768918686782424,0.0024709144018846365,0.0024461942545515123,0.0024997538014503834,0.0020217364106470868,0.0016259629363205247,0.001407395869383325,0.0013867738685948634,0.0007348995004797168,0.0013207806081326852,0.001564109179200597,0.0015888511411567563,0.0019516629365200699,0.002264894499633527,0.0020464670527382605,0.0018692172681686785,0.0018486047889608166,0.0023885115342183335,0.002359668926267676,0.0023308254863969903,0.0024544343715610754,0.0024709144018846365,0.002281377653850445,0.00203822357333057,0.0024997538014503834,0.0029816606791852524,0.0030846021282388905,0.0030310738972311488,0.003253403167795174,0.00291989072283706,0.003047544427335465,0.002112412441736864,0.0012547829922726521,0.001741413047569458,0.0019640292005274913,0.002153626101598283,0.0015269950884192703,0.0004129313642878542,0.0004665999196877736,0.0009123504388559815,0.0003014566988545267,-6.608484470396373e-05,-0.00011152070889156996,-0.0005577279547679543,-0.0002974161989826321,-0.0004378934914726078,-3.304187645114452e-05
2020-02-18,0.0,-0.001540205289481783,-0.0018660810835545779,-0.0022171430495963895,-0.002309108219943142,-0.002405262669146306,-0.002752331716371322,-0.0019998044435532414,-0.0020207003339591943,-0.0021251863360645788,-0.0020750316925700666,-0.0020457759788226368,-0.0021753434951736366,-0.00306186837593065,-0.0030576848093983922,-0.0029823836045433714,-0.003208304232057535,-0.004284219125070078,-0.0041711308302163075,-0.004120873470643604,-0.003944992600166166,-0.0036435544868959465,-0.0041920721421903374,-0.0045607110310647335,-0.004891764013041291,-0.005302589694585847,-0.005411612597889733,-0.005122308665321714,-0.004631941026465004,-0.004380563686808273,-0.00474089083423431,-0.004992358779683346,-0.005084579539480154,-0.005072003480523359,-0.005659054822441716,-0.005663249286168995,-0.0059988634002145005,-0.006582260930816299,-0.006523486051182888,-0.006158319571086652,-0.006317801172284196,-0.00596949266814704,-0.005759726808030043,-0.004988167129032326,-0.004665462779990981,-0.004594230396881493,-0.0053277477711682645,-0.005373872555490748,-0.005705194891114688,-0.00640594665436053,-0.00627163282990827,-0.006683025904996633,-0.006666231037507731,-0.006321998400015232,-0.0062464509960818435,-0.005944318441518803,-0.005415806023856023,-0.005189386181801751,-0.005009125557989216,-0.004795370189715307,-0.004707366552174712,-0.004497865248310312,-0.003333837749671521,-0.003944992600166166,-0.003840316290622279,-0.0037398373408778517,-0.004108309525397159,-0.003970116544961935,-0.0038654376056408324,-0.002363455250831884,-0.0017992261086838158,-0.0008595510835483373,0.0005212123099079676,0.0009046510936034961,0.0014420514635541158
2020-02-25,0.0,0.0009336575760566493,0.002267148650216883,0.00028314664861145265,0.00024089104445560908,-0.00047349886948999854,-0.000828770211711431,-0.0016370596656458817,-0.0016031914974870111,0.00023666538583394688,0.0017061175193655782,0.0013685035186823792,0.0014064907845111765,0.0011447714558894388,0.00036342737768804646,0.00026624462121266394,-9.299101375358648e-05,-0.0005876794652560621,-0.0003593313094438614,0.000401452842078507,0.00035075190156526597,-4.226757063534812e-05,-0.0002071281686917698,0.00011411351771540383,0.0004394768605882276,0.0001775042901531659,-5.917509913548155e-05,-3.3813913583268094e-05,0.0006422472111885256,0.00029159755518238335,0.0007267227238994184,0.0005831101060170362,0.0006000067786401599,0.0007224991177423001,0.0015668655553714018,0.0021237571024810315,0.0022334113122583783,0.002153280572587516,0.0026002437603826144,0.0025370063862302913,0.0010603312521693833,0.000946325665772269,0.00039300286383705076,0.00047327477441516994,-0.00014371702986990743,-1.690681386892905e-05,-0.0011080005531714319,-0.0010614567480376044,-0.0010656879135334633,-0.0003720159502466434,2.1133115381173477e-05,-0.00016062627373128696,-0.0007653196428558212,-0.0006722660904693261,-0.0007103324062255586,-0.0006976434733012747,-0.001044532265080288,-0.0022468829205036425,-0.0030308825877315964,-0.0036967053380888753,-0.003989468365482735,-0.00392581693765366,-0.0024460029799655333,-0.0023951600464868624,-0.0015481581705604703,-0.0019673344318453614,-0.0018784035712958174,-0.002039331873849662,-0.0018106520330983492,-0.0036967053380888753,-0.004129515769635916,-0.004205913530369834,-0.0028655558444826692,-0.002717208958329663,-0.0018529962065463555
2020-03-03,0.0,0.006318279987715831,0.0050108034745332776,0.003821510519812227,0.0030574870999775976,0.004425209079504899,0.007455944092288797,0.005689131798138661,0.004970887475530325,0.004624882060198721,0.005223661897878613,0.004944275924341445,0.0013763584802146916,9.359894641181546e-05,0.0012027477550874551,0.000427809399614912,-0.003232304400439179,-0.002369632343327327,-0.0037780045651669156,-0.0047852005051417235,-0.0033127988150646265,-0.00043245171815596437,-0.0014005729472181191,-0.0024992091412191736,-0.0020569299218027425,-0.0017041403124864252,-0.0033083267331540426,-0.0032188892945826174,-0.005313824616438853,-0.0052600534664401415,-0.004449355796576791,-0.004082294609623179,-0.00579341191163772,-0.0036124738711482496,-0.003406717155373056,-0.002861219509395321,-0.002454525590120655,-0.0010569387669632458,-0.0010569387669632458,0.0003565205415875446,-0.0014050365056116603,-0.00013818588698312687,0.0022306182627174743,0.0017101405681166117,0.0023729239711953766,-0.0006108367985009008,-0.0034111896773162988,-0.0027718220482236327,-0.002803110250562547,-0.003044509293291133,-0.0003165184777367113,-0.0004458294954385753,-0.0009320101545791787,-7.5776992803843e-05,0.002808609271041091,0.004784591743825195,0.003341843080034057,0.003785987487562396,0.00489105069734548,0.0047579752344898895,0.002239512962810332,0.0034129194427310232,0.004181110169414913,0.005507402667123745,0.0056935638034217645,0.008393433105656767,0.008446472248556635,0.0074515198910231,0.008406693155116942,0.005702427755059952,0.0047712835777124745,0.00489105069734548,0.006862926634001367,0.008751392739587301,0.007973440570928969
2020-03-17,0.0,-0.008117241431211876,-0.007612827801349248,0.0006762199016844647,0.009719866366006382,0.014512077613815871,0.016742771136374276,0.018412531840773058,0.023534078526965308,0.02174909342970121,0.02032204112704638,0.024409276911899237,0.024291196681612927,0.02388854562162984,0.027239027606363875,0.02857608350194605,0.027474479112468562,0.028340891257929685,0.02660196044918406,0.028976851913935047,0.026184166715368946,0.02113544126508407,0.018158735011871045,0.017321288687808294,0.0164506818848046,0.016737362851422317,0.01529771937451062,0.010275243464987448,0.012205772240762688,0.01410546886070416,0.016959078553317408,0.019367742262054663,0.018434128596941164,0.020408260566350058,0.020553739015590905,0.0195565176765055,0.019966307341521675,0.01991239724199047,0.02004177659861649,0.0212323587506898,0.022356991278548788,0.019065627456131447,0.01915195528611918,0.017661754697187663,0.017867059115735655,0.01860688585722463,0.022061157954263808,0.023646877141273358,0.022674242487705443,0.024060363237653676,0.025240810871643468,0.01934616565972157,0.01931379988329068,0.019157350528055554,0.015357294603148074,0.014528338525565364,0.015037713197899132,0.015200224980361087,0.01176017818044001,0.009529224692793499,0.011885181917127535,0.0076753831668971645,0.005812630835854706,0.006719858661435729,0.009567355935086829,0.009044286376705539,0.007113099296999126,0.005096104481060776,-0.001585135288536901,-0.010609783142187698,-0.01613881621673364,-0.019424987317191767,-0.01913344212562244,-0.01720130163761123,-0.016994308050876167
2020-03-24,0.0,0.0018649062609156079,-0.005404279073726564,-0.019888636881523224,-0.02551287169673556,-0.023143318355065227,-0.02362591237243996,-0.033893643119678185,-0.02793391104663738,-0.03361029446385334,-0.036381329700527563,-0.033900233578670794,-0.03830577437150081,-0.04212593964979317,-0.043761926394760724,-0.04014771276993198,-0.03384751112284648,-0.02956651094702063,-0.02738375515526242,-0.020343655090101897,-0.024317601687968846,-0.02430454651681534,-0.02324764327512317,-0.021957387781968433,-0.018239307278145135,-0.014463897326143374,-0.01414722995671553,-0.013514195893847288,-0.011063356544935638,-0.008554251686235317,-0.0064745415824410115,-0.007918325702003098,-0.013972782615141515,-0.016793512957943006,-0.013720856835019212,-0.012204184445567163,-0.011984941349234392,-0.013701480557395318,-0.007988964177525598,-0.007507437149740341,-0.006923495527307962,0.0003694385213520856,-0.0010708686532211477,0.00030575196110534754,0.000891515380375608,0.0008533238754347484,0.0010124455242708106,0.001387872258427122,0.0036628679969778343,0.004100750556258574,0.006825271649052859,0.010166914815335387,0.007109967358713567,0.008349030886480107,0.0074325245442578795,-0.0010644910411904416,0.0013815102675054825,0.0062746300110633115,0.005134407924320247,0.002983453283421062,0.0033898876530413383,0.003300994248873541,0.010393918120469407,0.009523458803631332,0.0045194154021394916,0.007938287086886016,0.007685437790040187,0.009289945916761229,-0.006333483389290747,-0.013088092537969564,-0.013804825043413049,-0.0084193244985236,-0.006121933400201217,-0.004328762337956066,-0.005282585223279065
2020-03-31,0.0,-4.1573497495250145e-05,-0.005843145587636796,-0.007182161969475688,-0.006715693842319238,-0.0037306704620505508,0.0021179598385793075,-9.502767688224937e-05,0.0015785135581989833,-0.001598854396132661,6.53262899946993e-05,-0.0010101311058270499,0.0009379137450803396,0.0029177015942514727,0.005809201481615265,0.00639358086080012,0.008686477131906978,0.006977618940165029,0.004326060852075406,0.005702913985648658,0.005100404693504617,0.004603947848456728,0.0024142350685823146,0.0015963021408941915,0.004065841319948437,0.005944996844117316,0.007083771044435255,0.008350828605756604,0.008233030488034166,0.009392737571248434,0.011919415923876577,0.012300800825070783,0.013367905379440046,0.014726521673968157,0.013924458513872221,0.01593717911517196,0.016790192172422048,0.016410515944062357,0.015633190430563403,0.016217702058528315,0.01690114723281664,0.018214153475867065,0.018633951629089807,0.01810917639576651,0.018074181586659493,0.017916689789032034,0.014802596449657321,0.014024019566841952,0.014679703550663979,0.01624691867343499,0.01601900643619114,0.016054073238452947,0.014685555935950022,0.015919643818079678,0.01618848458998611,0.01781751556024907,0.020049470728836144,0.02245649061804467,0.02246229766722156,0.02161411134072267,0.019898111699108018,0.020224087300392414,0.022160286385966434,0.025268958947033182,0.02614298115421442,0.025668441362092946,0.026559464651291827,0.02569159486985056,0.025234213802663483,0.023379388117140854,0.020922248836780153,0.0201018589019272,0.017998355298815827,0.01754327678992071,0.01564488401195668
2020-04-07,0.0,-0.001787204097774718,-0.004599574401581807,-0.0041273080824296565,0.0006188192650259601,0.004388902367843859,0.0036775340802824683,0.00428222937971359,0.004258522725847584,0.003618230541029979,0.002199828468206869,0.0009102456804321421,-0.0008217171969025473,-0.0024433133933284244,-0.00026787707578897505,-0.0002916918445189712,-0.0009527780152671101,0.0015463307470440946,0.001522559144599211,0.004003640696318052,0.0038909977062982952,0.0035707851773224054,0.00789683726171542,0.009419221916491558,0.010203112707016253,0.012098412696360588,0.013115213505717146,0.013297305627211807,0.01187493060928402,0.014377428537490411,0.01450649561735092,0.014975690077734014,0.013009467378570536,0.013943171520936472,0.014647277071973216,0.015010870789326015,0.01531571845579175,0.017289116296560898,0.017885638938247496,0.019568019903570225,0.019422092020870717,0.02049562316593856,0.023063915790444624,0.02258686373036445,0.021754386597238173,0.020309004863973502,0.02230750810884398,0.02460405412612055,0.025828658966901515,0.02605484360992859,0.02501629238244274,0.023709319059051923,0.025567613099660446,0.028863386896519655,0.029377913615565077,0.030157870497492485,0.031000695280249232,0.03352491587030946,0.03134685578679244,0.030654414905114773,0.03255747479147915,0.034968577384046726,0.035169719296090196,0.03623222639567125,0.0365995337499653,0.037081419999717216,0.039069611830399406,0.04129375989547644,0.04175055559583605,0.04224708418639361,0.04536330099202262,0.04555667618600033,0.044737419047061217,0.04303417592321065,0.04273196033856083
2020-04-21,0.0,-0.0009954704141315839,-0.0027719814025829585,-0.002381881030384267,0.0006390255911036302,0.001566275418093282,0.00116105641388346,0.0029195156361403385,0.0018936612452113656,0.0019824253712480743,0.0005834743561854572,0.0009944804381959232,0.0008112148108175493,0.0017715977054389245,0.0015385259293757524,0.0017161093524300454,0.0018714689825426825,0.0008723070851629399,0.0022043012215267493,0.0037837433141908947,0.0033683424602458357,0.0030580639273687454,0.0031799705470491064,0.0023651304351136448,0.0008056607826198068,0.0013053998181957764,0.0007001283854643849,5.558504651020012e-06,-0.001362765567738605,-0.0010288553085826713,-0.00018344798884064654,0.001294297219077133,0.0016217720855325824,0.0015274259182757731,0.001349808982034113,0.0002445449808213142,-0.0009064494774613246,-0.001234753456504953,-0.004601910166653162,-0.006938817010373692,-0.005372821164616822,-0.0055684365853247075,-0.007347497844732204,-0.007515497307529086,-0.008697891541158442,-0.008798824045435536,-0.009045590840850487,-0.00789640061310958,-0.007605108562762754,-0.008826862660217727,-0.009466356472189874,-0.009118510867246354,-0.006922025480021317,-0.006054846470712706,-0.007465094505122705,-0.006468760706881372,-0.006166698289539873,-0.006955608822686406,-0.006838072057330874,-0.006066031089624859,-0.006267375624360175,-0.004021326216888458,-0.002309450570558311,-0.00182485863482251,-0.0031678101532805992,-0.005110197779009488,-0.006161105401456196,-0.004585157830399873,-0.005367232714824911,-0.003240302813430447,-0.0025211851230852304,-0.0013683316834527481,-0.0012069269049642423,-0.001941807603437965,-0.0026437887790567442
2020-04-28,0.0,-0.002197479932046089,-0.0028239239192614026,-0.0036061911409016934,-0.005559170053539131,-0.009460432820916206,-0.008878313567054201,-0.009465824397655824,-0.009708475442380703,-0.009244793584521651,-0.010911815801004235,-0.01017237240084728,-0.008458104749415486,-0.009611407958832906,-0.009881063125441958,-0.00876516305250267,-0.008118834177882868,-0.0074137350984011235,-0.007462161118249178,-0.007107091418641252,-0.006494086006073312,-0.005790131202066606,-0.005757900862571013,-0.006881203597874653,-0.007225433977453091,-0.006725263209804947,-0.005559170053539131,-0.006580099187646312,-0.006574723147046496,-0.005994280812205236,-0.005360478730594625,-0.004694882003946368,-0.004523186998239564,-0.0054732446367480895,-0.006107118216312493,-0.007736619535485921,-0.008000385850827092,-0.009169330836132531,-0.008646638148665491,-0.008070376348299732,-0.008210372040968524,-0.006639237541843106,-0.005177932314977348,-0.005253094450476166,-0.004131618062353792,-0.004871973359399516,-0.004952479798616428,-0.003059611270369593,-0.0030435399135448887,-0.0018442743198973234,-0.001084769779846565,-0.0019994553602961395,-0.0032471295204630876,-0.0037455632163240285,-0.0030221118395530365,-0.0026257752696387856,-0.0024169583771997713,-0.0019780496471105804,-0.0018442743198973234,-0.0013628312653101245,-0.0006624781197111043,-0.0010473443300017045,-0.001068730129831437,-0.00022968061142596708,-0.0019726982904076915,-0.0016570189217132278,-0.0017212168224640452,7.476835165983244e-05,0.0006513649529013867,0.00013351099215836904,0.00023496742605171115,0.0008274809550965,0.0015209696576860957,0.0016009566465118585,0.0027627126272581942
2020-05-05,0.0,0.00014868783017501653,-0.002850580555186177,-0.0037243990909824397,-0.0018977102943512998,-0.0006640547425110014,0.00033982541796349675,-0.003980295369087964,-0.0051006121624451615,-0.0062649369589696125,-0.007901554767625668,-0.008544097545598334,-0.005079261064998011,-0.003964299933118739,-0.00455630152907917,-0.0037403906900626786,-0.004652334820694288,-0.004049611881642009,-0.004716362139038437,-0.004812410803769171,-0.0033406774123947982,-0.00304765585190305,-0.0023234618853765635,-0.004380264443478757,-0.005009873146474178,-0.006478721806713872,-0.006168748686383476,-0.006681859754115664,-0.0062114978875142625,-0.005404914844525489,-0.006430616231001274,-0.007312919688314224,-0.009004840635905807,-0.010849938777894846,-0.010399077302810679,-0.008688726585754642,-0.010002058160200304,-0.011494379425735134,-0.011940360632064422,-0.010141533411615966,-0.010817727644650587,-0.010908995217077087,-0.010039607275788818,-0.008753012874047117,-0.007853380698647076,-0.007735631632475147,-0.0053782179213442746,-0.0058535297535410825,-0.006762057146674055,-0.00640389191106679,-0.005746698424083843,-0.006542866174325981,-0.0051433157249963285,-0.004945827033250878,-0.0060084554562919385,-0.0071631406121711524,-0.006131344634451502,-0.008988764628542702,-0.009160255365783654,-0.010286393688767,-0.011521240134161097,-0.012117733736854272,-0.014577322659496088,-0.016762113613382187,-0.018134767752592023,-0.016907936201559434,-0.01696735150101644,-0.019845113594354993,-0.02163436231633721,-0.022845275889422048,-0.023774818279067314,-0.024073977643490632,-0.02325286354678922,-0.022872443232104453,-0.022003454137544527
2020-05-12,0.0,-0.0012934130914250576,0.000224532658123092,-0.0007396713457088692,-0.0014195555722664698,-0.0014469799563850095,-0.004880964358855893,-0.007531812005005417,-0.007068371391589691,-0.00823289816518939,-0.009310326696399385,-0.006483859828087783,-0.005514104009316733,-0.004347236310882711,-0.0034015317730458064,-0.0037698103497164413,-0.0037423221902393657,-0.004248225320581951,-0.0048534456392452146,-0.0035334368675215924,-0.0028411291475626105,-0.0036378740747457887,-0.003830286960405759,-0.004083228785134859,-0.0036378740747457887,-0.005101141382071405,-0.005128666918889851,-0.007570441752675088,-0.008072764315036274,-0.00777465235522653,-0.008216331405288345,-0.00876317944763926,-0.00934902521010488,-0.008216331405288345,-0.008266032508386928,-0.006803644582593859,-0.007482147379176685,-0.007040792412285928,-0.00625786676676643,-0.005624256184658234,-0.00505710209902382,-0.0058886709207098325,-0.006709903973817728,-0.005392950628989221,-0.004880964358855893,-0.0030663512807090074,-0.0024127977662899394,-0.0036818508989665106,-0.0030993148724250807,-0.0025280997065100026,-0.0036213832642496076,-0.0059272372451510714,-0.006031924766769667,-0.00609804884863338,-0.004094227707240687,-0.003632377107697247,-0.00342901056628889,-0.0031982121676646254,-0.002363386718518527,-0.002561045560002685,-0.0011069707399565503,0.00317709697090654,0.003624687902108316,0.005004408414048973,0.006202619954575152,0.006050200015574622,0.006338689557108155,0.00686102484293775,0.009219016753460277,0.008942213664524195,0.005304095923954502,0.004252069586230343,0.004328419618443314,0.007171032378059744,0.007475507622768876
2020-05-19,0.0,0.002036654868337627,-0.0004269327196423556,-0.0038884389184263477,-0.0010339403033931057,0.0020870977851820374,0.003755883487147038,0.005879833489681828,0.005918916599920723,0.005321336502218333,0.008272252506454454,0.007408518950762936,0.007520010371613589,0.009157501477887573,0.009836218173112515,0.01154765297289621,0.011530997271232874,0.011214486219856094,0.011153393606211858,0.01299563811358849,0.012013900025669377,0.01066451828745572,0.00779311183050241,0.006806250387705733,0.005237535044582558,0.005371614006118299,0.0069791608902185645,0.006359891552433157,0.007085123518971634,0.008728893861592998,0.008272252506454454,0.009079586483107405,0.009435719769752679,0.010047527681158299,0.009124110080621698,0.008483892718884993,0.008556285667843146,0.009830656793556436,0.009724984705071786,0.0089682688157655,0.008288962572877675,0.007581325355063955,0.007820975133141637,0.00765935716978915,0.006114309242055525,0.005041970995336429,0.0026978156217162446,0.0021319337974746552,0.004231369400745485,0.00395169918603756,0.0036943334903448556,0.002384098916529864,-3.9315130433016336e-05,-0.001905752969522178,-0.0016300655073356583,-0.002969831417618045,-0.003493841515394237,-0.0015850625258806135,-0.0028571769400467088,-0.004576538212355843,-0.0034431188584178006,-0.0008147006145098256,-0.00023591397113312558,-0.0015231867330773611,-0.0015850625258806135,-0.0025474425488876086,-0.0024742466174226437,-0.002434835642587073,-0.004390366273570814,-0.005253819405878244,-0.0044298543947029435,-0.004119632583621971,-0.0024629861804048984,-0.0022378040634170515,-0.0020633227929759837
2020-05-26,0.0,0.0018609558823710784,0.0010928392664547068,0.0019925737957590486,0.0026175224222992994,0.003729403505335419,0.0041617720433043525,0.003192787676528824,0.004473618092362188,0.0028257518699831975,0.0028367101135960376,0.0027654793835331284,0.002316060879657277,0.002453100119687768,0.002880541887255843,0.0026832837743762756,0.001422104349770232,0.0006591414921021462,-7.143308508794542e-05,0.00013735697726370666,0.00045046035611959504,0.0006371771073511019,0.000845819286771889,0.0003900445304501031,-0.0008245383052896845,-0.0016827799529787525,-0.001699291820884321,-0.003054193632558772,-0.00277865840363679,-0.003230576030052877,-0.0012975804148574908,-0.0011270394419757017,-0.0016497570350707863,-0.0018203871836301973,-0.001974529765823881,-0.0015396885173074779,-0.0009125291982889487,-0.0008795317060954218,-0.0015231792845186408,-0.001589217851065591,-0.0011545440833856042,-0.0012480655232438712,-0.0006540779795177333,-0.0004286750708657748,-5.494671542183073e-06,-0.0014461398017456299,-0.002354482579154485,-0.0035834341847372003,-0.006537988691729329,-0.005775043465145716,-0.005819256283554249,-0.007561691652754852,-0.007268307464058106,-0.006040349701951108,-0.006023765999860439,-0.006709455033583205,-0.006936278264573816,-0.0063389033774847794,-0.009945165889446621,-0.010472514476300104,-0.01135575218297334,-0.010578017573469194,-0.008835866520032848,-0.009146346324707125,-0.008963373345978803,-0.008442361018348462,-0.007888390420019499,-0.006880950781185526,-0.0070690767154537,-0.008652950336706489,-0.008104402451068004,-0.009251709592396736,-0.009035449613789971,-0.00812656016971001,-0.007212961607788263
2020-06-02,0.0,0.0003561833465972526,0.0061745033216711485,0.0069278485385453475,0.008599359271138404,0.008513579316851969,0.008992843579722822,0.008680086624636851,0.009073539175804658,0.007721028245428275,0.006204850339825962,0.004691435580391959,0.0033684862753622395,0.0019472816669589283,0.002185982121877069,0.003581492864157115,0.003931333791508073,0.004838321969099648,0.005445898466479393,0.005916516477569323,0.005774848334955661,0.005086460299895641,0.006998603493948494,0.0067458842333742415,0.006811597385379576,0.005658463059079862,0.005557247459645361,0.006644778643665451,0.0066195006489169475,0.0066650005794111,0.00657399864808514,0.006128981067603502,0.006467819260438079,0.0074533372804199876,0.009007974500010856,0.008816299257812464,0.009411381275655863,0.009194570361654443,0.007892716802807622,0.008806210069386505,0.009386173119303315,0.010121989782966558,0.01132031227507523,0.013009620764377913,0.012582535514183951,0.013737757244297061,0.013386309275061221,0.01168254726892372,0.011551755323508864,0.010978080923343394,0.01068608513003564,0.012778514921898205,0.013526903284983993,0.012084876762084657,0.01240159734930787,0.013346135927059332,0.01353694495792654,0.014801389648891595,0.014119189527126466,0.014094099768513793,0.01307492360633081,0.013531924134059776,0.013572090019170542,0.012939289857432087,0.014650944330466143,0.013310982923608092,0.013988715907703491,0.013597192878136393,0.01386826360917736,0.014365035854341823,0.014084063688806974,0.015167378738480466,0.015072134198051161,0.014941784861645477,0.015708596491606386
2020-06-09,0.0,-0.0015748577270773946,-0.0008855522734734573,-0.0030091503763879104,-0.0031078027845731363,-0.0020625821084308427,-0.00028034004939550723,0.0008896819605394096,0.0018669279236900353,0.0024263273199940307,0.006191666694964309,0.00792512058336315,0.007895847721255818,0.007085625207413666,0.007344382053098035,0.0069635468476045275,0.007983663737002078,0.008407999134160155,0.008739538258813441,0.007524983946003793,0.007212570894360183,0.005932611365651679,0.006255198320295636,0.005976606623947729,0.007461532943578532,0.008042203463540799,0.007529864625589691,0.007783627144275588,0.007520103242596746,0.008929636111036497,0.008851651620162465,0.009002741048332897,0.010838358869198095,0.01033718499273532,0.010054859995849503,0.008949131283544833,0.008320220375588223,0.007915363057871851,0.008949131283544833,0.008851651620162465,0.0065972223239427336,0.00649951311623766,0.004866356752615634,0.0037107797414368295,0.002347833999244614,0.00158711083387648,0.002068151461633335,2.950490765193748e-05,-0.0015009808404128511,-0.001190757501743754,-0.001313850483875933,-0.0013729404976806677,-0.0016733687332992674,-0.0022498526409744876,-0.001205527859605144,-0.0018063739872029101,-0.0026540822686225616,-0.004657922809627693,-0.00649748578944072,-0.00738385921863794,-0.007938861438026945,-0.006388600233002127,-0.008047915935641706,-0.008980321559933219,-0.011817597593176602,-0.013047429380749355,-0.014363579831229597,-0.013560721412819813,-0.0133962399402901,-0.011439491898181409,-0.011927075929016255,-0.012788391704263692,-0.012554319215427868,-0.013989497264351721,-0.01403936685538162
2020-06-16,0.0,0.0001899905010466856,-0.0005351672525351392,-0.0006652511568368201,0.0010045405072303584,-0.001230812491521492,-0.0015963452595950615,-0.0012658577875703089,-0.0018217402652950757,-0.0032253407303322198,-0.003260455996196106,-0.0025784371941837297,-0.0027739685512677913,-0.0028341397383130525,-0.0025784371941837297,-0.0022977410659470844,-0.0013860224132516944,-0.00040510026785478136,-0.0010556044315025283,-0.00022003410617400682,0.0005698632482457359,0.00014999550041620087,-0.0004501215404138159,-0.0015011937307137582,-0.001436095269267712,-0.0001150117888351208,-0.00028005181141507783,-0.003160129936417925,-0.0038525847161830734,-0.004701244612702567,-0.005636105959437878,-0.00467110234117864,-0.0035614945815812507,-0.0040031818340388456,-0.005324388393137374,-0.006722849308208141,-0.00856193260291767,-0.009066381855932141,-0.009747792250335521,-0.009803335042283961,-0.010156861472066235,-0.009157209752269092,-0.008980607528135799,-0.009106748791380811,-0.006154174230290594,-0.012969319065154496,-0.01705029441610678,-0.0157236736223287,-0.027428975988224677,-0.021669051894223385,-0.019413085644592598,-0.021301217007068038,-0.02520101467709293,-0.025847330953419435,-0.019596639242758285,-0.017945868508388658,-0.016933318398599916,-0.016501134413695596,-0.014764114641177712,-0.015378329417377783,-0.014814861894493585,-0.014896062856769511,-0.010813742322345516,-0.01023263339860382,-0.009036107723662083,-0.011931430998069594,-0.011648097578515548,-0.012133861173002681,-0.010621686362713647,-0.008607322616618044,-0.010076044411540872,-0.00890997537029394,-0.009026016549907064,-0.009550892660916578,-0.010136656594608124
2020-06-23,0.0,0.0022285559147099255,0.0023444402815559185,0.0020981699479186043,0.0022044116478856664,0.0005273738598022575,-0.0007697875718122218,-0.002577970453355658,-0.0028351627399752326,-0.0005228100188790385,0.0002709791072334221,0.00100612389614807,0.002624438738566101,0.003724363109061144,0.0033675027052046656,0.0033867957129368642,0.003772577721955507,0.004683397016220279,0.0030973615065468113,0.0025037593618009854,0.0028271473119022986,0.0025954770163069915,0.0040039755102466955,0.0028416249234826008,0.001987087009902187,0.002383065419766148,0.0023396120343785855,0.002049874534524697,0.002310642061753182,0.0036616806367476586,0.00406181659189083,0.00459668805479479,0.0055019443811815056,0.00527570711508793,0.0049242158012493395,0.004803813657945695,0.0051168290825304745,0.0046352262991899125,0.003931669453136897,0.004264234035182394,0.004866424581645881,0.005843610028580805,0.006430424987075348,0.0072379348724811495,0.007300393583690012,0.00782873427004701,0.007833536087054392,0.007410887901752202,0.00786714816051438,0.0074829428364654735,0.00817440617324396,0.0085007644022878,0.00851036156152859,0.007117811000600125,0.006372720750125736,0.005646324389613634,0.005877289053047028,0.007569401905355165,0.007747099852931249,0.007362848394051909,0.0067140890634031815,0.008419184829767534,0.008630318281288041,0.008601529980851348,0.009359345589748665,0.010882830544171754,0.011155662904739362,0.010686536667671035,0.0118493747933575,0.011418851653264643,0.01289620750328906,0.013001308232880348,0.012599955094071434,0.013221028615695586,0.013980125279418405
2020-06-30,0.0,-0.0005400765882705875,0.0003133035961550666,0.0016810491005296308,0.0007951175385712832,0.0005927839572508846,9.641156174920496e-05,0.0003904094287674522,-0.0005352531851185484,-0.00032304647569642985,-0.000525606448609452,0.00044823490186833483,-0.0011094015675832604,-0.001630762911760885,-0.0016452490521462432,-0.002340830687854587,-0.0007282074603779593,-0.0006606692288891297,0.00042414136110438923,0.0007565809649494632,0.00019763369863492341,-9.64208578347012e-05,-0.0005979592408557804,-0.001022534430814286,-0.0005063132547652353,-0.00040020734167261454,-0.0017369994813852027,-0.0013314296502211578,-0.0019929793907752535,-0.0025003029798820867,-0.0035157229432488824,-0.003593130562132391,-0.0034238091776464014,-0.0026017985902839426,-0.002398817669793512,-0.0028628346147374453,-0.003036896494174809,-0.00305623857335229,-0.0014134959840020507,-0.001394185652491258,-0.0023215024410710764,-0.0031239387967887627,-0.0027081383749977825,-0.001592134229959695,-0.0012155827610631383,-0.0019060354695494622,-0.0014907410391498395,-0.0004339670928181105,-0.0009067233186087391,-3.374624272063766e-05,-9.159959413332727e-05,-0.00011570614508972892,-0.0008439978991117654,-0.0010804450168856081,2.410376187518384e-05,-0.0020123012887657485,-0.001442462180452657,-0.0007619782867292735,-0.0011817966128980166,-0.0014666013184452236,-0.005326694825810602,-0.0070584145842231254,-0.008209702137338496,-0.009849050754098122,-0.010073028006736017,-0.008613209251587683,-0.007306048107298486,-0.007005011470808962,-0.007335185494939556,-0.007830651024075626,-0.0074177460373606695,-0.007782065116894279,-0.007000156783729898,-0.007684900383729308,-0.006573036586585609
2020-07-07,0.0,0.0009013237058967761,0.001551259199468024,-0.0003068211953836904,0.0003485462172711326,0.0006505213693339457,-4.1833711004951784e-05,-0.00039051604401453565,0.0005343878714250309,0.0011381348361981188,0.0005576156499909327,0.0012077744974060684,0.0016533535254325852,0.0014398716821805737,0.00022308357360844696,-0.001097552011361054,0.0003253135819224242,0.0001719646500690858,0.00030672708501196136,-0.0003347186999536153,-0.0002835738694062867,-0.0014605672759505515,-0.0028533478680185086,-0.002876655011892259,-0.00400070394474561,-0.0044441411974732005,-0.004747658970768791,-0.00524282411378653,-0.00592057000372693,-0.00624792214870234,-0.00489244605227756,-0.0042667426992931134,-0.004738318588560206,-0.005196099945234666,-0.004280746699769539,-0.004299419005472892,-0.0034501818679701156,-0.0017678370006613566,-0.0009812288468675598,-0.0005718789167414157,-0.0007021084464714913,-0.0012883512980711993,-0.0013814373329060466,-0.0006044347092337744,-0.0008788756538237507,-0.0008509629647133483,-0.00042306593253414596,0.00015337530269390857,0.0007991525691541481,0.0008363069176105669,0.0020987341012117626,0.0014677197246971729,0.00024167162520956825,0.0007527076922478912,0.0009895540149227485,-4.6482009146786186e-05,-0.0014466027133553869,-0.0013721283394874714,-0.0002510285209473486,-6.972382396161641e-05,0.0011427776311604561,0.001718317215393008,0.0011242063219755484,0.0016115889246380208,0.0016579939289620678,0.0007898637663414654,0.0012541982440891376,0.0018946259602995001,0.0017507974778364882,0.0030259736828855605,0.0037393627278763534,0.0035587473848066632,0.00366526807191956,0.002395544321082533,0.0021914967587429997
2020-07-14,0.0,-0.001157072735398362,-0.0011243950563509689,-0.001778151611363619,-0.00013989731559863055,-0.001684731646515075,-0.0022967911054712436,-0.00225472923244983,-0.0013531612373036891,-0.0011337314271170189,-0.0007463452752944815,-0.0005130525338398991,-0.0023482024641211163,-0.0033161639521742154,-0.003119690187806577,-0.0037373091926726615,-0.005109600830270974,-0.00612246333169421,-0.005775348602101241,-0.006652749487462388,-0.007789353418855882,-0.008212387140951743,-0.009416662463374376,-0.009915732602502489,-0.009454319445924808,-0.008010248703639842,-0.008207685782964578,-0.007869246080757387,-0.007216193270680537,-0.006371146601987921,-0.007281949063084974,-0.006976690870989607,-0.007047126798976834,-0.007991447205159919,-0.008212387140951743,-0.008790822794358567,-0.007977346313278122,-0.00751682648164058,-0.009379006898818883,-0.010514003288361249,-0.010627102537785633,-0.009628501438301075,-0.01122108354785756,-0.011692748297304023,-0.01188147650565393,-0.012310965915430827,-0.013657264860109094,-0.015000645366480983,-0.014598387987324248,-0.013959841014689068,-0.013652537834046727,-0.012532862375676367,-0.012117436865408468,-0.009934570315604728,-0.009934570315604728,-0.010009924716808366,-0.009976956467584161,-0.009496685246374112,-0.009892185960134803,-0.00958142223223609,-0.00864971007328305,-0.011522923358103693,-0.011442738272014944,-0.01113149238997324,-0.0107496411611703,-0.011173929306324777,-0.010839198113560072,-0.009816840430208298,-0.009543760463164198,-0.012131596257687513,-0.012060801301090678,-0.011971134883699584,-0.010594113935344804,-0.01149933884180917,-0.011305966786298288
2020-07-21,0.0,0.0007818187118100268,0.0008446971050184185,0.002697833270960213,0.0023391403441258753,0.002195627140664857,0.0009300257438313127,0.0016482940299478528,0.0006021443710683152,0.0005033097213567596,-0.0004675859611580758,-0.0009128950422516015,0.0001303455732668226,0.0005392507242042954,0.00034155922115009033,0.00019326494211652554,-0.0001573362526200185,0.0015450747089945207,0.001437356231132036,0.0010647403511398865,0.0009928948190028961,0.0009120624249280007,0.0006425739124905822,0.0009884043018524738,0.0004583816511894566,0.000301117507763924,0.0003954789616295553,0.0005617131950321414,0.0009210441247145382,0.001024327874455689,0.0017021433595367974,0.001621368277708202,0.0011904576131832568,0.0014418447327131253,0.0010377988814810443,0.0013475819684549493,0.002505051815042639,0.0025095355268384056,0.0030071026134042204,0.002105920928449366,0.0021148919118037807,0.0018905931808429067,0.0022270224138848504,0.0027695564196370775,0.0031191331216693283,0.003204267914742298,0.003826875765827908,0.003432751790822737,0.002240477229251149,0.0014642869384238488,0.0019444294647167743,0.0015764904128098987,0.0016797064912738927,0.002648520622031546,0.001684193905199699,0.0010288182302939522,0.0012847351888829323,0.001522634316286671,0.0011904576131832568,0.001176988662481858,0.0017829119172785286,0.003154980233740258,0.0030474350422510232,0.0031236140809531064,0.003782096772541903,0.0038716527540456794,0.004180559339122112,0.002733695488325013,0.002608172100463307,0.002783003937337597,0.0030788035845348578,0.003544734626210948,0.002733695488325013,0.0027695564196370775,0.0029936581089572267
2020-07-28,0.0,0.002730688800363878,0.003289336797391662,0.0037985518132634902,0.005039235687322547,0.0038476728810762986,0.0027798623494747,0.0016795849328118844,0.0028066832662152863,0.0026099798362355466,0.0022388202713740373,0.001531894607826087,0.0002823674964473,0.001513991267957453,0.0011961536355446956,0.0006900909491059468,0.0015229429779578566,0.0018585742699999352,0.0017511845121946923,0.0017914570228556369,0.0020062163590010462,0.0022477654952953556,0.0028513831955969886,0.0027798623494747,0.0029184293434855674,0.0029586548746354537,0.002730688800363878,0.002998878787757291,0.00310166588225783,0.003191037377278851,0.003155289737736603,0.003843207429161313,0.004236090886231953,0.004195916708848562,0.004164669010573669,0.004686823781074777,0.006754910914264548,0.006327381581912779,0.00625610891940324,0.006594608833556457,0.007422559791376821,0.007698391180068099,0.007720632331982719,0.008436533141378495,0.008872048055759797,0.007551587169830649,0.007306865917238285,0.007444807078877174,0.0073469153114966166,0.007151103023649904,0.007275715279426332,0.008031956529724134,0.008387636972383587,0.008089763210858737,0.007342465458007955,0.006300654928756286,0.006616874548142052,0.006594608833556457,0.009285167490908615,0.00885871878045006,0.008880934140595247,0.00944503888359577,0.009809095005535133,0.010656565844027653,0.01129502222012947,0.011578649818995897,0.01158308086199704,0.010962543722883892,0.011286157561308028,0.012229802537310529,0.012597272994386042,0.012969033372552556,0.012557433326909131,0.011972935778885216,0.011658405589146728
2020-08-04,0.0,-0.00046153390008864763,-0.001604861565108796,-0.0032856381404847814,-0.003116058445642691,-0.0012983215077598544,0.00017815906911049548,0.0016433407330076883,0.0020081611086235694,0.0019671254600379584,0.0025961537688193323,0.003101824351161465,0.003165584467408791,0.0032839853273193918,0.004335316313485935,0.0048355618990183116,0.006584453388872686,0.005903430738979972,0.00639835325284538,0.007010991314106487,0.006888493724206946,0.006511833066043338,0.006602607645592443,0.0055127684706232204,0.005526398793548656,0.0068249705473008414,0.008085604477469067,0.008439022211843242,0.008185299049635317,0.008683622879826236,0.008987025749084233,0.008411840666299016,0.008665506363450539,0.008362005913797547,0.008407310336876127,0.010032381140632067,0.00961618005521562,0.0098107303844159,0.00951662803920533,0.009747392572173101,0.009860492994158363,0.009104739388156093,0.00886476999442143,0.00927223106489045,0.007586982477001868,0.007450951498003847,0.008928163732952688,0.009720246567384816,0.010136404351470058,0.009643328885102812,0.00915001017537755,0.009245072158125435,0.008352944782877778,0.008212486753544643,0.008475263123306181,0.00880590078141794,0.009335598979021113,0.009575455428349578,0.008900995479960152,0.009014191664916934,0.009684050747997955,0.010584032944777253,0.010376068822359781,0.010828109567968678,0.011817365606201566,0.012643254329670428,0.01275151702921651,0.013216011403882615,0.013301671266653827,0.012359008965355085,0.012828196017181728,0.012909379125727377,0.013405354968344968,0.01364423736046829,0.014049756024389536
2020-08-11,0.0,0.0030468671949178956,0.0027254221867668354,0.0033770113388483978,0.002787077183043147,0.0026241235826191885,0.002787077183043147,0.0022672945990334396,0.0019588212751229677,0.0008916512027721587,0.0012754343832224006,0.001689931194444553,0.0016943398115277246,0.0021218833161836307,0.0024787641812439947,0.0031173070921046548,0.0033373997960397107,0.0025184097498656896,0.0021395100524175766,0.0022584823958944904,0.002157136477955169,0.00013688921488916192,3.5328042962515955e-05,0.00031790746511372843,-0.0010560012999412441,-0.0009587495460176745,-0.0002959213665778638,0.00012805821809035552,0.00029141903614072394,0.0007460397336261128,0.00021636467688220757,0.0005386170915977229,0.00022519489388461115,-0.001250533186099123,-0.0011974752822275746,-0.0008438278473483464,-0.0007554355268156326,-0.001927268340892867,-0.002033464440940946,-0.001241690006622331,-0.0005035602700185301,-0.0006537940163352298,0.00026492990551248613,0.0006842587647924929,0.0005165483208935984,0.0013239482063636672,0.002007301956682619,0.001857444981661915,0.0019588212751229677,0.0017869162808594036,0.001742833316713829,0.0021879819750657984,0.002593291535787101,0.0020954426292530874,0.0020425591579695747,0.0018662607195171765,0.0015664820244836472,0.0013680496396673242,0.0023774405866366587,0.0026329325642569083,0.001826589287130894,0.00164143512371904,0.001751650065008933,0.0022937307425303223,0.0019235611212967303,0.0020954426292530874,0.0023333836474413987,0.0019852655746149714,0.001976450885817517,4.415985869555526e-05,-0.000689146413452441,-0.0007907915174500306,-0.00045937816906404085,-0.0009675902237440719,-0.0002605828679302487
2020-08-18,0.0,0.003490002500260701,0.003069364674290776,0.004578411495495642,0.004551879024171226,0.004750855401910012,0.005113332806297173,0.005064715418499735,0.004848118334640945,0.004304208672142223,0.004777382594494604,0.004795066998619167,0.005515440563336288,0.0063235856494821005,0.006579582826083748,0.006566343199882205,0.006411867940994652,0.0069722786881888784,0.006672255301762894,0.006380970025497984,0.0057804781339631135,0.006133752326983381,0.005979210223887596,0.005374058464725217,0.005528694110316901,0.004914428547101268,0.004392669411112296,0.004936530974169532,0.005100073753125836,0.005104493457049847,0.004666847982678974,0.004764119086163912,0.00464916131091231,0.003197788668497784,0.003490002500260701,0.0039547122310151315,0.004481122325472417,0.00446785488708276,0.005365221419833252,0.005033775850104237,0.00556845369735273,0.005108913141440161,0.004910008003064716,0.0051663672610270965,0.0051663672610270965,0.0054182425178241015,0.006080769153543736,0.00574514384954497,0.005528694110316901,0.005197302727436749,0.005440333812308431,0.0056347161630033085,0.006500142439431972,0.006270612533326299,0.006473660908091921,0.00652220984653467,0.007188416223077527,0.007214878833615639,0.01001155371654887,0.009624449558703221,0.00976963117896502,0.010416093360354735,0.010451262987868021,0.010411697069944607,0.010477639396809433,0.009985165010913311,0.010684230533905248,0.011510168547644795,0.011571647286998712,0.011264215786902742,0.010974265208265117,0.011088498199756054,0.010842441693395698,0.011189539585075443,0.011698984082015832
2020-08-25,0.0,0.0008258105364627858,0.0007606397564105832,0.0016118699656787153,0.00045210708752390255,-0.0007525158524801861,-0.0002130828530724935,-0.00042186110957543005,-0.0015447916407081122,-0.0012922399969092467,-0.00018263966549443146,-0.0006437357774016852,-0.0005132153050804211,-0.0011485752839807358,-0.0013401328214847927,-0.0016798023002225822,-0.0038511853820528486,-0.005187751131701826,-0.004873104320148881,-0.005786727643061633,-0.005227088945180097,-0.003907931267445724,-0.0037071525947039922,-0.0035020507958530797,-0.0032402798265038064,-0.003820631239017676,-0.003497687384800067,-0.003414786192066285,-0.003772619471760898,-0.003497687384800067,-0.0025381995032270955,-0.0026253876422078905,-0.0019193822088907346,-0.001732069385037749,-0.0018975998451984364,-0.001614472285630794,-0.0017277136902936032,-0.002324620684203515,-0.0020195871935189597,-0.003262091456902144,-0.0028782762417681545,-0.0025905114743977257,-0.002791066052074229,-0.002695143627081808,-0.002477172328679244,-0.0025905114743977257,-0.002586152038944672,-0.0022810387741758922,-0.002193880651855321,-0.001222581800941385,-0.001492534343182327,-0.002111087471351531,-0.0018671053331191468,-0.002093658201506802,-0.0018366117509267677,-0.003589323015415541,-0.003454054321402983,-0.003153038062070936,-0.004943017278544312,-0.0054281730514704595,-0.006587380458475763,-0.006114786521636633,-0.005751741047297505,-0.004982345465716479,-0.004977975590760506,-0.004680868883575827,-0.004388217702037315,-0.004405687010646284,-0.004047627167161721,-0.0032708162422725776,-0.002847751810228692,-0.003349342736279473,-0.0025556365228922217,-0.002407431546420809,-0.0019237387385662706
2020-09-01,0.0,0.0045583749535305145,0.005988724408185947,0.008293969422540426,0.009954118607198241,0.008712534535145552,0.0062422120498355285,0.0018144320381394603,-0.0003034587726168814,0.0018714915006987594,0.0020558152087603813,0.0032881552975765377,0.004304460066187273,0.003669390636136513,0.0048166015509917524,0.004475203039324765,0.004956628769011048,0.004895369273770266,0.005752660897262395,0.006342715221232212,0.006438839238765882,0.00639077838497739,0.006596113157831776,0.003095291266120392,0.0017968746253994843,0.0026524399100499156,0.004120550409098267,0.004002304909406174,0.0037219634165913677,0.0050266350258489694,0.007822874160985023,0.007264251500419566,0.006347084695213116,0.005389713850750091,0.006084882457125851,0.0074606778509911,0.006753362345701793,0.005695822469223283,0.006063029167002777,0.006932421586401298,0.007508687313229117,0.008821507119930641,0.009644955847961892,0.011220252738537268,0.012115585766593061,0.012523869590326503,0.013543850451032928,0.01416401088862807,0.01350914479834609,0.012714923906781087,0.011641941455918096,0.012180748619445703,0.012002626761902549,0.011533275804806235,0.00848147337484441,0.0071682067959016665,0.008477113217094094,0.008477113217094094,0.008664582835575538,0.009479449179407589,0.009104780277770987,0.007897042763704072,0.005437822839486358,0.004667801144579758,0.0025866531774557285,0.004606523952806658,0.0060455461910502994,0.00546406313058029,0.005966869016569354,0.0059624978809262085,0.0067708329514080045,0.008350660371845398,0.008533793785048403,0.009257278747635557,0.010089075192740273
2020-09-08,0.0,0.0014156905839471602,0.0012570212900893819,0.00042800569856813153,0.001005743408494468,0.002345163076147166,0.0030670004476072354,0.0031549937601722663,0.002772166421625067,0.0025961046587039903,0.0033089634284518593,0.004157570642413687,0.00455304814270161,0.005040588423844212,0.005892115517865108,0.006414085417755661,0.006405315065055826,0.0073082575791634866,0.007290732474450668,0.007592997493080784,0.007847004676718729,0.007119846606076915,0.006343920442328554,0.006764836467028203,0.0064272408025837025,0.00640970025102074,0.00572537864581359,0.006646471741331727,0.006856888235254167,0.007281969806919318,0.007378354926883932,0.008087813972245528,0.007689352640710152,0.0063702328850456045,0.006563169646235993,0.0064184705652612,0.007229392189199017,0.00735206899730229,0.007925821375390708,0.00863926767942821,0.008328565292616193,0.008232271719700026,0.00844673109688276,0.008162234205827908,0.008061546685085524,0.00729949506519835,0.007680593465473991,0.007054113495628191,0.007198720635529015,0.007807593997733224,0.007527295477976342,0.006519323650902949,0.00593160175801248,0.006361462147733472,0.004974718490590547,0.004438815151210849,0.005075717280886507,0.006137782351007435,0.006071984652587183,0.006238663747466925,0.005993021699331744,0.0046672680865067085,0.004794651865452743,0.0018474961547796636,0.0026181140743328857,0.0028865899472268874,0.002006071793488949,0.0009748803676447376,0.00041918268815709905,-0.0018730237129903078,-0.0012762792676590507,-0.0008300587698985423,-0.0011260441936728192,-0.0024170344120151145,-0.003319949028428411
2020-09-15,0.0,0.0015992020472189632,0.0006757243040488135,0.0016775712707942432,0.0024522253264185096,0.0026740662152138577,0.0017951135916067142,0.0016035560541028163,0.0013335717725152586,0.0007672389366488108,0.0004360034251737279,0.001163705596164567,0.0015295353587533593,0.0008892454205733753,0.0007280194053172832,5.233044935600725e-05,0.0005667673920413605,-0.0011301334454721058,-0.00197748007839475,-0.0012130892933612612,-0.0005670887994900229,-0.0002835042010321812,-0.0002747797962546518,-0.00017009287548109338,-0.000645634139828001,0.00018750476992945622,-0.00011339203563935292,0.0005144638571824886,0.0020040436095163823,0.002125899297716909,0.002252091322983329,0.0019039367562482458,0.0014424451724560498,0.0012813083299102368,0.0016862785831953534,0.0017385208654983478,0.0016558026580853831,0.001977929744358334,0.002191173023107393,0.002473976609201189,0.002204227256921779,0.002339111028650478,0.0026436203794406726,0.0027393041706794525,0.002882812693375046,0.0030784729495314856,0.0032001977906785718,-3.9249634220152785e-05,0.0001744241826108586,0.0005972765240807333,0.0012769529197286479,0.0015817858301079804,0.0016949858197796129,0.0018473501885785842,0.0016688638825754052,0.0018952313388670753,0.0024217727356619775,0.002369566136736077,0.003821632978258782,0.003591355884380749,0.0037868775694446057,0.0033306008231685025,0.0034740245209209653,0.004611992372348894,0.004512146265504469,0.004147406203884012,0.0039649862726978185,0.004125691290297738,0.004668422718868002,0.004559899995188363,0.003925891957657696,0.004203862772512297,0.004138720295034005,0.004755232419038309,0.004950526695583953
2020-09-22,0.0,-0.0016400971690093836,-0.004369148050425074,-0.008375696534104403,-0.008052426475076063,-0.007787602502919291,-0.012317208948469594,-0.0127591221693172,-0.011393429679524244,-0.009543931464190376,-0.00695767667756422,-0.008214048441648795,-0.007078758069071826,-0.006052273330265,-0.004753868394797905,-0.004816511298943381,-0.006415232662640463,-0.005590922639573991,-0.005658096393470162,-0.006365934157943786,-0.006715557867785414,-0.007334422495208383,-0.0071415467850632795,-0.008797900896267426,-0.009229272394693152,-0.008155681940412253,-0.007747211790085089,-0.006917319471443333,-0.006119478083010431,-0.006092595639932309,-0.0058775621073123025,-0.006715557867785414,-0.005564054401412346,-0.004458604690851177,-0.004789663859516339,-0.005205880190603373,-0.006079154689388101,-0.007356852317901472,-0.007334422495208383,-0.005967153793263812,-0.0037610550292276773,-0.003381184582825754,-0.004306533163268105,-0.0036493134471635544,-0.0028719377211100182,-0.002827279313264136,-0.003837046437765053,-0.003837046437765053,-0.0045928046579498645,-0.0036001511064004455,-0.0031265287354224095,-0.0025549062050757277,-0.0006860177386343559,-0.0011406523450496289,-0.0003206769874935267,-0.0019791482752887246,-0.005658096393470162,-0.005528231206785697,-0.005635704640799562,-0.007338908419499292,-0.008559827582038293,-0.009184329180436884,-0.008869783224926507,-0.007621562226552098,-0.009831706426157591,-0.008928191421859496,-0.008106297561579164,-0.0076305366718190624,-0.009022550331769559,-0.009467505158218622,-0.008452039439527973,-0.007626049439118053,-0.007128091728316392,-0.006509354739042831,-0.005286458203593068
2020-09-29,0.0,0.0020695087319270167,0.0012147491529704792,-0.0008831707734173203,-0.0030611430095959383,-0.0013761327520504273,-0.001216226563340234,-0.0031901922064438842,-0.0032613988927816784,-0.003021096644799246,-0.0028787225566429117,-0.002425040384352522,-0.0023049824896235025,-0.0013494799448420095,-0.0021138089279002263,-0.0021538189748727945,-0.0026429600529095363,-0.003118990590137028,-0.005645296467069562,-0.0060558109992481625,-0.0045930074185567046,-0.006158465969289372,-0.006877345976315462,-0.006971151044984956,-0.006216493005440889,-0.006247739727327501,-0.0047935703324721475,-0.004695512326625976,-0.0049362173259828255,-0.0025495600942045315,-0.003590795787855911,-0.0035507282071978574,-0.003751082166528332,-0.0034260837775295454,-0.0033593163662331543,-0.004508337375435761,-0.004980798684740803,-0.004615290200429218,-0.0034127299386345505,-0.0040940031889432175,-0.004744540127627387,-0.0056051464845739175,-0.007467124067070819,-0.007985701210334888,-0.005529312026698376,-0.005988867782690841,-0.004775740888928587,-0.005694370857162706,-0.006185247259881287,-0.00593085395307021,-0.005587302565335113,-0.006613845482402279,-0.006229884338124159,-0.006247739727327501,-0.004722254465552902,-0.0032881027074231073,-0.0026340644428931217,-0.0028787225566429117,-0.0038401412572938763,-0.003648674016531155,-0.0026651994241589203,-0.001300618309877671,-0.0005235950688698018,-0.0002795124079559258,-0.00011534485907456855,-0.0006390003412433897,-0.0017449028192094282,-0.002731920505598984,-0.005052132993006684,-0.005984405060921393,-0.0056408352782966326,-0.00474899731964117,-0.004757911763268416,-0.004878264530747251,-0.00513239017272328
2020-10-06,0.0,-0.0007254951390480185,-0.0014774561070852073,-0.0003756371303180858,1.2950488125538814e-05,2.1584053701979297e-05,-0.0008810268851190548,-0.00030222567853039906,0.0004229625568560243,0.000638690878075046,0.0009233810206608282,0.0013287089321739514,0.0005394616303886697,0.0003841265161424915,0.0015873430008949637,0.0010829445930669317,0.0009751341582062914,0.0014752764504879974,0.0016045828940081104,0.00048768593992674897,-0.00013814897662215591,-0.00039722975945894617,0.0001597109666556084,0.0005524051341522724,0.000660261150788856,4.3168480102222735e-06,-0.00022450177968786435,0.00031076543502621157,0.000638690878075046,0.0001338136237213494,6.906733204276033e-05,0.00012949733469426014,0.0007508512157092249,0.0008845644097341813,0.0006732030910879643,0.00045748221580511374,0.0007767325841446426,0.0011346894735695346,0.00173387261953383,0.001466655426396353,0.0010484465184874053,-3.885247069832561e-05,-0.0004447351848033775,0.00021581957567307823,0.00037981130740486944,-5.612072000041587e-05,0.0005782916390872288,0.0005524051341522724,0.000258977901999914,0.0002676093437529803,0.0005265179590888308,-0.0008551032475126887,-0.0006261402974697191,-0.0003497265907727489,0.00020287171455177948,0.0006430049698402792,0.0006171201400745347,0.0004488524127806187,0.0013675083070778513,0.0010010097226184583,0.0011993668091446125,0.0017855838296738048,0.0012295481342363569,0.0022982419733183577,0.0044193160402161945,0.0045095662266873065,0.0046814488141151975,0.004754489968541597,0.004793156655262547,0.005308569662811158,0.005828008937659707,0.006158420775416788,0.006557344116649886,0.006840354491297766,0.00663882501049759
2020-10-13,0.0,0.0019070587936597997,0.0025489275346655543,0.002582477967259464,0.0043004322648191535,0.004593446800436411,0.00529214920884218,0.005191766919539943,0.004773398883448947,0.004748291234402275,0.005078824798073939,0.004438578385958519,0.005593235631282993,0.006002902093271972,0.006099023992631175,0.0057897292657303956,0.005551423493213105,0.00671732660460475,0.006988757653389439,0.007105659097255506,0.006592025882708525,0.00625781384712888,0.006750737479012078,0.006454176952385745,0.006224386499376797,0.006303774625879821,0.004844533799215429,0.005175035558275953,0.005651769687667945,0.005517972523968279,0.005204315256780888,0.005643407889379533,0.005271237062858072,0.004442764334149056,0.003936137349404107,0.004467879655333545,0.0035884678832188723,0.003814676213676813,0.003663876345759833,0.004074333802162936,0.0026915090999494167,0.0029682270590336347,0.0017727596252734852,0.001084193159803936,0.001084193159803936,0.0011429917368952537,0.00039515224384734196,0.0016384424181977119,0.002045535923124252,0.003089791042709221,0.0022427278271476975,0.002293068465477542,0.002565702891666561,0.002951458453217004,0.0016426401040137613,0.0013487595349609047,0.0017979420932406887,0.0024985997751208254,0.0030227230860770823,0.003169428399377873,0.004015707336484338,0.0026831225117811427,0.0027963355179800218,0.002653768899292986,0.003299349420153247,0.003077216143465621,0.0035758992532621803,0.004271126088540545,0.004116207744851898,0.003517243557986895,0.003228104498943066,0.0028592260946863303,0.0034962942615681908,0.0032113402503788917,0.002565702891666561
2020-10-20,0.0,0.002349552788936646,0.00406288753768457,0.005290304483852332,0.00605877457338477,0.005529727349879611,0.005260897723236126,0.003818906095890029,0.0038862172670456863,0.0034864907588042747,0.004449770527228331,0.0047020049047479485,0.004912151629964474,0.004609526353400603,0.0053533160590997055,0.005302907116542455,0.005592723840995826,0.005836272940438423,0.006470062329522359,0.005832074320524714,0.005693509972909517,0.00601679692228002,0.006629495753818709,0.006851820982984798,0.007090870322648453,0.006809876609606584,0.006864403951936696,0.0069398984408747845,0.006839237855700021,0.007011193558657331,0.0072502048079997,0.00779929494592792,0.008611897874964105,0.008415090755773786,0.00790404888948588,0.007954326884912741,0.00805906459037291,0.007120223319696434,0.007338247185787849,0.007929188203183913,0.008314578562303589,0.008310390334991884,0.008314578562303589,0.007765771366276834,0.00705732298525565,0.0058656627862486346,0.006130132536439105,0.005995807435913066,0.005538127111326574,0.005949629015080811,0.006621105154645835,0.006293816861092421,0.005118052583929142,0.004836503896208279,0.005105447621355222,0.005210484121635571,0.00455487591649878,0.0038651830127619064,0.003898837607248145,0.003911457788179627,0.004802880844240572,0.005344914745134014,0.0051474635453966425,0.004289989175054081,0.0038946308448775586,0.003907251078898919,0.004226910560155288,0.004580099566194045,0.004609526353400603,0.004668377330133485,0.004773459746369124,0.004857517729615488,0.004104947287771766,0.004210088924166848,0.004697801519761943
2020-10-27,0.0,-0.002611400624041917,-0.003493330701975752,-0.0038940776313932976,-0.0033185871164320984,-0.0007393464344645648,0.0012055763605075456,0.001536431114048487,0.0020240302070228585,0.0020918512442867493,0.0013116314710845934,0.0010104055642275603,-0.0001869095363288416,0.0009552416956988363,0.001048594152209288,0.0020748964161870745,0.0016466917108395283,0.0020706576642451264,0.002494443946692978,0.0036420027579738556,0.003781652491279264,0.0031001464636279874,0.0023588518752315703,0.0027825160683874455,0.0025156285471838557,0.0029900460180333293,0.0015618769462345337,0.0016848560081441637,0.002028269156610999,0.0035277293778332186,0.004927735950942612,0.004695242200806898,0.005101014314614273,0.0043823471153582386,0.004860106980356666,0.005362987991983446,0.004957322187427559,0.004986907548593235,0.004936189250688345,0.003866279202904949,0.0038451231963966986,0.004158186395413267,0.004619141595770329,0.005016492034490989,0.004462694384757101,0.0030196896381993123,0.003294909869046716,0.00588250692070369,0.006684485740796816,0.006156940481005939,0.006169604827283076,0.005595326565244654,0.005992289382643308,0.005367212811530911,0.00541790925391902,0.006110503172419536,0.005261586967746247,0.005988067203112163,0.0059458444272961946,0.006245587537031944,0.006768867161745568,0.007844106611509617,0.008404459353467671,0.008631881399224627,0.00857292509425185,0.007831463454091414,0.008033734793353935,0.008703466525550277,0.00868241260857364,0.009696707518630148,0.00943165918782957,0.00962940031168543,0.009419036086291308,0.009435866852933157,0.009427451505021462
2020-11-03,0.0,0.001963143788760975,0.003366068052652702,0.0032768496693581016,0.004066792800557146,0.004083773972683093,0.0028391394392862706,0.0032131173789466103,0.003051644062061494,0.0026861081440877265,0.0015801862455615602,0.0034850135162977454,0.0040243386086238585,0.004605804300493815,0.00494519001561296,0.004240836146279571,0.0039054572817684183,0.004932465129765685,0.006064346356460773,0.006119423984154104,0.006276166784367479,0.004881563967087348,0.00463126222491048,0.004045565929885414,0.004037075055452483,0.0037186152094858677,0.005076671022098594,0.0065133524086421635,0.007008719466701952,0.006246514625370363,0.006068583204754049,0.006297346359632958,0.005996554342333983,0.006068583204754049,0.006377824654891982,0.007012952315726794,0.006966389990988518,0.006750481789236416,0.004936706776372882,0.005343821104786739,0.0053862193172844516,0.006835157228329161,0.007025650755300316,0.007596913706238626,0.007613835038963328,0.007067977722664078,0.007156858522988364,0.006911358993707197,0.005971131152145876,0.007012952315726794,0.006115187351260258,0.006428649715045867,0.0055261206658648076,0.005949944666580606,0.007347290783635191,0.007237267678672096,0.00667850202822064,0.006182971323766008,0.00589062011891275,0.006119423984154104,0.005827054197853043,0.006369353560383989,0.005267499792022848,0.004249325290785819,0.006127897196094561,0.006047398783776333,0.006466766815016834,0.006161789325921653,0.006187207669494167,0.006547231477309851,0.006068583204754049,0.006021976886199921,0.006657330524217486,0.007469994583164005,0.00661075163757129
2020-11-10,0.0,-0.000725089115572059,-0.00024831387000600957,-0.0007210816536780102,-0.00037249393125406545,0.0004884376498362006,0.002347921249335832,0.003218490089236338,0.0029949300544518114,0.003964659025372327,0.004112230772430831,0.004985250339267513,0.005459311438287025,0.004467111482407725,0.0037731821396374747,0.003817065497678826,0.004590692050118847,0.005339821421535838,0.0051446236836162895,0.00666933889114846,0.006657404981141943,0.007643461115143614,0.0076832010569695365,0.007234047782822184,0.0070909123207672595,0.006402780967926456,0.005682321275538026,0.006482357936802065,0.0062754446446701955,0.005988878619091323,0.005411517144916593,0.00455481539405855,0.004789983370844356,0.006024703863552661,0.0069477563680186375,0.006661382966968603,0.005984897957147046,0.006315238987511637,0.0064942939359746345,0.006943779521220913,0.007393063159944281,0.007309583239798078,0.00751230810111908,0.008656336635933364,0.008890542154330197,0.009442097733567918,0.008918325610077878,0.009386559148121459,0.008565021318122236,0.007937499294543283,0.0076990965915168155,0.008433989121735989,0.00908104177986001,0.009227860476889664,0.009969560511089971,0.010441265177226013,0.009775264486608017,0.00893817046301823,0.007142602489904984,0.0035617171452831334,0.0027713200294020987,0.0056544477655246774,0.0058057517674060975,0.006474400524870686,0.007162482612764782,0.007873930797479849,0.008497522027831848,0.009061199762005527,0.0100528186808459,0.010290660976669594,0.01126918309031156,0.010896902909535175,0.010873135638650567,0.011447353282909602,0.011617575145745811
2020-11-17,0.0,-0.0007005063390397634,-0.001093783255833671,0.0002489507129345869,0.0001400424019560669,-0.000634326419171157,-0.0006849341991549652,0.0007388913854770759,0.0007544411271572566,0.00023728253264554826,0.00010503364003746675,0.0006183726884103892,0.00026450807487320984,-0.00040467713931904967,-0.0009419055210122458,-0.0019821457661377633,-0.003093709851095906,-0.0037260974867424396,-0.004030723112018517,-0.002645035286732688,-0.0031132220081460248,-0.003265429901004377,-0.003800292616061478,-0.0038471555342239317,-0.004261206718427302,-0.0031444422513541566,-0.0034566983038523237,-0.0031600527384797864,-0.0028947075931292075,-0.002262845333676242,-0.0017210099798919982,-0.0022004608424403883,-0.0026489359371661405,-0.002524122669353705,-0.0026879432783526854,-0.002364228433200308,-0.0019938400084776437,-0.0021614725116428676,-0.002126384313554804,-0.001537865862495191,-0.003121026977570072,-0.002824480956136944,-0.0014053995340733874,-0.0008017311594522658,-0.0004903029080573067,-0.0011171511086795019,-0.0008562410763769037,-0.0012690554637579308,-0.0011132564286177396,-0.000778370676044785,-0.00015951662605588325,0.00015171171690902825,0.0004900626289202947,0.0007077911767145159,0.0003539582093996802,-0.0003540835401769591,-0.0002451214044111927,-4.2794646007361385e-05,0.00030728957227090106,0.0005056162402746956,6.224348876766578e-05,0.00012059324108933864,0.0004900626289202947,0.00015171171690902825,-0.001093783255833671,-0.0015300732397709978,-0.0003968933420713856,0.0010576127712705744,0.001205278487445582,0.0014461599593860882,0.001570463181718559,0.0011508778657107243,0.0012791031694015728,0.0009371324822829981,0.0015355044621364782
2020-11-24,0.0,0.001578052318518352,0.0017511016206961704,0.00260053157362467,0.0029116805031513355,0.0025198475265459565,0.002450684590167449,0.002627424809401131,0.0025813216766851377,0.004051732332005436,0.0036258044455167917,0.00343772449179054,0.004040223152475601,0.004174488672332866,0.00420517540300932,0.003357107967278819,0.002969290052526065,0.0031612979177580414,0.0030921793332793043,0.00372174997922983,0.003779312881106849,0.0030460976227178727,0.0025659534934346314,0.002477581856061914,0.002147079566438987,0.001316498765860643,0.0013318861628134596,0.0010895071539573406,0.0015934356913998415,0.0021355484449028252,0.0022777563184618816,0.0024276292149977446,0.0031459386451731237,0.002761880140661577,0.002339245352296549,0.002404573308265682,0.00270810017752624,0.0030422573843160374,0.00296160897102987,0.002623582962855951,0.0024814242635608132,0.0021778285738249885,0.002227793694337814,0.0029884924981501684,0.0033187168617253597,0.003648832213167724,0.0034569179445203516,0.0033187168617253597,0.0028310215579345783,0.0033993364811292365,0.003241930228704767,0.00394430817144122,0.003963491903636945,0.004600182972731875,0.004209011178133224,0.00433174821418778,0.004906877346527388,0.005182821883427017,0.004301065367430878,0.004189832155380523,0.00502186349082372,0.005405055175654927,0.005684692415197575,0.005738312539609175,0.0057115028367929815,0.005462521265888567,0.005232637088187182,0.005018030832357829,0.0049797034397655775,0.004765042890100458,0.0047957115042264985,0.004864712447266593,0.005236468924230859,0.005600426410352173,0.006412148953036517
2020-12-01,0.0,-0.0007903569161868815,0.0012940648144939494,0.002471132897219296,0.0019404697866165711,0.002690237682075846,0.0022250632813458817,0.0023288812846342885,0.003673695691623895,0.003228186113480478,0.003124461437094816,0.0037812027564772276,0.004606318559355115,0.004326239291255125,0.004222628453468719,0.004472043767710791,0.005016704001417732,0.0062238712716790705,0.007333944727068101,0.006958954288756378,0.006905372745289017,0.006805856547031715,0.007081415608353645,0.007548161859902496,0.007961165357182136,0.00745636013626063,0.0074525348815465305,0.007345421808293503,0.007245949394589736,0.00773174002838428,0.007242123334914732,0.007410456113912595,0.008492465238766272,0.00787704884812068,0.007708794600259928,0.007613182982228191,0.007766157183427578,0.007995574617099656,0.006174080488708538,0.0059097648253177365,0.006419180406448479,0.00598638525159468,0.006262170187058372,0.006296637956824699,0.007299512693030589,0.007880872479308462,0.008129377151519382,0.008473358625775917,0.008576529999250458,0.00806056665559801,0.008305204688093407,0.0073224675141177935,0.008106440845639683,0.008098795293439745,0.008163780623979886,0.008698793400617577,0.008901259282943087,0.009164785533019283,0.00948550639407867,0.010508071595396554,0.010408913296719235,0.010054151183880233,0.010088488502253678,0.01001218174906897,0.009859550772315932,0.01049663075502851,0.010607220062680535,0.010397471321833966,0.010500444383028117,0.010870297189641807,0.010961786056654158,0.010191493383631718,0.00906167483595681,0.00918769757750032,0.009275522218477956
2020-12-08,0.0,0.00019071445056318824,0.0013305030964728848,0.0010914420077559204,0.0012109796958900138,0.0028270707875747776,0.0034161263025832066,0.003349036222944364,0.0037366056828508354,0.004075605784817126,0.0037962184236015315,0.003226026052084804,0.003874454753239943,0.004258096711986349,0.004280440251353131,0.0034161263025832066,0.0028979249343432964,0.0025622555878725183,0.002692807056109389,0.002517491160663337,0.0019913589848732025,0.0005682965464426321,-0.0006172666507261784,-0.0014970622953946798,-4.4879274758530545e-05,-0.001676860472425851,-0.0029701119426439947,-0.0043401577062674185,-0.00218646426651317,-0.001999079741677895,-0.0014745897961147992,-0.0005573938056630392,-0.0015307719912428359,-0.0014034302132296878,-0.0024376145925481046,-0.0020477963403695686,-0.0031201623973908053,-0.003007622445589207,-0.0012386590388248104,-0.000366573032559106,-0.0003852793416365092,-0.00024686093999845646,0.0002841886433413601,0.00034400754164466804,0.000956945026263186,0.0009008992779724032,-0.0006995976663632536,-0.0007632217305028755,0.0007402173885307283,0.0009457361278921517,0.0009121086789233598,0.00015706160212688547,0.0014612154603679814,0.0014686842222714422,0.0018159200604985653,0.0016292491123025949,0.0018831130724507221,0.0024018404480700695,0.0017897882253888756,0.001061555352892354,0.001983894125697871,0.002927756757442923,0.003300579477103661,0.003453396624230387,0.0029016539608996065,0.0031551951496509158,0.0026182083041117114,0.0025958275932995846,0.0018831130724507221,0.0021630353678497682,0.0017711222107877817,0.001285683495359976,0.0009195815430854932,0.00048232504033720913,0.0008934262741984145
2020-12-15,0.0,0.00017767906765235594,0.0004700404802492161,-0.0009407442943584057,-0.0020455815915602564,-0.0016376136002623023,-0.0005554506513827649,-0.001207573036361668,-0.001581994494714442,-0.0022347868742910878,-0.0036271026313282034,-0.004073053405754162,-0.0035267911082365448,-0.003040237255512463,-0.0027023887532187127,-0.002943697464334675,-0.003400487206020961,-0.003511930997602635,-0.003879783652612158,-0.0039689804356406655,-0.00437046444487002,-0.003924381049618149,-0.0026058815707824,-0.0028583046480462893,-0.00282117961091704,-0.0027580702107509085,-0.0021642944475600175,-0.001997358519036472,-0.0016376136002623023,-0.0014522286107247339,-0.0011260344778440165,-0.0014633507409836152,-0.0012038665940089712,-0.0007184413834978022,1.4807794823577932e-05,0.00032942160896482853,0.0007660155909030475,0.00027390871608133703,-0.00017400801591454685,9.624674711940238e-05,5.552810000935881e-05,-0.0006517601457211907,-0.0006628733765782751,0.000492241652471968,0.0013946719880320233,0.0011802336308432526,0.0015831918672722558,0.001952735558932618,0.0013724908420052891,0.001072997205854943,0.0008658874221362886,0.0006254383360713771,0.00122460396041127,0.0015684072787271951,0.0016423280357093027,0.0020524889464738788,0.0026987975314522387,0.0030310222217552014,0.0038611013851805793,0.004336702854868968,0.004664699187198839,0.004638905620481342,0.004299842610481316,0.004244549696254096,0.0034959514391233637,0.00347381685346329,0.003514396552920824,0.0037984083505406595,0.003521774503178773,0.0037025172827200785,0.004561520928240303,0.004465703011690891,0.003968039256223266,0.003934852864853186,0.0042924703985596216
2020-12-22,0.0,0.0007144206670437702,-0.005628448203128474,-0.00627210752255768,-0.00945130476664227,-0.011288755235785791,-0.01271264192898707,-0.010396073651987383,-0.009258681482424072,-0.00859800118422844,-0.00632858863622964,-0.005094262165785594,-0.00625328119355942,-0.003970394137678622,-0.0036661522141756215,-0.005086740456251363,-0.004635541387090798,-0.005075457998029336,-0.006558311369433886,-0.006208099449988271,-0.007236489507604701,-0.006283403490085569,-0.007093280263580142,-0.00756444055160018,-0.009802654538951438,-0.010449007110861023,-0.008801821687011838,-0.009749755281795896,-0.011258481790892515,-0.011595325492924212,-0.010728844806824494,-0.008296121224500987,-0.00866593673606111,-0.00915671946885034,-0.009379538814267844,-0.009617519380311561,-0.011247129485333827,-0.011001194505518992,-0.010861227756850328,-0.01249665634234339,-0.011432566616055314,-0.007756737730514377,-0.007598372660993083,-0.008469691066044843,-0.007760508633098852,-0.007115890886051586,-0.0072704104905627264,-0.00746642092497647,-0.006317292158283046,-0.004252182178580261,-0.005252231136494776,-0.007213876158189867,-0.0049099965670873266,-0.002678942689820536,-0.0024276039345000142,-0.0021013329279096923,-0.001164364588855491,0.0009723843628883222,0.0019736996067611506,0.002731491742948719,0.00475567451355646,0.005329007118006922,0.004025502741742127,0.0051354510456975465,0.005243400398943934,0.005931768677093788,0.005262011178680272,0.002496376320719781,0.002567289968454221,0.0045098598788990245,0.006017316490004637,0.007908656095838448,0.007243936525451748,0.007344229790471598,0.007217932925809008
2020-12-29,0.0,0.0023982118257719386,0.0025308789551754733,0.0019355319686599893,0.0018530161695284938,0.002319320323062982,0.003168869521652196,0.003093622145869103,0.002763900220316417,0.003505621728949653,0.0037384159953828154,0.0032333627660073657,0.002369524726716958,0.0022798722376349057,0.0022260768858988977,0.001551596264203199,0.0009125727278281764,0.00037375251550044,-0.0018888668640394668,-0.003626173611176485,-0.0025445077404354917,-0.002969823399544183,-0.001464010606681231,-0.001125694911724668,-0.000629225947026032,-0.0013344293698631011,-0.0022202359978760974,-0.0023571379078715002,-0.0016152099416922852,-0.0017448275698710403,-0.0014316137232586136,-0.0007155506719196068,-0.0007407301204550563,-0.0006400161301175496,-0.0005177342053916267,-0.0011652791334592026,-0.0014460122085382342,-0.0008918201272177337,-0.0006867749356185333,-0.0009277973033011118,-0.0016584139510310298,-0.0012300566945346427,-0.0013524257597877136,-0.0013776212497962367,-0.0012984375615947745,-0.0010321384341299004,0.00036297314936311714,0.001196234698021335,0.0011854641941231054,0.0012321355398998244,0.001451102769277839,0.0011675130965028138,0.0013793155179449641,0.00047435433001091954,0.0006144614223533154,-0.00014019321523756504,-8.627042187995083e-05,0.0006791196140298436,0.00033422760492047974,0.00035938000149606214,0.0006467910407769092,-0.0007838963644589116,-0.0003163612728290243,0.00020126871237985533,0.0005749460248143687,0.0005569839642782036,0.0013218820061929048,0.0009628478043287291,0.0006288302706905025,0.0007006714155818902,0.0010023478770500548,0.0013829050029077515,0.001289574206189656,0.00041686881814040615,0.0010992959865481057
2021-01-05,0.0,0.0029741885996425734,0.003041600463091646,0.003130293360445369,0.0026122156301026577,0.001962464944622159,0.002750632531382182,0.00309836482360325,0.0024169797401563152,0.0019233954381894375,0.0013584929221410818,0.0011345753228815376,0.00025974996543351886,-7.829404399862318e-05,0.00101726513862355,0.0017315775367284603,0.001877220417091461,0.0021719935238438642,0.002345975419513561,0.0035027176517789336,0.0037331965347286206,0.003899817410582548,0.004055777754436718,0.0048529222480799845,0.004484543323689447,0.004923748793898968,0.005072468213742521,0.0052211655194087814,0.004778548975674795,0.004888336148039314,0.005274266341953065,0.0050547646806477905,0.004576650777727404,0.005391078227164245,0.005408775807374513,0.005989082891021326,0.0060952002002688365,0.006127033197295222,0.005635277176198732,0.005840499737247328,0.0065655180270880655,0.007060350571717427,0.006823568404902449,0.0069295972024230705,0.006943733526060213,0.006211916235592999,0.0060952002002688365,0.0057945052388888325,0.004541225837857639,0.0032792797213742407,0.0026902993145563325,0.004523512897314033,0.0054264730743859785,0.00653723448457243,0.006830637341169016,0.006816499418665667,0.007233484130556752,0.007491362219236996,0.007932779918778552,0.008028100558063902,0.0072546820983790125,0.006844775063794117,0.0076750156516001014,0.007879820081741401,0.007939841018474315,0.008232832695017638,0.008589248985956439,0.008412821155067196,0.00788335082480397,0.008243421148309523,0.009844516159474771,0.01046451610888088,0.010482124129686922,0.010263762754833265,0.010232061172393203
2021-01-12,0.0,0.0016957133671112747,0.0025632214442373926,0.003171065412833024,0.0034023634966792973,0.0035335237125222897,0.003509363912702595,0.0029120861694352206,0.0021243771526228976,0.0023040847136110145,0.0027290337174889555,0.00154356268231254,0.0010143129765258477,0.0017302898398995547,0.0017752374672774752,0.00241465793219918,0.0024492095557833863,0.00296388738401258,0.00290517913807732,0.00235937285120968,0.0023179070345863847,0.0018582123950676038,0.0017060864344792912,0.0018962402695042082,0.0040165971732348486,0.004144227610852894,0.003961400587129633,0.0037923420873109035,0.0037854411332540264,0.004009697766583842,0.003581841561145068,0.003392008010083703,0.0037060767384952857,0.0037440344087961313,0.00511299777954946,0.005144010499936202,0.005288723812779701,0.0052335974010129585,0.0052714971355469235,0.005398967520387342,0.005956889859673858,0.0067966302778175395,0.0064972955212690186,0.0063596402717408795,0.006160006495796749,0.006314898235385659,0.0070958754598814495,0.007288445688431511,0.007725030092802209,0.007480978840828297,0.00776970908285827,0.007883116016267516,0.008164859391149137,0.009030208400549002,0.007786892778281117,0.0074878543393021345,0.008178600940096654,0.008384701517907904,0.00882767397329536,0.008951259180303402,0.008625098517537452,0.00891006580831098,0.009267018670298244,0.008710940585353835,0.008848272568471753,0.009640996026725602,0.009431723180485874,0.008336615182317741,0.008631966154143307,0.00861823083376662,0.00883454021883228,0.00875900892480807,0.008429351044887944,0.008175165570562673,0.008944393736143294
2021-01-19,0.0,0.0012971049952345375,0.0018877211640177126,0.001432630129273097,0.00035139296357952245,-0.0004211383675785114,-0.001239558792276563,0.00026442600575074656,0.0005218262645721782,0.0006817984436647684,0.001630672292054246,0.0023773206571139974,0.0027799320835278645,0.002363434612935438,0.0032274734755660256,0.0043125366318153445,0.004239773702070264,0.004305607057083264,0.004967164859277678,0.005050261597778493,0.005067572549206151,0.004956777281435703,0.004894449548344387,0.004333325067901987,0.003959067081962193,0.0043471837852085155,0.004634708837376454,0.004890986782598618,0.005202587686685131,0.004703979623835268,0.004388758784781533,0.006323547677852096,0.006620875532401828,0.006333921068031671,0.006486051762421449,0.006503337877004643,0.006437649051860053,0.006247472861691765,0.006403074252736364,0.006862821330810878,0.006465308030484878,0.0064480212584952165,0.006098764463024296,0.006257847041051015,0.006620875532401828,0.00732581149535795,0.00750542160374488,0.007647014524335533,0.0077609649974395185,0.008033702785914847,0.007439798573491603,0.007135804153593527,0.007405258406728196,0.00814415768763597,0.008868715394125442,0.008899756138553875,0.008868715394125442,0.00813035149210562,0.008371932398725666,0.007954305788805802,0.008620354745593192,0.008634154177746885,0.008730744871308755,0.00868590035242254,0.009978685242451078,0.010509105182143654,0.011348935200356187,0.011483104973483555,0.01108742442358956,0.010436791755058298,0.0102508189272186,0.010364473098363032,0.010378248483815642,0.009847759112164685,0.00975127625674856
2021-02-02,0.0,0.006175038176002572,0.007931374471830541,0.010590873130863366,0.010672907304978952,0.01107272756205528,0.01172166793354905,0.012632888810657808,0.01302169660808242,0.014309820827768339,0.013539871960666843,0.011970885715332641,0.010700250534284507,0.00955461246818878,0.005694252425472652,0.005409105976791609,0.006422209439482117,0.0035691600714184207,0.001960304474849742,0.0019740958187130417,0.003920214787933157,0.006648729441137181,0.006466831073774003,0.0070913249795198025,0.007746281324889898,0.007153066925645372,0.007523438570385485,0.006456533950275539,0.006047995841548902,0.00432618321742232,0.0030561232437482187,0.00275644307258211,0.003121558690842088,0.002932128547806826,0.0037825609595629295,0.006580092434781841,0.006892352773221996,0.005529358369529714,0.005817905126411128,0.006130403519244292,0.006236836719636376,0.0058213397054090385,0.004786998455864022,0.005065448009308057,0.005632420340784184,0.006930091923649738,0.007914237656638607,0.008941927124547834,0.00815069977325374,0.008976165257614181,0.008846054115123401,0.00848302300690516,0.00873647370525149,0.010566945229048563,0.010683161103584226,0.011041977832394103,0.006617843371267097,0.00974279237557805,0.009636731691660924,0.010754934750041042,0.011373341773806164,0.012380423864415433,0.011383588392848953,0.012322416156198392,0.013447847263900022,0.013594401118443658,0.01020795797949734,0.008524127484216309,0.009869366210198585,0.009578564604977255,0.010778858154137627,0.01073442851956388,0.011311859854594498,0.012148372839449145,0.013076254028075569
2021-02-09,0.0,-0.0010365945169993147,-0.00037291822137661455,0.001028928817675383,0.0012069052263834073,0.000560765558620945,-0.0012447031570666683,-0.0009738400932045846,-0.0012447031570666683,0.0005277880525747316,0.0006003371304089675,0.0009234463672202575,0.00028042208656131346,0.0008838875795600504,0.0008937774231851162,0.0021028976967428187,0.0026756485953909883,0.002181917326577025,0.002514389855393696,0.003211893675526642,0.003225049449760673,0.003287537013933541,0.003573614417907283,0.0034355183027917563,0.004283521929686107,0.004657992255646682,0.004437925807829973,0.0046941179401913434,0.004460920090466833,0.00424081026463107,0.0046776973362739555,0.0046645606589993715,0.004230953467465908,0.004099520220579841,0.003165847102699182,0.002774365603424524,0.0040962341680652456,0.003922057930850454,0.003954923693930796,0.004523330478203419,0.0047400941967469115,0.005045454253099559,0.004520045818059024,0.004483913844378816,0.0046711290192082,0.004493768148492471,0.004723674347776266,0.005248975833654588,0.005173480725209528,0.004897711030551143,0.004503622355499995,0.004602159085145516,0.0047400941967469115,0.005997053996771124,0.0058625724312031165,0.0055574618262426165,0.0054294845075865674,0.005032322406072174,0.005403230725399619,0.005550899285226781,0.005554180561118067,0.005396667172154259,0.004680981478628358,0.004129094207303186,0.0030342737816317013,0.0028993931590025786,-0.0024711110764907727,-0.002325582443475521,-0.0005709844355593407,-0.00490523772355595,-0.005830765946080781,-0.004023631419645117,-0.002576963386154688,-0.003305001488084641,-0.003132871913812665
2021-02-16,0.0,0.0016380605649882114,0.001940028717760403,0.0029005251345779275,0.00272861214807459,0.0028616040276568102,0.00249177793902385,0.0006535958571629856,0.000835616152928245,-0.0002667638310092704,0.0004325266616045684,0.0005918314428729961,0.0004943009157406875,0.0004812961267271236,0.0008486163349310245,0.0010403493911098172,0.001361988388224544,0.0018458763889629029,0.0021997133322570694,0.0016867712737225434,0.0008648663247752543,0.0016218231347886135,0.0013230073524935658,0.0006015839724356313,-0.00023097430594874927,-0.0007158685580626031,-0.001963354612341076,-0.0024849588178648407,-0.0020643941791953224,-0.0013801321779123353,-0.001604909478306192,-0.0022273827377594056,-0.002478437085823198,-0.0015136894098277697,-0.0012400791203741144,-0.0014289925106609367,-0.0015364936468560267,-0.001406190724954359,-0.001718946266697592,-0.001565814144329288,-0.003059037860828299,-0.004031810109725484,-0.004698280780283557,-0.004198386139820099,-0.0042800511922861965,-0.00649080629999717,-0.006769132090315486,-0.007466924245371812,-0.00788321055146694,-0.006638145598110152,-0.006297660993564239,-0.005231123344454651,-0.005970381241731975,-0.005983470375460618,-0.0058525867471795655,-0.007021329401656728,-0.008368550348034617,-0.00826687183245347,-0.007394829263478982,-0.006952542008720842,-0.0068641080270870165,-0.0061732820697398055,-0.006765857218895166,-0.005397899287901838,-0.00453162146584793,-0.004583903750987899,-0.0049303429478377925,-0.0042767844621360036,-0.004466272453084864,-0.0038130170952075247,-0.004953225233190726,-0.004453203162975906,-0.004453203162975906,-0.004126526409981717,-0.0038260780211621047
2021-02-23,0.0,-0.0001461260458682875,0.0018298639498197588,0.0008084047354900718,0.0001257192758186412,-0.002248625323452189,-0.0041781012138598,-0.003035647337661342,-0.0017549234174387203,0.00019706642901250705,0.001490624453661751,0.0015516960567423484,0.0027079595898273612,0.004099804821912295,0.004793310758885235,0.005689081934051749,0.007697423129136402,0.007721026683832892,0.006955313073894136,0.006479398236789073,0.006503030558378861,0.0058039530082902935,0.006320709612235947,0.0074444929314635075,0.007441120096612511,0.005905298881572976,0.005104386406875954,0.003145024755068552,0.0022842645219091615,0.001236119286681417,-0.0013499293932223795,0.00029218804886975414,0.0016025862103568368,0.0019146558451222163,0.0007982188256592187,0.00046542203917033717,0.0007031453303803221,0.0017043587488213036,0.0018129047079653545,0.0005299525205052715,-0.001200225228785361,-0.0010573467025043787,7.815167885682463e-05,1.019404362045703e-05,-0.00037385337906080515,0.00044843964142524595,0.0014431217392118798,0.0027621796010912996,0.0024808813570114316,0.0016331190594641187,0.0023588478722277235,0.002260532289298208,0.00030237911436255884,0.00034314233778803626,0.0017925532380796277,0.001049440988848945,0.0010901737716164657,0.00043825006434349847,-0.00048603665265233416,0.00013251446210881088,0.0010664131833031242,0.0019723102274646926,0.0018773482969529388,0.0020333524212043327,0.0011784224428525165,0.00038050716627938635,0.0006114587557773934,0.00015969474553289114,-0.00045204039223770316,-0.0025994720428022078,-0.0022145690897958873,-0.00025488486988476603,-0.0008124595704392828,-0.0012206381133987273,-0.00034665932911725496
2021-03-02,0.0,0.002251835623729592,0.0037020548407714826,0.0045389270044635804,0.004307092808553501,0.0038970514961881404,0.003052912744993691,0.003328765535547244,0.004690094267968999,0.005623465720175344,0.006535850058256298,0.006351427710439591,0.00553956507862183,0.005620109829664511,0.005633533324135927,0.004088649101468192,0.0032312165381222046,0.002278773011141392,0.002437015509682816,0.001244530047057103,0.0019958942463780527,0.002399982275717827,0.0002497047423132487,-0.0005299855475135473,-0.003356813877668485,-0.003692099661136385,-0.002094574131593566,-0.002564766800853042,-0.0004860907262512228,0.0003711601834975484,0.0007624162892169575,0.0014400064540143493,0.0015141426827382201,0.00020246808665962747,-0.00037129799453091344,-0.0006481734901172644,0.0013186807685439837,0.0004285090145247742,6.749391713642465e-05,-7.424857074910333e-05,-0.00036454589125070776,0.0004487489932060456,-0.0015468586324290155,-0.002070901210201749,-0.0007089613001537769,-0.0005401153952789173,-0.0005603753986561912,-0.0008136600801709103,-0.0011480941212411657,-0.00046245585130401634,-0.0005299855475135473,-0.0012663551437286722,-0.002145303707454412,-0.0012866298662190163,0.0016590294438797305,0.0019622128721747604,0.0007691607419046556,0.00022946073453883364,0.001689351923452431,0.0017398873462677515,0.0019689492377708276,0.0015175123807291558,0.0014871846900289133,0.001847687713567057,0.0011872279961336483,0.002056517861315492,0.0008972967010764033,-0.00037467406326756916,0.0007388103465885009,0.0014298965424253168,0.0029687961458791413,0.0048815400029243545,0.00767851010052097,0.007963134206085814,0.008381551957119454
2021-03-09,0.0,0.0024753555614809054,0.002326211400115536,0.002445528508673176,0.002312953064765547,0.0015801567509976138,3.654442556719414e-05,-0.00022594064502488634,-0.0008575161143543617,0.000787070825526838,0.0016033757308560716,8.969756975442674e-05,0.0002159249652527971,0.0007007557488851893,0.00026906857590877804,0.000710715561043226,0.000760513133919874,-0.0004918185421676266,-1.3289213145863914e-05,9.634151413128269e-05,-0.00019271087779634577,0.00035209981396879593,-0.0002492021391116908,0.00020928181533687467,0.0003288517622374111,0.0006177534563142667,0.0005447057395210481,0.0009364447003138837,0.00163986160999586,0.0018322196884673376,0.0021273179102382295,0.0015569372320056122,0.0013081228313349725,0.000760513133919874,0.0005314237631626811,0.0005845506101633533,-0.0005915409814611378,-0.0019154673143982229,-0.0015626925374640714,-0.0032411487521566526,-0.003614521916297909,-0.0026580321273064673,-0.0021052184247618844,-0.0022983354676080494,-0.0017923148098365454,-0.0036512000143093136,-0.0044050661153648505,-0.0051227674989554875,-0.006937677326869557,-0.00825998824917282,-0.008209741958594703,-0.006262132685135292,-0.004632004352427969,-0.006854045567492882,-0.007372675259123293,-0.006519588455154804,-0.004952475447676742,-0.0037712468327125224,-0.005319808215218206,-0.004972508301557799,-0.005303108343639885,-0.0033611463523486734,-0.0037612423807314066,-0.0032178175575151126,-0.0032178175575151126,-0.0031444944893785254,-0.0027379822917466745,-0.0016791610137387772,-0.0018522249446523387,-0.0019054814111649702,0.00136120843187821,0.0024389001538971567,0.003929173911453966,0.003727289100945549,0.0031578205453818243
2021-03-16,0.0,-0.0003907430680297965,3.3390263732696017e-06,-0.00013357019801604828,0.0008911243607978052,-0.0018180850952031283,-0.0013699410394906982,-0.002306590179013287,-0.001808049821214965,3.0050835999968293e-05,-0.0005310470602425182,-0.0005677965971190456,0.00042730478163259327,0.0010245577693854067,0.0009912010863709832,0.003000622379558434,0.0032502682997266707,0.0035497611607245576,0.00353645227138436,0.003642918426892287,0.0029007465584130424,0.0029972933462265178,0.0033833873116477075,0.003469905167656122,0.0017581234313967335,0.0017881214815258688,0.0011012739180056561,0.0004940546631763375,0.00014356806736957908,-0.0007248325603478479,-0.00041746612033848794,0.0002303666679638049,6.010076897410687e-05,-3.6730025965546176e-05,0.002111376697664044,0.0007776919630489394,0.001004543893097157,0.0008811161373742418,0.0003104817666983099,-2.0034392374155907e-05,0.0006275410611106199,0.00034052327404981254,0.0006008452069752258,0.0004439926697307336,0.0004740301665414303,0.00010350463359426194,-0.0005744784761971492,-0.0030263988414350263,-0.004035002212437676,-0.003311117332139607,-0.0037835939055887386,-0.00419928978311152,-0.005413843097633912,-0.005366843990608316,-0.003240767576575916,-0.0035758107500225697,-0.00295272020083955,-0.003063240197535874,-0.003016351434419496,-0.00467889564349612,-0.0042965339179416185,-0.003756780749712247,-0.0036193746087821474,-0.002962766968543195,-0.003140276510147147,-0.00295941803476013,-0.0029661159135418776,-0.0028221214051766287,-0.0026814956202028464,-0.004618513018913495,-0.005605219412880946,-0.005323203940448891,-0.005108388378920555,-0.0049204626090464595,-0.003954544677210997
2021-03-23,0.0,0.00320889558392623,0.004971433012966832,0.0044618994950532415,0.0037292010217064996,0.0034082653733053165,0.00260378457492269,0.0030500471334628083,0.004043280391806823,0.0033474449051717012,0.0024854239706043582,0.0014060053982673359,0.0006947798589984707,0.0010436822596328272,0.0008235153044484481,-0.00026448209135712056,0.0016700461026912371,0.002194535541177013,0.001680200122244581,0.0016361986261866177,0.005504309479182345,0.005865020319420021,0.00412769350965545,0.0035467870766680426,0.0027356556052460955,0.0029520216704254894,0.0019374008993260502,-0.0026615714221367077,-0.0022877091486419097,-0.0007054410825327845,-0.0019479556025936418,-0.0022741167902655805,-0.0015268214549567405,-0.0005900945679052767,0.0007727006610123383,0.0002271274991669976,-0.0006579438475415763,-0.001163565934655602,-0.0010413787845189738,-0.0006036640555554433,0.00020678982599948452,0.00047792479864905245,0.001497411993486087,0.001967854505796527,0.0020287589366129125,0.0015752702812862607,0.0012570285977426114,0.0016565072495675008,0.0012028497125953698,0.0014838708028766963,0.002505715354883289,0.002630836460440759,0.00015594383341543703,0.0011926908448349576,0.002664650288270731,0.00330689587124688,0.0037190677865528692,0.002806655880824829,0.0031751001544169013,0.0042492358825147545,0.004066916783071237,0.005982981611401462,0.0070541071365348386,0.006309830204229118,0.00665004359878127,0.006788117003537393,0.00710460360095145,0.007114702587854833,0.0069800410426121085,0.00565939737387159,0.005018661382382421,0.004532777316906191,0.0030669471042262604,0.0023873431417763325,0.002438075806013073
2021-03-30,0.0,0.0006017279345705787,0.001981599115087021,0.0032607184368795747,0.0038264199047280084,0.004027405415711817,0.0046471402435314035,0.0059262564670967705,0.005953453937733592,0.006408901643896281,0.006599176557742423,0.007305595146908397,0.008069188416199292,0.008547409848615415,0.008530455552311718,0.008842368598908329,0.008757619245071364,0.008452462086768099,0.008574536124823739,0.009594627953758041,0.009205014699268666,0.008916942089422888,0.008723717492347608,0.00886948687527226,0.009371042385613568,0.01008566318439562,0.009459127516561801,0.009252453993922874,0.009066072388908853,0.009774137756999434,0.010214308414881669,0.009865573759481154,0.009357490138312215,0.008320198393467617,0.006130219468915252,0.006188001423627026,0.0061438155233406455,0.006595779108886667,0.00770613010402908,0.008435506180601621,0.009411698025572913,0.008737278331356882,0.009232123143211673,0.008577926857611837,0.008533846434568301,0.007638254113437777,0.007387072881464805,0.007930088190870018,0.009303279312396958,0.00972672320478706,0.010738874179535299,0.011036569747423236,0.011026422493861807,0.01171282117641645,0.012094701145708075,0.012972809621503137,0.012901914092787032,0.013266466136628016,0.014086222650767104,0.015232080332566981,0.015649654836956125,0.015659755285921027,0.015343226059886196,0.014564946422813436,0.01575065473604198,0.015589050000671616,0.015164713273012814,0.015434154285585375,0.01625550127342055,0.014032267575098834,0.014537982160570954,0.015060285361021388,0.014602021096265636,0.014642464626991253,0.014133430954042082
2021-04-06,0.0,-0.0011588837613254724,0.0021975021679011067,0.00746277215570337,0.00868645048103743,0.009352046332731593,0.007938825006559333,0.009375809421527041,0.008880062310305956,0.007391344677522134,0.0076668225568603116,0.0087679758201771,0.005590367441714591,0.005447239621511372,0.006189918477718638,0.006795917202558989,0.007602211101226681,0.008295715980156305,0.009100801992895667,0.00906344947168098,0.009379204102401667,0.00959983364423447,0.00907363666129017,0.01001719946124656,0.010912421274922694,0.011667988536868677,0.011200485098301505,0.010495429003578279,0.009884882817146428,0.00949461639597552,0.008438436713303335,0.007877630905651573,0.008499596506874107,0.008176766474081212,0.008237942272954253,0.008326300709203363,0.008880062310305956,0.0080510044666178,0.007200846456063442,0.006360179931617988,0.004840422800201845,0.002867429628877569,0.0012567956793200026,0.0036120262149093676,0.004403832427588522,0.003980703657050178,0.004014833582855222,0.006288673651803855,0.00514728631653819,0.004697187594107457,0.004059200745019142,0.0038202774007306275,0.0043560687893547945,0.0028332605191162615,0.002460741483016083,0.003629097616045015,0.002901597571150928,0.003154404066207844,0.0035642247412490317,0.0038339317011528776,0.0034925182461466187,0.004768807761695403,0.004403832427588522,0.0039056137197492373,0.0034139766608980416,0.003734933798803394,0.003605197572853151,0.0037315199032243503,0.004103565938825754,0.004236649711844556,0.004915442578178595,0.0051575134788585004,0.006101371063926611,0.006527008036071584,0.007214454675428047
2021-04-13,0.0,-0.002717445246823566,0.0023651888873419567,0.0027274963719094215,0.003900610951244343,0.0029503895965300587,0.0038136318905284987,0.005704589577232268,0.0060066723884135255,0.007016424737910048,0.007401319529417811,0.007948932401607363,0.007023361089943934,0.006454420379726034,0.005930292251377979,0.004074546379894409,0.004286706641682157,0.004724796853548203,0.003973667516191995,0.003044407776929638,0.0024731981204942923,0.0033960270569477714,0.003510885772152971,0.0027309794606430234,0.0006284718913325445,0.0012774781669045343,0.0017866182890768152,0.0006843169492338106,-0.0004296830716836037,-0.0013630456039393035,-1.7463191957566147e-05,0.0006494141535163905,0.0010437448694858526,0.0008308953899017476,-0.00010827670646819217,-0.0008141089363960417,-1.7463191957566147e-05,0.00040506046779604317,0.0006982777264305243,0.0013856049404197546,0.002650865350241294,0.0028285010199506494,0.004091938258930821,0.004432758038123458,0.0036744496555242805,0.0029051184309465106,0.0014169943946120299,0.00041902514414746025,0.0006249814716617603,0.001427457327058051,0.000502809107247645,6.985191394171801e-06,0.0019365211139799824,0.0030304797153673604,0.0030548536957963517,0.004978523244017792,0.005332937265844377,0.006620973120077134,0.006714646847614256,0.00892557276737943,0.009223223749575642,0.009472351802682927,0.009340875286620903,0.010170963254430626,0.010537366184222574,0.011967126856574105,0.012049948878997317,0.010416398929910753,0.011021088923785808,0.010226277960550862,0.010371464508235333,0.012660549546170902,0.013088093005234844,0.013026041585271627,0.014256009544115687
2021-04-20,0.0,0.0006387360838911345,0.0013908856107868956,0.0005420887121066852,-0.0012579487420532752,-0.0007808478469094024,-0.0003868926352123187,-0.0008257824239011559,-0.0015484694679082209,-0.002019015379035127,-0.0024170763083810605,-0.002520944354508767,-0.0027529552843031735,-0.0018978978447017274,-0.0016522473280327075,-0.0016764637118013525,-0.0017145192140262477,-0.0012129947420907413,-0.0026317488297379105,-0.0030300537876660574,-0.002545181784372941,-0.0028845674994921124,-0.004062921960053207,-0.004094132567500714,-0.004440982651967583,-0.005489200777296114,-0.006177039947326191,-0.00628129928905765,-0.0059303361348486214,-0.005173231295235754,-0.005371134562847994,-0.005770532345769126,-0.005767058633951658,-0.005329467462143043,-0.005899068166621198,-0.0058643271263319535,-0.007411472777949235,-0.008595176795229208,-0.008772853309474443,-0.007529780147592414,-0.008313049553972962,-0.008859961171710935,-0.009874455275471896,-0.007870862076689461,-0.008020557203696292,-0.008898291035034818,-0.007940484929722822,-0.007672463535138102,-0.007247953281364108,-0.007181857243797488,-0.007060112819976496,-0.007839533374199953,-0.007484543324114527,-0.007446267610224184,-0.006920994482216321,-0.007794282536616604,-0.008034483471073947,-0.007839533374199953,-0.0075576192099746,-0.007731630910960409,-0.007825609821465953,-0.011022667210054802,-0.012553338592858367,-0.013407058624556933,-0.014394643849022778,-0.014555831875204043,-0.016162122706639845,-0.01732109521419422,-0.0187945772055724,-0.01744058086375852,-0.013886721119420417,-0.01200090841052773,-0.011815667885662533,-0.012997601918882303,-0.01406183774754193
2021-04-27,0.0,0.001389729674727801,0.00210281095659075,0.0017136073896042694,0.0024264578400109787,0.0029151726674336662,0.0037440649399862126,0.004104985807708,0.004946628262426488,0.005365467808375239,0.004929458964564347,0.0047646187047050625,0.004586011087989304,0.003902198687088577,0.003977819031747122,0.004493259934115725,0.0047440117615382285,0.004857344694321069,0.0049878333746131214,0.005197266446920623,0.005516481660750976,0.005646884365076169,0.0059350826474877305,0.00664150321655646,0.006113449493680182,0.0059693864349723595,0.005657178591216305,0.005955665061188165,0.006295213739095849,0.006751193683879121,0.006792324507324111,0.007179556812134262,0.007621435247949668,0.008405374462634023,0.00812131028960069,0.008542244050083149,0.008898017330473516,0.008333510429353926,0.007977536220033455,0.007484439563099561,0.007648832132925632,0.008148693483167421,0.008189766867619961,0.008395108488350064,0.00695340394553952,0.007128162924226702,0.007549514853521067,0.007302891367549722,0.007169278245856983,0.0076248598996199075,0.0068745810793278475,0.006823171514738377,0.007189835272763703,0.006967111635896753,0.007343999505939094,0.008600407952555301,0.00869619994715475,0.0090108804806038,0.009434858494805328,0.009739054522436952,0.00930836774128168,0.009735637103510822,0.009766393453418176,0.010367660915974835,0.010838856532330538,0.010968567073200666,0.01047694344214925,0.010019243139044655,0.009974828228610266,0.009896243169639697,0.010313015174059985,0.010729613551936776,0.011156276220135885,0.011268884797957322,0.011173338940991826
2021-05-04,0.0,-0.0006981278538566782,-0.002652069349198147,-0.0021265509849109636,-0.0019014133429931098,-0.0047158631557072785,-0.007233026564344686,-0.005174302553943451,-0.004739806280525642,-0.002426813375549411,-0.002498480227101725,-0.00305492622438036,-0.0037176031902061914,-0.0032359232452537977,-0.003522853570975399,-0.002894446834540619,-0.0020822016829787015,-0.0029046894304242407,-0.0025940440194187667,-0.0023107922186201336,-0.002334677827030368,-0.002095847412547924,-0.0011445039518657592,-0.0005925260169679642,-0.0006299963600473708,-0.0011649534314272802,-0.0012842503975060697,-0.0012433469772926986,-0.0004290354939449752,-3.4043712129689404e-05,-0.00016342038909989456,-0.0003473002547728932,-0.00021108970028748512,-9.532531473083312e-05,-0.0017990948048311342,-0.0016013086451253879,-0.002795440482690131,-0.0017001968350577033,-0.0014922019898520671,-0.001529706059900507,-0.0019423436897812022,-0.002375625911689445,-0.0012331213836542605,-0.0016013086451253879,-0.0021231394303166573,-0.005184568528227308,-0.0057664793343007855,-0.007411351816358759,-0.008547206686334536,-0.00835494719035483,-0.00794308698361382,-0.006304192013472374,-0.006547456417380981,-0.006033587072767263,-0.005985639404213349,-0.005485750670403078,-0.0051263960673960125,-0.004832163703819023,-0.006588577374682676,-0.006424103690101204,-0.006088387223481374,-0.006050711797273691,-0.006263082748466082,-0.010014402081330923,-0.011783394251786596,-0.013534816868082791,-0.013828169668340854,-0.014152683590764414,-0.01541030636608754,-0.015216722963876956,-0.013755686266145206,-0.013376097115076289,-0.0133553963957256,-0.01341059926628887,-0.012658722124836035
2021-05-11,0.0,0.0015825784447371088,0.002389810476574196,0.0033009630462925658,0.0028724872831990766,0.003010834173061123,0.003000711878876918,0.0038910817784427077,0.004302272924078354,0.004201176022612338,0.004133772409753213,0.004632451594166921,0.0038809683905083473,0.004079846248136954,0.003496583839382846,0.0035741470070343334,0.003914679285872899,0.004248355848527503,0.003948389044851294,0.0038135431903140614,0.004002322295724737,0.004180955415791251,0.0037629713065850433,0.0037225119581099243,0.003853998855967184,0.004325860730531482,0.004659400142652342,0.00562906453969619,0.006853268959812895,0.006547358327032943,0.006607875547562678,0.006873435603512886,0.006305252814923816,0.006604513575833608,0.006772598317832784,0.007316998902562637,0.007152365790440173,0.007273323371435956,0.007662976081597296,0.007568935879341396,0.006688559478393253,0.006574255321631614,0.005110680405452981,0.005309313875172266,0.005561757106237873,0.0050399708348830815,0.004743609676231873,0.004871594587659282,0.0035033287014843827,0.002416819527984174,0.0019440557761056375,0.002696995399248407,0.002231117565593698,0.0033077092279537672,0.0028826108753872287,0.0032301253909892674,0.003496583839382846,0.004096698486030384,0.003773085887934062,0.0037865718372610243,0.003810171810964881,0.004228136195698265,0.0038472563586810175,0.003351558299456787,0.004659400142652342,0.004288793927724226,0.004123661475957732,0.004777291504215204,0.003921421328577019,0.0041506237389020775,0.0051140474031515296,0.005080376916003762,0.005093845246907379,0.004645925959187665,0.0045819211082720026
2021-05-18,0.0,0.0011609279438956805,0.001896590023208479,0.000564047620572232,0.0005839493722588382,0.0012636880472102388,0.001257058681773113,0.001505629813339052,0.00041808933784399514,-9.625166165998441e-05,-0.0003585014677206324,-0.001428130421776961,-0.0005577244985617899,-1.9913376811524888e-05,0.00024888375763745997,0.0011542978971867944,0.001257058681773113,0.00159178671837116,0.0016448026629290319,0.0019429649913341707,0.0020953247461309617,0.0027938950230614458,0.003749913296609931,0.00331667569870093,0.00371023521808182,0.0036341811667616975,0.0029858336033054163,0.0029229612292402223,0.0024794332548833437,0.0029295795600312205,0.0027177712457629724,0.0026118502627171785,0.0028005142081075894,0.003372907971078193,0.0033828309850284306,0.003541585818289107,0.003376215653335714,0.0030520107794833385,0.0024198398803245654,0.0022013004512995787,0.0028435378429824236,0.0029626705569667316,0.0027475595009180654,0.00332659927065749,0.00264495177512833,0.0023734870224970863,0.0025853682638542906,0.001515571373534505,0.0023569319096984334,0.002999069388899041,0.003085097725362758,0.003376215653335714,0.003611033133434135,0.0035680425070374728,0.003931751015213063,0.0028931781986161658,0.002539023078283455,0.0028600849019912817,0.0031082579361214643,0.002817061979040497,0.00280382378420063,0.002674742199495064,0.001704442241095965,0.0006237516874318582,0.0017143818249919854,0.001833649126346211,0.0023436876221251015,0.002082076993280701,0.0017508261207181842,0.0019661516689324916,0.0022973312342063753,0.002565506304471461,0.0025158496800192333,0.0023171985207331397,0.0026052298287477463
2021-05-25,0.0,-0.0001310555874148952,0.00039306374034543326,5.24174261853304e-05,-1.31047858680413e-05,-0.00021952781947960057,-0.0006718415100077573,-0.0008980750987915289,-0.0008357737866729159,-0.00019003620574561099,-8.518417807336063e-05,-0.00014743874356471873,-0.0008029851813660674,-0.0007144613167498447,-0.00019986664701774487,0.00025550900480664527,-3.9314872821503864e-05,-0.00023591242515981202,-0.0013933446290122446,-0.0014556806892950345,-0.0006587280887488028,-0.0010358075635349764,-0.00115059911041145,-0.0017674192908006994,-0.002502851045350602,-0.0018035216179277352,-0.0015836458304527672,-0.000989894634117959,-0.0008226582155388447,-0.0008095428164206123,-0.00041616080791868367,-0.0009800564234916983,-0.001019409846752625,-0.0010751631808984495,-0.0012096398944902373,-0.001337573552862057,-0.0007701976511166075,-0.0009734976701794769,-0.0010390871391577964,-0.0009866152198213358,-0.0007242969147296222,-0.0009013542227406802,-0.001019409846752625,-0.0010817226010456482,-0.0016722466755001938,-0.0020300114046990217,-0.0016853733942801773,-0.0019019891352144616,-0.00185931868728321,-0.0021974498755561182,-0.003551119116756049,-0.0034656391962660563,-0.0034261893895650504,-0.004208901361935429,-0.0046794810886335155,-0.004883577501853833,-0.0039983639644526605,-0.004732147143069582,-0.0045675749317033824,-0.005825594145737312,-0.005954119743104996,-0.006211220504946221,-0.006448602968772098,-0.005772870473784857,-0.0036793526993341564,-0.003860222882719856,-0.0038076027278729115,-0.004923084845286373,-0.0049263771943609935,-0.004333928917513437,-0.004106916774679018,-0.0044194830947483455,-0.00401481060251358,-0.003659623385518968,-0.002933198072660303
2021-06-01,0.0,0.0006796810890331615,0.0029334268128074358,0.0030517361406767417,0.0034768946624785485,0.0036079221257027993,0.002444053089445971,0.0011346809687138055,0.0006123747989142896,0.0003302801158106192,0.00026936286226239195,4.489884931420056e-05,-0.0018136736668345687,-0.003199416812375201,-0.0021993025680721555,-0.0008951905765373174,-0.0009593927363199961,-0.0014281934179237708,-0.0018875743539839942,-0.0012098205518113149,-0.00128688788300768,-0.001196976574031181,-0.0017943961248491449,-0.0027780248939692784,-0.002665469319535682,-0.0027908891948912216,-0.002253945356925121,-0.002064315536264075,-0.0033249036774435966,-0.003350646519326014,-0.0039783333210119684,-0.0038527644374602332,-0.0031254191191391442,-0.0034729340689968542,-0.0025175584002247392,-0.002192874200973783,-0.0015984288732408664,-0.0022314450234370738,-0.002623666189761466,-0.0025722185827067854,-0.0014217700058714812,-0.001604853420149737,-0.0015502460870137702,-0.0013703841947673295,-0.0013029443246115426,-0.001129548397054907,-0.001755842155713242,-0.001540609808351816,-0.001347903732696419,-0.0009882850530523435,1.6035534745331384e-05,-0.00019886199684494352,-0.0004041803854318572,-0.0002149009779850423,4.1691855502138204e-05,0.0004873653829782003,0.00012827707866538033,-0.002646175350186823,-0.0031768951956440044,-0.0023278785888213942,-0.0019197067910393004,-0.0018779348242002089,-0.0009690234158126357,-0.001415346635079149,-0.0014346168712365476,-0.000978654188056156,-0.0011712891133637264,-0.0012258757560258226,-0.0015309736225468332,-0.0013350579812679167,-0.002237873638488432,-0.001852229865712224,-0.0009882850530523435,-0.001168078227175236,-0.0014506756850365455
2021-06-08,0.0,0.0009081470298070392,-0.00019697985468118933,-5.400674450247701e-05,-0.00031772862430261983,-0.0017933118108961223,-0.0022962706839204892,-0.0020161104813914295,-0.0032806371770791286,-0.0037333249386495983,-0.0031372225380230105,-0.002799482651874489,-0.0030511836260753945,-0.0027708118767899846,-0.0017105706601741946,-0.0015355638583268065,-0.0020161104813914295,-0.0020288433334231994,-0.0016851132218274113,-0.0018696943346119333,-0.001771034673761961,-0.001109311816042306,-0.0010870499110902225,-0.001526018913567993,-0.0012874248992371595,-0.0011506566686935032,-0.00118882266533963,-0.0008962539095955406,-0.0008771763114646824,-0.000880355885878612,-0.0007182104792458327,-0.0010838696794103796,-0.0013955804652189198,-0.0017805819574802527,-0.0023949821805465863,-0.002426826677501825,-0.0016278363549837756,-0.0017232996223820376,-0.0014910215622276845,-0.001538745526825549,-0.0014623882766675693,-0.0010170871503310897,-0.0010584281900641904,-0.0009598485320557212,-0.0010743290450535314,-0.0009662082167426114,-0.0005815200716796545,-0.0008422016601344051,-0.0009662082167426114,-0.0007500016241429664,-0.0007531807942205825,0.00035573625073406404,0.00035891189733548354,4.765058777900449e-05,-0.0002509972387595371,-0.00026370763554659074,-0.0007245686273715554,-0.001484658539028045,-0.001233351502540043,-0.0007817937797491256,-0.0007182104792458327,-0.00040353266381874396,-0.000279595858719296,-0.00015567441204782936,-0.0001461426291118751,3.812065186775374e-05,2.8590625135959e-05,0.00046370257804682105,0.00037796556516689074,1.9060507581889213e-05,-0.00024781966480551037,-0.0003526849368601318,-0.0003558628440493172,-0.00033043986930575365,-2.2237718029897107e-05
2021-06-15,0.0,0.001248679746649374,0.001633060048426035,0.0015102004437218075,0.0016834596225602635,0.0017748023768598623,0.0017685031444212634,0.0022597241533667167,0.0023100921545861587,0.0016582601530077833,0.0017905502843568839,0.0017023588080058636,0.002458033488248158,0.002656303504334453,0.0027349711884770388,0.002605952938509371,0.0021778707401911056,0.0022817604660628414,0.0023793440141837686,0.001982654789798302,0.0022975003921168985,0.0027035048574486084,0.0022408354988365685,0.002193612301533839,0.0020046972088601745,0.0022597241533667167,0.001982654789798302,0.001957462858772496,0.0020456318409817357,0.0018314936832630015,0.0012738895393946813,0.0016708599671607924,0.0019385684940162922,0.0016393601341072716,0.0018062979438612204,0.0018598381312963687,0.001777951978198879,0.0023636053762994716,0.0022093536150839406,0.0021369415209733307,0.0022660202922596124,0.002454886028169727,0.0021810190722834993,0.0023667531236927714,0.0023478664907067752,0.0026279816230041623,0.0021810190722834993,0.0022376873550608144,0.0024108205468574657,0.0022313910377767224,0.0025178333475787567,0.0020739702201228124,0.0006087684927948323,0.0009366559546676555,0.000712821351740959,0.0013463641536171657,0.001799998909818241,0.0022723163915113922,0.00253042233599086,0.002511538793941442,0.002442296088790239,0.0025020968891943784,0.0023636053762994716,0.0021904640090891474,0.002096010626485781,0.0013369112409383004,0.0015858081406213082,0.001680309723593245,0.0014534909193419804,0.0014377377029287887,0.0012392259105188717,0.0013967781788096103,0.0013369112409383004,0.0007947947671776786,0.000485782971819685
2021-06-22,0.0,0.0014186842110811887,0.002034190247479109,0.0025263224516903103,0.002718692913641607,0.003579176444980022,0.003667389315295152,0.0033302481744234987,0.003188425883819003,0.0028637346922341144,0.0038217431165639016,0.004275216446562303,0.004486137432250727,0.004527057246732287,0.004473546383227415,0.004615186545059946,0.0041335281197115836,0.0037839443884866916,0.003409029645692589,0.003267218528408716,0.0034846540194643253,0.0037807944299873076,0.0033302481744234987,0.002907873666956032,0.002422237758196815,0.0026020136065842826,0.001980545818518968,0.001825907537662314,0.0019553003855742176,0.0023970034736347443,0.0028006756342525627,0.0033649127864278107,0.0035382178242088173,0.0034184830051803197,0.0032735216717862873,0.0030434311947833384,0.0029299424237449697,0.0021856413385318357,0.0018574683126715077,0.0016270517469103365,0.001778564507415536,0.002453779718469138,0.001825907537662314,0.0015323446128667302,0.0017817207791640869,0.0023276059075687076,0.0016365219670141388,0.0009891838460355776,0.001687028292942223,0.0007712050143918829,0.0006226994696486594,0.0014660442818145768,0.0014313137825916868,0.0010586743542917196,0.00030665682654494516,0.0008565067376964555,-7.588836824671191e-05,-0.0007180079542379062,-0.0005376667291689883,1.580935186431149e-05,-0.00023717027513830687,-0.0005693031882925374,3.478024419248474e-05,0.0011092098728758834,0.0009860250718294085,0.001052357234898194,-7.272623791953394e-05,-0.000986998276955044,-0.0005724668892531718,-0.0014650301875647482,-0.0026468443304045277,-0.003300134430289765,-0.003633286383975856,-0.003798317026097424,-0.003649153531523188
2021-06-29,0.0,0.001177301015476272,0.0007217359962556999,0.0013828700391622642,0.0020182854594070587,0.002182605821281422,0.0008166624915776345,-0.0001330082023684882,-0.0004719424001138827,-0.0018827621934719727,-0.002047751993034677,-0.0018573815633330074,-0.0017304880743849514,-0.00129917061488153,-0.0014228382155547236,-0.0017653821787123028,-0.0014672354439064896,-0.002555583721213165,-0.0024159042852909406,-0.0022127690187233244,-0.002139777360368076,-0.0020699642373765755,-0.001946216587234143,-0.0014133247802056328,-0.0013974692557441296,-0.0015623789997466877,-0.0010233518355807422,-0.000991653401797691,-0.0010075024930904341,-0.0009155812600132236,-0.0010835816281072783,-0.0017463488799555483,-0.0020572714659097516,-0.002092176975113344,-0.0019081434678036742,-0.002914395328331414,-0.002873109562546093,-0.002304809573761083,-0.002044578855547441,-0.0019652536905490838,-0.0018320015773541903,-0.0018288291243975315,-0.0018097946180093989,-0.0014894347972720138,-0.0011850294792435092,-0.0016416722118134945,-0.0012579514796847884,-0.0010899218172985472,-0.001099432176457391,-0.0012959998518532018,-0.0013181954041825684,-0.0005733282175921199,-0.0002913743706182262,-0.00022485752520263992,-0.000136175279963532,-0.0002470293154014624,-0.0008712085162808213,-0.0033654739539004607,-0.002711158785701774,-0.0019715994721906495,-0.00272068457598517,-0.0026635311953471298,-0.0018954527501116876,-0.003317815190636387,-0.0032892210228914545,-0.004077448505459223,-0.004153761567112609,-0.004017038128209765,-0.003324169561172465,-0.003104967107768742,-0.0033051065706970226,-0.003298752321292821,-0.0028667580575569623,-0.0031017906138239857,-0.00281277189388007
2021-07-06,0.0,0.002620861015819028,0.0020562198397385263,0.0022108181132784546,0.002721768871265928,0.0027060026900396295,0.0027942901034649623,0.003078018293763877,0.003216700560306575,0.0032419134516591666,0.0029298591705947128,0.003178880031318741,0.0024410936721228032,0.0021918889965104917,0.002223437325398178,0.0025010197107929507,0.003021279095473568,0.0033333048543129065,0.003191487033247844,0.003096930644474837,0.00348455503184766,0.003490856626150961,0.003462499139063443,0.004079880328547888,0.003856281168475003,0.004426202859030284,0.004486010059520414,0.0045269287148131405,0.004407315631517341,0.004860510664199829,0.005014676039905792,0.005266323545991463,0.005055573069056851,0.0050807396403015044,0.005536774004889845,0.005458162225974735,0.005448728397208208,0.005426715783979772,0.005127925254360324,0.004454533031452846,0.004174343823200582,0.004224720705260101,0.004293984774551884,0.004171195183806416,0.003922421338416422,0.0043317631539898,0.004555256033838965,0.003856281168475003,0.004208978202233254,0.004369540106275678,0.004605613730866044,0.004888828535452815,0.004980069554961653,0.005175108642041801,0.0048856821449134195,0.005816581788201309,0.0055179077415414175,0.005643676107818894,0.004643380339523686,0.005112196963726329,0.0037743872777136144,0.0021887341088797385,0.0028163607389582244,0.0011186531825233459,0.0009638859568590535,0.0006384808166936031,0.0018163874687927707,0.002378009751562287,0.002671316216341889,0.0015070450084423734,-0.00031623053469312525,-0.0005914324698027033,-0.0007559571520401025,-0.00015177817648686195,-0.00031939334510316274
2021-07-13,0.0,2.2218378091031563e-05,0.00032053164096242277,-0.00027300894115112214,-1.904471699607772e-05,0.0001396501765353538,0.0005013803932024795,0.0005426220199682938,0.0008090653832984858,0.0009486026272838215,8.569673833940852e-05,0.00029197358481223087,0.00046648230355196725,0.000606067355488573,0.0006536487156583586,0.0008502943228485142,0.0006187559395695694,7.934908363914571e-05,-0.00012697163153386153,-0.0004921049012948928,-0.00041271676152364214,0.00021264137160806177,0.0005902063989773814,0.0006346164432677941,0.0007075715204185434,0.0008249228689042013,0.0005489667346625409,0.0007043996712145037,0.0007614914176666354,0.0009327471028223633,0.0013322296830856073,0.0011800646598246211,0.0018075961996146556,0.002051529933216234,0.002140218358167851,0.002327071794360386,0.002175058087498474,0.0020832052736496354,0.0020388595161060096,0.0023777378952663485,0.0020737027768684808,0.0017442270521302128,0.0021117122222202188,0.0021877267790444328,0.002273236249270398,0.0026215326086617354,0.003108943800283312,0.003131093210714353,0.0028652679006809447,0.002244733904950708,0.0023682381968818684,0.0024853948370268373,0.0030488214988468195,0.003036163711617801,0.002725997865353408,0.002729163308840048,0.0028905876415345976,0.0032766342756990773,0.0022954041776625405,0.002472729916008136,0.003026670266050498,0.003127929039260464,0.00308046526597668,0.0028810928138420797,0.002738659579179776,0.0028114613226555376,0.0026785150106119022,0.0030013539705828133,0.0027924700744550715,0.0028399475187215607,0.0033430698940729634,0.0035518388224232713,0.003833291563148395,0.0036340691623022482,0.0033367428824787318
2021-07-20,0.0,-0.0004080253542356109,-2.5496707738952968e-05,-0.0018246550340680105,-0.002699883879216037,-0.002428289313911203,-0.002482602326204055,-0.0029204090175784284,-0.002597627855608217,-0.002086504523201365,-0.0019172525049459181,-0.0012628680259383972,-0.0018278479075742862,-0.002112054486155267,-0.003380792102795574,-0.003278466432073382,-0.0034639394207027453,-0.005048256615469765,-0.0057884645162986125,-0.005461551914432058,-0.004750405465179685,-0.005211632015662428,-0.006137930462154888,-0.006628671346388316,-0.006590173160610517,-0.00580449239198037,-0.006586965045362243,-0.006012878156460208,-0.005624994856384294,-0.0057980812108806325,-0.005727560931462774,-0.005317359734845565,-0.00591028281484011,-0.006125103864922601,-0.007029782268561324,-0.00698805923567593,-0.006757009337497289,-0.006458648874140712,-0.005451938455589565,-0.005102712116529967,-0.004298993835745975,-0.004036564442148047,-0.003256084087266012,-0.0036462481210109174,-0.003460741319095917,-0.0020769234553912443,-0.0022877281552002716,-0.0024346789269562488,-0.0012788235292311833,-0.0014383925655174399,-0.001926832043052747,-0.002399536560433725,-0.0019779244628646453,-0.002306894422570257,-0.0010044243341154494,-0.0014639259743885644,-0.0018917075186271042,-0.001661832001592232,-0.0016522550017150238,-0.001400093674584982,-0.003083437121107542,-0.003930972044702438,-0.0030994216991869815,-0.0021312173867802132,-0.002949176751689955,-0.002901230987928749,-0.0031026186454639506,-0.0024698225285082107,-0.002728645269927252,-0.0033520119495871184,-0.003224110177973209,-0.0033008492778613245,-0.00448465621883987,-0.004292592299377235,-0.004535879494707647
2021-07-27,0.0,0.00011349950513779453,-0.00022388401009868725,0.0005988797975116461,0.0002301383519956631,-0.0008264124394345695,-0.0007727695339325388,-0.0003405758287154025,-5.044835980849449e-05,0.0003247004036843933,0.00047598108952649483,0.0005358567058298575,0.0006209369412698698,0.0008099782189957007,0.0008131286042090403,0.0009202357965593278,0.000844631910483711,0.00018285397269678387,-0.00019234801806841147,-0.0003815788897573846,-0.0005203709573825532,-0.0007853911351721986,-0.0010347004077704248,-0.0007317504300680781,-0.0005834646294236812,-0.0011388606631518629,-0.0016566665669736531,-0.0015492945290756066,-0.0019377832654194978,-0.0018777629532642187,-0.0014419340186942492,-0.0010946701388556536,-0.0011704265189996057,-0.001388258085548867,-0.0017198319750905983,-0.0021305044095790006,-0.001925147110853836,-0.0033413898791057953,-0.0032433263180228853,-0.004404889779937231,-0.00518741077289602,-0.0057231729073295165,-0.00543464993683886,-0.005694633958797597,-0.0070082692998175026,-0.007287718659379,-0.00902650401421811,-0.00989862392550032,-0.00924605381074377,-0.008237795229478605,-0.007792830946411646,-0.007217848998027876,-0.00729724671871978,-0.007475120492336109,-0.006509900099511215,-0.007176564674473566,-0.008237795229478605,-0.008422195594986583,-0.008250511404453396,-0.00872748473160871,-0.009156955328222884,-0.00921741414703502,-0.009201503577165879,-0.009468834754346773,-0.009430640210432797,-0.00908377322725939,-0.00833952915719534,-0.00805342886119631,-0.008482610006067839,-0.008288660899613078,-0.007344888377230204,-0.0071289310343176605,-0.007513240417625714,-0.007491003617945002,-0.007395708648176693
2021-08-03,0.0,0.0012871913695696238,0.0010141940931400542,0.0004208741051809427,0.0007568180716315429,0.0010895111308310572,0.0012620912829730752,0.0015695239403891157,0.0015507042487180038,0.0023878379144779607,0.0026886585931541534,0.002741919491678124,0.002375301755494041,0.0026823924185909484,0.0029831245155505525,0.0030676891253118314,0.0028766255741746174,0.003427791648824795,0.0035686660407543303,0.0036406608446387964,0.003812801317949435,0.0035498839350918522,0.0035624053780632914,0.003443445339104232,0.003509188162594552,0.003621880091154355,0.003794023797144895,0.004344684604011113,0.004472920006853645,0.00473872151723312,0.004566740372196498,0.00449168478411635,0.0045855033890400436,0.004632409390984226,0.004823137802122602,0.005201360317122194,0.005488838758219227,0.006066670344202715,0.0061041397831960425,0.006241515715773026,0.0059136555623640185,0.00616034130939446,0.006350778550752787,0.0064912417987749525,0.006484999406690413,0.006840753578071363,0.007218213898527824,0.007293065131736856,0.007321132899805245,0.00710592654258979,0.007511349232477881,0.007162071796614984,0.0074084498072205865,0.0076921771128882765,0.007059136422783021,0.006843873668803541,0.0073835028973619,0.00767035479333094,0.007664119757417019,0.0071246419775215074,0.007059136422783021,0.0077732272736302874,0.007901023796803736,0.008502383261177,0.009389740349838917,0.009955991780597846,0.010748827078734858,0.010615177337210416,0.01101296588676727,0.011342264793736909,0.01264907108041565,0.01277934767020691,0.01304605155294958,0.013532757816732592,0.012894101082308516
2021-08-10,0.0,0.0015938901194986457,0.0016092331670270609,0.0023147589970646362,0.002443540418376248,0.002572305257168882,0.002336223719028167,0.0030994550136165897,0.0028726920840935356,0.0021614261540959805,0.0021767604964292955,0.0019835305967216992,0.002277961258894763,0.0021092876312296563,0.002231962181934707,0.001998867667188126,0.0026520085158480977,0.0025109907351116554,0.0026029611084535287,0.0030626861396898246,0.004226377868238265,0.004192711080673965,0.004562983418676031,0.0030075302937690885,0.0030289801508983907,0.0031392864347916175,0.0038192397831123518,0.00414986080259979,0.004599697170733857,0.004728184689265748,0.004440594509406113,0.004694534791971378,0.004697593920333883,0.005147184021020929,0.004978993702576599,0.005049331277090903,0.004816892627614013,0.005043215162658267,0.004621112903649743,0.0042080143064413995,0.0043763343352389355,0.004128434974988268,0.004302889079463365,0.0038100543053523417,0.00344562895262703,0.003396620455769043,0.00405497150925496,0.003773311550560362,0.0033353564569261053,0.003709008480985257,0.0036569505864701506,0.003978441326478837,0.004125374104997241,0.0035313880431432423,0.003402746649228241,0.0013913398264894336,0.0007312322510427436,-0.0004672854184382279,-0.0014609925350694954,-0.0038616507099386967,-0.003981989324431092,-0.0020275089668814997,-0.001861215433776939,-0.0016087484917504122,-0.0011316984370756849,-0.0004242368411871371,-0.00034736899082021583,8.298181320012965e-05,0.00014444538376126448,0.0003718277527747385,0.0008540759602174225,0.0011856786173052084,0.00010756769475890183,-0.000325847051508108,-0.0002028734261214274
2021-08-17,0.0,0.0005144391062957426,0.002865383437077398,0.0031339698442966754,0.003106812699476534,0.0029800696045423573,0.0022283340109928045,0.0015092790236680355,0.001164674499288364,0.001149557546986459,0.002376310582645854,0.002059191112024139,0.0023310139576894454,0.0025604957224451756,0.0024759559358575526,0.0021890712449258464,0.003327066052064907,0.0033149986313853602,0.003595528502868998,0.0029076377658888795,0.0030796548171258486,0.0030826723960316175,0.003121900093204906,0.0032637104688327694,0.0033723175827056195,0.00335120045656464,0.003704099586877111,0.00349901097581455,0.0033210323599278534,0.002696348265285299,0.002246454767716088,0.0020652324225051487,0.0013974467115695657,-0.000608590224115309,-0.001375153558419998,-0.000375404927057003,0.00029356532266204246,0.0005900695999417913,0.0007382887770521982,0.0009348721585262669,0.00011804177784637285,-0.0007479216756896684,-0.0006176764661817175,-7.870226030897797e-05,-0.0005722460814240086,-0.0013812156891985076,-0.0005328747507135504,0.000223964844508825,0.0006354451506952908,0.0005809942427132086,0.0002330434424709575,0.0007715594506201771,0.0019534622701548304,0.0021105410877951016,0.002581629552424137,0.0019413782621308367,0.002457839337429591,0.002358192178876522,0.002614838954310668,0.0032124196756698627,0.0028502921726553856,0.002116582088063866,0.0027778509330334145,0.0027084231537437284,0.002219273509493991,0.0022222936857815333,0.0014427856427573355,0.002001796842071017,0.0025635148683588404,0.0027084231537437284,0.005153600124690525,0.005752675639666868,0.005704522029641574,0.005848975903965217,0.005078313999737196
2021-08-24,0.0,-0.0008051189044596226,-9.379628361789003e-05,0.0008951604477183285,0.00039021911752070424,0.0002420142860743714,0.0003720727672048835,-0.0012230676906177691,-0.0016260387745639497,-0.001271536823362976,-0.0018139454642917732,-0.001423018006660115,-0.0006507037666248922,0.0006472570441257286,0.00019966601387747792,0.00041441373905755705,0.0006593513189983063,0.00031763174043380473,-0.00023602033515524433,-0.00014826267937822463,-2.7230272803677243e-05,0.00030553333197926935,0.0002752866704521792,0.00022386524615827677,0.00015429087490847666,0.0006260917111261839,0.0008074943165651186,0.0010976700562821795,0.0011339361040125547,0.0007681932111408261,0.0006895863662580384,0.00029645942958088893,0.0008226097150751335,0.0010765142543784616,0.0011732228382472269,0.0016294403198936996,0.0016505844275603186,0.002124699132940009,0.0018318012993468152,0.0018408612809551294,0.002206212135063859,0.0023329969331324523,0.0023450708375012596,0.002583500582590622,0.002568411777427525,0.002577465087845779,0.0021820608271181526,0.0021880987087879978,0.002052237552642109,0.0028731615003063015,0.0029395303118161975,0.0035999616064879285,0.0037717831717228594,0.0039013834154321514,0.003605990933132757,0.004268995028867112,0.004946613031849746,0.005259668029740583,0.005322869167382201,0.005374029067661733,0.00504595840612478,0.005572625054869998,0.006387659017127828,0.006444776708145761,0.005888491954194285,0.005996766212997302,0.00607194977369598,0.006426739895009632,0.006300473093089783,0.005903530746760016,0.005855405814426335,0.005819310595234359,0.005614746406490295,0.00539208487817232,0.004961665995703374
2021-08-31,0.0,0.0006814692267675776,0.0016482993669580802,-0.0008443677339126253,-0.0015475673208784028,-0.001317052473815112,-0.0014736785707024696,-0.0009182099980090381,0.00030391594450076463,-0.0002065975457657769,-0.00030400833748260917,0.00023310883189659238,0.0006578763223324482,0.000507458470104137,0.0007935279220496753,0.0012357423029921019,0.0021048605268368364,0.0023374792701840084,0.0021460880468014,0.0017072221986886833,0.000917367661790782,0.0006637746006251536,0.0015540156140413566,0.001571694494850946,0.0010117114565450286,0.0007964766655165395,0.0007876304090309982,0.0007935279220496753,0.001247532009988567,0.0014066794515872395,0.0017690874356007765,0.0019222610758951352,0.002160811749164939,0.001998839098628914,0.0020901360006350404,0.0028260968454123826,0.002664231925748725,0.0027378101372134054,0.0031085619437261074,0.003605624432360588,0.004034840531613879,0.004137707432222032,0.0042493795160802655,0.0044491826518911455,0.0047723091087717205,0.0052597387200808855,0.005324319998577592,0.00552390849472461,0.002646572349401581,0.0023580884480405642,0.003311534462238071,0.003958418269183535,0.0046695074703167645,0.004904467117078543,0.005468145130946503,0.005975770526050742,0.005993371408442023,0.005705851529449201,0.005297900888753511,0.004405111862444046,0.00558260341322878,0.006436224976324965,0.00663852326143757,0.006943359311833172,0.006796815116772709,0.006732328866977301,0.007221734132137908,0.007210014649669878,0.007409227174937453,0.007476598901392678,0.009741161527265261,0.011046658086058323,0.011195499096409166,0.011014552218416488,0.010667159195187062
2021-09-07,0.0,-0.0017740764913724597,-0.0019124484874075613,-0.0016847214187553038,-0.0007743313863001536,-0.000264759631458613,-0.0004892846755797466,-0.0009068049853694514,-0.001618430878823305,-0.003317431358189626,-0.004386193284905592,-0.0048631718515943926,-0.005126330128356347,-0.0044468870142504195,-0.003583070886913269,-0.003915219559711406,-0.003268353516392395,-0.0032423721046475613,-0.0027113444960499603,-0.0026565261826802084,-0.003167318484574198,-0.003089384148542435,-0.0031904113061714764,-0.0030605211209242295,-0.0034127069863230113,-0.003418481558571577,-0.0027979058464610235,-0.002480550853390329,-0.002538244270587434,-0.0030720662320028475,-0.0034040451904727284,-0.003479116580512488,-0.002001823911820071,-0.0018576739494819505,-0.0016443701319760807,-0.0003309604935332434,0.0005063014500347992,0.0010985788601783047,0.001026719233616147,0.0013170004204042026,0.0019490045552130924,0.002178725244581372,0.0020753574648005005,0.0029134770262596397,0.0020265411877209744,0.0015123898062099834,0.002015054658547957,0.001768062362877514,0.001900182109514646,0.0021299140133943825,0.0024428388149512073,0.0026753158588902555,0.002474412943113157,0.0023595931526479447,0.0024428388149512073,0.0015152628947082884,0.0009289818538774546,0.00032222148978261337,0.0015353742830698932,0.0019231576750019404,0.001673270051324922,0.0012710208985255201,0.0009117330893198208,0.0011675592439089112,0.0005321849770408448,-0.0013129747382207685,-0.0017048976727460534,-0.0010076118725813787,-0.0010047315347753644,-0.00042307333182502714,-0.0008232869763902842,-0.000935605916217584,-0.001756781338050527,-0.0015492628263662532,-0.0014685728114237904
2021-09-14,0.0,0.0008937796695408576,0.0013963593497667943,0.0014796195911836699,0.001712137343239087,0.0011924860433986091,0.0011608963192462573,0.0010919698207138004,0.000801852062466846,0.000913887707155198,0.0008564350983601625,0.0008937796695408576,0.001436554814575397,0.0017982413109631848,0.0016576009954673357,0.0019388618495418686,0.0020163381870159395,0.0018298109082954042,0.0019359922402823495,0.0018269409860847817,0.001979035514562098,0.0020852010037045224,0.001953209772321569,0.0017494499728509664,0.0018039813118815463,0.0015169408974911188,0.0010977138770514666,0.0008880344416710178,0.0007501390695656828,0.0010373996398575142,0.0011379213476047517,0.001542777909011423,0.0016288964598617445,0.0014537809477683432,0.0012527909276817439,0.001135049439034969,0.000925377832828465,0.0010115495674039784,0.0011695117975272153,0.0012901207003336063,0.001485361421277137,0.0012441761668635382,0.0007242815702431356,0.0008506896559321852,0.00014949788862067702,-0.001021208134717326,-0.0010787720306577075,-0.0006384924892058088,-0.00018977951128348896,0.00012362485335298354,0.0005432603514760698,0.0005576283120735966,-0.0001610227246798088,-0.0004860225477840828,-0.0006500005981071724,-0.0009262349501805738,-0.0007765985376070915,-0.000474516325794413,-0.00016964967383132647,2.0126017622365556e-05,-0.00016677401584485872,9.487625125183114e-05,-0.0004198635792644142,-0.0011737597039198201,-0.001329213543078924,-0.001093163522408008,-0.0008744351965057555,-0.0008370259319530558,-0.0006442465271019749,-0.0006356154826735908,-0.0010355987980551755,-0.0009377463709491438,-0.0008341483541829449,-0.0009665255026271187,-0.000831270784693264
2021-09-21,0.0,-0.0026415239716811806,-0.0012538538995065947,-0.00020360845877076392,-0.00028104790904681984,0.0005303344241099681,0.0005389321247980428,0.0004156913508619952,-0.0011361485789464813,-0.00278816060206162,-0.0032483366850529086,-0.0038900605557494403,-0.004627256136013699,-0.0031160143707151923,-0.0036310192947847054,-0.003210939473442303,-0.0025236552112222485,-0.0020436991165537293,-0.0016472624449917277,-0.0034871364727066165,-0.004149168936476109,-0.004336344529325405,-0.003987938053502962,-0.00526698320762335,-0.006091739792589003,-0.0063225627351060475,-0.00636873371780589,-0.004993176032452965,-0.004558120959432112,-0.004494751246101378,-0.003216692799583993,-0.0024374185778469927,-0.00254377816245495,-0.0017535380176513743,-0.002420172143546973,-0.0033173813656193246,-0.0032023095462932203,-0.003314504408749222,-0.0040080904923086,-0.003927483173696216,-0.003038355079245422,-0.002063812411873496,-0.0018856801568229039,-0.0012940491335055684,-0.00047897597574938046,-0.0005420917128186799,-0.0005621748282268613,1.7204449070949453e-05,0.0009801814980196493,0.0005360662327819869,0.0010059627782335082,0.0013181499670604085,0.0012179169969158844,0.0019221988303626187,0.003097759323329986,0.00064209876767524,-0.0001577212438011978,0.0010861669551954377,0.002108206743389307,0.002382862852781008,0.0025602048401055003,0.0035235946743844243,0.0033607126334838718,0.004006369754856344,0.003240677308658292,0.004768622577055409,0.005247944687831678,0.005484667869698035,0.005567365170533762,0.006060555308175689,0.00622869749416393,0.005997850984692059,0.006297086227146592,0.007439056605915061,0.006955088743321673
2021-09-28,0.0,-0.00014014984844706963,-0.0007598475623583317,-0.001304152296658197,0.00013452537785492774,-0.0007430181175613639,0.0004455460184027844,5.325179270623568e-05,0.001201679133850501,0.0016606810366914487,0.0016410937958193574,0.0016578828829133172,0.001730632336624789,0.00042873656476570885,-7.007246897608989e-05,-0.00031115926699725,0.0004735611465737522,-0.0005719348374495712,-0.0007261889559898418,-0.0013630896560850496,-0.0019133392474554036,-0.002126782823333267,-0.002840464467332713,-0.002744902747036637,-0.0034449633632003328,-0.00268026323175435,-0.0018627934937093073,-0.0012873136890984326,-0.0022672310782136298,-0.0026493501579104746,-0.003042860613501601,-0.0036868652759676156,-0.004916969483244804,-0.005824331292591726,-0.00594274355347401,-0.006159869121990392,-0.007545506969820563,-0.00925550578956313,-0.008947207325926443,-0.008361984606541204,-0.007940949220633613,-0.008034183386785188,-0.008068088875239287,-0.009824268830205497,-0.010297069361075547,-0.010498148106738384,-0.011070452554318499,-0.01259630873356026,-0.01255941113998862,-0.011056282648647362,-0.010291405756530958,-0.009812947007392159,-0.009317742697201184,-0.01092026176923283,-0.011234838135239145,-0.011325545196846058,-0.011450280842486404,-0.011433270520055378,-0.012196184434292422,-0.012962520194961712,-0.014266640290633867,-0.014482737239389733,-0.01484395086419924,-0.014226838050899717,-0.013374313389721481,-0.012312516127290831,-0.011498478327437658,-0.009892202459076281,-0.008602252011183784,-0.007014730386063346,-0.006393966374955307,-0.004922602730671002,-0.00553399866237973,-0.005283196587580076,-0.006193711119348326
2021-10-05,0.0,0.001376345764962784,0.002069465098347419,0.0008583144422069713,0.0011074558963865746,0.002072293172641014,0.0016706265335748036,0.0012263424391362045,0.0009121116014467927,0.00047032291651197885,0.0008866290973079775,0.001316913176358956,0.0021769262993014656,0.0028497102366629216,0.0025812163023062992,0.0027281903333902196,0.0022391354010786717,0.0024540097993384444,0.002504894342321336,0.002442701771486547,0.0020638089257663246,0.002148648155477013,0.0020751212389366275,0.0020949174790655723,0.002383332527282056,0.0027479736495550112,0.002682969855289035,0.0029570876287387782,0.002677317151742068,0.002462490736312214,0.00209774548137874,0.002179754069703559,0.0018205632351069284,0.002295685771922877,0.002569909712825947,0.002671664416242085,0.0029118775005321338,0.002716885405571959,0.0025444694190739146,0.002770582674513499,0.0026857961950799455,0.0030475017537472102,0.0048568898924632,0.005175522425848439,0.005911091150843208,0.005764584214041169,0.005409497594539209,0.00582657053762401,0.00601250645788051,0.006116728140309891,0.0058603796401646945,0.006477195061516873,0.00660670612926324,0.006578552976108299,0.0070345365010491875,0.00622093896171235,0.006237836990557732,0.006463116760823884,0.007220247973487097,0.007650628332282729,0.007571879759559847,0.007532503147574674,0.00790370675138726,0.008434963044441529,0.00892380674219295,0.009631363874658736,0.009791337156655524,0.009956896586555112,0.009645397642711839,0.009491015360999947,0.009319763495409883,0.010041068836697404,0.00995409072286108,0.009825012481625463,0.009841849718859772
2021-10-12,0.0,0.0029344371294042,0.0022246081962021837,-8.093742285715545e-05,0.0003683220739107396,0.001263448713222116,0.0006277402812237474,0.0010237114195443843,0.0024640577973817517,0.0022162542681153814,0.0016535958315004636,0.0014000175197255728,0.00225245411914309,0.0011881885429592036,0.00023998281168538163,-0.0011868078638852483,-0.0014886212616607459,-0.0010415227835690825,-0.000980062372435604,-0.0015724744850277473,-0.0013824172716447487,-0.0005052683403350185,-0.0005471528647075565,8.372147544451951e-05,-3.349055287628162e-05,0.00020650029513636902,0.000527328313148439,-0.0009744752496363014,-0.0013824172716447487,-0.0013544707277920944,-0.001877200394819017,-0.0024925265090947994,-0.002805928942767646,-0.0018296682232190307,-0.0011923961731422133,-0.0007510159308717936,-0.001483031296765795,-0.0012650470354839277,-0.001376827900393079,-0.0014774413631183766,-0.001114162685258014,-0.0005471528647075565,0.0006584197049548311,0.0004771185478964151,-0.00024841496032388305,-0.00043267265360387365,0.00016185519576570896,0.0008647840950020921,0.0007643959273364252,0.00044922314449904186,0.00024277297079433122,-0.0007566018053124385,-0.0007258798820059799,-0.00018421192238158158,-0.0004242965673300953,-0.00045780133338625266,0.0004994343103573163,0.0008257454495266247,0.00172882098459804,0.0023192811707585474,0.0026784000805580126,0.0028036437840943743,0.0028398223783373624,0.0024779775223281683,0.002397240420384284,0.0028620854780854257,0.0030735602090344984,0.002828690642593468,0.0025141679004241995,0.002959480712196348,0.0034602207050777978,0.0035770239668025264,0.004174731844455303,0.0044470569467318505,0.004555410596480477
2021-10-19,0.0,0.0010946141230507433,0.0016333927250227487,0.0016657102120178865,0.0013963659021734942,0.001377509083345273,0.0017411136202876343,0.0022095645370836564,0.001197004397142059,-0.0020468514538395078,-0.00694603262101365,-0.007291071468475217,-0.005168389469933887,-0.003556318368521588,-0.002822941432694079,-0.0023442363613140923,-0.002452398258146645,-0.0012767653417757273,-0.0010553065214080283,-0.0002616985328792952,-0.0006746200121471774,7.013436128004022e-05,-9.441940838419626e-05,-0.0002563019952977014,-0.0003237608083449891,0.00023466105745603843,0.0013802029363765042,0.0009086681357817716,0.000763121067220177,0.0006337281087124777,0.0011161708414724825,0.0012077817108966738,0.0014259973276493825,0.0015202732950242094,0.001679175523356241,0.0020265178865953876,0.0019780587524431074,0.002371048467092299,0.0021126616606075505,0.0017841987295420566,0.0011350325889060966,0.0008709357446757972,0.0008871069437707301,0.0015472076533014163,0.0022122561496152587,0.0024087242988581154,0.0021315046220216974,0.0019834432166485304,0.0016764824755936996,0.0014367721737709577,0.0021234291106062724,0.0025082893074907355,0.0020561306459280487,0.001792276980869936,0.001797662445500892,0.0017761204129555055,0.0012535839985943068,-0.0006557244573259501,-0.001463152841927059,-0.0015820267816572925,-0.0016414690510726984,-0.003976019412156232,-0.003548196859924388,-0.0016847020118887196,-0.0014253322788824415,-0.001990088023529162,-0.0030015003007805847,-0.0032423347255724775,-0.003204446814247212,-0.004856610033735355,-0.005751542336246482,-0.007576429737716134,-0.0085091679628962,-0.008158269291486732,-0.006484355857151624
2021-10-26,0.0,0.00236026287020799,0.0029728001257183392,0.0043366131956403525,0.004479198486563763,0.0036590552858390786,0.0032885359919543086,0.004303706010353355,0.005120580824489345,0.004586124114408293,0.004887647632785848,0.004114468677376708,0.0033763752023364623,0.0009084528022885972,0.0007818694786470596,0.0020222453807678706,0.0016346213052844298,0.0003772457525426032,-0.0019628714942719876,-0.001405597817099931,-0.000936845654324947,-0.0003250411150534078,-0.0004986232866713901,-0.001027821536130133,-0.0005454680829810621,-0.0028987965891987214,-0.0029899511445726857,-0.002349283060513897,-0.0018662919285013853,-0.0014193879723084157,-0.0015683337673474981,-0.0017945531459330484,-0.0013504390978714624,-0.0010829624625667532,0.0006194891477773137,0.00025334860903918,0.0003001560007609702,6.0589202471663546e-05,0.0006415083650502325,0.0008919428426551236,-0.0018414586905909783,-0.002514933736747498,-0.0016538497112955992,-0.0011408637078733303,-0.00028371646723674115,5.508124485011431e-05,-0.00011292603769682346,0.0003276887371864556,0.0003634801612896349,0.0006277464110727835,0.0003001560007609702,0.00177759235389046,0.001915045242129528,0.0029590702177220572,0.0032006890651676877,0.0033544161230796184,0.003472440504858152,0.0035218419243355018,0.00275584553565965,0.003831917319044853,0.004479198486563763,0.004177551767426827,0.004443554069777936,0.004843795316417381,0.004418876421556855,0.0032281420587810168,0.004051381607599506,0.0041556102744171215,0.0044846821302256265,0.004106240154849049,0.004141896596806089,0.005621888206260858,0.0059477401819860035,0.006872690648148815,0.007471536452317515
2021-11-02,0.0,-0.0012555943101563456,-0.00030331405620124706,-0.000999336178825448,-0.0025183456866914094,-0.001280666567008856,-0.0014896264906490283,-0.0012973817541498572,-0.002086098959110551,-0.001796180050743048,-0.001835202700609032,-0.003031707042972417,-0.0024095692403105417,-0.0021446504781906348,-0.002311959425705668,-0.004011731105473599,-0.005490564354916752,-0.005445803851577505,-0.004542629397832736,-0.004319058920500738,-0.004886466539824375,-0.0051632994058478255,-0.00434420810406184,-0.00325498985949639,-0.002286861299000786,-0.002010823471701178,-0.0019132525689395182,-0.0019188277926452898,-0.002830795125429527,-0.002663399356803703,-0.0034141092873370997,-0.0029591508607352693,-0.0024151472317875135,-0.0016568258735154468,-0.001879801879433959,-0.002044278544329565,-0.0018268405760161995,-0.0016261705604596129,-0.0033722332988831523,-0.004251997522971983,-0.0032689466910166567,-0.0032689466910166567,-0.003411317500216441,-0.003877654016533298,-0.004973143337478576,-0.004715930903753507,-0.004534244602820048,-0.0035341635073173577,-0.003391775208603003,-0.0032410332227664398,-0.0038273797424273237,-0.003994970486224142,-0.0036933273668463386,-0.0033666499662478155,-0.0034615708609206674,-0.0031656707501718853,-0.006296596203227562,-0.006845517418811977,-0.005255594060794098,-0.004925609969744581,-0.005675222611763924,-0.0051493161102924255,-0.004671205059196178,-0.005096181370367433,-0.004836141524087144,-0.00445598990610089,-0.004461579324214438,-0.003922344382135884,-0.0041039195330977015,-0.005451398804929501,-0.005409437417791765,-0.004696363100616103,-0.004864099553495194,-0.005286360838829588,-0.004824958531182602
2021-11-09,0.0,3.6000958183250206e-05,0.0006395163149268537,0.0006837966760402455,0.0021273690209869427,0.002232375335278787,-0.0007646340518324595,0.00017445410447522515,-0.0004764424245756181,-8.308097487394907e-06,-0.0001246287104618469,-0.00036839197322140546,-0.00017725438543294962,-0.0012358954331999914,-0.0011887592998792219,-0.001055681033027256,-0.0009309362399209752,-0.00040717797148073293,-0.0008394666140096583,-0.0021596574013401522,-0.0017739593038219063,-0.0009586559602862043,-0.0009531119547423193,-0.0013495858377135783,-0.001837769582014873,-0.0013301743658105194,-0.000900445434975296,-0.00011631964651937735,0.0002021424335693916,-0.0004653597896792162,-0.0002575831239133543,-5.538862042208425e-05,-0.00018556395570348,-0.00016894488421069246,-0.0009891485401964887,-0.0011083557293628228,-0.0010168698742597376,-0.0013218552789133178,-0.0022068393223469078,-0.0017933793922392666,-0.0016713165297137747,-0.0010806318591087666,-0.0007729485044297548,-0.0008062070061372884,-0.0009364801225239301,-0.00030744558663061734,-0.0009392520753507712,-0.0009725161086177302,-0.0006759508586251578,-0.00022711284282250576,-0.00014955631654054862,-0.0023955892708623482,-0.00397638007863375,-0.0023261917660911944,-0.0025621629342856018,-0.0024622154066544534,-0.002312312843039888,-0.002534398730116973,-0.0021346796384861108,-0.0020153500486300617,-0.002034774825488633,-0.0012109407329115181,-0.0007701770125495987,-0.0009946927455317793,-0.0012553050750789283,-0.0019210064993004441,-0.002279004213603446,-0.0028009669162272753,-0.0035177212168789242,-0.0027509799683643516,-0.0014771563136414998,-0.0008477816888245009,-0.0006454678272793872,-0.00036562160233784687,-0.0007258341870727777
2021-11-16,0.0,0.0002103462694817295,0.0007443163217465301,0.0006945280601487208,-0.0010995022883065542,-0.0016566385668836464,-0.001393276765851833,-0.0008584499690888942,-0.00034606051974818967,-0.0003183712706512543,0.00011348177314983306,0.0005423818999551252,4.705498098620973e-05,-0.00027407006675873337,-0.00020208479602141718,-6.920252398201903e-05,-0.0006313044121318351,-0.00032944687828687867,0.000326571281235207,0.0001300877817578098,-0.00046790232492996284,-0.0010440828183242447,-0.0014182238572301637,-0.0016039606576300459,-0.002169700155233987,-0.0021364124999579096,-0.0013128959269376654,-0.0010801051244485656,-0.0008141248331281852,-0.0006146860310942081,-0.00026853255426465754,-0.0002214649360851255,-0.0006202254607547046,-0.0008279762270634472,-0.0002214649360851255,0.0009268520757527203,0.001098294710637786,0.001333289272286151,0.0007830388114969452,0.0005451484004014716,0.0007664436423503774,0.000683463665371126,0.0007083583814689191,0.00066963299974256,0.001023637821223663,0.0012973525044074452,0.001247591770592225,0.002123571604461658,0.0029104699267289602,0.00269240925807463,0.0023334717093538965,0.0018417943061122394,0.0018666602029504395,0.0016262639624742066,0.0014023948116754245,0.0013249962866315127,0.0012973525044074452,0.0016400814036778824,0.00035147488354256664,5.259071553650779e-05,-0.0008445981530464298,-0.002394420815915244,-0.003916081162894993,-0.0042384816037074405,-0.0025525878545116483,-0.0026969024161012985,-0.002896756967066119,-0.0031577383139340096,-0.002602540538230077,-0.002322282754732998,-0.0022473756603025516,-0.003443785463674985,-0.004355238432724749,-0.004852997830563258,-0.005796361311102877
2021-11-23,0.0,-0.000513900735561581,0.00045851326428940814,0.005548952428317324,0.006855721707023075,0.008045616672813631,0.009449771820942077,0.007697149994653266,0.008955089644146218,0.010070654183683645,0.009921217731256923,0.006544329058563012,0.006434741913602207,0.006728869740215019,0.007429237678158489,0.008796854739785502,0.008198212603405234,0.0085954286423394,0.0075473584063231935,0.007936193935235735,0.008163664620572098,0.008437136812313596,0.008762327432998493,0.008880290809822456,0.00874794070331772,0.008978103544543177,0.007728833801782187,0.011101731635989228,0.011761752206676124,0.01178470160611992,0.011738802280545088,0.012002694636942887,0.012154687972471084,0.013074758031486418,0.013659035820635207,0.013252368766517033,0.01270797798364762,0.010432657618050418,0.010582017667961702,0.01062509815236528,0.010576273463146019,0.010567657094055277,0.009921217731256923,0.010834730019473873,0.01149779625135862,0.01133709329034784,0.01113617826524626,0.010892155739320982,0.011819124717800545,0.011690031938640953,0.01431164844093821,0.015246889505267784,0.01594131909358325,0.016069864262390154,0.016126990145000505,0.01636402769085819,0.01580132889266868,0.013942459407668875,0.015272617720974708,0.016126990145000505,0.016635266784070134,0.017993210678018835,0.016937825692599322,0.01690072433596961,0.01679512063232108,0.016555330276453555,0.016666668663903657,0.017026292603891827,0.01665524991260092,0.015312638074188378,0.016312626729077916,0.016007022022100508,0.015478419620223442,0.01453767367375526,0.01449762229355061
2021-11-30,0.0,0.006497467576960022,0.007138201996998087,0.008665570551140105,0.009702850240390543,0.010428596557149991,0.010710044361321149,0.010118041604567802,0.010515650731017517,0.011090018289819856,0.012315972144051454,0.011887204121259057,0.01124080761422161,0.011481443473894577,0.013948242838207687,0.014691143044802749,0.01462757007023097,0.013572246443343242,0.012420239276539154,0.011565507414716713,0.009580873166120683,0.008514392378654454,0.006404235633297971,0.004552364350056906,0.003179476045245907,0.0019159226601913612,0.0017754292353454688,0.0003723395721237805,-0.003651574335540196,-0.0026749485585391857,-0.0013967753198907296,0.0003547518460112636,0.0012894039173276706,0.001119532140821846,-0.0007861797060151532,-0.0002962115734803518,0.0010082211906385177,0.002337284543124559,0.0014592468423138094,-0.00020235286596310728,0.000583368161418635,0.0017198118013144468,0.0015705076025153974,0.00254497402761664,0.00327008633483691,0.0019364096355977067,0.0019803088839032775,0.0016583363014774748,0.0014914551775409486,0.0024689237290825804,0.0031210134364523614,0.003384068264440657,0.0044998203444401004,0.0040414027530319505,0.0027116794463676167,0.004625337555787664,0.0050893225531758336,0.006054538409244313,0.004794614887913991,0.004759594342523843,0.004718735489426122,0.0033110044197593785,0.005585169119243387,0.004292536506436228,0.002334359031050297,0.0017285937070759133,0.0016583363014774748,0.0010843826529756148,0.000580437513730901,-0.002704351070103904,-0.004266867480302511,-0.004629154842939786,-0.0057846382110987365,-0.006891262279931558,-0.00664327203294359
2021-12-07,0.0,-0.0002909834821274745,-0.001470480376726229,-0.0005497065675496267,0.0003290913875337366,0.0015856938529390963,0.0030927073201199523,0.0030194615203676814,0.0038365806499561055,0.0043751041136182375,0.0036960485601004703,0.003552568344751102,0.004559423237834293,0.004126365728052433,0.004269763644346019,0.004819752687684129,0.00532266932230988,0.006514623771851221,0.006929137599778797,0.007533086040357973,0.0075185022117817985,0.006681033768512831,0.006967077465097009,0.007667247284875564,0.008492234832959786,0.00882728274066085,0.008766108456562888,0.009069030197300657,0.008235774508589071,0.008672883303183906,0.008876802039361201,0.00851263226230171,0.008296981243097811,0.009217544832817375,0.009540706345055845,0.010163443849321444,0.01011107899427304,0.01037578432206794,0.009799742412183165,0.009549438990741942,0.01022453271473098,0.00967459853293799,0.0090369947369557,0.007664330927464282,0.007509751812544736,0.008072538232462333,0.00823285980873778,0.008815630784588756,0.010081986223242592,0.010122715865700124,0.009718255153253101,0.010276891629284718,0.010788701061239818,0.011814439035917276,0.011852194009050345,0.012537344275365387,0.012644719346749496,0.012421250146114986,0.01189865971156205,0.0121657956098271,0.012627307956217287,0.013216225018615186,0.013036395508107984,0.012656326772019628,0.012636013689377957,0.012363198026906013,0.011916083793386063,0.01194221934688788,0.011396134730869582,0.009042819442443853,0.008486406919586067,0.008445610574932693,0.00920007366751924,0.009249574509771638,0.009141834245237788
2021-12-14,0.0,0.0007535664335549012,0.0010403521327356131,0.0036003951858214985,0.003424150384225822,0.00272753501057297,0.003424150384225822,0.004411876096297074,0.004079854965154557,0.003606173178027099,0.0023226392367807426,0.0013357423105535568,0.0009708358789384886,0.0004898827712864976,0.00045220800019243077,8.697895984435242e-05,-7.248824606262956e-05,0.00026091418680450985,-0.0004031012752273793,-0.0009659748466367663,-0.0010820706606423933,-0.000313186911347022,-0.0001507814541667913,2.3195129024108252e-05,0.0007303882395987954,0.0008202007488034329,0.0012691423403542572,0.002351565800914436,0.002209817640871707,0.0009389726475117201,0.0009824222568340971,0.0023313172938793317,0.0038488187087626453,0.004397442686995517,0.004102955655288864,0.0047697580164013185,0.00456197120492161,0.004004774036541544,0.0034357083720960345,0.003273884384226206,0.00431372480466267,0.0042069021575826164,0.004761101094542936,0.0048274689136775855,0.004166479801704458,0.004717815361081123,0.005395743350707933,0.00576192173557053,0.004628352240749783,0.004160705046048915,0.004458061606178762,0.005188086583523764,0.006485234481704204,0.005960812846225806,0.005600473777680627,0.003993222624092487,0.00249329387126349,0.002539568074849425,0.0020940899595492347,0.0025424601414767954,0.002195352413109303,0.0013473244613013617,0.0010635231434850435,0.0008781400226665749,0.0016802539397809248,0.0020651559464574315,0.001741037790977628,0.00255402832434673,0.0029588304394718217,0.003328791886772385,0.004362801654689378,0.004048090644857831,0.004365688453215317,0.00474955841548725,0.003588839101253972
2021-12-21,0.0,0.00317306595191957,0.0036140500687395862,0.0008039198246546088,0.00034077355926991797,0.0011205286481405549,0.003509780839537333,0.004438883250569989,0.005393886603187428,0.005161913582393657,0.005295750738464789,0.005108373704094978,0.00512919510849941,0.006160798838247004,0.007280385331877509,0.007704728385473366,0.0073664554731599,0.007728462539218341,0.008463942042708186,0.008366107013242361,0.009139631760887819,0.009817825777017371,0.008615122809245349,0.009195918634359512,0.00786195665900054,0.008114063607068685,0.008277157770586494,0.008297913301565785,0.009213692778312733,0.009323293018950513,0.00986815372280418,0.011323607344582019,0.011022040971086148,0.010897840144103681,0.011613261948272998,0.01144184384728397,0.011158052751098579,0.010028002163142036,0.009764534602911495,0.010392006032112877,0.011471400788733755,0.011341343711228616,0.01180828818878525,0.01154528932052841,0.011093005946943325,0.01099542780673482,0.009216655104924048,0.008899636381869188,0.008398719753263827,0.009832628376946258,0.009243315649541247,0.00890259963896263,0.009163331883240757,0.008345352897626414,0.008197096686902317,0.0089322317269604,0.007909416940686113,0.005441464162051222,0.0037361801970539456,0.0038612736450007,0.0022577013299065972,0.001048852409678801,0.0005589272329613213,-0.0017744959089499,-0.002104006917598872,-0.0012834264756390117,0.0012459497047087678,0.0029644246234883224,0.0027944988091123737,0.001111569399284161,0.0016251034202552502,0.0027795916583009585,0.0028660500398241277,0.002594724523573041,0.0028928804315048995
2021-12-28,0.0,0.0003406951670258523,0.0004455011014666368,-0.00013398032256865607,0.0016150884752363162,0.0010071901413253631,0.0004222118430535854,0.0007074678913975896,0.0007074678913975896,0.0008413355314236393,0.0008966234578641239,0.001591826440040042,0.0015104050552497594,0.0017459273415443197,0.00046296768934001975,8.445663084228246e-05,0.0008442454984972514,0.0009053528510402973,0.0011439267620783251,0.001213742506720653,0.0013010053336843465,0.0013824437691806277,0.0012486485512875622,0.0019116320009863895,0.002263300029994597,0.002298169458517015,0.002719412305433508,0.00309692750490368,0.003004013908674217,0.002716507789928588,0.002719412305433508,0.0026148444320745427,0.0025131707377313156,0.0033175627029189566,0.0032653113973501696,0.0035236384553530894,0.0036600314414825005,0.0035555618855572695,0.0037354748893998796,0.003764490084659656,0.0038138139845656565,0.0041822155754697304,0.003996581343984338,0.003242087718485948,0.003453983797314823,0.0028501067724515054,0.002696175945175945,0.0021819333013860277,0.0019116320009863895,0.002132528843059674,0.002559651423562179,0.0027629790256942194,0.002588700755139087,0.0026148444320745427,0.0027106987336097737,0.003340784629062652,0.003541051361799778,0.0035149318884248226,0.0034452766239098523,0.0038805424476161744,0.0038718389875556877,0.0034017396196261026,0.0036919505179213363,0.0037470810685299935,0.0024521615587362977,0.0008995332640563721,-0.0003874269799588771,0.0006143320060737252,0.0016616109223256208,0.0018593071801140952,0.003343687331914302,0.003532344946477487,0.0036861471252579723,0.0037441795363758286,0.0037354748893998796
2022-01-04,0.0,0.0005834388503523614,0.0023882432870605402,0.001257085426502331,-0.002144085586468068,-0.0030956482803212184,0.0003512369809334535,0.0012061532257390767,0.0016022242068358414,0.0023571535493565965,0.002645403141585794,0.003585875282697799,0.0041644050712456755,0.0028488234283754192,0.002854473401255507,0.0034955379857539454,0.0035830523656929973,0.0025465033312514337,0.001879380584196538,0.0020320665857316146,0.0031002163299683034,0.0032611875800036064,0.0030409046002089907,0.0024702025081547265,0.0018624140337502866,0.0012655738744322554,0.0009288101704144774,0.0017549525289030023,0.002334542223907787,0.0030465534879431746,0.002958992141984394,0.0030352556805649153,0.003492714813722573,0.0032753066290010326,0.003992292159107882,0.004325205122371024,0.003893525472748588,0.00407976307860976,0.004136191869722615,0.003921745521401758,0.004432390793442072,0.004556486166536183,0.0039866486112348975,0.0040995135177050055,0.004429570265072519,0.004037439395540101,0.004220829086450077,0.003300720414851905,0.0027527690049952464,0.0026708329405080553,0.0035435306908721542,0.00328942547865395,0.0025747614180114467,0.001684247872123501,0.0011976642734031649,0.001907657528591744,0.002862948300721976,0.003376957897470569,0.004133370505790677,0.004051547488930347,0.004330846759912916,0.004655187399394585,0.004793352760994256,0.005213371005544825,0.0055458777714578935,0.006387921424425689,0.006590581906888232,0.0066440549079607,0.0070773621746065074,0.007710103611173499,0.007839414804361889,0.007811305097797332,0.00816823967997533,0.009333713155558716,0.008794674988712609
2022-01-11,0.0,4.1702287376611265e-05,0.0017805288234372131,0.0016112233501641004,0.0006392440462261075,-0.0007314628051910365,-0.00011955619642035357,0.000803158205581568,-8.619023859170005e-05,-0.000244688454428475,-0.00033089978626608865,-9.731210083654585e-05,-0.001076520689291336,-0.0006034877323347575,0.001280856376083079,0.0010864718662501897,0.0025184768621080273,0.0024879710056745536,0.0026848560628733773,0.0019692290126973235,0.0019997506976631736,0.0021440224170496385,0.002146796669215431,0.0022799517229237067,0.0026377180997515497,0.002585031864295668,0.003023075093412868,0.0033694923800511316,0.003690860301987454,0.0030840532383102684,0.002585031864295668,0.0034387614391142517,0.003347325267732225,0.003000900300607668,0.0029953565255742077,0.002149570913684548,0.0021800870948919886,0.0024103155352237196,0.002238342673226906,0.0023659382730159117,0.0025462086513369626,0.002867841216634179,0.0028262566217798577,0.002754172560643447,0.002956549239778438,0.003405512889579034,0.004025970275198873,0.004059198202167074,0.004214247264430949,0.004277921165489274,0.004424632547095551,0.004798234139939547,0.0037047100461136875,0.0044274004794914905,0.003314073677887615,0.0032780498744627963,0.0029510052188665404,0.0028983354871789263,0.0035855959776318136,0.004111806828609505,0.004419096659318996,0.004394184785072918,0.003785034779665794,0.0029676371893950252,0.0023936742926770507,0.0010087074811884914,0.001280856376083079,0.0024990641520516235,0.0026266264913849193,0.0026155347599933695,0.003383346575725277,0.004039815378947413,0.0034249080111525133,0.003483091118950201,0.0036548500695374655
2022-01-18,0.0,0.0006137940163649833,0.0005374312824327905,-0.00010915838893060306,-0.002748958575759942,-0.00413723729232591,-0.004156418343639784,-0.003058210830908446,-0.0057277733913830885,-0.006416876664712805,-0.005055600367950057,-0.005162569107123602,-0.007095462101165907,-0.007463794330001876,-0.006504764607642196,-0.0055603737793042075,-0.005329902134527542,-0.005582326230296293,-0.005527446006371245,-0.004904766461847577,-0.005146111633235746,-0.004954127781230629,-0.0052503468758143155,-0.0055247020742342084,-0.0048307290509841195,-0.004625098332868789,-0.0047073455461054655,-0.004024898522317078,-0.003551022633320879,-0.003455179093718226,-0.0038331297838690567,-0.004153678170926732,-0.004065996608385021,-0.003896135455770134,-0.0038386083803623725,-0.00367426354069434,-0.00367426354069434,-0.0033483928263306553,-0.0035564996844764797,-0.003561976765630557,-0.003729042152946636,-0.003729042152946636,-0.003436011488066395,-0.0030144170884798265,-0.0026066799282616973,-0.002595736255346003,-0.002357740994978844,-0.0012123265591779508,-0.0009473459326283235,-0.0013571394570687004,-0.0016058293952899896,-0.00131068775248788,-0.0016222287076124262,-0.002535548194997621,-0.0035236378275048455,-0.0033483928263306553,-0.0035564996844764797,-0.004139977419988425,-0.004203002428606574,-0.002691497454349379,-0.0028994676387420937,-0.0038386083803623725,-0.004559305432447242,-0.004973324507915278,-0.006480045342956649,-0.006947068054242921,-0.008187109731164108,-0.010464980535972609,-0.010829039131362541,-0.01136709560164169,-0.01191648776412198,-0.012875195709318102,-0.012938773684270297,-0.012151244784780232,-0.01161552703446407
2022-01-25,0.0,0.00017221618518401932,0.006426093433745697,0.007057296722801382,0.00771756899118413,0.013423693418640614,0.01421738260653318,0.015779489837824352,0.016664770139429956,0.016454477481373787,0.015206415541772537,0.01144992077638677,0.01276131557528681,0.0121982425896721,0.011532116819867844,0.012503279812444403,0.012154239157397368,0.013148244420383056,0.009986875619327235,0.010430715873518136,0.0101515016100276,0.009904552459718038,0.011082891725587858,0.012368370978350732,0.01348521952990204,0.013816223632395347,0.014776394194971261,0.01433740620155956,0.015139145491982087,0.014442780896509305,0.014940233656071998,0.014729577989533293,0.012931348204371692,0.012532605411641973,0.012749588121317174,0.014170540222364239,0.014111984156378357,0.014735430135076158,0.014972413253332425,0.014571557112891011,0.014258367892821061,0.014504244341145068,0.01234490671442366,0.012699744907533587,0.013139452245418735,0.013224440032138875,0.014934382708949926,0.01593147485005643,0.01717863276256088,0.018383422310812754,0.016869178946073086,0.017604704880252266,0.017161119065389804,0.017948931933479594,0.01745881021010942,0.020593773415820332,0.02152130533169705,0.021396327674923596,0.02174796913213394,0.02153293036620898,0.020125319146283786,0.021646267371007628,0.021489335789948494,0.02162592577753371,0.022131437022850142,0.02272958568352533,0.022973388309094026,0.02461750314112939,0.024133538446615258,0.024200206176125363,0.024965117640154178,0.025289448854663905,0.02630230644377801,0.025523944292486167,0.0249013973605745
2022-02-01,0.0,0.0009154811349375114,0.001884405604627105,0.0022642878457022914,0.003211936065138885,0.0024927189533015264,0.002838121886380315,0.003494344180971932,0.003751009641769258,0.004281242928325485,0.0052155934802825795,0.005537286556549708,0.005306702908463062,0.005406344341730974,0.006009674629282916,0.0061917405661024915,0.004420881265260448,0.00409597830578529,0.004053220056643578,0.004087426802217259,0.0038821687750524897,0.004808346761462574,0.005338019857340941,0.004395234869218811,0.005520208109549236,0.005653981472056736,0.0028581002241547873,0.0029979374139404444,-0.0008934017723497168,0.0016615503710355596,0.0029208866874139735,0.003317491866455589,0.0051358659207009615,0.006908303143858699,0.0055828276559765095,0.006203118586611462,0.0048482243941038155,0.004905189682320685,0.005548672025844388,0.001921543315548575,0.0029494246857606214,0.0057478967576923175,0.004198590645009243,0.005093152113171444,0.0037766725649772542,-0.004345644206126515,-0.0037277845957813145,-0.011529272262911753,-0.012888127556918132,-0.006152558155800838,-0.005547971919071725,-0.0022350027785382745,-0.0009822128640539329,-0.0013490002690189273,-0.00015743275864725043,0.0017758413101742051,0.0002632866777840733,0.001547246367984822,0.0016301180726318583,0.002912325129096068,0.003500048573639725,0.0041586870975787015,0.006080798081133059,0.006237251871403112,0.005924319809244445,0.005730821907239185,0.0061376932006851044,0.003916381372134191,0.00430404235606099,0.003180552461927968,0.005041893135720019,0.00498778358665278,0.005275384978803402,0.006166139546611572,0.007090205559398953
2022-02-08,0.0,-0.00133404502175335,-0.004397475492344523,-0.0008176164906558286,0.0008893408600956093,-0.0008901324913431717,-0.0031814435045711053,-0.002431615668265327,-0.0032454083355657605,-0.0030593401875700413,-0.0032047029697208217,-0.003920195744973344,-0.005070128113024868,-0.004848772542261628,-0.006480964383992437,-0.008679887418542044,-0.008522034683123236,-0.009680200465366297,-0.009803114943383132,-0.010704949711087161,-0.011273406249726343,-0.01216776758144592,-0.011938969532857986,-0.011927237710583193,-0.010356417132210796,-0.008802678997532992,-0.0096246012595426,-0.008750052188839662,-0.008048625926740173,-0.006343874395867862,-0.006061003399194404,-0.004412030283127011,-0.004321793994978914,-0.004167537909197887,-0.0033268240383736514,-0.004167537909197887,-0.0042024617316136804,-0.0023589878032457883,-0.0016562225966274143,-0.0014617426339815776,-0.0011019093141769745,7.534943303122393e-05,0.00013910221137005145,-0.0016707375433940616,-0.002475194919319206,-0.005306100502437226,-0.0064576285906764305,-0.00717545343722845,-0.007654289757352651,-0.005562528692293741,-0.00569951160024697,-0.005708255827235609,-0.0029459718843541267,-0.004362544858757393,-0.0037630924958131397,-0.004394564559608752,-0.004781793013218992,-0.004813826141300437,-0.004330526183134449,-0.005419736700641946,-0.006833984680490401,-0.005545042863100596,-0.005813192515530001,-0.0047206417088572995,-0.005547957146733401,-0.00521287018853321,-0.004481896227873763,-0.004318883282538457,-0.0038911006885123034,-0.0002202847479111303,0.0011991207885440865,0.0009356691948028653,-6.376164739062147e-05,-0.00047831148265179487,-0.001394989575288048
2022-02-15,0.0,0.003192649877124358,0.000130149790760893,0.002225003983591226,0.001067319577241195,-0.0015453437023756306,-0.0019424266297678636,-0.0013113164326873348,-0.0015838597672829457,-0.0031850699123535226,-0.0036807784814913455,-0.0023663532938404687,-0.0021202760747535917,-0.0011010348470999272,-0.0004941318248937019,-0.0009825858185396057,-0.0020669179199846303,-0.0018416593162280904,-0.0012580014239072595,-0.0020076344203436678,-0.0009352101352846563,0.0005737149976822548,0.0021630191403412937,0.002272227952125134,0.0023460109386873153,0.0038617838158314633,0.003065847177531421,0.003938396136898176,0.005413511564943739,0.005851799073853456,0.0058870890397434705,0.006792438895822092,0.007209564553628787,0.00868279862699088,0.00830149203133981,0.009808271356361498,0.009843421976773773,0.010189003949034351,0.008207609642433434,0.007541378300516183,0.008811823317803655,0.009849280293386362,0.0097877662571822,0.01129230944095793,0.010827138043243513,0.01143269603075947,0.011570138805799369,0.010859326680364715,0.011625695417269738,0.009948866425221223,0.00945962747497268,0.010156793727557062,0.011599379512373801,0.013684959104090205,0.015040879653697693,0.01639496417199999,0.018421207174183128,0.01883641421021294,0.019767825016626918,0.0217380463476473,0.022374640705192426,0.020938836248959605,0.021031531031178788,0.022146092089158635,0.02212005159039493,0.023611946197044167,0.02412607611571038,0.02476115256272992,0.023770834786144408,0.023915257053998357,0.025372753967706003,0.025251617360075144,0.026119438966209812,0.026352843810852178,0.026133848250400226
