date_only,09:15:00,09:20:00,09:25:00,09:30:00,09:35:00,09:40:00,09:45:00,09:50:00,09:55:00,10:00:00,10:05:00,10:10:00,10:15:00,10:20:00,10:25:00,10:30:00,10:35:00,10:40:00,10:45:00,10:50:00,10:55:00,11:00:00,11:05:00,11:10:00,11:15:00,11:20:00,11:25:00,11:30:00,11:35:00,11:40:00,11:45:00,11:50:00,11:55:00,12:00:00,12:05:00,12:10:00,12:15:00,12:20:00,12:25:00,12:30:00,12:35:00,12:40:00,12:45:00,12:50:00,12:55:00,13:00:00,13:05:00,13:10:00,13:15:00,13:20:00,13:25:00,13:30:00,13:35:00,13:40:00,13:45:00,13:50:00,13:55:00,14:00:00,14:05:00,14:10:00,14:15:00,14:20:00,14:25:00,14:30:00,14:35:00,14:40:00,14:45:00,14:50:00,14:55:00,15:00:00,15:05:00,15:10:00,15:15:00,15:20:00,15:25:00
2015-01-14,0.0,0.00034955468295140877,0.0005983872647949386,0.000937495173324323,0.0012897324102481914,0.0015299051190549348,0.0017285006281993695,0.0018801288265212338,0.0019216420621800598,0.0019126175923300831,0.001899983197717267,0.0018837387415135901,0.001845232309731472,0.001622587931454931,0.001504024617754244,0.001237356264018734,0.0009886826474593787,0.0007616311807824885,0.0006989872201218308,0.0007363331305982951,0.0007465728946741559,0.0006664590003823486,0.0005821216509348029,0.0005664582171603654,0.0003284643297684573,0.0001518904944787068,1.7480636428269665e-05,-0.00013141594673059368,-0.0004322908679403259,-0.0006403635457632215,-0.0007923744329308858,-0.0009124311070648803,-0.000995694953347425,-0.0012038849054041528,-0.001292001533249804,-0.0013740897612404624,-0.0015419087248148753,-0.001689830082845732,-0.0021107709613632708,-0.0026479241170022667,-0.003185365961230919,-0.003591208036172652,-0.003996004486268176,-0.00434163306005652,-0.004636510520022527,-0.0049236000339604276,-0.00521561948380383,-0.005411356596760963,-0.005281668901517402,-0.005133821206187663,-0.005038095422920001,-0.005133821206187663,-0.005093227508202164,-0.004910879133247934,-0.004901792874669168,-0.0049290518980891675,-0.004865448665933218,-0.0049381384043548585,-0.004758846606474112,-0.004470593406745125,-0.004026264913559842,-0.0034756684100353884,-0.003092245112675608,-0.0028093076883238216,-0.0026134748177550488,-0.0024623954155729194,-0.0024738766487420404,-0.0023723629464198178,-0.00248112802181989,-0.0024889837353254717,-0.0027379814001438573,-0.0029634623843775207,-0.003023317082581016,-0.002994296175433789,-0.0027724349888965097
2015-01-21,0.0,0.00035190009160636354,0.0006703434237432391,0.0009473181489844309,0.0013017568656746021,0.001635400396788743,0.0021215970427694492,0.0025685516057183397,0.0030841085031629296,0.0036102873450307663,0.003758117846743318,0.0037191568896279867,0.0037810353477512994,0.003919102177472073,0.0038870219585904254,0.003798796049792057,0.003723167646477771,0.003595388485366062,0.0033506716035228952,0.0030193200703407066,0.002824929582820786,0.002662621853318511,0.0024394774145545923,0.0021629157286345534,0.0018162449413020164,0.0016124336698333675,0.001445334852314578,0.001399392139423898,0.0014258094572405023,0.0014217894756348769,0.0015107995714482901,0.0016813322683482,0.001876519189148043,0.002084293984976187,0.0023993176014415296,0.0025783032010364177,0.002659753988744971,0.0027658595007391137,0.0028312378319749008,0.0029682890575218716,0.003048561387177065,0.003089268463362424,0.0030026922735377375,0.0028180478110857183,0.002701623994999996,0.0025989533242783596,0.002561094439252373,0.0025186448939723137,0.002484225020852201,0.0025020087698905415,0.002499714110366247,0.0025444590213573887,0.002754389177333199,0.0030009721408469307,0.0030881218078411803,0.003251506965207648,0.0033730252793709972,0.003426328182299583,0.003394805303421563,0.0033248782796935694,0.0031884491905073064,0.003064041738168239,0.0028358256245468744,0.0027515215759242187,0.0027171097175941604,0.0026654897096678705,0.002731448135808867,0.002771594613104218,0.0028375460413350376,0.002963701872625576,0.0032411886923489042,0.0034435220610500613,0.003640657410004916,0.0037598366775373096,0.0038543678217525202
2015-01-28,0.0,-3.930362952678717e-05,7.804119961700888e-05,0.0003031475155857175,0.00022119447351016592,-8.478547175130791e-05,-0.0002397761726196043,-0.0004301780644079266,-0.00044422093729916753,-0.0004211907292482728,-0.00027291135941106084,-0.0001111771187404884,-0.00014037719937968536,-0.00028245898987165396,-0.00025718604913055874,-7.692426473029184e-05,-2.975832033019177e-05,1.347517451791047e-05,8.42200535267038e-06,4.1547871575977176e-05,6.737405685900486e-05,0.00016169011114943303,0.00046703345358497183,0.0007459145530056896,0.0011755870941736154,0.0016084385039424399,0.0021834149407058715,0.002778217992745663,0.003344688126594865,0.0038549082036340725,0.004333562255498012,0.004722020631199595,0.005004187124152658,0.0052818059385483975,0.005422540966556209,0.005542038496338319,0.005550972317383851,0.005763127113017557,0.006028815423122734,0.006352457899223657,0.006362500300473472,0.006270999140185948,0.005949562852953868,0.0056447726199586115,0.005322017967647255,0.004918148749867414,0.0045560360193247895,0.004081402754052701,0.003580249700037976,0.0029422586561625623,0.002424851303371059,0.002164926691248273,0.001995154966573462,0.001802936345601375,0.0015495772340522094,0.0012647518642787152,0.0009871372728675646,0.0008766308307062691,0.0006449203208125681,0.0004311155462032352,0.0001970563382585593,-0.0002369681564073363,-0.0004610726450795857,-0.0006464601757711074,-0.0009223579762108132,-0.0011016480610222055,-0.0012697265782569509,-0.0015002480751262488,-0.001644210402233368,-0.0016228396843902964,-0.001370362354697769,-0.0009453997292733978,-0.0006908459261547207,-0.0004751159518292443,-0.00018586363895346908
2015-02-04,0.0,1.8257878845828436e-05,6.846743631631358e-06,-6.504640264306964e-05,-0.00011754307596379703,-0.00026021100063290296,-0.00016490656996034632,-0.00011240741022035353,0.00011182427625402541,0.0002709811445083045,2.73866932638507e-05,-0.00032698658191193295,-0.0007425793070289473,-0.0010903713309065915,-0.0013565796181829468,-0.0015342816683093401,-0.0018091820900781367,-0.002212239269909412,-0.002634909137009716,-0.00297077020468637,-0.003170509399760392,-0.003126437436533307,-0.00291869576798692,-0.0028013951581466793,-0.002815699373913972,-0.0026566480062804564,-0.0025450982917463497,-0.0020750100757841966,-0.0017863184670158692,-0.0015668542788039854,-0.001313158837676044,-0.0012114701774166151,-0.0011560599230206981,-0.0010640971022105826,-0.0010486755938324734,-0.001163485861423753,-0.0012805944895215367,-0.0014599972274369824,-0.001498281596305443,-0.001538853198760664,-0.0016445756705133227,-0.0017017276066650085,-0.0018383339676468213,-0.0018966402724040767,-0.001742307464258292,-0.0016697221200075165,-0.001450854908384931,-0.001172625553621853,-0.0009241699041043128,-0.0008196656269005574,-0.0006683536518676654,-0.0005667305365180206,-0.0004896637112649663,-0.00038235091491012086,-0.0003966205697188208,-0.0002933128682089442,-0.00028189830733839377,-0.000333264857338233,-0.00039833294197929,-0.00036066142957210095,-0.0003178546152914701,-0.00023110509136066055,-0.00014721632781203152,-0.00012838512359291085,-6.219340152842849e-05,-5.819921364232424e-05,-9.70005712382804e-05,-0.00015406412635888742,-0.00032527433181841787,-0.00047539272871034894,-0.0007311596168564395,-0.0011937614117770521,-0.0016640069623232773,-0.002227678732776593,-0.002799678666004368
2015-02-11,0.0,0.0006804881234027595,0.001022015394702618,0.0015038017536220913,0.0019987454769799136,0.0025231185038639714,0.0030326782866578936,0.0034606009438430574,0.003849990943183974,0.004186952425284624,0.004160812924576479,0.0041096937040871456,0.004319962855182856,0.004462247003836264,0.004614381532860971,0.0047072767337874915,0.004989973406496118,0.005074128436361395,0.005024797036421808,0.004984169350273357,0.004977204438338778,0.0049557289878251025,0.004810031997254955,0.004621348972274818,0.0044274037780235925,0.004243876084863836,0.004046371955514439,0.0041236355688349146,0.004234582647482729,0.004301377308232824,0.004357713684035794,0.004393720839009731,0.004367586742636787,0.004555736993942734,0.004682892578842522,0.004868661625493294,0.005034663511098741,0.005065423072028656,0.0051733642337545935,0.005367164820520954,0.005492476940687487,0.005570789042296396,0.005646774922880433,0.005555707188434691,0.005574269437808686,0.005593991450243382,0.005860200555876968,0.006090393991857606,0.006343719469784759,0.006484556907970252,0.0066346457591130795,0.006656085184769049,0.00660567283199377,0.006645655251323541,0.0066850566513531285,0.0067128684696394665,0.006510056216302815,0.006332127027593217,0.006102568995358338,0.005972114814595234,0.005872378362288897,0.005975013981287649,0.006294450662349249,0.006441090679049762,0.006589447626135904,0.006815997210320321,0.007022222790553668,0.007279944973838997,0.007405596647299298,0.007482022201030931,0.00746754811268845,0.007415439659933058,0.007266626129092137,0.007238250607436633,0.007238250607436633
2015-02-18,0.0,-0.00013206554210974073,-0.00024430662246297446,-0.0003610960693652253,-0.0002777546333440788,-8.785281768048417e-05,0.00025841257751669285,0.0006561014552308745,0.0010904326528990568,0.0015449476273131152,0.0017197931313856546,0.001959095185179251,0.002193250268177942,0.0023532812568522305,0.0025539906379757203,0.002776137430436632,0.003031008449280062,0.003140057577715431,0.003316319105082531,0.0034140404744230387,0.003391446786872494,0.0033705471713964185,0.0033937061785991375,0.003468828046920762,0.0035145761943408175,0.003509493170201166,0.0034699576560082834,0.0034987622566133745,0.003532648959813294,0.00351118751445177,0.0035857358195287973,0.0036049367556315404,0.0036179254151201047,0.003502715764490356,0.00341742948352774,0.0032937232095130715,0.003142317537499531,0.002995974599231564,0.0028292644651014857,0.0026998330278333598,0.002615608816149146,0.0025839522447227152,0.0025387268327822722,0.0025517293482037887,0.002594692979496327,0.0027190509814723784,0.002872216174388349,0.0030197073414323654,0.0031688716823912244,0.0033242275479100285,0.0034061327418466276,0.003293158305581915,0.0032496597445583523,0.0032259324591959668,0.0031666117826179164,0.003171131577057397,0.003259828408802637,0.003456402262740643,0.0035501566398963395,0.0036839955494388605,0.0038968585147689623,0.004198854200501317,0.004452234415232592,0.004896200364075363,0.005290358150143254,0.005619549722880705,0.00597060555647837,0.006117077168288395,0.006320974997032353,0.006354203023805949,0.0063457553250576134,0.00641108233746255,0.006364903339775182,0.006140735954514893,0.005936801368361461
2015-02-25,0.0,0.0007853880588407604,0.001648204323966201,0.002621255885073062,0.0034500794212747646,0.004245831511474411,0.004834848492135836,0.0054473534321857605,0.006155892376867047,0.006870163139650964,0.006941562163894579,0.0069279627427763,0.0067613548229611825,0.006663303855082913,0.006597553312617158,0.006553906168593193,0.006522161594503435,0.00648588084727461,0.006423520237390575,0.006362856639980848,0.006359454833962115,0.006345847494162723,0.006370227179989087,0.0062840451623809015,0.006237549147421079,0.006212032122886307,0.00619898983667542,0.006258529324273417,0.006350383294669258,0.006429189544442384,0.006539734608250119,0.006659903070975319,0.006717148062266957,0.0067738230431683725,0.006802159329144541,0.006776656707898836,0.00682879470585664,0.006760221340688307,0.006738118179566992,0.006641765360407359,0.006546536982278729,0.006455267942912718,0.006506855814785456,0.006505155158133731,0.006555606742338279,0.006602087971582354,0.006580548158354483,0.006501753836153118,0.006409913769328902,0.006386102004728558,0.006350950268285867,0.006341878651842829,0.0062358480327088925,0.006179142553016493,0.006062886266185052,0.005876280847904079,0.0055738948041481875,0.005234523534400573,0.00490809635641135,0.004397520931371452,0.00395886536952065,0.0035120571417256996,0.0030917842880375216,0.002526212997610072,0.0020149891176726473,0.0015667416183170176,0.0012943915316809013,0.0010071470647183987,0.0007967907494196849,0.0007278024850943819,0.0006126213883518149,0.000548182611582544,0.0004227146730387589,0.00037423420766243676,0.00030236472261634123
2015-03-04,0.0,0.001002370584707618,0.0018823626345107513,0.0026967878670946005,0.003434184480914326,0.004274441408883363,0.005170895501330762,0.0059981035117850036,0.006832349119687461,0.007719350745944957,0.0076752673202587695,0.007663144037494187,0.007784921246516577,0.007936433267907902,0.007963978441995083,0.007932576882987782,0.008017413916056322,0.00817439853381407,0.008266925290910757,0.008230025765285831,0.00803724491190339,0.007798145028165702,0.007592054558128559,0.007438836791843086,0.007377102136192402,0.007221646211768279,0.006929963334600647,0.006651434308007176,0.006440693475970399,0.0062464636462931525,0.0060991107416153295,0.00601411080227832,0.005804891864385864,0.005340479201373928,0.005010123485922573,0.004774719889239115,0.0047233215930536,0.004545894272152576,0.004336920795543941,0.004239606073574411,0.004146152909992446,0.004045501273516358,0.004040523731907412,0.00428937046682944,0.00450609316711382,0.004694581609212488,0.004707846319776713,0.0047559294206484855,0.0047542714211740965,0.004747086725019049,0.004718900110840031,0.004705082852919003,0.00482335240373205,0.004899059679651953,0.004785220291432158,0.004680211307540996,0.0047288484183290996,0.004830536551964231,0.00482335240373205,0.0045785078856858865,0.004368435465210562,0.0042357354058537985,0.003615128928419436,0.0028551636188796446,0.002089078919363667,0.001045084990924159,-0.00017993362497051684,-0.0018586518789819768,-0.0031245558694047437,-0.004028480759182324,-0.005114605167776445,-0.006311991390219009,-0.007195871373150264,-0.008021755384515793,-0.008690908113771231
2015-03-11,0.0,0.00039038572327055525,0.001054839099992982,0.0015130431831586165,0.001886218262489697,0.001955564184332516,0.002016309552946635,0.0022053988707086145,0.002393879604840262,0.002570870198166307,0.0027226332991210044,0.0028634946608535584,0.00288410685445538,0.0027552736734918907,0.0026143970657051306,0.002481519639207868,0.0024649087193605278,0.0024225209838444448,0.002289045161531249,0.002123464556199438,0.0019492602083288483,0.0017102528956881196,0.0014058227467259724,0.001308913103424046,0.001289415353979674,0.0011351403444185583,0.0009022489682629089,0.0004684445831342333,0.00012287311815754108,-0.00013322529853263953,-0.00033998935563561933,-0.0005715009579572046,-0.0007599668461892799,-0.0008927187150393532,-0.0008674312860511793,-0.0007369812995001413,-0.0006461935548639318,-0.00040030359282959056,-0.00011599689003530463,6.603182334331046e-05,0.00018660042501438326,0.0003295415039690033,0.0005172282765342151,0.0007651274471121217,0.0008798747736251886,0.0009068384847744957,0.0009630583526612012,0.001001492565769866,0.0009033963493653036,0.0006463500962638494,0.00042482420667196456,0.00032322726918699424,0.00023712008865594538,0.00015387609903921113,0.00010966785293111565,0.0002876372001900241,0.0003680000730454014,0.00042425024166708227,0.0005533840666729759,0.000892496175736953,0.0013043254318736404,0.0018781944570049353,0.00238872406949945,0.002596642914311508,0.002822841589293731,0.002744393667078355,0.0027884855924511657,0.0028640672275240396,0.0028348659093399833,0.002565715575228582,0.0023182624225181326,0.001674712157686544,0.0010565599085549011,0.0006124930984640674,0.00021587917739707
2015-03-18,0.0,0.0007481980863154386,0.0014424935305935734,0.0019178938664782838,0.0020526164284974434,0.001789460569051968,0.0013117044650612496,0.0007487720832775028,0.00041637269920302336,0.0002240013426473593,0.00012981201974127484,4.020906416256173e-05,-2.2977334009987305e-05,-0.0001355739029208121,-0.0003131115935183775,-0.0004452798542499524,-0.00044240644543606835,-0.00042976354474064154,-0.0005016003338854816,-0.0006924239048539753,-0.0008194682190587956,-0.0010126524944596414,-0.0011667667118011966,-0.0012541853320230014,-0.001308250671724565,-0.0011903459817133356,-0.0009954023810398024,-0.0008683357148538482,-0.0008332658582830313,-0.0006792030256366052,-0.0004452798542499524,-8.501877311543065e-05,0.00019069149849411198,0.0004404882886697099,0.0007332740496617342,0.0010035941912775413,0.001143030152956026,0.0013019519634728863,0.0015101758915637953,0.001760790170261989,0.001904707278842851,0.0018060890237213384,0.001732692381928624,0.0016323366926087968,0.001590471056633402,0.0015531919603662694,0.0015061609640632852,0.0015749860623094883,0.0016134113482170935,0.001523367682713812,0.0012801519101193898,0.0010472058819719443,0.0008566776591158505,0.0006867785076287015,0.00040316629662405436,-4.6529649304204216e-05,-0.00036942462965627165,-0.0006809274782305991,-0.0009965523793435717,-0.0011886206504282482,-0.0012478587279916306,-0.0012501593066447105,-0.0013105513893184166,-0.0014204168157859012,-0.001444577324400424,-0.0014865719784295502,-0.0015567587615966368,-0.0017943948532503453,-0.001970500636881259,-0.0022554433178403627,-0.002383262169913055,-0.002466180432132069,-0.0025571681033653743,-0.0025974817434909936,-0.0026953930647097843
2015-03-25,0.0,-4.385979019930328e-05,-5.087753515222088e-05,5.847672803316765e-05,0.000284164829206051,0.00028241097298791585,0.000429724173393702,0.000539610365310676,0.000664678890167606,0.0007196105878750038,0.0005337656591533104,0.0004256324330682983,0.00030579546965210966,8.011225075550132e-05,-9.941383846499868e-06,8.946800749897645e-05,0.00014209250830926124,0.00015963339318895818,0.00018126672746810498,0.00017541992651626636,0.0001982222569152739,0.00026545687095701513,0.00033736367275753607,0.0005144778864607185,0.0005577287373111817,0.00045544330065165807,0.00035899316252159015,0.00022628594980684494,0.0001280595788705446,-1.3450131153577048e-05,-9.649407782402956e-05,-0.0001707716191076451,-0.00018597872527172064,-0.0002666972370534412,-0.00039480738153387866,-0.00042698374074646046,-0.000521178671081196,-0.0006838467081068493,-0.0007716282234827759,-0.0007628497251854941,-0.0008307387851236049,-0.0009384343345920865,-0.0010935597215823776,-0.001162056701741343,-0.0011597148471797418,-0.00121943385171689,-0.001237584451931415,-0.0012024545562108592,-0.0012709589959987938,-0.001371674898773473,-0.0015549804488476091,-0.001682669983048038,-0.001779912399094945,-0.001895326814600766,-0.0019662224758452062,-0.002099238641021239,-0.002184214175444015,-0.0022252394317695875,-0.002170148760716201,-0.0021308838582889196,-0.0019427853374718287,-0.0017061010257833685,-0.0015602517124661507,-0.0015005123517650009,-0.0015169110365907965,-0.0015128113401733226,-0.001564351603379761,-0.0016627540283761044,-0.001730704211545507,-0.001729532617544993,-0.0018707195783142477,-0.0020347792589064306,-0.0021642882296349073,-0.0022803331379724428,-0.002487840934913763
2015-04-01,0.0,-6.656881642225416e-05,1.295978519766456e-05,0.00015727331690335472,8.600270619284438e-05,-0.0002403755526070677,-0.0003888716760705453,-0.0005320852534338684,-0.0006482034973025644,-0.0005839536656415392,-0.00048257700588020007,-0.0004354285725844208,-0.0003971221073028725,-0.0002774975162336556,-0.0002598202188327783,-0.00015494134794033469,-0.00011605647191339648,-0.0001089866569009105,-9.131233803920856e-05,-4.594968274902117e-05,-5.007347547184753e-05,4.12358623589918e-06,-4.771702040519198e-05,-0.00012783960800682453,-0.00015022794910253074,-7.010356774052693e-05,-8.777751175232245e-05,-0.00012666128814956988,-0.00017143841882680477,-0.00026689110029473,-0.000252160153669056,-0.00024096477936200416,-0.00015965476899426091,-0.00010721921095749333,-0.00015847641164799605,-0.0002203420495186079,-0.00018027624732533748,-0.00014610374334347214,-9.425803615639592e-05,-5.360816848390307e-05,-6.715794077425865e-05,-6.59796924170949e-05,0.00011250889848279052,0.000331599848606061,0.0007613969203560661,0.0010686180313343866,0.0013969224654516823,0.0017198265107631614,0.0020602626544930914,0.0025192857427150757,0.0029804475555289143,0.0034091079104232305,0.0035118416554667836,0.003680889073670105,0.0037800737347555217,0.00398369424902293,0.004271743520933015,0.004451805499104111,0.004625385049992306,0.004813004731378207,0.004978901560930818,0.0050246209377486604,0.005156492045360952,0.005271352261776032,0.005382683757278047,0.005612339052720917,0.005678530914836453,0.006074419071062778,0.0065918825982120115,0.006999109000067451,0.007496215267059126,0.008071964772899362,0.008769434225551234,0.009459998650751105,0.010103434562263976
2015-04-08,0.0,0.0007882903776800488,0.001836071842647416,0.0029795311387130156,0.0038656193535364252,0.004599113820062606,0.0050625199785485275,0.005389534764657239,0.005643486531274238,0.005987539995636382,0.00608573721535575,0.006003619732755837,0.005772735854259428,0.005436652861003132,0.005149312885840683,0.004991240699404935,0.004881437674997238,0.004859015679823908,0.0047670227448164135,0.004625567096963858,0.004520900038754566,0.004581286217009335,0.0047486231422473055,0.004999288614391212,0.00515506049454796,0.005285522326744814,0.0053090841029934995,0.005207936944711362,0.0052493165642200695,0.005365400245743357,0.005485492446818509,0.005650954724669613,0.005764694161529208,0.005911732037831819,0.00615004829726811,0.00635673448120473,0.006650040701600372,0.0070402169858981645,0.007308088137461503,0.007519122360770027,0.007632649523699029,0.007628636156894417,0.007548365438118693,0.007370600199012247,0.007179610715184221,0.007017843343195681,0.006930638727262277,0.006828507864259738,0.006646023389279857,0.0064996674369947275,0.006399214681993306,0.006403232985941855,0.006487613639172888,0.006650614602043089,0.006713167775847913,0.006672996462406838,0.006676439781077515,0.006780307654349791,0.00689965630920859,0.006900230066414498,0.0068853122720676264,0.006833672034671622,0.006716037093630354,0.006730383559048865,0.006759075872437441,0.006857771143981273,0.006847443025391453,0.006767109572662064,0.006767109572662064,0.006737843639726735,0.006765388070904418,0.006844000295490112,0.0069467033068729344,0.006914573889577197,0.0069312124666923
2015-04-15,0.0,-4.530039542355869e-05,-4.530039542355869e-05,1.755335157206179e-05,7.3611204304189776e-06,-0.00015686136856618346,-0.0003211108310184978,-0.00041060982364810814,-0.0005165461979077679,-0.0006508239326231587,-0.000816287963273595,-0.0009336026805393758,-0.0011302915627251903,-0.001393926672851522,-0.0016360786394213032,-0.0017722085347773187,-0.0018873662058944624,-0.002096158755936289,-0.002270375031411687,-0.002379914158414873,-0.00234131869280975,-0.0023668596430423392,-0.002356643184668376,-0.0023526701457106756,-0.002418511113687567,-0.002488897632200756,-0.0025218220592902354,-0.002500250760470304,-0.0025405554068350673,-0.0025888095848756155,-0.0027369928498057992,-0.0028051304559991025,-0.0028539652631880325,-0.002893148402631311,-0.002878951435614274,-0.0028153514973756535,-0.002725069246038406,-0.0026978158284297706,-0.0025899450053388303,-0.0023776437956734807,-0.002153470858083447,-0.0020121825983068693,-0.0019111935867333015,-0.0018192911031458682,-0.001749518931946561,-0.0017228593064446548,-0.0016893939741151594,-0.00162246666905419,-0.00170641010484019,-0.0018243965751056817,-0.001874318118871532,-0.001866943188472497,-0.0018907700826832714,-0.0019389929152960799,-0.0019157321998350958,-0.0018902027690806563,-0.0017994367377516312,-0.0016604672163800457,-0.0013865552844419579,-0.0011937844180995713,-0.0010719043700244159,-0.0009727106448814723,-0.0008395231186314473,-0.0006496907117430138,-0.00046555937629041044,-0.000313747346481622,-0.0002378499732872127,-0.0002537086498243726,-0.0004547958240576138,-0.0010668027384376604,-0.0018572991307861065,-0.0028874695916380976,-0.003781143231869352,-0.0047751779684524105,-0.005887529568000214
2015-04-22,0.0,0.0003051709815621605,0.0003605924364133448,0.0004374622728760808,0.000718076396638209,0.0010111179135454094,0.0013552724697258613,0.0016332485792611973,0.0017980929816941858,0.0017921423930021651,0.001611227594452196,0.0013528911842486766,0.0010938925429900997,0.001010522387790025,0.0008759244690899157,0.000838400581110555,0.0006269301249788739,0.0002616659673043175,-3.099913798774537e-05,-9.180793071952024e-05,-0.00011207835003767398,-7.21340931373172e-05,4.590080479231609e-05,0.00012935141608659561,0.00017345821175915142,0.00037668196091150187,0.0006710149799915681,0.0009354833048990259,0.001082578429556539,0.0010611408109416972,0.0010587588249487702,0.0010766235815958792,0.0011004427606806334,0.0010718596776955545,0.0010164776293853034,0.0008628210491569485,0.0007407127448956695,0.0007383299955248146,0.0007865795637450476,0.0007895578558671689,0.0007282032473575453,0.0006394408894493223,0.0005304132520266898,0.0003474822620834116,4.709300541571241e-05,-0.0001448696041957967,-0.00048715524072436397,-0.0008134493921274044,-0.0011553671722888076,-0.0015571058165620684,-0.0019410871704160294,-0.0025696298385043427,-0.0031728525245765995,-0.003757889590618656,-0.004428291377926353,-0.005388586573237381,-0.006120659586593643,-0.006912092947247117,-0.007567794844954444,-0.008145192420244602,-0.008817340101600344,-0.009071166292172009,-0.009269700867018558,-0.008972515284467998,-0.008359773667568562,-0.00730774438889625,-0.006169243587891631,-0.005086560298251216,-0.004142118495224059,-0.002909159390102231,-0.0013487546348182387,0.00011862244189564875,0.0014380186179847332,0.002397136017975996,0.003307802769770343
2015-04-29,0.0,-0.00012498796176906244,-0.0004263516801604844,-0.0004305798733297081,-0.0006746373174475313,-0.000965288356667546,-0.0012753689710444933,-0.0013267561373832345,-0.0012614646623105683,-0.0012632782568337325,-0.0012602556011224516,-0.0012814143829698848,-0.0015674041225432742,-0.0018595245834853954,-0.0023005885530781446,-0.0027969424805603625,-0.0033595729897931813,-0.0038497858604565243,-0.004313558131732287,-0.004714454908608961,-0.00513129109165599,-0.005416562991091895,-0.005508231451226022,-0.005659411704822976,-0.00574685168097834,-0.0056836998201636405,-0.005611444410008194,-0.005608408582692196,-0.0055841222959427455,-0.005529480307203738,-0.005480305070021795,-0.005408064354212526,-0.005381961849675688,-0.005445094657449434,-0.005458450185241749,-0.005371035422168201,-0.005233858213278635,-0.005108230110531585,-0.005006889470876265,-0.004824866209014418,-0.004635597157033155,-0.004557352150040623,-0.004321441088022901,-0.0039304001046735985,-0.003287485309334572,-0.0027412417195645396,-0.0022945369767031457,-0.001867388218378239,-0.0013720999477643875,-0.001003967628752752,-0.0006069718602749012,-0.00012981872795286714,0.00021008948802765155,0.0005251409852572518,0.0006253089779261677,0.0006699589463163195,0.0008105329894000614,0.0006898697759682593,0.0006621151773007459,0.0006542713467601993,0.0005142787926872811,0.00039720100583048477,0.0003338284448608404,6.88272797799044e-05,-0.0006849083674357504,-0.001435584736679011,-0.0019720409393082666,-0.0021190571903138737,-0.0024833634149021336,-0.0029592189042714568,-0.0034086440474206843,-0.0039049422728428956,-0.00442877675312952,-0.004827899658559131,-0.004850954175819805
2015-05-06,0.0,-1.3223625329314509e-05,-0.00013524987434861423,-0.0004346679953499695,-0.0009742076313682533,-0.0022059535971491657,-0.0035839828719796784,-0.00500197029818931,-0.0066857609350407235,-0.008352995743905503,-0.01024524721043751,-0.011889235220105022,-0.013648650062932149,-0.015106620267258971,-0.0164811674281823,-0.017362090369552368,-0.018151361705095456,-0.018744030507533916,-0.018974335454350608,-0.01900312730246143,-0.018693811472917016,-0.018699935610408676,-0.01887020164844153,-0.019115852300758317,-0.01934869415501077,-0.019280061447209094,-0.01924513410985434,-0.01939159198953467,-0.019624498063858454,-0.02000216634684844,-0.020525374440110072,-0.020986858906338293,-0.02127048293573745,-0.02161253491316369,-0.021808484530782903,-0.022019833738211456,-0.022195582499051375,-0.0223916464091384,-0.022604963350047948,-0.023104930306067376,-0.02333808768558568,-0.023425458805548343,-0.02343468859500148,-0.023520222029857842,-0.02358545388296405,-0.0236008393741385,-0.023714083872207893,-0.023799641209063343,-0.023906136465662187,-0.02374609007649024,-0.023632841954041535,-0.023621148584951013,-0.023488838409090086,-0.023253185037494854,-0.023138762437799443,-0.023189205196044685,-0.023061872884683574,-0.022822630414990653,-0.022563157021547462,-0.022199884429419652,-0.022100330211003962,-0.022137815512622165,-0.02226994704330006,-0.022552705712505526,-0.02269657450441564,-0.022744535368359884,-0.02288412686973944,-0.02314429871378639,-0.02358606929806624,-0.024214605798344883,-0.02452871425949881,-0.024794243648724096,-0.025246606853548858,-0.025564739491646483,-0.025901478455526164
2015-05-13,0.0,0.0011338791942325712,0.0020660486099191816,0.0030028615967704897,0.004156587939088861,0.00543545351769387,0.006965252537017017,0.008377596485164349,0.009733202873034376,0.011158046572789862,0.011447751394757209,0.011592268752575725,0.011932227232350368,0.01214646311658764,0.01233335099108178,0.01235943970180042,0.012232630047471825,0.012109445464928675,0.01172644474371372,0.01116958778295872,0.009963722659678001,0.008758837251849536,0.007079313753856591,0.005707887478577297,0.004611591796736102,0.003622428164893711,0.002425192503001412,0.0012338837037215577,0.0003574304108153311,-0.00042822487928213516,-0.0006648409388725943,-0.0008726175637662651,-0.0007355293239091531,-0.0006070645788532889,-0.0009008981936885137,-0.0011468504359222354,-0.0010798224535593776,-0.0010539963566558674,-0.001223722918962872,-0.001158534672503624,-0.0010207923549557063,-0.0009734478148945161,-0.0007834773335226571,-0.0008345014584162618,-0.0006500892104615355,-0.0003323652177530646,-4.11556885972538e-05,0.0004010257223001405,0.0011510585944141548,0.001811628051365776,0.0027192757343506104,0.003703212902986882,0.004628711556179363,0.00564742087795772,0.006607735773848185,0.007451294690769187,0.008275867116264995,0.009052890170708334,0.009523925178413556,0.009922366820653273,0.009990481408878166,0.010246477791059094,0.010515173088562597,0.010741258893950677,0.010783796208296814,0.010916257967752682,0.010805064186955567,0.01057595386629576,0.010455604341956682,0.01068474223443467,0.010905929011770132,0.010914435218567076,0.010885878380888489,0.010936915559661517,0.01114407545594763
2015-05-20,0.0,0.0007062971487978888,0.001283263556660245,0.0020101132914659807,0.0025928809058425126,0.0032919921579105064,0.003976337982765144,0.004817738753512037,0.00577779490973693,0.006669891898229395,0.00677667651849784,0.006786167932920243,0.006823539501525229,0.006742269386014705,0.006842521350725685,0.006965894588735809,0.0070862874491693945,0.006952846216045561,0.0067760833021052605,0.0066853170479871825,0.006683537235158032,0.006784981511044281,0.006925562704774467,0.0070441812496183824,0.007033506156744876,0.007037064533697943,0.006894719578251874,0.006936238950010391,0.006932680214262944,0.006971232510309237,0.00694691508126532,0.006886415497033042,0.006801591289221104,0.006665738932640986,0.0064978260214941345,0.006168444961131632,0.006050909780579858,0.00591495539692531,0.00577363823763991,0.005596072825252634,0.0053923385475030915,0.0052854059909528215,0.0051873744348137334,0.005126768302167392,0.005146970754508104,0.005337685558327604,0.00544936456920529,0.005465996546320101,0.005534303551289507,0.005619829222406238,0.005645960607448258,0.0055230183678738835,0.005467184534100444,0.005371547001464011,0.005261641647685325,0.0051927218584101415,0.005126768302167392,0.005114290113001965,0.005197475099823662,0.0051927218584101415,0.0052456003967169,0.005424416084853967,0.0055230183678738835,0.005649523925229651,0.005730882893215177,0.005698221329073878,0.005687531858202487,0.005791452424977953,0.005824110944237498,0.005887643553261009,0.005948797298843256,0.0059624524788321615,0.0060093536334701264,0.006030131922889053,0.005950578419851113
2015-05-27,0.0,-0.0005557542916915767,-0.0011196263238975597,-0.0016213132943743887,-0.002087176220682724,-0.0025400226205797775,-0.002774645216172702,-0.0028871632710770487,-0.0032879988923133247,-0.0036528628580971435,-0.003291008776471926,-0.002863094173510511,-0.0023818338396837946,-0.0020517028937649257,-0.0016633823212397901,-0.0012565889261126877,-0.0010277277258272028,-0.001176091088998092,-0.0011106162840102427,-0.001230756824558894,-0.001273410188188518,-0.0012980418324631373,-0.0013629280922795683,-0.0014867043002471365,-0.001664584319441605,-0.0018785630197605248,-0.0020847712096015146,-0.0021418917854406417,-0.0021966103441554033,-0.002182780096019325,-0.002249527842180192,-0.0023722109950505272,-0.002443181651119857,-0.0023896524691322486,-0.002344545832525079,-0.00226756853838335,-0.002277791744037879,-0.0023337205424823373,-0.002408297139899433,-0.002398674040611795,-0.0023950654022533873,-0.0023619868240880517,-0.0023812324091814535,-0.002372812420127471,-0.0022922246828912312,-0.002144898221920403,-0.001961522135391864,-0.00163814069274476,-0.0013473069412408005,-0.0012451746594206964,-0.0011538652158582887,-0.0011130189533756951,-0.001032532672038748,-0.001081184052771587,-0.0012175406585443862,-0.0013677346493849087,-0.0016104958306609372,-0.0019284578948757308,-0.0022026235551799523,-0.0023631896623048905,-0.0023722109950505272,-0.0023277065430946345,-0.002326503747557242,-0.0022399062706166387,-0.00210521398816071,-0.0019885755089940524,-0.0018010205043325854,-0.0016711953353775065,-0.0015479972203331408,-0.0013172669520048787,-0.0012139362799451362,-0.0010799827556109084,-0.000869777973338687,-0.0006392041196322006,-0.0004609061087435674
2015-06-03,0.0,-0.000540834044815262,-0.0014088435180367512,-0.0020422550865136784,-0.0025811530714501918,-0.0031964356507041365,-0.0036360680958390785,-0.0040899081539473164,-0.0046164988631353845,-0.005212295072115778,-0.005680277487691097,-0.005953724502627088,-0.006127719673326515,-0.0065271072843067195,-0.006988983560997302,-0.0071362667516985745,-0.007306800115069414,-0.007430898226094845,-0.0075855839346972345,-0.0075800808705605,-0.007372209515279479,-0.007323916180331045,-0.007160103000338678,-0.007094096318971752,-0.007081873337566476,-0.007154602277146326,-0.0075195491636977285,-0.007822855943706424,-0.008073642712043038,-0.00841934219861912,-0.008778629173924557,-0.0092580835236558,-0.01001232679029361,-0.010686173619571564,-0.011544621513913262,-0.011991625184575878,-0.012605352608734405,-0.013116772590954047,-0.013454379306938147,-0.01372565416200722,-0.014045003897288981,-0.014233954358056312,-0.014195792104459882,-0.014137320508867143,-0.013734882492119519,-0.013609384498692237,-0.013248358010987489,-0.012979671624484842,-0.012703067704165818,-0.012541443497301222,-0.012321479894860654,-0.012016191617739836,-0.011929597626510385,-0.011816606814876625,-0.01176809837270958,-0.011837484590239828,-0.0119001205317461,-0.011956004928437942,-0.01239889173448708,-0.012785426205853087,-0.013290788777358047,-0.013683820133587323,-0.01398038733961216,-0.014236416488944501,-0.014342293852278386,-0.014546693493689958,-0.014693246661963798,-0.01490572531866625,-0.014849059929008767,-0.014605804792277818,-0.014360761982442377,-0.014303511889087536,-0.014097315597489706,-0.01373242159576255,-0.01347959676910944
2015-06-10,0.0,0.0010013888255307902,0.0019532727252717236,0.0029371776014456095,0.0037519109052040877,0.004830163074976899,0.005672475075845673,0.006548123740326586,0.007482376545300389,0.008429349825132442,0.008607270818796163,0.00865545230735404,0.008786395394240198,0.008980925396474831,0.009173565436191317,0.009124791498751167,0.009187147628209233,0.009295181222440716,0.009319872976754111,0.009371723676379793,0.00940875824444969,0.009390858374470281,0.009334070459417115,0.009154426579774498,0.008953137712900676,0.008802453271772053,0.008748720130918214,0.008701778472596757,0.008751808320661483,0.008791336307098614,0.008856801097872504,0.008960547837353715,0.008984630362611427,0.009088363841758585,0.009295798523728931,0.009469862283353139,0.009595761863792539,0.009695112597573205,0.009711772934340735,0.009711772934340735,0.009681537303127862,0.009658705710496852,0.009677834918113153,0.009712389978520206,0.009637107778220475,0.009664259389114825,0.00978581551749804,0.009831472377819507,0.009909824563530945,0.009980151218534175,0.010057258094562673,0.010121406484614282,0.01015471267956947,0.010030117152264552,0.009983852484428787,0.009936351865215388,0.009816047996005323,0.009819132891401098,0.009786432515991672,0.009858618711986329,0.009957943335475141,0.010152245592058875,0.010344043488235578,0.010881621564051125,0.011417678820407466,0.011900500478918616,0.012455703490045487,0.012806393522414545,0.013255343325683157,0.01345453867549925,0.013586084219030632,0.01357563497209841,0.013583010922443512,0.013319901720156787,0.01313605304124347
2015-06-17,0.0,0.0007119436610338861,0.001167669359308286,0.0015989894070168986,0.002054311126967472,0.0021684192296346386,0.0022329093546068638,0.0023947364510780384,0.002395976404356561,0.002421395107749873,0.0020940023786488325,0.0019327468677022327,0.001922822602252941,0.0018589327854926908,0.001955696354332607,0.00205927261958277,0.0021646985186068697,0.00229615524535006,0.00252368335798787,0.0026879425941426444,0.0028732442102364845,0.0030281523190562325,0.0031427688725999426,0.0032932993068237482,0.0033428516939272694,0.0035379403530513133,0.003769520018419638,0.0038636226324368387,0.003939145956489381,0.004042516997648583,0.004150209591101766,0.0042609846982538755,0.00432472123741226,0.004361228687256358,0.0043952598554786735,0.004421865234902309,0.004493634356145004,0.00456477969403643,0.004608701679935754,0.004595092256771137,0.004570347376485473,0.004562923792997967,0.0046414872570066015,0.004734889328559401,0.004789936794642555,0.0047169518591956465,0.004460225233595289,0.00435875364802706,0.004171870493390488,0.004067893883082904,0.004031994685549888,0.004002903011182818,0.003993618256100613,0.004064799175435275,0.004331527812192161,0.004648910257296968,0.00515478159124134,0.005634442672913023,0.006124374218951118,0.006668392638838832,0.007087473992735507,0.007454565904023896,0.007839404976352823,0.008129786416915672,0.008351677173610739,0.00865546437948098,0.008848903468333117,0.00907802493019427,0.009218428269807417,0.008760197193845907,0.008483555572058571,0.008204371859043177,0.007903530425483977,0.0075705265984127666,0.007140540987360579
2015-06-24,0.0,7.038548582602826e-05,7.098195182452527e-05,7.75430543285005e-05,0.00019802110182326132,0.00026064009657030516,0.0004091208967550847,0.0007590667243011624,0.0011100818260240681,0.0014800339717811707,0.0017033687661560078,0.0019683280250103637,0.002272498043513353,0.002475425012817107,0.0025569412627102434,0.002628931840899873,0.0026330964265133317,0.0025634860748902214,0.0025254065672536746,0.0024099691993357633,0.0023349872752999956,0.002247501257384644,0.002182625730583019,0.0022076241384237313,0.002305230985264275,0.002436152038866122,0.002526001570712246,0.002558726215734641,0.0025129114128446864,0.0024403174274030687,0.002406398759010966,0.0024254409600996656,0.0024212755095956414,0.002444482798589626,0.0024224656400817757,0.0023700985587309592,0.002347484653082675,0.0023689083659199387,0.002465904433489733,0.0025985893364926273,0.0027038917284712962,0.00278360480901358,0.0028871033574497072,0.0029537174465920036,0.0030429257939357185,0.003149370674766153,0.0032986122927626247,0.003428214432211655,0.0034561539769832113,0.0034656651332724366,0.0034823094391070513,0.0034941980593793725,0.0034781483886202167,0.0034478316410225273,0.003440698155071936,0.0033735219998473655,0.0033372568900001576,0.003351525286868578,0.0034383203151138507,0.0035144083894742993,0.003594651257932294,0.003711734854267966,0.0037372893496765546,0.0037164892284408135,0.003679047919916108,0.003726592198506039,0.0036736990471168303,0.003463881798358971,0.0030833642899621917,0.00278657905472269,0.002305826119742685,0.0014288088271333433,0.0006010995292884086,-0.00015033135564557603,-0.0009757667480360381
2015-07-01,0.0,0.000367422036730069,0.0007890442133747617,0.0010618692044032647,0.0014515753571734766,0.0017498694749969598,0.00218343043959446,0.0026168035105423476,0.003161978738294595,0.0036681595139950104,0.004013406449339966,0.004531648306141559,0.0049699509697662386,0.005368241298954361,0.005687947694735811,0.006081200853848524,0.006432740416654595,0.006737268538440136,0.0068369768915901566,0.007017969628341242,0.007270711223358902,0.0074427288241492445,0.0076159028615241,0.007828770945486443,0.007886279059630127,0.007922442262389657,0.007943191050587169,0.007976388216263536,0.008059376309298103,0.007948526383682535,0.00767045833229478,0.007500852221324119,0.007348419390081263,0.007157400708229597,0.007061284343276326,0.0070013552672432,0.0069319279859135045,0.006943202829512294,0.007011442590829924,0.007210794697146801,0.007458149646530334,0.0076378440064790165,0.007818098972872948,0.008057005316498254,0.008287558060311815,0.008416739188432425,0.008601593243128224,0.008734880252018554,0.008873479898278192,0.009042261217607045,0.009210421989174516,0.009268442735751961,0.009318172125002496,0.00929981990022379,0.009209829923388693,0.009187331163780033,0.009166016082471199,0.009232920229280309,0.00932527612159249,0.009265482575074485,0.009246537339238383,0.009321132129714776,0.009469121195368807,0.009714142934875875,0.009991051758498714,0.010269658242840858,0.010598444162411813,0.010721415432221458,0.010848509266361191,0.010987998322902662,0.011035869319441253,0.010993317435686396,0.010862695482915415,0.010718459569459627,0.010713730170867757
2015-07-08,0.0,-0.0009717996528179055,-0.0018927038290539454,-0.0027714149443584116,-0.0036296547325944104,-0.0043923659836076715,-0.005149158319233203,-0.005978683796070904,-0.006800018179166467,-0.007559820359213939,-0.007234035555555816,-0.007093092480335556,-0.00697111577063039,-0.006842641830681953,-0.006627174214808247,-0.006456727234947077,-0.006458502574591655,-0.0065389879487856685,-0.006752660697060191,-0.007141650456496036,-0.007713864674513219,-0.00833205801089682,-0.0091167595161459,-0.009778569962776932,-0.01043903626885365,-0.011277125759289998,-0.012183766248634197,-0.013026298264821642,-0.013706796186722721,-0.014227314176468393,-0.014693804436355398,-0.015247671282545356,-0.01548530734224866,-0.015944618449376384,-0.016308513927554023,-0.016577487311569786,-0.016729339792557023,-0.01697749485067749,-0.017277156880806322,-0.017534423466646586,-0.017537415327886347,-0.01735432990725665,-0.017355526435172037,-0.017271772938414646,-0.017272969367552106,-0.01745364659655064,-0.01753681695492223,-0.017444073474049363,-0.017341168194678475,-0.017367491793068006,-0.017367491793068006,-0.01725203206430601,-0.01695417163304124,-0.016819625229129113,-0.0165583579257839,-0.015752864753721826,-0.015159915458591881,-0.014693207762513682,-0.014421758091344338,-0.014119968704644624,-0.013880272080715045,-0.013672223831847009,-0.013550634009003741,-0.013360530533143063,-0.013115058507677918,-0.013139483849388234,-0.013149611605068598,-0.01321633820654682,-0.013075740918055596,-0.01302034148365172,-0.01316629283802672,-0.013606658855441881,-0.014090152562898842,-0.014446811897376803,-0.015042322789314633
2015-07-15,0.0,0.0003020522135877245,0.000679636922761416,0.0011875854418793698,0.0016881937977350292,0.002163185774580893,0.0027252139739385103,0.0034554376322147987,0.004224571946488251,0.0050401736391448996,0.005453016953330314,0.005708165337608685,0.005868040823159519,0.0060408186741742345,0.006145998733424733,0.006335177474998364,0.006384522565788631,0.006464996835359233,0.006500239001910418,0.006559560510702651,0.006692874228911028,0.00685200522135821,0.007037528205898227,0.007144951413817092,0.0072130388380963,0.007265275184686231,0.00732279070215398,0.007328659446512684,0.007340983697557937,0.007382063437446706,0.007358589507005854,0.007341570562866622,0.007318682560609684,0.00733276754707081,0.007403189503727024,0.00743722500510549,0.00750705283844947,0.0076015180291236885,0.007697734266978863,0.007728239921673648,0.0078385218328536,0.007910667778854595,0.007843214410369226,0.007737039456823731,0.00772706664446976,0.007681307759758539,0.00760445158783268,0.007464804647927498,0.007318682560609684,0.007201886905040683,0.006999956709978889,0.0069617967145067065,0.007039876377523795,0.0071379076225669275,0.0071813435449032395,0.007299315380291716,0.00741609965785679,0.007612665506435208,0.007769303756584155,0.007865503852858335,0.007964627197865583,0.007943512989351413,0.00796052169223609,0.007954656654954725,0.007881340786406085,0.007759917885839053,0.007670747719770969,0.007436051386410548,0.0072881644093499625,0.007218908226593873,0.007217147413661774,0.007286990615701576,0.007321030072130148,0.007314574402188491,0.007375608161505558
2015-07-22,0.0,-0.0004694014514570612,-0.0008680675668347295,-0.0011683446215900713,-0.0012821450333889773,-0.0015760915847577378,-0.001579025618581818,-0.0014775130519137382,-0.001216444246480943,-0.0009753828007455138,-0.0005069161935828197,0.0001599329339590175,0.0008076047638438388,0.001472408132944924,0.0020280225134373755,0.0026283238511629566,0.0030880967945271062,0.0034268031031917585,0.003679590110468329,0.0039731631680568445,0.004211810151661746,0.004336654096892528,0.004497061520425265,0.004595626409883448,0.004893011869109878,0.005116284386385866,0.005492761670778354,0.005787550494008431,0.00594947259119502,0.006064782416593278,0.006167268877988826,0.006238304466265982,0.006309917205562595,0.006391421400453887,0.006406557162417587,0.0066824535947428215,0.006809899026884186,0.006993182471752775,0.007225874951658194,0.007430018009540608,0.007696330060222818,0.007933509026815964,0.008152617048818443,0.008376906036239938,0.008502392951779273,0.008475089268888434,0.008360057056837577,0.008232809044770665,0.008307765313052683,0.008374582055959038,0.008410603143404478,0.008472765516772274,0.008565711389809999,0.008727765092670835,0.008933343826565162,0.009142944161299793,0.00960379425794043,0.00998844724680416,0.01019782657127386,0.010360775707438517,0.010527176780210652,0.010702244880409512,0.010940450584041436,0.011041859149095742,0.01117512333975636,0.011261445880798141,0.01128230121602808,0.01130605259585392,0.011296204531215773,0.011387729864680967,0.01153137299053284,0.01160839890979299,0.011637354487884383,0.011625193247205944,0.011645461899506392
2015-07-29,0.0,-5.993162999538071e-06,-0.00013245727747737283,-0.0002319616140903082,-0.00012346640950205417,0.000156408853060057,0.0003912758127921801,0.0007003533505868096,0.0010512442037802342,0.001331389450146763,0.0015396517177266643,0.001675477585582974,0.001884266398850642,0.002115139657037376,0.0022215865727188812,0.0023130740242022093,0.002377050471325079,0.002365690466493957,0.0023375888474501667,0.002274207828848168,0.0022281643811664802,0.002243113784909965,0.0021743446771618088,0.002055931131470773,0.001989541645866246,0.001921353261671202,0.0017448792772171934,0.0015994891752749165,0.0014678420420603368,0.0013619133571017947,0.001247593543408327,0.0011170973644264914,0.001021908217833109,0.0009716159539101532,0.000831502737412165,0.000728501015635092,0.0007931777547284239,0.0009350926054576415,0.0010745926387626095,0.001304455817309889,0.0014217614506883735,0.0015372581449484724,0.0017502636898810136,0.001930325683139589,0.0021928829022350494,0.0024404249721973396,0.0027554442510531875,0.002937118028795858,0.003091275807794936,0.0031229409365148256,0.003229878016690729,0.003265122928509075,0.00319941107496311,0.003108602134521487,0.0029837263752835147,0.002868994229899377,0.002561781910301428,0.0022861668190789735,0.0020457636582344365,0.0019004172985010496,0.0017269310256157841,0.0017317172575411106,0.0018298299639929697,0.001999709690751773,0.0022514853533889415,0.0024129233235914756,0.002625742448464418,0.002776959973967475,0.0028540541798380264,0.0030297350482252246,0.003215540747976239,0.003334414387528161,0.0034592463647449465,0.0035171774429034763,0.003542857156558172
2015-08-05,0.0,0.0006814410219067414,0.0013161356294091777,0.0020171718387900924,0.002703090689648289,0.0034470030124857834,0.0042242444873481656,0.004816412470117368,0.005359216996776894,0.006010776869857904,0.0061524655602180345,0.006195026554355922,0.00636933282023291,0.006408387248412742,0.006445108677614668,0.0063943977778206625,0.006255658266858841,0.0062638199474189925,0.006297048959147557,0.0062521603833698815,0.006186864312304688,0.006089495287413385,0.005999697484017218,0.0059343849254968935,0.005902310232281463,0.005986868568107243,0.006084830665017532,0.006178118979032985,0.006245747565195778,0.006202605719464189,0.006154214677861042,0.006204354749408655,0.0062638199474189925,0.006285389782530057,0.0062311728254930395,0.006129726752447564,0.006086579900965826,0.005995032442728735,0.0059845360202592035,0.006053343894706196,0.006084247585688139,0.006133225064220568,0.00622417687498245,0.0062096018208868346,0.006302295544276409,0.00648532583863258,0.006544191520277691,0.00652146161824556,0.0064794973647891475,0.006529038309661725,0.006551768039479012,0.006512136380772385,0.006456765992200919,0.006525541382295276,0.006576828424810111,0.006644430053102722,0.006680560083921853,0.006605384842531707,0.0064515202174539555,0.006255075287127013,0.006047512902516061,0.005992116780872069,0.005862652825614095,0.005739588213329515,0.005509749286237114,0.005304366266606564,0.005206911271625253,0.005306700401520701,0.005424567130563575,0.005492246695853282,0.005582673448932316,0.005537169395271575,0.005526084760879301,0.005448488879606244,0.0054805781320726304
2015-08-12,0.0,-0.0005060453609752168,-0.001004655856853141,-0.0015917141966558684,-0.0022424970094687894,-0.0029921029089171936,-0.0037832055954477874,-0.0045915593399088175,-0.005449888976315442,-0.0061329208916612666,-0.006236991943143327,-0.006469555547511809,-0.006565927672484782,-0.006598053778160903,-0.006488591280557585,-0.006300034533191858,-0.006056212593361715,-0.005739927348998634,-0.005336392760935847,-0.005181321898885534,-0.005010237125963419,-0.004785732771833652,-0.004650341812417569,-0.004625997136938241,-0.004684187833806072,-0.004658654764174494,-0.004658654764174494,-0.004731692953976205,-0.004768510974382228,-0.004755446360364128,-0.004712690635098966,-0.00466221747893926,-0.004637278742132663,-0.004585621908560354,-0.004485878332587371,-0.004412264455150836,-0.004367742562393191,-0.004291763110049782,-0.00434281116824621,-0.004365961727912029,-0.004480535207482519,-0.004704377234134072,-0.00492826937725668,-0.005152805737349139,-0.005527739378190414,-0.0058397960930180424,-0.0062161768663662915,-0.006534397498254027,-0.006791427141374502,-0.006972339463663347,-0.007180667217542542,-0.007331880826102919,-0.0074968130747505085,-0.007598644037227351,-0.007517059340803817,-0.007553980057736803,-0.0074682308087345795,-0.007514677405874573,-0.007761237770937122,-0.00824023888406231,-0.008547182334674884,-0.008964538141322831,-0.009336727933781153,-0.009672055934842072,-0.01003197245958221,-0.010227802358060076,-0.010461893283149254,-0.01068827310346003,-0.010755778852675632,-0.010894389011229758,-0.011250561830523198,-0.011493262286748018,-0.011716287787020876,-0.011884935264555956,-0.012038656500071661
2015-08-19,0.0,-0.0004234739276882331,-0.0006503454413980948,-0.0008719493404061991,-0.000983656320701365,-0.0012047428970949309,-0.0014471667106864487,-0.0017399274494818353,-0.001928640906405597,-0.0020747851972314356,-0.0018469987392458103,-0.0016488371458041702,-0.0016198556073377052,-0.0014962499046402042,-0.0014004512095580402,-0.0012094725557200746,-0.001023850244567651,-0.0006822533763724342,-0.00038625773438653274,-9.507407074476263e-05,0.0003619073916722424,0.0007372553010949654,0.0011201302363428385,0.001436820431353899,0.0018312160105106179,0.002325611933889323,0.002929280193824233,0.0032618781845250504,0.003477860461870865,0.0037579205942587374,0.003856158402187711,0.003918507932498163,0.004007908022663703,0.004102592823794844,0.004200796779376161,0.00423784127540624,0.004155518309428086,0.004229609283769913,0.004439503905094179,0.004542965154246128,0.004615851880077063,0.004707540538372031,0.004712830012172288,0.004671688922914862,0.004650529989347905,0.004568828794084517,0.004545904237916205,0.004517100845462351,0.004412461132244357,0.00431662976715308,0.004303694769045949,0.004234313287288697,0.00429252349966926,0.004435388747705688,0.004550606753820743,0.004582348157781198,0.00452650612605713,0.004454788627133244,0.004500641391563177,0.004549431126917762,0.004491235867698802,0.004524154814201371,0.004441855415998814,0.004136700679895803,0.003907332359242673,0.003835570439380537,0.0037638033693756724,0.0037490963666949526,0.0037308593829739147,0.003690854511787218,0.003565534777147847,0.003449614750068244,0.0033566336463507224,0.0034943367586587407,0.0034802142351752978
2015-08-26,0.0,-0.0006053824591582502,-0.0008456042269475334,-0.0011202140697491201,-0.0011208498281724284,-0.001374549698772762,-0.0018286996447531305,-0.002368350297698429,-0.0029414114723783163,-0.0033809808798197106,-0.002507764953714823,-0.0016626629311734687,-0.0014088899650277471,-0.0010299404771293658,-0.000661937417089158,7.874265760547094e-05,0.001160191599812249,0.002092192978417803,0.002698478409173136,0.003186660579831201,0.003457559002175556,0.0036334770830211876,0.0041009650145003036,0.004457601781839577,0.004711090652917939,0.0047730307821144645,0.004587198883597525,0.004541051597255236,0.00465862815490071,0.004395642111242934,0.004254005589523073,0.004063649917914518,0.0038897052476942417,0.003529069005537819,0.0028466678385985363,0.002427374247140704,0.0016529291217870447,0.0010199992442528776,0.00040126882755879843,9.080751701986061e-05,-0.0003283729151705808,-0.0009047152543176474,-0.0013726419407795204,-0.001563435758112195,-0.0016900157420420608,-0.0018592381337492628,-0.001730092141660131,-0.001714824752421552,-0.0017956173340525539,-0.0019419512249881663,-0.0019642213031348527,-0.0016244974686224862,-0.0015125538473838187,-0.0013300362938714688,-0.000984171064692644,-0.0009275978804304238,-0.0009034440126640126,-0.0010159551566302106,-0.0009339542583882921,-0.0009047152543176474,-0.0009142496182310209,-0.0010000629843828093,-0.001100505759103635,-0.0012613623557946822,-0.002050761171979024,-0.0024587447997372457,-0.0032401702243618495,-0.0037984321325156586,-0.004295139305799956,-0.005033323056467927,-0.0058985271884571516,-0.006916019579537587,-0.007835336918460313,-0.00884327047762201,-0.009187378716834754
2015-09-02,0.0,0.0005678263580312647,0.0011539422338024655,0.0015376523948947382,0.001937888693587489,0.0023437340259261663,0.0027846556618135983,0.002838475802604599,0.003202326474105375,0.0035481181291158667,0.0033515438357260073,0.0033982897591540683,0.0036063786554810825,0.003950750672833279,0.0043455443918470485,0.004568786592330287,0.00463466230279645,0.004881497726851169,0.005087999727553784,0.005189636754969162,0.0050611504860431835,0.004855282348333137,0.004405037872050796,0.0038963503420659257,0.0031376373517507327,0.0024879521763188153,0.0017102098019325766,0.0011250617658853912,0.0006134183361626984,0.00012142889052381273,-9.831037879575228e-05,-0.00012401403237875108,-7.517765543713865e-05,0.00016125949482354002,0.00041433949257714477,0.0006371767121954817,0.001056387081368962,0.0012335196520833784,0.0011802548228697233,0.0015344447262570311,0.0018910744508908845,0.002070624012823251,0.002268091303136746,0.002195648416788107,0.0022520645679778503,0.0020359991063551783,0.0019295520710290706,0.0018724764037492878,0.0019571267880932456,0.0015947471751320472,0.0011565093461411177,0.00041947750934122113,-0.0002448300547867244,-0.0007841816823645628,-0.0012678526514689353,-0.0017034853537181759,-0.002128361743613528,-0.0026159044575355156,-0.0031520249428328728,-0.0034143905343494425,-0.003592348391045935,-0.003328002124267997,-0.0030811271381215146,-0.0030585697997832753,-0.0032255061539136,-0.0032796536594672894,-0.0033963386079827566,-0.0036342633636283184,-0.003983193084919221,-0.004582656038284253,-0.005188291305542419,-0.005813035121145454,-0.006297205381412347,-0.006671644575795716,-0.006936876318732924
2015-09-09,0.0,0.001317056326740975,0.0027436921727545106,0.004037753736860887,0.0055889366147206816,0.007211807517477435,0.00875421898012469,0.01014395534034517,0.01131749109131905,0.012487728718956743,0.01237749626294948,0.012317247808560446,0.012081346591100883,0.011995433955222621,0.011821021426831203,0.011615149853408674,0.011392555642056094,0.011184029086727072,0.010936949042125164,0.010650002875942826,0.01053828344313025,0.010359121055706948,0.0102878324695254,0.010168364525651452,0.010139458846486293,0.010154232964672423,0.010441321404976266,0.01097802631940052,0.01161065996991798,0.012080705479361784,0.012430050461080672,0.01272930038409595,0.013031663301331663,0.013396683134926658,0.013787170859049925,0.014264510970376737,0.014650183774319953,0.01481771002581963,0.01504657457736168,0.015387856240300155,0.015660031149498314,0.015870181273471576,0.016004296563007187,0.016198412550473086,0.016306947828694837,0.01637206334172259,0.016404619508294332,0.01651121757782125,0.01648823931398142,0.01644866439962085,0.01643781293982803,0.01638546895043806,0.01619649711625515,0.016009405361251828,0.01586954258620378,0.01568238964497714,0.01533929142639299,0.014870136140174076,0.014244039931778045,0.013822371275826308,0.013392201243209839,0.013028460783383886,0.013047035244717136,0.013023336733334704,0.01298938923857657,0.01296761099363328,0.013230199386557558,0.013559298190238088,0.014057862189077274,0.014452569028419314,0.01477167507377405,0.015214673547783955,0.015305422462853603,0.015190387229991229,0.01500374636865152
2015-09-16,0.0,0.0005865041046309194,0.0010827535407476425,0.0016749963253176784,0.002148410738381941,0.0026960938931750405,0.0033904559369887844,0.004121210927145726,0.004808866582406187,0.005510651972220095,0.005501763653312256,0.005539855892404132,0.00555128328118869,0.0053709692549356305,0.005189987629156772,0.004970225555649036,0.004805054638314579,0.004580759681246855,0.00448543497663355,0.004282045231606069,0.004059540321276085,0.003964801775747146,0.00392474183844523,0.003995322555631792,0.004091329768326777,0.00419495634908262,0.004183513450418134,0.004268696333033061,0.004332896546187007,0.0045197529171028625,0.00475994552985671,0.004971495995437364,0.005244603079245942,0.005485891458762093,0.005737277415609646,0.005989869340103708,0.0063927419860909844,0.006700338577809258,0.0071194055607988445,0.007573777472336147,0.007945613112600095,0.008252732490415698,0.008423665302841195,0.008684439817281352,0.008898958153252059,0.00916846463537531,0.00923045350396554,0.009301293220282142,0.00927725887900219,0.009156445940611742,0.009046373279892727,0.008958432965370222,0.008921736158810693,0.008857829884616574,0.008824293275133158,0.008748989997474924,0.008759115137882176,0.008748357172795429,0.008807840942286916,0.008787591545654859,0.008621784186845598,0.008498993081577757,0.008370489336593005,0.008181818452762243,0.007963346281606483,0.007794235049399254,0.007566808193235042,0.007422976771017135,0.007222718843207521,0.007237929713402708,0.007528159491240617,0.0077327905526056295,0.007806270127217263,0.007944346445637908,0.007932313029474414
2015-09-23,0.0,-0.0008699808761860471,-0.0015436619784768653,-0.00239828577933833,-0.003096138657096693,-0.003920566459612609,-0.004726358422252515,-0.005351100816851068,-0.005933041906423691,-0.006481136581896152,-0.006228330888810201,-0.005923372344367839,-0.005537955283538654,-0.00518360580104675,-0.005094071895817402,-0.004927907907035676,-0.004651673082499335,-0.004477214410897505,-0.004200460513498261,-0.0038041278719904135,-0.0033893049905861852,-0.0032349962068312153,-0.0033513685405653364,-0.003494763022567124,-0.0034664683125827274,-0.0035474962093743484,-0.0035892988821147,-0.0035320618180775683,-0.0033558694000688865,-0.0031854938501553287,-0.002917452220464375,-0.002634704398148615,-0.0022756014065720125,-0.0019230479106339647,-0.0016046364728648033,-0.0012844014342973862,-0.0008847328395604335,-0.0003416192593678742,-8.651541854345614e-05,0.000404280250521895,0.000593230020229096,0.0005221378556125107,0.0006931347905728747,0.001009434066105861,0.0013761903350761756,0.0016705221464075497,0.0018995291461950386,0.0020830806899983386,0.0022378261978915274,0.0021815578747045416,0.002261483524710446,0.002561307628019673,0.0028782946182301806,0.0034487458363264664,0.0036869230981648187,0.004043125297106892,0.004390268421192702,0.0047028493598731775,0.0050440251698003055,0.005372336825294809,0.005876388204599964,0.006389100127466891,0.006981734985948057,0.00718980591152317,0.007432182578134774,0.007659238123447201,0.007905315745964224,0.008063612750253742,0.008166587709631527,0.008182477962646043,0.007956176953369297,0.007692942255227272,0.007268696104685983,0.006876728632967179,0.006799080480890565
2015-09-30,0.0,0.00019716991276455062,0.0005774072413905751,0.0010115148884707117,0.001427649084092542,0.0020397821646785754,0.002605862183653458,0.0033256916119971214,0.003938565079151716,0.004718215669261025,0.004430113434665667,0.0043629831892984545,0.004267346471946348,0.004276847217279844,0.004452911360815411,0.004574491523135428,0.004700488697546272,0.00485432301828664,0.005002437408439977,0.005007500760467761,0.005011931172461324,0.004942308143160277,0.0047751930929218755,0.004535232878313308,0.004360449884253632,0.004131159202205201,0.003911320152646452,0.003927160316522777,0.004143195103398212,0.004300915368150556,0.004224908707396873,0.004219207974947779,0.004256578851447991,0.004349049932133586,0.004330683069246809,0.004342083230749384,0.004420614145370805,0.0043921157360550115,0.004310415794561384,0.004328149682374725,0.004563094010832381,0.0046713651332252115,0.004975221452039589,0.005287843869359825,0.005595940778712632,0.005839440984677254,0.006106274413280698,0.006299083641158737,0.006506391103516025,0.0064634162583295214,0.0063496503997200835,0.006208057031615861,0.005975395822586748,0.005685125657443932,0.00546436274674031,0.005253675326056366,0.005155592466210504,0.005088510906399902,0.004934079646674462,0.005039779026975812,0.005297967657985351,0.005608591600225606,0.005888766271675247,0.006043682441786903,0.006180873867980553,0.006460888268744776,0.006774942051614013,0.007064264476941249,0.007449476629401427,0.007858523127531105,0.00819863654191079,0.008715210927335505,0.009107982052422395,0.00966062648895416,0.010112219590466372
2015-10-07,0.0,-0.00026925371191528617,-0.0002956309810903285,-0.00018889934297117286,-9.873838720405153e-05,-8.156579343661003e-05,-3.9248874666231175e-05,8.891753333894744e-05,0.000280829811010085,0.0004267320726925931,0.0007601430415697834,0.001099568680286559,0.0013114981024574882,0.0014254069204092715,0.0015031759177458256,0.0016678792577079129,0.0019776194885228414,0.0021349014124112586,0.002284204552521237,0.0025387027794426752,0.002711797975810452,0.002772343639031697,0.0028677414878826558,0.002882417272288136,0.0028701874669069503,0.0028457274074312356,0.0027497158908678736,0.0027717320850027443,0.0027148559254858424,0.0026524719016470465,0.002555830141566357,0.0022909349066938807,0.0020320895696202437,0.0019041719850928511,0.001831943345916433,0.0016237977509949491,0.0013396703081286854,0.001012578864779021,0.0007270520689679272,0.00044021776161856733,0.0002845082808648455,0.00017353515372138493,1.7784139185167675e-05,-0.00032507619642909536,-0.0005980991667189962,-0.0006545536647155136,-0.0004944030123116245,-0.0002030068946519185,2.0850338113476716e-05,0.00018579798294000098,0.0003200661252047189,0.0004959975430558822,0.0006682209693609623,0.000954989894398674,0.0011730753014288,0.0014303059333806594,0.001567468553352771,0.0015533857581503708,0.0015454258296548967,0.0015319550370884317,0.0015325673497782106,0.0014358172942857863,0.001385601550291964,0.0013451821685807152,0.0012845500326112693,0.0011896135465804853,0.0010640385430693202,0.0009562152261726836,0.0008434784174851259,0.0009151657943798112,0.0009764329836747511,0.0012006388913981824,0.0014854181755992943,0.0017695042163954572,0.0021153190191848747
2015-10-14,0.0,0.00029729910447577244,0.0005065249818029899,0.0006018928418604257,0.0004726825870628046,0.0002929910529429334,0.0002591414308090873,0.0001920542485286165,1.2927886096866753e-05,-6.895154863605614e-05,0.00017235807432512077,0.0002603723462348072,0.0003902254124419809,0.0005385203744692787,0.0005871268005558691,0.0005532871335104746,0.0004966800396420334,0.0004579146376969327,0.0005317522036996259,0.000622195792649117,0.0006763349795902597,0.0007027882890391215,0.0006424983312361447,0.0006855629577126217,0.000609891023197218,0.0006504961878105401,0.0006406526629427286,0.0006548026994716457,0.0006086605379245161,0.0004972953513665697,0.00030653058097971714,0.00015204598835631697,6.586891411318833e-05,-8.372749905313988e-05,-8.311183009337801e-05,-0.0001391392576888052,-0.00019393834976149245,-0.00027829787780463453,-0.00031031941598658105,-0.0003996156600303748,-0.0004648993391954203,-0.0005671446084390097,-0.0005825438981624902,-0.0006077992466767897,-0.0006694003328466819,-0.0008240357770154989,-0.0009934845359622652,-0.001144472164815816,-0.0012264464255602415,-0.0011796031680221563,-0.0011537170460021967,-0.0009897871657168532,-0.0008628524118583711,-0.0007710504219088078,-0.000674328583674902,-0.0004741379399170077,-0.00016930917280576598,0.0001372733030511978,0.00024190845575718323,0.00028991386191361165,0.00034591725659540367,0.00024744765869665996,0.0001785131704371053,0.00018282171517372905,0.00021359649487492812,0.00016004776844480526,4.986378262140625e-05,-8.803719238463509e-05,-0.0001231311009168384,-0.00026351905216681854,-0.0004143964971679691,-0.0005560572666721066,-0.0007414784211698587,-0.0009121455482920413,-0.0011198195661533245
2015-10-21,0.0,0.0003195298097661142,0.0005990346645041647,0.0008095192152312573,0.0010127036481327688,0.0012357961402421885,0.0014364763986327248,0.0015597659824508857,0.001722315778790702,0.0020092815825922842,0.0021361244281011393,0.0022865029565045775,0.0024157258740668385,0.002542517178768583,0.0026270357849860248,0.002727845066286249,0.0028859804691489695,0.0030537456562142852,0.0031448581183202164,0.003277589895347129,0.003325248371099145,0.003267937269229484,0.003232945718478732,0.003232342405142359,0.003272763593934734,0.0032613010347254325,0.003213639511170538,0.003161148875759332,0.003071244720165595,0.0029342611051831904,0.002806915893568532,0.0026934382503532033,0.002529235034015707,0.002296165060645425,0.0019192738050138527,0.0014286191942560465,0.001046563706931274,0.0006105277805812148,0.0001258875680427914,-0.0003390068584495854,-0.0007877622963904507,-0.0013173225556357242,-0.001973299609049537,-0.0024986339606476262,-0.002919221642536209,-0.0030740278755264122,-0.0032810807278726008,-0.0034602372896268795,-0.00345416366023262,-0.0034140786313778854,-0.0033952513693806204,-0.0032792589615913354,-0.002952609195234681,-0.002646699490837858,-0.00237303817686034,-0.0022838565456691625,-0.002246244908866994,-0.0022195536376997506,-0.0024385644438159088,-0.0026108947504684134,-0.0026667264301063736,-0.0025380755047952493,-0.0025368618956247914,-0.002467688607408547,-0.0024422049178784923,-0.002351197041994045,-0.0022504913131483643,-0.0020036231858754122,-0.0016149445821048802,-0.001330656066749538,-0.0011009808803861365,-0.0010464483483847125,-0.0009798015141756536,-0.0011149174490032035,-0.0010949215633074677
2015-10-28,0.0,-0.00023522697231871857,-0.0004917907818137112,-0.0007435548036325332,-0.0012442305438204698,-0.0016209672114788957,-0.001959481769010896,-0.00233466053147248,-0.0026898701286689735,-0.0030068016491252327,-0.0030500827860236975,-0.0030445963410480528,-0.002957426864939292,-0.0029153687863838567,-0.0028483233331984617,-0.0028483233331984617,-0.002931826084723727,-0.0030714192470800133,-0.003179327751746422,-0.0032317620762428137,-0.0032970039697319347,-0.0033415172369795484,-0.003461042113541882,-0.003541546510223168,-0.003565333140491279,-0.003635476498294895,-0.003718434993475113,-0.0036745149328585515,-0.003721485069315421,-0.003821532714039382,-0.0038721703980654433,-0.003942945433543583,-0.003966131448228712,-0.004028980454731586,-0.004126007550692174,-0.004146756705012332,-0.004152859479394731,-0.0041955799429302795,-0.004202293324561395,-0.004117463906400642,-0.00408756172619398,-0.004078408176309904,-0.004107089579320753,-0.004151638921538761,-0.004351830324718976,-0.004608842061069724,-0.004921496444350233,-0.005285568854798769,-0.005636938880684491,-0.006129064423587092,-0.00663733887948737,-0.006998364514392883,-0.007350336987046131,-0.007737956082966278,-0.007927227575110116,-0.008001965990690453,-0.007950506154774665,-0.007871483705313254,-0.007897823827967944,-0.007804717665436582,-0.007707945447562233,-0.007752655498297311,-0.007824930766650662,-0.007805330177652317,-0.00795234396045924,-0.008281365601961233,-0.008677315396288009,-0.0089759137337748,-0.00914763282629344,-0.009191180568886532,-0.009056250067089931,-0.008942799871757319,-0.008641759317604759,-0.0083898378017766,-0.008023408370574968
2015-11-04,0.0,0.0004908264512691093,0.0009684072627132086,0.001304621120181995,0.0016747590410141641,0.0020453786265306534,0.0023948355338555927,0.0027491158214922873,0.003326947793531156,0.003840844954996875,0.0035653992685504648,0.003334361649162398,0.0031842203585118506,0.0030192243022847563,0.0028412205031641997,0.0027522067201865325,0.0026464925606655846,0.0026242355240407625,0.002541385533793132,0.0024121505767321395,0.002259396818893795,0.002168475610717139,0.0020138287187497256,0.0019996000032837034,0.0020503275413573537,0.0020070237061774543,0.0019859897381741196,0.0019996000032837034,0.001962480662123085,0.0020051677856205343,0.0020930109151689504,0.0021288882838524908,0.0021907427934060165,0.002177135129569565,0.002096103842479499,0.0020373365877005716,0.0019525819384397117,0.0018269833729443862,0.001847401947536732,0.001898755913419788,0.0019754725882598074,0.002050946153988618,0.0020453786265306534,0.00210167108753138,0.002202494717706414,0.00233979644217214,0.0024746059188640243,0.0025215994461327434,0.0025042862982805406,0.0024832627871926947,0.0024294653198036107,0.0023515466149461703,0.002317532578277692,0.0022222871201461555,0.0020979595942737087,0.0017861449729623421,0.0015373659691222644,0.001343002990077255,0.0011665580214120404,0.0009269144761042199,0.0007708366375398934,0.0007206635869613293,0.0006611959707776679,0.000608539400325001,0.0005819003144034511,0.0007051775691316929,0.0006946469400225449,0.000682257822623138,0.0005719879152310778,0.00044621581844139806,6.88045884874403e-05,-0.00041416725384722846,-0.0008737960667086159,-0.001315015116781048,-0.001864483930866735
2015-11-18,0.0,-0.0002782377866137849,-0.00029866195836655737,-0.0002782377866137849,-0.0003012150091664679,-0.0003490859185664333,-0.00041993907033264046,-0.0004997346659772695,-0.000629336281645979,-0.0007870515433508347,-0.0008719854498155635,-0.0007851358241402849,-0.0009460690327358852,-0.0010987240649158537,-0.0012775964284628808,-0.0014449988354869453,-0.001574083948126791,-0.0016232940461766638,-0.0016929592346700477,-0.0015881437290373088,-0.0015855873905321327,-0.0016961550019401446,-0.0016923200824414666,-0.001724917366962766,-0.0017664644658785982,-0.0018393358543025912,-0.001864906021078986,-0.001846367584987288,-0.0017952288532677545,-0.0017779701215477645,-0.001671867426823223,-0.0015025099463298328,-0.0013644888365487923,-0.0012437359903246141,-0.001118526215877351,-0.0009639520991969047,-0.0008879512752858864,-0.0010833936366983785,-0.0012865408865724392,-0.0014411648790291591,-0.0017434535516730983,-0.0019748651892592577,-0.0022510950372668314,-0.0024723897272252234,-0.0026463898824732835,-0.0028754509506434445,-0.0030770425006084417,-0.003134647551435156,-0.0035853615950941823,-0.004204143767008401,-0.004746373266425378,-0.005518564171906854,-0.006141754109363347,-0.006818653499411991,-0.007500511508500692,-0.008165465439606482,-0.008807044066737055,-0.009491548000384141,-0.009669350974542914,-0.009798213466844532,-0.010135267393185168,-0.01035186677092206,-0.010719419480183404,-0.010897440927077732,-0.011143240005955934,-0.011347150704101498,-0.011662132479071986,-0.011883582746798807,-0.01223296698485743,-0.012607673522960838,-0.012663245412645428,-0.012689740075103442,-0.012667768841908868,-0.01283515011065551,-0.01302453799084977
2015-12-02,0.0,2.5761252877986718e-05,8.796599988388472e-06,7.539691768403337e-05,0.00018534056696281612,0.0002908750994672315,0.0003134881932034064,0.00026637700419310077,0.0002915032478648812,0.0002450192006788717,0.00011749105714943256,5.9061401255143576e-05,-0.0001256741635054006,-0.00036072724007477243,-0.0006121820647118965,-0.0012241100247322662,-0.0016532489408144968,-0.0020724978870299213,-0.002443421626780637,-0.002735093269576991,-0.003110674921409056,-0.0034977472160895836,-0.003767651729547827,-0.004100718444375231,-0.004511527330313594,-0.004550660789299861,-0.00455192318444215,-0.004544980030880683,-0.004560128791712264,-0.004645976104744162,-0.00463650728949804,-0.004626407318724756,-0.004598001697818592,-0.004548136003796088,-0.0044376828776236475,-0.004385300802757653,-0.004407389294938186,-0.004408020401883984,-0.004396660537798351,-0.00438719408296984,-0.00439729163797319,-0.004376465542496068,-0.004399184940887434,-0.004503953289329252,-0.004543717644503362,-0.004582852363252785,-0.004660495128927049,-0.0046529199595746135,-0.004692690238871451,-0.004746351058941622,-0.004852418562167893,-0.005021644775711998,-0.005073428667649475,-0.004772866880049781,-0.004550029592326221,-0.004392242847726382,-0.0041612879491623785,-0.004001669972053829,-0.003920293536921394,-0.0038420774687780903,-0.003785311573208221,-0.003639627189023631,-0.003536210464303115,-0.0037159354099471765,-0.003776481612394264,-0.00381432485056897,-0.0038439697207943877,-0.0038755077815595534,-0.0036963848150565414,-0.0035639553650758846,-0.003324996116578481,-0.003180009105269534,-0.0031415595550142515,-0.0031302140685637073,-0.003209635176971181
2015-12-09,0.0,-0.0006592526934931636,-0.0011656669602666198,-0.0015618876694759682,-0.0019875126379281403,-0.002120760736008725,-0.0020999598634113786,-0.00216691421714325,-0.0021162105081561325,-0.00219096687556453,-0.002285232870216859,-0.0023190407711265204,-0.0025128080961896995,-0.002795723794727427,-0.002977222211017735,-0.003364398797332427,-0.003903442008707809,-0.004361987606530342,-0.004707338277727704,-0.004918517066776436,-0.005018255888044065,-0.005039117553040373,-0.005130392454852775,-0.005066499148828442,-0.0050606316008995084,-0.004978489544642093,-0.004801190011609627,-0.0046714944538264495,-0.0046688876803863836,-0.004767949848495121,-0.004971970622819584,-0.005151256459360149,-0.005277753806670839,-0.00537818062071448,-0.005427093435588335,-0.005508620110672401,-0.005566018876875649,-0.005546450745533603,-0.005534057793731358,-0.005474051988803948,-0.005416658500992403,-0.00548905310247384,-0.005426441248985909,-0.005492314243918951,-0.005553625682565401,-0.005612331646586411,-0.005706920727228245,-0.005770202555480916,-0.005804780916411435,-0.005828268786884798,-0.005828268786884798,-0.0058426227570952125,-0.005911133180656698,-0.00591309069029996,-0.0058713313156405446,-0.00581652478268811,-0.005789122642579257,-0.005972470303860442,-0.006276601398453005,-0.006542955231507946,-0.0067910937044964705,-0.007102006687291187,-0.007430007077037139,-0.007801914538460552,-0.008190964010517176,-0.008705788110029552,-0.0092614674914427,-0.009734267115723979,-0.009860035399617712,-0.01020532445158687,-0.010618255355762721,-0.010932983865681884,-0.011230755760183292,-0.011559457205459686,-0.01180950011110597
2015-12-16,0.0,0.000419360708282906,0.0007464178780655924,0.0012147539573250786,0.001634253902691772,0.0019356405753213042,0.002209726350333122,0.002736951996333787,0.003414682679683526,0.004309851608798763,0.0047125455917032,0.005091821618413306,0.005562001684078043,0.005959673758343224,0.006306216705548523,0.006742290039866132,0.007196868181454017,0.007401844332745393,0.0074134455000807705,0.007289692775912722,0.0072445707853805484,0.007178173297115149,0.007136269700523275,0.007097587898952267,0.007103390264576643,0.007019575047423724,0.00694026648905367,0.006906735775884594,0.00693188391616481,0.006991850006326012,0.0070137721954508,0.00709243021235538,0.007150452652872697,0.007232323036629353,0.007328367147378393,0.007524938745993322,0.007704719587832595,0.007916677698230424,0.008143403812768173,0.00838102459237451,0.008572883096672614,0.008668154849764348,0.00864176290818803,0.008643050336132422,0.00860635799018386,0.008543913534346042,0.008400340873295517,0.008292164894052519,0.00812086232435278,0.00788768911940622,0.007773014948542338,0.007723404631132533,0.007591957605383229,0.007286469844108256,0.007023443596698338,0.006706172844723428,0.006582332557255733,0.006413962568647075,0.006250726283116648,0.006157159876872827,0.0060474501815232715,0.005914491713422088,0.005957737426858799,0.0062597598175322,0.006493312876751869,0.006742290039866132,0.006884811240135644,0.0069312390999553206,0.0071001667322752055,0.007198802115058818,0.007213628815109566,0.0071949342441088885,0.00714078247990886,0.0070240883534558535,0.006907380607894633
2015-12-23,0.0,0.0006547732464390936,0.0013744649187942201,0.002052026823471072,0.00283852419590596,0.0036058666517990497,0.004364317391257586,0.005111981454858904,0.005903729706252402,0.006695488823359582,0.006894923461866821,0.007000677770497937,0.007131899495907785,0.0073299734660374274,0.007467519442270343,0.007631149039982451,0.00780939206080786,0.008023241757109717,0.008178508711586771,0.00831339321693356,0.00837510317442742,0.00845144012065578,0.008431720301123484,0.008460981829213399,0.008464798487144128,0.00850041992540151,0.008540492526783674,0.008567842745380149,0.008535404031489714,0.008477520575042575,0.008430448041348185,0.008373830842618564,0.008339477271847893,0.008316574235667727,0.00828094624784354,0.008187416740010991,0.008082424218245421,0.007986330491787264,0.007939871272949308,0.007904866326110406,0.007819576416745999,0.007755922490391142,0.0077470106173573505,0.007723457427729218,0.007705633023573064,0.00771327209282905,0.00774510091994574,0.007775019093742577,0.007842490838383818,0.00789277342333932,0.008046151512402715,0.008156874597897375,0.0082122315436333,0.008243408244587462,0.008269494125033505,0.008373830842618564,0.008455892929312734,0.008566570658776727,0.008674692243511847,0.008820955782689018,0.00892587079685487,0.008917605164875587,0.008883906112038426,0.008946852478893527,0.009038403758164084,0.009052390021111228,0.009061925997329755,0.008997079565736189,0.008960204229165004,0.008940494439916244,0.008943673464457968,0.009041582471465415,0.009120411328970852,0.009106426017362123,0.009044761174662557
2015-12-30,0.0,9.26869084189325e-05,0.0001349291119801173,0.00024147241547200712,0.00037636895192421873,0.00045200390741133794,0.00047721428803901696,0.00046713021205536774,0.000461457874626975,0.0004973821349454552,0.0004450709413151242,0.00033665831012887873,0.0003139658067855395,0.0002830779608666172,0.000245254809311129,0.0002692096380699033,0.00030135863797085003,0.0003977994367896736,0.0005074659058725677,0.0005156588948798281,0.0005566228330703434,0.0005938040318659162,0.000570487170528471,0.0005156588948798281,0.0004267928912043443,0.0003202693315905096,0.00023390758487353932,0.00014312515373332175,5.92701698451329e-05,3.7833072914530946e-06,-4.981488097639928e-05,-0.00011855087959099113,-0.00014819079560490515,-0.000138100512799478,-8.575880467570769e-05,-5.5490151458271915e-05,-1.765562328498101e-05,2.0808012977281848e-05,6.242274005690024e-05,6.935835953854459e-05,8.196845354077698e-05,0.00010277476100505742,7.629393091770498e-05,7.37719105273225e-05,7.37719105273225e-05,0.00010718816451163322,0.00011538443363302329,0.00016897376848546477,0.00017212599286844967,0.00017843041182479842,0.00015762567843208053,0.00012547205725383517,6.116171316483692e-05,-3.468098382106503e-05,-0.00018729160316775434,-0.000313433661998617,-0.0004156203950956731,-0.000522864616154377,-0.0005998352052255575,-0.0006509419018227888,-0.0009342844241228305,-0.0010819825118273353,-0.0011810913217032055,-0.0012038182931267487,-0.001167202871211998,-0.0012581125935013434,-0.0013629215571628616,-0.0015624677796130058,-0.001792374182192697,-0.0021670327371140926,-0.0022927927877354876,-0.002529820798919191,-0.002778286461516042,-0.003069822342256455,-0.003391812128030583
2016-01-06,0.0,-0.00028199422130834024,-0.0005158720713149814,-0.0007575176273051915,-0.0008931474980959089,-0.0012030440002885445,-0.0014300623341194937,-0.0016455523350914969,-0.0018591583987130306,-0.0019955813254408663,-0.0021378156074248742,-0.002073453697810541,-0.0019299415564691625,-0.0017870934218101398,-0.0016198197443135815,-0.0014133396787156726,-0.0012339103214692062,-0.0010230094460276329,-0.0007607313925043174,-0.000553143374921733,-0.00027749710636814674,-7.514786309023382e-05,2.6974778583626952e-05,0.00017147013202514395,0.0002838409739004145,0.0002909038621787631,0.00027035713957300044,0.00028191472298525204,0.00024338892546432768,0.00026778876956332407,0.00015670045391706394,0.0001406462085482385,0.00012844480968973214,0.0001059681589153177,5.715997762701008e-05,0.00011688545238978894,0.0002099987003212011,0.0002099987003212011,0.0002254097120029381,0.0002177042358495907,0.00024916788971324173,0.00022797819085988152,0.0001708279766434439,3.3397237666206863e-05,-9.570210831341195e-05,-0.0001766385559027546,-0.00027685466302762964,-0.00020426122383665121,-0.00011368741945325911,2.6974778583626952e-05,0.00015092095527567147,0.0002562310228870909,0.0003377744931461763,0.00043150916502810024,0.0004892864349525731,0.0004860766741984853,6.294001818346223e-05,-0.0006289754878013692,-0.001440996529238993,-0.002382428650124553,-0.003137243852852348,-0.003744343065191208,-0.004357616685369991,-0.0049215669849372425,-0.005418674731978232,-0.005911507194744229,-0.0059379965507088475,-0.00577648699157614,-0.005455483442602347,-0.005091976089843392,-0.005019032274300744,-0.005094558269318975,-0.005092621634087224,-0.00513716519333787,-0.0053121308382147485
2016-01-13,0.0,0.0008401268466987653,0.001619091129501816,0.002497024575850506,0.003315159479703074,0.004218775296985229,0.005136140622055437,0.006093674057512045,0.006967689606100031,0.007895742462730199,0.008050884343592097,0.008206662183585125,0.0084587596423658,0.008511546874202237,0.008652739024417154,0.008700238443877741,0.008679787581526696,0.008479874869480528,0.008417187735994243,0.008265402610645048,0.00808323004387757,0.0076018971982104,0.006768756245145614,0.005458508913074809,0.004302929771518364,0.0032766896248092848,0.00208272540609156,0.0009245661184568955,-0.0005258540589970299,-0.0018176997222110348,-0.002920319138431266,-0.003622012411104996,-0.004080281537999121,-0.004133069458531552,-0.004337565430138943,-0.004729967278727496,-0.004798168654683112,-0.00494595426150339,-0.0048924546871465845,-0.005121185406545479,-0.005438284686697971,-0.005865925837379335,-0.00623816933176841,-0.006830965171826188,-0.007395955302879622,-0.008007549866949293,-0.008571191759926093,-0.00885984571484485,-0.009065310680769566,-0.008922957911566423,-0.008743031519773322,-0.008446357953158441,-0.007901566999852519,-0.006772004764392745,-0.0055493601110400545,-0.004149775077132683,-0.0030604849080440337,-0.00228381330699141,-0.0014304372530688073,-0.0004965587119616144,0.0003426547660378028,0.0012197151076867615,0.0021119444345875883,0.002720037669501745,0.0032906185362883734,0.0038694916728145984,0.004619605185842889,0.0055213817864620636,0.0062319013424092014,0.0065757332331624835,0.00706350716953268,0.007416300983047767,0.007446685639591203,0.007358171241411547,0.007183101039465174
2016-01-20,0.0,-0.001517164475152409,-0.002922424944598251,-0.004491409160032412,-0.0062018343279912755,-0.008017745214937137,-0.009762113510851786,-0.011412068210098141,-0.01293642080047729,-0.014619657219152107,-0.014570431532358248,-0.014474721855284834,-0.014565645830940268,-0.01450616831017824,-0.014422769009316825,-0.014327756970399782,-0.014237538066470979,-0.014221818938581503,-0.01429084825317183,-0.014229336751526692,-0.01425120707418315,-0.014275811758916372,-0.014344161282000093,-0.014446010738338446,-0.014398844264259587,-0.014249840165004113,-0.01416236186366755,-0.014166462238100008,-0.014271710936086339,-0.014554023508560845,-0.014814532678965542,-0.015026545605708918,-0.015291282906791027,-0.015499291085546698,-0.015694338056555252,-0.015914068104359608,-0.01614137864508452,-0.016303677120554107,-0.016434493796921898,-0.016509156010375923,-0.016600950224253844,-0.016644110117621423,-0.016522171095202046,-0.01639613739608993,-0.016498196070326696,-0.016559162261167826,-0.016579028452096925,-0.016656441857876767,-0.016621502322110036,-0.016699604146375367,-0.01670165953991645,-0.01672221370768574,-0.016847603280576436,-0.016990141670243607,-0.017110766947965095,-0.01730064416241316,-0.017583813258421295,-0.01803512973151946,-0.018577253070304903,-0.01881890144289426,-0.019305808026542425,-0.019745532463823885,-0.02016826241888629,-0.020610429788843875,-0.021182167587995245,-0.021690883051146456,-0.02201593558235927,-0.021947748434095055,-0.021491909382830462,-0.02103008507227111,-0.02046531132274596,-0.019742783585538003,-0.01904756005898154,-0.01837272138880131,-0.01739456788065471
2016-01-27,0.0,-0.00012572852806954203,-0.00011160849365665343,-0.00019498682219805779,-0.00031065214337571063,-0.000473413217204865,-0.0005016637048638641,-0.0006570556544609415,-0.0007875766419499428,-0.0006866568589629596,-0.000664455873440194,-0.000533278292106109,-0.0005299149906355744,-0.0005070448406199015,-0.0003557114417562364,-0.00013783157339743887,-0.0001452279509880504,-0.00011093611603860384,-4.033824966978135e-06,-6.454315216197494e-05,-1.6807711378351774e-05,-1.882465572789616e-05,7.865633471590425e-05,0.00017075033384864955,0.00022922898159684804,0.0002225074718919806,0.0002675407242515772,0.0003985961134870823,0.0004254771474407523,0.0003824671462649826,0.0003777628151551845,0.00037440256509892894,0.0004053164397188365,0.0006082490177461014,0.0008527885322506473,0.001193297519235459,0.0016222946426722245,0.0019947484970937153,0.0024247433618929406,0.002906842184053604,0.0033270641840667655,0.0037203177797511143,0.003980168849046923,0.004091321623963358,0.004211165291724763,0.004162961744201933,0.004053825683229255,0.0039734725041797895,0.003846233431165948,0.0036667318422957105,0.0033598970617072063,0.00310658694041257,0.0028170110664939127,0.002519974623034615,0.0020725771841161073,0.0017243138169959322,0.0013826428817126507,0.0010932388606029885,0.0008541319907829411,0.0007379161529862832,0.0006646865212884335,0.0005652468770393529,0.0005538241225762363,0.00058271671972375,0.0007177617433351611,0.0009152574447509849,0.0010878663004167005,0.001195312020285582,0.0012094134140071386,0.0010690621124549275,0.000936079548422297,0.0008655513154376269,0.000832636437674649,0.000727167185054936,0.0005424012376325318
2016-02-03,0.0,-0.0019795528707760713,-0.003717654734754462,-0.005433195665132173,-0.006815841792613597,-0.007650262045464195,-0.008535359752606246,-0.009141404612393439,-0.00963488960660649,-0.010227393235777347,-0.010067734418212305,-0.009831675505198947,-0.009917570150397,-0.009830322892627764,-0.009859404466105228,-0.010131324282550617,-0.010323471419134585,-0.010673355206470319,-0.011018621674371648,-0.011233965826307701,-0.011376199656254235,-0.011510324370763027,-0.011588910844038987,-0.011689185311601213,-0.011843681873343653,-0.011899252262743682,-0.011734583140576406,-0.011511679257636636,-0.01143513102730298,-0.011376199656254235,-0.011343687282922704,-0.011311175966611114,-0.011185204598517365,-0.01109446086552882,-0.01100304826657458,-0.010967839716851694,-0.0110003398725845,-0.011091752223946538,-0.011118838969929283,-0.011076177677224712,-0.011024038568717174,-0.010951590035074255,-0.010790461648575325,-0.010672001454954116,-0.010433769728806339,-0.010251073620943268,-0.01014620760071893,-0.009983179691806359,-0.009542258104459666,-0.009310378905046617,-0.008991379371378934,-0.008721795977434528,-0.00865559362790252,-0.008625196058084473,-0.008757601115070244,-0.008702880573201736,-0.008638030474856735,-0.008649514040017436,-0.008898807456618255,-0.009056252389226966,-0.009354992882613232,-0.009326601939322204,-0.00922994358091815,-0.00909477273490113,-0.0088879966969393,-0.008810973416952599,-0.008673157089418067,-0.008601554142588503,-0.00854211408145575,-0.00884880867279442,-0.009281989228342375,-0.010029176576202023,-0.010776245684385817,-0.01142903451752088,-0.011829450928832166
2016-02-10,0.0,-0.0006053241976881852,-0.0013873722566668217,-0.0020498473908817016,-0.0027443727251791404,-0.003495084802557917,-0.004342719148647598,-0.005263408732319208,-0.006012567686569823,-0.006969992040068395,-0.007321323462063843,-0.007674159567140861,-0.007977380445150796,-0.008201919838076043,-0.008470051370637622,-0.008716132223263773,-0.008846109470514986,-0.008877914986700418,-0.009209167334515354,-0.009332291166118414,-0.009413920939170782,-0.009651930516028523,-0.009712133774703698,-0.009896918132922133,-0.009955751780109573,-0.009908684585451103,-0.009888612485081612,-0.009716977872602856,-0.009485179493254212,-0.009394550559524519,-0.009350968577139346,-0.009125479451538195,-0.008992008313090528,-0.008788723815737583,-0.008741711516481765,-0.008703688479355836,-0.008534330694040394,-0.008639398269177288,-0.008680875351021713,-0.008626955480084674,-0.008680875351021713,-0.0087693655424949,-0.00871129297112186,-0.008638706999055001,-0.008455537256525206,-0.008395409599270756,-0.008478345244713106,-0.00851705089995986,-0.008667740755638049,-0.008747933605658797,-0.008730650120201602,-0.008770056902943578,-0.009014137010831397,-0.009296320838867628,-0.010006282263672886,-0.01060592097509269,-0.011124836280570188,-0.011619060692769143,-0.01199838587989811,-0.01226892500358636,-0.012468060810354153,-0.012472918276678839,-0.012365365616537703,-0.011953996706132876,-0.011262057835380923,-0.010438318295550747,-0.009887920350875446,-0.009535686203565671,-0.009270035648703172,-0.009138620060550377,-0.009372413442219035,-0.009697601621796118,-0.009864388072894458,-0.010260357771157061,-0.010524886420044064
2016-02-17,0.0,-0.0003206042140100099,-0.0008371917956066113,-0.0014449495291448222,-0.002063025938800444,-0.0030918688231576846,-0.003796386876573422,-0.004496414927645062,-0.005437203748622342,-0.006420275448628904,-0.00721214373855431,-0.008204113014535573,-0.008863587947633646,-0.009110466456395985,-0.009520634183521469,-0.009403221696855141,-0.009386756413725246,-0.009233570687185664,-0.009142672494887842,-0.008763422746514657,-0.008249875972432315,-0.00779162587210189,-0.007247860422392598,-0.006700106752155845,-0.005880108454682057,-0.005115668017065767,-0.004419480452984197,-0.003990038382783448,-0.0032547889787688878,-0.0026679739484276412,-0.002279087562690175,-0.0018924839417098199,-0.001663008739121696,-0.0018413270135584365,-0.0020346002527801476,-0.0022492341641984995,-0.0026125110680126767,-0.002638819999576484,-0.0027618412159136282,-0.003167278346704921,-0.0034881881108435792,-0.0037451324603178892,-0.004238565292441289,-0.004475756015193591,-0.004533459563585936,-0.004933914177550213,-0.00516627986801969,-0.005519208340212275,-0.005869407961139377,-0.006084153105496071,-0.0061583614840842555,-0.006201890114691212,-0.005808773993758417,-0.0056432976390245,-0.005638305243512726,-0.005415099313723186,-0.005214755591671959,-0.0046289270658795125,-0.004100408039357387,-0.003463280119184363,-0.0027085064603075497,-0.0021795797000653903,-0.0016843200072423675,-0.0007293108052680063,0.0001120453742388652,0.0010901362190373052,0.0019929576502484537,0.002696946607947583,0.0034499137049255396,0.004212201211817384,0.004892752851993524,0.005785803412435925,0.006449783638660347,0.006859088892745852,0.0074160666375414925
2016-02-24,0.0,-0.0008917156833802059,-0.001986349518029841,-0.0029721929854826376,-0.0038609189214186073,-0.004710178270809973,-0.0054901836093059165,-0.006068515005063848,-0.006645058202526775,-0.007041403339393836,-0.0070959130826698915,-0.0070683038803086295,-0.007101576603015049,-0.007020166581396484,-0.006933100588504299,-0.0067285607228653515,-0.006645058202526775,-0.006652134416893653,-0.006608262694971002,-0.00673068375918939,-0.006874353022883864,-0.007258044035983411,-0.007466233236814464,-0.007735385550315945,-0.008109485907098538,-0.00859219709463768,-0.008961653349298803,-0.009163103507380805,-0.00946819333031908,-0.009703814747408602,-0.009897605287416488,-0.009903994626024188,-0.009759889467342514,-0.009609417574427407,-0.009372399291686165,-0.009202830864211529,-0.00898293137867052,-0.00890136805800515,-0.00879499111475275,-0.008514210343838141,-0.008164053903973973,-0.007886284194533483,-0.007815436924922207,-0.007641882324386509,-0.007328143722723206,-0.006880015288554561,-0.0064717065901879305,-0.00611943549908847,-0.005688107809224895,-0.005427986950518559,-0.005288765270156639,-0.005312085316953233,-0.005358727042083583,-0.005474634081940422,-0.005833748487064958,-0.006125093491816558,-0.006432087583530348,-0.006746960520751194,-0.007076798938308813,-0.0072559198797601575,-0.007316814147504249,-0.007217685839281286,-0.007226182166389943,-0.007419493112604632,-0.007535639269926326,-0.00774813666763279,-0.00807830553145748,-0.008466003394229812,-0.00908223483593097,-0.009742853776860698,-0.010549528198964325,-0.011354720989478657,-0.011907289111824579,-0.012258758956626642,-0.012596827266013905
2016-03-02,0.0,0.0016325845872342743,0.00320665722916748,0.004708719746565324,0.006289647677195805,0.007725999714240447,0.009067752356723578,0.010427560014781075,0.01196051944940994,0.01353890511826054,0.013895080291976706,0.014395012610326927,0.014901510346175869,0.01561616957646732,0.016230953619752585,0.016637878423895656,0.01709428093937932,0.017325463527736375,0.017498135649639597,0.017633397311491147,0.01771563289609818,0.01767417613260825,0.0175457172146469,0.017303707444700715,0.017113321525068084,0.017203759356430655,0.01721871820938619,0.01733566152872436,0.01738461048584939,0.017503573657371093,0.017563389790751692,0.01760621050687697,0.01772650651676251,0.017839992875586155,0.017928326635923503,0.018032278682190747,0.01805673641684885,0.01808526968460277,0.018062171387761575,0.01798675852779501,0.017944633553862013,0.017982002571214115,0.018113802138232774,0.018153882067126655,0.018229282325357338,0.018274791441622338,0.018528110310648473,0.018740631330150612,0.01891916839250897,0.019020981341846405,0.01925986169989144,0.019299895722030207,0.01919675396988594,0.019052880599919914,0.018815987361978176,0.018583112094825077,0.01829992245400627,0.01816203372048579,0.018054698295141,0.018083910976028208,0.01806964442453524,0.018223169002695185,0.018405873291558413,0.018708043179199427,0.019095637583821674,0.019322286933819714,0.019474262514892943,0.019485795433064123,0.019519036629492396,0.019390136029315497,0.019213040216964947,0.019139750016239174,0.019174359947053347,0.019143821834978203,0.019113961445867984
2016-03-09,0.0,-0.0004248621352847788,-0.0008679815424635305,-0.0012382907816917304,-0.00188146809970562,-0.002358088088758473,-0.002808773278703224,-0.0034368520427098285,-0.004094207209043375,-0.004580619258003626,-0.004374335532486766,-0.004011594414826923,-0.0036838970699362614,-0.003432824640263556,-0.0033448970629975797,-0.003340198860429245,-0.0033234197457284796,-0.0032844932838503186,-0.003302614034492835,-0.0033522799973448743,-0.003504649085240868,-0.0036979965890420407,-0.0040478626060152945,-0.0043320089547153615,-0.004534252107441474,-0.004696210500617138,-0.004849456698999952,-0.004881049843827829,-0.004845423603417463,-0.004805765696549901,-0.004796355576638001,-0.004717045227133476,-0.004569867263508445,-0.00423123859885025,-0.003911527894012717,-0.0035845346676475435,-0.003252950538226268,-0.0028282270633874108,-0.002481469793688131,-0.002014174896297863,-0.0015564778549284504,-0.0011143926793508938,-0.0006403730307970297,-0.0004958015878224607,-0.00028366744731635543,-0.00014115463848554007,6.020207832760881e-05,0.00011103656659578408,0.00012976441088771644,5.083754862434989e-05,-6.689544912751998e-05,-0.00017795177553853653,-0.0003438902314874112,-0.00028835131157123946,-7.9606090376307e-05,0.00022139202162815472,0.0005055848507145898,0.000909334109196137,0.001314924581309022,0.0016943067673202054,0.002170334634287452,0.0025980990180478904,0.0029676575399103958,0.0033677474321086513,0.0035910613380604217,0.0037743414595782527,0.003963584587585669,0.003988903134888729,0.00417677337972589,0.004514451350712691,0.004887296509775954,0.005344507828229921,0.005817471573500145,0.006182518440195603,0.0065600587826715896
2016-03-16,0.0,-0.00011793005957072854,-0.0003866749321655487,-0.0006427534464325752,-0.0008593317448597401,-0.0009901060597635198,-0.0012094429187932303,-0.0015959147977103248,-0.0018757975709406184,-0.0021994047871171426,-0.0025661071430914304,-0.002879858561157829,-0.0029658718583289363,-0.003031730789865587,-0.0030888568452427977,-0.003257565775352863,-0.003424958539334446,-0.003525138695611973,-0.003719476473436404,-0.003848607575985196,-0.003851970587898717,-0.0038795477122049475,-0.004008026779206616,-0.004044353697255157,-0.004125084906773536,-0.004096155474067705,-0.00411499314914918,-0.004159397644506164,-0.004286566881026322,-0.004512012414508734,-0.004764437123448711,-0.0051186122526104645,-0.005326731812323276,-0.005593511480175022,-0.005887320930688313,-0.006181890902791741,-0.006291787051042277,-0.00636258544455527,-0.006382814477668816,-0.00636258544455527,-0.006432714509035218,-0.006444178381484258,-0.006469803983350198,-0.00644620143144119,-0.006380117249610141,-0.006375397118012841,-0.006507569225170204,-0.0064691296169932695,-0.006452270605868267,-0.0064030439200045315,-0.00628774157994724,-0.006009317646364542,-0.0058219476000859255,-0.005640003098047801,-0.005463481185628164,-0.00527284557020891,-0.0050539625663409546,-0.004705868914188623,-0.004328960220567968,-0.004012063038267217,-0.003632053422477632,-0.0032723543690454247,-0.0028744829757229554,-0.002178588723561653,-0.0014630482418388165,-0.0005669956420853375,0.00021170316615494954,0.0007407650847660967,0.0012856071375597624,0.0020060294686316755,0.002661116274345831,0.0031855448012470125,0.0037824572991819387,0.003990024561564418,0.004254260085030455
2016-03-23,0.0,0.00010641328203519164,0.0002517399591435409,0.0002218978111293215,1.1031171169810756e-05,-0.00023817319327290985,-0.0004212222061308956,-0.0006666383467848888,-0.000943290647913137,-0.0011271184167520234,-0.001080346309289803,-0.00099395358545208,-0.0008776924524245134,-0.0005939161740221736,-0.0004432942088998589,-0.00039720322724137513,-0.000497827127969556,-0.000663391708435461,-0.0008575592158600452,-0.0011180236689688013,-0.0013694589466626708,-0.001669054819419679,-0.0020142537461649923,-0.002403151563939019,-0.002654259595706241,-0.0029965446183520972,-0.003322019260892263,-0.003497819625056549,-0.0036124320593286753,-0.0036449948061165163,-0.0035707532906176153,-0.0034567967756492387,-0.0033819181359833147,-0.003275144382953812,-0.003191165721296341,-0.0030850632333539463,-0.0028553215810605908,-0.0027219264302646385,-0.002706961255202758,-0.0026698746126683614,-0.0027720288637243075,-0.00294447850478934,-0.0030453590619698395,-0.0031475516795208096,-0.003286862896447399,-0.003303789880599644,-0.003331785137033072,-0.003351317175436357,-0.0032478017188261273,-0.0031820521822227372,-0.003099383157380412,-0.0027863443057918372,-0.0026113195562598637,-0.002401200194028572,-0.00221908909665065,-0.0020168545669840615,-0.0017964590048195556,-0.001501374052010834,-0.0012999343422345538,-0.0011492060057366497,-0.0010537131700628633,-0.001080346309289803,-0.0009920049634688452,-0.0009277025681174497,-0.0009251045784418421,-0.0009634256106202874,-0.0009959022112324496,-0.0010173373454317716,-0.0010095426980161722,-0.0007705363398288889,-0.0004010981575999953,-3.958343946220127e-05,0.0002906631617235368,0.000473581922952621,0.0006434977436913923
2016-03-30,0.0,0.00023907119640920985,0.0005463644899187969,0.0010773390572923673,0.0016821358620395068,0.0023049172236396863,0.003070079327275871,0.0038621388739551975,0.004718297430035599,0.005540409009034429,0.005452871250154165,0.005420859260681484,0.005493374747832626,0.005450258064936174,0.005665822891339766,0.005799710978732857,0.005813425331619891,0.005804282450593324,0.00577162862166782,0.005723952116542425,0.005766403910088225,0.005848689946847336,0.006024341449494614,0.006303100379990724,0.006416670731723973,0.006581129067032408,0.006834942219504736,0.007106953174678234,0.007421271758058939,0.0077002934368547065,0.007901036578207425,0.008050264292481851,0.008102390996873881,0.008038535409520787,0.008091965873368674,0.008155818049088185,0.00823399883437565,0.008332367638645364,0.008463945214889801,0.008605925356144467,0.008803882362352614,0.009040858290222971,0.009274524061366354,0.00959466815496956,0.009879588271931741,0.010248952864992009,0.010527186783501246,0.010827436538960695,0.010968431829496895,0.011233475150689932,0.011461434161919517,0.011678304182956586,0.011803599853311093,0.01190031997035943,0.012093083173045199,0.012307220938420934,0.012507690192850168,0.012636125096963415,0.01286700697596662,0.012977240755988061,0.013128306140031788,0.013290368086944818,0.013564517100639908,0.013858673815721508,0.014088625957540813,0.014243409030021706,0.014443490552577895,0.01473738886328923,0.014932194542005438,0.015206540836039643,0.015404489288580346,0.015526731996130382,0.015694872152987253,0.01580867406149068,0.01592246302059316
2016-04-06,0.0,-0.0002153560704263596,-0.0006593460235807693,-0.0011193067773258246,-0.0011009042845762824,-0.0009484395138290217,-0.0007421233473714969,-0.0003204246441843605,1.0503987904716539e-05,0.00037413653663054676,0.00021924786255527704,0.00010437848040324145,9.91269932477295e-05,7.15562332184737e-05,3.545051699051262e-05,-4.661277748981521e-05,-0.0001418146366899872,-0.00028496276635602436,-0.00030794717340686177,-0.0004491486934953772,-0.00048264593342445077,-0.0004984097287160746,-0.000542418305797859,-0.0005489869162476188,-0.0006251859507903389,-0.0005463594668901821,-0.0004071145289082872,-0.00026460558984313143,-0.0001674222007717608,0.00011685065187077137,0.00035116727376904763,0.0005841167664510442,0.0008832624322836433,0.0012321526436155025,0.0014609637675880149,0.0015776438394852115,0.0015324155398025955,0.0014452305814471108,0.0014091744295588679,0.0012085473709834284,0.0010196851277222835,0.0008261954957030662,0.000721236305052145,0.00059920739717097,0.0004640397201495996,0.00046863309643558926,0.0005322819960036854,0.0005900218229839768,0.0005650891248643816,0.0007225483629296376,0.000870143884558988,0.0009173698509783479,0.0009344231240921156,0.0008301312510565044,0.0006287318856038372,0.00032688490791712706,-4.9238914114676164e-05,-0.00032764851421523413,-0.0006067925487658446,-0.0009195264036372777,-0.0012290715357842514,-0.001417737324104166,-0.0014808529894990037,-0.0014091907173205919,-0.0012100097252338198,-0.0010963037143026332,-0.0008998133987044056,-0.0007493502643522934,-0.000539790873698812,-0.00036245516491593364,-0.00020681973370342458,-0.0001542900347127533,-0.00020353654667438616,-0.0002488454797322262,-0.00024424882773654903
2016-04-13,0.0,0.0011639997844260393,0.002411948590390022,0.0037596642165539625,0.005163566029574034,0.0065757959934283116,0.007897992884674819,0.009190845287507014,0.010633294917995773,0.012151102547756218,0.0125221985263914,0.012871414808024085,0.013146992107441661,0.013256306841610577,0.013358578813554373,0.01357715008687363,0.013920887771127856,0.014239602084130136,0.014475219298558184,0.014588219239624854,0.014626521406702111,0.014749716762456953,0.014839071772524134,0.014907359147523325,0.01490480643235985,0.014909911856170681,0.014793757015255076,0.014707589488296023,0.014617584365603177,0.01456140684974542,0.01455629964635421,0.014524379034190826,0.014525017456419806,0.014532040074036487,0.014528209561450098,0.014451596228266535,0.014439465245577186,0.014468834739996042,0.014465642445428936,0.014440742198053323,0.014438826768727419,0.014498203371873249,0.014585665709656827,0.014691631724029552,0.014791842261985415,0.014917569943014616,0.015034348501327805,0.01515685560944548,0.015355259764462264,0.015511531142465666,0.01563270438016526,0.015637168376915356,0.015589338803243202,0.01563461752406969,0.015739197155496314,0.015841215525267384,0.015819537492509844,0.015768528502802012,0.015566379795275451,0.015502602007271509,0.015456679481116368,0.01545795513531952,0.015577221614724142,0.015714328600157073,0.015835477268212005,0.016012710454633806,0.016335219758253076,0.016550592944104648,0.01685254704810133,0.017091370205147543,0.017305943966656107,0.017436448513333275,0.01745299909254016,0.01738170233823124,0.01729512087361342
2016-04-20,0.0,0.0002724567428563222,0.0006219271218469866,0.0010716983588524877,0.0012188408116415945,0.0015231612166527327,0.0018513698694118147,0.0021750548075435082,0.002396463097633593,0.0026644844614866314,0.0029961008738639224,0.00311459869975645,0.003035811816030002,0.002937477076935044,0.0028851540116235494,0.002620344707451442,0.002205335757989123,0.0017649099638769117,0.0014284656218842627,0.0011449565352239215,0.0007116448396401927,0.00026740021722036376,-0.0001858947613381208,-0.0006324362857342796,-0.0011222167169642075,-0.0014539355616995024,-0.001714829962371784,-0.0018909088258893324,-0.0020214045323856725,-0.0022266846676284044,-0.0023464508765279673,-0.0022393576619212778,-0.00203597549821605,-0.001894709430945658,-0.001750296592393392,-0.0016768313974463863,-0.0015381488874000103,-0.0014406393690640812,-0.0013323769522562967,-0.00111335550880172,-0.0009753839686938048,-0.0010336081685863882,-0.0012507130599008697,-0.0014533024056604133,-0.0015178863867028145,-0.0016192029961277304,-0.0016641655299957994,-0.0017255964849465831,-0.0018237671848717997,-0.0019048444483811314,-0.0018535369788574925,-0.0017407964788668626,-0.0013197154468411313,-0.0008886868229690839,-0.0005824592656638488,-0.00032818450713563327,-0.00021308634788347412,-3.8567160447084355e-05,0.00017701050793238432,0.00033250103027648696,0.000347037526203934,0.0002326359113098577,7.64976711258008e-05,4.804880748204867e-05,9.483500132245116e-06,2.9082448744203946e-05,0.00020166305711770253,0.00023200382183391147,0.0001808032473646427,0.00021304095176483018,0.0002996351300986779,0.0004544746392570674,0.0005631639723908204,0.0006231908075635149,0.0007160673358677591
2016-04-27,0.0,0.00011616607994931655,0.00020406657664358394,0.00010046874959397604,2.63740238485849e-05,-1.2559303461144052e-05,7.723624845419539e-05,0.00032585878046093535,0.0005668882788678623,0.0008925624162236575,0.001067591972512554,0.0011428640812208624,0.001324748289218334,0.0015912429795564584,0.0018112827067047147,0.0018351017670939348,0.0017160007912655692,0.0016539372927638941,0.00149468604913913,0.00121813052446527,0.001011761498908124,0.0008317026687475648,0.0006378051683824752,0.0005524532517093887,0.00040683610779513306,0.00033213632712047634,0.00035661838255963366,0.0003076536722956063,0.0003541074300990553,0.000447008472352293,0.0005750471150916197,0.0006390602892757369,0.000666672550376454,0.0007074619955798755,0.0007269148373424238,0.0008448788045070867,0.0009622015007172617,0.0011158922269764585,0.0013805612918436777,0.0015385767187421635,0.0016570719052488166,0.0017529862970262634,0.0017962387972938556,0.0017661502994974823,0.0017987461312457,0.0018244459417892714,0.0018526522906643504,0.0018852453029761128,0.0018043876096514012,0.001883991745222496,0.0019961789412713143,0.002125272653458802,0.002257482433603581,0.0023264000326167233,0.0022794112757645816,0.002297580523561381,0.002285050043167711,0.0021403116137656123,0.0020130999399490686,0.0017974924650556183,0.0015040913547974316,0.001359866946384867,0.0012582703112783197,0.0011685807531212674,0.0011692079807594346,0.0011735985632108116,0.0011773619042548683,0.0012532529260383847,0.001359866946384867,0.0014796373760867388,0.0017022092355841727,0.001750478848336464,0.001778060438128443,0.0018864988591583243,0.0019704835439108208
2016-05-04,0.0,-0.0003699262287922936,-0.0005126394133110211,-0.0008465774337719535,-0.0013415533735730866,-0.0017992686968608135,-0.002081889675233158,-0.0025185894097050016,-0.002870028550115021,-0.0031756156163194786,-0.0031723779757693547,-0.003048060507645292,-0.003159427518391448,-0.0030765485624115923,-0.003062951889582115,-0.003097915136091291,-0.0032649786329116783,-0.0032934728680117415,-0.003276635267317681,-0.0033122536032522973,-0.003349168490156081,-0.0033789604451645618,-0.0034003334813962134,-0.0034288315736452552,-0.0034638076150604004,-0.0033789604451645618,-0.0032565600370104628,-0.0030422335055116678,-0.0028551400407750625,-0.0025237662539395285,-0.0022714262846670443,-0.0021103502185725862,-0.0018807484731081297,-0.0017430127257111842,-0.0016195193368147571,-0.0014701838310511198,-0.0014055433420362825,-0.0015089701301837424,-0.0016906393214311374,-0.0018930356820914369,-0.0021058223506777375,-0.0022261412346776224,-0.002330299915670069,-0.002353591539744236,-0.002131696157654007,-0.0020139757422108846,-0.0018277211976759765,-0.0016356825255407481,-0.0013118220542113826,-0.0011554240170110134,-0.0010862806164786242,-0.0010449261010120373,-0.0010248956223766787,-0.0010972656971237654,-0.001324102274622031,-0.0014856981701793957,-0.0017087433978877258,-0.0019855179415701136,-0.0024732931657911817,-0.0027567519865588745,-0.0029839653515661615,-0.0031924515161565865,-0.0034586259021026277,-0.003651015002849509,-0.0037708720426991083,-0.0040456256248100906,-0.00419080894168729,-0.004217384956057965,-0.004087752541550577,-0.0041350664254296175,-0.004183030729625841,-0.004407326790993981,-0.004559046869038343,-0.004640751831168826,-0.004845692058734169
2016-05-11,0.0,-0.0006111447476762698,-0.0011845514563707741,-0.0016909212753513758,-0.002250958591905899,-0.0026128293723730192,-0.0029271081274894555,-0.0032764933498850104,-0.00358843392837139,-0.004022766317926378,-0.0035591455717645716,-0.0033509682778076837,-0.003136470042140275,-0.002817671927412284,-0.0024474591653469747,-0.0023527016411947614,-0.002251594453818335,-0.002124430116631047,-0.002069754422951286,-0.0018256575610538608,-0.0015695470521006323,-0.0012277449001207423,-0.0009374954073693395,-0.0007889101105635821,-0.0006739938897585994,-0.0004930752223626648,-0.00036803829028876406,-0.00022842161399227204,-9.961078837485272e-05,4.441014289773151e-06,0.0001262440031811417,0.00021631792094373582,0.0002797453891180251,0.00036409768876697436,0.0003571214526809278,0.00035141358695655694,0.00024993498014553087,2.283929195754071e-05,-0.00031282391092722145,-0.0006854214308946854,-0.0012150407524069806,-0.0017551094114357198,-0.0023603327872085762,-0.00292456296355546,-0.00344200072266154,-0.004150172300446644,-0.004774696360141223,-0.00517574444633574,-0.005483812679188145,-0.005874934537134745,-0.006096404132402667,-0.006284085350660019,-0.006428381257120586,-0.0063996481111041345,-0.006390070579227613,-0.0062042846098752736,-0.005885145313077164,-0.005599920984124501,-0.005307124259825018,-0.004929613201027219,-0.004591122287168727,-0.0043362141897161895,-0.004080734027380384,-0.004024040297405164,-0.003864168551147325,-0.003724699736052693,-0.0038539783900025247,-0.0040597123817733265,-0.004296709250319342,-0.0044375323776600925,-0.004550332624793148,-0.004617254039001413,-0.004638924790180647,-0.0045286637933669585,-0.0045299384175121
2016-05-18,0.0,-0.0007753847751808977,-0.0015812044864959914,-0.0025458691942788674,-0.003342307447741939,-0.0040712896085125325,-0.004775331640765244,-0.0054352639643251936,-0.006063113409447642,-0.006940850893455204,-0.0070582811869043145,-0.007335318144384711,-0.007623926727385212,-0.0077452693646544776,-0.007992470705016404,-0.008232704192675208,-0.008463408214818393,-0.0085912449929943,-0.008675626219755737,-0.008625124478553618,-0.008633434716351033,-0.008621928251635644,-0.008521571922662459,-0.008461490787545656,-0.008348369085409976,-0.008317694219178808,-0.00830555234456903,-0.008312581832953253,-0.008315138022798856,-0.008271044663731021,-0.00826082039438269,-0.00826209842233441,-0.008366902273077249,-0.00850623171521145,-0.008522850283905694,-0.00846212992956151,-0.008397578648819293,-0.008167528765321772,-0.008049329269352956,-0.007897287760450612,-0.007675655209066816,-0.007486635708843808,-0.0072906295726496255,-0.007004669994406173,-0.006482749314500148,-0.0061134859269779095,-0.005698466555044204,-0.005617522788928807,-0.005390023038866412,-0.005259409316658055,-0.005129449667671854,-0.004916072171818599,-0.004636521018346002,-0.004390784325884003,-0.004521284635609465,-0.0045492966782431895,-0.0047632327007277155,-0.004821818403667772,-0.004846654683232655,-0.004853023059404975,-0.00482882344570607,-0.004838375854839641,-0.00486257569970717,-0.004988679104666203,-0.005074030836657494,-0.005186145672943938,-0.005079126692898294,-0.004989316030911084,-0.0049638392975365105,-0.004712928151243786,-0.004513645123799657,-0.004333496886139417,-0.004133653069144767,-0.0037328129538075974,-0.0034275187686897608
2016-05-25,0.0,0.0011594667237303786,0.002300228687187279,0.0035822731418347037,0.005110223992799312,0.0065871829054836096,0.007974369315444575,0.009235754053544017,0.010517234415111395,0.011784335345923854,0.012073478408154476,0.012411555111491262,0.012763517304329595,0.013011025915106734,0.01312680582653098,0.013168788636484671,0.013282642234238369,0.013497593015788728,0.013633662230720421,0.013710590369386697,0.013694060855303218,0.013725848139883383,0.013851715864513772,0.01391273693777881,0.013989008043460817,0.014064637812263634,0.014136449021261648,0.014194910976208008,0.014267348222709348,0.014423642299863228,0.014574830397201088,0.014790773749747896,0.014973653999889099,0.015234581449254603,0.01546561364372985,0.01573021955854959,0.015963040232808312,0.016161561094482607,0.016395549458909427,0.01644690543093877,0.016535662621121897,0.01658384179695043,0.016592082739282976,0.016517911813301228,0.01649128501076029,0.016481141280441227,0.01652615329897486,0.016614269554167088,0.01661997465557368,0.016700476505416558,0.016754352076312644,0.016820266473815362,0.016919129924458636,0.017062337845495303,0.017234033582065718,0.01746840452519575,0.017653328766947494,0.017794532130101726,0.01794711066006622,0.018149668587578313,0.018402175543145216,0.0185983148887571,0.01883363133352836,0.01910303862015843,0.019403980646833678,0.019631523726144677,0.019883656827216697,0.02021847219546399,0.02061757724558812,0.021003269519070073,0.02128660488939159,0.021625366080187686,0.021954554708873784,0.022172692831518973,0.022277331805093455
2016-06-01,0.0,9.06132620475922e-05,7.836870643608314e-05,0.0001971345700830304,0.0005906752446525731,0.0010605178437925558,0.0014677808281773781,0.0019201008094834678,0.0023978707692855275,0.002971870316075548,0.003169640639451873,0.003388729371569604,0.00372428756050766,0.0040511959674657,0.004280456013382905,0.004527949080573195,0.004708348776089659,0.004779037079094022,0.004893590269982328,0.004939895282325708,0.005000819663611748,0.005139104234593937,0.0052207257993003575,0.005235952965783881,0.005299904533151866,0.005288332647838844,0.005209152997698311,0.005167733452418117,0.005082452515640736,0.00492953776836033,0.00483448733672336,0.004613886778233305,0.004280456013382905,0.003985334959780799,0.003695006966402296,0.0034515788382700713,0.0033270964468756848,0.003169640639451873,0.0029486724683463594,0.0028424438704090305,0.0025725480595443612,0.002439405197667789,0.0023685513105694833,0.0023416743848973754,0.002331289924692055,0.0022726462430737522,0.0022213302003846742,0.002311131547037663,0.0024473454066724462,0.002537737187922362,0.002719717475929087,0.0028595388894094046,0.0031165394863206207,0.003289260492584388,0.0034216800700053998,0.003546760800627799,0.0036535246570762185,0.003660235147311236,0.003617531259115674,0.0035559124349725567,0.0034741548668607136,0.003461951671453893,0.003324655460766169,0.003086630698964122,0.002981027213096307,0.0028424438704090305,0.002754522013345029,0.0026409448390598486,0.0025627767091436523,0.002339841840932118,0.002248821265026759,0.002080808510325245,0.0020025965816219413,0.002060645082688343,0.001946377979238165
2016-06-08,0.0,0.00016091214231761316,0.0003725992043111054,0.0005437305552965969,0.000515916145132734,0.0005153114754502994,0.0005739627323724561,0.0006041939954914155,0.0006428886787259689,0.0006362381366009777,0.0005304281078277267,0.000542521249202726,0.0005074507363050017,0.0005812183188718547,0.0006960914235163224,0.0007680315427686898,0.0007220871898352332,0.0006767452983631561,0.0006731178582298109,0.0007535230277812848,0.0007577546997300184,0.0007390143022940406,0.0006749315799412737,0.000542521249202726,0.00038227525614340207,0.00022321327395010326,0.00020264828101099704,0.00023712464701197917,0.0002177696405062172,0.00023410045193924674,0.00028611533304564156,0.000286720141331876,0.0004119075824738712,0.0005594514014413648,0.0007861668904962072,0.0009245892087470735,0.0009614582977977022,0.0010037654136189661,0.0010503011737905948,0.0009910734668102806,0.0009723374413914105,0.0009396996555361076,0.0008538692828949009,0.000711809874620607,0.0005806136886741656,0.0005558235358054829,0.0005673117318354547,0.000562474612750889,0.0005872646007411713,0.0006761407259214441,0.0007571501762623891,0.0008756297927686973,0.0009360731691298378,0.0010472794369264093,0.001108316750989302,0.0011349060990564514,0.0011614947401487464,0.0011911039857284505,0.0011077124394075818,0.0010364011086110947,0.0008985987061587596,0.0006628400397267971,0.0005122881215530672,0.00036957541891295215,0.00026494681257029036,0.00020930170735923462,0.00014155566064806037,6.0496323959239376e-05,7.440996080573568e-05,9.981697205349784e-05,0.00017603413292838874,0.0003901369793182158,0.00057093955579402,0.0007039506799522889,0.0007511049214847839
2016-06-15,0.0,0.0004099370018150094,0.00073406893497551,0.0011886625558254068,0.0014903788930367824,0.0017760019009265848,0.002000626478815383,0.0022861038062254374,0.002578264521298676,0.00288939870011489,0.002953949990286916,0.00296931873094487,0.0031469642278375825,0.0031697054903535595,0.003162944628491065,0.0031789247737756448,0.0032459156805531644,0.0032059675148294465,0.0031678616234697204,0.0031162319703356535,0.0030393971942634756,0.002952720480830475,0.0028598881510135555,0.002843288084428562,0.0028248432428045847,0.002815620694411459,0.0028039386776771485,0.0028574288992778314,0.002886939520951832,0.00289185787323018,0.002891243080518092,0.002969933475658284,0.0030068174669039206,0.0029834577637429995,0.002998211323961925,0.003119919891104518,0.0032551342614019173,0.0033602200769724177,0.0034831134542184965,0.0035881753163983657,0.0037521972072383234,0.003959796828162568,0.004099196054569039,0.004255766727360003,0.004366272444608374,0.004377322344729675,0.004385916627076513,0.004441163821453918,0.00446080653281172,0.004532621912075299,0.004530780556518475,0.004495180349296982,0.004564538203012012,0.004618548067190395,0.004642483324162585,0.004752332668046044,0.0048726007924745065,0.0051345634216602275,0.005397683952927603,0.005764342550672997,0.006132092367265096,0.006431708474883063,0.00669448796673163,0.007093119398679022,0.0076445730683602315,0.00811866574798144,0.008618207946602811,0.008925635565252991,0.009350866684159182,0.009753936124433635,0.010187359812023556,0.010547385933061322,0.01089020557302998,0.011167669215639076,0.011272536522011293
2016-06-22,0.0,-5.474913792959502e-06,-7.421804901195229e-05,-6.022570039297429e-05,-6.630930617046358e-05,1.0949737662696419e-05,0.00015024426887448537,0.0002664095850219437,0.00039289887495301426,0.0006804808385540267,0.000772270775827535,0.0009491402056235246,0.0011363081426005936,0.0011922086542873072,0.0012493211671682372,0.0010931653938722492,0.0008871482961555468,0.0007582900710235144,0.0006142166407415402,0.00041661383571943764,0.00023417658298604461,1.2166367779698548e-05,-0.00013018940142814098,-0.0002439669154026319,-0.00033159050884160334,-0.0002871692553943627,-0.0002628296793641577,-0.00026222119755369073,-0.00027986732038140624,-0.0003084668703968801,-0.0003352416585275862,-0.0003175945585391766,-0.00037783938990061644,-0.0004380878509207645,-0.0004983399420363435,-0.0005293803149129835,-0.0005719863171313424,-0.0006383335634253418,-0.0006517252846633879,-0.0006231159160673186,-0.000576247017194786,-0.0005634649714645414,-0.0006060724259495408,-0.0006285942424383186,-0.0007527776907706395,-0.0009189884957687292,-0.001006062324992812,-0.001126638606688183,-0.0012441840270134583,-0.0013404232070325162,-0.001506731721893977,-0.0016346801722471685,-0.0017498477762760032,-0.0022874720386393235,-0.0025807880637549714,-0.0028485674090759938,-0.003180493719602163,-0.0034343940821638364,-0.0038355171098973517,-0.0042331356792199085,-0.0044714161021891085,-0.004776375669908849,-0.0049713785237425045,-0.004617467296753401,-0.00441581225817728,-0.004188540779586106,-0.004009570299159054,-0.00391490603506175,-0.0035845674227711374,-0.0033092668566052467,-0.003073093738782005,-0.002812574669844704,-0.0025826177476314604,-0.002467354201063861,-0.0024734524685463026
2016-06-29,0.0,0.00045422654269128726,0.0008511216729726238,0.0012982079736014323,0.0017929633314711787,0.0023009684101763257,0.0028301726140937855,0.003425882052989906,0.0040763443512558725,0.004736785916239301,0.004874450482973889,0.0050224952221195485,0.00525186010564905,0.00545916069499666,0.005577773560474042,0.005612009709204011,0.005657248536597033,0.005706153074947896,0.005738551014564035,0.005686591546604991,0.005622402593868604,0.005531919739390617,0.005368663068051832,0.005136266779964488,0.0048805684683211345,0.004731278939358363,0.004622356942698283,0.004441814022106575,0.004237363363173603,0.004128999808853121,0.004027972359609218,0.003923260413809389,0.0038889663989690633,0.003977148632510816,0.004068384564100621,0.004175530231186272,0.004293683284830324,0.004409374042950998,0.004539739651341833,0.0046192971647342285,0.004764932213350906,0.0049111578336248915,0.0050695957704826895,0.005133208574048853,0.005255529516219416,0.005281826564621858,0.005234736011620169,0.005226173854641719,0.005266537667143763,0.005328303377592801,0.005374166536000933,0.005438371424216195,0.0054817838221313175,0.005494012326408128,0.005498292267577192,0.005522137318767425,0.005593669061008242,0.0057403848288150525,0.005884634346501732,0.006027029773954563,0.00624455616974627,0.006427217348125404,0.006626335001051859,0.006865101744482563,0.00709038176575332,0.0073223244208030355,0.007568857098615484,0.007736635424184649,0.00795866963666508,0.008205045503809722,0.008309919779770254,0.008383691023711807,0.008412954141821166,0.008461114492632975,0.008526950206946623
2016-07-13,0.0,0.0001807944630163415,0.00041613049137804824,0.0005880492370175067,0.0006731175483893427,0.0007575920204304317,0.0008866364641022761,0.0010144913524971378,0.0011405707609941419,0.0011446754047828372,0.0012296963800950723,0.0012214877736055536,0.0011775119485753285,0.0012015523058866455,0.0011816164407369414,0.0011335341895870904,0.0009968976130529663,0.0008467517777637994,0.0006607977583185921,0.0005669277072548167,0.00036801141896368976,0.00012679434561157143,-0.00016203839640941767,-0.0003346734000529423,-0.0005102749459153026,-0.0008104546741715273,-0.0010648849500437894,-0.0013017454388544927,-0.001403442217358725,-0.001418727020267475,-0.0014416546626866108,-0.0013787518753962667,-0.0012946917106065024,-0.001367582635248541,-0.0013205556241001578,-0.0011453994672367604,-0.001047842562393144,-0.0010590082318383742,-0.001083102995959233,-0.0011260048667517636,-0.0011453994672367604,-0.0012047610365155997,-0.001268828466037567,-0.0012917526718544362,-0.0013769883028687485,-0.0014751652395390013,-0.0015463054495736758,-0.0015057372716584703,-0.0014716377575143993,-0.0013146774032025649,-0.0011906549978964339,-0.0010684109975445245,-0.0009473571472377613,-0.0008480569199701977,-0.0007393667915999751,-0.0006071920140559186,-0.0004850193133940262,-0.0003246902920589747,-0.00015088273768656854,-0.00012974604138684293,-0.00011682939135493442,3.228712292953395e-05,0.00011505480378222692,0.00011153291435903765,9.568425845681118e-05,-3.933299460508677e-05,-7.749334852633133e-05,-0.0001320945411357023,-0.00020255209841303902,-0.0001485341938132716,-5.400988147326914e-05,-0.00011741650819146977,-0.00012504905843496852,-0.00010626134724151693,-0.00021781855683006962
2016-07-20,0.0,0.0006291556065908485,0.001096807906844386,0.0017393265551067449,0.0021057931132809696,0.0023410570752631327,0.002530047477980333,0.002781004288694538,0.0030020748912402088,0.0031780776469270454,0.0031956177523787084,0.003168138117271408,0.00310323640679617,0.0029178632814504,0.0028693214232995354,0.0028722456983204907,0.0028851124068237054,0.0028418328201018877,0.00286698199712567,0.002821362092802546,0.0027675513253721195,0.0027324557865377372,0.0027517584853190644,0.002817852783189003,0.002842417691867405,0.002877509371808907,0.0028307201915645326,0.0028587939624176682,0.0028833578654126803,0.0030640594617802053,0.003220173383161395,0.003352880285547345,0.0035475241886494743,0.0037082375928730593,0.0038887902070669474,0.003991614666525955,0.004162770573910879,0.004271991284252013,0.00437068851015146,0.004336233188918238,0.004258558364311756,0.004127723967762243,0.0039816832197972565,0.0038543182775852797,0.00370531576150409,0.003615319174301092,0.003493167992482722,0.0033470345373063557,0.0032283584594286372,0.0032324509724393144,0.0032254352255954547,0.00330845174183774,0.0033593105691432593,0.0033142977156277293,0.0033137131197867103,0.0032651904735857464,0.0032143268590952984,0.003257005698787031,0.003306697943036119,0.0032628519733360973,0.003306697943036119,0.003337681269040471,0.0033862003980088076,0.0035486931066519996,0.0037216779072129615,0.003914497313155308,0.004118377998678588,0.004255638140447486,0.004333897191964363,0.004472879514570689,0.0045581280198542665,0.004655045574618372,0.0047186791015689684,0.004774136212659016,0.004780557363696767
2016-07-27,0.0,0.00017844018334259255,0.0003696322724082309,0.0006682604442110592,0.0010585503613907447,0.0015612887285940847,0.002286504932815616,0.0031601269106661593,0.004001722516622947,0.004875004907078249,0.005226070527855155,0.005570654293159779,0.005824390913021058,0.0060127732696636715,0.006142771071439663,0.006197653958593573,0.006178589718168721,0.005972903890987975,0.005740011847532774,0.005518049351346804,0.0053232135403711075,0.005083230031579798,0.004904506102601741,0.004720543264890089,0.004328786357479229,0.0039015559099434896,0.003362916014749433,0.002731817073248496,0.002237786884450972,0.0016692342127470996,0.0011119710569292343,0.0005927403430478344,6.975239645915017e-05,-0.00045874320865965315,-0.0007937761392486142,-0.001148125784810171,-0.001384428658677355,-0.0013850107544025711,-0.0014880470357804606,-0.0014630146464870203,-0.001305266796493082,-0.0011795520117448117,-0.0011137908510193855,-0.0010195213320672236,-0.000872315721929534,-0.0006402054458193718,-0.0005075951871745232,-0.00048491361464269206,-0.00047619006988277446,-0.0004785163410443102,-0.0006553287853787229,-0.0007641072354860557,-0.000858352678614337,-0.000940970187522222,-0.0010678188025985164,-0.001044542621985909,-0.0010171938020422375,-0.0009095514573016896,-0.000819955314763193,-0.0008856971547262174,-0.0008856971547262174,-0.0009019878363404891,-0.0008606798389607698,-0.0008705703308529317,-0.0008973333287988749,-0.001081202851779901,-0.0010730560179013965,-0.0010963328622141436,-0.0011917735889396739,-0.0010491978147662078,-0.0007617802998684432,-0.00043024732326014926,-0.00013486843081835103,0.00015867964618082275,0.000382415849927101
2016-08-03,0.0,-0.00038275825340331057,-0.000875340091271022,-0.0013774546425642086,-0.0019396576567949043,-0.0025405420325298658,-0.0031284098193331885,-0.0036851967137938816,-0.0043290588843359415,-0.004855051401506885,-0.005076482042468481,-0.004968091444605675,-0.004937790798092423,-0.004831745764979328,-0.00462667958089767,-0.004439709855760663,-0.0043459469250703596,-0.00431042413588709,-0.004287131188641135,-0.004387877086897912,-0.004451358038702463,-0.004784553514520626,-0.005059581660024128,-0.005309619910184756,-0.005573714195127877,-0.005850709180373987,-0.006039109605911189,-0.006238047650784613,-0.006449280328448397,-0.006748116561997159,-0.006916835046266307,-0.007084414104414427,-0.007226907588790722,-0.007326781928264789,-0.007380519618257935,-0.007290569026772294,-0.007249101024440423,-0.0071848582193206716,-0.007096677089382977,-0.006912748102970025,-0.006785477371096531,-0.006668729476949998,-0.006678652517930279,-0.006751619078555411,-0.0068590355433843795,-0.007010839352433357,-0.00714339460028247,-0.007365332587047753,-0.007441854206341085,-0.007446527472048253,-0.007489756215196901,-0.007627049074810881,-0.007575635072897161,-0.007469309955123685,-0.00720354660968426,-0.006947779587520243,-0.006701417513423547,-0.006407263644317237,-0.006180287367031537,-0.0060735271401899426,-0.006049609745038211,-0.005953945884438549,-0.005811050455361808,-0.005761479260764629,-0.005788888911704474,-0.005907283907292141,-0.005972027985929271,-0.00594169690467637,-0.006007026530576594,-0.006113196276265641,-0.006282391142480307,-0.006634291451529569,-0.007096093134307698,-0.0074617157364272255,-0.007880652257312227
2016-08-10,0.0,-0.00020340891514037838,-0.000221273997462769,-0.0002696842117968729,-0.0003273184751518403,-0.0004253043468203789,-0.0005273351342666423,-0.0008248402447851417,-0.0010434129887115459,-0.0011553130401639033,-0.0016486300473045408,-0.0022530586742877555,-0.0029774686642353053,-0.003590796629220608,-0.004261783861676927,-0.004968542465319223,-0.005746496346925665,-0.006289047183798831,-0.006835953393158867,-0.007474872649061012,-0.007773290860592168,-0.00784065047968753,-0.008006165366387055,-0.008126979491099078,-0.008157766192989097,-0.00816822226962523,-0.008162994217640971,-0.008388987186096684,-0.008605151639275384,-0.008705695652211052,-0.008798693333729624,-0.008871935095517473,-0.008823106658290905,-0.008826594324739666,-0.00891378993943685,-0.008933555335809274,-0.008916696590872582,-0.0088132250027415,-0.008821944105511088,-0.008780093105527562,-0.008708020488847532,-0.008685353562188382,-0.008686515956185348,-0.00870511444389633,-0.008723132058730905,-0.008801599650638406,-0.00874347491726926,-0.008707439279181817,-0.008665593070965165,-0.008706858069853796,-0.008816131361884286,-0.00891785925381256,-0.009032969576719431,-0.009227175608997029,-0.009384196081881527,-0.009569744641606178,-0.009847841113784036,-0.010027073962756705,-0.010180145625329543,-0.010341973088501637,-0.010476461156381543,-0.010514307380191878,-0.01058185189263345,-0.01052595266030153,-0.010624943016974793,-0.01055215503639286,-0.010513725119746015,-0.010649983307094173,-0.010665706600425585,-0.010656389063423316,-0.01059640949722066,-0.010812469261006916,-0.011010516515729166,-0.011268036598766278,-0.011428874635210461
2016-08-17,0.0,1.4463018495883179e-05,0.00011974748913371266,0.00018684609345009757,0.00030020936791921144,0.00045693028096893473,0.00038695829575684606,0.00036209103919506065,0.00039678936616117987,0.00039216299212780666,0.0002938474837024873,0.00023658870436900733,0.00016197386008700787,0.00013363032838297024,1.7934111809385126e-05,-6.595401618953852e-05,-5.438282152138891e-05,-8.736107930619432e-05,-9.141111577117956e-05,-1.5620294928833782e-05,8.908886967748198e-05,0.00020824728746380067,0.0002550969512394718,0.0003476330476124397,0.00044016058184857625,0.0005002988884067356,0.0006217209841392292,0.0006708638317113007,0.0006997702610233534,0.000674332647347675,0.000689942168809419,0.0006165174824138996,0.000582983155112131,0.0004095117843921088,0.00029095570476972426,0.0002926907731331345,0.00032623483644423826,0.0005205369282318883,0.0006749107821173393,0.0007951555497361159,0.0007922652201142461,0.0007084420268813467,0.0005876086464260998,0.0005644809759018092,0.0004794821915648287,0.00034589807457531763,0.00014346388957517736,-0.00013885562161946964,-0.0004594543221789994,-0.0008959578318479177,-0.0012359141388644079,-0.0015238380501534715,-0.0018048900208305913,-0.0019984851525754596,-0.002167186917532515,-0.002380568741921536,-0.002605016692253528,-0.0027906447857422426,-0.002914802803086576,-0.0029055194274654667,-0.0029583197751477048,-0.0029066798447050478,-0.0029113215271292115,-0.0030180861697983183,-0.003092944265866902,-0.003101068737413638,-0.003026210033182764,-0.0030523228982095208,-0.0030697318537247858,-0.002940332530424532,-0.0027813625626495232,-0.0027337925215563256,-0.0025992163695234298,-0.002443780252004726,-0.0023237397860455694
2016-08-24,0.0,0.000371955056822745,0.0006569111164416449,0.0009035757886528349,0.0011357092554390871,0.0012601476549747232,0.0014019306779974115,0.0014638459368590054,0.0015818793612843783,0.0016397337949172748,0.0015905577397122472,0.001581300800044716,0.001643204954498661,0.0017016343323437103,0.0016559324365460273,0.0016501472375145744,0.0016559324365460273,0.0016680812455721595,0.0016310558432494028,0.0016160138819624529,0.0016009716944115,0.0016165924231190476,0.0016183280445799103,0.0016142782564850715,0.001622377816274032,0.00162064220184181,0.0016663457104619467,0.0016756018629109917,0.0016692382673058129,0.0016628746312050272,0.0016622961168242046,0.0016559324365460273,0.0016784943929808516,0.001696427892672086,0.0017160965225386183,0.0016489901936921827,0.001444172344894445,0.0012248434499218946,0.0010349896310034913,0.0008584163846333603,0.0006464873256448539,0.0004287210736881638,0.0002862206780955102,0.00014833511246795081,4.983378117173989e-05,7.938519933788196e-05,0.00020163766938095885,0.0003957044967570435,0.0005341351280277839,0.0006430127045667288,0.0007848832476448734,0.0009163126877390885,0.000909365308348406,0.0009174705796116073,0.0008873649551838526,0.0007958846121037379,0.0006378007503126878,0.00044493934380147296,0.0002769516563246808,0.00019989958733698806,0.00019584405082014437,0.0001773042458582872,0.0002456680735408168,0.00042061183999333573,0.0005648305383422427,0.0007530365103548967,0.0010043086492443408,0.001321492981145547,0.0017247737362621656,0.0020000915536666345,0.00217993264055335,0.0023776626772573192,0.0025187093361883927,0.002568417761603214,0.0026007847103277303
2016-08-31,0.0,0.0005076528198287423,0.0010744558886548147,0.0016129639374588929,0.002138058323822403,0.0025162978600679216,0.003060301121536952,0.0036547167666419835,0.004327353656660227,0.004811190113441814,0.004972796251184739,0.005080898454526929,0.005046762179098593,0.004913050545958662,0.004874925230317813,0.004853301270970014,0.004737775882145557,0.004577270186409944,0.004320521348268216,0.004280095901753736,0.004352405054729055,0.004318813263876426,0.004309703431178336,0.004438372125977635,0.004491315055504532,0.004503269522647039,0.004484483867259134,0.004417308030496344,0.004458866495719624,0.004437802831933817,0.004401367338977515,0.00431653581348206,0.0042641530228111875,0.004227711202173598,0.004150837381401573,0.004069971132993431,0.004014727753143689,0.003948089924874213,0.0038455615172955865,0.003809104438950437,0.0037772034050693676,0.0038598022025348277,0.0038968270350944155,0.0039344200778796325,0.004014727753143689,0.004210059217876549,0.004391688938008397,0.004648419506949777,0.004927276037641696,0.005129825083935549,0.005388072506878443,0.0055979205213858305,0.0058338758501671854,0.006131157149526267,0.00642266846157575,0.006683990377007377,0.006953194148848815,0.00723367962903488,0.007370487115853461,0.007355161066934173,0.0073540257947070945,0.007397732845086962,0.007441437985244286,0.007456195133663763,0.007498762610925713,0.0074964923912137675,0.007463006051792824,0.007358566875881929,0.007379569108079442,0.007441437985244286,0.007236518148769595,0.006899813507382736,0.006570380543727025,0.006219812856283841,0.005865142860489337
2016-09-07,0.0,0.0003820014179947972,0.00042785415021055545,0.0004166707508482179,0.00038927089382918216,0.0003982178684658299,0.00033055438633727445,0.0002461084119971984,-2.0698241181579978e-05,-0.00012587430208826865,-0.00037543198198221605,-0.0006272909825714662,-0.0005237412703609661,-0.00040397281510215087,-0.0003815877790503137,-0.00044482679765764106,-0.00045434097840431125,-0.00046161658946474615,-0.00034913036680968724,-0.0003457727636012437,-0.00032282944339381375,-0.00013818286202042738,3.412319199868393e-05,0.00011914640842215557,0.00018234977309967211,0.0003216068062939782,0.00043232747493643435,0.0005447131917806318,0.0006022989883435407,0.0006380787838324102,0.0006570862794947992,0.0005967082796542162,0.0005519814848864542,0.0006056533985543943,0.0006514958770975032,0.000655968201515634,0.0006022989883435407,0.000542476783273689,0.0005352084210843301,0.0005357675277440099,0.0005229079954897247,0.00047761876081680617,0.00031713298625006623,0.00013424846053974055,5.0904662570438563e-05,-1.678219811454971e-06,-4.587235514508703e-05,-9.174681465967336e-05,-0.00014545617319259202,-0.0001493725934278383,-0.00015496750608556635,-8.055772804706298e-05,6.432963626618557e-05,0.00014935028458856967,0.000191298599237384,0.0003048298779255695,0.0004256174803434949,0.0005631633711252048,0.0007728005904932661,0.0008381984090803893,0.000872851929769744,0.0008616735059159786,0.0008376394714865318,0.000847700300375807,0.0007001313311793014,0.0003283174988321546,0.00010124738464555773,-0.00016559792637627327,-0.0005293382779769461,-0.0007056600550406946,-0.000943043862660876,-0.0011564014482624628,-0.0014409490586939832,-0.0016611369252152322,-0.001728939898765756
2016-09-14,0.0,0.00023230649188881236,0.00039001471079237244,0.0005608849971521461,0.0007420444179373222,0.0008028057343213875,0.0007529358688652534,0.000634269982846311,0.0005626050193863415,0.0004771736727385144,0.00017954037139668175,-0.00015891725177740227,-0.0003832802640374413,-0.0007380027548092777,-0.00118416742568211,-0.0014725289940236126,-0.001581691522198091,-0.001590310124071405,-0.0016448963276231964,-0.0016391502711416072,-0.0016414486897721847,-0.0016109950716358475,-0.0016678808837262285,-0.0016856942780777025,-0.0016121442479350332,-0.0015207888526889697,-0.0014489744326098891,-0.0014455274701592892,-0.001516192575328793,-0.0016058237946320621,-0.0015747966941809886,-0.00151446897676531,-0.0013961223139743082,-0.0012381570895463375,-0.001078493966908744,-0.0008884247116462447,-0.0007483363638969985,-0.0005646436812376603,-0.00032245053503796793,8.604906575130795e-06,0.00030170117244149097,0.00048577447427591456,0.0005855383664805677,0.0006101911280353537,0.0006394296620175942,0.0006182174773936877,0.0005562982567307983,0.00041983310530345285,0.00027474678585742625,4.015559720810871e-05,-0.0001445735026825976,-0.0002966277123095137,-0.00039590576582964747,-0.00034425699353805953,-0.0002845772898989608,-0.0001709661600173194,-3.7288784140519206e-05,0.00011529959695185803,0.00030972999822022,0.00048634785841491883,0.0005505648016187264,0.0006354165805181792,0.0007477767753178556,0.0006262437623302549,0.0004473569880075655,0.00027015873280335765,0.00014569976352444728,4.3023792450596115e-05,1.2620504304124317e-05,-6.310491078767523e-05,2.5240849332907833e-05,0.00018527595414902622,0.0003125974203762303,0.0005482714103697857,0.000912854568602569
2016-09-21,0.0,6.607382499216425e-05,0.00016859353164774558,0.000247754336042634,0.00031381179352647277,0.0004954473050778684,0.0007521860582994823,0.0010503984366646534,0.0013695692552137752,0.001678970974861692,0.0019479134384319742,0.0021696086459485897,0.00235261227015844,0.002485581472641367,0.002658869493958167,0.002804862649581197,0.002993997183583406,0.003093377871612349,0.0033057354962761935,0.0035271299187223455,0.003662213205152167,0.0038545902511349117,0.004054305430719619,0.004291982594211347,0.004483671464480588,0.004590842420687022,0.004621460584404704,0.004696867989957961,0.004720679673558432,0.004740522310112688,0.004793245117132384,0.004790410628319667,0.004805716772461422,0.004819888919261378,0.004823290204606914,0.004824990842941745,0.004789843729593224,0.004776238063740146,0.004737687671853613,0.004686095851583435,0.004667386072292968,0.004646975004731374,0.004593110464963797,0.004510323515995643,0.0044689274712397834,0.004404845282692069,0.004350400550887083,0.004206334566148246,0.004016294535203859,0.003918140316692257,0.003758122612264291,0.003487396067405705,0.0032177317921149987,0.0028917667424495593,0.0026202373886285895,0.002383867304707715,0.002158809249009478,0.0020013521635557784,0.0017926975444678315,0.0014856061186628432,0.0009963398149129231,0.0006286636662936575,0.0003462694626074216,0.00013613009501425505,-0.0001543791412350711,-0.0002683273735370457,-0.0003851377883725387,-0.0004569402291165129,-0.00047061746904979266,-0.0005224787032163024,-0.0004330055093539703,-0.0002495250207355165,-0.00014754266017700805,-4.044389165339723e-05,5.297332737256337e-05
2016-09-28,0.0,0.00013324741192354288,0.00035031077517906314,0.0005506793046709415,0.0006936111118047132,0.0008801379623116931,0.0011016292768558545,0.0011716241018572605,0.001263986823525165,0.001326513264629252,0.0015089075166188546,0.0016826673207935108,0.0017939036206384106,0.0019527092649362337,0.0020507319300330606,0.002057037152677779,0.00195500230252885,0.001929778599814032,0.00180881063811739,0.0016436743486984214,0.00139362445211831,0.0012507926712879054,0.0011584287309078687,0.0010884329822603634,0.001060892328236917,0.0010786790873720663,0.0011136779154886744,0.0010970392810956662,0.001205472300720305,0.0013138935638997524,0.0014527015135735925,0.0015307008311189934,0.001576579940820092,0.0016293383149339966,0.0016700521138494544,0.0017142046419185296,0.0017824365329002388,0.0019114336891216123,0.0019624546383919055,0.0021470255430896543,0.002447883333893919,0.0027234469448564613,0.0029651470946614527,0.003120331321842075,0.0032972463197999723,0.0034706956871875913,0.0036458318474143323,0.003756277771514204,0.0038747217609492084,0.003812354452384421,0.003697908906594525,0.003628662991717934,0.0036189338426437785,0.003705348265092955,0.0037299549796943514,0.003798621678432408,0.003960541973378238,0.004146460504413755,0.004271149568371942,0.004477024084007341,0.00468228452678126,0.004861781410076812,0.005025815670171311,0.005271530939983062,0.005498906631302138,0.005608005755390127,0.005565167204457456,0.005469202190486045,0.005410361943168465,0.005366372312146085,0.005252104488812293,0.005138966480320358,0.005078963857330706,0.004897219661214116,0.004710868989869708
2016-10-05,0.0,0.00020690816856629642,0.0004137735349983319,0.0005590665956299799,0.0006564865895372069,0.0006997813184106565,0.000552799487493098,0.00041263389814347147,0.0003015130678030471,0.0002325549592564619,-0.00010945634413064038,-0.0003979768233882547,-0.0009541552814467883,-0.0012908648446683965,-0.0014849523684756002,-0.0017321830859529275,-0.0019240716815061446,-0.002130850013016163,-0.0022902470241740933,-0.0024891004178796516,-0.0026834206662609446,-0.002709142352473136,-0.0024931007481927064,-0.002362812502408201,-0.0022336838861275,-0.0021514159416714373,-0.002072010942142506,-0.0019577702059422565,-0.0018760960805168107,-0.001773298971081019,-0.0016573793529262553,-0.0016659443821973772,-0.0017447460937200293,-0.0019509161767727586,-0.002123994797453906,-0.0022245426691800342,-0.002313101724844324,-0.002509102229472937,-0.0026771332435926347,-0.0028560544407156226,-0.0030710308656050254,-0.003210561573738092,-0.003303211569572337,-0.003277474598555012,-0.0033049273911919734,-0.0032311497198848483,-0.0031345034870541837,-0.002989265768677746,-0.002901218524985569,-0.002806319138273121,-0.002673703756980962,-0.002599972639472485,-0.00250338738533678,-0.0023610982965268264,-0.002186836032521877,-0.0021679832473509805,-0.0021057144523662077,-0.0020257418714940568,-0.0020348812713326244,-0.002093146908960858,-0.002038879785027917,-0.0019863291664894735,-0.0018960856345476393,-0.0018475402678936042,-0.0018858052425675491,-0.001878380580753895,-0.0019223582275513698,-0.0019686225148709694,-0.0019360659413961573,-0.001868100370786151,-0.0019086507016053142,-0.0019532008479427377,-0.0021714110000362196,-0.002399954351419337,-0.002601687254882925
2016-10-19,0.0,0.00020351281638856955,0.0003447367438764014,0.00045136200546138153,0.0005337726612633703,0.0005533658038947331,0.0005280098991945803,0.0004525146488760612,0.0003447367438764014,0.0003620280991789211,0.0001648889223169902,4.324273212875386e-05,1.2684728566994306e-05,-8.476117966119836e-05,-0.00028487219292246406,-0.0004948299598815602,-0.0006361725124461074,-0.0007002159188964143,-0.000816773904029316,-0.000885445611457089,-0.0008715954756966099,-0.0008664017242412524,-0.0008739038183354812,-0.0008444728488167371,-0.0008438957796412609,-0.0008415875062701057,-0.0008946791418686641,-0.0010141456289197675,-0.0010574341105829966,-0.0010562797267526663,-0.001048199077253107,-0.0010972611688029278,-0.0011001472491510343,-0.001068978022179892,-0.00099336782330919,-0.0009027585509175311,-0.0007994624531387543,-0.0006996389329611376,-0.0006084793366774474,-0.0005848253563317232,-0.0006725209695302088,-0.0007688796222800041,-0.0008796746982444948,-0.0011157322269642201,-0.0014026546568275636,-0.001614002293292434,-0.0018317486196835872,-0.0020316318099995114,-0.002312460081891034,-0.0026124440445357737,-0.0027795261524833,-0.002870305644822227,-0.0029263964564390822,-0.0027928245438116864,-0.0025870083866324357,-0.0023575386312708795,-0.0020137215709177137,-0.001748572012594391,-0.001329328619498287,-0.0008277379779330332,-0.0004146485768597168,-4.670425110450212e-05,0.0003228339312660121,0.0006132953866528578,0.0007440907523044601,0.0006167527530039782,0.00030438908538944564,0.00018391281777154424,-6.976888339482535e-05,-0.00024219386237680764,-0.000433107030630201,-0.0006661743183262424,-0.0009725904494068483,-0.0012929562810619208,-0.0014996611407476783
2016-10-26,0.0,-0.000674845061728742,-0.0013028829997291669,-0.0020893507221535915,-0.0027817696286189736,-0.0033527988333114525,-0.0039871446955446485,-0.004739869020665802,-0.00546190658641521,-0.00610801663286081,-0.006206475063501404,-0.006180411594318978,-0.006195470404766008,-0.006073268912886924,-0.00609990872353733,-0.006185624233811348,-0.006197207974409919,-0.006086588729502244,-0.00605821194252271,-0.00608021836029007,-0.006005514331536478,-0.005995670030735177,-0.005967874880987082,-0.005931394919338991,-0.005859596977245562,-0.005820805072937494,-0.005848017146762701,-0.00589028417654617,-0.005912286899094241,-0.005921551348160736,-0.006021728685293674,-0.006082534853490047,-0.006085430477536034,-0.006056474614377091,-0.006060528384745471,-0.00601593781448551,-0.005992774666589658,-0.006005514331536478,-0.006043734300200711,-0.006070373324055991,-0.006115545464667138,-0.0061514529808090225,-0.006275980969214627,-0.006485107034470461,-0.006664144422184767,-0.006743533715740027,-0.006736579657148566,-0.006694276842585171,-0.0065963497958389525,-0.006519289690947038,-0.006390096974339647,-0.006239489766341671,-0.006142186401595577,-0.005958030950710834,-0.005815015365531874,-0.0058103836237422355,-0.005834700507476817,-0.005883915057739762,-0.005881020017146924,-0.005938343380862794,-0.00600377709494141,-0.0062093710464545164,-0.006314211276700968,-0.0064683058180619495,-0.006697753718751132,-0.006885522985646672,-0.00723623593649101,-0.007475718909555467,-0.007747163623502195,-0.00793338946725637,-0.008070325296207813,-0.008102241001609918,-0.008180583870084135,-0.008333225011927365,-0.00839010865876486
2016-11-02,0.0,-0.0012835959155375863,-0.0024467535836419658,-0.003810334100728107,-0.004929229836613247,-0.005954283686298149,-0.006881702036802309,-0.007817579326431894,-0.00875784339470435,-0.009785074471235616,-0.00972592884443733,-0.009622286033774095,-0.009695478994751868,-0.009517483041347741,-0.00943318022558386,-0.00939161686970569,-0.009474159873340247,-0.009586569813775914,-0.009725343261661063,-0.009873506636355878,-0.010017005928330656,-0.010113659913874263,-0.01019274739668118,-0.010368519755524112,-0.010500955339869942,-0.010631064010096692,-0.010664473021682472,-0.010733639084150629,-0.010742431722953374,-0.010656853324295796,-0.010557216471237394,-0.010551355789030669,-0.010701986224575804,-0.010794016761193454,-0.010948201544633386,-0.011078954797893153,-0.011187440203926915,-0.011211484508785216,-0.011251950619742575,-0.011207965793913893,-0.01117219289551651,-0.011128211577600399,-0.010936475630832743,-0.01073539760572628,-0.010571868327027143,-0.010415397602995657,-0.01027945789907634,-0.010127133635577048,-0.009886391445576018,-0.009789759422878316,-0.009837781442740527,-0.009845980554659508,-0.009855351050598947,-0.01000470518211435,-0.010045122487873061,-0.010018763190141783,-0.009930903882123792,-0.009930318179305406,-0.010101943781697367,-0.010201535280883654,-0.01011014505980825,-0.009998261994482106,-0.009944375141631075,-0.00981904086793138,-0.009738226161953288,-0.009676155532584193,-0.009783903236754682,-0.009849494480347172,-0.009920361283876898,-0.010080269299035709,-0.010431219372520372,-0.01079460297010143,-0.011059018219666004,-0.011345204849314595,-0.011582778501930192
2016-11-09,0.0,-0.0034275333685306205,-0.007082465188696524,-0.009155640206570741,-0.01189840042533204,-0.014842714870024656,-0.017933452747861827,-0.02074967184650426,-0.02319991733016727,-0.026070271445044778,-0.025417221825072504,-0.02485444454967772,-0.02442880205520838,-0.025808879698524936,-0.02681377016911209,-0.028299402529833782,-0.029586072415595598,-0.030848313807061573,-0.032482133936076754,-0.033605072736579915,-0.03403463986000528,-0.03447656855110849,-0.03461783212969594,-0.03452040683655147,-0.034223926999726734,-0.03364826448513754,-0.03301213524309664,-0.032622508310509564,-0.032340564157889315,-0.03173198166858886,-0.031492780187556205,-0.031127410216053204,-0.030330978044317707,-0.02984784744569174,-0.029570925495009736,-0.0293485951020443,-0.029233511590658734,-0.02909603444147597,-0.028863516997078786,-0.028831428991179162,-0.028560235654093304,-0.028401670055112443,-0.028463398711692664,-0.02831816087843414,-0.027750120484502733,-0.027398810794144652,-0.02680168616108821,-0.025838456398606536,-0.024477627192810065,-0.02326915254298325,-0.022185418821164846,-0.02108002956083856,-0.019839650443821837,-0.018183209505844133,-0.016800448540841624,-0.015288186680399702,-0.013897491222049323,-0.012757132508449844,-0.011817448478006497,-0.010875673367697803,-0.010110650847819891,-0.00935808804503317,-0.008687376905850475,-0.00804379856445551,-0.007551162748406038,-0.007157702712706419,-0.007103199374363494,-0.00731234248381587,-0.00768511669571344,-0.008060994811286208,-0.008203319929537801,-0.00820569218646725,-0.008231787384122202,-0.00847201380312488,-0.00845065800665667
2016-11-16,0.0,-3.878408806331416e-05,0.0,0.00016989351533932556,0.00030221810467228173,0.00035760459469058093,0.0005372818652609404,0.0009026901330900931,0.0010527518185645076,0.001352807650875911,0.0009229866779115591,0.0009359024464967985,0.0008750123626126534,0.0007175420248394825,0.0009371325109953114,0.001119780295545762,0.001194182792798452,0.00134973376479845,0.0018143980808552314,0.002143097573531883,0.0024268595715969763,0.0026166035130251474,0.0028867269426567544,0.0031003183541480606,0.0031451176609323716,0.003378900654314992,0.003680099470813527,0.0038745116245771905,0.0038665396295822535,0.003925408248333071,0.004002054902084945,0.004014317821530735,0.003948709452577134,0.0040609155440141315,0.004169430770737942,0.004299388314036845,0.004401748639018983,0.00459847169924252,0.004920744225725799,0.0052753690360906455,0.0056978147458553435,0.006055835500807212,0.00629077433213719,0.0062718099640432096,0.006071132677529882,0.0059854654737591575,0.005971390874097103,0.0058239016333534585,0.0056623116858552135,0.005525796800470369,0.005302925283751843,0.005112465481983148,0.0049918017578541255,0.004809859886248532,0.004723471852591772,0.004331875061132443,0.004105671838335158,0.003932153389608548,0.0037083130426473205,0.0035077340618546596,0.003354359075664381,0.00334147450576499,0.0032807307257713227,0.003373378851630542,0.0034267550004190702,0.0037119930150720853,0.0036991130523379716,0.0036267368432251184,0.003544540558450823,0.003051220918435768,0.0025975693377770005,0.0018389774812297695,0.0011997166416609802,0.0005348207508684025,-7.326009584346344e-05
2016-11-23,0.0,0.00027924210002841434,0.0004872174235381206,0.0006845353983470587,0.0008999172196430285,0.0011065153143700246,0.0011233658442415292,0.000982936085259808,0.0006483217251839825,0.000364810758467046,0.0002717466862845858,-1.8743714997154668e-06,-0.0005724713920655618,-0.001044569319569798,-0.001393001705787516,-0.0016739628952567693,-0.001798512147605948,-0.001776605375940361,-0.0016739628952567693,-0.001649555563167913,-0.0015262763484192945,-0.0011940613440733368,-0.0006524934982149443,-0.00022057516469312557,0.00017867395237449254,0.0005702705566714648,0.0010178893352912994,0.0013505082379136155,0.0016767791298648795,0.00202102609304001,0.0021033284645170383,0.0020671661355593485,0.0020191555058720312,0.001999202358355967,0.0019262452736137905,0.0018233480301401916,0.0016430964321022493,0.001417892211160257,0.0012512957912253016,0.0011102599011018736,0.00107530987962895,0.0010247550087033202,0.0009710766692735129,0.0009417396149174188,0.0010166410259702969,0.00117828411899771,0.0012881116212874533,0.001477785264644522,0.0015869560812101714,0.0017198164816148661,0.0018582719178959388,0.0019486941743045497,0.00217066173054258,0.002461763584274136,0.002663054275820236,0.0028674194671581125,0.003196932672001925,0.00350018818764521,0.003752312177955529,0.0038662140226973386,0.003964545071054064,0.004125090178040172,0.004215307705002424,0.004166777908942416,0.004284365277581591,0.00439260809244838,0.004293697016224419,0.004288097983488357,0.004301784452609714,0.00442993048451941,0.004534425772374593,0.004590400899530408,0.004443615012605557,0.004353418081541513,0.004174866371839128
2016-11-30,0.0,-9.63233027980034e-05,-0.0002564736603953513,-0.0005295861098524472,-0.0005166959801009534,-0.00024665527596116904,4.601104204475219e-05,0.0002913675186316295,0.0005814238915572924,0.0008389087320271996,0.001158220443336848,0.0013714467231807758,0.0015821774511347027,0.002037179836570909,0.0023720224131882645,0.0026810554512789794,0.002980818029328483,0.003213225119524662,0.003468810549122506,0.0036381457742798527,0.0037114950937227396,0.0037854502103349943,0.003938843799334009,0.003990784502616595,0.004046388618435438,0.004089769902350955,0.003982840805100479,0.003875289151176264,0.003705994081383699,0.003655872352809347,0.0036045255380732894,0.0036008578075610405,0.0035305570394501737,0.0035012126481699995,0.0034150085185718822,0.003264592029706436,0.0031814252337570973,0.0031655249116527787,0.0030939703333676695,0.0029948863100351226,0.0029380003049861397,0.002829724451038175,0.0027404033403623978,0.0025923329662816356,0.002520737360263075,0.002521961259839508,0.002540319573739097,0.002629658557108578,0.002723884178593386,0.0027942416773092766,0.0028499123638012006,0.0029710312825408456,0.0031013095001155605,0.003252973554741172,0.0035360590169525516,0.0038196755204442973,0.0040610529249635674,0.004222346105605502,0.004554625797761354,0.004844669455944524,0.0051498877137842874,0.0054434197885422815,0.005744795503845581,0.006164983692128554,0.0064313976430654075,0.006745272658174497,0.007065140960460553,0.007404394174210089,0.00772222542310656,0.00809716075724132,0.008400779696511774,0.008698832864103783,0.008979165068721543,0.009002877203407584,0.009038748338486589
2016-12-07,0.0,4.110231501699399e-05,8.097608081427611e-05,5.705201212638904e-05,0.00015765193124057605,0.0003379703593524021,0.0004931163149074619,0.0007119967454489717,0.0010362441067314156,0.0013083101003444528,0.0012317224302478224,0.001114685140256536,0.0009908925772127023,0.0009486034871479585,0.0008548256467829262,0.0007267096777489176,0.0006237146054817555,0.0005875411999815316,0.0005630161129621331,0.0005421693160718504,0.0006108394755422723,0.0007273227118972508,0.0008444053438645802,0.0009663773805474077,0.0011085571560815659,0.0012010857197458445,0.0012709360501234762,0.0013432321307882905,0.0013450700986084286,0.0013652875216781215,0.0013842792740507259,0.0014308381732108365,0.0014608552615126323,0.001432063378126286,0.00138672979647133,0.0014222616967702096,0.001456567161205195,0.0014400271734873872,0.0015147612396985632,0.0015582514450680793,0.0015864271882050445,0.0015968397619392223,0.001609702203334801,0.0016329766767510581,0.0017781236689567532,0.0018901847821840006,0.001980191992005921,0.002192625863579513,0.0023854302219223442,0.002614298883519672,0.002917744461415717,0.0031110206524702874,0.003333608964078604,0.003534751933694225,0.0036851241970189126,0.0038018610536358763,0.00390758477077259,0.003936916538117363,0.003952193159540042,0.00393813867641957,0.0038868075816809984,0.0038788632482365344,0.0037981941345629397,0.002766033182370104,0.0019783551911496137,0.001136132789150822,0.00034042344711537377,-0.0006756696889045123,-0.0016258159520773344,-0.002611925051133295,-0.0036501112541660282,-0.004702936498966684,-0.005696405034354263,-0.005527365542254738,-0.005613732515577844
2016-12-14,0.0,-9.491100579339063e-05,-0.00023607736876086758,-0.0005215133498126288,-0.000834430181629554,-0.0011596265050269334,-0.001419128640066039,-0.0016768699441710197,-0.0018846955859103066,-0.001979176066770361,-0.002070617290244495,-0.002093783727686451,-0.002229744953949064,-0.002237671514970787,-0.0021888936742464915,-0.0021388988566257176,-0.002054157252928593,-0.0020291628995175027,-0.0020809811564421175,-0.0021669444221358324,-0.002261451575025927,-0.002329136379721434,-0.0022907201175642843,-0.0023175503674530205,-0.0023340147408361265,-0.0023370637286179684,-0.002333404944395494,-0.0021852354321051214,-0.002025505241662027,-0.0019090767909280212,-0.001783519936974223,-0.0016677290454437423,-0.0015738873173708624,-0.0014361874772142228,-0.001365517046302267,-0.0013996331825068572,-0.0014160824497685416,-0.0015013792858559938,-0.001595214209577447,-0.0016524943999094498,-0.0017116061213850535,-0.0018359349591313325,-0.0020108747440238236,-0.002152311855040825,-0.00230474493111836,-0.0023559676603619323,-0.002729851084451525,-0.0030434598143744456,-0.0032778153621056683,-0.0035628999172458405,-0.003752797894975557,-0.003908528934959889,-0.003959833882417152,-0.00399709269649792,-0.003967163375503429,-0.0037937131134579134,-0.003339464877306711,-0.0029482685592057615,-0.0027011797069332413,-0.002357797092076352,-0.0021065864628384916,-0.0018231356885677686,-0.0015751059846728583,-0.001333838819110648,-0.00123820102919668,-0.0012601299053244415,-0.0013582065971118127,-0.0015367186780707847,-0.0016171509160865793,-0.0019096863286700017,-0.0021754801851540393,-0.0025114813054730534,-0.0029214213818798277,-0.0033071136676891323,-0.003586100951768855
2016-12-21,0.0,6.370866709087651e-05,3.340116656985765e-05,0.00010452956294198266,0.00021337713933561867,0.00031788440160323227,0.0005757047208180352,0.0006851191528144749,0.000730859491103024,0.0007172612306914201,0.0006474127061511775,0.0006560667704398733,0.0008303684054223958,0.0009527322526203478,0.0010627233360384367,0.0011862943914058295,0.0012486919721297967,0.0013530910981135458,0.0014994786157817464,0.0016353465869076676,0.001695246147095916,0.0017205634391473622,0.001702038654219687,0.0016186728750828177,0.0016075569127460261,0.0015606214872368317,0.0014247433622940587,0.0012913177839185023,0.0011479889973220509,0.0010299744467943221,0.0010145264852607228,0.001013290638028764,0.0010497474893408692,0.0011356321055746594,0.0011683775348870261,0.0011455176311879643,0.0011529317112675694,0.001160345736378777,0.0012548697385955313,0.001311703399458324,0.0013209694509622532,0.0013172630406637074,0.0013222049180089282,0.0013364126793385179,0.0013395012963947363,0.0013950947722059554,0.001408066138532651,0.0013339417788250448,0.0012252161114912781,0.001203593120691174,0.0012851402426170937,0.0013771816563765808,0.0013969478348397494,0.0013963301476766893,0.0014309200412542873,0.0014438909428898536,0.001496390492795447,0.0016612829193881934,0.0017779880916900719,0.0019125834937933712,0.0019502422664241248,0.0019749357737000118,0.002058271859229952,0.0020607409706460936,0.002066296449042366,0.0020990114180261185,0.002062592800207373,0.0018817145897048007,0.0017113010895795926,0.001256723061093074,0.0007809242198631033,0.00022203496059480172,-0.0003148917531496072,-0.0008168201030502459,-0.0013412979670295372
2016-12-28,0.0,0.000626532487145814,0.0012209394157012207,0.0015052584160670538,0.0017528051853220343,0.0018777992389392587,0.0020114820545856127,0.0023738902016081143,0.0028709775904847,0.00333739362651033,0.0035993854988107745,0.003716080159914341,0.0038805468522112854,0.004210639858291544,0.004513336152635227,0.004842600398846443,0.005021758930758847,0.00505771075531781,0.0049287740797838335,0.004836400567109758,0.004682012361070123,0.004659069107486272,0.004652248038692912,0.00468821315005841,0.0047117757975585935,0.00467767178590052,0.004623102947917912,0.00455054658570089,0.004518297623711578,0.004606979766813941,0.004822140808242167,0.005022998670363871,0.005249225416846284,0.0054815968676820755,0.005725683649798326,0.005967853017795703,0.006290447946936514,0.0065819941310621514,0.006786211530475343,0.00684684987905176,0.006851181048965929,0.006898203972030679,0.006932232339937638,0.006967496881228521,0.006952030130257417,0.006976158157281964,0.0070522504294060545,0.0070955523894451365,0.007166687253445193,0.0072959541833406754,0.0075024991870772904,0.007639759993335342,0.007689836948023866,0.0078042008361127535,0.007955017533537688,0.008060081298069136,0.00808480057972802,0.008198501405788006,0.008097159991420156,0.007945128610861675,0.007472818697545007,0.007015132971205405,0.006685964563945085,0.006061979757042339,0.00548345562159216,0.004978367076270937,0.004476124334901932,0.0038687558008123945,0.0034950936404340104,0.0031063865089734494,0.002847371528446853,0.002551627322660199,0.002204202566301715,0.0020941699200639785,0.001925056601925058
2017-01-04,0.0,-0.00017261081214781893,-0.00017200082749178078,-0.00024154147494329195,-0.00016163114527071633,-0.00011100424084196249,0.00011587040335253185,0.00037988280188379787,0.0006925832900929646,0.0010472245546753185,0.0010514892340825913,0.00123119847719557,0.0013603255176733618,0.0014833461493630336,0.0016002626236360884,0.0017360390809986364,0.0017104682424685137,0.0015576384090571877,0.0013889504810186768,0.001196477513435505,0.0010533169482610444,0.0008613887178626747,0.0007145235127385191,0.0005847035265559467,0.0005389882516420568,0.0004944900436019459,0.0005176537414556157,0.0005353309393641701,0.0005414264523963357,0.0004768121237196701,0.0004749833555506476,0.0004505994603805906,0.0003591545576994735,0.00022502023905001973,-1.341744035522142e-05,-0.00028424426899364356,-0.0005179218456430064,-0.0006143373844852452,-0.0007077106588637681,-0.0007186963231823432,-0.0006784161440155257,-0.0007193066414054074,-0.0007016075641676099,-0.0006027426190945592,-0.0005179218456430064,-0.00029827558506103887,-0.00013540242903369766,-5.42807541010827e-05,6.09877701206533e-06,0.00018233736426662056,0.00025977494854538877,0.0003524482690602838,0.00045791469136185044,0.0005146059171297579,0.0006249312397987442,0.0005487410189899941,0.00048412716295267934,0.0004371880645952418,0.00047986006323637206,0.0003506192734440298,0.0002524582679770135,0.0001866057337283444,0.0001237978876049352,8.72089744075256e-05,-0.00014577183927357742,-0.00017566074100813095,-0.00026045248734495274,-0.0003306093673081989,-0.0004941245038048556,-0.0006149476390194513,-0.0007632505323878048,-0.0008731187089977405,-0.0009469813239571554,-0.0010318384999184209,-0.0008981459260977127
2017-01-11,0.0,0.0006495333629843884,0.001306477679543248,0.0020286183067006374,0.002712334160333351,0.0034184299492459823,0.004125829941302023,0.004759480531542971,0.005359726770565114,0.005945219876252552,0.006148502562514743,0.006254025362132581,0.006337356522309478,0.006304384591311332,0.006214455617154626,0.00609873510544476,0.005971007284262722,0.005831267553780822,0.005726299978168631,0.005665713676712945,0.005615322273475629,0.005602724025891635,0.005608723211202351,0.005636319000086611,0.00570530514079848,0.005765889043673929,0.005866654138730158,0.005962611456988784,0.006077748085915458,0.006161093936164888,0.006198867105886906,0.006243833304802685,0.006310379568719341,0.006388311004681394,0.006474627967816262,0.006551347902929924,0.00657352366260792,0.006638250094567907,0.006759900476912845,0.006920480290218426,0.0071049953994139995,0.007275102543365848,0.007475719906543436,0.00769485586511626,0.00789359340352001,0.008088700874839792,0.008326847971887126,0.008574508656481263,0.00871745393350473,0.008844233481980417,0.008963224189783882,0.009088179088103799,0.009157525308702678,0.00923105096246396,0.009382269662946773,0.009518526217515982,0.009647594250889622,0.009780827569812056,0.009901498932851959,0.010035295696961833,0.010203113648919761,0.010364932758795919,0.010490906631026354,0.010631190607811505,0.010673570406621185,0.010708786056220752,0.010774439040829262,0.010778616812161364,0.010912296280029522,0.011035217875897575,0.011074000680561582,0.011076983910928642,0.011103832583755783,0.011057891082791113,0.01100419054917378
2017-01-18,0.0,0.0003785214141903359,0.0008853728426187591,0.0014139616921885739,0.0019701943948272275,0.0025932116655489916,0.003205160474444555,0.003826816055761152,0.004481272160315597,0.005242486858718515,0.005604822864198281,0.005888916129192554,0.006101933125203929,0.0063427060369892745,0.006458043527923294,0.006514228768903499,0.00650654044867411,0.006495894984617501,0.006486432254761854,0.006468097960849028,0.006344480560684718,0.006249834902128972,0.006110216202935433,0.005953417731547044,0.005806063930366074,0.005674078036684857,0.005611334238533459,0.005573449284479198,0.005497675070289773,0.005419526897762772,0.005399396833866917,0.0053727534791471855,0.005413014274374346,0.005416566619662323,0.005395252358644646,0.005194520783160465,0.0049487325702218836,0.004634153982964689,0.004343777071696065,0.0041114148178986905,0.003928213652724831,0.003746758058146589,0.0035593379780274547,0.003326793357480791,0.0030995355307192095,0.002989744972418945,0.0029428577637453015,0.002968972429683973,0.0029838100042393167,0.002966004888353977,0.002852638215600834,0.002756474209595594,0.0026139920151760647,0.002444768037337981,0.0022672005159306355,0.0021169264436571435,0.001881075354306978,0.0017242065503775279,0.001598218330109465,0.0014591374287837254,0.0013372771512491573,0.001191619776968123,0.0010429679300223193,0.0010572394662167047,0.001067348347790827,0.0011939980269211597,0.0012748551601398192,0.0013123088223839844,0.0013265765152151083,0.0013985063664017693,0.0015447279649000044,0.0017307432418666795,0.0018816695075422175,0.0019030587888988896,0.0019404889304455225
2017-01-25,0.0,0.0003025437583620487,0.0007883094767457128,0.0012814975112889174,0.0017461797556258295,0.002273029532922861,0.0027331337411085187,0.0031401083025823875,0.003515765817872175,0.003939460399774235,0.0039177217738482805,0.004053433569203469,0.004022885334125198,0.004006435897929397,0.0040363971685831,0.004066357541586402,0.004088092936650013,0.004113939818548012,0.004156820671754289,0.004200874427916993,0.004386466275564242,0.00451389389670126,0.0046542216591352725,0.004812140233945825,0.004890209722287032,0.004901948967817715,0.0049852936485970745,0.005037527266693631,0.00507743425993009,0.005147854480890946,0.0052094681065583855,0.0052499549936533005,0.0052728381612950495,0.005264037004940142,0.00529396062051339,0.005387246145571692,0.005461164343972257,0.0055151329108148375,0.0055802432831841,0.00562364784301595,0.005698721553117723,0.005778481195133015,0.005834778288986293,0.005904558829215839,0.006000132675476202,0.006118561211028924,0.0062533885091885285,0.006508338272279471,0.006783142344273056,0.007061970774629438,0.0072845091063112885,0.007543879446747201,0.007866973661957218,0.008128533266708518,0.008346154885584198,0.00849354907933871,0.008628641341418497,0.008693549313923578,0.008703489802557392,0.008697057732959984,0.008761961264992034,0.00876079186924806,0.008777163285223743,0.00891280185074999,0.009143111407685558,0.009372783594020231,0.009589550421247822,0.009822040502036737,0.010167754931348633,0.0107298696414798,0.011338325090599675,0.011980797430129551,0.012595482001237234,0.013128873422438616,0.013436783243964169
2017-02-01,0.0,-0.00013012866709131667,-0.0003087184386909832,-0.0005054375498280659,-0.0006286255982910677,-0.0006099420744144223,-0.0007051149139096081,-0.0007208806145769143,-0.0006992758285905812,-0.0006578193031961798,-0.0008084723669935578,-0.0009614843676379362,-0.0012325249138083712,-0.0013645669617969943,-0.0013967037265214103,-0.0014709143837318198,-0.0015059764523625717,-0.0013797587582272707,-0.001323667118496012,-0.0013721628311632978,-0.0013651512573922408,-0.0012710840635487557,-0.0010035375684474576,-0.0008569431007536252,-0.0007214645341899737,-0.0005579803590940861,-0.0002877062218370245,-0.00019899284012403373,-0.00022292133245211494,-0.00032973109706736537,-0.0004482274082056443,-0.0006198676530099434,-0.0007973769873139411,-0.0008464311758507237,-0.0010999161576388742,-0.00139787235560857,-0.0017555370195816219,-0.001984696647802493,-0.0021232701652217608,-0.002088186446694885,-0.0020554427532149424,-0.002082339279939584,-0.0020367325525885165,-0.0021583551146593495,-0.001366319849606716,-0.00030580004883673696,0.000836970216851184,0.0015911013641717038,0.002612991145491899,0.0035129029311081828,0.004504369196703854,0.0055511410638177825,0.006341154683627376,0.007423075044050125,0.008050712778732427,0.008347603329868393,0.008703408614987567,0.00951347803556971,0.01001098976494859,0.010684922650688766,0.011225703887851494,0.01176849952939518,0.012421655555727206,0.012841110673554493,0.013041557301567133,0.013324878822134541,0.013522925871622014,0.013639202665782897,0.013977594811408343,0.014337154840376422,0.01466036086287332,0.015004155798906403,0.015366219982473067,0.015762616114930645,0.016134166607432325
2017-02-08,0.0,0.0002943362539124208,0.0004722649927815941,0.000676387818413417,0.0007989555265365438,0.000900988810566095,0.001034357405081805,0.0010360671433807922,0.0010275184226538777,0.0010947663852940064,0.0010480352296239948,0.0009579861128992674,0.0009693851835331742,0.0009357575514197845,0.0009938927453997123,0.0009773644556640877,0.0009876234262790994,0.001072540864069077,0.001179104895048341,0.0011352269634470277,0.0011699875612301523,0.0012275393371883657,0.001193920385213577,0.0012845180305912365,0.0012640060749694285,0.0012714132185894567,0.0012395051321091412,0.0011916410933210083,0.0011386460922187657,0.0011078735124084073,0.0010691215092669725,0.001013270392372734,0.0009785043464853242,0.0008377180003626509,0.0007259867936062253,0.0006530127358513732,0.0005384099129044722,0.00040782650998351914,0.00030631322049494365,0.00024186404278422075,0.00017741071110926926,9.983305069860926e-05,5.0773482675393953e-05,4.4498248031296714e-05,2.6242796068699154e-05,-5.1917125446047916e-05,-0.00011524825742556186,-0.00013864185208925124,-0.00022480346908224108,-0.0002841508871731361,-0.0003594815288032048,-0.0004433791497842535,-0.0005021687518040602,-0.0005963534732282309,-0.0006157623363432425,-0.0006186166126914847,-0.0006214708971865327,-0.0006437345958556357,-0.0005723783388663192,-0.0005352750973803092,-0.0004907530246991636,-0.0004445206625511968,-0.0005615326335800761,-0.0009423444066929708,-0.0012210512089431017,-0.0013347264879199567,-0.0014101363146558595,-0.001556973278182706,-0.0017838416357915117,-0.001847282551030921,-0.0018615716007893102,-0.001688973542374806,-0.0012370449394010312,-0.0006614317355702821,-0.000225944732369378
2017-02-15,0.0,-0.0001500404941647147,-0.00024837469581712396,-0.0004467777508518465,-0.0006275918926023196,-0.0007828452131599274,-0.0008903424028375798,-0.0009477927289408429,-0.0009739593179625869,-0.0009216268245916756,-0.001063841077998872,-0.0011110606824496474,-0.0012720792303704041,-0.0012857357062714936,-0.0014336928171894254,-0.001571426416721991,-0.0016681927698841013,-0.001727964901458798,-0.0018002654920495,-0.0018554907241873498,-0.0018628922757233518,-0.0019608256537744497,-0.0019875881872540107,-0.0022188007443787777,-0.0023777191879390974,-0.0025936381103682416,-0.0028631748990703898,-0.003253077565152694,-0.0037440923188616147,-0.004237631107476814,-0.004666894060456231,-0.005087773453315745,-0.005457973919951517,-0.005737428921657328,-0.005995236829899445,-0.006224518763916393,-0.006452137365342083,-0.006622027220494956,-0.006684384610166161,-0.006878918884285813,-0.007115271726412872,-0.007266956124704172,-0.007375725140068389,-0.007447862696113512,-0.007668887921946555,-0.007831538717919525,-0.00790600037449662,-0.007956981167637087,-0.008011401736104868,-0.007984477505756716,-0.007938650695575356,-0.007835548050500242,-0.007959845334249056,-0.008105928710306763,-0.008088168415279045,-0.008163795085404027,-0.008329391630143517,-0.00842222937047078,-0.008309335225803615,-0.008115668360853813,-0.007942660457627477,-0.007817219804209442,-0.007674041942698388,-0.007410648227696289,-0.007219444951698694,-0.00695617093171798,-0.006700403649939441,-0.006619738949884015,-0.006736447427686079,-0.006885785491289268,-0.007129008233871842,-0.007357977808822754,-0.007498820137786061,-0.007710120831770423,-0.007871059983659046
2017-02-22,0.0,0.0005197012340054218,0.000948279561009545,0.0012875339616031385,0.001465246111555254,0.0015706251510893636,0.0017443642122706314,0.0019741017801360237,0.002265960465465755,0.002613166940882474,0.002701069455370849,0.0026708363412625757,0.002716745525066963,0.002776088420088464,0.0028550202099077928,0.002959693186715173,0.003093457139432531,0.003294349291520291,0.003442054820675277,0.0035024735222958367,0.003597569639369149,0.0036909787851993094,0.003755297375894859,0.003818493353072531,0.0038727380419295064,0.0038979021046296083,0.003953260813701273,0.003929216498349354,0.003910204304822529,0.003916355348165295,0.003921387991849423,0.003944873327495072,0.003968917266396506,0.0040662054424375335,0.004201498550689971,0.0043121792988928655,0.004416140965078408,0.004582680678199051,0.004764836656743599,0.004900593918499143,0.004960365963578356,0.004964834757986973,0.004851432923492994,0.004726284938631111,0.004603356492331176,0.004390989940158849,0.003973390493572896,0.0036054006812837156,0.003207618076258071,0.0027912035004323105,0.002414938009336928,0.0021472105878571966,0.0020542173482866652,0.0019124700521031413,0.0018127306631985102,0.0018099288513228544,0.0019175127907134584,0.0019589743440933654,0.0019175127907134584,0.001916392184330997,0.0019264775965667912,0.0018917385262030076,0.0018043252040209833,0.001799281894601288,0.0016171453426825797,0.0014332938896540524,0.0012746387912088858,0.0011770786360443247,0.0012679108102086208,0.0013789167087724628,0.001495515695838497,0.0016395639393576556,0.0017314749314726703,0.0017017729127700232,0.001867084260257396
2017-03-01,0.0,0.00042768904507456336,0.0007500231744706147,0.0013904453014361448,0.002007988202784394,0.0026408688725579393,0.003392280470167301,0.00403605864017137,0.004668217736657291,0.005307256053376172,0.0054897634479513045,0.005685110221278994,0.005907837342304393,0.005852999589295457,0.005872584846297933,0.005822781583166889,0.005792562663882832,0.005767939165564967,0.00578416835757259,0.005799837672353835,0.005906718234546575,0.0059083968957137625,0.005881537978887364,0.005862512476319751,0.005844605790298299,0.005822221981849336,0.005717571030451415,0.0056834311852471935,0.005635857326122231,0.005632499085840202,0.005605073034728027,0.005563092928254655,0.005556375947671873,0.00550991559667489,0.00548024701433001,0.005493681953120249,0.0055647721663507135,0.0056017146910629645,0.005643133474711296,0.00566943910867999,0.005666640669873011,0.005719809668105967,0.005747232572669033,0.005775214353173904,0.005788085709286212,0.005746672929072325,0.005698542408044756,0.005657685613064118,0.0055921993227636795,0.005549099167792248,0.005500959136268011,0.005465132492437113,0.0054628932845791804,0.005475768661289131,0.00547240988334696,0.005560853939740002,0.005676715012927787,0.00573883788583412,0.005847403731126009,0.005944767195730582,0.006047715950281567,0.006137787417296014,0.00620100043427593,0.006338600796057514,0.006550557800338224,0.006763588038857106,0.006958686157338195,0.007163805592620654,0.007381733822453211,0.007486210771553019,0.007586207894624241,0.007660500958451308,0.0076537980514004055,0.007556600849933104,0.007449896492132076
2017-03-08,0.0,0.0001475437324534965,0.0002755091138013772,0.00023415964597421924,0.00019448490064876794,0.0002039846308846304,0.00024086508123265381,0.0002788616984206176,0.00027383281727692463,0.0002721565179422754,0.00024254143302167232,8.215771883390339e-05,-4.9186082137318316e-05,-4.471452015356049e-05,-5.812926608976971e-05,-0.00010731820753136879,-0.00017887007819599796,-0.0002878847228841234,-0.0003214300815233979,-0.00047351648926165696,-0.0007285367832123369,-0.0011173441704157526,-0.0014508879304195436,-0.001861814553329719,-0.002376550779188183,-0.0028214873634531284,-0.003245313816231385,-0.003624443090954329,-0.004111464922861567,-0.004520679267914077,-0.004781226665991659,-0.004840757796578484,-0.0049783668976435295,-0.005032292362553222,-0.004936239651447619,-0.004963200884566419,-0.005007014438801878,-0.005121051022198331,-0.005126107132381208,-0.005052515161625356,-0.004973873240160353,-0.004952528642870222,-0.004912649168746033,-0.004927814415169058,-0.004869401395788994,-0.00484188105952262,-0.004776733894299854,-0.004658244327279808,-0.004389308265347489,-0.004158608657944978,-0.003954335188934907,-0.003775349610262226,-0.0035066508538876304,-0.0032262489800874215,-0.003046272410196255,-0.002838302451295551,-0.0026819330459122263,-0.0024712373233765216,-0.00249420996660143,-0.0025267087535030723,-0.002587786917602169,-0.002576019274753239,-0.0026819330459122263,-0.0027867370778807735,-0.0028831440679107007,-0.0029162160485188267,-0.002950410263253471,-0.003102336403895843,-0.0031584035409430496,-0.00312083821160698,-0.0030171203756063723,-0.0029599400068446593,-0.0029033234514199064,-0.002785055643078939,-0.0027211632154866957
2017-03-15,0.0,8.641993322419532e-05,0.0002790489567394635,0.0004226710229484597,0.0002977595132358155,0.00022896898010684157,0.0002163110065328485,0.0002779483248666629,0.0003858044910698652,0.0006564942399081474,0.0008110626299902297,0.0009755059662944946,0.0011102303520245502,0.001232291469607174,0.0014543824904564538,0.0015972862735828019,0.0017077478961123767,0.001767095370647538,0.0017632488818187723,0.0016841178286638992,0.0015961870916489137,0.0015461730354901422,0.0014109576800966006,0.0013235526608489242,0.0012872690882323801,0.001264728630170855,0.0011745617168584454,0.001090985122435388,0.0009678068817155389,0.0009722063658761973,0.0008952125984835545,0.0008044623329765864,0.0007269055796835468,0.0006190861990455183,0.0005162068706302962,0.0004809944018914571,0.0004518331376220248,0.0004287236072506713,0.00047934378699607944,0.0004776931693761677,0.0005343628153408017,0.0006080835677661579,0.0006972014003035141,0.0007731103272295771,0.0008264631536082633,0.0008440634616141185,0.0009172114226474701,0.0009562581437039785,0.0008996124020322803,0.0008809131032556084,0.000784111142940152,0.0007093032095239396,0.0006586946693220329,0.0006454920202102333,0.0006317390753608379,0.0005992813755800208,0.0005470167636892464,0.0005701235605545724,0.0006861996284678482,0.0008061124113143411,0.0009568080866334503,0.0010601919846836279,0.0011993034475548297,0.0013675309839404801,0.0014747200443827077,0.001572004783424389,0.0015533180538048312,0.0014994543498488572,0.0014532831514342205,0.0012823212263272273,0.001151468882564122,0.001109130634596901,0.0009821051344694018,0.0006939008814618224,0.0005096046271879188
2017-03-22,0.0,-0.0004210053747231241,-0.0008119800157730968,-0.0011311330160896694,-0.0016510046535786254,-0.002295449010353313,-0.003008560777368723,-0.003791037524018308,-0.004576332219329053,-0.005469286188397695,-0.005785513538076111,-0.006068712942434548,-0.006352544851795303,-0.006574586275032036,-0.006764078516499443,-0.006931502412922131,-0.007074636152303372,-0.007219448659050768,-0.00738142031325989,-0.007426754963148658,-0.007432836596918891,-0.007452187495893021,-0.00743725962652816,-0.007529594836580408,-0.007531253630885708,-0.007541206454501944,-0.007539547643686887,-0.007463245320575801,-0.007379761767478195,-0.0072387954291771766,-0.007104481289206167,-0.007003343041702225,-0.006893926293646683,-0.006799992172339598,-0.0067861790751473205,-0.006735348520447858,-0.006621541647273968,-0.006608283436436094,-0.0065558047434638705,-0.0065834247648877365,-0.006552490392157109,-0.00647405395076708,-0.006370217984988379,-0.006235468232746003,-0.006056566292618546,-0.005917994503791015,-0.0058379518216780365,-0.0057314221899186675,-0.005692787303936597,-0.0056353896579969046,-0.005566958308686089,-0.005538814515977058,-0.005556473273728098,-0.005624903905513147,-0.005695546889148878,-0.005755707739410916,-0.0058197361062070985,-0.005865000011341633,-0.0058296719098756816,-0.005781649773317363,-0.005825807974496158,-0.0058627919684349095,-0.005954981907376244,-0.006123374692502126,-0.006371322566183507,-0.006597235061679476,-0.006849168347100562,-0.007248745342419524,-0.00768829861962088,-0.008021824530844776,-0.00823759706096203,-0.008504334121230679,-0.008739586627132128,-0.008855849474307578,-0.008924506265128026
2017-03-29,0.0,0.0002576758150342485,0.0005421958404622883,0.0008820856458599782,0.0010445769452476173,0.0012213111500880796,0.001385393519805552,0.001541768045342432,0.0016942782372137237,0.0018336017504760511,0.001784237371692104,0.0018270199740983502,0.0019120312518554835,0.0020206157921560637,0.002127543589399934,0.0022043052138889484,0.002300248959129414,0.002360551744917388,0.0023473950836171305,0.0023298525992829404,0.0023506842651701432,0.0023802864123145468,0.0023731600495690863,0.002403857865750783,0.002475665148191104,0.0025770635973201704,0.0027053042075704326,0.0028483224124974623,0.0029967986005592206,0.0031419661776084682,0.003300256987733382,0.0034409997427942737,0.0035784375571910024,0.003653445448111018,0.0036819141235365357,0.003669869782843544,0.003604718334446504,0.0035056142951091517,0.003379666813946979,0.0032958755723830886,0.0032093386854330623,0.0031441572248798767,0.0030587028237891592,0.0029858417017122156,0.0029694061283374157,0.002967762556142905,0.0030236424953688956,0.0030537725393802425,0.003099239796252745,0.0030970486505628087,0.003065824302799946,0.0030696589243378973,0.0031134821262104673,0.00319838411513156,0.003240010843879297,0.0032986139592266466,0.0033813097092870704,0.0034859018234108564,0.003454142023867555,0.00350287647505448,0.0035461331555492913,0.0036036233158501844,0.00352915923816288,0.0033714522967592596,0.003246583326864695,0.0031551123892267345,0.003034051158663715,0.0029354384206669803,0.0029589967921489907,0.003011590223570243,0.0031534691222255607,0.0032586327668124053,0.00353792000569378,0.0038461406579868716,0.004119244401616014
2017-04-05,0.0,0.0001294032643371663,0.00021169286422340465,0.00036217869556265294,0.00037246287170700996,0.00035893103901774335,0.0003351145687363413,0.0002836907097324189,0.00023876033151131249,0.00011586814218394865,0.00019274520118701933,0.00016026265784424557,0.0001559315723444759,9.312872453926246e-05,0.00012453064146669167,0.00013535866004763143,0.00015972127318278437,0.00016513510660983675,0.0001516004680861014,0.0002203545334679264,0.0003096736216389741,0.000390324610482716,0.0004844994119734502,0.0006051817380850796,0.0006500956562393585,0.0007458692021981778,0.0008670609937668443,0.001027725680690422,0.0011624044679304935,0.001311665786920443,0.0014284634545605778,0.0015106462290973503,0.001587416140519833,0.001627420659954513,0.001663099016332149,0.0016566121371265382,0.0016955327811816324,0.001764180780484437,0.0018555239603877173,0.0019063266153235786,0.0019803641610400317,0.0020381852932749548,0.0020462907922884944,0.002021974098147427,0.002022514475552441,0.0020814138621781156,0.002112213077502989,0.002057098022109381,0.001992252891172277,0.0019263226971733306,0.0018890323842463968,0.0018895728334948655,0.001910650126360676,0.0019279439835829038,0.001991172103364366,0.00201548954651077,0.002031700846760118,0.002131664724761175,0.002217571641158055,0.002294827533511484,0.0022748388190309294,0.0023115745272239926,0.0023888231579223818,0.0025595052656126405,0.0026696769769768707,0.0027080182058179334,0.0027684971559219364,0.0028100743124661355,0.0028640680394880417,0.0030168544894089017,0.00319606537900112,0.0033358491677094493,0.0033558166854158063,0.00327270601487544,0.0031922871675686307
2017-04-12,0.0,7.199422100622962e-05,0.00011259018052291094,0.00015210199848570576,-0.00011260285849931221,-0.00038766699674325434,-0.0007917369507575166,-0.0013157543826698113,-0.0018118459773146932,-0.0025024464338238434,-0.0031935241489376267,-0.003818239312730226,-0.004446063693644104,-0.005018787533223227,-0.0053196941458896465,-0.005559178211274689,-0.005652265905665992,-0.005706162742234053,-0.005718684645356534,-0.005500390447604271,-0.005389356322458031,-0.0053811925351137605,-0.0053147962066975515,-0.005271804214357576,-0.005264729759804831,-0.005285953273608556,-0.005316973065598852,-0.005295748893442807,-0.005343095742042915,-0.005422556410958443,-0.005512365452503132,-0.005500390447604271,-0.005553190410601986,-0.005570065213446248,-0.005478073775661377,-0.005410038215352727,-0.005333299658408228,-0.005216842460378309,-0.005014435118176995,-0.004806629345107085,-0.0045776578097282295,-0.004351457137230323,-0.003995403501463545,-0.0036671854400031735,-0.003387958863206908,-0.0031365043769089438,-0.0029182301541193266,-0.002677749299823292,-0.0025263248924704,-0.0023195780532376856,-0.0020803260158093026,-0.001903500755589066,-0.0019268225428309578,-0.0019506872602574924,-0.0019338734227943293,-0.0019045854778188584,-0.0018389619005999126,-0.00193170391597208,-0.0021513903727515766,-0.00228810852956977,-0.002467715148149592,-0.0026538672251645813,-0.002813453733604043,-0.003034962928769975,-0.0033048578370244597,-0.0035471193220011155,-0.003905187139741296,-0.004217718310475121,-0.004313943222417958,-0.004349826068192447,-0.004337321293950994,-0.004305244544616965,-0.004269363298490055,-0.004191625014982832,-0.004136179022626693
2017-04-19,0.0,-0.0003446742916983969,-0.0006762884320409887,-0.0006801322869662654,-0.0007471275599804724,-0.0008569655874437998,-0.0009904350268478293,-0.0012596251233767159,-0.0013986434836399649,-0.0014563445257642711,-0.0015898939932625044,-0.0015173463907366376,-0.0013656729543446498,-0.0014035891567942315,-0.0013772125159458649,-0.001374464989200719,-0.0012244614860904448,-0.0010113084018152786,-0.0008822300403600735,-0.000753717501423451,-0.0006329088078828803,-0.00057909872451922,-0.0005318800162386172,-0.00045446812095636485,-0.00042317565137678847,-0.000432508390708666,-0.0006081997366050603,-0.0007449309224834059,-0.0008146765185850824,-0.0009563794030252066,-0.0012508340981343387,-0.0014354618594208022,-0.0016129784251228392,-0.0017817308149224182,-0.001974704113459554,-0.002066530695450083,-0.0020120935602925298,-0.001954910266376267,-0.001967556290150557,-0.0019312681291588998,-0.0017481979426720443,-0.001629467631288714,-0.0015800008284499894,-0.0015860466397608563,-0.001525040583929051,-0.0016003368845255652,-0.001667393837339735,-0.0016569502457886073,-0.0016602482102849613,-0.0016580495660788847,-0.001739402621343178,-0.0018251603042672244,-0.001790526508550865,-0.0017569933413592682,-0.0017976730665899626,-0.0017042221095840747,-0.0016019857720622744,-0.0015909932398389137,-0.0015942909868182187,-0.0016245208408900381,-0.0016360633898861367,-0.0015964894908462902,-0.0016223222752342458,-0.0016525529767123979,-0.0017405020322788115,-0.001938415693090536,-0.002105573293954438,-0.002109972555538328,-0.0020868766481321605,-0.002142417707424284,-0.0021297694721692157,-0.002122070624686668,-0.0020659808105821095,-0.001867492128046535,-0.0015580163681649353
2017-04-26,0.0,0.00035346945677476393,0.0007406383308714518,0.0011040432944091159,0.0014286878718190229,0.0017939882066630496,0.002215982648711813,0.002574028856577095,0.0029940872958821147,0.003438599822923328,0.0035820869786598675,0.0037635580349259204,0.00390432263312959,0.004099647519237983,0.004259624962224852,0.004425995754958743,0.004497136230415731,0.004530832584018874,0.0044976711020400005,0.004535111404818487,0.004614266287432439,0.004645819527779162,0.00469288013811039,0.0047003668491982795,0.004720687639613524,0.004737264820696407,0.004806244333006389,0.004999254737187157,0.005198107379482239,0.005274003068910728,0.00537714783535395,0.005490968830320495,0.005503258585340203,0.005504861585729457,0.0054626483850144045,0.005428983416109861,0.0053498929986206785,0.005255296919798146,0.005216280111298703,0.005180468823951069,0.0051371728685618125,0.005044160403220563,0.005020638639172977,0.004936704198871366,0.0048458118282074,0.004754376461318134,0.004681115193154067,0.004609452993757096,0.004531367437620008,0.004498740844429834,0.004392295868492028,0.004368223825681048,0.004396040356405355,0.00447253182644011,0.004612127048659248,0.004716944367143216,0.004876288426059083,0.005042556664156621,0.0051633644729779365,0.005079442011937322,0.005004600755553001,0.00476614054439609,0.0044768108967049546,0.003983527459527755,0.0035986830451246584,0.003162275512819395,0.002703172747969126,0.0023001457525680404,0.0019934791835756406,0.0020578226231408553,0.002217590927272085,0.002545625680456856,0.0028328357262094187,0.003340074331782323,0.003610996077747134
2017-05-03,0.0,0.00023293659077566094,0.000524835799622996,0.0006889916686711454,0.0008708191642250387,0.0010354544799446458,0.0010804965540752772,0.0011459111917496855,0.00128316078517564,0.001420927564462505,0.0013844775005100649,0.0013716124548391769,0.0013051404154201904,0.0013019239143406676,0.0012043517980152268,0.0012043517980152268,0.0012970991433228875,0.0013775089546497622,0.0014107431215208118,0.0013962703136482346,0.0013951982454732366,0.0013608914570142,0.0013206866914575064,0.0012440251256959462,0.0011609237835614467,0.0010418891861759866,0.0009614523821120486,0.000835958046890482,0.0006584156568375743,0.0004652824018023409,0.00029787007020553756,0.00023078995747497503,0.00013150313197681329,9.071217382383775e-05,6.172811344485597e-05,-4.294271388228955e-06,-4.34803497068582e-05,-7.300512166364431e-05,-5.797421973947297e-05,-0.0001154149558126292,-0.00020346136706564017,-0.000340915164550659,-0.00042414832726815133,-0.000550353757115583,-0.0006072856746139955,-0.0006341414777517984,-0.0006937639386785157,-0.0007012841411653123,-0.0007388860019247027,-0.0006883924000979926,-0.0005820418772688758,-0.0004864434849675683,-0.0004397217528825184,-0.0002877569633148803,-0.00010521495801366945,2.9522616607822144e-05,0.00014867777447627063,0.00019107641021268154,0.0002313266162320944,0.0003268472871387729,0.00025923247474702725,0.00017443918517258544,0.0001438474360870643,-9.662136555917808e-06,-0.00013903640279933288,-0.00018144903747573503,-0.0002705751187253629,-0.00031675199550144293,-0.0003478957443093445,-0.0003602461201770827,-0.0002888308384039165,-0.00026252123069760467,-0.00025070897892244965,-0.00021044098737972185,-0.00029258941029696887
2017-05-10,0.0,0.00043762949248566166,0.0008659562077774668,0.0013101714370893128,0.0017868536522650524,0.0022135324886961424,0.0027063688467700896,0.003331028259247618,0.004018878641771252,0.0047297479484011305,0.005105007011000881,0.005424106619209574,0.005738304219009577,0.005991617491286324,0.006167565786401351,0.006427699266194248,0.0066318140177642,0.006718137224693125,0.006749574072464363,0.006772485050793322,0.006795928299218735,0.006863058197728645,0.006909407164434741,0.006972800548370672,0.007008490853476003,0.007042581895738559,0.0070804002859739465,0.0070436472220823795,0.006962679185236338,0.00688117184273788,0.006794329913375271,0.006714407363611612,0.006654194823985727,0.006569997760175342,0.006506578835254025,0.006445820798786008,0.006370667594145994,0.006390922205268683,0.006439425001251162,0.006386658110704019,0.00635467682188726,0.006371733636538194,0.006361073161475318,0.0063861250976048655,0.006409044404323368,0.006414907398410657,0.006544950430046431,0.00655187847774111,0.006600373467711865,0.006755967886662246,0.006843345917110372,0.006818305432772804,0.006769821010515156,0.006765025720129533,0.006736253494915862,0.006733589358113274,0.006599840568513656,0.006629682486285558,0.0066808379878311,0.006720268567636026,0.006741581747227815,0.0068204365622340415,0.006979725632543826,0.007111293120862619,0.007300890307297153,0.007430285724696615,0.0076235489319500865,0.007741192264649818,0.007769403314174478,0.007908317817311671,0.008062112515529128,0.008257381733607069,0.008438251077278205,0.008643019523442451,0.008810526160952207
2017-05-17,0.0,-4.785359535232834e-05,-9.991670110722064e-05,-8.098434903006145e-05,-0.00020931064300071296,-0.00027295397108452756,-0.0002808439220484265,-0.0003008320764376623,-0.0003045141484552901,-0.0003344972395721927,-0.0001987914747093051,-6.152647178393056e-05,0.00011936107659984462,0.00017246428901489103,0.0002602624248594228,0.00032650022805939485,0.00032124341983569645,0.0003349110637391249,0.00028654779248010173,0.0002881248925661381,0.0003191406888086191,0.0003007416037155302,0.000212421282677166,0.00013145413531567593,8.360683025339041e-05,-7.099241882842192e-05,-0.0001456713651325622,-0.0002072068004903583,-0.0002713759883616795,-0.00036079893687484985,-0.00047600852243964524,-0.0005764989526522448,-0.0006128042613605791,-0.0006491108881920977,-0.00062858958931954,-0.0005596621554105184,-0.0005896528977441343,-0.0006522680484739001,-0.0006680539993987812,-0.00076908998671432,-0.0008769782219753357,-0.0009417167507122085,-0.0010001429233381823,-0.0010396219995644702,-0.0010796290534450042,-0.0010290940935070022,-0.000946980229956152,-0.0007980344683061816,-0.0006491108881920977,-0.0003465959344124241,-6.888886729717479e-05,0.00013355726103371558,0.0003706563261813662,0.0006528938885132679,0.0008667527304077978,0.0010338145494481563,0.0012318359642466592,0.0013358208980787688,0.00145239720948428,0.0015180310446425555,0.0016314361593346568,0.001718581351153847,0.001768975104858744,0.0017264555425729813,0.0017306550859774465,0.0016713349005345749,0.0015847106097169636,0.001533782524100396,0.0014261424691892903,0.0014445208597731367,0.001472875428405047,0.001528007010440749,0.0015232815653628954,0.0015222314634241296,0.0014513470331070373
2017-05-24,0.0,0.00010752361936994894,0.00016553898813631752,6.973198169667294e-05,9.315231981301635e-05,0.00030178203316624954,0.0004278967450402334,0.0004592899181981482,0.0006513521107609581,0.0009391103405175107,0.001036961185064302,0.0009981410718802044,0.0009710192766710376,0.0010906687198988356,0.0012879260986157091,0.0014415578552928795,0.0016562838041543142,0.001919844704720289,0.0021419046033682872,0.0023681637283919587,0.002594902616171078,0.00275417319970876,0.0028943103326155763,0.0029733942122571683,0.0029118260934835076,0.0029335876720374904,0.002931464612049909,0.0029410183464984685,0.002890594828746766,0.0026856899575049735,0.0025094169420047667,0.002320366769862771,0.002127562511000199,0.0019878491462864806,0.001926220317576066,0.0018491789402081372,0.001743968024106543,0.0015935715857208904,0.0014208269197130317,0.0013182290403159866,0.001157134447402725,0.0010220714567963215,0.001011435800866123,0.0007822099264838444,0.00046939937434430757,5.748931392340326e-05,-0.00044245891804002335,-0.0008472859532302953,-0.0012863889325972191,-0.0017534138378844414,-0.002031279839460703,-0.002204651869865395,-0.0024239438564222318,-0.002399397837705311,-0.0024548940431664635,-0.0023801883302791596,-0.0021918479843127015,-0.0021753098747728686,-0.0021603724625299595,-0.0021491695497725233,-0.002190247510145618,-0.002370583714941197,-0.002688652251785876,-0.0029603714378196363,-0.003143516585132075,-0.0034623652717011765,-0.0037449811641282107,-0.0039405617907271725,-0.004007901678145486,-0.0039907990549232,-0.00402821142313586,-0.0040180564990799,-0.003929338917014154,-0.00392720124106328,-0.0038005520966976347
2017-05-31,0.0,-0.00016883937000160986,-0.0001844259798570977,-0.0001277957928870449,-0.00019118025290905486,-0.00023326559731749733,-0.00018182819467690186,-0.00015585071403380406,-0.000132991089273398,-0.00013143249752343525,-0.00010857343094132331,-2.5973128720447443e-06,-5.766193329571302e-05,-0.00014494037339456725,-0.00014338176302045207,-0.0001277957928870449,-0.00018026952680780806,-0.0002530099495241529,-0.000340825080543244,-0.00037148425009269525,-0.0003668073668612421,-0.00039382966077501007,-0.00037823978670973034,-0.00042708887111089886,-0.0004390416700277358,-0.0004982880868063736,-0.0005934015174400692,-0.0006219892893084169,-0.0006458996897621757,-0.0005944410584619596,-0.0005185574036608609,-0.0004904923051037189,-0.0004286479237370437,-0.0004068214081573929,-0.000364728759112849,-0.00027847034756500093,-8.000033251138814e-05,7.479971600388262e-05,0.00025710058721611673,0.0002861825526605534,0.0002898177388740841,0.00031786015978853407,0.0003131864775788064,0.00038017383542745614,0.0004455990160452772,0.0004944054900779638,0.0004845405437885547,0.00048661738267370957,0.00047519471542884254,0.0004949246950817784,0.0005307491893305066,0.0006044709220116219,0.0007103715053423451,0.0007861562145160577,0.0007197151360488415,0.0006646902762187814,0.0006672858565165578,0.0006999895910522439,0.000734768579667158,0.0008006896120041402,0.0009117593171813972,0.001008805455950046,0.0010959832613662691,0.0012002752936793866,0.0014077892717873893,0.0015592472889001138,0.001652600392414062,0.0015805118178253378,0.0014217949139865287,0.0012231039392722183,0.0009351135265842568,0.0007202342240839683,0.0004949246950817784,0.00023736591469405467,4.7789352853115574e-05
2017-06-07,0.0,0.00011253858801887083,0.00030698786550064445,0.0004884397506614073,0.0006952547460557065,0.0009605787642034512,0.0012936887321672898,0.001546425986724712,0.0018286082985622554,0.0021557365502460745,0.002248368937648117,0.0024915528055114468,0.0026482974421784236,0.0027936393255944695,0.0029306861629874938,0.0030625436918945846,0.003088396070676735,0.003188179984300143,0.0032957079778694587,0.0033163851126809226,0.0033644577985911975,0.0033138004942105653,0.0033365449074858316,0.0033324095980949557,0.0033044958124048393,0.003271411798132275,0.0033163851126809226,0.003319486646027222,0.003303978883099295,0.0033205204883383975,0.0032957079778694587,0.0032615897706848476,0.0031406158373180476,0.003072367674563041,0.003026866311582493,0.002939994323607264,0.002809155004705669,0.0026115707048768463,0.002309946614673026,0.0020558495570280402,0.0016603440269604306,0.0013403049152425342,0.0010626475747317658,0.0008496901786188137,0.0005921117615404575,0.0004168997960847057,0.00023958306438665462,0.00016128409138543577,0.00017009951381159204,9.438805946195505e-05,0.00018617449582456727,0.00022247189180163443,0.00021521251800548781,0.0001706180656516665,0.00017580356926540409,0.00013017021459396308,0.00011357575112888756,9.490665056404158e-05,6.379070841215393e-05,3.0599302908892735e-05,0.0,-1.400338311386635e-05,8.298208572296694e-06,2.022676275672524e-05,-6.379477792634325e-05,-0.00010943906783343194,4.14911289390358e-06,0.0001809890459896114,0.00025773095779271023,0.0005071015058312075,0.0007372345226933102,0.0010041017645615836,0.0012755596296479522,0.0015257122214430952,0.001810488891149374
2017-06-14,0.0,-0.00015193535492079584,-0.00026069778172061874,-0.0003059755805405395,-0.0003023324634166627,-0.0004381776667153263,-0.0005948649746092544,-0.000800001083657113,-0.0008275987461890566,-0.0008739437042173867,-0.0010181996238425525,-0.0009937215217170356,-0.0010911166703176847,-0.0011906049309152204,-0.0013422003163502878,-0.001441192523660415,-0.0015078875357318158,-0.0014771447509698292,-0.0014672447333322143,-0.0014109728107140054,-0.0013958632966957678,-0.0014323349269815657,-0.0014714131498652513,-0.0015287306392707783,-0.0015714603597258756,-0.0016663060193312644,-0.0017304101035390967,-0.0017861787875611554,-0.0018810448154301135,-0.001967578821002446,-0.0020588125381280574,-0.0020577698200539836,-0.002041086478734934,-0.0020697611435497713,-0.0020692397786684744,-0.0020582911789552797,-0.0020337876044298603,-0.002011369966439829,-0.0020077206310750288,-0.002054641672355535,-0.0020499494691549594,-0.001988952830989136,-0.0018091126068145989,-0.0015876147540472517,-0.0013880481204048268,-0.0011603927895910446,-0.000978097514492164,-0.0007739662511324548,-0.0005730001554147137,-0.00035698061391564457,-0.0002331157596809194,-0.0001982490092091792,-0.0002487281315492123,-0.0003267936472922095,-0.0003252322772524861,-0.00028723969100673643,-0.0002341565768889742,-0.000146731707580323,-7.024121616957762e-05,-5.150974276710407e-05,3.5378892332281666e-05,7.595902170505505e-05,0.00014462933555529719,0.00031576436957715226,0.00038961907555988296,0.0004166630964665223,0.00045982799914290844,0.0004645084187893574,0.0004645084187893574,0.0005783918786919422,0.000687583016847644,0.0007624500499125095,0.0007952026144283459,0.0007442537172010166,0.0006896627323423744
2017-06-21,0.0,-0.0002994539391762212,-0.0005699721230682033,-0.0010199613734301043,-0.0014966108736608073,-0.0019039397901237233,-0.0022891090149854475,-0.0026910474646143225,-0.003054177273483566,-0.003379495618018934,-0.0034792949798016933,-0.0034860525882841674,-0.0035437540280548662,-0.003474096850504367,-0.003427314902713958,-0.003435631533480532,-0.0034522650025155983,-0.0034138005252352895,-0.003402885199832413,-0.0034039247494995367,-0.00346370067297099,-0.0035567503072203173,-0.0036253734616353574,-0.0037043998975790264,-0.003740795751367429,-0.003726237250892835,-0.0037153185146272362,-0.0037319566365163863,-0.0037589941750205543,-0.0037621139380432534,-0.0037080394233487937,-0.003614975711292689,-0.0035427143330183973,-0.0034408294628333817,-0.0033779363320159904,-0.0033218036551431306,-0.0032604771099808212,-0.003198634656987939,-0.0030988632995989918,-0.003044305048650334,-0.0030598928166172957,-0.003102500622165937,-0.0031186089239952203,-0.0031487477340029963,-0.0031918789904778855,-0.003272430294036305,-0.003330639145332232,-0.00335870533789005,-0.003412241185740309,-0.0034714977959884852,-0.003502686896024407,-0.003529198395908818,-0.003643569784886863,-0.0037080394233487937,-0.0037621139380432534,-0.0037974719325414978,-0.0038817121920512883,-0.0039285154027601955,-0.0038609114681854477,-0.003730916745788064,-0.003504766203947415,-0.003299455410765692,-0.002975202203585841,-0.00266351939442132,-0.002374780020205232,-0.0021453020711464602,-0.0018707245956223106,-0.0016444754372537467,-0.0015324076568826556,-0.0014675593539011428,-0.0015313700509300783,-0.0016128253933431172,-0.0016953251462797718,-0.0017840588924303677,-0.0018188280627661527
2017-06-28,0.0,-6.839094261949216e-06,0.0001488702304108735,0.0003829146478499766,0.0004886111365377584,0.00036082740323294197,0.00017727404641280125,4.576811925122526e-05,-0.00015204936530262628,-0.00033253934609929443,-0.00021361225773630478,-0.00013942154811551874,-0.0002488679284435126,-0.00039727109486053613,-0.0004862182994902493,-0.0003635890116205728,-0.0002888609401963416,-0.00024465823077351914,-8.365059624344021e-05,0.00012256968141162336,0.00028877752364866197,0.00038554404923788057,0.00038659580785710597,0.0004197256381434537,0.0004344496548554137,0.00038922519956601523,0.000400794440949869,0.00044181158191366316,0.000489136961787368,0.000487559485208396,0.0005222633951331222,0.0006358314077728794,0.0008235058252779919,0.0009759325109656066,0.0010106194768686174,0.001062647669854459,0.0010274369666379572,0.0009128622175257932,0.000833493112512738,0.0008093131928835216,0.0007351928397948112,0.0005801005687833058,0.0003329547078231918,0.00012835586154128276,-1.5256505255779436e-05,-0.00020308841781856087,-0.0003799036290182135,-0.0004546385044509542,-0.0005983346268766848,-0.0007778521988914565,-0.0009363387735412355,-0.0010937971533775154,-0.0013076432124197335,-0.0014899225048377468,-0.0015884514467405164,-0.0016416716511449018,-0.0016458872339413864,-0.001683828278831655,-0.0017549716181984422,-0.0017312566093634675,-0.0016611688705521703,-0.0015341802938206991,-0.001374018530097338,-0.0012765642209463179,-0.0012507535893350285,-0.00116595191853332,-0.0011048570350000908,-0.0011290838698021644,-0.0011085436893901862,-0.0012307376397829423,-0.0012739304525056056,-0.0013471517993528513,-0.0013518929346809563,-0.0013134377074913584,-0.0012965810877911396
2017-07-05,0.0,-0.00019543828396692024,-0.0004543488645619032,-0.0006602774236804702,-0.0007736602364238969,-0.000812671057250357,-0.0007663783850860113,-0.0006592372738990487,-0.0005183069829359183,-0.0003643984334281826,-0.00028485363757855414,-0.00016684785203897076,1.9229894691097218e-05,0.00016422178917056306,0.0003871253084618296,0.0005824497814730764,0.0007605981452516678,0.0008841926474268268,0.0009838880054963042,0.0010275015994451187,0.00105138442821151,0.0011079740715431027,0.0011681943948822662,0.0011775386027971977,0.001178576842731185,0.00115365878679529,0.0011230294923645497,0.001101744175935361,0.0010519036138065283,0.0010451541800451244,0.0010477501214984153,0.00102542480476987,0.000994272367063335,0.0009413109956213897,0.000826032431594513,0.00079954764100347,0.0006977564271589879,0.0006343913575999103,0.0005092075749175084,0.00043907703077698243,0.00036842202769800836,0.0002723024278245189,0.00015434845623734492,0.00011225578531861076,0.00015123054137386167,0.0001559074100232387,0.0002390480908584212,0.0003237405520587523,0.0004447915554623948,0.0004899871002283913,0.0005372584155095612,0.0005959548508086906,0.00062815851091337,0.0006401047662687377,0.0006130956377013196,0.0005195968668820207,0.0004520645396508175,0.00042089423497434613,0.0004380380227801824,0.0004593374709435478,0.0004666103493409113,0.0004775195677606868,0.0005419334791099182,0.0006053044073541056,0.0006478957254838914,0.0007907192215942069,0.00080837598247221,0.0007787747653926139,0.0006852914848093961,0.0007019113734148415,0.0007315148657981545,0.0008483622002148428,0.0009807726759982825,0.0010778625498862788,0.0012273729037566752
2017-07-12,0.0,0.00015215640891209282,0.0003920875957571574,0.0007671837663915859,0.0011181667519112705,0.001393561320117194,0.0016240184777751988,0.0018722613451895586,0.002053689429327867,0.002286032384878411,0.0022208187592834385,0.0020282099436246476,0.0018218021795137005,0.0015766057471422255,0.0013614358615298633,0.0011982429926960067,0.0011615209267084243,0.0011589707331615558,0.0012334337072471197,0.0012502636112329255,0.0013624557332197328,0.001489421633358073,0.0015582518285290916,0.0016286066872494035,0.0016627626960974752,0.0016693898462573301,0.0016153518024416493,0.0015842531138095708,0.0014873821478997833,0.0013690848738511896,0.0012206835914122843,0.0010870525973914063,0.0009314673017753631,0.0008100429428795071,0.0006763570596033476,0.0005697016877585235,0.00044976459589535423,0.00035737770915296566,0.00032419801481663234,0.00039004587107140494,0.0004650765149997322,0.0005839911056286011,0.0007187098651132689,0.0008375943006529953,0.0009768701024217158,0.001092663418114152,0.001234963710222977,0.0012925921176778492,0.0013027914899067313,0.0012283336804208905,0.0011951828720354447,0.0011584606936716742,0.0011661112587041968,0.0012237436340384606,0.0012880023662358274,0.0012997316891609515,0.001312990758109037,0.0013374685773815777,0.0014093687066033627,0.0015281710667798,0.0015852727582800854,0.0016270772864301864,0.001672958293536566,0.0016964077731631902,0.0017035444621676546,0.0017412661151147413,0.0017484024839874923,0.0017723599213073857,0.001746873266373453,0.0017524803861921955,0.001819763371828747,0.00190691869107249,0.002015979559886006,0.0021092324579912816,0.0022238757429884127
2017-07-19,0.0,0.00039464564029545175,0.00072356750906638,0.0011951553662884159,0.0015827275615400765,0.0019325818221212466,0.0022239489808096053,0.002613152075903919,0.003032631658548078,0.003418478634195526,0.0035061734097973974,0.0035401340605575936,0.0036394750145049186,0.003591833135459824,0.0036440363519499325,0.003714987811045903,0.003869543204893257,0.003992157048453969,0.004091959697663805,0.004156294196554525,0.00422265064263914,0.00428798971063854,0.004335598435807254,0.004376621157589788,0.004411058686396596,0.004463219155305594,0.004500185607241903,0.004532593427251665,0.004569050969409911,0.004648037751316724,0.004703729808681826,0.00477663108722019,0.0048323159836176814,0.004872305950696987,0.004866737823266104,0.004897615230092613,0.004927479355914832,0.00499580917028939,0.005040347572775054,0.005111706105147761,0.005229613656149604,0.00528476735154971,0.005321703446796421,0.005340929915370424,0.005345483498521819,0.005309560223549705,0.00527717757396817,0.00517496295759388,0.005079823134876817,0.004939627219713337,0.004798905417877667,0.004689553942890603,0.0046353800329816345,0.004562974804685074,0.00446625754536409,0.00436294710397954,0.0042267028020346615,0.004223663684027341,0.004228728875575051,0.004257599977503461,0.004260638992376509,0.004314326732338189,0.0043371178258835045,0.004396372238265665,0.004583734881741177,0.004785237137425453,0.00502617647806283,0.005259973864847971,0.0054572927571025125,0.005641927738064613,0.0059215974464238525,0.006128391464898067,0.006363447643143123,0.00661512397052259,0.006786409580600826
2017-07-26,0.0,0.00011334593190505736,0.00020160643283059654,0.000269300970032851,0.000337492314973101,0.0005074490315677418,0.0007410297142040995,0.0010031164624083853,0.0012681400843776848,0.0015030455910869924,0.0016132167972526055,0.0016042032453772743,0.0015761605644151074,0.0015881789525490572,0.001625234740041294,0.0016652935062567706,0.0017263800353440458,0.001780954187987657,0.0018500437972383515,0.0019101178385122898,0.0020147381781531826,0.0021018300165516444,0.002154882246484546,0.0022174402221087713,0.002244464057132983,0.002261979115705063,0.0022584761285327874,0.0022534718398573433,0.0022389592610793426,0.002237958385813871,0.002263980817151176,0.002322028416198822,0.002412095606383354,0.0025166634448639154,0.0026037115825390863,0.0027252661302918963,0.002877313569385669,0.00299183404004492,0.0031583404092982523,0.0032858265453536363,0.00339430194866222,0.003457282267333639,0.0034592815775714904,0.003483772803591162,0.0035502459650766185,0.0035572428829344733,0.0034562826107156354,0.003379306050040317,0.0032353339803731286,0.003124341361268323,0.0029898337950150207,0.002834302494027111,0.0027962911666469907,0.002787788435144666,0.0027382710916848637,0.0027362703394019005,0.002794790689870638,0.002852307355340203,0.002862309915995892,0.0028913167761203044,0.0029513282983503818,0.003115841418642885,0.0031683399093231906,0.003146840860655254,0.00316234022130708,0.0031948381008234435,0.0033013237519823727,0.0034032993798956894,0.003594725537840266,0.003788613374334513,0.00402392671311529,0.004195755400337199,0.004416991300884387,0.0046606437318987455,0.004853825899539098
2017-08-02,0.0,0.00033882870950230614,0.0006810033712469554,0.0010403584834558315,0.0011342539442724083,0.0011648916079454146,0.0011174522463121856,0.0010131765729661033,0.0008461151532869382,0.0007477434520274808,0.0006187086102162694,0.0005440486652172694,0.0004184491623077049,0.000362072602479278,0.0003729525369624231,0.00031311143238666166,0.00016423496718091148,2.2757057038771017e-05,-9.053863816770499e-05,-0.00020582647317756347,-0.00036022413455763524,-0.00045772468091018654,-0.0005270201881635411,-0.0006131512975856454,-0.0007458275207653576,-0.0008324726153332888,-0.0008260358644565235,-0.0008309872076073309,-0.0008304920721890711,-0.0008359385752742808,-0.0007611755332350704,-0.0007483029907147886,-0.0007284994026999689,-0.0006913687321925862,-0.000669586047149114,-0.0006636453972123169,-0.0006789921483919223,-0.000668595936375488,-0.0006413682742572599,-0.0006181015867813799,-0.0006334476390222343,-0.0006547344884777141,-0.0007077060573619486,-0.0007859308884385855,-0.0008463365271748877,-0.0009300192192908943,-0.0010072709972343994,-0.0011018630320118446,-0.001178137471444141,-0.001246987578102309,-0.0012871110494220525,-0.0012856249662196167,-0.0012598665416033725,-0.0012192488354480667,-0.0011796233949194596,-0.0011330655085995997,-0.0010790808862794444,-0.0010122232378260835,-0.0009750820311634913,-0.0009844910063851675,-0.0010345086239870612,-0.0010969103474835354,-0.001149905344916787,-0.0013282268938146287,-0.0012925600400584835,-0.0013812341516105206,-0.0016111299166945176,-0.0018519825958086082,-0.002044805662406757,-0.002145941106152825,-0.0020770290807540434,-0.0020745503194010903,-0.0021528821489354634,-0.0021900671271009543,-0.0026215139535099327
2017-08-09,0.0,-0.00046830000936065147,-0.0009368194263725759,-0.0011776857030973266,-0.0014346736948404664,-0.0016741535878323987,-0.0018448870592384632,-0.002175891726714074,-0.0024517289181996177,-0.0027598119281498587,-0.0026547615428224387,-0.002446703880951494,-0.002188953338336367,-0.0020181611182100117,-0.0018951083341864166,-0.001918713204726091,-0.0019247400694756935,-0.0019393051425814223,-0.0019855129854667317,-0.0019774766854997873,-0.001996563003372995,-0.002067888783905738,-0.0022030198801124942,-0.0023502280621386876,-0.0025673117447304367,-0.002651745905233683,-0.002802036244838358,-0.0028648733502200487,-0.0029116267184191493,-0.002989051081391086,-0.00309061680254472,-0.0032691360138231477,-0.003376765809676826,-0.003505534429746877,-0.0035503055299588985,-0.0035503055299588985,-0.003517104297284666,-0.003541250538998736,-0.0035155951765361232,-0.00347786789797389,-0.003416501232126185,-0.0033561442507414985,-0.003341558526795407,-0.0033581560914299692,-0.0033294877437231784,-0.003340552622640923,-0.0033551383319151856,-0.0034436630623122036,-0.003560366727191197,-0.00365947492953257,-0.003774694272824064,-0.003919114555218105,-0.004058019241662728,-0.004175298002085295,-0.004406372370547456,-0.004612823828248852,-0.004867170193461716,-0.005001672538765859,-0.005177006126479689,-0.005210262516622611,-0.0052994555689964695,-0.00515130876431241,-0.004969430627704369,-0.004779023039033999,-0.004362569859448018,-0.00409224509809264,-0.003806897685684407,-0.0035779740659303574,-0.0034205251604158514,-0.0034869223150204008,-0.003550808587416441,-0.003818471040500656,-0.00428201852580167,-0.004749306606827001,-0.005354386322244424
2017-08-16,0.0,0.0001234581758940346,0.0001198872856886949,-0.00014592477042750396,-0.00032555372485246285,-0.00042609878634996515,-0.0005598342791834823,-0.0006190511261895116,-0.0005225703024440088,-0.0005521771843106611,-0.0008973151586828096,-0.0012435939420977228,-0.0013953202118509402,-0.0012982536154048255,-0.00112866512249709,-0.0009795327457859675,-0.0007992756926130691,-0.0006297717923411881,-0.0005077671902171566,-0.0003332090846377035,-0.0001234734196969991,5.662940266428308e-05,0.00019487330236223372,0.0002591425558715308,0.00021374644804415065,0.00017906039254941242,8.009650357530805e-05,-5.969392325273458e-05,-0.00021685394002709268,-0.0003423955937388475,-0.0003531132943532626,-0.0003903709568681022,-0.0004015995657301578,-0.00031279492210773313,-8.520523369368263e-05,6.632240240530925e-05,0.00027903458296927344,0.0005773675160632039,0.000911292826447308,0.0012614122757958026,0.0015222658492620813,0.0017484197316427275,0.002005582152005978,0.0022178822718596776,0.0024143597269582423,0.0027614095020605076,0.0030696840825319553,0.0033829483341673338,0.0037408444982801998,0.0040574554726895,0.00445015771875547,0.004900077035398902,0.005315793140283739,0.005708508927177716,0.005951468983254695,0.006146200186350298,0.006351539672815514,0.006451912522550944,0.006430115234791515,0.006515274033191584,0.006506150223088476,0.006489423021693406,0.0064813127627227525,0.006501588286820156,0.006725605463083089,0.006925252686090767,0.007171969692046001,0.007489521899005059,0.007926434488253094,0.008231603151976302,0.008571581926814497,0.008840144141927587,0.009106611995826455,0.009373514292972698,0.009586277401764317
2017-08-23,0.0,0.00024862489078084126,0.00044195707904412404,0.0006899608417908181,0.001123947248828209,0.0015143229597450933,0.0018698205860986031,0.0023165672440138606,0.0027074982619174717,0.003031457113304026,0.0030487999818149037,0.0030436991693572916,0.0031074574550869964,0.0031778418815926394,0.003136529883945216,0.003136529883945216,0.0031946722061659293,0.0030590015286754858,0.002987078403753083,0.0029396369155506993,0.0029773862396381082,0.003019725002286605,0.0030646123350887536,0.0030860351245509134,0.0031191885368689488,0.0031752918077042618,0.003161521296336137,0.0032013022562559007,0.003187532103062983,0.0031839620323931847,0.003162031318657394,0.0031931421883640036,0.0032278220170493302,0.0032788195803967433,0.0033563308960678014,0.0034343460876537497,0.003560279338608609,0.003732583354687136,0.003901799821687979,0.004005762004008925,0.004117356436326821,0.0041356995348129895,0.004112770609131419,0.004067930301764055,0.00397518601349728,0.0038809041570534463,0.0036821186846603213,0.00352357168852644,0.003345112524863017,0.0032278220170493302,0.003100826782770034,0.002951880095716699,0.0028207682492164734,0.0026978033876739124,0.002663615449430474,0.002647286469470698,0.00269270078452991,0.0026779030881737705,0.0026957623495406087,0.002699844421641388,0.0026130968040846093,0.0026452453282279497,0.0028279109715223048,0.003132959631189144,0.0034679978207723342,0.0038289179262575557,0.004305866686238323,0.00472301032798174,0.005212766442285937,0.005749593421090358,0.006383238037852071,0.006949923312720503,0.007331429076382901,0.007584839131516262,0.00773055891770301
2017-08-30,0.0,0.0006338190870366125,0.0013365162960158774,0.0022031243944314566,0.0030064335216108892,0.003785215316534924,0.004601979341023692,0.005432281560857962,0.006207149509498557,0.007083730070680619,0.007276677268822526,0.007443766807431301,0.007528313602487295,0.007491863166217157,0.0074199709114122535,0.007391111298994744,0.007369845788462378,0.007352124184231194,0.007340478387591624,0.007282753741227681,0.00721388489179629,0.0072174297277679145,0.00730300838257931,0.0073571875317724805,0.007463511908305476,0.0075850116403962655,0.007691311797719119,0.007810253339609987,0.00792108400034269,0.008047588006640115,0.008220619570659869,0.008437625611512872,0.008633851599745992,0.008870485334303605,0.009059044352191818,0.009219771689225104,0.009417865441783723,0.009632085945222937,0.009850301157810527,0.010036655618168034,0.010147744735992259,0.010131587085799122,0.010109874832235487,0.01007705308888785,0.010059379396254621,0.010025546027611775,0.009964946088193337,0.009816460714487317,0.009715942794558074,0.00962602373175709,0.009544180252817835,0.009504771744212794,0.009441108564851993,0.009418370732812383,0.009415844275115673,0.009428981785436392,0.00943302406158148,0.00948203535970602,0.009474456449992716,0.009513360910495107,0.009456772103948225,0.009366324415620735,0.009252116206857381,0.009056011512604697,0.008859362780443683,0.008705150990722605,0.008545858109184663,0.008331404762081442,0.008148273757642328,0.008009638485065312,0.007953976581525078,0.007923108190425963,0.00796004893974557,0.00805669567752537,0.008140684732687746
2017-09-06,0.0,-0.0005846596635511237,-0.0010574633984544951,-0.0017167438001874729,-0.0023039195170483054,-0.0028233991321019248,-0.0032725558366121163,-0.0038212947596016696,-0.004313297455104129,-0.004793927614911906,-0.004810592257414021,-0.004793422630080267,-0.004813622222251337,-0.004757569358831652,-0.004789382760608593,-0.0048560426939733455,-0.004986345395413577,-0.005037865100449242,-0.005089387459901892,-0.005069687420778968,-0.004996952176530851,-0.004919676775802831,-0.004873718421639204,-0.004776253297537889,-0.004742420475606977,-0.004694450525994005,-0.0045995273026533555,-0.004432928537219059,-0.004274937775564448,-0.0041921666382163415,-0.004149269658838516,-0.00412050447984271,-0.004058435070579709,-0.003989305385533829,-0.003914630511323617,-0.0038682138053374015,-0.003820790265696184,-0.003734021100376208,-0.003691143769135434,-0.0036407022036607384,-0.0036361625875658923,-0.0036053946216563783,-0.0036265790212634892,-0.003608925323759146,-0.003533774498792114,-0.0033698745056620063,-0.003228689895961832,-0.003205497187748272,-0.0031480219247831754,-0.003022495336801448,-0.0028118074097003717,-0.0026616311538967706,-0.0024736906362652807,-0.0023658801166753785,-0.0023301137736568387,-0.002359331253973511,-0.002374947843527353,-0.0023668876378208584,-0.0023326324883365247,-0.002345729906936163,-0.002411723356480645,-0.0024988816851816034,-0.0025628698025597267,-0.0025139966191396516,-0.0024681486906645094,-0.0024258293915463934,-0.0024223028641255444,-0.002397113744211891,-0.0024888051894643172,-0.0025104697807814976,-0.002563877522196019,-0.002645002284314482,-0.0027271415123676685,-0.002870775394385869,-0.0029836810673604702
2017-09-13,0.0,0.0001664943916047915,0.0003012552655744182,0.0004766153858631496,0.0006034103269149994,0.0007569295574808002,0.0009153763043560691,0.0011638890656760722,0.0014133298049973644,0.001732958523835309,0.0019496146306010017,0.0021246859577770615,0.0022769829728521975,0.0023471900193941125,0.0024005836281918618,0.00242579628583713,0.002452985694427267,0.002394651145774358,0.0023511451992956176,0.002238416441377979,0.002149411076273398,0.0020915533405173273,0.0020059968785167883,0.0019708819922495953,0.0019555497537695437,0.0018645406607113158,0.0017517570320258946,0.0016820028955400646,0.0016053172017133945,0.0015899793572394178,0.0016028433717422505,0.0016038329044650885,0.0015860211656380581,0.0015865159404452273,0.001636486935014361,0.0017245485504972958,0.0018002357644648537,0.001832883382403573,0.0019110354713546898,0.0020163827353535716,0.002122213412303908,0.0022581943356260476,0.0024075048131977188,0.002505879334968037,0.002577058883927257,0.0026808533117423593,0.00283701891283025,0.0029857489145399484,0.0031048157959312084,0.0031853384721237826,0.0032500483164152622,0.0033231505840506034,0.003399210784254034,0.0035098334765379605,0.003614024910368192,0.0036031618554694376,0.003583904331764354,0.0036253816143170577,0.003674263345964507,0.003680681981732742,0.0036471071233735316,0.0035251419030615534,0.003288081919849513,0.0030919710884443584,0.0028315831781626126,0.0024589178307874277,0.0022161658427741547,0.0018348619916588745,0.0014009582189673272,0.0010094421832162075,0.0006534304711764748,0.00018730424160123338,-8.028398730269053e-05,-0.00035389264931855175,-0.0005293984808759534
2017-09-20,0.0,7.930696553276129e-05,0.00011132352351416602,0.0001837264205483587,0.00027631568429822384,0.00044325019342219467,0.0005673250481380771,0.0006707090019574805,0.0007982011600087548,0.0008498825398834619,0.0007662065862857205,0.0007278117465473655,0.0006318181972401365,0.00046589992662409,0.00034181248618193796,0.00019160669164946902,4.38412739064386e-05,-0.0001354767564601581,-0.000306942746748919,-0.0004409826149401132,-0.0004858308468060563,-0.0005523676435276176,-0.0005296953488733273,-0.0005385670551292683,-0.0005691257569193,-0.0006548922630809248,-0.0006928487545944825,-0.0006558781277532584,-0.0006617933361977484,-0.000627288446851428,-0.000628767203404651,-0.0006292601227415527,-0.0006105293587428365,-0.0005508889999463454,-0.000551381880897171,-0.0005124450342395548,-0.0005178665296310125,-0.000519345124384369,-0.0005040664173569477,-0.0005065307091528237,-0.0005040664173569477,-0.0004887879437649593,-0.0004932236055989483,-0.0005129378962423306,-0.0005139236209767325,-0.0005119521724798031,-0.00047449538947085294,-0.0004951950171740042,-0.0005282167388162265,-0.0005587751243106105,-0.0006504558840829517,-0.000731792626374534,-0.0007638361898480897,-0.000731792626374534,-0.0006992571355737189,-0.0006810180052936619,-0.000662779207673633,-0.0006558781277532584,-0.000627288446851428,-0.0005676470885585615,-0.0004360543604687821,-0.00026702993406570825,-0.00014533032746832664,-9.458547430343628e-05,-2.3645529862960794e-05,2.2659774812080917e-05,5.5663310872943164e-05,4.778196842409672e-05,4.4334746052675685e-06,-1.4778390643571825e-05,-3.645375865758196e-05,-0.00017538431872684548,-0.00029905860810833923,-0.0004528105247663024,-0.0006080648106508192
2017-09-27,0.0,9.216207162550379e-05,8.254115352149258e-05,-1.519236573515643e-05,-0.00020207734566490178,-0.00037227942051471587,-0.0004979233457962334,-0.0006316906800129024,-0.0006134486262002506,-0.0005065366124055407,-0.000840484551556266,-0.001312965582527247,-0.0016334875085651291,-0.0018668434006934504,-0.0022154567780379203,-0.0025570838347713214,-0.002978059819713223,-0.003378379877893318,-0.003802751845523955,-0.00423442375717377,-0.004690703679846582,-0.004871340207842142,-0.005142610704615132,-0.005260710158746,-0.005239838119870315,-0.0051594084830328315,-0.005058117068309942,-0.005020962488202066,-0.00501892666069161,-0.005005184933402076,-0.0048016259066883645,-0.004823506514390094,-0.004780763447537965,-0.004897293488376503,-0.004967014459480429,-0.005138538558400507,-0.005251546770960017,-0.005365586020949644,-0.005544816836094599,-0.005894205587599488,-0.00626308068578427,-0.00655664759719362,-0.006763113445544479,-0.006890072871980873,-0.0070991576576426895,-0.0073164481682583,-0.007601139578469762,-0.007730757140504156,-0.00769860633587635,-0.007582769944698508,-0.0074169482455033,-0.007277679264586897,-0.007346035974411149,-0.007399092163989387,-0.007373584029188743,-0.007298083763371513,-0.007179743465505583,-0.007226669839054206,-0.007513376595615098,-0.007737901904132428,-0.008047727539092752,-0.008588493463694896,-0.008979824715262803,-0.009430096176248012,-0.010101024009685907,-0.010672588122935991,-0.011269574027530573,-0.011919700656053802,-0.012369759971010254,-0.01275693201741014,-0.013184277299144844,-0.013442927852913567,-0.01371858749354502,-0.013884944039134551,-0.013887511486621896
2017-10-04,0.0,0.00010446332231258784,0.00015009921281858968,0.0002900362920632764,0.00042843305450973194,0.0006377661165927734,0.0008034781656821526,0.0010481952792415767,0.0013126048420747424,0.0017242759515396367,0.002073531812338206,0.002440372179922605,0.0028581532727561133,0.003170616303034644,0.003499153335651143,0.0037689784057550364,0.004131157149720935,0.004406870585225992,0.004599723808870483,0.00467140322222039,0.0047874927809023705,0.004820802948531328,0.004881364047128301,0.004978254176825053,0.005017613110626849,0.0050438515392290184,0.005030732410984604,0.005044356117647289,0.005123571771711043,0.005246671545241925,0.005374800295642432,0.005436840995874755,0.00545499852148871,0.005468112084948442,0.005485764687282857,0.005555363340123138,0.00562899142453027,0.005682444034517814,0.005680427006769735,0.005691016357060115,0.0057177413615558306,0.005800433077809022,0.00589824249975773,0.005931515689283184,0.005951680719894649,0.0059405900033786384,0.005943614756445545,0.005952184840449886,0.005998058747203283,0.006056028256769761,0.0060938326482837925,0.0061291154576457235,0.006104417621804945,0.006157340808851629,0.0062173170351,0.006135163814256773,0.006027295963358779,0.005919920612552851,0.005853876524823312,0.005712194721244237,0.005636555646667211,0.005566458329878194,0.005489295170356368,0.005240617812308243,0.005299640145216028,0.00555687630052012,0.005776231332055326,0.0059894890563348445,0.006186573368481765,0.0063533842101623815,0.006273258003785348,0.006219836965862279,0.006202701311453876,0.006450635696788223,0.006406294223092334
2017-10-11,0.0,0.0002828781649643287,0.0006075655564548473,0.000931649051176369,0.0011883483433231254,0.0015311758765289168,0.0019077520464974007,0.0023807618665358183,0.0028714597672268184,0.003362911599419708,0.0035533588551806437,0.0037094687170669827,0.00381684224631423,0.0038849389267267423,0.003996269496128723,0.004027082017345757,0.004093176642510236,0.004125973857333982,0.004130446121469871,0.004128955368980109,0.004160757606767223,0.004165229715344049,0.004098642919679755,0.004054414910869796,0.004027578985714439,0.004008694014076233,0.00391724594880998,0.0038059065808340514,0.0036945548150231033,0.0036040723745208074,0.0035553476690966686,0.003526012262725843,0.0035021455345348503,0.003533470498470318,0.003534962138944114,0.0035270066973722915,0.0035414258886201193,0.0035503756268900266,0.0035951231168119854,0.0036279366702043916,0.003628931003499115,0.0036075526197787045,0.0035956202998966742,0.0035503756268900266,0.0035215372945789215,0.0035215372945789215,0.0035215372945789215,0.003507117816548955,0.0033658953870099035,0.003183868049582219,0.00284857252124325,0.0025743823943012076,0.002177644006699554,0.0018131232279670773,0.0014320270862496689,0.0010527794521888977,0.0007172671134790521,0.00021353801132553295,-0.00042272019322996395,-0.0007941826912727035,-0.0012627017650228129,-0.0019888904435534653,-0.002363436048859048,-0.0027631394032592584,-0.002979816375023048,-0.0032716288352835398,-0.0035710378302042252,-0.003787389077296401,-0.0037337977174128696,-0.0038344717073206386,-0.0037388061340568983,-0.0034688882320289206,-0.0034728939020547485,-0.0034503622168716905,-0.0036962353921201896
2017-10-18,0.0,-0.0003586691945525348,-0.000842147707142395,-0.0012153045769841627,-0.0015054165314112398,-0.0017848450407605399,-0.0021044973714005114,-0.002460983712641007,-0.0027646849513331987,-0.0031331689867179556,-0.003166986158836099,-0.0032370746639823395,-0.0032527594776519423,-0.003373344698461868,-0.0034576649546883918,-0.0035287544154116654,-0.0036057328406524755,-0.0036665352759068853,-0.0037003704900808623,-0.003720476014662777,-0.0037739292532675377,-0.003834251476949291,-0.003830818407218503,-0.003767553946302556,-0.0037498994622103946,-0.0037719676160262363,-0.003809239381638299,-0.0038175766772303877,-0.0038931059338181842,-0.003984337187943399,-0.004155050278519964,-0.004301258792727879,-0.004361612835448829,-0.004500490035593722,-0.004605028707267424,-0.004712523525899748,-0.004795974959422928,-0.004877960502030203,-0.004968790657802683,-0.004946205091647695,-0.004735103814781087,-0.004449942391115349,-0.004283104224240613,-0.0040530113643217555,-0.0038249331722432054,-0.0035336573231302066,-0.0032385451048132395,-0.002937149936959148,-0.0025932293664823075,-0.0023801755328502743,-0.0022704827557648117,-0.002160802009864971,-0.0019610572712261956,-0.00177995069979325,-0.0016531956127191778,-0.0015039486368342476,-0.0012984646601919714,-0.0011164998209709938,-0.0009912959365524934,-0.0009585303204937154,-0.0008431256558655589,-0.0008817553954399576,-0.0008959363071993476,-0.0009150075056070939,-0.0009081613925366853,-0.0009423924265911073,-0.0010817737351963737,-0.0011502488626114386,-0.0012260660805421862,-0.001226555242546669,-0.0013909272245384375,-0.0014897591003450179,-0.0015739206749599765,-0.001656621214640248,-0.0017432439060712332
2017-10-25,0.0,0.0006726988023523191,0.0011787591917784264,0.0017944872509976313,0.00236443073360147,0.002921362362310178,0.003367269754637134,0.0037617856475526228,0.004274082613563516,0.004804625501935396,0.004528914741234169,0.004246305397555149,0.004114231236015832,0.0038783063019456583,0.0037403326663921076,0.0036345237313871624,0.003639887587336219,0.0036540285242028722,0.00363696185129429,0.003627696964022233,0.0037481338037003587,0.0038436927970687375,0.004011873947575676,0.004108869923781031,0.004192698062499342,0.004314528758917286,0.004405161168544363,0.0045844527043692575,0.004655088639724389,0.004720361551148373,0.004754944725268534,0.004851868656861633,0.004915180725477876,0.004930277626887901,0.004969723293530824,0.004967288420895457,0.00495511396878809,0.0049088496989920394,0.004892778451743575,0.004856738958299013,0.004799754946682323,0.004715977683100802,0.004685777180990917,0.004789526703434123,0.004928816646389858,0.005026697620768434,0.005177152674552552,0.005456578694437927,0.005658554112039545,0.005876057913739277,0.006049735030902243,0.006225813805693428,0.006488415145788283,0.0066474013296403695,0.00675726691941088,0.006925930860796622,0.00706735333296595,0.007178144596508019,0.007396775549788759,0.007598359514685425,0.007810585943111687,0.008088791726391228,0.00817422857817274,0.008276646092725149,0.008283441196561589,0.008269365573090015,0.008288294813889813,0.00818150979048506,0.008022281851470634,0.007886821055147465,0.007804273221058447,0.007727546182801039,0.007703749892641631,0.007616330088114921,0.007631386265871408
2017-11-01,0.0,0.0005894779329075875,0.001139987699525474,0.0017369964477262267,0.0024990280220966916,0.0032758951566539064,0.0041190669480750276,0.004966337678167299,0.005818657368377059,0.006635202735373708,0.007019228792420573,0.007252932461552367,0.007498574358164144,0.007733125238673299,0.007824244689142196,0.00802755500371718,0.008112894657989953,0.008162273266563469,0.0081814487679436,0.008191995136972528,0.008145973801281568,0.008105223975721214,0.0081042651363003,0.008085567583833534,0.008152685377984305,0.008188160106558401,0.008223633576720771,0.008284031454952186,0.008324294680588496,0.008388041472600449,0.00845418046515528,0.008507376045909102,0.00854571344860268,0.008615675419986887,0.008652571200671042,0.008678924496308029,0.008716776196704279,0.00879391256881778,0.008883977324479885,0.008955352672375018,0.009051629466796331,0.009155080765034712,0.009204886832669209,0.009315983737537559,0.009360993625355548,0.009381103771499566,0.00938924347758434,0.009399298317158281,0.009408395465848474,0.009401692311679316,0.009317899093183046,0.009296829979306137,0.00924271863010783,0.00901666433971737,0.008864336234264652,0.008747439814898766,0.00868946562010701,0.008632446398145173,0.008590278831897365,0.008554339161661694,0.008491561439106595,0.0083770178818766,0.008331963682625959,0.008440761313149758,0.008553380752773645,0.00869377786599895,0.00880972239481663,0.008909366454819673,0.009019538231891595,0.009057856005020574,0.009137839625184187,0.009239366503315208,0.009350938400624766,0.009363866528136526,0.009386370647708052
2017-11-08,0.0,0.00015543001046898147,0.00020948696044428825,0.00025774962518009453,0.0003441339791451782,0.0005371446763973407,0.0007503781799512331,0.0008135676110335758,0.000831414284474465,0.0006770541407285842,0.0004536721215696521,0.00012791776208662955,-0.00012503732428695806,-0.000286788329970448,-0.00042393505061602045,-0.0005842853487428971,-0.0006987680092130099,-0.000632588670426741,-0.0005456443712371147,-0.00033797469470656745,-0.00015883387964875367,-0.00014724636056528972,-0.00018200932063492344,-0.00031962456456493556,-0.00037419304500330717,-0.00040027106948830465,-0.00037660764833111844,-0.0004079980221616683,-0.0003481157005640476,-0.00026167899571899667,-0.00012745132607664116,3.910112783099847e-05,0.0001332272022954706,0.00028574090348562685,0.00029732327222497086,0.00027657143309259063,0.00014963802107976495,2.1723037547811735e-05,-0.00014048703643981583,-0.00031914167095060405,-0.0004958963113408546,-0.0006668854452531404,-0.0008127806454149559,-0.0009775422065773233,-0.0010509930580845368,-0.0012269104508238616,-0.0013656363718878564,-0.0014864934517702293,-0.0016170355060783827,-0.001805142729684398,-0.0019371774158234456,-0.0020489126913708494,-0.002031982301635149,-0.001989899431751443,-0.0019647472976157343,-0.001809978857493475,-0.0017384065542034607,-0.001810462471560866,-0.001953622516997485,-0.0020624572095417114,-0.002347902225094166,-0.0026910278707626386,-0.0030115138503077044,-0.003474027379808677,-0.00392657746360326,-0.004507828099576841,-0.004968608650567824,-0.005279148973812633,-0.005535902777205822,-0.005801947896725801,-0.0058854657057332005,-0.005803890092134979,-0.005824283371675961,-0.0056708584265182035,-0.005539786138507536
2017-11-15,0.0,-0.0004465955263518547,-0.0009105790021347034,-0.0013212243498315025,-0.0017118868815904512,-0.0021081106676733045,-0.0023485760800463157,-0.002620091195071898,-0.002896600818827208,-0.0030585075987689734,-0.003155467368661406,-0.003087545325422135,-0.0029940370166486366,-0.0029768127555383278,-0.0028734734185895325,-0.0028385372963332257,-0.0028882355272093173,-0.0029674625666027744,-0.003040297929187739,-0.0031397169187888656,-0.003163834896059655,-0.00318647679183694,-0.0032691732883583977,-0.0033695996574536107,-0.003463635449711646,-0.003451326596963119,-0.003413908614959584,-0.003320369784953962,-0.003227824185258852,-0.0031825390340061463,-0.0031515297329360774,-0.00319238345765697,-0.0032357000730806485,-0.0032174871766266185,-0.00322339402561801,-0.003250959782255512,-0.003297724857416623,-0.0033435075231720585,-0.003402585027952385,-0.003515334285785417,-0.003662075065015791,-0.003840359613536606,-0.003999463548394271,-0.004133958133465799,-0.004324153512981223,-0.00443404971538961,-0.004482841586771997,-0.004463620262338413,-0.004510442083385692,-0.004524735497104056,-0.004511920702916863,-0.004511427829496882,-0.004556773201048306,-0.00466176548569066,-0.004617894129316833,-0.004639583098652891,-0.004647470113225665,-0.0048584708441301435,-0.005029078751086473,-0.005235720941992207,-0.005488286805309484,-0.005788785146318223,-0.006001507682160993,-0.006222668639860017,-0.006598952119085142,-0.006944250105042139,-0.007267426606697204,-0.007484418667566907,-0.007706402317330938,-0.007843869014015143,-0.00798926802575574,-0.007882936739405426,-0.007800846829148938,-0.0076520142376023965,-0.007392969803606922
2017-11-22,0.0,0.0003295565026861347,0.0006217595220034095,0.0009046893517315912,0.0010884299530705191,0.001297273006824968,0.0014799749074330632,0.001672790707327867,0.0018805455689349384,0.002025948294888458,0.0017211096432383196,0.0013108076257217843,0.0009066236391522036,0.0006009598118442239,0.00034697496974542556,0.0001229309845707306,-0.00013262753560683348,-0.00031223519260440514,-0.00043134592941603813,-0.000468147237222392,-0.00047831625846160363,-0.00045894678330105624,-0.0003882513826369333,-0.0003446745159422489,-0.0003083619108889847,-0.0003112668707690825,-0.00023574065635869755,-0.00020233665015027092,-0.00023283591587084098,-0.0002502644853631985,-0.00014376130420624928,4.4527928940973734e-05,0.00021342563468055662,0.0003755212458009932,0.00047615246488314135,0.0006459446875011392,0.0007726653928183348,0.0008495605873660011,0.0009815743953316095,0.0011338763674045714,0.0012426492904988081,0.0013267589056793693,0.0013997448501172436,0.001454843292681888,0.0015399015939158373,0.0015906431577190044,0.0016665090741709576,0.0017452682357020207,0.0017544483478105092,0.0017186937518916827,0.0016766563081195634,0.0016326842173435962,0.0016162545883435077,0.0016858370501121778,0.0017157946745713433,0.0017273909334251459,0.0017476840628485228,0.001798898225025011,0.0018360993208673447,0.0018824779696916753,0.001765561002346134,0.001642348578898854,0.0014872242943161195,0.001355277226648249,0.0012581182563700319,0.0011778703967934717,0.001116471601689347,0.0010183223911193317,0.0009980144551156222,0.0009554631566176848,0.0010183223911193317,0.0010898804024558958,0.0011706187669292775,0.0011773869564384168,0.0012247630004122284
2017-11-29,0.0,0.00023092155398548512,0.0003817872122593384,0.00044395844873262554,0.0004791389088340433,0.00043721136973590065,0.0004420307165216891,0.000503716304137356,0.0005152819282113445,0.0005803360713519747,0.00046178979551785487,0.00030659822760286976,0.0002506848047033799,0.0002617713353159662,0.0002574331423227073,0.0003605806351349443,0.0004251629011563585,0.0004275726064856757,0.0004685367086845967,0.0005572061941994772,0.0006343037042772212,0.0006993501052707625,0.0007634287186698707,0.0007879991279492804,0.0008901284767851761,0.0009358906028534387,0.000987430700458527,0.0011102491972712506,0.001248462171162839,0.001278317517197923,0.0013481370241706185,0.0013702856423626314,0.0013476555270226646,0.0013717301004223768,0.0012831328121155271,0.0012060853108482505,0.0011338478866300436,0.0010081423278947756,0.0008853112890593186,0.0008419555552567946,0.0007735460191335941,0.0007899261933417644,0.0008154594592140001,0.0007952256040232453,0.0008226857368502016,0.0008809758002656281,0.0009614201420971558,0.001086168327931449,0.0011988618032429963,0.0012397943231004095,0.0012590561056537266,0.0012272739654801091,0.0012701314626234607,0.0012970970362549577,0.0013288769574146839,0.0013091350040053825,0.0012301632926907532,0.0010433029456945566,0.0008949456413058477,0.0007696918215027827,0.0007027227662401406,0.0006150298840031233,0.00038419702211320327,0.00019428620250619647,-1.1089433144594592e-05,-0.00014561887323476447,-0.0002927058165921916,-0.0003780743906389971,-0.0005068645041741124,-0.0005242307323600533,-0.0005444917130886064,-0.0005932162283074843,-0.0005782609265683156,-0.0007220340547499119,-0.0008426650418120275
2017-12-06,0.0,-0.00033757493507901887,-0.0006985058044204572,-0.0010457156651073958,-0.0012856675571416322,-0.001516768442118566,-0.001713765962962712,-0.0019712081475735314,-0.0022782450899960787,-0.0027072642280554855,-0.0027231206560287147,-0.0027399683862433986,-0.0027553297994145245,-0.002756816400308878,-0.0028326359765137115,-0.0029778489901347736,-0.0030616162569594954,-0.003100280439209382,-0.003115647388322625,-0.003058642151012852,-0.003037823657051681,-0.0030155186087492958,-0.0030596335186789956,-0.0030958191111166837,-0.0031052374937671537,-0.00311019457289766,-0.003189511181043703,-0.0032529689974815576,-0.003345684140682681,-0.0034671688626407753,-0.0037518480177667086,-0.004115502155437861,-0.004371081795320329,-0.004595946635374165,-0.004800503385938833,-0.00493557349597299,-0.005010068494413213,-0.005113377409518195,-0.00513721944411905,-0.005160068594032305,-0.005088045870583687,-0.0049420295095385985,-0.004865056677185982,-0.0048541319811157176,-0.004848669677836185,-0.004908260053610948,-0.004952955165909984,-0.004998645567754936,-0.005110893896937378,-0.0051069202896370115,-0.0050319214133433396,-0.005025961479002024,-0.005081092227048172,-0.005112880706508716,-0.005172983561884174,-0.00513721944411905,-0.005069171807767222,-0.0050344047298025,-0.004963384312892715,-0.004973813568643687,-0.005056754855448376,-0.005158081690705725,-0.005141193171818422,-0.005020994894184518,-0.005111887301229565,-0.005359772516245203,-0.005594798609943674,-0.005704628892449692,-0.0058706396348194535,-0.006160976153785321,-0.006403650787470725,-0.006558336868295083,-0.006730459473740846,-0.006994172949087327,-0.007122571849810736
2017-12-13,0.0,-6.3478189749375384e-06,-0.0001318475902367926,-0.0001933824153044106,-0.00018898694508078803,-0.0002861801850987751,-0.00036482082549881765,-0.0004219734942141911,-0.000457145990888633,-0.0005587623754457169,-0.0005514339253029137,-0.0006559915635290555,-0.0006989904001239529,-0.0007879256787552452,-0.0009066812669439314,-0.0009579997738015919,-0.0010234957888324498,-0.001071887391285872,-0.0010547789814020568,-0.000959954816614666,-0.0006823769940821991,-0.00045616896038722186,6.787031499066518e-05,0.000619450924662552,0.0011307335477520318,0.0016627167972188051,0.002120843981335511,0.0025914242017806887,0.002975129022568208,0.0033873989001682145,0.00376106934567594,0.004136059045148907,0.00417787797405563,0.004197328042812367,0.004289710703527824,0.004393266382664793,0.00452403264641921,0.004564863218023727,0.004608122361931818,0.004646519360166133,0.00461978742870234,0.004577500914230113,0.004536670858637229,0.004433616161779494,0.004393266382664793,0.004366041515469412,0.004370416990542908,0.004416601393202914,0.004453547379633646,0.004462783662962819,0.004423893472328108,0.004433130029551966,0.004489033686662395,0.004595971106014451,0.004540559507185976,0.00438889100756754,0.003991138063303644,0.003333866960080143,0.0026732416398496353,0.0019176368655609525,0.0011921869499977784,0.00038616457290594684,-0.00028422645909899764,-0.0010508685288112196,-0.0017461917990071903,-0.0025095502411655543,-0.0031583735555568058,-0.0035459095979513645,-0.003972813991330824,-0.0042895565857079725,-0.004477394083774517,-0.0045347822877674785,-0.004691267713726048,-0.004758480570736733,-0.004843361655087155
2017-12-20,0.0,9.033365386415236e-05,0.00026763154369504737,0.0004511089279943989,0.00057293078112231,0.0005136937728796087,0.00038852016600100504,0.00017349075631709898,3.3935821628794575e-05,-9.703412573549773e-05,-0.00018977504543801543,-0.0002509696404445128,-0.0003628506909234788,-0.000528304587285917,-0.00061582450948252,-0.0005694332142028816,-0.000483830185046862,-0.0003279462847646001,-0.00025575062589176903,-0.00023423637138244574,-9.942424764832508e-05,1.625110053445822e-05,0.00015294108118048461,0.0003364395078617673,0.000530891975476601,0.0006684669492774848,0.0007487102776609818,0.0009048797232591285,0.0010729614763274643,0.0013049824757460436,0.0014887469122124787,0.0016395517138178205,0.001740711810254323,0.0017617060196704153,0.001775065741635608,0.0017540718126976087,0.0018194378230156408,0.00181084983188993,0.0017388032239059792,0.0016390745193016244,0.0015980349390067562,0.0015374268971599706,0.0015130872009037305,0.0015116554356160393,0.0014491330188036312,0.0014682242476731146,0.001464883308931453,0.0014558149903671517,0.0015741739436202305,0.0016834526351716598,0.001703016555390548,0.0016953819003553655,0.0016643655148734179,0.001587536171180234,0.0015694016762205568,0.0014854060420351933,0.0014529512937355965,0.0014429282909441308,0.0012982994962445688,0.0011703595629140914,0.0010877627772187975,0.0010648445408906004,0.0010514753271339693,0.0011250037910380888,0.001213803689119724,0.0013216897291050407,0.0014047445028212884,0.0014792015392365472,0.0015674927628839318,0.0013436474090190848,0.0010825107277855437,0.0007883519267111156,0.00045493101555167865,0.00014242713060169505,-0.0002246746290608552
2017-12-27,0.0,0.0003365599705096119,0.0006568522470758953,0.001109078495210266,0.0013740488466735443,0.001484195070644807,0.0015686955871925343,0.0015876834847818263,0.001557777382819164,0.0017300812256451162,0.0018577472931506748,0.001976381444075663,0.0020299994622100526,0.0020518254427192087,0.002076972177476602,0.0021154027579750154,0.0021604737792373842,0.0021879898251266857,0.0021970035375924097,0.002185143372731351,0.0022249929689748663,0.002289982356040955,0.0023905415506275357,0.0024223199480077023,0.002391964485539941,0.002356390505294105,0.0022952002988384707,0.0022240441875184245,0.0021452921884342314,0.0020921548055137626,0.002054197803201526,0.001982550034986932,0.0019232350846836908,0.0019393690995055605,0.001970687326383923,0.0019754324267120026,0.0019692637918950493,0.0019787539835446587,0.002031897392469585,0.002040912512011309,0.0019939381028542583,0.0019498086174467271,0.0019146934420402218,0.0018629674918076327,0.0018150355532530465,0.0018121880390616317,0.0018577472931506748,0.0018847971182182324,0.0018781533693215744,0.0018724586922785518,0.0019137443661317428,0.0019820755293446114,0.0020845635203092065,0.0021505108862694172,0.002237801430529225,0.0023350455096866167,0.002392913107689948,0.002489667840210021,0.0025565369638439537,0.00262103060578907,0.0026826750520236634,0.0025219173375001735,0.002400976359632729,0.0022781232938790643,0.001992040100548984,0.001553979718572698,0.000936192606590372,0.00025670853216682766,-0.00031003962763996714,-0.0007495856464788597,-0.001194561107594856,-0.0013768916591072964,-0.001807857078303112,-0.002254733358658316,-0.0026107574738777057
2018-01-03,0.0,0.0003719457231903939,0.000753321662321674,0.0010795530091588451,0.0012464542864845838,0.001438667086727534,0.0017909612928371892,0.0021421759136651297,0.0025916462173834333,0.003146876218840693,0.0033601973359348647,0.0035944640713923425,0.0038157980963439506,0.004061879278622747,0.004319817987427246,0.004581026354062672,0.004681106370502087,0.0047835588689673445,0.004793565294521985,0.004675387782230755,0.004632973898492357,0.004540514928286066,0.004438514188453878,0.004303609380751946,0.004160104079987496,0.004051388681059137,0.0039688906010003555,0.003896878043123677,0.0038339224196633423,0.0038067358114986056,0.0037614231553560677,0.003737573564232361,0.003749021438958235,0.003771916795256199,0.0037571302709313013,0.003705614220330971,0.003662682150784113,0.0036331056528395612,0.0036078218239697164,0.0035586834979023144,0.003439405672510492,0.0032261014533601323,0.003001772767940203,0.002849964386107287,0.0027668896665560844,0.002653247551238964,0.0025066396961858322,0.002390102159982358,0.002333738970861736,0.0022888372077912696,0.0023007793628583677,0.002397744381729144,0.0024870585184728596,0.002495177589908994,0.002456492011243224,0.0025004310715942956,0.0025935563932723295,0.002660887762242571,0.0026618427845135294,0.002626506353030983,0.002560605347778274,0.002405386545072823,0.0022152703873494868,0.0019964487647979555,0.0017828365017814956,0.0014114152807557692,0.0010508565734456742,0.0007140901971505434,0.0004303339031422811,0.00020250498253011396,-3.6867021376174835e-05,-0.00017668677861445948,-0.00024037828570867823,-0.00021068700321081788,-0.00016710945923909603
2018-01-10,0.0,5.5471251802885026e-05,8.320572384958178e-05,5.9231903260669666e-05,-3.102763528298205e-05,-4.4191165346922966e-05,-2.7736779841532445e-05,6.111390433082943e-06,7.944516254829134e-05,0.000179095259178491,0.00017815521032417544,0.0001805053308030442,0.00016405437146516788,0.00021857651310836908,0.00026933583497457103,0.000292364677661191,0.0002918947065808731,0.0001922558503525521,6.252246168480792e-05,-3.102763528298205e-05,-0.0001471547537048182,-0.00034182721789978264,-0.0004424698730695884,-0.0005445337505648994,-0.0006988251932936278,-0.0008583160648966002,-0.0010098324287183406,-0.0011354860808283165,-0.0013948437272957742,-0.001586934123366757,-0.0018445249909108527,-0.0020564867971290886,-0.0022925238075089645,-0.0025210757950093615,-0.002690756414072118,-0.002839722022619852,-0.0029835231680433723,-0.003063212051368347,-0.0029538182860437932,-0.002924585771564606,-0.00284537938183056,-0.0027228104307495298,-0.002649747626165853,-0.0026040271671716425,-0.002570563001516131,-0.002507879620203208,-0.0024668783310133834,-0.0024197524889836308,-0.0023976041103971877,-0.0024499127720402003,-0.0023976041103971877,-0.002398075347387095,-0.002376398675679064,-0.0023424709154169702,-0.0022863983905387847,-0.002265666488428502,-0.002167195822595368,-0.002072974598629667,-0.001958036726191436,-0.0017583400384205688,-0.0016410839163039897,-0.0014960632341232025,-0.001400492918190616,-0.001283278745874367,-0.0012343258898183536,-0.0011933767836682094,-0.0012460931845057134,-0.0012456224900597248,-0.001242798328035513,-0.0012352672682977763,-0.0011623130630321029,-0.0010503034169077382,-0.0008978398596377543,-0.000796680883515438,-0.0007524564529919711
2018-01-17,0.0,6.914127012471404e-05,9.903871721198687e-05,-8.176104894171023e-05,-0.00018689222120201078,-7.708880891552766e-05,7.942145673638518e-06,0.00013127090105019958,0.0002844763517272209,0.00048435549089505606,0.0007159411627533737,0.0007458192787163227,0.0009890126090425374,0.0015493923754742083,0.001986373278154671,0.0021789200406887492,0.0024702338798066516,0.002685984465511606,0.0027349063096141356,0.0026911097233179096,0.002673870115364843,0.0028704771995370438,0.002915663412159863,0.002897030169802754,0.0028793282679657967,0.0028336745486239852,0.002779632758467271,0.0027181333755382795,0.002756803883480164,0.0028220278579726868,0.0028532406835582885,0.0027964046610583996,0.0027978023069101746,0.002801995232745496,0.00279547289607169,0.0028238913375924577,0.0028783965802414544,0.0029459416905019066,0.00310430543932135,0.003223527478401697,0.0033809160576242915,0.0035238481253286862,0.0037221499916917852,0.0038589832786968385,0.003978115382845521,0.004077691486524021,0.004156321683398439,0.004250297594929236,0.004207032554447512,0.004227502269272536,0.004307981403937258,0.0043651967338469095,0.004411710849726716,0.00447496657543746,0.004574958273884592,0.004672614932681368,0.0046651747609621095,0.004664709748391778,0.0047279494730038205,0.0047256245539400036,0.004623322763569441,0.0045354278672067525,0.004529846978031469,0.004553100477451808,0.004564727024392937,0.004636343572682866,0.004891610191681392,0.005123107169309266,0.005296462380845123,0.005565963081319431,0.005938962308291363,0.006350354248954238,0.006690112513291517,0.007071970682446417,0.007411020164423275
2018-01-24,0.0,0.0002897087093976668,0.0005815888276893327,0.0009644676981074135,0.0011254224622763165,0.0009613114633601319,0.0008332501091707326,0.0005906100397163528,0.00043092255770270176,0.00031226817049814353,0.00043362933764525414,0.0003479110817696714,0.00015750003699287082,-7.853364155047818e-05,-0.0001981513255201066,-4.784159918228215e-05,1.895547224247872e-05,0.0002287956222018732,0.0003925757213909167,0.0006546583050676812,0.0007669583890499026,0.0008400143233213134,0.0010122608924555954,0.0011024305105853886,0.0011668968029640908,0.00114390580484061,0.0012484880394794705,0.0012908587625781835,0.0013224102625165573,0.0012119756571574841,0.0010510348246558332,0.0009189267745068558,0.0008120552752078259,0.0007962715963883435,0.0007592917161447582,0.0006993092463416868,0.0005906100397163528,0.0004579900274329512,0.0003276083133512366,0.00021841746704517792,0.00011462999121231737,-5.731992349583089e-05,-0.00029521014978967417,-0.0004952261788290297,-0.0006311515474309698,-0.0005990877522174136,-0.0005954749946672204,-0.00046181214005290577,-0.0002103395908840875,-6.409021015198412e-05,5.686533883126154e-05,0.00027211197643352194,0.0005089651062691275,0.0007358403517929372,0.0009329049023445022,0.0010794380302524638,0.001083044728793534,0.0010302954665381756,0.0008052908719331945,0.000745311161292384,0.0007502720257094331,0.0006708952416632698,0.0005829420146816937,0.00043633611026094675,0.00037588310974352994,0.00026263668427299575,0.0003027932588232292,0.00030369563523155083,0.0003176823654342988,0.00031452408861735526,0.00035197158598944953,0.0004521254711642181,0.0005247533204578862,0.0006140648101245213,0.000627145116213066
2018-01-31,0.0,-0.0001398719472342091,-0.00019102741573102195,-0.0002535040153219406,-0.0002598424391644257,-0.00027885795174836954,-0.00035492361818828733,-0.0005437544772438377,-0.000669661529020156,-0.0008436023814156422,-0.0007158616170803676,-0.0007113321023090879,-0.0007579870871196447,-0.0007847127677144499,-0.0007303562022206884,-0.0007068026080543304,-0.0007362446874463644,-0.0007661406088748888,-0.0008956999306905758,-0.0009844985309932078,-0.0011036641452844525,-0.0013071394036897996,-0.0015591617026512725,-0.0017785997426625329,-0.0019386748014281951,-0.002166814702521497,-0.0023410161887554948,-0.0024798547274715757,-0.002549735009870794,-0.0025388442550324077,-0.0024907448398848175,-0.002434934267306048,-0.0024186000547984526,-0.0024412865331138985,-0.002514340490299943,-0.002536121584855267,-0.0025488274424373845,-0.0026128129644869182,-0.0026200739916046206,-0.002615535843477571,-0.0026350500265452533,-0.002637772966085602,-0.002643672693858658,-0.002698587214428958,-0.002892854514134347,-0.0031053208403829962,-0.003240178657539017,-0.003211570934132878,-0.003326460874918289,-0.0034549897710480382,-0.0036344128513788247,-0.003844764946577426,-0.003937461124017039,-0.004022894621816386,-0.003967907331365025,-0.0040319837213503,-0.004111062373291282,-0.004354700288555968,-0.004492000039131659,-0.00455792880380739,-0.004609310785885391,-0.004586120360892611,-0.00474027857436322,-0.004812136245268742,-0.004794398745259804,-0.004426530257049987,-0.004099245625596581,-0.0037048281723279005,-0.00334825966572207,-0.003044481852561472,-0.002765305606785589,-0.0025333989220911505,-0.0022044650572898513,-0.0019277906994276655,-0.0016661544009548407
2018-02-07,0.0,0.0003802077215611806,0.000779745289464041,0.0010570948552238199,0.0016481056694108026,0.0021035864633502607,0.00266506053719318,0.0031854702791782553,0.0035905199032943425,0.0038476767867482256,0.0035578377732408,0.0032759692817371545,0.003260807716305303,0.003239960188489805,0.003164147332488348,0.003114392021987204,0.0030039737760416884,0.0027570287712402296,0.0024896337518231265,0.00217758250080154,0.001861638123358877,0.0015441700448597783,0.0011083771013212006,0.000669068940482927,0.00031368180470248375,2.3291879334785553e-05,-0.0002785939107692811,-0.0005468019828719695,-0.0008160334855351958,-0.0008978637819161078,-0.0010601169023733796,-0.0013894622410684874,-0.001757486419601901,-0.0021966264742308353,-0.0025401665075276726,-0.002665986002471228,-0.0026407255156143433,-0.0025220574289218484,-0.002450100909689592,-0.002535400928731336,-0.002429610927503292,-0.0021366024646090943,-0.0017884389995375168,-0.0012766540085180475,-0.0008702690964603575,-0.0007722665407036967,-0.0006952033155220782,-0.0005834246238964782,-0.000555838613806923,-0.0004887792455523487,-0.0005629728538068889,-0.0007189876279614989,-0.0009016700051863528,-0.0012138296240693026,-0.001617021365766821,-0.001763676858944411,-0.0017946296304938766,-0.0019222604081623389,-0.002037523092900747,-0.002141366143274087,-0.0022013904388404073,-0.002199484850273157,-0.002249031333221488,-0.002193768106359026,-0.0021718542241041332,-0.0021156425480669165,-0.0020970648074862697,-0.0021437479911163484,-0.0021737597600194557,-0.0020670553402117767,-0.0020251388616470234,-0.002233786000079655,-0.0025087141071589722,-0.002864755870281043,-0.003115538733685917
2018-02-14,0.0,0.00027928504159676455,0.0005205738187388437,0.0007291066017958764,0.0006385897576630971,0.0005509085626402774,0.0006220020131151427,0.000729580490414416,0.0008115598416153397,0.0009560735449641425,0.0007883409387736487,0.0005826642617836441,0.0004148690057297896,0.00037504904881547507,0.0005693933459908975,0.0006746079127129048,0.0007272110450755667,0.0008546792309186855,0.00104419296294034,0.0011664102692523705,0.0012270396687508731,0.001221829474105319,0.0011498312778183458,0.0010816176782738598,0.0009574948875121161,0.000838095070449959,0.0007878670780002052,0.0006821905168919335,0.0005077760726590395,0.0002617431158012239,0.00014083769048532597,5.690650547228201e-05,9.816169705263315e-05,5.216564489194282e-06,4.599967611343569e-05,8.820370319012173e-05,5.8803333217600565e-05,2.039187009414929e-05,7.587721170187412e-06,-1.3278650585724852e-05,-9.86456147606653e-05,-0.00020299291301925914,-0.00035289263228539624,-0.0004544197617024998,-0.0005303346308048012,-0.0005222684023240353,-0.0004933254121837032,-0.00036285511877977,-0.0002731963131694209,-9.959417752210293e-05,9.199723635421995e-05,0.00032953858495638686,0.000584560092520124,0.0008361997203124115,0.0010342443852433113,0.0011578839651304649,0.0012223031292856676,0.0012620893635379887,0.0013894893919846685,0.0014496317209553133,0.0015751139101070747,0.001622461587901585,0.0016371389128315161,0.0015665910900193177,0.0014709411271409897,0.0012815082601616975,0.0010361393600543983,0.0008077690371591662,0.0005674974865005879,0.0003233755504108831,-3.3196957075134685e-05,-0.0006195419667437694,-0.0012313960531781295,-0.001958132676873273,-0.0028099891050209127
2018-02-21,0.0,-5.303947536518991e-05,4.435812824857289e-05,0.00017404615159687163,0.0002246633073042526,0.00027286774038611325,0.000288774693387831,0.000333602017818718,0.00036444976203161704,0.0005365048788909828,0.00022610947410653046,-4.580665397908596e-05,-0.00020301175970728508,-0.0003245492085832826,-0.0004272888108109931,-0.00041860618257932505,-0.00036410029412103266,-0.0004316301531974476,-0.00039497052099548213,-0.0005300389695489284,-0.0005266620359831349,-0.0005478886649830974,-0.0005285917109101079,-0.00043018303697441506,-0.00034287756592898575,-0.00028307048234078104,-0.00015430446809566075,-2.4108242149523723e-06,8.533943282428919e-05,0.00024924785851820365,0.0004401191043927229,0.0006425185017407136,0.0007745379367350481,0.0008925697539141297,0.0009879485547473169,0.0010284095402475744,0.001056827587057964,0.0010977674211608624,0.0011001755945012493,0.0011252202534640554,0.0010818733316667684,0.0010337078814091928,0.0009195464989981979,0.0008246429404528729,0.0006931119508636423,0.0005562628152570376,0.0004569872855815236,0.00027913414601692663,0.00017018950135768004,1.9286551873222054e-06,-0.00024159347651164995,-0.00041571198992158446,-0.0004567138338044256,-0.0005536778238182556,-0.0006004747548166105,-0.0004354891400300171,-0.0003332310201880731,-7.425605322853234e-05,0.0001234264336631236,0.0003254079258071124,0.0004897589384902005,0.0006791387779098526,0.0007812829873132434,0.0009046130336075436,0.001043341157055388,0.0009710893276075707,0.0009518212914005235,0.0008299423613465967,0.0007682746347462188,0.0008241611735244282,0.0011155877665534953,0.0012456185117839214,0.0015022592116403638,0.0017670164187949626,0.0019166935664302117
2018-02-28,0.0,-0.0007483599742416215,-0.0014445813523458716,-0.002069077531277955,-0.0027738254847551667,-0.003358720377275034,-0.0040158273744611995,-0.004598591846512031,-0.005273670903323549,-0.0059282227434319405,-0.005798994666425753,-0.005533914790490885,-0.005354215345669406,-0.005290351172352744,-0.005266045730148686,-0.005245076803713879,-0.005105454028010309,-0.0050392234192005066,-0.004902487765928321,-0.004710041381182692,-0.004575731938693629,-0.004586685579314832,-0.004627167466176463,-0.004574779453875033,-0.004497631196315924,-0.004436678757294772,-0.004432869353209319,-0.004446678512062803,-0.004460964049480177,-0.004461440237575434,-0.004480011750161418,-0.004402870803136906,-0.004320974581792502,-0.00429240771031512,-0.004262889467086607,-0.0043200223395954,-0.004387157636050259,-0.00437906307057471,-0.004375253885964172,-0.004392871486423549,-0.0044628688032217366,-0.004530013690723255,-0.004628120000895176,-0.00474290707694898,-0.004925831553944909,-0.005099736104607628,-0.005226491077408255,-0.005297499944253435,-0.0053418234707357255,-0.005474329167959564,-0.00568265599679881,-0.005959220890937424,-0.00612233466649579,-0.006261622457716724,-0.006362284273459469,-0.006385185058671127,-0.006407609252373295,-0.006486336467147665,-0.006532144244361884,-0.006454367699199788,-0.006187206018518616,-0.005803286105695874,-0.005500069721297104,-0.005213147692057797,-0.004782442605938199,-0.004408108580367183,-0.004013923472032364,-0.003560897756978908,-0.0031770334661281314,-0.003128525790492181,-0.0032165071346994885,-0.0033663310205694465,-0.0036313126529937613,-0.003881611132857077,-0.0041681513144621075
2018-03-07,0.0,-0.0009919496912717196,-0.001843812888483419,-0.002715454772613875,-0.003273509044434758,-0.0037736768775452705,-0.004212935662324039,-0.00434895912902837,-0.004432637431513549,-0.00439740360860576,-0.004300027693702984,-0.004168414014399281,-0.0040470903535438476,-0.003795195084883749,-0.0036621808550993443,-0.0035228283063723294,-0.0035873681252626835,-0.003802041884323007,-0.003993771303833211,-0.0041522692911428825,-0.004315196182586534,-0.0044497654327372675,-0.004686651304777449,-0.005036209391524772,-0.005332989040692157,-0.005719032307806874,-0.005851830365524078,-0.0060812058134565505,-0.006459201933569176,-0.006815757220949053,-0.007210715788551774,-0.007580793671100457,-0.007844938298201548,-0.0079107398221689,-0.007970161336555901,-0.00812585262707231,-0.008303674855417715,-0.00838719344449329,-0.008410285108821147,-0.008333151208015916,-0.008142552816914587,-0.008014361447161503,-0.007938240249409296,-0.008028112991141041,-0.008163674044657938,-0.00814549993819117,-0.008169568420391932,-0.008164165241308833,-0.008112590910283954,-0.00807870065527618,-0.008157288510153054,-0.008199040820228593,-0.008223601816973932,-0.00817546283087002,-0.007959357162215741,-0.007749190083525637,-0.007569993702714723,-0.007413407267050717,-0.007490470254300568,-0.0075891391811056235,-0.007601903037007892,-0.00763234058162319,-0.0076254675066978386,-0.007724149755093325,-0.007919088086208783,-0.008150411826286494,-0.008521820441929895,-0.008843721222112149,-0.008908113814430326,-0.009053135217631385,-0.009341765805184036,-0.00962359290243751,-0.009911896156160558,-0.009983738913063773,-0.010082162027221007
2018-03-14,0.0,9.693270382648849e-05,-0.00018141416712017221,-0.0007061647126139451,-0.0011956359277655734,-0.0017555311530772948,-0.0020252578004598025,-0.0023648033129199525,-0.0027872318695982613,-0.0032079132255637224,-0.003287833805733371,-0.0034544357901267458,-0.003480439760067647,-0.0033393522641583778,-0.0032507614170756123,-0.003163141234143751,-0.0030962276933935605,-0.0030365388168314025,-0.0030004384028038626,-0.0029566383169775884,-0.0029850359561247233,-0.0030798610340113837,-0.0031284804238669683,-0.0032531686733163565,-0.003448175676130227,-0.003641775796169798,-0.0038879235964007974,-0.004138468895096671,-0.004385220997717605,-0.004682657478301069,-0.004884212538955638,-0.005006226129877713,-0.005216529551218657,-0.005436044741948236,-0.005618447860099696,-0.005764683910925105,-0.005828397393346978,-0.006062531038383192,-0.006220421163118562,-0.006282714950782112,-0.006457544600983724,-0.006556080854676481,-0.0066183955560148245,-0.006571538402935694,-0.006499566227637487,-0.006402484452587515,-0.006417456648977703,-0.006203037542834246,-0.006050943754268849,-0.005866048177501348,-0.005659951628502914,-0.005413367314600114,-0.005127289899522192,-0.005021659739553306,-0.004908324716522742,-0.0047998244956786165,-0.004659032870426137,-0.004610339010881073,-0.004531758871994781,-0.004573217562272469,-0.00455538047322712,-0.00469085390123757,-0.004837436572438628,-0.0047535346508426075,-0.004597322242149027,-0.004400163021460627,-0.004062335030524265,-0.0037448518456740187,-0.0035030733954326304,-0.003163141234143751,-0.002738629067805502,-0.0022979431686839377,-0.001843508855834251,-0.0014786682388261616,-0.0012287883720768448
2018-03-21,0.0,0.0009387734839872142,0.001906731584801217,0.0027688698295939775,0.0034299956332235373,0.004114290166310315,0.004833008381556068,0.005522727952425747,0.006231601766249066,0.007002250819874751,0.00719200130346186,0.007423869675816474,0.0077375172179455455,0.008014817316238522,0.008351785303060568,0.008577509930257361,0.008816888838594248,0.00897057024266379,0.009032721300585245,0.009023912724163585,0.009129610520560962,0.009163862039252273,0.009196155253814493,0.009228936692868707,0.009248507188976504,0.009240679036493843,0.009204962313162002,0.009189305265141305,0.009108569720246281,0.008947079073140168,0.00872780154277524,0.008468815927758057,0.00813678541120131,0.007721837177020327,0.007407694557119109,0.007197884463895658,0.00695811763965996,0.006702597282836354,0.006485770652537442,0.006282146285308007,0.006028416467920397,0.005772658412663293,0.005601298286665256,0.005593441531033891,0.005406334299137131,0.005270770182751154,0.005153855932834084,0.004993199353122517,0.004900331026339102,0.0049116329238542665,0.005029558147606559,0.0052157534149034285,0.005284032700787695,0.0053144867061549585,0.005374900778329746,0.00532431038101497,0.005237858730029146,0.005134696411890366,0.005011378915609779,0.00477207010905842,0.0045346702993869685,0.004308522833560952,0.004124617409602628,0.0038211486909882826,0.0035284133228986663,0.0032316545612314945,0.0029348077076590054,0.002786597444787219,0.002594039014897694,0.002584188481959162,0.002540352433697983,0.002540352433697983,0.0024640041663602963,0.00247188554763151,0.00255759155833522
2018-03-28,0.0,-0.000431939234487947,-0.0010150336434696756,-0.0016127386217969606,-0.0021448243636487856,-0.002653548400700509,-0.0032359684957762027,-0.0037521519934579062,-0.004249359895297911,-0.004757675053738229,-0.004847027037177098,-0.00499563558500954,-0.005009954518515889,-0.00492157540861373,-0.004996129337924157,-0.005192168507869381,-0.005270199827112273,-0.005332431699136399,-0.005474196533248277,-0.005626356764193156,-0.005632285553504711,-0.005574975395856471,-0.005607088441685299,-0.005682681681906969,-0.005669341283102912,-0.005549285701671096,-0.00538330666207149,-0.005272175382576795,-0.005050937426920522,-0.00482431804160007,-0.00460811473857317,-0.0044383439977578295,-0.0042607078021395985,-0.0040638645457165435,-0.0038034397855445127,-0.003583019551258054,-0.0034291979721537925,-0.0033444090128085502,-0.003334057364863174,-0.003274414242671024,-0.00316696701616006,-0.003026021647041602,-0.002894457708872032,-0.0028865742772338876,-0.0029476724980629487,-0.00304524030037145,-0.0032098459470124804,-0.003373985740264251,-0.00346913014662121,-0.0036456395987169055,-0.0039331504594104115,-0.004089516107725431,-0.004307087542687725,-0.004446239672211225,-0.00452322576540256,-0.004502004648021034,-0.004379128426413852,-0.00424738635942722,-0.004223704232771079,-0.0041373678954552025,-0.004003191354443398,-0.003941535378492467,-0.0038221802118994764,-0.0037077704502549674,-0.0037097429214606476,-0.0039420286112161204,-0.004097902338028581,-0.004126021388169033,-0.00393512337522221,-0.00399135311218544,-0.004268602074154564,-0.004655004179449933,-0.004986254325950543,-0.005278595964790388,-0.005423316946201852
2018-04-04,0.0,0.00034226101080427816,0.0006019301488780949,0.0008073724177612952,0.0009459367162085637,0.001099603536112714,0.0012620256451916288,0.0014136933439934459,0.001538033942797383,0.0017657078260520168,0.0019397190758066044,0.0020381658105980013,0.002204333608781923,0.0024357530072912133,0.002592600547420089,0.0027260477169066826,0.002837564720808789,0.0029442003544970312,0.0029904542851765283,0.0030732191376199236,0.0031121649333530647,0.0032182845292635857,0.003228993220729602,0.003237754792088467,0.0031739882690533616,0.003028429597333233,0.0028794412570994207,0.0027737726731230845,0.002676372384156767,0.002529767064167003,0.002297882214415654,0.002090796722694151,0.0019124251957750812,0.0017501087001878927,0.001646270817841338,0.0016355451639784755,0.0015702136969566267,0.0014629438224278049,0.0013912616290585199,0.0013259142001639693,0.001304455904117715,0.0011756964573126597,0.0010796037946453718,0.0009269096575351554,0.0006722049379728251,0.0003237106348168061,9.863786969731942e-05,-0.00031160331880095295,-0.000813889513266422,-0.0015751286438836034,-0.0024098818236585814,-0.0031718474378970097,-0.00394321872330647,-0.00484325029742778,-0.00554372620297117,-0.0064304555588304245,-0.00736814870097514,-0.008136857092257022,-0.008702692888415586,-0.00899435385038253,-0.009214141110998417,-0.009329474827262327,-0.009535531412707018,-0.009658791291526126,-0.009873299704406847,-0.00978108010432309,-0.009861463558098098,-0.009966021031019583,-0.010177635405308546,-0.010400150093552924,-0.010486505048493579,-0.010638014330454115,-0.010728338602054039,-0.010713530785303363,-0.010844340753407018
2018-04-11,0.0,-5.623608969350238e-05,-6.96947681861569e-05,-0.00015093135247761248,-0.00014948922539786855,-0.0003509264494182749,-0.0006466655721610678,-0.0010435261934274363,-0.00140588923751731,-0.0017361244922168778,-0.002041424336111687,-0.002334291575898392,-0.0026662793739391324,-0.0029569193937416475,-0.0032895962157443977,-0.003348911099915818,-0.0033040629362597485,-0.0032032824661758852,-0.0031116726698422396,-0.003028266838472804,-0.0028706343527424272,-0.00279062247623807,-0.0026797732262848783,-0.0025308690092495276,-0.002262511899969805,-0.002131491146962103,-0.001981705362027292,-0.001861315046849368,-0.0017756059751658298,-0.001738050382050295,-0.0016778680777961618,-0.0016475375691295,-0.0016740165336398142,-0.0017106068020769389,-0.0017866803295851419,-0.0018069033802042658,-0.0018208671538419575,-0.0018584258573777928,-0.0018772057381550356,-0.001795347301200892,-0.0017293839070089388,-0.0016990518358244223,-0.001649944718748992,-0.0015459611365075455,-0.0015036005545630523,-0.0014357310901401761,-0.0013789360715293446,-0.0013389889653429906,-0.0011960587759095918,-0.001011290423892942,-0.000882838797420235,-0.0006182900583039083,-0.00033505999305409514,-0.00013122246239750807,4.8062527434913285e-05,0.00019367788352825632,0.0003445572365517704,0.0006063797872141679,0.0008282747712808654,0.0009593713947222062,0.0010794081741354604,0.0010904508340913966,0.0010347561752428872,0.0009468867424411164,0.0009608119214940225,0.001045319193731269,0.0010846894615020304,0.001034276035387755,0.000902228825677478,0.0008364387990855899,0.0008594898119385107,0.0009377632441269474,0.0010112290512286554,0.00113750080116509,0.001185508689830556
2018-04-18,0.0,8.718800677622694e-05,0.00020137384411352284,0.00037002284756537765,0.0003766545305254628,0.0002695948441745265,0.0002042164787050627,0.00029659770434744637,0.00037049654066408707,0.0004808609161028465,0.0004098122856538679,0.00037144392618790713,0.00036339112062578195,0.000311283164297632,0.0002695948441745265,0.000374759768453173,0.0005310655711270659,0.0005675334099309513,0.0006613017463267062,0.000684032140179174,0.000731858989944791,0.0007730545416836282,0.0008407630834261024,0.0009477616414147578,0.0011314315851495998,0.0012232539080727486,0.001294244770158878,0.001403087638076952,0.0014674413259677852,0.001580050315501654,0.0016505427668063607,0.0017205571954842223,0.00170305404787379,0.0016339845838349077,0.0015843083898160056,0.0016164799208524185,0.0016510158537197423,0.0016377693355434568,0.001592824484051283,0.0015100260482792493,0.0014281671412866282,0.001378007505870463,0.0013519802884977936,0.0014234352076907403,0.0014811632678500646,0.001545985068248446,0.0016628429538166625,0.0018005001096635877,0.0019272603867572713,0.0021254093732160756,0.002324464641497544,0.0024937013747816615,0.0026751972129281133,0.0028727255574699504,0.0029478516949987973,0.0028727255574699504,0.0027545912849736157,0.002527734353686954,0.002328246780817462,0.0020232658728586168,0.0017560356088838752,0.0015157038742397197,0.0012516508576744067,0.0009657514251117759,0.0007309119458118437,0.0004846500346071427,0.00019805742687708302,-1.8481043070701815e-05,-0.0002587656891138574,-0.0006366080148408617,-0.000987555600627462,-0.0012427813249706646,-0.001445395331036723,-0.0016357095707942412,-0.0018189390429604263
2018-04-25,0.0,-0.00024346672243361135,-0.000560014992328267,-0.0008978712200482399,-0.0010519941864427546,-0.0011651270766985492,-0.001315047873539758,-0.001588546216099825,-0.0018743847579488963,-0.0021919216931583023,-0.002334917011131082,-0.0025171122853198135,-0.002603973530671939,-0.002686593129079121,-0.0027885787321998813,-0.002864130329727279,-0.002892463650469838,-0.00280746609645941,-0.0027517493979143954,-0.0027394732545685543,-0.0027517493979143954,-0.002747027786485042,-0.0027531658856903224,-0.0027659143659655057,-0.0028178542988613795,-0.002889158055017529,-0.0029628282026320624,-0.003001554430872348,-0.003026585595854639,-0.00307901138680537,-0.003124827166287544,-0.0031602531770601803,-0.0031626149557346626,-0.0031234101519601516,-0.003093653314911464,-0.003088930088872476,-0.0030818452916429057,-0.003073815915461556,-0.003022807266650882,-0.0029037972035483054,-0.0028990748741554093,-0.0028683802766620078,-0.0028976581796861397,-0.0029359096348399766,-0.002939215384837852,-0.0028419364558493992,-0.002724364361946059,-0.0026011409797522776,-0.002418458391656144,-0.0023051836275478216,-0.002099905816343625,-0.001982420927053672,-0.0019253348594120004,-0.0018956136514171474,-0.0018564584877541262,-0.0020093138401828707,-0.002217876420093578,-0.002645046420658437,-0.003134273979782778,-0.0036303570597752822,-0.0041654576875308396,-0.0045683902093527256,-0.004980002994463591,-0.005386577773259211,-0.005888516165652243,-0.006110680650233842,-0.006362274016982231,-0.006340476230309743,-0.006250920745296269,-0.006112101903897985,-0.005864360529466325,-0.005733646032474165,-0.005498781755481969,-0.0053240898743518094,-0.005084115830155964
2018-05-02,0.0,0.00017177191617953776,0.00038679435241165003,0.0005561734110506383,0.0006268946373116151,0.0006054926887098581,0.000591534649367607,0.0005175537880428968,0.0004230922802229059,0.0003435143318351765,4.0036200178879726e-05,-0.00026074004691123333,-0.0005522906698022423,-0.0007912765323405226,-0.0009702039190521828,-0.0010820497955510578,-0.001132850595604677,-0.0010895066321187133,-0.0010307855493223324,-0.0010042223826931,-0.0009697379207357418,-0.000803856317883361,-0.0006198344900458457,-0.0005294665480584377,-0.00046938104497207684,-0.00045447667282083745,-0.00047543600961236134,-0.00047683331435119576,-0.0005164244266638966,-0.0005737178704230814,-0.0005294665480584377,-0.00047031257560728825,-0.00048381986733253703,-0.00048661450219264686,-0.00042932604852511595,-0.00024677010649734176,-5.8660583363868805e-05,0.00010008749517502973,0.00021133579194574834,0.0003439797183633244,0.00045427021760000697,0.00046636885687569187,0.0005003373308778319,0.00060363162805402,0.0006915629597891367,0.0008348418985419108,0.0009399620891575088,0.0010478615883201352,0.0012101539944843864,0.0013952003007582387,0.0015244334417078734,0.0017256877727831615,0.0019176085588812478,0.0020621057148386517,0.002205652953159525,0.002096020028238493,0.001988698193415078,0.001933406692192774,0.0017819201958087204,0.001489570030737981,0.001129708615342213,0.0007655309493612509,0.0003025594692076983,4.7950143033181504e-05,-0.0002570147103852067,-0.0005276033774450716,-0.0010261252936141654,-0.0014638180584646743,-0.001794428714273583,-0.0019217592895717042,-0.001995459850755422,-0.002019250432065469,-0.0019236250595493578,-0.00207756307414621,-0.0022324579628779564
2018-05-09,0.0,9.331639952188723e-07,-5.972430701760115e-05,-6.952316675695329e-05,-3.686067435388636e-05,-3.079490036697924e-05,-8.398515142534237e-06,2.8927678938219175e-05,1.5863669491144625e-05,9.657785477299308e-05,0.0001581588632093279,0.0001856824816245518,0.00018288350418439479,8.957977294707655e-05,-7.46559411311947e-05,-0.00013251812928055496,-0.00015585060397989593,-0.00016611706531747836,-0.00010825293308363505,-9.845369383113416e-05,-2.0063236522640036e-05,8.164855434101646e-05,0.0003013666955697589,0.0004930558295517749,0.00070475732750105,0.0007975374705654111,0.0008670003847397752,0.0008707298006945524,0.0009103539862771876,0.0009299324160689352,0.0009136170845283155,0.0008945045004527214,0.0007942739935124947,0.0007621048640786242,0.0007495166621609588,0.0007998685190825814,0.0008646694927051707,0.0009448490576806378,0.0009397214872237037,0.0009774784354972593,0.0011093834966712424,0.0012296210078437447,0.0013489121576070677,0.0014486211843850808,0.0015417982040178764,0.0016768894630268475,0.001908365501051045,0.0021518931043386837,0.0024563355928960517,0.0027644077847440124,0.002924921391408333,0.0031133175383570902,0.0032951675581712365,0.003374222470684731,0.003515110731879989,0.003641102891243215,0.003671784924962323,0.0036211125749236054,0.0035518407128240542,0.0034727998412131004,0.0034555960001064756,0.003417467513612054,0.0033723624268899095,0.003420722441165443,0.003386777675805503,0.0033142343148398097,0.0031928519227183033,0.0031491320498895367,0.003040289170524945,0.002857462289626116,0.0027220651185688397,0.002672275294435319,0.0026024723017199496,0.0025280104052342834,0.0025321990340842894
2018-05-16,0.0,-0.0004408497357300547,-0.0009926487836890013,-0.001782654327925131,-0.002566321974186906,-0.003453735047025019,-0.00422569558384921,-0.005045248429247732,-0.005841257440577858,-0.006729252284638544,-0.007106399411217645,-0.007534999994920577,-0.007735138693105411,-0.007800927291964947,-0.007741204127478068,-0.007753801685651632,-0.0077939282991200875,-0.0077332724130077584,-0.007661423277499198,-0.007543863098914859,-0.007472960466391719,-0.007335834112170767,-0.007241162602418158,-0.007194063367352373,-0.007140904519376017,-0.006885408438312455,-0.006558673729304865,-0.006247419558875121,-0.0059618778206783195,-0.005752780698028856,-0.005538606260512266,-0.005370558005595776,-0.005269091016257698,-0.005113187036969921,-0.0050694452123796595,-0.00503687275611106,-0.005065257265708937,-0.0049903425160997125,-0.004827503723817659,-0.004700042714386574,-0.004527949610662638,-0.004341471331470353,-0.004162001390343817,-0.003969083879645783,-0.00375017920617943,-0.0034151758866993796,-0.003156914301581565,-0.0029809073054296053,-0.002788217492018879,-0.0025960289795652065,-0.002477670376531879,-0.002311063769846497,-0.0021031925008048644,-0.001986747794163852,-0.0018313546666339942,-0.0019125271686818229,-0.0020192210501209684,-0.0022196507683948084,-0.0024173360874232236,-0.0026661224429606646,-0.0028499670520728193,-0.0031638809150156054,-0.003411923977305973,-0.0035652397802841515,-0.0038719419214710647,-0.004040668203453219,-0.0042354592859847676,-0.0044168025096855855,-0.004737721102369979,-0.004901475774047175,-0.00495777263625659,-0.0049680087699013635,-0.005017329791601047,-0.005204864940448801,-0.005262575139392932
2018-05-23,0.0,-3.2274691803212775e-05,-0.0001452443168595751,-0.0002624993992539189,-0.0003275415473007917,-0.0005602086781355294,-0.0008109799912116356,-0.0011188307582341022,-0.0015023515359076053,-0.0019459362879547142,-0.0022441472385016465,-0.0025805141413622478,-0.002854163321491777,-0.003034098716602186,-0.0032669203274988405,-0.003400257724645633,-0.003502177580483872,-0.0035369470103472937,-0.0035217054676170887,-0.003537899614481257,-0.003535041804801727,-0.0034564552389204696,-0.0034188311299585207,-0.003418354884487185,-0.003362635729965791,-0.003394542900104876,-0.0034564552389204696,-0.003505035296245001,-0.0035664781604733947,-0.0034950333268093984,-0.0034088300226929927,-0.0033078720649294515,-0.0031393140403353638,-0.0030188648360708475,-0.002860827018053788,-0.0026723567346429353,-0.002444907081879279,-0.0022902898911368067,-0.0021689915997004303,-0.0020638783138788815,-0.001965433808322487,-0.0019568738745192106,-0.0019468873776895973,-0.0019820783338077306,-0.002051037176581966,-0.0021456849857342747,-0.0021751750782543025,-0.0022156064572910303,-0.0021361722381767513,-0.0021913474337059533,-0.0022341578724197134,-0.0023502309491144117,-0.0025077122758894663,-0.002756116919763767,-0.003075040920498208,-0.0033988290154484996,-0.003780843292757292,-0.004143939737448389,-0.004554368837055247,-0.004833327954187234,-0.005160548405427571,-0.005459719674620746,-0.00574275031899188,-0.006016788846513327,-0.0061361670865805705,-0.006299499605206442,-0.006507763378714612,-0.006738050426324766,-0.0069454497070008565,-0.0073302558447465175,-0.007757301059447306,-0.008183571678848962,-0.008494179513114456,-0.00875221530683923,-0.009119516502015902
2018-05-30,0.0,-0.000489389665576025,-0.0011089992936797752,-0.0017520853751266457,-0.0023323955297036387,-0.0028078313548239135,-0.003236294528174594,-0.0035875069699920926,-0.003909087809378994,-0.004263843894674453,-0.0041821112958182,-0.004072515058638536,-0.0039034202914826543,-0.0037990492461826334,-0.003725854333054741,-0.003694216899924588,-0.003790076678391849,-0.004023389609709414,-0.004223685424621832,-0.0044396152336258245,-0.004554450293037333,-0.004730745406787239,-0.004909435439147952,-0.00509666877403703,-0.005226712551684668,-0.0053142060636235345,-0.00534494884468899,-0.005290558413607651,-0.005209687676923401,-0.005073971957169893,-0.0048933614838246675,-0.004606910201981892,-0.004364955890470456,-0.004178331915268183,-0.003978045183358363,-0.003832579027833789,-0.003737187388413556,-0.0036588030501308526,-0.003558706683686948,-0.0033996118526823603,-0.0033047335128406487,-0.003258949673442289,-0.003160781083913767,-0.0029097398750305365,-0.0027078201270650283,-0.0024196361627674685,-0.0019938796310751765,-0.001459936405347529,-0.0011127670918161603,-0.0008754235302471535,-0.0007191089383384358,-0.0004969206083371085,-0.00028325213157810324,-0.00013596983090344102,-4.751676672336316e-05,-0.0001914922403268257,-0.0004564424578253647,-0.0008942582630016889,-0.001247475201683559,-0.0016366292112295934,-0.001928829813733759,-0.0021282350399899853,-0.0023366394924897727,-0.002488019277069616,-0.002541314187772036,-0.0025427291356110967,-0.0024917922746692067,-0.0024021874272698563,-0.0022758110802269375,-0.002129177948750318,-0.0019330720641439311,-0.0018684975336832421,-0.0016809251021333669,-0.0016469961587621612,-0.0016441687987764709
2018-06-06,0.0,0.00013831072588693712,0.0002671632331313345,0.0003289876626258114,0.00048093681186147134,0.0005720008575508739,0.0008267474002724034,0.0011295283179554247,0.0013756471153658582,0.0016033237843694958,0.001968535209320388,0.0023515104795932573,0.002767294161294439,0.003147610713508086,0.0034426329564196173,0.0037968269723619875,0.0040013838898619175,0.004078493338769828,0.004181453393415442,0.004204958768860736,0.004121277114510197,0.0040582761925132115,0.0040169002934044296,0.003973171630222605,0.0039670588690577675,0.003930381517365348,0.0039379051863577645,0.004162178573264064,0.004420242302335262,0.0046096346846750905,0.004915970241963088,0.0051719609544211165,0.005398305486513742,0.0056030045514346,0.0058090697696928295,0.00596488133000559,0.006102838771761416,0.006098146654424799,0.006091108437139459,0.00615538898185699,0.0061746254218680695,0.006206998107488011,0.006219665394851901,0.006202775642708647,0.0061042464026692545,0.006077970299001037,0.006083600950767677,0.006062485843165521,0.006034800915471963,0.0059634735029091375,0.005966289155119846,0.006007115221301744,0.005991629668266761,0.006018846541227828,0.006142251688223869,0.006276900766890239,0.00642747982810108,0.006600078398494086,0.006753422244231304,0.006883769469731401,0.00688236293567753,0.006863140105330708,0.006929246338070913,0.006745450819444724,0.006493614866022609,0.006298480466586177,0.006207936430573315,0.00621591214125009,0.006400743145722973,0.006578974193668128,0.006710282010329584,0.0069184633501562795,0.007106445744119717,0.007529159837290862,0.008025690922139877
2018-06-13,0.0,0.0003060484695884434,0.0005599422967937393,0.0008114686160186443,0.0011020731791736354,0.0012402073822967313,0.0014261979645275524,0.0014989274467902723,0.0014777535863804278,0.0014579602244751257,0.0013576064543345022,0.0011821933410407896,0.001052340194636414,0.0009556300881706042,0.00092293074595408,0.0010726020794987723,0.0011361480554943403,0.0012913122017454372,0.0014745314378840921,0.001670603281813036,0.0017828900291496387,0.001932892813225069,0.0020764326908735997,0.002219492003002381,0.0023358563486382254,0.0023634506498647913,0.002476119477899372,0.0025759012685411453,0.002643029958402857,0.002672454812843771,0.0027207280892502283,0.0026880864146098618,0.0026485471845621392,0.0026338345138259937,0.0025657855958235104,0.0025294602912215368,0.002424155432408692,0.002292623745729807,0.002214432376453283,0.002226851414102194,0.002262727767633433,0.0023602313539570594,0.0024407106426555395,0.0024880754248334915,0.002489454947973701,0.002513826209658997,0.002607627032876137,0.00266555844026689,0.0027290032740855618,0.0027193488851199985,0.0027326811120319005,0.002750610378318404,0.002766240758445107,0.0028030171597679997,0.0028627759274312222,0.002944134047303699,0.0030199704016797323,0.003180816359852875,0.0032782304746836032,0.003417902081235141,0.0035093212863605695,0.0035846554554489055,0.0036457454619465727,0.00357960273142212,0.003535964506994799,0.0034725708516677527,0.003246525978960436,0.0030190512075739906,0.0028053156399439087,0.0024779588636548574,0.002149114898990987,0.0018505321068731772,0.001560144999492645,0.0014031812037213242,0.0012438906998610154
2018-06-20,0.0,0.00015762212599595396,0.00023875519126148958,0.00037302993997795684,0.0006056369175114269,0.0007608335223261367,0.0009872934559616979,0.0011522134771137851,0.0014163083795443502,0.00158953910980503,0.001381844924309344,0.0012020568315723444,0.0010879258561388406,0.0009388372068200334,0.000923461175489967,0.0009821683868023205,0.0009215973980510867,0.0010213046130223549,0.001088857590305654,0.0012686660342405786,0.001472658227356368,0.0017175801725161104,0.0019992128150883963,0.002236560552975568,0.002495717169468641,0.0027380632105646493,0.0029850003886298655,0.003155635087354014,0.003317873777081656,0.0033713277521760215,0.003464749143372027,0.0034917049372660343,0.003465678665602358,0.003471720539038547,0.0034192014956444506,0.003384342200537887,0.003449876670181719,0.0035112241965013485,0.003521913153206101,0.0036018443380748445,0.0036125323261936696,0.0036408781762352596,0.003664576548925139,0.0037630814124500374,0.003857859951314619,0.003949842296343979,0.003953558576904361,0.003986539961703049,0.004093838067761941,0.004129137092305129,0.004208555342056896,0.004236884302592527,0.004254067051577303,0.004208090926181602,0.004137497205092494,0.004091051249597756,0.004072472263359618,0.004017197738236142,0.0038857342826808827,0.003816046997376562,0.0036971028127242385,0.003590226830118526,0.0035446848973760075,0.0035446848973760075,0.0035818621408177857,0.003624149575020105,0.0036408781762352596,0.003680375152050032,0.003921040653719402,0.004068756424690183,0.0042350266904229395,0.004428664190020949,0.004542414541550811,0.00459766004398929,0.004694216282270342
2018-06-27,0.0,-0.00020513439391378467,-0.000475771960570263,-0.0008022128132463117,-0.0010702247123493735,-0.0010790512825555097,-0.0010200541090604077,-0.0008997478249093432,-0.0007678455995646878,-0.0006605717597665865,-0.00046091516843931507,-0.0003021469863636038,-0.00022741396540425576,-0.00025479995208943024,-0.00011694929426074622,-0.00013969102317629042,-0.00033835505463927903,-0.0006011349329698203,-0.0008449412665012967,-0.001096704656696579,-0.001353642980135484,-0.0015753227513700398,-0.0017793859335719147,-0.0018723670236096986,-0.0020830011656719017,-0.0022494939764039932,-0.0023220525884453105,-0.0024318307529344633,-0.0025332467152425595,-0.002659333193518801,-0.0028538446214457416,-0.0030549105508033566,-0.00324018763367567,-0.003454835413093038,-0.00359966721170308,-0.0037296145552662527,-0.003938776745002035,-0.004038015980829461,-0.004132605264213922,-0.004204368620383677,-0.004253767169754094,-0.0043371910149007705,-0.004390324912802033,-0.004553472942965053,-0.004751617055924199,-0.004936276087744332,-0.005082255463869566,-0.005338353836898651,-0.0056220511803987605,-0.006038410756778969,-0.006362936677457772,-0.006716065797463845,-0.00709736102832328,-0.007368468119153667,-0.0074689833885596526,-0.00760691613230499,-0.007798183178862159,-0.00798247014318571,-0.008139187554647086,-0.008246798804898904,-0.008418532915060983,-0.0085832756336417,-0.008736342196128781,-0.008881941004254781,-0.009284203513826434,-0.009534352831787446,-0.009632743304295756,-0.00962571509235008,-0.009504837577669567,-0.009296850011203353,-0.009242049677610208,-0.009275304222654806,-0.00935961647594505,-0.009487035147168851,-0.009410207240237127
2018-07-04,0.0,-2.8031750629941012e-06,-9.62468405148986e-05,-0.00024016716497663837,-0.00030933105304272113,-0.00046496729360593405,-0.0005589216136456394,-0.0006164204023302869,-0.0007510646471935442,-0.0009081725160958548,-0.001055483563638661,-0.0012313499281061942,-0.0012781281045985279,-0.0012898229906355139,-0.0012547387428276365,-0.0011022535139541493,-0.0009787855801501003,-0.0008445782623765532,-0.0007108564810965874,-0.0005944489301823357,-0.0005547145150081567,-0.000511242198803287,-0.0004373903381233678,-0.0003602723810288198,-0.00029577829273079405,-0.0002406344724931146,-0.0002135309974989679,-0.00020278327116850597,-0.00017100806022302638,-0.00011446937267633144,-2.5696065536745294e-05,0.00018545929139950174,0.0003386591605452361,0.0005665472460666278,0.0007892483310090784,0.0008956791321834731,0.0010399027995372885,0.001118773612220471,0.0012345017687769178,0.0013460174418603887,0.0014836451646864227,0.0015820723588467734,0.001699612523202525,0.0016972805114201994,0.0016641653571996286,0.0017383231243852189,0.001758377424902393,0.0017980184636427602,0.0017970857513714992,0.0019010778107621707,0.0020395616553507147,0.0022101921400663072,0.0024241384077415377,0.0026739175222869967,0.002847235015208211,0.003027975024923403,0.0032687556770095564,0.0035239105755750905,0.003762244658709771,0.0039749284803462445,0.004138250117080274,0.004303871030728092,0.00447690627871874,0.004661537218505468,0.004989789158999521,0.005264954213286675,0.0054959042624201015,0.005708684257071713,0.0058889078741923735,0.005991082095260779,0.0061290007360195135,0.00622465030578556,0.0062877925811384685,0.0063537162907171905,0.0063588228755886425
2018-07-11,0.0,9.1851598042518e-05,0.0002499445405729061,0.00046419826119558526,0.0005733632065672901,0.0007459930630099707,0.0008761307922902243,0.0008706516504701327,0.0007930272493375664,0.000859693276765476,0.0011021192358836606,0.0012609653923459844,0.00142571879771737,0.0015206336436569213,0.0017063303868098025,0.0017642680126377967,0.001830413166605666,0.001999633610389758,0.002221264513758861,0.0023407241732404395,0.0023945219546875497,0.002389507029586586,0.0022135128214390955,0.001950831730732417,0.001650214368066672,0.001372325237652649,0.001082489941946252,0.0007373166121989468,0.0004523218580099719,0.00017501342918613437,-1.6908925102286345e-05,-6.900849195640632e-05,4.2956523891689985e-05,0.00019648816313426004,0.0002796412933265252,0.0004281118300782266,0.0005930024967491438,0.0007583226267697109,0.0008062694852207118,0.000909005012786177,0.0009363993710110036,0.0008354931094178985,0.0007665422514890092,0.000761519155522066,0.0007880042864058815,0.0007537561393985729,0.0007720219637676163,0.0008067261109166579,0.000840059223554301,0.0009268114309958439,0.0010395780505525105,0.0011947825601940935,0.001303411386101024,0.001324405512766479,0.0013714125024407446,0.001396512417216439,0.0013869288877439536,0.001394230632815522,0.001512876518338115,0.0015156143341452906,0.0015019251801528866,0.0015703690762616039,0.0016798695670702554,0.0017505822621042436,0.001789814245847116,0.0017565127769984463,0.0018071488181467278,0.0018377116741976208,0.0018486593357088471,0.0017597061166043327,0.0016967498260410587,0.0015525741139238193,0.001377345266426551,0.0012098452449262227,0.001019491000581649
2018-07-18,0.0,0.00047929370455696317,0.0008245514387996778,0.0012812336437725146,0.0015944868167757083,0.0019121730845470001,0.002282302092548044,0.002619693255964061,0.003011286545392325,0.003409965615157671,0.0033276181513449575,0.003267889374274137,0.0033262607187567665,0.00332490328432595,0.0034543037486288656,0.0035474979060559,0.0036443020573108634,0.00370310374231256,0.0036827497041726134,0.0036194233804389287,0.003551569297451623,0.003447065003971913,0.003355671345632973,0.003360195980687047,0.0033511466901062622,0.003410870494675145,0.0034258008885006425,0.003374674675288234,0.003329428058596321,0.0033117813231626453,0.0033380250733056494,0.003343454728726115,0.0034217289850192577,0.003360195980687047,0.003264269333729558,0.0030999962046199155,0.002579393452590105,0.0019946371843915776,0.0014485257672652752,0.0009161767078427413,0.0002469375669043493,-0.00029467993953662553,-0.0008588551049933097,-0.0012606037166610195,-0.0016347749919016423,-0.0019085588271768208,-0.0017784794194276824,-0.0015979426882391772,-0.0015197353815454607,-0.0014424434717875557,-0.0012506034893830442,-0.0011528792593551867,-0.0011242455963918884,-0.0011501522085105948,-0.0012569672588072136,-0.0014742688287797646,-0.0018103154728513272,-0.0021573942038439578,-0.0024895744651982216,-0.002757674337419683,-0.0029780343264009957,-0.00317293858257928,-0.003338728174105442,-0.0035255021194099774,-0.0036148015020278372,-0.003562861094976447,-0.00349816716784568,-0.003324152162940031,-0.0031456132664920795,-0.0031401482928741556,-0.0030791247828649815,-0.003014917498048137,-0.002902450842358023,-0.002793638870930582,-0.002772697339684912
2018-07-25,0.0,-6.420907554831512e-05,-5.253439151666065e-05,-5.9269769516278665e-05,-1.9756199518414003e-05,9.428957631022115e-06,8.03677881847203e-05,8.710222574143326e-05,0.00010461155114135387,6.779671673443389e-05,-7.453679426989446e-05,-7.768003418238936e-05,-0.00016569476323453425,-0.00017467629361562082,-0.00027437669847284104,-0.0004324806018125907,-0.0006234064151356146,-0.0007573008472145003,-0.0008723385693787175,-0.0008772818930493948,-0.000843577898156581,-0.0008700916121519936,-0.0008799782617149044,-0.0008934602140995905,-0.0008804276571993165,-0.000855261821078883,-0.0008251535278370376,-0.0008017865220481493,-0.0008224573069949709,-0.0008507679884147728,-0.0008359384839019603,-0.0007878564514517611,-0.000737979402859617,-0.0006045368291338249,-0.0005097450105402713,-0.0004050801233806011,-0.0002635977970942618,-0.00012348265095667716,-6.735024168513785e-06,0.0001813795898161213,0.0003654193070042775,0.0005323723823581097,0.0006840421410451979,0.0007701874997254579,0.0008908682559796455,0.0010034605868563112,0.0010577336363756646,0.0010379983228123758,0.0010886814120070224,0.0010806081715695962,0.0010483145580324374,0.0010608733094415019,0.0010604247853214603,0.0010187111627899834,0.0009532217505206534,0.0008756157302282923,0.0008922140559063592,0.0009671273953379874,0.0009088121060843617,0.0008854850381611651,0.0008325485193527752,0.0006813499790056386,0.0006131461230382462,0.0005404500500302541,0.00042690795619655723,0.0003820261031790455,0.0002747503134040287,0.00020606981170396768,0.0002958472982638837,0.00028686991229918914,0.00030302914900906693,0.00034881223503947225,0.00019933617528229762,1.7959842690201638e-05,-5.163634454434796e-05
2018-08-01,0.0,0.0005020967046820101,0.0009396841521125104,0.0013251659276905115,0.0015169713495974111,0.0016590420143772415,0.0018367119006785248,0.001980495850372496,0.002126457184067357,0.0023405245774320202,0.0025431211097690196,0.0025294987689540808,0.002607714844858398,0.0026569263188749768,0.0027491913057400594,0.002761053329317636,0.0027632499849098015,0.0027241487938779764,0.0026727437783627185,0.002520710063495299,0.0022899789150193665,0.0021132687824752354,0.0018490244855476725,0.0016458474468445685,0.0014633047318924047,0.0012736889452600218,0.0010184647690407885,0.0007323602473860391,0.00046598939021669786,0.0002484372473068645,0.0001493340431311577,8.19382538448584e-05,1.1013596725778993e-05,-1.7181453106417736e-05,-3.083828820214995e-06,0.00010220151769333214,0.00022861739217166723,0.00041622961323597226,0.0005646209218287501,0.0007526103359809125,0.0008120375762565632,0.000855615308042634,0.0009498071487220751,0.0009687324762024533,0.0009691725958355222,0.0008996312911336035,0.0007429255621620762,0.0006099705487475632,0.0005307174300960196,0.00042063323318766645,0.0003127389615421611,0.00025988854011406405,0.0001030825198510725,-5.066410733250521e-05,-0.0002039937399060591,-0.0003357526354194725,-0.0003926038076597324,-0.00039172236946986925,-0.0005049935418793146,-0.0006028490085516595,-0.0006998323420418846,-0.0008268065598329888,-0.000901323243116711,-0.0008854494013556603,-0.0010287640489091223,-0.001109470259163592,-0.0011187320441786303,-0.0011160858111354155,-0.0010331740560973832,-0.0007769848927324418,-0.0005120458679348194,-0.0004128771004617981,-0.0003727716363072871,-0.0004785477621173607,-0.0004997043299762864
2018-08-08,0.0,9.568844551763611e-05,8.471546472709916e-05,2.9848754606910808e-05,-6.804093257330178e-05,-4.5652759848978066e-05,-5.267519770712937e-06,9.129926764999003e-05,0.0001360679780158898,0.00016371823908220684,0.00016371823908220684,0.0001518682208132235,0.00023920394796188318,0.0003594426702409963,0.0005309991729714604,0.0006437453474529564,0.0008156916883364875,0.0009941863299144742,0.0012278915830543158,0.0015180836203276201,0.0018152020991633795,0.002062733413685977,0.0022502030818179536,0.0025225846839937627,0.0028237821211891815,0.0030658125696259777,0.00324084329890519,0.0033200346372515184,0.0033935325885293063,0.0034508397428620937,0.0034447154708849535,0.003465712818658229,0.0035470733772040393,0.003589938105749915,0.003677848790300406,0.0038107935519478735,0.003908304295151077,0.004034660575871264,0.004160563756491778,0.004240993601602719,0.004390471020956821,0.004483555316719973,0.004564833108525834,0.00458973949655694,0.004572261394433733,0.0045276908512729835,0.004520699213272154,0.004522447127354982,0.004564396148813025,0.004613334449859601,0.004654842738743304,0.00472649509899819,0.004780667865575202,0.004786783961304526,0.004767998691140198,0.004705961105955061,0.0046701348319230125,0.004644356596835015,0.004517640356275269,0.004426307315522798,0.004190288583281366,0.003932352568344088,0.003747384603787013,0.003569818155856784,0.0033716587628795556,0.0032482814262646893,0.0031025715640965114,0.002934081742343052,0.002857923780188254,0.0028885627381511412,0.003083754628591523,0.0033388471272580763,0.0035090184560747167,0.0038142918596417875,0.004148761006669436
2018-08-29,0.0,0.00016145980144007508,0.00031224567726347507,0.0003326894694002685,0.00032800447061727146,0.0003020236244620924,0.00031735666448054717,0.00027391244046836427,0.00028626442167318747,0.00023642963250760304,0.0003020236244620924,0.00018872220849915268,8.989244651763089e-05,4.643833916028699e-05,4.984657268575293e-05,7.114776904685529e-05,4.3882156393406835e-05,8.520990395564088e-07,-2.3859067895455452e-05,8.947003702002312e-06,-1.2781572721513811e-05,-8.520997655187783e-07,1.3633497503604668e-05,0.00011460080271457335,0.00015805194829819914,0.00017466512267353548,0.0001026727069794558,8.563232340008545e-05,2.428453809967282e-05,-7.967446806057859e-05,-0.00018790557139912727,-0.00025523634107486377,-0.0003293906622175784,-0.0004777158031320312,-0.000620094534206825,-0.0007155934243178359,-0.0007219887650990032,-0.0007607880425845596,-0.0007838125013829559,-0.0007641990400669384,-0.0007599352950319711,-0.000818350183596537,-0.000929646385760498,-0.000950542456170012,-0.0009565128422023257,-0.0010179245960901541,-0.0010776340838602645,-0.0011509963356024478,-0.0013318658063526578,-0.0015119146077439654,-0.0016548674286491697,-0.0017713784238126654,-0.0018021088606909876,-0.001869975254409971,-0.0018725363405837257,-0.0018866224317853823,-0.001954067678436499,-0.001975412058483403,-0.0018456452628922747,-0.0017799145615517975,-0.0017513187869384803,-0.001659988505850877,-0.001634383382093406,-0.0016296891805205177,-0.0016902887492579468,-0.0017244309686761945,-0.0016267019728108242,-0.0015917096327158033,-0.001644625352921823,-0.0017496116023802467,-0.0019510795015851275,-0.0022063873880577463,-0.0024331451943979733,-0.0026616631708940965,-0.002873142211225699
2018-09-05,0.0,-5.9456089633973334e-05,0.0001084874036338848,0.00022694220643129328,0.00019353329809472706,0.00027206415501296067,0.00019353329809472706,7.290483232072548e-05,-4.253027353266577e-05,-0.0002912383924001948,-0.0005382715536250991,-0.0005243770321478992,-0.0006976381520695038,-0.0008800507150679334,-0.0010307833432551552,-0.0013427460736255014,-0.0014127120793012832,-0.0014553024796054002,-0.0014244459881468715,-0.0013297094707554683,-0.0014440028088601859,-0.0016539367717088522,-0.0017908739736089735,-0.0018965240575858726,-0.0019969672032627223,-0.0019795737285113056,-0.001995662682162227,-0.0021883153953670543,-0.002391880481873966,-0.0025389254866111204,-0.0026738082606320686,-0.002848747859047952,-0.003081177648017365,-0.003290584819693752,-0.003581912214302361,-0.0039059993390753475,-0.004252854054438977,-0.004572799099850783,-0.00494256337498067,-0.005271890767112858,-0.005575578745759255,-0.005817809839333909,-0.006090662864270931,-0.0065763071079697815,-0.006970848288571261,-0.007235273620660201,-0.007359861851255322,-0.007351118311091978,-0.007411013093028578,-0.007605586591813601,-0.007691298391188649,-0.007912171321266186,-0.008035531495071725,-0.0080486558134276,-0.008067030148506958,-0.008194347315648847,-0.008449467944672984,-0.008854381277960314,-0.00913156784052203,-0.009362834376233918,-0.009504774416443413,-0.00946183980978554,-0.0094127739449855,-0.00913069193258873,-0.008908236160082553,-0.008552322283980363,-0.008247291527994508,-0.007710103493144535,-0.0073034673608509066,-0.00673139609113055,-0.00624087294033086,-0.0058130082927120635,-0.005437249651897509,-0.005088675389072049,-0.004809990648397848
2018-09-12,0.0,-0.0003019633841426384,-0.0003165768286447316,-8.234460780293501e-05,1.150999643204107e-05,4.6924539152242e-05,0.00013368486866566285,3.497227119812392e-05,-5.356749561057761e-05,-0.0001908196284365586,-0.0005136577726403916,-0.0004671520261826759,-0.0005296030978921203,-0.0007076765035869138,-0.0007320422466823281,-0.0006093335381750508,-0.00044633586894653817,-3.231723662231667e-05,0.0003124936398008271,0.0006739968688375107,0.0010141418782775048,0.0012011944368330839,0.0012900653059712635,0.0013811386988098822,0.0013952852777030366,0.001367434009661809,0.0012648639214853869,0.001137078706591367,0.0011428271812004872,0.001179970374404982,0.0011472490622599265,0.0010963962495244449,0.00105438545362813,0.0008005142481148541,0.0006571856626640723,0.000626216911458946,0.0005063145587291236,0.00027487563821050284,-0.00012573320404693974,-0.0005699104704039639,-0.0009588936564380434,-0.001270898395768185,-0.0015745760228020923,-0.0018069405949907595,-0.0019816930368690864,-0.0022576334319459527,-0.002231455752498074,-0.0022052787583033808,-0.00200076685231376,-0.0016942991167318265,-0.0014659508034219574,-0.0012181521210723664,-0.0009681992075316553,-0.0005632662861803127,-7.658911911421852e-05,0.0004952527317444306,0.0009150738693351575,0.0015919904012237772,0.002040068379590328,0.002545792904779451,0.0031307009264618033,0.003863008884966013,0.004521627845699509,0.005006277673662402,0.005299156642972434,0.005672067800000912,0.0058881781447590415,0.005882896982269367,0.006031199023190569,0.006034279247862299,0.0061156817469637725,0.0060254785807715315,0.006075201332438925,0.006234913446194166,0.006336535148277919
2018-09-19,0.0,-0.00011867969736440124,-0.00010495110151845538,-9.520834138542756e-05,6.730461406672912e-05,0.00010006969464072765,0.00016161201153333142,0.0003599384557388708,0.0006799225256525626,0.0008834552347250391,0.0009383134858844426,0.000862661401378993,0.0008162055307974119,0.0008139932926519478,0.0009440645798640618,0.0012470562154109893,0.0015994725815244148,0.001757290085139227,0.0018253605354294758,0.0019177344500740596,0.0019884455563435725,0.0020321955494456197,0.002058709765264714,0.002098921650975784,0.0020591516629058465,0.0019274575236793877,0.001868233700481246,0.00188856466201713,0.0019274575236793877,0.0019716521213388903,0.0020657801040887846,0.0022261749851406718,0.002317628317827749,0.002417908107359696,0.0024930009243252843,0.002414374188809373,0.0022420805133724357,0.00205826786742853,0.0017864637026434556,0.0015061849782076297,0.001275802478122207,0.0010617335488790072,0.0008653159573712119,0.0005648639717850236,0.00024971276520613703,2.568255826742375e-05,-0.00022497197909473394,-0.0005722721886179468,-0.000704313350204891,-0.0009254548801334642,-0.001103201256027178,-0.0013195536878876707,-0.0015510316803307434,-0.0015705456840684798,-0.0014911615452880217,-0.0013944899311471412,-0.001296940894942907,-0.001156841654796428,-0.0011945246472916463,-0.001271225006734737,-0.0015656671474343004,-0.0018863706930256068,-0.0022293667111117346,-0.002743415388368631,-0.003437667228892595,-0.0040083539484921365,-0.004581590744110524,-0.004939752554765683,-0.005127560691949319,-0.005378620016716565,-0.00549793980502091,-0.005595899526733376,-0.005562948367473138,-0.0054445112739056716,-0.005255753322918077
2018-09-26,0.0,0.0006345401559543678,0.0011657256334756335,0.0017950139219885068,0.002098231003374746,0.0021884564316683877,0.002222739960060115,0.0023224261741032213,0.002459985852105886,0.002594370149006945,0.0024581819132051897,0.0024175924275902146,0.002317013603136412,0.002018825891989892,0.0018126138551993992,0.0016681949896926855,0.0014795164251844286,0.001334597950601696,0.0011133423285646215,0.0008224747552671163,0.0005283595643566038,0.00023867772653418572,-4.068938672167854e-05,-0.0002667716888769164,-0.0005105456731588159,-0.0006498717783466072,-0.0009059567384195672,-0.001320084427370579,-0.0015944535950684912,-0.001797788883204404,-0.002079990757257836,-0.0023269260983804544,-0.0025544324305638746,-0.0027398294470188937,-0.002798764793600855,-0.002849996032154354,-0.002738922776507891,-0.0025027631033686768,-0.0023165037414278294,-0.0022485345124310056,-0.0019966355280279812,-0.0019626612049121416,-0.0018222462467741795,-0.001759292393060372,-0.0019554134986978994,-0.0021583691313906334,-0.0025326765989804024,-0.0028218865320482405,-0.0031646950165598172,-0.0034477366087802374,-0.003681396999666052,-0.003695917505342881,-0.0037889444970781714,-0.003946429422306746,-0.004036302252312808,-0.004004528106569415,-0.0037839525851100036,-0.0037308583362258324,-0.0035421016117743137,-0.003278537051561538,-0.0030993891014079343,-0.0029833002261742945,-0.002863597686841105,-0.0027090031108080764,-0.0025979455137311548,-0.0025159068018379147,-0.002375867314099184,-0.0021094385588795923,-0.00206322854978335,-0.0020858802482086655,-0.001904681025963554,-0.0017307606565965638,-0.0015817748129197161,-0.0014604288872319072,-0.0012005808018324673
2018-10-03,0.0,5.095900758430724e-05,8.963152123654069e-05,-9.965056332418654e-05,-0.0005297634802833577,-0.001252496562981037,-0.0019306190283487814,-0.0027971702090904133,-0.0038562940657939186,-0.004606576599256902,-0.004779376678681351,-0.005067443182883019,-0.005412775088007319,-0.005715209965583398,-0.005890947882223243,-0.005863029118500926,-0.006009954633708236,-0.006070378866773684,-0.006145914292810051,-0.006246637070389883,-0.006249384197352914,-0.0063908714391256545,-0.006522761069677978,-0.006519555212668749,-0.006490244996545116,-0.006487955172089927,-0.006399114031439344,-0.006291507755829224,-0.00619490092198804,-0.006103339078308045,-0.005959603895029491,-0.00578476919804357,-0.00542604187088817,-0.005002963947575291,-0.004510589455975532,-0.003941255173299441,-0.0034932351880420185,-0.0030832969651946145,-0.002630186683953976,-0.0024253733883462017,-0.002368361560656994,-0.0022525235385667895,-0.0022830779344002947,-0.002395270738307328,-0.0025704261321500524,-0.003021683809534024,-0.003273180639192582,-0.003427031112814467,-0.003560813523001418,-0.0034443807225172127,-0.003334809292792629,-0.0033612879548730766,-0.0032348358381722748,-0.0031303080742021102,-0.0030458722254291548,-0.002916721990440217,-0.0029486657256605087,-0.0029331500696787765,-0.0029399951823482168,-0.003107030452735941,-0.0033567226182866696,-0.0036841100897593263,-0.0041326725050099804,-0.004656402129914844,-0.005114090327880472,-0.005633301020371395,-0.0060877743985944845,-0.006770101021379324,-0.007615641077369007,-0.008255885602928408,-0.008883686461992751,-0.009421393588042035,-0.009917571193046641,-0.010436523894732149,-0.010964946391151744
2018-10-10,0.0,-0.0001744099014985507,-0.0005388309727521511,-0.00027810131594228655,0.00038940565275553333,0.0011667946138715045,0.0019571173136656186,0.0027226605605059967,0.0036749049980673806,0.004747748981442848,0.005361318822696478,0.005788619127127972,0.006326459223432041,0.006714371945047289,0.006984763017823456,0.007320004150480573,0.00777482890655688,0.008215993935381036,0.008609898412875221,0.008973401811697162,0.00937372687715213,0.009708647969899382,0.010036263071616435,0.010423219063437924,0.010587642012362553,0.010739577379253918,0.010799961682228876,0.011001216362079534,0.010967197582272511,0.01083638219733408,0.010708904590807545,0.010599145813170596,0.010495127469417742,0.010352743808493324,0.010440956950678705,0.01047547301863081,0.010515740258887487,0.010389180614849716,0.0104251366880381,0.010660497182547496,0.011008882406199613,0.011211532135938835,0.011383967649076787,0.011505133707307802,0.01146873754077783,0.011496034789863338,0.011586541389843582,0.011572175809773051,0.011675124573700731,0.011687573473361815,0.011839820554389919,0.012087292287273097,0.012234693150887686,0.01250694475707167,0.01276812179640691,0.012958460619214626,0.0130364029978403,0.01317410229148845,0.013194659934282617,0.013295051653293324,0.013161193788155032,0.013132985738005984,0.013070351459774901,0.01296085158004352,0.013102386275406715,0.013262066914468369,0.013438450913885661,0.013679793237157165,0.013841770564985754,0.013893368451203961,0.013920599595608827,0.013797814710035005,0.01384654825888866,0.013911044892544877,0.013856581341784987
2018-10-17,0.0,0.0008786832586790582,0.001691556115719217,0.002612547600995946,0.003380726217697107,0.004022305465331413,0.00465360511506287,0.005102276526693797,0.005560606111250458,0.006089114851221824,0.005722567867504621,0.0055174118789884105,0.005320666719446923,0.005054834932102506,0.004780005178008103,0.0043819553817520005,0.004006788244625289,0.0037580096217499164,0.0036018447301221345,0.0034945848345882937,0.0032894417653990438,0.00289833002176661,0.0025437969740901424,0.002285233469523859,0.001980900060977662,0.0019898523656895436,0.0017990095679770563,0.0015671219023717555,0.0012309778579490864,0.0007461279915475659,0.00040876398084095195,0.0002921935947313188,0.0002119550691513484,0.00017796975269266125,9.772206106901016e-05,5.5707465947711845e-05,0.00017041730329165692,0.0003488286779151104,0.0005243770546847543,0.0007616958908227654,0.0009173615552540355,0.0009447184715086055,0.0009093430069365791,0.0008456640169487923,0.0008093415917388992,0.0005753369407723117,0.0002478272057562165,-0.00013597701631666798,-0.0004254618934620275,-0.0007717259650804262,-0.0013530388979399322,-0.0018618468183262524,-0.002261603374276008,-0.002711224729682838,-0.0031297908910269514,-0.0034026160828206317,-0.0036598788416651465,-0.00393853637762397,-0.004259941994275459,-0.004464311083664322,-0.004549200546016498,-0.004692912541733291,-0.005064857285659911,-0.005770224226742048,-0.006298863496431247,-0.006714656706364834,-0.007218592167652405,-0.007569595360248494,-0.007974020057363163,-0.008728114052063021,-0.009531392385445495,-0.010209869409409718,-0.010739907075483801,-0.011040116006925733,-0.011357127545649414
2018-10-24,0.0,0.0012288596013199141,0.0024070868670770665,0.0035750953541436674,0.00465596871080197,0.005583391460819848,0.0062530700743920285,0.006923278597918538,0.007398511957683075,0.007738663807484018,0.00733545385989038,0.006998098827680829,0.006700740909264491,0.0064551583367610955,0.0063206004777796344,0.005930035504437111,0.005572128410065708,0.005362024775307842,0.005055850711737664,0.004597639223195175,0.004150987278974552,0.0035485983078265004,0.003156458088380741,0.0029217875245168066,0.002638440263367223,0.002483228182447532,0.0023903841257637624,0.0022842660762122835,0.002305883629273099,0.0024228068393512417,0.002598166025269335,0.00284813478047677,0.003097059239080997,0.0033341426722075687,0.0035216098537311203,0.003775272570523504,0.004083310196713802,0.004168151028254014,0.0042652432630110836,0.004311334256446615,0.004366248411417428,0.00444469197352118,0.004462831171273876,0.004351539558452675,0.004148044892375474,0.003928322232494191,0.00383463114958484,0.0038061787166546006,0.003880251464466156,0.004197573913081636,0.004375073619349274,0.00456332617050656,0.004673613935906432,0.004877491731478295,0.004958835212210552,0.0050274330047607235,0.004758894801627596,0.004233860945473266,0.003803725882809872,0.0030734950817342442,0.0022842660762122835,0.0014536016345583335,0.0008845178219798535,4.13638447556676e-05,-0.0003556026665314488,-0.0004363943064140142,-0.00035166177789062373,0.00033775467318613694,0.0008269519859591899,0.0013837747265835621,0.002185998581202434,0.003250212728629164,0.0040146476066162074,0.00512297208901532,0.0059814343484637395
2018-10-31,0.0,-2.940124367462794e-05,4.60602105033599e-05,0.00033021458858871575,0.0005241770662738636,0.00042524131125220595,0.00023811822045155884,-0.0005308255098315017,-0.0011266855508692323,-0.0015756541450846105,-0.002459459790916715,-0.0030451657331670126,-0.004100498506789474,-0.005107200172232544,-0.005837877953928289,-0.006328909489891948,-0.006675636193565552,-0.006545414629282395,-0.006439375503704942,-0.006421621214194123,-0.006298829341086571,-0.006273681058675834,-0.005869422933375018,-0.005442664272222602,-0.004971273194359524,-0.004553758033675954,-0.004207766134703245,-0.003920432856138092,-0.00354662957559657,-0.0030545044282220234,-0.0026299277208835115,-0.0021451282854852106,-0.0018515140492720952,-0.0015408089302248545,-0.00119193294768059,-0.000742155805404141,-0.00019651473102858373,0.00030719129170533123,0.0005873536897688472,0.0009540910558233839,0.001544309595737173,0.0019517779632664976,0.00262009695571376,0.003048133972791849,0.00325817644610572,0.0032445006045771782,0.003279666676354815,0.003476964478491817,0.0038387387582359215,0.004009571799128103,0.004147193194103928,0.00437066560497419,0.00460433115258896,0.004882317150712798,0.00526259386022691,0.005923346264876012,0.00650966632476041,0.007167162941120243,0.007820337976094341,0.008472114893166746,0.009106957987546325,0.009605030031875166,0.010104794473702845,0.010822465603599781,0.011483431063628962,0.012037452527728398,0.012487127102094356,0.012928860086289051,0.013317694545402796,0.013978946191207337,0.014596299638889426,0.01531220342554663,0.015853497623951336,0.016186233642946437,0.016322671623538273
2018-11-14,0.0,0.0008474284550593433,0.0016266742214416658,0.0023440250629255077,0.00277673348972105,0.0029317653457793694,0.00302835358993432,0.002990190569284294,0.0029426025402559744,0.0028078360324507966,0.0022322823407613913,0.0015483523107999333,0.000928638062767032,0.0002537370112197493,-0.0002088970291757068,-0.0004726800479008701,-0.0006495198083702153,-0.0005766996490701063,-0.0003611074125812944,-9.924427853053871e-05,0.0001899544351329816,0.0004734014168559721,0.0008545109507890037,0.0011769474594378012,0.0015068297737292654,0.0017342388959852562,0.00193329737832643,0.0020771419962037044,0.0021431621059531014,0.0022662308173503312,0.002347325291042026,0.002360997548640846,0.0023449679863559864,0.002588683877060568,0.0027621243857513756,0.0029444872577417446,0.003071697476568723,0.003237988653744569,0.0033957748246085037,0.0035017366365417144,0.003439102789048823,0.003437219003544188,0.0034094327551450255,0.0032384596942895607,0.003079235352037351,0.0028983106567365777,0.002731962979812837,0.0024986526229564157,0.0022322823407613913,0.002034226587419611,0.0019361273080405023,0.0016460178451116335,0.001411038253753607,0.0013275081093514433,0.0011807235522390367,0.0011103914833592871,0.0008502614593705754,0.0005296088553819714,0.00010065199345532256,-0.0002750726100324889,-0.0008131480812417466,-0.0010539100253677994,-0.001482127023892801,-0.0019682927317091962,-0.0023130597356181763,-0.002438114506454789,-0.0024333772983378904,-0.0023727430163594477,-0.0020175378840309776,-0.00172967749433132,-0.0013609774276554165,-0.0010851329123141647,-0.0007686915084482313,-0.0005445469806321581,-0.000395617957328873
2018-11-21,0.0,0.00010417678528306942,9.573042320167606e-05,-2.9096356340434926e-05,-0.00042761391387198565,-0.0008084427776950602,-0.0011795499732128558,-0.0015385745580349225,-0.001960264072465485,-0.0023477922542352076,-0.0027910000318352216,-0.0034001430326279585,-0.004044053660112155,-0.004541755100429097,-0.005033572805830105,-0.005503925831660528,-0.00594664659867228,-0.00632580533827871,-0.006598340695760035,-0.006821808976359868,-0.007076047146912123,-0.00728591321626223,-0.007422066112392699,-0.007458471242872405,-0.0074717098007396985,-0.007474546657370275,-0.0075738417098629674,-0.007600794925465992,-0.007637206563291538,-0.007751178830320916,-0.007671255008557763,-0.007617818383318539,-0.007508116738582229,-0.007461780865908722,-0.007392753853625762,-0.007276458842361389,-0.0069961772638884685,-0.006798184175988326,-0.006522287830006528,-0.0062261619058436475,-0.006137388443384293,-0.0060948932984481495,-0.0060297375833481826,-0.005907464041231142,-0.005826743370818716,-0.0057606611229409745,-0.005793229685077137,-0.005877252033182974,-0.006060898482654216,-0.0062086899100289306,-0.006296997448882031,-0.006370199448415637,-0.006444823776358951,-0.006418846321482116,-0.0063158877744857395,-0.006173274638818615,-0.006062314910239877,-0.005913600966900493,-0.005675704648923259,-0.005354351281326313,-0.0050015006169901975,-0.00474590317308213,-0.004408350586397535,-0.004036043446618637,-0.0037599658943986863,-0.003635614558379918,-0.003544245023180138,-0.0034896156808991575,-0.003515517152174688,-0.0036897808531572477,-0.003864546033500656,-0.003951704504852871,-0.004209455349801202,-0.004517712689615241,-0.004701109611276818
2018-11-28,0.0,0.00039379856636805326,0.0007103151474430457,0.001004767939440567,0.0013164195295054437,0.0017171719030677904,0.0022092517158292416,0.0026297087041643615,0.003034132556129977,0.0034957314964005246,0.0035852290515923256,0.003705478779660337,0.003856935572938516,0.003921239520011553,0.003932422393068675,0.003907726714881094,0.0038238500470841544,0.003728315272470195,0.0036817096312216713,0.003609000493375583,0.003573110059873579,0.0035507361508336195,0.0034994607211228513,0.003539082874946294,0.00364908438990849,0.0037898313932085465,0.003928228830327316,0.004065209451511221,0.004154190209597428,0.004222667391233823,0.004328401855760444,0.004377306086614959,0.004492338038379788,0.00459199065131655,0.004693495720138479,0.004748434533213161,0.004838285578397388,0.005023548776020601,0.005186905681668844,0.005309289523618098,0.005448872579950564,0.0055902968716691264,0.005679607172927431,0.005736352282746699,0.0057065847578118166,0.005671234671014606,0.005582853986508964,0.0055391259174080495,0.005411187074791505,0.0053009139206326855,0.005122217676780434,0.004937903724436928,0.004778230593152059,0.004710722621948124,0.004732605015258882,0.004728414806798387,0.004767988297686087,0.00457336474929852,0.004511431130476339,0.004410839034136031,0.004362867943462348,0.004362867943462348,0.004355881670324525,0.004352155638027321,0.004376374599799003,0.004418290647550212,0.00439966150990179,0.00448255850856566,0.0045077056777174515,0.004666490790340472,0.0046585754140933775,0.004619463223563663,0.004536577573583255,0.004330264917898667,0.004120182791784371
2018-12-05,0.0,-0.0006132622288701622,-0.0012610028530597307,-0.0019847940381777906,-0.002669420014179901,-0.003336042694896168,-0.003963369205184786,-0.00465490051690679,-0.005441775247135067,-0.0061912927138276265,-0.00622788021179111,-0.006280679720489992,-0.006272342770618579,-0.0061459075512483915,-0.006027823157815983,-0.006067183072988896,-0.006130162159785163,-0.006136645526245378,-0.006028286206635943,-0.005933828686751747,-0.005979204224899464,-0.00604356693798133,-0.00619314521319662,-0.006328386937141991,-0.006468279470258593,-0.006545182377133767,-0.006551668434889521,-0.006515532363117333,-0.006586879196784437,-0.006650354360063084,-0.006721710813844467,-0.006788438338509749,-0.0067249544100009655,-0.0066888120759251565,-0.0066401609965914534,-0.006574833270299711,-0.006557227946449269,-0.0065039505651634955,-0.006389992826684425,-0.00626585852432656,-0.006094967475290414,-0.005960220330880854,-0.0058838253763368745,-0.005844935641231259,-0.005816232283029028,-0.005821324754203889,-0.005835676403405244,-0.005897714933982409,-0.006025507916932617,-0.006154243447097848,-0.006256132233723067,-0.006350157005845803,-0.006410837783977362,-0.00646272045318556,-0.006489589321989323,-0.006607728258612184,-0.006759707886221003,-0.006819486690760051,-0.0067916821511111855,-0.006843584583817546,-0.00689178211212797,-0.006907076044121629,-0.00699977154595338,-0.00699838104994726,-0.007093402725389857,-0.007125851219203207,-0.00721624900428732,-0.0075259813247806435,-0.007814934927475297,-0.007861323700658396,-0.007912817759020748,-0.007963386577045626,-0.007966634203205081,-0.007974521339216611,-0.007895188863962378
2018-12-12,0.0,0.0006702497250780614,0.0013793252585482948,0.0021526760556491603,0.0032055524711350437,0.004121427960991668,0.005078423831313574,0.006013310287619688,0.006846620129349607,0.0076308034699120435,0.007974483648567243,0.008093404272481208,0.008350938803739535,0.008651625122522561,0.008962082829381107,0.00932549177831144,0.009539531368003593,0.009682668248168911,0.009773702030680894,0.009903199729931774,0.00999092958396469,0.01020107461764582,0.010318323856832637,0.010269080850795063,0.01029534408911026,0.01021561426997486,0.010224994578643457,0.010195446308375829,0.010264859908873153,0.010365219703510592,0.010473540702345548,0.010565909081573559,0.0106446733453301,0.010720618724699753,0.010694835446279433,0.010677958758610231,0.01057247300717615,0.010519960395932258,0.010447751052574563,0.010316447977221031,0.010280805595987288,0.010194508253751067,0.010080058986781637,0.009842675718653889,0.009635271091191788,0.009512309577052035,0.009410925353758452,0.009294508568391908,0.009135821930037372,0.009042382219360203,0.00888506449099489,0.008824478824840415,0.008794419457587844,0.008955977933653776,0.009239581427821823,0.009469598032279198,0.009680791175763728,0.0100026575908439,0.010421960737680388,0.010808745638763233,0.011263788171534053,0.011611842618632521,0.011944325236600873,0.012227082609721399,0.012469048195158653,0.012747914614337377,0.013215169044742073,0.013563947435612267,0.013891108794978922,0.014369506396417571,0.014765973131211028,0.015168816567101633,0.015725901450636133,0.016256569704040696,0.01662432823858727
2018-12-19,0.0,0.00036330725449568174,0.0007942484738680776,0.0011581827307588191,0.0015681939660514637,0.0019323040593999983,0.0022263313969150267,0.0026171670152883033,0.003015159511689115,0.003435826652119487,0.0035084320607063533,0.0035855980683419564,0.003615732288902163,0.0036919769429673423,0.003794692584846751,0.003942584576491209,0.004061703887857806,0.004068093028509167,0.004024280958550747,0.0038722929621148707,0.003708868684481337,0.0036024916068605846,0.0035152813554457448,0.00338011326732965,0.0032019922788627236,0.002997799193720874,0.0028511381647882274,0.002740100088895483,0.0026971437809379917,0.0027487825227097357,0.0027981338723420393,0.002806358860495922,0.002882665247583156,0.0030864250273868995,0.0032558886434744757,0.0033444916077129,0.003464595463441947,0.0035883375804623527,0.0037033903130915743,0.003773693800493122,0.0038485570153918456,0.003958559254344875,0.0040525764732570425,0.004091823764970851,0.004191304185207111,0.004320887688496055,0.00439662238350832,0.004538495441117683,0.004660736465905023,0.004748302938947565,0.004909733524374548,0.00504013581562751,0.005171432829720524,0.005313196012965486,0.0054389883109055535,0.005602130112480237,0.0057251524152119515,0.00573927622958066,0.005705560987600122,0.005761144967946662,0.005738365021770262,0.005701460407664046,0.005636304492497685,0.005587093015277718,0.0055433474467879995,0.005550182818011391,0.00555337264192611,0.0056085094187399214,0.005651796493385694,0.005649518273013038,0.005699637922295187,0.005670933339606778,0.005620356593826828,0.005510537014525864,0.005405718698750824
2018-12-26,0.0,-0.0006729339563280412,-0.0014581265425996223,-0.0023003577152700414,-0.0031301224182909656,-0.004104233689475572,-0.005141063383656191,-0.006307839051859085,-0.007380037799449859,-0.008444871716009597,-0.008828622183549968,-0.00932615547493173,-0.009792196089522658,-0.010157033880529949,-0.010375052452784085,-0.01031248573863474,-0.010264615365907292,-0.010097797915467518,-0.01009827178926493,-0.010081212474025327,-0.009960857797176906,-0.009603196123775831,-0.009271703518471201,-0.008946947343119373,-0.008760000005639873,-0.008634126045057497,-0.008502117372038053,-0.008324240773458875,-0.008068835038779466,-0.007986078655318647,-0.007869758403784233,-0.007874959426872845,-0.00783571601154652,-0.007734541297385232,-0.007477868209330974,-0.007224568578616334,-0.006914647365099551,-0.006779559335677294,-0.006474025415139745,-0.006069938466747763,-0.005822185525655803,-0.005612233467083123,-0.005388647611306224,-0.0052589529900790855,-0.005217925830329258,-0.005101455595062282,-0.004975098374545532,-0.004783707024850246,-0.004684254555389325,-0.0045650188982254095,-0.00423142311427017,-0.003736888418941437,-0.0033103720904587163,-0.002680816259401776,-0.001956705649493981,-0.001091751844283238,-0.00024302989903454106,0.0005946580375749455,0.0012807952806885548,0.002020770754762707,0.0028654529459477872,0.003543957540427402,0.0042121921689112175,0.004912191240190878,0.00544934981498729,0.005784286149893806,0.005989950501268482,0.006271096581354078,0.006618806430779016,0.0067893544635295325,0.006700822230050225,0.006704550061105022,0.006835947227867912,0.006807525899849145,0.006890458006456094
2019-01-02,0.0,-0.0001357757060816411,-0.00031882686663950763,-0.0007061432690533544,-0.0012410149642520304,-0.001739414698037437,-0.002137394107626365,-0.0025470279094758235,-0.0030157149985971495,-0.0034063787384905194,-0.0034772575389931458,-0.003576680426039589,-0.003415583493667182,-0.003169845595367074,-0.0028183705004757214,-0.0025658815397774076,-0.0024380516949212582,-0.0023695453020755276,-0.002274379779507083,-0.0021884167789408835,-0.002045927546978675,-0.0019484949867784429,-0.0020404122429291856,-0.002156699677100016,-0.0022435793522522477,-0.0022587495933880223,-0.0022307078129721884,-0.0022114008146903617,-0.002252313705405621,-0.0022918491001624863,-0.002361269679714209,-0.002419660256135459,-0.002440350648552449,-0.00245000631151845,-0.0024697777218298813,-0.0025139199554708304,-0.002556224757899944,-0.002788473216043795,-0.0031316558008257955,-0.0034832410443100255,-0.003765426988304991,-0.004314375526192426,-0.005039246487819726,-0.005634097585084066,-0.0061979187386069735,-0.006827171437560456,-0.007375493422079493,-0.007796524167933652,-0.008143742139466337,-0.008553531200965546,-0.008933869475261147,-0.009157420404495416,-0.00936713160793933,-0.009771401125527152,-0.010281022793438784,-0.010704669713711085,-0.011121075360030423,-0.01173162244029797,-0.012167027264573459,-0.012475360244342624,-0.012855799537857994,-0.01309509985276224,-0.013179217060148532,-0.013021212673803805,-0.01266579405778847,-0.01233464831139031,-0.012203706477237463,-0.011660156179999501,-0.01123378509940765,-0.010818723505497415,-0.010463159704821506,-0.01019297867493746,-0.009904341012575745,-0.009856628845709488,-0.009978924785358678
2019-01-09,0.0,0.000510237960977304,0.0010026505405321246,0.0015673549591240464,0.0020971107827198777,0.002629816576005714,0.0030418457099410617,0.0035722043739518454,0.004176009563265826,0.0048747699484474145,0.004882597720877705,0.004889044075694214,0.004850365323447633,0.004794646871991679,0.004759648571247642,0.004711754174698569,0.004691951013514886,0.004598916961142482,0.004459349651817229,0.004301334105615036,0.004164029188961625,0.0040326964448240896,0.003938679256200746,0.0038446532275143003,0.0036307571746482963,0.0034430994718900178,0.0033107496466684935,0.0032037502239942155,0.0031239544089886884,0.003013705784390217,0.0029832584156630187,0.002910826858262995,0.002918208658342744,0.002858691343746534,0.0028107058132202712,0.0028143970896265646,0.0028222410067497944,0.002754412159668706,0.002607664624694767,0.002543975031137671,0.0025245904366280004,0.002565666869953111,0.0026385849211722667,0.0027424147418821615,0.002887758381796446,0.002974493092205321,0.003095355514933711,0.0032521781050878352,0.0035422350786455466,0.0037815033338456545,0.003976471541509278,0.004153431045894611,0.004270004442457008,0.004261711132025632,0.004173244874242567,0.003977854159011646,0.0033886859847098642,0.0026847328391017412,0.0018925391367907965,0.0013617507418961078,0.0008611934397045263,0.0002419675909405961,-0.00032996603222736,-0.0008420222825619676,-0.0011727295684080207,-0.001236197115549953,-0.0009397409228871918,-0.00034709206618331666,0.0002586209503397622,0.000765028168516029,0.001281807801704691,0.001912859637266848,0.002454895099841098,0.0030469200384748685,0.003495204527683047
2019-01-16,0.0,0.0005255990755779852,0.0011179451552430254,0.0016709439024867124,0.002052587055179587,0.0023442256949639745,0.00256152371868201,0.002787481916460356,0.0030138472463233238,0.003364749678434393,0.003568546388945014,0.0035048930003995955,0.0033400164650714543,0.0031957271936902823,0.003056915008872743,0.0028910481226248085,0.002857596494249118,0.0027737333835432185,0.0026687800200926215,0.002493222044370672,0.0023194672275669427,0.0021704449851482946,0.002035159412001721,0.0018512333983593996,0.0016608503999495207,0.0015566978562965629,0.0013983835681472883,0.0013630462331245786,0.001319905456042489,0.0013272486984695494,0.0013919586910230626,0.0014874097593443286,0.0016948008671388466,0.001925541745927287,0.0022089636313878157,0.0023932823290238785,0.002514308965117109,0.0025583150196239507,0.0025541895342776864,0.0026334875497833385,0.0027448608491353337,0.0028415576454075275,0.002936412241859756,0.0029698612338683364,0.0030124727127198722,0.003086694823795697,0.003120138789465147,0.0031283850748571925,0.0031668668409183306,0.0031856490699068278,0.003140296255928778,0.003034923191660584,0.0028259768030611007,0.0027022379651775045,0.0025023903254188604,0.0022250126294375847,0.0021167915409854095,0.001920954970792569,0.0017071879127665357,0.0014759377568810833,0.0012620755374887248,0.001147323734038152,0.0011702751481904663,0.0010995831051931306,0.0012056192957655947,0.001317610681725629,0.001360292622108161,0.0013726838119723958,0.0014484044140009881,0.0015103533694582898,0.001538802714941624,0.0015282490199207525,0.0014006781571163016,0.0013465244532882101,0.001184963776805232
2019-01-23,0.0,0.0003215061537500323,0.0007019589429351158,0.001025069890877712,0.0010278154289207742,0.0011138384694216062,0.0011074327533265778,0.001079521654293368,0.001062134018457638,0.0010722005813168115,0.0009275984063578336,0.0007907562069394278,0.0006534375188860434,0.0005820243483442782,0.0006278026085312772,0.0005508939343393466,0.0004529183658882485,0.0003778277878433173,0.0002583122514826633,0.00016168196917127847,0.00019007667017239212,0.0001378664369549476,5.4507607374512865e-05,-1.786448414634576e-05,-3.572928743829774e-05,2.1070519824164108e-05,0.00010763821386824422,0.00019007667017239212,0.00032516944591388344,0.000469400908815387,0.0005147265010944503,0.0006177315710952765,0.0007083672568985835,0.0008273713393368695,0.0009275984063578336,0.0010003597092749707,0.001093706080662814,0.0011993966001614307,0.001346246700098077,0.0014610583918966446,0.0015374397452788523,0.0016005528687133776,0.0016627474123511513,0.0017039034394284763,0.0016609182162783457,0.0016421687636130988,0.001591863617157379,0.0014903309772992671,0.0013398424725759744,0.0012387417324643815,0.0011339704528757026,0.0009838859156481748,0.0008804609000652011,0.0006937196217819833,0.0005618812499415019,0.0004405562804041824,0.0004057584785228803,0.00039614308290067006,0.00036409109640735913,0.0003778277878433173,0.0003201324157285344,0.00021343299727671512,-4.7181252286300216e-05,-0.0003170274942531987,-0.0007029104170313283,-0.0011045334194727666,-0.0015508175383170096,-0.0020555924905384716,-0.0025890952841100905,-0.003165157040629007,-0.0038960477300847523,-0.004602163202168614,-0.005167875223814136,-0.0057030414605055155,-0.0061541483272606196
2019-01-30,0.0,0.0009049517252703199,0.0017026210717017761,0.0025919757153382733,0.0030918610613279015,0.0035479582076231803,0.0039701543075978075,0.0041297186084890405,0.004059532169883844,0.004094626004953352,0.004019289723175027,0.0038578357195488545,0.0036944832586364267,0.00337284899802324,0.003161178755118535,0.002909645018645194,0.002421854645433463,0.0020027553371418792,0.001652433583901086,0.0012480275228076777,0.0008561324705709568,0.00041853042883212055,-1.832351576634738e-05,-0.0003505541940516921,-0.0005380994504703532,-0.0006401125162228815,-0.0004276362074720621,-0.00034021437592892295,-0.0003303446492709695,-0.0002556198795965036,-0.00023118280178101004,-0.000221314151170918,-0.0001865396823945186,-0.0001649237301967025,-0.0001536460275775006,-0.00016304410426122698,-0.0002692485093060915,-0.00034068436534253607,-0.0003698241403854914,-0.00042011574947613874,-0.0004060150431715616,-0.00026783864244693827,-0.00014753732509636595,8.174697998806585e-05,0.0003255388036474139,0.0006645877604924388,0.0009908490507947367,0.0012855662933234846,0.0014605722113629773,0.001662283663346811,0.0018086162729386045,0.0018433202247843778,0.0018494167406023355,0.001856920093663044,0.0017828220149736288,0.0015862948233502606,0.0014399296748824919,0.001505608993755179,0.0015473600323184303,0.0015501746463573054,0.001725134266545505,0.0019075662542727626,0.002273267941420079,0.002536209186815928,0.0026510192383980393,0.002577917219812662,0.0022090454032718636,0.0016927713895768931,0.0013174731403479134,0.0010908186141353937,0.0008509687561798158,0.0006312514769731018,0.0003898824154642762,0.0001832166937142772,-9.397030169497377e-05
2019-02-06,0.0,0.0006665864329445428,0.0013194924815020216,0.001943692004690766,0.002478605618410488,0.003004120086595753,0.003688743218751554,0.004395649558978121,0.0051516181990857455,0.005792061267567102,0.006016959910786055,0.005855674094479126,0.005659370062527303,0.005541660044882568,0.005374388001514688,0.0052593722390003265,0.005084322866673682,0.004823738086579111,0.004624046902190401,0.004467541201014246,0.004413850463290726,0.004473456106006092,0.004550801643593705,0.004608124476249209,0.004811912384689475,0.004999742580378105,0.005152072881875143,0.0053384754091238395,0.005441209266247932,0.005572565946867073,0.005684364614852218,0.005765706196600154,0.005899291980000053,0.0060787413888096845,0.006201384483929878,0.006291313195048634,0.006417563091900223,0.006652763194692682,0.006897439722423758,0.007172459113931864,0.007388881587777578,0.007615689257208005,0.00776444715174167,0.007881442387720329,0.007982101751982542,0.008139418392848891,0.008336595944166091,0.008405485601544502,0.008473917338760668,0.008452617896012152,0.00848660615284609,0.00853192203171905,0.008564095059169783,0.008709993544893572,0.008931066210295033,0.009135333772523832,0.009225451870314039,0.00937759264066618,0.009560945845322442,0.009754222576786169,0.009864197108515342,0.010005833726659691,0.010128901016117726,0.010201738857625384,0.010190428981728535,0.010124376751582119,0.010076870738103528,0.010071893787042752,0.010113970865469892,0.010219382008611146,0.010295832066064952,0.010365039207817412,0.010509770688207068,0.010669855488271202,0.010820872456716256
2019-02-13,0.0,0.00035654644787205646,0.0006991356091290545,0.0009273095616425253,0.0012388327419929747,0.001442468516618675,0.0017478444480450465,0.001970714611441818,0.0021424381057327316,0.0023712034894186316,0.0020218203955918563,0.0017506076053946092,0.0016253367992236198,0.0015792774102392942,0.0015861864538319489,0.0016073738898673444,0.001573289533846519,0.001581580430074133,0.0017077778084678853,0.0017400154607590476,0.0019168435249387193,0.002163613759623838,0.002276389580055021,0.0023159731790101147,0.0023458899757980473,0.0023463502272194742,0.0023099897122494826,0.0022667235794984813,0.0021723600945065557,0.0021594707321893405,0.002075685827325998,0.001962426940871042,0.0018956626448263807,0.00181461861346771,0.0017400154607590476,0.0017086988986702361,0.0016999485074933839,0.0017004090563062597,0.001727120524554439,0.00178376489806785,0.0018321173125780085,0.0018740208474235735,0.0018993463083770824,0.0018984253937615353,0.0018998067653669354,0.0019200666630182545,0.0019108576695150382,0.0019034904136521512,0.0019329591114509875,0.0019246711279678615,0.0019103972176138459,0.0017165281311363025,0.0015488770513284445,0.0013899510407255366,0.0012429795854043114,0.0010388423261205623,0.0008650854649951905,0.0008263662951292174,0.000805623265996444,0.0007507674043687865,0.0005682001767075415,0.0005677391061617905,0.0005972471925320756,0.0006834611438008733,0.0005506793465148469,0.0005363858103053564,0.00046722065217989864,0.0002712267213693429,-9.688029309572692e-06,-0.00030037256112566376,-0.0006779271748693638,-0.0011932561448520938,-0.0017883388756761561,-0.002423083562509003,-0.002894432909323015
2019-02-20,0.0,0.0005325599803227328,0.0009533219044705862,0.001674888157823658,0.0024255357264513487,0.0031746812307427872,0.003915290244173562,0.004695668279368555,0.005358323733572019,0.0059784038580485074,0.006066888474774768,0.0060898276529494436,0.006100594840833917,0.0059297105705021814,0.005776123900024903,0.005685271900211564,0.005574739781619842,0.00553586329338899,0.005635627629501452,0.005742406595270739,0.005844491611573547,0.005899276061699936,0.0059460979992846195,0.005983553970964852,0.005895530211984441,0.005811713155070727,0.005825761196563165,0.0057606702764658665,0.005681993580977805,0.005600500477403705,0.005506822038879897,0.005254783476582623,0.0050209585710095095,0.004854108181054806,0.004803016398875634,0.004668009036550451,0.004555488976214794,0.00442701309386823,0.004272257452716352,0.004177985461066153,0.004173764119228088,0.004369803192600599,0.004542360811095893,0.004717232582010283,0.004882699690643966,0.004961907964153608,0.005042984491769998,0.005208397712412098,0.005388306240655292,0.005521811178779801,0.00555225717753386,0.005442178799275364,0.005406107928911711,0.005355512827443915,0.005328808825144772,0.005530710874293197,0.005659513388134103,0.0057653532179151755,0.005663728462786721,0.0053784683296091325,0.005272587541907196,0.0052219856843397,0.005084691821136213,0.0050795370768852155,0.00507297645486339,0.004950659834155128,0.004868169681370382,0.004768328747113779,0.005023770417694446,0.005658108359301771,0.006367864824659041,0.007074779494505975,0.00787466041988365,0.008575841314736082,0.009211197531217255
2019-02-27,0.0,0.00018990533368425347,0.0007377552438873084,0.0013179921165354582,0.0019061743650504144,0.0026071228358645272,0.0033011479056165,0.00406861064774492,0.004847412410936125,0.005676946816428669,0.005902439188225496,0.006030287273714032,0.006107263183499718,0.006179651787549279,0.006237375653085156,0.006343194086617656,0.0064696118204456525,0.006632648777987786,0.006764982268650566,0.006885395106269635,0.007064385113291534,0.007219544897285381,0.007322056148442506,0.007456128665401807,0.007254784325174507,0.006915152698635548,0.006313877546773393,0.005725532803781102,0.00492172713290025,0.004142065119777861,0.0034426515102893543,0.0026475825501786647,0.0017699751421877156,0.0004544220737441999,-0.0006045262181194295,-0.001740788232583821,-0.0023103278562716825,-0.002980518053595486,-0.0033976492973629134,-0.004033855071001096,-0.004777919432862016,-0.005281066894868012,-0.005709358629266244,-0.005733930709959403,-0.005736248861947068,-0.005370974406052475,-0.005465525044942072,-0.00554478761569137,-0.005649090044618641,-0.005710749485637304,-0.005721876406248341,-0.005574454755025688,-0.005313506817293141,-0.004983132256187323,-0.004680191785841461,-0.004493100093231915,-0.004243081687797002,-0.003855676650990847,-0.0034004245889420696,-0.002930122622832163,-0.0026846545924236994,-0.0026333496796897508,-0.0026097780347137567,-0.0026555352648839976,-0.0028737197397978808,-0.0031321820109469663,-0.003331969644756988,-0.0035877745793939145,-0.0039959027206352676,-0.004099580840895841,-0.004011176054297629,-0.004041260575605344,-0.004120410331381753,-0.004222249641999013,-0.004156978708580714
2019-03-06,0.0,0.0006009996975722668,0.0013007250418793316,0.0017460391183454378,0.002285603065674451,0.0027259403257294205,0.0030998477625850487,0.003486313834585671,0.003951961239103291,0.004422828970002267,0.004533375969352597,0.004455903738691293,0.0041631766896189195,0.0038884972379033033,0.003727552605909559,0.0035729306913231647,0.003536652292702173,0.0034541140325436725,0.0033071609280083108,0.0032676976199210324,0.0032214283098473033,0.0032350371526919837,0.0034010501247643456,0.0036953605708963826,0.003808708207311326,0.003990037706627209,0.004098819625728956,0.004230248658319641,0.004366191551638422,0.0044078770031951535,0.0044282659934130894,0.00445273223294883,0.004498038503344389,0.004549685147886937,0.004616731198582557,0.004659312166980021,0.004741298074055949,0.00478387373871848,0.004840487506250789,0.0048803416762249145,0.0049645736729307865,0.005068721708136435,0.005145693719792596,0.00516108741118654,0.005108566783245019,0.005009856760158266,0.00494645986386809,0.0049591395646635195,0.0048934750888269,0.004792479237949582,0.004608577189278617,0.00439337791278634,0.004237499412511257,0.004170427930147442,0.004121934259128651,0.0040154212128794275,0.0039066302206662165,0.003723925386164272,0.0036200906420136526,0.003625532031671925,0.0037130436479880687,0.003841349943854626,0.003987318007027038,0.004118761694021277,0.004216653352506559,0.004445936115344223,0.004642098802341886,0.004832335321261191,0.004990838113280124,0.005244390335982408,0.005415954387170658,0.005535895937307672,0.005563050517472501,0.005638174347375154,0.0057332024327708
2019-03-13,0.0,-6.725381015283932e-05,-0.00012256460929066984,-0.0001345121436848749,-8.052812294184702e-05,2.8316040640689407e-05,0.00033531662962663176,0.0007076605877611592,0.0009919106811281419,0.0012230529736612344,0.0014810913795142403,0.001547799381605751,0.00150583129016022,0.001385218444215887,0.0012062604959838053,0.000994120707442924,0.0006506240093922001,0.00035168145012811903,0.0002021766513205682,0.00013316689702991133,2.123710564873958e-05,4.468588588206995e-05,0.0001588249259372731,0.00019952251806096207,0.0003251437683876994,0.0004909927263629716,0.0006223255848166973,0.0007368408350350675,0.0008509009050270275,0.0009132305621834116,0.0010564414386752612,0.0011563233041450617,0.0011704650629027875,0.0011545555702385127,0.001140413586489199,0.0011466007289883846,0.0011580910349267331,0.0010723524923497516,0.000934006251268435,0.0008672572903281123,0.0007651360192407849,0.0007324196401806283,0.0007010285946285717,0.0007089869811099593,0.0006462024333390998,0.0005679373015429783,0.0005683794946349932,0.000652392634339361,0.0007204823164356371,0.0007832622008969913,0.000899969258358362,0.0010599772502589335,0.0012734287148359732,0.001569887143352124,0.001834018970520034,0.0022084542311533294,0.0024896300422634745,0.00269351029906449,0.0028982313254671288,0.003083503020319995,0.00323301871544632,0.0032872622464223656,0.0032144958602270623,0.0031792132820548874,0.0031421652351441122,0.00296352145851912,0.0029864602230470667,0.0030266017948772654,0.003134226189373275,0.003148340004946502,0.003134667249125183,0.003163335715732432,0.0033714882393633505,0.0034905390605356164,0.003588414674816192
2019-03-20,0.0,0.00026723491843511966,0.00043855740046252085,0.0005387349229220723,0.0005521778959874462,0.0005335311428961014,0.0005860013514296462,0.0006232925532252132,0.0006740236996236445,0.0006193900507457146,0.0005604170482222899,0.0006046471261567571,0.0007967217297370539,0.0010342708825045919,0.0012570303093131494,0.0014182182474314065,0.0014719417869764589,0.0014468133938837595,0.001412585773707521,0.0014754077226773145,0.0016006065951845606,0.0016534540095503594,0.0016642830529583028,0.0017002346361420727,0.0016547535009512314,0.0015473231778594,0.0014788736463655016,0.0014550451784070791,0.0014732415142719364,0.0014403145687631519,0.0014273167918161587,0.0013909221175659884,0.0013137956921511994,0.0011655922683808384,0.0010125990290400474,0.0008478775921233131,0.0007360249392345315,0.0005088128179647275,0.00020737356252312146,-1.4318171908085793e-05,-0.00016011486648659536,-0.00033197397889274415,-0.0004365794633103847,-0.0004786851742618212,-0.0004595854568069182,-0.0004048928293593468,-0.00038709666703618477,-0.00029204448049312796,-0.0001939635680015283,-0.00010240113309734277,-0.00011281539508193571,-9.242090046672721e-05,-0.00015490747563682395,-0.00023562508123201875,-0.0002464747184961418,-0.0002443047816261265,-0.00019960512964657472,-0.000128003054891803,-2.9070442239307916e-05,0.00011974395632728969,0.00028892293116780144,0.00045763960704275783,0.0005864349780463172,0.0007195494603830852,0.000755101470376056,0.0007130459071669098,0.0006961364708554241,0.0006336991520496964,0.0006163547605099045,0.0005257254220832774,0.0003904165794441183,0.00022559261540167734,0.00015444966923820275,2.993733335386873e-05,-7.419638484773722e-05
2019-03-27,0.0,0.0005500267754534623,0.0010123547725597653,0.0014879424409369206,0.0017108777964741663,0.0019368044442665169,0.0022052432138227698,0.0025335266591269895,0.002836528682182236,0.003034428857813476,0.0028400009526304624,0.0027692510623608772,0.0027766301190787195,0.0028373967509244943,0.0030622011872019866,0.0032322898767141975,0.003345521661647938,0.0035003811594969563,0.0035949334307086643,0.0038464509935976984,0.004057156663270332,0.004147755122508127,0.004209305373973622,0.004283854126508268,0.004319392854624386,0.004431634933604089,0.004390899882603878,0.0041525232351050335,0.003956578425021501,0.0037376123645362393,0.003520333300384039,0.0033489921651876603,0.003100386880762987,0.0028117884062486675,0.002594742204508128,0.002351160272393822,0.0022278270083877804,0.0024653602592743296,0.002574771587363502,0.002672016052645235,0.0028078819909381496,0.0030209763584800116,0.003292161153487109,0.0035541642816723324,0.0036925124095851178,0.0038403806250179792,0.003932732962692639,0.0038325758112690406,0.0038720328563185773,0.0038841731723572455,0.0039032505140691224,0.003707256849413743,0.0033602712185107674,0.002923765823385361,0.002141832141099139,0.001362763963647961,0.0007292422991294001,1.6540026647225036e-05,-0.0008918253136151398,-0.0016479739600839833,-0.002414293784969868,-0.002917933399145671,-0.003285130438974206,-0.003358498683396762,-0.003008737715905604,-0.0026333502112028543,-0.002417348026777212,-0.002213170679719014,-0.0018786368159497424,-0.0017661329730398855,-0.0016375103661968272,-0.0017151179595720405,-0.001869042971360296,-0.0023252885493090045,-0.0027149631802907796
2019-04-03,0.0,0.00058004357288175,0.0009789216855000426,0.001471860223147595,0.0019300410062813,0.0022781180545406667,0.002600098595387676,0.0028083085842156405,0.0030190291535577315,0.003200341009168484,0.003162038426420533,0.0031501217681237973,0.003142886584874567,0.003087982606173791,0.0030092390803940013,0.0029475168470255186,0.0029594359199262977,0.0029824223021983564,0.002977314262910697,0.0030458449501066928,0.002996469275703696,0.002925806742056465,0.0029028190583454787,0.0028193778402937335,0.0028095858123241145,0.0028104372968235543,0.002749554327708356,0.002583065185204885,0.002408881913726167,0.0021980327210192577,0.0020280431266144483,0.0018972294547373182,0.0018499277909245157,0.001817539775680544,0.0017770532814368018,0.0017629891682587738,0.001717812193846769,0.0017259101035418578,0.001754465367035594,0.0018277676832936787,0.0019257798266504751,0.0019905477975480277,0.002025486671565441,0.002076188476155786,0.0020851355865906954,0.0020983430794998138,0.002140094651686868,0.002288341252510459,0.0024621196292956,0.002500023155456624,0.002543887240679281,0.0026196866584226736,0.0026043569025997883,0.0025604954698015096,0.0025656056386545115,0.0025677348679691743,0.0025132251699138386,0.002397382194936722,0.0020118521342597515,0.0017830198151490967,0.001509375005255094,0.001256975718477991,0.0010100573459210784,0.000568096105893991,0.00010288731265495656,-0.0003236731032425119,-0.0006927370093085802,-0.0011636620951992643,-0.0014026281385778252,-0.0019025467892621396,-0.0023162698210745436,-0.002939102367963133,-0.0035306172522148035,-0.003908581836033707,-0.004299552644669074
2019-04-10,0.0,0.00013761258478085344,0.0004363510491938922,0.0007122940884178141,0.0007782691875542599,0.0008236780904488234,0.0008613744811523126,0.0007551355574240499,0.0006467430883238165,0.0005730466371172357,0.0006073247318755614,0.0006296048633977786,0.0005529077085035727,0.000561477514932853,0.0006026115635190815,0.0006013261501116271,0.0005126286345051808,0.00045734939182537224,0.0003527818470959922,0.0002692056606030904,0.00026106196640468624,9.088644730708208e-05,-8.01755630886241e-05,-0.00024440547418405666,-0.0003704905998229812,-0.0005759490613701736,-0.0007106566410202311,-0.0007651454342550282,-0.0008732737208487823,-0.0009625312740066021,-0.0009985798520442829,-0.0009629604161022992,-0.0009050278988859717,-0.0008900089052226596,-0.0009663935594968697,-0.0009522319189608083,-0.0009741181752294407,-0.0009878509727550193,-0.000890867127355409,-0.0008089102370629184,-0.0007466961403153331,-0.0006681831842430358,-0.000573804182985917,-0.0005206126707943446,-0.0003833573228745938,-0.0001912314798568628,-5.573634139525665e-05,3.687002630188846e-05,0.00011060600095995716,0.00017919272439743502,-4.201633835947798e-05,-0.00042195848537495984,-0.0008938709106204503,-0.0012007334538459847,-0.0015712398604821969,-0.0020810715261440796,-0.0025094967049318863,-0.0028886578090931026,-0.0033213005836544513,-0.0037833942807271466,-0.004098032740707651,-0.004324926546123985,-0.004464877236341557,-0.0045764211965133375,-0.004753452790654164,-0.004842195746740156,-0.004932239124875329,-0.005011949358828353,-0.005009364062357294,-0.005237757701940845,-0.005345939686556561,-0.005388181247948895,-0.0054722386423873125,-0.005698150958328345,-0.0058417438997532415
2019-04-24,0.0,0.00020587432459515456,0.0002835517355252132,0.0003918584974897064,0.0006123192873173862,0.0008396320609663077,0.000996607303619184,0.0011889115139493537,0.0014113518665810837,0.0015393619627437512,0.0014212656917335978,0.0012936715650285141,0.0013936791518941876,0.001480746578774834,0.0015234154705517074,0.0015871999136338587,0.0016367593411075441,0.0016901945806263512,0.001704414768165098,0.0016755432668128262,0.001579011597886253,0.0014798845621990515,0.001225988342315426,0.0010720674000325105,0.000990139030391599,0.0009090664574573646,0.0008655087971349982,0.0008344566333789866,0.0008374756360599767,0.0009327851775876389,0.0011095797289813205,0.0012531484023709733,0.0014057483567148092,0.0015277253583824589,0.0015992667830526217,0.0016527040259794986,0.0016031453887283263,0.0015854760632587675,0.0015505674537794507,0.0015247084388511232,0.0015522913643327598,0.0015682373960659085,0.00163934498295217,0.0016384831030802805,0.0016764051147439122,0.001765171473558891,0.0018922746269869593,0.001937941645498596,0.0019082152383011225,0.0019017528589347131,0.0018491906222186851,0.0017225128962159327,0.001635466517678148,0.0015716851532783383,0.0015126406697075876,0.0014721263795792246,0.0016798524990411217,0.001942249747142337,0.0022816698158984465,0.002795318877446966,0.003222226087559379,0.003724211348681315,0.004228093877327733,0.004886799525257905,0.005509013083951394,0.00616215686574244,0.006628365838308503,0.007074213376127434,0.007584122113513659,0.008142152704044536,0.008832514692133928,0.009522827965221211,0.010174210809014213,0.010633001463713153,0.011074506156427983
2019-05-08,0.0,-0.0008850695444297338,-0.0017312932565426973,-0.0025045771440516122,-0.0031964649724761742,-0.0036859147656592645,-0.004178660093730184,-0.004747648660970147,-0.005336191492700616,-0.0059172092781779465,-0.0060208574081764,-0.006181817570883731,-0.006362491221610602,-0.006455684339475745,-0.006592645855035529,-0.00672043517438549,-0.006900330691029665,-0.007009772019423937,-0.007072377844631813,-0.0071205388389644075,-0.0071393660400671,-0.007199790614672411,-0.0071402417324662034,-0.007127982108661391,-0.0071927846797697785,-0.007297878857386448,-0.00741831284908455,-0.007488828209089242,-0.007623302957277663,-0.007820010321974043,-0.008015441697920192,-0.008168833878638253,-0.008322687956458415,-0.008345921541000396,-0.008324879780996674,-0.008300769975296522,-0.0082205542607319,-0.008226252432517336,-0.008157438221873656,-0.008025082799162007,-0.007861634880294162,-0.007732823441660446,-0.007811685618218443,-0.007938316234033758,-0.008011497637839139,-0.008078548774874033,-0.008204336564902368,-0.008269647267443066,-0.008397212685990071,-0.00847875787083595,-0.008497172219998739,-0.008420886409473192,-0.008197323588704819,-0.007976440009668033,-0.00760621884320353,-0.00740692574174242,-0.007169140011838348,-0.007121852353120472,-0.006991822820472148,-0.006931410810546191,-0.007075004748151876,-0.007218181427323658,-0.007233069475767849,-0.007386779638698871,-0.007770939383789197,-0.008059265634386033,-0.00844499911136631,-0.008647130258337623,-0.008972116506297713,-0.009306861871521967,-0.009686931482378347,-0.010121599179187346,-0.010636859211307336,-0.011086885631585545,-0.01143069458974454
2019-05-15,0.0,0.00025024345434494495,0.0004251985641148306,0.0005711936477227818,0.0010508688660769239,0.0014547211239093593,0.0015676638238402718,0.0015663299293821125,0.0016717021100234866,0.001795733614184508,0.001891302953035192,0.002045083738384848,0.002273044682063724,0.0026866188953210686,0.002998796326540053,0.0032496222220550564,0.003487071950957787,0.003846468009722542,0.004000391995974587,0.004180457423189505,0.00429974400090813,0.004309055737221228,0.0042287945913547665,0.004120143551557227,0.004036318968419058,0.0040194645000995,0.004069583532812594,0.00408599364365873,0.004140987727373855,0.004130343947199516,0.003987972495406889,0.0038713103716289227,0.0038273922058042428,0.0037710499161762775,0.0037457613997125263,0.0036366141502034957,0.003396537022609515,0.003180373925602,0.003075604566814633,0.0029615000242864636,0.0028829068334801727,0.0027665598101451424,0.002620884910960684,0.0024543098601865283,0.0022219468450241134,0.002112188750421109,0.0017695060123883242,0.0014191459783033972,0.0009227406807707535,0.0005476044224785037,0.0001732178878295008,9.663167375579412e-05,-0.00010376698664847438,-0.00021378065829656513,-0.0002462971375843457,-0.00018037441769589376,0.00017366313936667617,0.000658869475085794,0.0012092268542117613,0.0015396516665622684,0.00198686315926014,0.002164625294438096,0.0021339635813392046,0.00209974577701246,0.0021064116748788263,0.002025529112759516,0.0017930664318625887,0.0014471615113618049,0.0009249652684711225,0.0001732178878295008,-0.000787651378481116,-0.0017347233295290886,-0.0024237420763201564,-0.003198562549889477,-0.004037474337932184
2019-05-22,0.0,0.0003424846225000692,0.000706192707232229,0.001032222242250583,0.0012630244387543525,0.001402930335205788,0.0015040086963978485,0.0014634932805964239,0.0015368463027100212,0.0015483605326992787,0.0014536840383711789,0.001315491443738758,0.0013082400704032156,0.0014596548929240087,0.0016937695833255607,0.001958095517498148,0.0022082881180891176,0.002516360971445859,0.002781747366860312,0.0029865962382992373,0.003210987482191698,0.0032846381477524274,0.0031722442034538873,0.0030181077250903744,0.0027689695396273914,0.0024895202233541826,0.00230800673269661,0.002131148522445492,0.0019623582665279676,0.0018140039125032691,0.0016767138977909952,0.0015504927829630955,0.001466478683044702,0.0014673316535358974,0.0015419637546283025,0.0015871667759037081,0.0016131789090727338,0.0015824759913549756,0.0015052881038445367,0.0014225497191577854,0.0012446816656466564,0.0011235255977124633,0.0010488622600003108,0.000903359396942869,0.0007783209623977466,0.000698083288120584,0.0006818642526063706,0.0006297908341967668,0.0006647912994502383,0.0008171570988730136,0.001097500724331667,0.0013304205762134868,0.0015078469138274952,0.0017466403599115253,0.002033543489869524,0.002403028467392092,0.0027080596523792006,0.003171818444799796,0.0036196163677236484,0.003973626385819503,0.004074445252049921,0.004203750775234826,0.004243304717353969,0.004270523725750079,0.004079549734423668,0.0037396193807093677,0.0035306686721018753,0.0030760181385487456,0.0027140230219557054,0.0024064371510989346,0.0022777512808004135,0.002173341635214631,0.0021307223203052158,0.002181012918999864,0.002455009631474969
2019-05-29,0.0,0.00020217332194751345,0.0005845969362341853,0.0007518612903895938,0.0006093320244882918,0.00040220917809815807,0.0001866552413910873,1.5520977335138977e-05,-0.00029200706394674926,-0.0006332095310494634,-0.0007734174756123132,-0.0008825749937977903,-0.001144181692925289,-0.0012567398200766823,-0.001361329435095482,-0.0013680504269794557,-0.0013319256267120148,-0.0012214590438961535,-0.0011672802753662848,-0.0010643906949032382,-0.0010018222081100122,-0.0009358985749465445,-0.0007255598595674411,-0.0005471634913283084,-0.0003050151094231395,-0.00025172515773445723,-0.00018627052071156668,-0.00015522302433308892,-8.432086990576929e-05,-5.033882222270523e-06,-1.7199202209181822e-05,1.0067688425268149e-05,-0.0001111707985243049,-0.00024123534428733366,-0.0004044693073849122,-0.0005014151971756031,-0.0005916546655038866,-0.0007700589716915392,-0.00094723545084378,-0.001082868043773682,-0.0011836595934956447,-0.0013621695566105843,-0.0015671803056894022,-0.0017218063777179257,-0.0019373983876959761,-0.0020845151309815653,-0.0022287105408147164,-0.0024015201842750938,-0.0025777242652221966,-0.0028355680490718717,-0.002988286661539313,-0.0029638837749289748,-0.0028692230399839347,-0.0028805818550661283,-0.0028675402635375672,-0.0028881544701341573,-0.002879740456931639,-0.0027943422287457706,-0.0027320860479068012,-0.0025903415003656867,-0.0025323035367921637,-0.002735030509679247,-0.0029028791635927545,-0.0029950185971265733,-0.0031536529450775868,-0.003393124862247663,-0.003646968778229095,-0.004064288434082374,-0.0043195667140675485,-0.004566481960189436,-0.004857718052932361,-0.004919685154323131,-0.004999362784575424,-0.005071035918016438,-0.0051119340666640105
2019-06-12,0.0,-0.00041969805765821043,-0.0008772190796127067,-0.001320302251144788,-0.0016618487485279357,-0.0020156565299186595,-0.002335656800712375,-0.002666654855035724,-0.003031717715076102,-0.0034396895660651263,-0.003609552202125181,-0.0037215515008833418,-0.003917475567718905,-0.004105884159792106,-0.004257392094208139,-0.004484487136137937,-0.004790580345798851,-0.005086265486960927,-0.00533413715288579,-0.005486251543200265,-0.005540043384755929,-0.005728337620272282,-0.005924655298216797,-0.00606382457558304,-0.006188294474843275,-0.006233713025721747,-0.006276610217980925,-0.006314041624407301,-0.006422979195085196,-0.006543286981247444,-0.006650566620032401,-0.006700213642336274,-0.00665898119609771,-0.006589563060981733,-0.006573155842225798,-0.006600080650493345,-0.00658493535664085,-0.006604708424922976,-0.006576521403614089,-0.006540762893032137,-0.0065113156679262795,-0.0064334950326728,-0.0063178269008175875,-0.006295956612654622,-0.006258105321122077,-0.006161380751408021,-0.00603060718774918,-0.005929700371744426,-0.00593642717604159,-0.0060827463657279245,-0.006209321325291091,-0.0063110975304385385,-0.0063716634941520306,-0.006425923618463006,-0.006490703126287613,-0.0065319286344504655,-0.006621116161381453,-0.006657298275220276,-0.006529825251053125,-0.006234974681582034,-0.005952403517602655,-0.00579307195311513,-0.0057077412113186515,-0.005620736572907739,-0.005591736708868745,-0.005636707871643541,-0.005672013752976596,-0.0057733149267066575,-0.005833848326869591,-0.0058552881181560355,-0.005940631451705925,-0.005890601717637084,-0.005815771997255133,-0.005650157584219408,-0.0054106116612801635
2019-06-19,0.0,0.0009584932980913549,0.0021405946804942916,0.0034636756812396817,0.004427798914027689,0.005190173976892605,0.005858848677540895,0.006504979460732773,0.007134979950990408,0.0077959899192889155,0.007924574997698022,0.007973373587046818,0.007888080583249135,0.0077212926448132334,0.007676726272425865,0.007706012969455051,0.007793443513158976,0.007812541401081759,0.007887231860089326,0.007918634137266265,0.007917361091153348,0.00786728665846942,0.007760764058920107,0.007619423732188593,0.007334984750073781,0.006969765353204064,0.006677918643297316,0.006370686641839316,0.005955794913700373,0.005404181515625018,0.0048526893238149075,0.004358385831422432,0.0040248803471068005,0.0036584498109922784,0.003302116494063843,0.0030714551152423233,0.0027793213790324196,0.002474302406833916,0.0021798601934710977,0.002082974016940145,0.001982236584703259,0.0018161684105612765,0.0016393971751361605,0.0015360526560191188,0.0016005374725361135,0.0016487916018499873,0.0016803903894840357,0.0017008863665088358,0.001798663474489081,0.0017939669760915964,0.0017354723751907115,0.0018545928054459625,0.0018247072925742236,0.0018639852107472123,0.001725224793619836,0.0015975482020954572,0.0013297587257319068,0.0010935148568809892,0.0006935245949003569,0.00042891320339643186,0.0002660077217798931,-8.554806587457495e-05,-0.0003336788508943775,-0.0008078654350781697,-0.0012497289244342567,-0.0017500581326357007,-0.0022887915564158675,-0.0026536836268063984,-0.002764764168247427,-0.002826957504187154,-0.002739887916874146,-0.0025413289908586003,-0.002254924662309189,-0.0017753382545985436,-0.0012814204375353928
2019-06-26,0.0,0.00011150462787549986,0.000224692426690704,0.0003972049877920186,0.0005590938840506134,0.0007277355941212522,0.001027661123336438,0.0013677220623144592,0.0016268191443070993,0.0020254942953666357,0.002275960430227606,0.002424433536881584,0.0025678097162533816,0.0026545021524771494,0.002672685466073569,0.0025538536461556433,0.002415128177713554,0.0023136095434579283,0.0022907664303807814,0.002142273474956365,0.0019979899681936662,0.0019184347326977023,0.0018134798462743833,0.0017597285223176179,0.0017055510360128236,0.0017597285223176179,0.001743221630372462,0.0017119001120212821,0.0016484075378797186,0.0016725351909439657,0.0018033223371664926,0.0018507231636426273,0.0018947362050524862,0.0019290142512154598,0.0019002376990253445,0.0018943130119546587,0.0019154724474555846,0.002086424264425309,0.002310648428606784,0.0025014109144525375,0.0026502734275096495,0.0027822012226040925,0.0028587282809813095,0.0029111522778243657,0.002959346108346968,0.0029466637465527345,0.002986824007134984,0.0028561915662636515,0.0027166623460819508,0.0025322847910741355,0.0024316239823866355,0.002380443803401272,0.0023935563302424708,0.002387634565218146,0.0024366995598498497,0.0024663065816224183,0.002459539339641533,0.00250310265840347,0.0025593515152028184,0.002720467946699669,0.002865915604403115,0.0029014286795602294,0.0029001603771638632,0.0028895911279717312,0.002927217146071722,0.0032188764528740476,0.003593681686365214,0.003911332156936855,0.004262657696596631,0.004480062996865226,0.004544642261920921,0.004721475242787628,0.0048472228716820945,0.004982658166622191,0.00503708026825269
2019-07-03,0.0,0.00015246511550007647,0.0003691523879023222,0.0006307103216415415,0.0007192802469208343,0.0008095211545286321,0.0008149773204263002,0.0007889553385654611,0.0006756259086801488,0.000676045671006419,0.0007700679921426099,0.0007050088460104478,0.0005358352544021621,0.0004019033558432669,0.00027971158809914716,0.0002305787305328333,0.00021798017306747953,0.00025241585414774876,0.0003468979130197935,0.00038174904097178523,0.0004401114628104087,0.0005547270253362484,0.0006823420847580677,0.0007566367732046922,0.0008565271457026831,0.0008833867200724396,0.000916120850946373,0.0009622825478249631,0.00092871061597096,0.0009240943871990703,0.0009555682516194369,0.0009203174568994283,0.0008749931805795787,0.0007893750533230117,0.0006957743015945789,0.0006311301028221024,0.0006088814574174994,0.00056480249057091,0.0006437234563024081,0.0007285145742735604,0.0007528592103749379,0.000835542601238647,0.000911504564056526,0.00107054435014568,0.001212357970364832,0.0013872896708889359,0.0015479313992864552,0.0016305490797266465,0.001703934695801376,0.001774799122329336,0.0018590751275539507,0.0019282516150385702,0.002006645849622774,0.002031797777750206,0.002105992280139033,0.002149584222678505,0.002144973626312329,0.0022422107916071137,0.002326866486052346,0.0023310571758483533,0.002411934048815479,0.002515430142768202,0.0025698974690894793,0.00263734904590046,0.0026800799888489287,0.002662904044972795,0.002543083156110308,0.0023440482026110127,0.002114375493592622,0.001970593649386607,0.001818824787202663,0.0016230005394675983,0.001473695478755292,0.001324368122712763,0.0011200555321301971
2019-07-10,0.0,0.00018345162553239986,0.0002851143299647724,0.0003175576984458229,0.0005359823128701275,0.0006804191176947921,0.0009069785414389155,0.001178436353677744,0.001358214975804281,0.0015444419169859292,0.0014541413044574926,0.001360807700273587,0.0013439548710612802,0.001427351994600382,0.0011823261370965622,0.0007543592284008906,0.00018301899619525255,-0.0003215541957961864,-0.0007787459467732253,-0.0012868376316492334,-0.0015906030906527862,-0.0017596423757849859,-0.0019555903288208778,-0.0021875695046353364,-0.0022886165121795404,-0.0022370075373239887,-0.002156780386027803,-0.002133363944562542,-0.002128593995932891,-0.0020037161635803585,-0.002050543523254215,-0.0021641523421959356,-0.0021962426669223465,-0.0023961799107140463,-0.0026443138105916556,-0.0029007546089941157,-0.0030786963443955213,-0.0032249794832674133,-0.0033378535033912254,-0.003533242497446876,-0.0037721031247101243,-0.004057942273065793,-0.004322568351228617,-0.004564660427807292,-0.00476376748981002,-0.004942041071528805,-0.0050224919968340906,-0.005130349878522798,-0.0051734092981362625,-0.0050224919968340906,-0.004801158826676504,-0.0044955473764320365,-0.004268681501432163,-0.003995815265892728,-0.003773406157323007,-0.0035097938023221707,-0.003425122536290741,-0.0033708498542582657,-0.0033443658548253947,-0.003496766987057126,-0.003683066584706812,-0.0038980707954910606,-0.004209583133920437,-0.004479899801545083,-0.004691597467640764,-0.004848986993127516,-0.004899861280817018,-0.0049289955853973,-0.005000747865248152,-0.004989875976755334,-0.004963783926610088,-0.004996399095667126,-0.004930300126352098,-0.004836812333724385,-0.004738985629956346
2019-07-17,0.0,0.0001230331575911672,0.00022676364017234937,0.0003424832987141375,0.00045261883195536626,0.0005108957630914252,0.0006180136159694206,0.0007114110194180698,0.0008480639774498868,0.0010797744320759008,0.0012150924875220608,0.0012913078876940452,0.0014869579076797108,0.0016744377637753758,0.0019145147436216744,0.00212972193485407,0.0022593373174295537,0.002398772732540078,0.002492003973455715,0.0025664116626264986,0.0026172964920952837,0.00268015064802634,0.0027703629741268445,0.002827222486471495,0.0028323525090307978,0.0027673702786552607,0.0028041370592745626,0.00291186449358072,0.003002910775717252,0.003017443217898665,0.003001201062752481,0.003011459296694828,0.0029422141753494913,0.0029268257194268034,0.0029216961814955518,0.0029657238590959545,0.002953755361890497,0.0028306425044350068,0.0027673702786552607,0.002730174601814805,0.002722051223951603,0.002685708988690585,0.002695542900336495,0.002654496367672528,0.0026040410296152405,0.002549734558515385,0.002452659739198285,0.0023140872833316917,0.0021720733631622395,0.001966288497463687,0.0018011165792237913,0.0016936974018874353,0.001569145185135705,0.0014056200975826516,0.0012506318519748896,0.0011675619657458025,0.001158141233711853,0.001203103019413294,0.0012219435476165383,0.001282744649248375,0.0012865981156233663,0.0013020118326330164,0.0013259882535369626,0.0013859267908660493,0.0015404660170605154,0.0016389134581913708,0.0016885615346596248,0.0017895620821172845,0.001899110464740542,0.0019615819033326687,0.0020912190798624878,0.002161806514943349,0.0021831956631169843,0.0022409440780994257,0.0022148507628419268
2019-07-24,0.0,0.00023210302654447693,0.0003578397723477521,1.015011803934773e-05,-0.0002740921377213673,-0.0007129725317578324,-0.0010040467367543244,-0.0014207085307208391,-0.002042268090476979,-0.002640762582884391,-0.003460126167844071,-0.004281491274905999,-0.00486092836821921,-0.005067159521252368,-0.00534841204617221,-0.005671018245538404,-0.006205966231830536,-0.0065834876351154575,-0.006716320232696709,-0.006834951547370875,-0.0069624847989505426,-0.007106034708456128,-0.007351406102850049,-0.007615514330066962,-0.007855673263065565,-0.0080069140382227,-0.007923283958925543,-0.00792995631488762,-0.008026932913798546,-0.008124363829684128,-0.008086547050196527,-0.008028712388800105,-0.007911273830383585,-0.007734252371629245,-0.007663096796159546,-0.007585720854435834,-0.007514131206268327,-0.007373634746681377,-0.0072678308234799096,-0.007262496468321213,-0.007376302217145915,-0.007406534046373899,-0.00745855271530788,-0.007453661955975223,-0.007322065049557452,-0.007240270294778362,-0.007156259821423301,-0.007063812007703664,-0.006818066830882537,-0.0065137464791653055,-0.006085633482772433,-0.005645720739094475,-0.005233062325656321,-0.005026796958987125,-0.004882658248512938,-0.004684889399743151,-0.0044503667309885725,-0.004297446790927624,-0.004235842176855613,-0.004030668566247853,-0.004015603480646946,-0.004215899050220254,-0.004418451073430101,-0.004473860852029006,-0.00455720294076311,-0.004689766636371852,-0.004980670311170968,-0.0051345819400306315,-0.005294284751183768,-0.005469099842519516,-0.00561021654626754,-0.005645720739094475,-0.0056377321858037035,-0.005615542094832212,-0.005596902798935679
2019-07-31,0.0,-0.0006693499589245829,-0.0012813192386494155,-0.0017282256169435452,-0.0021626708460434343,-0.002296975666183073,-0.002496883582568974,-0.002618114181863536,-0.002877361754566153,-0.0032534580559443545,-0.003237614804546814,-0.0031606654394541914,-0.002946596298830428,-0.0029004394033892546,-0.0029565519869675294,-0.003293746311629065,-0.0036722635608689327,-0.004076294087881423,-0.004529890523983422,-0.004809582465760342,-0.005054887271813292,-0.005134703657887683,-0.005244461591863691,-0.005326561145102268,-0.005297984292759001,-0.005123365714848916,-0.004874416887511078,-0.004487286299994819,-0.003926348912720806,-0.0033784022047144064,-0.0027737451503879215,-0.0022725552662842146,-0.0018344460914241994,-0.0015542292198118515,-0.0013594795527220019,-0.0011042386999704124,-0.00098138491479,-0.000895125283634193,-0.0007781673018975959,-0.0006508386434309702,-0.0006986978686896104,-0.000729852746134889,-0.0008111309084985057,-0.0008531272141844123,-0.000729852746134889,-0.0006056905305241648,-0.0003980354610983543,-0.0001538702083013455,-0.00014213733513721935,-9.249977953302102e-05,9.339353538549148e-05,0.00028466514481077164,0.0004903315249008651,0.0006053238915637206,0.0005719549195639568,0.0005985600007302655,0.0006716076007433552,0.0006251643740848397,0.0007225573973946856,0.0007076785215881566,0.0006959556150285336,0.0008542032593963319,0.0012296594283981517,0.0018000108992918306,0.002378139552618172,0.002698127817945016,0.002866856765191017,0.0029307413626364232,0.0031115756298731967,0.0033382470288259836,0.0034398726795876263,0.0035315967000595434,0.003407047824244546,0.003209626310459458,0.003004968339317828
2019-08-07,0.0,-0.0006566697043730294,-0.0012831666163533658,-0.001752383035840276,-0.0019283388361973398,-0.001946621733872567,-0.0018259607859617676,-0.0016673869085965176,-0.00148736520498615,-0.0013443761347266278,-0.0013430057313734316,-0.0011013872977719394,-0.00100320367193601,-0.000992700878078613,-0.0009630196657130126,-0.0009739787799975842,-0.0012434281139642516,-0.0013918846120294134,-0.001560009657254988,-0.0016322024540901742,-0.0017729477004004275,-0.0017391304760966946,-0.0016459105359184299,-0.0014668064124354512,-0.0014270606119507938,-0.0014069598890550697,-0.0013009809403950095,-0.0011260488859792573,-0.0009739787799975842,-0.0008867658207358574,-0.000550313797697033,-0.00045994298977991614,-0.0005900247657576618,-0.0009411017974440682,-0.0011233086794774408,-0.0011420335735624278,-0.001109607759597312,-0.0011187416853266766,-0.0010835765289694225,-0.00115573493771606,-0.001395539203772753,-0.0015472165406825102,-0.0015325960364302765,-0.0014119850319005212,-0.0012498227088873774,-0.0012429713587488523,-0.0012502794672321783,-0.0012269850576382964,-0.0013347833506926878,-0.001324733866117095,-0.001354882622825702,-0.0013713277823304219,-0.0014937613599831981,-0.0018922310952650043,-0.0022611399042322664,-0.0027756451913192037,-0.003286753807075824,-0.0037056274825037244,-0.004149871032363566,-0.004336787092020998,-0.004602102955777015,-0.004949548637653101,-0.005090761592984268,-0.005009149076329971,-0.005173297878045566,-0.005017860207206741,-0.0049798068779829075,-0.0050724211213861664,-0.005099931954924865,-0.005632415650734155,-0.006150035857555328,-0.006605010271371669,-0.007107053708902677,-0.007577632437502271,-0.008041534626368996
2019-08-14,0.0,0.00039410705317085014,0.000566422930996877,0.0006619380397088363,0.0009360934144144192,0.0011654123427731209,0.0013773257111893606,0.0018439248466305177,0.0022692443218124375,0.002515135174429287,0.00252425797600504,0.002351366729870212,0.0026104643417830063,0.003163559052944895,0.0037281934079672428,0.004528343370608853,0.005309659001105211,0.005953091926552859,0.006738746255903559,0.007431191434536956,0.008046497602791497,0.008584806794370159,0.009008175866557845,0.009088387280322428,0.009320828088822172,0.009391048115376149,0.009418228737406253,0.009484365165103118,0.009438613719111522,0.009425023777480055,0.009456733354001452,0.00949659539510621,0.00940735657724844,0.009229308137182323,0.008917986988779433,0.008521331312207392,0.00832453170843627,0.00831863619195388,0.008285983471321581,0.008271924332688741,0.008222942563874548,0.008113178407023096,0.008106828045800806,0.00830094943396116,0.008478709798946736,0.00874438449408804,0.00888444734128704,0.008932037047325323,0.00900137799338571,0.009116029271227283,0.009292285636339376,0.009601225693554193,0.009976174244409964,0.010244619866657671,0.01044420978020002,0.01063109120267158,0.010771342451703273,0.01085050785836201,0.011145852607657705,0.011464166415307802,0.011654473286841506,0.011750743015713324,0.011682044437927537,0.01134074141200329,0.011250762669985537,0.011057213115268728,0.010876744153291887,0.010785366494794384,0.010475887055739671,0.010126929139645954,0.009738451437590683,0.009495236488048018,0.009195325824746203,0.009122373226910356,0.008861784780471213
2019-08-21,0.0,2.7695454428619576e-05,-2.5880052315509153e-05,-0.00023521526846251761,-0.00047911654552068643,-0.0006603778109614677,-0.000684003253201403,-0.0007803281407642617,-0.0008398542899149265,-0.0007830544518473547,-0.0005236338125493963,-0.00039826372078315695,-0.000311059013127166,-9.671309432464615e-05,0.0001943060171518693,0.0003377413759385269,0.00029598383744857965,0.0003472727435557797,0.0003209477929022361,0.0001838652985306201,4.2677921537058216e-05,-4.7674300087975456e-05,-0.0001870779116846517,-0.0003128757003070611,-0.00048138778667897614,-0.000619034630070341,-0.0006812772121489489,-0.0007989580813056951,-0.0009866400123357396,-0.0011993584870555478,-0.0014162142744883672,-0.001746816617227437,-0.0019287627407531059,-0.0022426976305058195,-0.002667348989251649,-0.002972863575396268,-0.003355002002060839,-0.0036921702476517453,-0.003884042389385252,-0.0040171439802825955,-0.004103760694992087,-0.004094642792765904,-0.00413886539476268,-0.004011217847701778,-0.003751414248644267,-0.0036620938673145027,-0.0036110572312009035,-0.003558200603878825,-0.003577793682966012,-0.003794710161402916,-0.004023981869207449,-0.004190840849593878,-0.004350431495367257,-0.0046281799469037295,-0.004930187799578411,-0.005202164152089963,-0.005466910164073726,-0.0057317262850697295,-0.006069696975267096,-0.0062834995787170896,-0.006456676644931616,-0.006600175878553821,-0.006757408870747404,-0.006979131114031001,-0.0072845940092952435,-0.007539827672982059,-0.007733354675749929,-0.007969938552129248,-0.008209782819284635,-0.008313244860710436,-0.008474410602167583,-0.008662622795255545,-0.008827509298752737,-0.008854534957785376,-0.008791323543065502
2019-08-28,0.0,9.358855418798256e-05,5.53442898670871e-05,-9.494733917216676e-05,-5.039746501830507e-05,-6.479720726310908e-05,-0.00022950900923610277,-0.0003784930486399235,-0.0008129690155595607,-0.0012823250739818198,-0.0017902164412148878,-0.0022983658931736432,-0.002742700977851579,-0.003109595374372207,-0.0033524605343921965,-0.0035538395751268472,-0.003737192983010755,-0.004004154227108782,-0.004054302106891815,-0.00401093082066441,-0.003910641925316679,-0.0038446916472853233,-0.003721385330525853,-0.0035551942799830092,-0.0034644331120637327,-0.0034386963695889057,-0.0033515575806951307,-0.003380001013819547,-0.0034423085040127827,-0.0034987497990980393,-0.003543002002345711,-0.0037299665965832406,-0.003954008862009489,-0.0042612451833736855,-0.004441564566094461,-0.0046219164697592656,-0.004782407291724053,-0.004735839696477511,-0.004758897166771216,-0.004864244921842321,-0.005117938918049126,-0.00522920471587175,-0.005343649528604726,-0.00543322417125953,-0.00562552007407164,-0.005781193722683881,-0.005922407062328975,-0.0061872358339688715,-0.006525956704042999,-0.006854371890829217,-0.006993018123860961,-0.007228670199165502,-0.00730572234719088,-0.007357395936921313,-0.007520593226032682,-0.007651170236050056,-0.007787659571842226,-0.00795909117581419,-0.008055704471647909,-0.008248051684363168,-0.008385983782969066,-0.008451326681195068,-0.008732712936970154,-0.009104536522541461,-0.009276648208464277,-0.009534189877018,-0.009739543986366643,-0.009844508942481142,-0.00971137344920259,-0.009143134192018856,-0.00876130984337671,-0.008479007946403026,-0.00806523023168445,-0.007649356549700763,-0.0072898581843119335
2019-09-04,0.0,-0.000554279626509659,-0.0012362150996219077,-0.0015678602571684687,-0.0018662496055853947,-0.0021897597584219558,-0.0024447483803568372,-0.002270885449280689,-0.002003427377069476,-0.0017754260303177519,-0.0016461556778759815,-0.0014770637774151614,-0.0011676764637175104,-0.0012602973572048404,-0.0011866630478440808,-0.001155636377640114,-0.0011829583201948372,-0.0015002253614277128,-0.0019644966376307434,-0.0023293000221568483,-0.002776330822325222,-0.0030876082289055975,-0.0034913461982419196,-0.0037884529378797256,-0.004154386904814379,-0.004394081212107367,-0.004476315169621073,-0.0042017637818417605,-0.0038149182883533053,-0.003381346251506424,-0.0029066751425703714,-0.0024739603187680917,-0.00201176987556443,-0.0016591282922239423,-0.001195461831018804,-0.0008606995426839225,-0.0006024118865646271,-0.0006445295146263508,-0.0005755686096469289,-0.0007602464156717507,-0.0010519124092531825,-0.0012000928006280177,-0.0012862327447458832,-0.0012079654981825086,-0.0012014820956928718,-0.0009870903919694334,-0.0007750591457321431,-0.000453394521600757,-0.0001619030176708231,0.00024234295809376157,0.0006690752700311936,0.0010877709144576947,0.0014864317335278364,0.0018406122330596685,0.0020312728634869414,0.0020968184846472163,0.002178052165837847,0.002248664720548584,0.002306812492513317,0.0023128116733942454,0.002110665601401061,0.0017870545236917947,0.001456410670285674,0.001189414491179467,0.0011713966105114462,0.0012000402686226615,0.0011062523332397735,0.0009745647708011612,0.0008262222212416217,0.001052193221667222,0.0014328550511955949,0.0018586180600229515,0.0022278968396908946,0.0024083322432678664,0.0025176851716476253
2019-09-11,0.0,0.0004235472325291317,0.0009163994097943268,0.0013005193689132107,0.0016758699596182442,0.002000273575911203,0.002279675403819276,0.002521820978023736,0.0026841254479639484,0.002847763340790894,0.0029823705632381656,0.0029982321738581245,0.002972853476101298,0.002993700310782026,0.0029665087010235245,0.002910763589413321,0.0029891684271682734,0.003068020271843655,0.003222533730341259,0.003395143699969564,0.0034408962029450724,0.0034875525402998865,0.0035346596432896354,0.0035246948642541115,0.003531036098765696,0.0036066748670671705,0.003667362915571135,0.0037420856771780615,0.0038638944515904886,0.003961692988493599,0.004029603012265623,0.004150471445312854,0.0042061474940115915,0.004308891087507203,0.004322921331735436,0.004219726547868557,0.004065819805996744,0.0039268307182272885,0.003685478037169339,0.003494346970950388,0.0032560613577889896,0.0030707391900766713,0.0029411291981432815,0.002798810767212911,0.002741696402481334,0.0028133154832857116,0.0028980732110768783,0.0029705874896231287,0.0030059362939537262,0.003014093532891604,0.0031314597712004677,0.003109709539083817,0.003081161641487247,0.0030494407993957805,0.002987355667971992,0.0030045767476614294,0.002987355667971992,0.0029733066727806803,0.003116053405652415,0.0032420161371622077,0.0033199419690258577,0.003486646612725263,0.003598975373761836,0.0037085743412863153,0.0038910616712628295,0.003937697010761812,0.003950374202818108,0.003951279710386923,0.003813633149409132,0.003824047860959136,0.003842160144438558,0.0037950675250207036,0.0037171787103585756,0.003563194597591502,0.003324925391218848
2019-09-18,0.0,0.0004889265620296264,0.0007865975998896659,0.0010412782815220096,0.0013129584404632253,0.0015499840560182017,0.0017943290834754515,0.002037231841754315,0.002097602689289417,0.002093916024463193,0.0015426066738729314,0.0009896091851662818,0.000639849929476209,0.0004958501507656958,0.0002885833004174456,0.00017223653336445043,0.00021471390608977456,0.00013160431450248719,0.0002100968877602156,0.00024056881480724932,0.0003541378177934866,0.00032643925022320954,0.00028165827649724915,9.23557173463064e-05,2.3089968909307073e-06,9.604976863085937e-05,8.127348161585236e-05,9.05086865866507e-05,0.00013853037762454949,0.00023041160896222253,0.0003135129894622618,0.0004053781453272874,0.000560929541876262,0.0006416959458652713,0.000648156976390327,0.0005235440263593414,0.0006864608000166834,0.0009061025909802399,0.0010578856383970062,0.0012530014250131847,0.0014241000144207367,0.0016652485836257253,0.0018570193149291044,0.0020837776261086937,0.0023699174702694267,0.0026352493716301677,0.002701571348270415,0.0027895332953441847,0.0029336636336252746,0.002969577864919498,0.002984771959113732,0.003022065575210434,0.0028097956840687547,0.0026674897707876623,0.0024090767797899635,0.0023648496828538087,0.0021962159291645717,0.001978240012105499,0.0016514175417882617,0.0015407623198324452,0.001639891527458562,0.001676313279362724,0.0019109482076228022,0.0020860818165786034,0.002345499712845753,0.002437178398007389,0.002505816735493986,0.0026472244983709644,0.002765586306607681,0.0028217687207900376,0.0026034685322954758,0.002403087808250661,0.00218469619251487,0.0020109624724136497,0.001902190721989167
2019-09-25,0.0,-0.0007581920506073166,-0.0015299273914785455,-0.0023009609583915973,-0.0032306238927179336,-0.0040588727699260715,-0.004761169003921069,-0.0053554713538546345,-0.005959679211051302,-0.0067258812278906425,-0.007004882838522997,-0.006954030949853237,-0.00715614989601948,-0.007389615520353695,-0.0075222413133949765,-0.007774931255700911,-0.008025509631924367,-0.008365805100444821,-0.008623497121601625,-0.008717101035619686,-0.00875628667104153,-0.008967480143553327,-0.009053276623467704,-0.009062422875301243,-0.009057196435438649,-0.009046308106790517,-0.009043259396014075,-0.00908594219271937,-0.009192221561206432,-0.009366038803922302,-0.009515920532705271,-0.009532042870749657,-0.009472347946652344,-0.009456226570993109,-0.00949195537542849,-0.009431827145424235,-0.00923403949117268,-0.009110768739006259,-0.009005369051971758,-0.008762817759567245,-0.008436750839823693,-0.008282678766866692,-0.008239159882057378,-0.008162136098423842,-0.007980696735548352,-0.007841485013000625,-0.007911523488513282,-0.007903692856385534,-0.008050744962258277,-0.008324458678133936,-0.008877771899958753,-0.009255384733700163,-0.00961396579352648,-0.009979214517581915,-0.010348957672389759,-0.010847978833564814,-0.011261255629067594,-0.011565976623995208,-0.011808335391701967,-0.012012311618477663,-0.01201667987280104,-0.012184872175101382,-0.012335613988959385,-0.012541446028557368,-0.012771800900652672,-0.01277223805711603,-0.012883719193421002,-0.013110217185640649,-0.013271595505535264,-0.013146951424360486,-0.01307479616194748,-0.012870603120547918,-0.012751254762440586,-0.012600887367403562,-0.012553246601497179
2019-10-09,0.0,-0.0003215533750166486,-0.000524598422515771,-0.0007744183602547537,-0.0006652267889267414,-0.0006508485403409908,-0.0005555978647529898,-0.000463500886120274,-0.00043879338364079755,-0.0004886582431434886,-0.0005798589681400517,-0.000850365207384771,-0.0012778423280239782,-0.0014482548098243028,-0.0017527314507902352,-0.0018220049606278385,-0.0017455344781966884,-0.0016780653790185193,-0.0015764205314253766,-0.0014356639759510754,-0.0012751447385897976,-0.0010238512388235912,-0.0007501525362401171,-0.0005852504043828202,-0.0003103242104507482,-0.00022453755462468805,-0.00019175192837922106,4.445245686979768e-05,0.0002823966560374799,0.0005615721834030886,0.0009653859858619749,0.001398631436049273,0.0020024400206311776,0.0027487401359919533,0.0034188603865463497,0.004004456135097511,0.004646472553605104,0.005065170623232174,0.00549485762386111,0.005836420848189879,0.006180098740587164,0.006395618242701328,0.006550424497629207,0.0067382120199456635,0.006959408138855498,0.007184567640790992,0.0072902190789633815,0.007473856618201793,0.007736328431283219,0.008088262289170553,0.008336768801943579,0.008682704605140593,0.008894570144311852,0.00895509491186625,0.00897022553138997,0.009080138159860723,0.00932350491542812,0.009401351977130094,0.009499653036881304,0.00958771546341386,0.009722907329338705,0.00973802633593132,0.00993722013526031,0.01020260200554611,0.010538562440033091,0.01092682052547601,0.011356660483319932,0.011904349860385873,0.01248233827723002,0.013033400549018569,0.013515940179027321,0.014062891294569859,0.014547147231963218,0.014976318875349103,0.015383198147942857
2019-10-16,0.0,0.00012723667109199556,0.00032483679204371214,0.0006412653823459967,0.0010235558574179123,0.0014057002423295954,0.001744922082911717,0.001891140535722664,0.0020901378691169266,0.002196166328913013,0.0019662055848602596,0.0017807148445717004,0.0016187642077321073,0.0014554774456905712,0.0012895437978088153,0.0011135367081558125,0.0010283608647597843,0.00113843289216169,0.0012463091943978582,0.0013926005664588927,0.0016240029137367432,0.0018483683946955982,0.0019574773802780374,0.001950494761761169,0.0020277372655127138,0.002087956095522673,0.0020526107000967075,0.002043010500412642,0.0019605322605474413,0.0018928862985381422,0.001883721009756259,0.0018566610956131907,0.0018466225541608429,0.0019181995168839725,0.00198104335781554,0.0019605322605474413,0.0019744973086506788,0.0019928261383293264,0.002049119729057046,0.0021682422283618168,0.0021979115593074735,0.00217915017294519,0.002184822257106773,0.0021669332670159504,0.0019133987833318466,0.001782024311559638,0.0016781346021784737,0.0014663931678017062,0.0011231458350791877,0.0007797806431694606,0.00045421748705076867,0.00013423203229311049,-0.0002221564314021836,-0.0005314208722404625,-0.0006206747883153388,-0.0007641977881223679,-0.0008810442211898144,-0.0009909010725708566,-0.0007725122516348499,-0.0006810569549419642,-0.000589610021555509,-0.0004106782524865248,-0.0002099103034746901,-6.384305455336739e-05,1.3117931075020282e-05,7.127201975019797e-05,9.88175129922835e-05,0.00021773537804952895,0.0001447249823422558,0.00026669744775604436,0.00047913009079738304,0.0007417673240842447,0.0009589044225484126,0.0012135544624824008,0.0015240262051703308
2019-10-23,0.0,-0.00018118177153888794,-0.0002105190510259641,-0.0005954348446617133,-0.0007857898876056443,-0.0008021940587548819,-0.000881628588555007,-0.0009986333278122804,-0.001164449467457039,-0.001173518330573589,-0.0009381863656854253,-0.0005401911855837936,-0.0001289807995104467,0.00040236494525370175,0.0008774042677852774,0.0011549090192494043,0.0015736058186744302,0.0019650062946003867,0.002381642838618668,0.0026961572960762133,0.0027869221448481715,0.0029576753842519986,0.0031185094511462035,0.0031989167852844967,0.0033098424948389722,0.0034482674001938577,0.003631371531508881,0.003844091270188631,0.0039923237273099136,0.004122492373217686,0.004168455470872488,0.0041418229053429255,0.00404860333990638,0.004107027678471277,0.004146548089694935,0.004210550660128705,0.004177905565566597,0.004104020626720103,0.00399790886860015,0.003960530790408899,0.0038625678186153143,0.0036790762573154744,0.003524779776967817,0.0033786274515960296,0.0031640887337362825,0.003040245836892562,0.0028755282207883204,0.0027959551624633376,0.0027172361233628447,0.002588175110880711,0.002544720821881818,0.0026423827649287002,0.002888861465233698,0.003029494861940458,0.0031774181313142776,0.003232453762599649,0.0033042535092678953,0.003385075798723465,0.0034572944458674,0.003405280350465826,0.0033777676688374583,0.0032582506721315014,0.003038955726001038,0.0029030547236510392,0.002828645401375871,0.0025326737539873093,0.0020911346430609198,0.001662319462287968,0.0013324027309669334,0.0012583072451142069,0.001066581234351623,0.0009881568576021002,0.0009011072155496547,0.0008114640212612797,0.0007261231296041344
2019-10-30,0.0,0.00018567394183163706,0.0005103085400506036,0.0005958995843983911,0.0006615709138235921,0.0008784674973667051,0.0012066882832107737,0.0016101463433343924,0.0019233173889142878,0.0022245461676785347,0.0021035578708220523,0.0021365561308013888,0.002246965468243826,0.002583617534326542,0.003023716426280188,0.00326165272936132,0.0034602418179239705,0.003569237787715668,0.0036946951846393264,0.003838297127060052,0.003973433061346423,0.004036349500102558,0.003997502233615151,0.003873772077525612,0.0038484329556091783,0.0038834852373579973,0.0038349184947136174,0.0038087337069757964,0.003810423068810762,0.0038214038511747137,0.0039033335749441415,0.004000458056935354,0.004106439663103441,0.004370289289767169,0.004484250798757846,0.004607061440728623,0.004736608210775058,0.0048560126821712065,0.004965700338243451,0.005004931847815806,0.004981308757593859,0.0049821524489968875,0.004938701416089444,0.004919717362482883,0.004943763769518482,0.004972449954886389,0.0048944047303811165,0.004895670377203907,0.00495557582785818,0.005028554380000324,0.0051479239988869675,0.005225105954964841,0.005373126808885387,0.005553589831953746,0.005654769801272943,0.005724746624640264,0.005693131196393031,0.005625681608610895,0.005498779740474674,0.005515644703976967,0.00544017178069574,0.0053157765993937555,0.005201909818343586,0.004843355639919463,0.0044800302337168665,0.004229718873360703,0.004154571026269066,0.00404479435834522,0.004002991612827599,0.003839141783363101,0.0037576291624822488,0.0037741011604031337,0.003788461142343495,0.003961187119767394,0.004169347734377552
2019-11-06,0.0,-0.00012512044958915274,-0.00016795050873893647,-0.00032542973283050257,-0.0005820690155482962,-0.0009547542590264593,-0.0013893789754177354,-0.0019007461831124155,-0.00231979119577213,-0.0027613247343442294,-0.002915002248068779,-0.003154617870385044,-0.0033601687559042647,-0.003504669360172476,-0.003607475504531122,-0.003606211430382281,-0.003622644518954216,-0.0035661832421054434,-0.003672366790581326,-0.003770975896580014,-0.0037583331600848932,-0.0037178774773832073,-0.0037107136208095466,-0.0037048140127543144,-0.0037098708175279183,-0.003590199962800263,-0.003475177745057816,-0.0032898217915889733,-0.0028248980471310527,-0.0020656505746966904,-0.0014486606206395266,-0.0009152522864441495,-0.00037708831997959824,0.0004898344755461225,0.0012562146296241701,0.001897978290228511,0.002629781933942145,0.003262295539316154,0.003690302424920422,0.0038249841934371023,0.003954629630078484,0.004128579034656746,0.004340538968752011,0.0043041703388232095,0.004297481711162332,0.00434221105786417,0.0043451372070832635,0.00434555522770131,0.00434555522770131,0.004389446420188066,0.004524452011839921,0.00480025817200559,0.004988681974040293,0.005172893539663959,0.0053641703169079085,0.0055044723757782885,0.005630977890731725,0.00586641089234591,0.006141429960746514,0.006323343347945411,0.0065452662439989566,0.0066645503062049355,0.006755046553070308,0.006862630513489674,0.006956444287380181,0.007026486166615777,0.007041077607318503,0.007024818559835724,0.006949356442929103,0.006825102539508117,0.006570292051864472,0.006291218848401776,0.006039610777340083,0.005730334037932165,0.00545269652677852
2019-11-13,0.0,0.00025991951039583877,0.0005504119306705618,0.0009910269020065776,0.0013920275634101357,0.0015048324486104634,0.0014893172897757455,0.0015203473667287626,0.0016364919454755628,0.0017794528505233082,0.001747592365905758,0.0017844833605666452,0.0017698109688723557,0.0016532626112335848,0.0015974990604144283,0.0015153155277675913,0.0015278950776966246,0.0015199280477822986,0.0014620603467493834,0.0012620135846275412,0.0011034575349415014,0.0009444567809261399,0.0008047334036142539,0.0006540788217617399,0.0005487330261893425,0.0005034015396864792,0.0004333015842575063,0.0003182766396698653,0.00021667426091143455,0.00023010987848188784,0.0002825910298882818,0.00028846874733562584,0.000256560723052698,0.00017510667589600406,2.183751794864528e-05,-0.0001465756836085754,-0.00027426943384522277,-0.00037383146600949394,-0.0004150034734195055,-0.00039819836769184463,-0.00043727067351952674,-0.00046542048513829447,-0.00039861849189326613,-0.0003822337788301365,-0.00037425157997369074,-0.0003225788865650631,-0.00028519136680894993,-0.00025494630620295956,-0.00027090886308571774,-0.0004145833423344129,-0.0005843306713223748,-0.0007419189573337422,-0.0009520753102301114,-0.0010046213000688604,-0.0010815536095538946,-0.0011875028708880956,-0.0012968273675471667,-0.001329206531768073,-0.0014082665585550625,-0.001428032541929142,-0.001436864277804853,-0.0014717714258459915,-0.00152560652474531,-0.0017460241834475734,-0.0019126315982836515,-0.002178587815546816,-0.002477452133372152,-0.0029899386876060157,-0.0035250240801972537,-0.003828506799607297,-0.0040873828993264584,-0.004427312242845869,-0.004709549819146842,-0.004973718726736889,-0.005276374948938561
2019-11-20,0.0,0.0006143196979638681,0.0012998015708357712,0.001937572297365713,0.002374785226605644,0.0028055413899771365,0.0032169053135660316,0.003522499697015619,0.003881829344513275,0.004327786090763071,0.004466663713735055,0.004746028731379908,0.005021981415999611,0.00529202451201779,0.005577824027687492,0.005939330882137581,0.006266989725186035,0.0066066090717696365,0.006835870151004222,0.007045945315006136,0.007200665529593883,0.007287581170118088,0.007302135682485145,0.007311284124692441,0.0073370656479079775,0.007278432511062119,0.00724599568178407,0.007175712275355595,0.007126219812236744,0.007017660537206054,0.006970656122318211,0.0069698241658728115,0.006987295105876468,0.007012253062120574,0.007038874195558394,0.00715034249521235,0.007203992583113853,0.007267620351540856,0.007315858314411253,0.007337481473480785,0.007391121522568059,0.007409832490709497,0.007447669156480386,0.007477189077335937,0.0074892462591444305,0.007504629349012858,0.007570732366224112,0.007552024408461088,0.0075166861999757615,0.007435195688585925,0.007268867914375073,0.007073397422518732,0.006846270949952096,0.006670690963455731,0.0065416907606216735,0.006309864704873602,0.0060496727233551525,0.005878533571192384,0.0057231921477150505,0.0056186458628763,0.005547831413366471,0.005471596136267445,0.005399521376796318,0.005377022989179612,0.005237855046582168,0.0051161713947557004,0.004967380507985461,0.004885265132502329,0.004819818101116722,0.004861087747193496,0.004905690399058002,0.004959044229166847,0.005015729554768531,0.004931534015998594,0.004945289217184199
2019-11-27,0.0,0.00036471841466728026,0.0007877744783932399,0.0011294067709424782,0.001601032366988868,0.002091485930371725,0.0025614162961688767,0.0030050597250452834,0.0033976358630716658,0.0037536754413961984,0.003678012131512219,0.0037474737461423127,0.003770213107377938,0.0037123300798645098,0.0036689156103937607,0.0037077819857331317,0.003740858562144974,0.003840081727528086,0.003898370746410206,0.0038665395756301455,0.0037991533647664167,0.0036478279022733985,0.003451814986296929,0.0032710686108140346,0.0031535866300981784,0.0029653384853898486,0.002810576107401054,0.0026963510765168498,0.002589977630705372,0.002546928350863475,0.002572178633947553,0.0025320262452785624,0.002484006838805761,0.002409903402380121,0.002316334794993732,0.0022529847056095907,0.0021395241887124917,0.0020256366370163667,0.0018682434000445206,0.0017162111490300594,0.0015471672328413778,0.0014195367180352017,0.0013010080810048035,0.0013424532577455152,0.0013814101577427085,0.0014452298844419692,0.0014949567183777637,0.001526034733936953,0.001604761384274875,0.0016942536277185889,0.001790780263863138,0.0019403160095017062,0.0020699507895766134,0.002064566931914142,0.002033919805411179,0.0019829772332103316,0.0019763503664013337,0.0019510850338117578,0.0019813205206249767,0.001967238352832452,0.001969309272297921,0.0019382450299925923,0.00201486841552896,0.002096869643108481,0.002227726361400434,0.0023291699450876556,0.002468275842159778,0.0026264024969721122,0.0027133201127855877,0.002850717313409729,0.0030336083915245187,0.0032292896286558906,0.003418728847773134,0.003641625550548333,0.003876461088197828
2019-12-04,0.0,-0.00033777641691001283,-0.0005955640663882401,-0.0007507692609003284,-0.000918518088721089,-0.0008484106782972999,-0.0007182242402855795,-0.000626436298736773,-0.0005300680266850313,-0.000417441556425557,-0.0001350968759234493,0.00041476678717031494,0.0008997631592043964,0.0012933372858492027,0.0016147453557087605,0.0016388884225288437,0.0016018410637203702,0.0016234868782531622,0.001648462235901605,0.001609333898696855,0.001650959737359636,0.0014707073627332858,0.0012600248421911146,0.0011892322145890418,0.0010030653298081038,0.0009180917423805274,0.0008368602394259821,0.0006860437469816365,0.0005006166108767114,0.0003305767928097707,8.255021809615693e-05,-0.00010257188588654255,-0.00016762292386974153,-0.0003102496241633109,-0.00039324937708863763,-0.0005208905803428497,-0.0007169725298754018,-0.0008863849154943901,-0.0010487306065848662,-0.0010992342552754422,-0.001124695739460239,-0.0012177817645809095,-0.0013196436666479084,-0.001558892951137262,-0.0017856689306443932,-0.0020697334954166797,-0.0023346546369627723,-0.00257623697738197,-0.0027430380816660356,-0.003100980967672098,-0.0034046638146861805,-0.0035268322373968736,-0.0037214120805015628,-0.0037331299248535067,-0.0036414833049490383,-0.003461143935894869,-0.0032168380603784987,-0.002978028193928573,-0.0028070067880293604,-0.0026548265126405996,-0.0024391381063102423,-0.0023016401304273818,-0.0021474475653375257,-0.0019581867577401556,-0.001667054084604312,-0.0013476157588514892,-0.0010391310279645293,-0.0006852630554156058,-0.0002752166201505019,0.0003585019824787447,0.0010222250430961307,0.0016363908909224668,0.0022535077680137057,0.002772539784975636,0.0031009545216933677
2019-12-11,0.0,0.00019521355813823747,0.000435488940172887,0.0006470520891903998,0.0008484590735529549,0.0012073517166941374,0.001617477362369208,0.0019550521308089757,0.002242448054331968,0.0025781296193539494,0.0028026957220025415,0.003007452685243011,0.003207544240407556,0.0034197824868303747,0.003559288836276162,0.0035681123786639427,0.003506766139631296,0.0034807138585844616,0.0034437352620442065,0.0032945463556225,0.0031154902832729267,0.002940606458656026,0.002801434255535262,0.002657196096638651,0.0024578356476612573,0.002334161724318766,0.00216966011858461,0.002009760501539952,0.0018447846267831305,0.0016814653730585875,0.0015677996360831258,0.00135011473727132,0.0011610230527200939,0.0010005408137790895,0.0008800569064496614,0.000713630434228898,0.0006276676872279061,0.0005008169997988816,0.0004776365639172678,0.00048690880274988147,0.00043000961860561586,0.0004649924633171906,0.00045740592621725836,0.0003579326707424571,0.00028711517120270794,0.00021966527064464408,0.0002002725821935151,0.0001973214879383228,0.00016696687011332598,0.00020153733420843616,0.0003098784858459443,0.000468364239109222,0.0005990117960171028,0.0007422830411755289,0.000920921956368834,0.0011222737945319598,0.0012604164582179869,0.0013088461058470388,0.0013800123757601323,0.0013762225837334761,0.001177870087958343,0.0008198095087083026,0.0005290542593704052,0.0002563417184042036,8.855003741236744e-06,-0.00024375422104368932,-0.000426397962280838,-0.0005107712313605099,-0.0005601328943606899,-0.0004040402391313197,0.00013661133085753614,0.0007667213807181927,0.0014136987847709612,0.002083822450185884,0.0026441589696343123
2019-12-18,0.0,0.00035022915292181635,0.0007122503032664318,0.0009299751615269504,0.0011669538121740998,0.0014617639245715604,0.0016686539374067728,0.0018377465221559878,0.0019440303810001247,0.001991218434635244,0.0019173578874179642,0.0018947882987066303,0.0018644211392279827,0.00183938805759893,0.001723653206833343,0.0015635722958527362,0.001455605827751804,0.001366103873223951,0.0013344888830353538,0.0013702096427745598,0.0014412367876958253,0.0014547847453106437,0.0014367207610357293,0.0015044590196095931,0.0015422262380787874,0.0015734241688375927,0.001628428675937207,0.0016690643909190051,0.0016575716288962346,0.0016419740977387826,0.0016567507122689706,0.0016690643909190051,0.0017474579227948891,0.001802863256947457,0.0019805500260085935,0.0021278460669041967,0.0021885634676271225,0.002264044825408578,0.0023866898815412436,0.00255812164063768,0.0027414144785217797,0.002904586543826416,0.003028792654803783,0.003224703608573973,0.0033304303942669304,0.00351849809345638,0.003701205381732297,0.0038801933791604154,0.003921966286896566,0.003931794952774065,0.0038605349364114177,0.003767152055473687,0.0036897359510419574,0.0036012530638203913,0.003576263423254108,0.0034414724627299586,0.003326332665064261,0.003217326904042996,0.003174295043041623,0.0031136374657030484,0.0032497020359283043,0.003337396495374831,0.0033988599903805785,0.0034595002698033536,0.003443521093537831,0.0034676946201267407,0.0035500441126483533,0.0036631099797813467,0.0038097488372111953,0.0040382659749431645,0.004224562990655719,0.004319131271174046,0.0044468456626718805,0.00460851196372459,0.004779154108533341
2020-01-01,0.0,4.267843278870647e-05,0.0002872235595584786,0.00044967350195075043,0.0007023209698475599,0.0009585944958781811,0.0012107035534422372,0.0014680761738588603,0.001688511514060095,0.001844999305668883,0.0016434450430561688,0.0014443088672630887,0.0012074244940077836,0.0010651849422774688,0.0009795035176503465,0.0009163651383916224,0.0008995548979207947,0.000839691746706553,0.0006932989450344144,0.000537040966485395,0.0004603384840970241,0.00037542566633321216,0.0003110183825446655,0.00020598869104654146,9.356187606612906e-05,-5.3761002807401185e-05,-0.00017401554035511435,-0.0002462573007212089,-0.0002614451529026634,-0.00023681631968002753,-0.00021834509282279564,-0.0002528249922762168,-0.00032630398234655226,-0.0003057785813410673,-0.00029305304428741655,-0.00021259855849586543,-0.00011819593616724416,-0.0001473366643387208,-0.00021998696583851337,-0.000263087096685012,-0.00027499126973399554,-0.00027622274399962814,-0.0002339429953155816,-0.0002680129442077738,-0.00029100055347701864,-0.0003353352922560687,-0.00040635707195629833,-0.0004445384948922704,-0.00040635707195629833,-0.00038131413460725427,-0.0003406720137234548,-0.0002807381626148873,-0.0002979790394205534,-0.00029100055347701864,-0.0003041365674604843,-0.00021916602899374165,-0.00014446359706636591,-5.2940202412139e-05,5.3347756390830466e-05,9.438255554767056e-05,5.9092729641815204e-05,5.334903710122815e-06,-2.0518936208297886e-06,-5.581300674316816e-05,-9.972690022362458e-05,-0.00020192651092811156,-0.00026555001741334066,-0.0003201463178092721,-0.0004823107993399332,-0.0004884694625158461,-0.0004420751332903768,-0.00039773566208070414,-0.00036448234880564687,-0.00029264254578820827,-0.00017894094914343024
2020-01-08,0.0,-0.00047239767205763605,-0.0009421082101488138,-0.0013812584614837752,-0.00174569995892871,-0.0019429531465182206,-0.0022859500604112044,-0.0028223266496057013,-0.0034194255501293173,-0.004047326380776016,-0.0035086251463727525,-0.003334401566229392,-0.0031010395477557044,-0.002883978417114757,-0.00275026555009293,-0.0029106398181564168,-0.003075623045235883,-0.0032110462857793437,-0.0032502182733126495,-0.0032414669514983065,-0.0034556879775693326,-0.0035769891010873664,-0.003951823343477556,-0.004324295060475912,-0.004623457345728351,-0.004959026137974836,-0.005238752842635072,-0.005484308823532876,-0.005736191627931801,-0.005965572953244892,-0.006105149451630841,-0.006278602486104195,-0.006281110461465687,-0.006259792871380893,-0.0063567706752440485,-0.006394393907008908,-0.006429510200471017,-0.0063112066564312026,-0.006167839847608119,-0.005912923406582938,-0.0055402772974250045,-0.005250862183300327,-0.004924796302996892,-0.004676039044554883,-0.004360173121796108,-0.003939312704221164,-0.0036182598482418383,-0.0034273448186057233,-0.003363158869388048,-0.0033739951691586015,-0.00346527481609065,-0.003421926364978109,-0.0035265493897669036,-0.003581991525178733,-0.0036061702610656297,-0.003727906571196495,-0.0037220695605465104,-0.003619510503533076,-0.0034135903398033875,-0.003248968079793135,-0.0032031287300369605,-0.003218130467738572,-0.0032498015419658503,-0.003216880314334355,-0.003123539941513447,-0.0030477073032762606,-0.002933135928204905,-0.0027860871816971222,-0.0026244834727902344,-0.0025228697721775173,-0.0022967746934457827,-0.0020911266996415817,-0.0017777405514494797,-0.001491492163282692,-0.001362540737857931
2020-01-15,0.0,-0.00034679641597406435,-0.0007844090014248576,-0.0012594819571426735,-0.0017092474181185763,-0.002181110751904955,-0.0027030952538820803,-0.0031652809459181627,-0.003634583455719073,-0.00408785616549685,-0.004273529837442687,-0.00448768648673806,-0.004597830440119104,-0.004670995491158011,-0.0047299378977365145,-0.004799453752359384,-0.0048124631040507215,-0.0048315708961884935,-0.0048750729762657,-0.0049734678389948585,-0.0049962382775991885,-0.004934027413244524,-0.004843360992629631,-0.004797014517758657,-0.0047522962711618495,-0.004714490586279881,-0.004667743597437997,-0.004644167684215799,-0.004573443279307753,-0.004478745443570162,-0.004390152154575907,-0.004323509165109157,-0.004337731381552498,-0.00438690117399886,-0.0044844351890639565,-0.004558404826593586,-0.004661646325215193,-0.004742946345097202,-0.004865721902182943,-0.004957610161245747,-0.005032834711646717,-0.005158085976827968,-0.005256915417426004,-0.005298809033272115,-0.005354941094944294,-0.005309791145242216,-0.005200788857713118,-0.005135311852624148,-0.005055199858453401,-0.005000304481911357,-0.005010063439719772,-0.0049840397638658464,-0.00497224800870176,-0.005063739410098655,-0.005149138937606453,-0.005279285576448175,-0.005409449155642365,-0.005466401049613259,-0.005456230830658496,-0.005494064568471588,-0.005520508353359914,-0.0054700623537575705,-0.005321180129491248,-0.005102778289167264,-0.00490922546795752,-0.0046884746010814,-0.004432009473547556,-0.004224771924937959,-0.004114262790555039,-0.003846572535420437,-0.003449840352658612,-0.0030751805813567135,-0.002759081797652655,-0.0024288876047722638,-0.0021385366227371578
2020-01-22,0.0,0.0001760860749402657,0.00021753772826190495,0.00026965766568857514,0.0004608776332468989,0.0006401644292135533,0.0008452586420098706,0.0009568122309109025,0.001143390603492541,0.0012827890828807388,0.0010466202325363548,0.0007107215846408166,0.0004358487731236184,-6.075483782792064e-05,-0.0005916957058298029,-0.0010773037237141344,-0.0015319018725407497,-0.0018456375562979418,-0.0021779839992604132,-0.0024750504089533984,-0.002774263259146718,-0.002994099757666128,-0.003241164730010167,-0.003262991736978466,-0.003275346857743871,-0.0032885258214821744,-0.003293056130381253,-0.0033606013517266556,-0.0034409202052615045,-0.0035904540245904823,-0.003758551788668138,-0.003923380953913753,-0.003967889486989919,-0.00397942905968801,-0.004022291495591383,-0.004114204643090083,-0.004211897383834546,-0.004267961663194444,-0.00426054121044787,-0.004252296327531227,-0.004188400789705967,-0.004108434062416983,-0.004108021879357463,-0.004101426973510064,-0.004024352235912457,-0.003855385631141529,-0.0037498990080661733,-0.0037029280768834717,-0.0037494869727620972,-0.0037956359821529006,-0.00382241986608564,-0.0038636272422117135,-0.0038632151600451574,-0.0038957701744163826,-0.004020642906392263,-0.004158309466660361,-0.004235394530065921,-0.004403188446549067,-0.004686481868469389,-0.004851876556872421,-0.005033801058706092,-0.005295813992090507,-0.005592157005929647,-0.00581137526459223,-0.0059839763677683325,-0.006168998190959338,-0.006214432891595766,-0.00625119520568427,-0.006137195128734748,-0.006081851951460585,-0.006032706473609039,-0.005954243910328938,-0.005930706341787549,-0.005926989934240576,-0.005871245478373433
2020-01-29,0.0,0.0007382474027718948,0.0015695220986897184,0.0022817892012252173,0.003046879928674881,0.00386673806146122,0.004569941464658852,0.005235113856306847,0.005953019910726594,0.006571547871034367,0.0068092146842894845,0.006901465264936443,0.0068775797703489825,0.006880050710039152,0.006837632064772948,0.006932762635671589,0.006986295341284883,0.007039825181301011,0.007094587360083724,0.007204102721781082,0.007270794171344444,0.007423509070008799,0.007634637080833286,0.007843251971302628,0.00792841358814952,0.007874108467410124,0.00772886891961918,0.007725165652535173,0.007714878727566598,0.0077749528738939675,0.007793468150334856,0.00777577578234878,0.007748207980469895,0.007767546667328128,0.007821857575070132,0.007864645909824726,0.007997524931487653,0.008018504215679482,0.007961735724973811,0.007820623269014683,0.007677433427019353,0.007647393875626955,0.007604184719229804,0.007525168861693603,0.0074597291282692876,0.007400459258954479,0.007288495475828128,0.00724444746348765,0.007274087461019864,0.00726050257120421,0.007275322441851732,0.007146464552781407,0.006793564187880022,0.00660573912330876,0.006520464786033485,0.006684415757645348,0.006770087983997643,0.006842574135467713,0.00688787531211168,0.006993295560144663,0.007149758251935057,0.007369588144004602,0.007789765122471769,0.008112288575067135,0.008113933836201098,0.00776219770625086,0.0075630314058471185,0.007309901285942176,0.007092116950444473,0.006849987195715044,0.006600795882017115,0.006374204426264677,0.006165694930497862,0.005923752947169803,0.005897370724828659
2020-02-05,0.0,0.0003681570110170046,0.0006731821883905973,0.001067782591781801,0.001540180570631693,0.001902354074034424,0.0022177424240701574,0.002499299754500915,0.0028619587106244885,0.0032469577383149226,0.0036334724971522478,0.003952058013439245,0.004100086716308368,0.004233543251147644,0.004290911614672454,0.004442215278920868,0.004687411613840683,0.004983229531761103,0.005183438630479682,0.0053009701123361095,0.005335853123441215,0.005274807055443068,0.005302631235695732,0.005217495110247435,0.005102446001387673,0.005012308030000108,0.004824529113364661,0.004669543403526352,0.0044467872860587876,0.00423188035094989,0.004142911158760743,0.004049776047920715,0.003786955213698247,0.0034795501818566887,0.0031183637387331617,0.0027820268192145056,0.002700423089379038,0.0025509377620848007,0.0024226706998910223,0.002469731630269499,0.0024035125187015726,0.0024247530887741633,0.0026225602615742192,0.0027287353418828345,0.002948544383663643,0.0030792412478741807,0.0031033808379685155,0.003148328866817768,0.0032881542600859998,0.0032885703779104917,0.003244877060879708,0.0031574846990829503,0.0032219893233586976,0.003331429586457371,0.003389265800556492,0.003518657015073439,0.003754097752067398,0.0040169272209222276,0.004357005866346563,0.004667050139494846,0.005147304267963815,0.005605324900186946,0.006085958648682933,0.006614886776779261,0.007179597591030506,0.00756915335734157,0.007854178872783266,0.008139123171828485,0.008347809924248056,0.008623093877242844,0.008744774208263993,0.008913612181318432,0.008921887819659793,0.008978574101036241,0.009040635687664708
2020-02-12,0.0,0.0006574548979012742,0.0013610383593702716,0.002163351766732827,0.0029119538316433762,0.0037315220230878703,0.0045015423840836215,0.005317757351760719,0.006146428772318257,0.007000636061329132,0.007282069505713703,0.007466781156403915,0.007602733344030724,0.00770714190341663,0.00788195065306018,0.008080466857648277,0.008208969737885725,0.008305131472995803,0.00835464093043751,0.008295311124004988,0.00818646246445481,0.008051408184706711,0.007930253068763351,0.00784428952380293,0.00768134786147043,0.007468009722783757,0.007333267948636795,0.007297224517937376,0.0072812503093207265,0.0073447360405143455,0.007470466851015103,0.007472514453262789,0.007374634375937049,0.00719359241753517,0.007139109575418148,0.007081756008276898,0.006967448731756761,0.006804773914873311,0.00667895937312815,0.006519926815385575,0.006371528269091038,0.006314540654861958,0.006383827328090019,0.006525255635345014,0.006558867537568596,0.006558867537568596,0.006619939931943313,0.0066654343921808265,0.006667893493231813,0.006706828454024187,0.006718713561104038,0.006739204793316325,0.006637974019648312,0.006530584426908282,0.0064674569179275845,0.006410474770336886,0.006408424992297165,0.006555998272946773,0.006722811841137748,0.006792480032063315,0.006874846161026873,0.006972775167492368,0.007121494186942036,0.007222676027796361,0.007353746591870066,0.0074979043728108105,0.007547044321346581,0.0074512191849476755,0.007374634375937049,0.007342278603326474,0.007280431112256667,0.007127229463769521,0.0070313640881803745,0.0069883445862044145,0.006949830319122006
2020-02-19,0.0,0.0012990124207620233,0.0026861786729872857,0.0036069796727333505,0.004530254677177967,0.005412860858315712,0.00603316505945378,0.006552829651283111,0.0070838185829895295,0.007617008861752815,0.007429100009409987,0.007215486714895933,0.006854393061003075,0.006689952860429649,0.006471623962199824,0.00626692322029441,0.006119380103037416,0.006055134021456445,0.005961866235273816,0.00591958197309688,0.005977204202193532,0.006030263462352568,0.006086221350532976,0.006216777580354099,0.006388339850004925,0.006513884888623767,0.00662118647142506,0.006744216973824367,0.006846937919212393,0.00693101213069849,0.0070287446938998134,0.0070188062254427025,0.007082162269661557,0.007173255429042311,0.007249436063299556,0.007395570709041276,0.007574794529649787,0.0077544000353311545,0.007968725677897356,0.008118891760625753,0.008294263816613594,0.008550235261688046,0.008813581752154312,0.009117356936058052,0.009437977289602979,0.009665571873999551,0.00988114002492909,0.010085102344630061,0.010173032778090847,0.0102609554804703,0.010254763993888217,0.010226282661851408,0.010101615691749655,0.009943489197243435,0.009683331160093352,0.009468546542802601,0.009267763820018437,0.00915620044095367,0.009077685416237026,0.009021481402263687,0.00896940721720258,0.008940475942616627,0.008952875162788605,0.008991725057134142,0.009095868391517634,0.009181406589023727,0.00932436714537548,0.009485483159168572,0.009606509653998641,0.009789467294859347,0.009969501278824682,0.010154869378496302,0.010384777162547891,0.010620821360031164,0.01086464767686467
2020-02-26,0.0,-0.0006602002338276231,-0.0013055568603012105,-0.002092768240873557,-0.002748826391834885,-0.0033759681279221508,-0.004141826865276829,-0.00481456437443191,-0.005656123195474634,-0.006600364015462218,-0.006728805286934196,-0.006876042320258779,-0.006952443410654813,-0.006967809698130243,-0.006953723925592466,-0.007019886095070084,-0.007044217800243477,-0.007108678337076886,-0.007178266229494817,-0.0072542634475208255,-0.007382788739532494,-0.0075331116992986965,-0.007815455375789667,-0.007983361651157875,-0.008105143382125904,-0.008083777093428125,-0.008088477637772398,-0.008091041580364063,-0.008014980745333307,-0.007869284851713005,-0.007766755013304094,-0.0076821758097421295,-0.00754549726891441,-0.007393037314446744,-0.0072256570752573515,-0.007157773586353057,-0.0070143368417113355,-0.006881590806237125,-0.006768066376170045,-0.006698507021849054,-0.00660505759211066,-0.006471939239031837,-0.006251820843454536,-0.006102543303817145,-0.005964801228832624,-0.005856923626740517,-0.005807465850241193,-0.00574735236363448,-0.0055299507721659905,-0.005220554718460748,-0.004872492054295406,-0.0045696866300184895,-0.004297197551312555,-0.003963499587433988,-0.0037809492307943537,-0.0034967646535526403,-0.0032972880980851054,-0.003179067044138594,-0.003212235569592368,-0.0035069734793378065,-0.003932433887092495,-0.004392986029990146,-0.0050245681812564275,-0.005818977355671223,-0.006713869407730248,-0.007523715852263068,-0.008140612429296389,-0.00870786075799022,-0.009212541900043354,-0.009741019245051842,-0.010080076455213386,-0.010210250164504404,-0.010277056410570546,-0.010236800830456548,-0.010007289333535134
2020-03-04,0.0,-0.0003612840614193888,-0.00046965050375566116,-0.0009589938024382221,-0.0010116589347471815,-0.0007695992758163328,-0.0007063282570410945,-0.0008483618015323856,-0.0009249178418081858,-0.000959436355019565,-0.0007965902292026118,-0.0005386572969710713,-0.000658988224863192,-0.00056962343152394,-0.0005280405572920583,-0.0006116504336578487,-0.0007890680870027069,-0.0010868996497464976,-0.0015318207499981638,-0.0021413075907061457,-0.002858905092755601,-0.0034612156237664596,-0.003931163279182644,-0.004273001430583314,-0.004455955039475995,-0.004813965959523598,-0.005070337880604793,-0.005288994635703111,-0.005357890307015383,-0.005390784108048122,-0.0051658832234974346,-0.0050112376570509674,-0.004954362544562908,-0.004884606081231784,-0.005063227894451507,-0.005019680332286062,-0.005032566658227957,-0.004832180859356599,-0.00477620441920384,-0.004683361518431653,-0.0046207307461359984,-0.004463948921491756,-0.004249024554946625,-0.004468389994668214,-0.00476909652402032,-0.0051374408648241126,-0.005766917180003406,-0.006684724144176887,-0.007547687957261109,-0.008262935801066892,-0.009312892231115389,-0.01053685335112522,-0.011822709735951693,-0.012979425080206063,-0.013730394520216752,-0.014530375908606969,-0.015027098871032582,-0.015379486502865745,-0.015888310889270875,-0.016412675311635153,-0.016440091812100377,-0.01623291360327107,-0.015939072800867354,-0.015462102335698325,-0.01543920269829736,-0.014992091339921588,-0.01473450950241469,-0.014415092489576736,-0.01356321469775969,-0.012708927497360417,-0.011809288232286863,-0.010876040837241852,-0.009991445207271722,-0.009085769136785023,-0.00796964459021241
2020-03-11,0.0,0.00033022787217818714,0.0006484051110488375,0.0006283428703345404,0.0006245214455163546,0.0007802326807787555,0.0007343815841176471,0.0009607509405951622,0.0010247363634006855,0.0009029695409849018,0.0005428349977063455,-0.0001907311821866455,-0.0013808738049178133,-0.002175249532761617,-0.0028504141627252576,-0.0033663190021932152,-0.004121957359422164,-0.00487048213085734,-0.005166877992996858,-0.005566695197286205,-0.00552007366057899,-0.005436448721266441,-0.005114029507670103,-0.005024673877004853,-0.005067909475473959,-0.005017468125662475,-0.004843104773611109,-0.0044315741307398675,-0.004212672344759988,-0.0038844094858102502,-0.0034910199598661797,-0.0030929905359213354,-0.002523556474705756,-0.0019396003060805347,-0.001224850018152804,-0.0007119617763549555,-7.313322079829782e-05,0.00033930640362538165,0.0007630387658957995,0.0012075975009294222,0.0015851500722109516,0.0017488232615956946,0.0019468176978832948,0.0022506509839883633,0.0021872208895347338,0.0028160979023503473,0.003352166644440533,0.003807480199503813,0.004217846769242358,0.0044291531862241775,0.004620432651339117,0.004897294824744182,0.005127003697105986,0.005357610662791257,0.005592442276768924,0.005141269588596208,0.00466467866010665,0.004357294978141946,0.0038470007815186716,0.003654620836248784,0.0034669671168204353,0.0034040904821858752,0.0033145320860025794,0.0032092430759102673,0.0032640328582487876,0.0036131876381071985,0.003947461735501341,0.004161681246576552,0.004669911929522522,0.004581418417324076,0.0041607292613779785,0.0035836594837241145,0.0028442188711339414,0.002168143382392324,0.001634779758408894
2020-03-18,0.0,-0.0019218567551623844,-0.0036761032779169104,-0.005069132846683009,-0.006229337623106149,-0.006209822572122574,-0.006363165375836138,-0.006924879628667074,-0.008035849424070138,-0.009159798285632783,-0.01143895657187851,-0.013271758165429042,-0.014926237662898552,-0.015308213257671397,-0.015771392617945506,-0.01660036058908892,-0.016538389491262354,-0.016878714516211698,-0.01658571252846377,-0.016826305933251712,-0.0167924954018315,-0.016994248513064306,-0.017480764887904135,-0.018898818645343183,-0.01982759606485615,-0.02063843901270956,-0.02184914122345984,-0.02293543540997938,-0.02409159147345315,-0.025388325255356416,-0.02670381595723685,-0.027757228027558783,-0.0285078202869022,-0.02936225452720327,-0.03095385814222504,-0.03277528662473088,-0.033908487700681625,-0.03525303574453387,-0.03627240236111362,-0.0374343110919961,-0.038640766464511214,-0.03961977829401703,-0.04063033500521981,-0.04184816607125905,-0.04312822656036076,-0.044139441171899635,-0.04504965588838637,-0.045668913066307215,-0.0468011501677722,-0.04743718107766179,-0.047509813078365354,-0.04769345030470401,-0.047937577307757724,-0.047542935022033786,-0.0470456402141511,-0.04624676834588842,-0.04701253473748582,-0.04745403123185539,-0.04744182936770099,-0.04790618621131662,-0.0482718954776918,-0.04830969499892172,-0.048730820130494325,-0.049511883289065126,-0.049965552411326636,-0.05035299383750638,-0.05009429448782286,-0.050467798545791046,-0.05115165492762757,-0.052183279442477845,-0.05413799667333767,-0.056116469503725175,-0.05747890708737024,-0.05800431959963703,-0.05848359562010732
2020-03-25,0.0,-0.000375279353367941,-0.0008998870012772309,-0.000613007893352587,0.00012739729883990704,-7.58090948980176e-05,-0.0012002419771999266,-0.0021069555156278206,-0.002961460462505444,-0.004075712291918223,-0.005763196568117356,-0.007384222029095439,-0.00864091301354471,-0.009526103488531935,-0.009173733377959589,-0.008182233655131828,-0.0068889149253634025,-0.006001568718151653,-0.005665172898205626,-0.005174558294309747,-0.0049811967415389555,-0.004852523183297452,-0.004304085816039379,-0.0037380453498205442,-0.0038192540681007002,-0.004137758201433603,-0.0037923969117219587,-0.0027078428162573675,-0.0013265327906678032,-4.968934604115019e-05,0.0009118069434939784,0.0023110098806267405,0.0035902023473851435,0.004399808019762391,0.00556167716859232,0.007064462097434349,0.008015354041171081,0.008492987716601686,0.00912505927475668,0.009920106300126418,0.011592058206167866,0.013510127866719051,0.015440834637159121,0.018346497897942123,0.020645495973065336,0.023401691129994344,0.02602059996948452,0.029013308836371793,0.03273902376113502,0.03612101603123806,0.03893849484198251,0.040468458452530075,0.04186780265814864,0.043531749366062356,0.045181363190068734,0.046468328239035205,0.048156212332543566,0.049406616328577485,0.04976852301698044,0.05059792873689848,0.05138731516315366,0.05311283471316989,0.05524536234839441,0.05545450816929911,0.05637435090310966,0.05694378346632189,0.05730177004534765,0.05811834205187691,0.0591174046502766,0.05948962009286967,0.05975908964459121,0.05937917061138967,0.05845067268725617,0.05866996243567832,0.058447668384192936
2020-04-01,0.0,-0.0018556913321864119,-0.00407259927581248,-0.0063312907157075365,-0.008413919562390326,-0.010581385717846042,-0.013083357037609255,-0.01571738826621779,-0.017808433098796757,-0.019661923791680278,-0.021202299007846658,-0.022469129842653725,-0.023394716549829848,-0.024090064769882333,-0.02488542609797277,-0.02525681131842739,-0.025730930248858027,-0.025957035907981266,-0.026684619690548875,-0.027698389300425653,-0.028713785981364898,-0.029799690462638445,-0.03107866611409548,-0.032387502807694486,-0.03353752354348319,-0.03451433693612927,-0.03500791828203387,-0.035607164454326344,-0.03617361652714003,-0.03631889688986098,-0.036353863779836924,-0.0363876260751939,-0.036298399626244905,-0.03618989170053884,-0.036080792823998245,-0.03606512213980992,-0.03589697909850159,-0.035751157489891015,-0.035518007612925534,-0.03550174337079515,-0.035296354780583815,-0.03490617243764661,-0.034673219462695595,-0.03458354402452725,-0.034746650977608776,-0.03524335812056556,-0.035882516501488854,-0.036369538989493196,-0.03714818260277711,-0.037704641798561644,-0.038313359524520856,-0.039210806755485335,-0.04012116331819625,-0.040586036920900584,-0.04096572293663639,-0.0412001465630076,-0.04181099643898527,-0.04239917075684821,-0.042973125716534596,-0.04340471895480816,-0.04369558794770452,-0.04386261777810205,-0.04398289653337406,-0.044413102595341765,-0.04464712004073852,-0.044749253909147683,-0.04480397277276003,-0.04474621406007013,-0.0441281007688539,-0.04377211451612646,-0.04360995801652956,-0.04340046888688294,-0.043111506635726285,-0.042668512400150335,-0.0422457269902002
2020-04-08,0.0,-0.0007220720989530177,-0.00043990609967964903,-0.0002336047907582743,4.6714410321683606e-05,0.0011689131948312845,0.0027473099604426923,0.004852884549783904,0.006637162985344893,0.008580948742953984,0.011111023983729032,0.014260570876494762,0.01688501243173276,0.02042456994208175,0.023231081213882163,0.025203462408762152,0.026185698671392883,0.026973455419573765,0.027607647835066737,0.02805477777531631,0.028869292460154714,0.028987732199371626,0.028425849062367742,0.02713814018585625,0.02631555481982006,0.025887076549378465,0.025833226268136444,0.025300118604416208,0.02463944832513241,0.02349432735193134,0.021227473382098606,0.019777984621386108,0.018515436168468236,0.017637587685577768,0.01606235547249741,0.014412762278535987,0.012786879536351561,0.011334671277669931,0.01071599814835439,0.010591992098955165,0.011175813610425396,0.010768414263560106,0.009858915009012509,0.008801774286871952,0.008184356941443677,0.007185966945981541,0.006760528673089582,0.006504159989751525,0.005720498165388443,0.005145951256867793,0.004660105267289632,0.004410003821777728,0.004687323419076767,0.004400928670449655,0.0038403784541893122,0.0035134348967195213,0.002269391516281872,0.0007306596906107507,-0.0003150944212479653,-0.0015131312896994559,-0.002147799730998574,-0.002716032670389211,-0.0034457859781637204,-0.0040748182385229705,-0.004133166735808364,-0.004075962293982241,-0.0037093595165635118,-0.0031171310682876503,-0.0024116024081272786,-0.002192903914533498,-0.002384191097990543,-0.0025897942412446365,-0.0024595740089488494,-0.0022802633722066577,-0.0022562815846602496
2020-04-15,0.0,0.0015271143311787383,0.0030319905182649965,0.004477725162809629,0.006415905397916854,0.008189139072461438,0.010388641691259054,0.012729567236253774,0.015172667653520325,0.017574930274367753,0.01833282947518658,0.01925178106407413,0.02033949436310087,0.021341318810346954,0.022252628475248615,0.023192377512677533,0.023707698571532314,0.024154528644618367,0.024550821685766732,0.024655282628159005,0.024639587120997487,0.0245903341025489,0.02460603038277428,0.02461902022147318,0.024521592318044495,0.024459341743221622,0.024312631582954894,0.02408792300602031,0.023874538488477648,0.02361505789782222,0.023241157445273275,0.022928382595892242,0.0226469642564584,0.022217906460239967,0.021826115187723608,0.021757725907228388,0.021793549446988643,0.021826115187723608,0.02164916188882005,0.021679561002036565,0.021921092541123528,0.022162565756812774,0.022012804966837662,0.021648619039114088,0.021340232776363786,0.020686769520195047,0.02006767693575589,0.019323062505817588,0.01844883379634163,0.017357970565877973,0.016354328461102963,0.015497708976235466,0.014893976690484064,0.014345657782568065,0.013148480089615609,0.012177319854844179,0.01087493466106579,0.009530740683910742,0.007855658806614934,0.006021732426959265,0.0036749815377149155,0.0008517023748693076,-0.0011356220165687132,-0.002904341607072694,-0.004070560798609919,-0.0054227386181252895,-0.006494185229217999,-0.007722738431507577,-0.008198027332226554,-0.008374221192913771,-0.008311011570486259,-0.007885429555500291,-0.00815664026131801,-0.008437434811049995,-0.008647243156093309
2020-04-22,0.0,0.0005320691436932664,0.0007890973648041104,0.0011094556348728796,0.0010933289391018247,0.0007095480699276759,0.0004441525553345423,0.0002254404238697774,0.00022766674251854173,0.00026718307376064147,-0.000325169032296807,-0.0005234403962681063,-0.00039199768421519464,-0.0003942253828633779,-7.738509639295439e-05,0.0006750561991575275,0.0015047563980138058,0.0026419727408214873,0.0037812249253625758,0.0046404929595232,0.005783560358810324,0.006913712441114288,0.008061917157648178,0.009303124627041493,0.010518004071261636,0.011268573159539034,0.011896459648828512,0.011837044688124215,0.011889308034888262,0.012227028436410116,0.012556388466462128,0.012661386972666127,0.012622907124558057,0.012554739187320748,0.012597069824235538,0.012691070415244006,0.012921362004435574,0.01331476860291625,0.013534481461066873,0.013956743865808044,0.014176864603744592,0.014479245761611054,0.014836387740863042,0.015097991471935676,0.015351851669802224,0.015978823995044553,0.016345289201248336,0.016778410443361938,0.017124881870735104,0.017410507359662902,0.017371662708990484,0.017278101088883547,0.017082742469759552,0.01688625091073866,0.016649753048792387,0.016203429963167003,0.01587526913183231,0.015648397190753345,0.015667579177662386,0.01552014245255153,0.015896638473786046,0.016373768167069334,0.016909240775493533,0.017640808729989195,0.018349978787462383,0.01920064720348559,0.02016681028508001,0.02091181033862651,0.021553287207096768,0.02192806366658856,0.02209252875243766,0.022371839580651524,0.022671209002029076,0.022871464328238243,0.02301346893845805
2020-04-29,0.0,0.0008506606449106934,0.0017373044212368796,0.0025588501271711353,0.003537973833962839,0.004441868844122845,0.005228860402840078,0.006135995676940873,0.006856560363971661,0.007442794151529695,0.00786268181395363,0.007995380414653894,0.008222671763496435,0.008343168081634392,0.008544491373437432,0.008587287164346008,0.008703513404135272,0.008705626483462446,0.008889447294608643,0.00908273962874008,0.009231644308371173,0.009286025950831682,0.0092944733192387,0.009455487635871097,0.009570557393079366,0.00977902162203246,0.009978473288906518,0.010102450967807652,0.010202677003978092,0.01022219353725177,0.010332428424700937,0.010481147149875471,0.010543897707202625,0.010563407582231867,0.010502240213527702,0.010519641656107807,0.010495912341148243,0.01061455328554277,0.01068151329330774,0.010819637097794222,0.010978824840041824,0.011222301434026817,0.011505755764214384,0.011708550166414245,0.011993972862510574,0.012254573725337113,0.01251668547381242,0.012678760369607826,0.012750317548559646,0.012789777037743337,0.012850278563847062,0.012961802219076815,0.01285290898194947,0.012812399775963719,0.012689809974176899,0.012629298738405834,0.012520369285905488,0.012556154182893499,0.012849752479396287,0.013200063449710621,0.01350924504114629,0.013672736117447353,0.01411050823751432,0.014752892656019439,0.015526567592639826,0.01629073174206705,0.01730207564743831,0.01821716744819559,0.018859534729641116,0.019337380771931874,0.019676544253808895,0.01988082297951696,0.019948210131528775,0.01959398500051562,0.019249566240347685
2020-05-06,0.0,-0.0011297997666874615,-0.002109703131957827,-0.003116149368507885,-0.0038169074627760185,-0.0044696475777062684,-0.004955937960429843,-0.005324629507771422,-0.005138630538684064,-0.004926492130938823,-0.003982504016567334,-0.002608991466108116,-0.0012395359761612663,0.00044754926840372806,0.002393820460980082,0.004035342290109666,0.0056720157973583745,0.006841047171344934,0.007616770936238798,0.008333780070065806,0.009133618101138266,0.009577099138841591,0.010097199581529085,0.010293241627536117,0.010355537353962014,0.01051018582969409,0.010553139495581232,0.010792572373650824,0.01066749463606331,0.010363592552478424,0.010136948198389794,0.009879628485286457,0.009767332535371787,0.009882314836820817,0.009929593442669218,0.01005744938465303,0.010132651126790574,0.010145542286194596,0.010320630743908637,0.01057085734526835,0.010643336188859888,0.010675547322104134,0.010699704991158524,0.010553676404729494,0.010249739724321064,0.009859749259640454,0.009525504182882073,0.00911695013060572,0.008741578384484042,0.00862431305486619,0.008278892138293905,0.008137353472842538,0.008242298509994004,0.008266515031528513,0.008442470809506513,0.00843924254193499,0.008482285252685396,0.008832476449358966,0.009119100852092134,0.009005643979696847,0.00876685855738034,0.008170721807049844,0.007237603387576421,0.00600539372802212,0.004854283870152319,0.004300113127094894,0.0036331888177376422,0.002815410532852436,0.0024425369967892756,0.002228166484689194,0.0022384529881743645,0.0026352147033299436,0.0030750951473492304,0.0038705005472674126,0.004704158774624571
2020-05-13,0.0,0.0025441953091090777,0.0046564580667769195,0.006677608353026301,0.008710260533812493,0.01083581952117361,0.012887863529081814,0.014828927843580395,0.01669748754571597,0.018742337046708097,0.01818535562681646,0.017815459228183995,0.01737885867826649,0.01700280348214265,0.016894648114454056,0.01713545099076131,0.017832493434467585,0.018265171433261798,0.018538625290159774,0.01858969009779486,0.01869606673928673,0.018908254338382474,0.019442512384962224,0.019813401327105955,0.02007156084243481,0.02027283652733881,0.02013794912094487,0.020060938308854255,0.020203801938858484,0.020357264660860873,0.020530877477639316,0.02064819506683895,0.02053830976946082,0.020371600805760427,0.020135824764292924,0.020095992241457573,0.019895743390426757,0.01976399283441342,0.01967526392905493,0.019498313924939704,0.019271899792329402,0.01881147259708648,0.018334339979478226,0.0180597658603015,0.01792245052393196,0.017402823408575217,0.017143973923843446,0.016810992837022625,0.01652374087964255,0.01640167378789926,0.016424595819144128,0.016615414661751322,0.016836036870562843,0.01705447950333469,0.017293113495322414,0.017771275403236295,0.0181880162563372,0.01873861422760845,0.018827426276111413,0.01876573730655823,0.018641284182145595,0.01846947087310665,0.018581711393488597,0.01846627901532305,0.018309333441863564,0.018010270644961808,0.017843139666047683,0.017466726548477817,0.017198305914692846,0.017210556838106444,0.01726062426935949,0.017334122978371676,0.017218013848441856,0.01717220562085013,0.017058208597433837
2020-05-20,0.0,0.0005387216120538308,0.0011406442418633576,0.002071196842128853,0.0029700395165374906,0.003950998894919016,0.004927638581891768,0.005896615184642528,0.006976376199633178,0.007985222814070658,0.00835512009786934,0.008606103675937107,0.00863510216299897,0.008525238068119648,0.008306589338702099,0.008126391315650898,0.007887006884037446,0.007530893252118067,0.007167392619806657,0.006813815947938036,0.0064344058952787,0.006126972603086263,0.006139271749637494,0.00601180052693202,0.0061633105538589856,0.006290203501939728,0.006473526989601212,0.006687548171809455,0.006738951137548359,0.006788675405320196,0.006951239743587252,0.006999836321894957,0.006959618632473952,0.007128298661382095,0.007041169483943537,0.006982520570565428,0.006787558033200518,0.006569646607186247,0.006393606552310139,0.006502028537488852,0.006623849526725378,0.006826106649854628,0.007138351539521201,0.007216537142129146,0.00749683812691622,0.007668776740788721,0.007800501910924231,0.008001963203553042,0.008077849454563175,0.007875287293653874,0.007517494652718184,0.007249484958096805,0.007039493848437971,0.00705513300396832,0.007000394889526416,0.006951239743587252,0.006946770974141062,0.007033908376473996,0.007701151484026401,0.008326113490496933,0.00908781563600153,0.010299432261650974,0.011358880535146982,0.012658842619715666,0.013717459971264527,0.01484589825772603,0.015803655373624065,0.016662031888329203,0.01717360803791596,0.017651211538806853,0.0181899000194526,0.018355591957648618,0.01872995463441812,0.01878295041408951,0.019091484644380513
2020-05-27,0.0,4.9797063135143644e-06,8.299496746054287e-06,-4.8691768389553135e-05,-0.00018537337709589747,-0.000434990028652742,-0.0003956892612587174,-0.00044882869471630404,-0.0005246679852067785,-0.0005872258893492403,-0.0007810141458337212,-0.0009205649475358681,-0.000942717659471856,-0.0008928747477050332,-0.0003940286994630651,0.00026776235476615087,0.0007184812313408581,0.0015485994243869161,0.0023449092718449203,0.0030517792661744407,0.003936731416591571,0.004660651724420256,0.005228842942653168,0.005923777459426635,0.006249894516341423,0.006548421100206452,0.006891369259589462,0.006777066274123859,0.0067034218535346945,0.006628123069849291,0.006580302650356246,0.006658353189769005,0.006696826566197333,0.0066649487308533826,0.0068034450458087144,0.006956757880948655,0.007250129819884485,0.007599975948824385,0.007939819102677437,0.008420014351056977,0.00887036510839812,0.009298037960542137,0.009693198590805224,0.010184054492273952,0.010778675326778916,0.011375678018984002,0.01187937825744726,0.012513428179509296,0.013138885172692858,0.013610041077504267,0.013968036633669526,0.014627482510326367,0.015429249602068035,0.016239084648572835,0.01724243540162878,0.01829747903974438,0.019294425837252584,0.020359235290608332,0.02172560662844097,0.022649909138127883,0.023673869575353362,0.02451323216281335,0.025327615215551644,0.025725121341813637,0.025868012339681272,0.025925702164155885,0.026136484347426756,0.02606533011250685,0.025804387926433355,0.026018430234842328,0.02646685396828328,0.02689676385006398,0.027282878691444593,0.02791638710850202,0.028517230189543677
2020-06-03,0.0,0.001684670203158611,0.0034298325875760528,0.00500967746763852,0.006479167171548192,0.007867575749571244,0.008882699995953905,0.009930976569293221,0.011060793760111242,0.011951567681896718,0.011325487413387625,0.01084403912056486,0.010454455502306174,0.010098896069376867,0.009893822427902594,0.009793251626593112,0.010168235129484029,0.010433165111525365,0.010538127298003946,0.010732674290007715,0.010879673247173724,0.010915306104036853,0.010836615184359119,0.01075395830514376,0.010809888557658763,0.010753463333192593,0.010635158009785485,0.010604465639411212,0.01062921762452167,0.010627732522691977,0.010710399835563834,0.011039021444104966,0.011464979987118337,0.011919432504528711,0.01222937031430616,0.012511048624714975,0.012678535475042014,0.012694343994352134,0.012756587609955624,0.012927490630317052,0.012993670659776396,0.012922057746801646,0.012771900921546162,0.012563422158700249,0.012388997764932604,0.01218093341744109,0.012076143530953183,0.012088501400011827,0.01206625712574886,0.011965904581739862,0.012088007088181644,0.01214386277884074,0.012169070962604552,0.012230853039446208,0.012392951062650173,0.012647411722305274,0.012863775866967287,0.013055401813706803,0.013252915902041355,0.01362463036149666,0.013861014290563026,0.014020874876683909,0.014354328901100994,0.014793667297097652,0.015165795170442198,0.01513524154365052,0.015053432075883857,0.014995274287874252,0.014509179497708535,0.013778607031374394,0.012999597015912008,0.012101847727065723,0.010927678326813229,0.009926022763532025,0.008937743260717603
2020-06-10,0.0,0.00046751098010242085,0.0009685991671930776,0.001552884879647208,0.0019610860540022652,0.0021829941417746738,0.0021646277800138067,0.002412297071801745,0.00260086181184587,0.0029530848887774058,0.0023269350250063195,0.0022470255757705356,0.0022981485058304143,0.0022341203453301976,0.002241565690909576,0.0027487113945144884,0.0035486053136120684,0.004115037039417638,0.004716797913850253,0.0053038467235718735,0.0058727472718516005,0.006232718834029831,0.006504095225603559,0.006705232019810159,0.006816408217150182,0.006564391090511517,0.006194156649783923,0.005867801705230814,0.0055448032479180984,0.00518309923710084,0.004986605973044808,0.0047405637490767726,0.004234427454887256,0.0036804544684568524,0.0034499549154231495,0.0033547654064250724,0.0034623487160443766,0.003443014319979596,0.003368151978652027,0.0034529294415812303,0.0036214714691739083,0.003947073693678513,0.004334981766807689,0.004721749176100095,0.005110346786684548,0.005439422835664472,0.005601199469979854,0.005810431344919103,0.006105655758413406,0.006208494045791753,0.006244583822328285,0.00613729943479813,0.006055221579456244,0.0060220918620225855,0.0058133988580689935,0.005528477432128101,0.005257330975756238,0.005122225099310927,0.005170726744912138,0.0051375677109652415,0.0051301438960103226,0.005127669278777812,0.005076195851923246,0.004696497482316822,0.004252260484233647,0.003958470329044982,0.0037310085561371793,0.003420209167203995,0.002919356219057842,0.0027849262478173015,0.0026514705054379735,0.0028965391209154114,0.003221385695760367,0.003959461334677816,0.004713827144732886
2020-06-17,0.0,-0.00048684853407115,-0.0007738163572473621,-0.0006661937728725724,-0.0004924052276263685,-0.000448457676748153,-0.0005873789457420156,-0.0005600983374029994,-0.00039238946748388503,9.794709955673044e-05,0.0009780307239303403,0.0019535940756559705,0.002480556847805304,0.0022397803980037595,0.0018442371822704274,0.0016925287866838615,0.0015090367204365174,0.0010198961357167425,0.000598640105463026,-1.7166974578631394e-05,-0.0006687199918679979,-0.0013227201051415596,-0.001745975919533642,-0.0019442648686601649,-0.0018410687742371659,-0.0018582673837806783,-0.0016650529525905828,-0.001220599174660254,-0.0012797471555954503,-0.001231215221320381,-0.0009466430493955914,-0.0003641039963645942,-6.058898552756747e-06,0.0004083861057071866,0.0005708864719429799,0.0009412078889261605,0.0014283702133786377,0.001766621808742723,0.0025097684567021135,0.003095331549225862,0.0036684786430607463,0.0038576105032381877,0.004025585936974634,0.00416135384044408,0.0045916665627746475,0.00494743956124638,0.005230259128518896,0.005484376866752009,0.0058041921899371724,0.006304545634584686,0.006346188647106352,0.0062925039583428145,0.006413415875162348,0.006647672466455897,0.006696322734982273,0.006631622374117246,0.006425456095518627,0.006416425943842203,0.006232795171625436,0.0056877249815997675,0.005601871932345488,0.005664128679189379,0.00568069635399954,0.005487389733198067,0.0050418890938668855,0.00467459107412651,0.0039627241832770966,0.0029860994482692744,0.0022946905908859676,0.0018351655663989526,0.0010446110379718745,0.0003458012818000671,-0.0004201706196912297,-0.0010633937708177546,-0.0015431750927666543
2020-06-24,0.0,0.0005564779955382541,0.00115890043875305,0.0016737483292623024,0.0023502748394096384,0.002908778863086408,0.0034265328881977575,0.004022950122073747,0.004485950725971002,0.004941611583441473,0.0050698623851846494,0.005322515841445983,0.005602164871867942,0.005890278250983996,0.0059239730760078674,0.005979021333412074,0.0059771231680839365,0.005791560115385648,0.005511489288865132,0.005024738978597352,0.004286325829992249,0.003635366950315469,0.003099160769765108,0.002379802895351343,0.001810519821721537,0.001283346303174602,0.0008627428311442083,0.0003174117556345818,-0.00011505680644117675,-0.0004493217871315088,-0.0004593514630322942,-0.0007153810568660759,-0.0010560593635639806,-0.0011956132978017113,-0.0012132978921067293,-0.0012328946997395562,-0.0009428055896910805,-0.00030557415233257843,0.0003360237539312269,0.0008622658560441304,0.0015040684946837962,0.0021402194740447735,0.002826903498290506,0.003497417675472114,0.003837975175190327,0.004064315158781652,0.003935459810143608,0.0032285997661081374,0.0026079015559156288,0.0022669248161782314,0.0014492500355309387,0.0006771823461224794,-0.0004923068207048057,-0.0017784136291723474,-0.0029804656841794365,-0.003933755059555995,-0.004860130351884743,-0.005386993422382636,-0.0057542342930736725,-0.006388222111965033,-0.006683740115126287,-0.006930312199657398,-0.00704040007056102,-0.00700674747019729,-0.007317355904607568,-0.007808949046634089,-0.008541014381863388,-0.009272652361126142,-0.010072816678508886,-0.010866382709025504,-0.011844613531677312,-0.012879895368677825,-0.01376958568791656,-0.014629549211835484,-0.014981786003872387
2020-07-01,0.0,5.093883920219282e-05,0.00029540915473879047,0.0007192100929588421,0.0011554307616132352,0.0014214319584914747,0.001762430166227145,0.0021875463048666222,0.002667642410742348,0.0031059159875394676,0.003320628952433532,0.0037388000136934652,0.0037948651497965898,0.003730099969468287,0.003697232452625376,0.0037837490364343576,0.0038441612069435457,0.003654696415411632,0.0033443219282166155,0.0030531978729786795,0.002925985840580501,0.0028592293267161273,0.0028587455675981558,0.002844232685237969,0.0028195603018336024,0.0028626156339893014,0.003040622499332674,0.003268405717433973,0.003606841210750314,0.003991551588030901,0.004203658957672779,0.0044012310437468,0.004658644168842782,0.004939646256963303,0.005391401594731769,0.005839094392329094,0.006151588668221747,0.00655893842024903,0.0067931496451457424,0.007119315443844523,0.007501232610028308,0.007832943899077004,0.00826270503213723,0.008817800427554824,0.009288956774116772,0.009599894503772775,0.009822825879308153,0.010057234579634138,0.010327600961341825,0.010535968503233946,0.010925221011351892,0.01128362168458694,0.011530157474294516,0.011591542149533483,0.011392028176419057,0.011311443940666473,0.011340704443810157,0.01144143077668457,0.011598735419510186,0.011742589954053343,0.011701833270250957,0.011676419438364106,0.011615519514901787,0.011578114573800686,0.01168457111517594,0.011776632499086686,0.011565645949176093,0.011429919709272741,0.01142656228965125,0.011501382110607652,0.011607846820534338,0.011639016775194293,0.011504739279037647,0.011413612136947117,0.011408336100727608
2020-07-08,0.0,0.00040565303052542443,0.000947193351021781,0.0014371040458002787,0.0016641672524320224,0.0018329282902089959,0.00193463351711332,0.002104735504758216,0.002397261738891638,0.002529863927668724,0.0022549373879252824,0.0019082836102261942,0.0016119149106019217,0.00117853142534968,0.0008763932052272186,0.0007801339864815509,0.0008426109770362871,0.0008051252511102294,0.0007296867532354744,0.00064868816557505,0.0006759969939424521,0.0007912412923120852,0.000703305076558113,0.0006996023293975662,0.0008564942226431142,0.0008203973831489045,0.0007417202693551177,0.0004306536555425414,0.0001505183275115739,-5.558033512182463e-06,-0.0001241367747988642,-0.00025848124348327816,-0.00037987004268937686,-0.000613422765265793,-0.0008651090764583501,-0.0010116076223977218,-0.00117945828577869,-0.001108976122837384,-0.0010153167249060471,-0.0007849148487771599,-0.0006718194698543846,-0.00045539799119398373,-0.00017370315009177016,0.0001231951449703352,0.00031120058378983096,0.0004311166241855089,0.0006139724766491273,0.0007991088926315483,0.0009342368363242264,0.0008555686789323311,0.0008717655701939912,0.00078291082450552,0.0005963827342460097,0.0007741174776441319,0.0008379831856680127,0.0010138242036298968,0.0011225525196672571,0.0011156127675874695,0.0013034317365601441,0.0015878686678263592,0.0017589543548913662,0.0019508129404465062,0.0021338533249356585,0.0017307503511693626,0.0013464493430255917,0.0005149104183548464,-0.00036226312001756504,-0.0009443825237659193,-0.0018446464718123346,-0.0027113535338362353,-0.0034937523880701833,-0.00453216562983946,-0.00564059255701196,-0.006510597278785257,-0.007225060906510731
2020-07-15,0.0,0.0007478521954488368,0.0015995058115609723,0.002670684308881215,0.003981785117332524,0.005187661861461615,0.006273253028873123,0.007489456030759989,0.008790991367500143,0.010085707883753296,0.01064766009998704,0.0111659976406033,0.011698027056737606,0.012039065869840779,0.012470199490499767,0.013032672601915547,0.013615730083508705,0.014138566580861893,0.014628651650130945,0.014956169305842452,0.015319745976758425,0.01581481385010511,0.016052526196581186,0.016278601689154105,0.01648563829438198,0.016719950166406677,0.01701669726945535,0.01718887206432395,0.017423019237534403,0.017763961634294313,0.017960054938336245,0.017997511784932096,0.0180566999909594,0.017944794339329898,0.01787727495522877,0.0176090022275665,0.017175913702778815,0.016748656541399926,0.01632121675330774,0.016006656284108193,0.015615054719093153,0.015224227154145526,0.01499698551879026,0.014962199078540976,0.014844380011383256,0.014862935116101955,0.01489262256754308,0.015100410053640006,0.015252049112164047,0.015284043406981003,0.015523736211897085,0.015830106988282862,0.01613221437492859,0.01631843756534944,0.01639254660108123,0.0165305600414011,0.016843566914827697,0.01685977022470138,0.016863936747661748,0.016828752230327093,0.016504626083150384,0.01588803342126594,0.01520753360777743,0.014466244761123546,0.01333469700406583,0.012310232004480271,0.01109801898587445,0.010202224756460286,0.009299563382925886,0.008211183780146467,0.0067793656829501945,0.005504238787146534,0.004214825291558794,0.003204435642728357,0.0029096636195279405
2020-07-22,0.0,-0.00024194589132615836,-0.00025404472264640987,-0.0005556666035891715,-0.00086634708824817,-0.0012412647430541787,-0.0014467218274705675,-0.0016419002918742194,-0.0018299358037647895,-0.00214191040123871,-0.002025189084920618,-0.0020902819848571228,-0.002199827188300979,-0.0020467366102332346,-0.0016997881263580356,-0.0014018585997421953,-0.0012574126796847465,-0.001053339879256723,-0.00079102174325162,-0.0005377370541672175,-0.0003795227155395918,-0.00023701677979177114,-6.003296438758763e-05,0.00019351457467015206,0.0003551959538733833,0.00044431107880662265,0.0006337103188654662,0.000770700177353544,0.0008776824732283129,0.0009434776153775391,0.0009354212999423155,0.0009886812926372358,0.0010513364761210037,0.0010468612360577609,0.0010195618379630668,0.0011045902956966554,0.0011229375934870911,0.001113987734178701,0.001062076970559689,0.0009913665953043388,0.0010007650978543813,0.0011095127744869446,0.0011300974232620418,0.0011350197764959469,0.0011793198653048216,0.0011824521205308102,0.000772043122292766,0.00045550588477498595,-1.3439902803003328e-05,-0.000400138463103122,-0.000895492345296825,-0.001627541037693667,-0.00215358328221804,-0.002764804029398999,-0.003427643924811565,-0.003966328262079092,-0.004050439568824873,-0.00425647468909453,-0.004384705746337306,-0.00468487570238883,-0.004766346662875372,-0.0047429399615356235,-0.004787503191251795,-0.004862680008737453,-0.005142279323582049,-0.005658460209145334,-0.006063123303355285,-0.006366051840232601,-0.006492299152572347,-0.006284450451250399,-0.006053207551191408,-0.005721086658838572,-0.005382319838889816,-0.004979733010470216,-0.004379306212317119
2020-07-29,0.0,0.00038318652360289595,0.000811332150960956,0.000962554665893669,0.0007136001739750954,0.000455736491318947,0.00040530597394429436,0.0002296640564827885,0.00014338027881916272,3.8944825365968725e-05,-0.00026335992978209025,-0.0007415686752375246,-0.0012332994133991992,-0.001601591303285151,-0.001699116080196944,-0.0018396571457961004,-0.0021110415270735056,-0.002278698092307251,-0.0024135533980920738,-0.0024752202714435796,-0.002624301227559417,-0.0026544750777494313,-0.0026873123610261724,-0.0027898248717473256,-0.002689974890713459,-0.0024942978441824045,-0.00235144672187053,-0.002036093054113561,-0.0017611822542850605,-0.0015222486153039544,-0.0012231079445005144,-0.0010729066013116704,-0.0008128767916594196,-0.0005958678996436277,-0.000384218878460808,-0.000395287277848612,-0.0003479153883631699,-0.0005267892362882456,-0.0006144668166556809,-0.0006941803792963171,-0.0008390096106058685,-0.000981201829475941,-0.0012000667455063796,-0.001280270134253144,-0.001487233453513671,-0.0016729607748688395,-0.0018055175943909128,-0.001784236385830312,-0.0017789161544532791,-0.001972236065365612,-0.0021788991316860832,-0.0023731836197898996,-0.0025586318771520632,-0.0027081690333094267,-0.002806689408245854,-0.0028617230320285496,-0.003000652022892942,-0.003165350045446177,-0.0036769303334075252,-0.004258104570512548,-0.004643074051099502,-0.004977486519974276,-0.005317349919513068,-0.005604811480183834,-0.006138124645136868,-0.006805834698490292,-0.007643886953734239,-0.008456755120232405,-0.008805393347771124,-0.008741995537653143,-0.008863883624449094,-0.008973729572315636,-0.009058578197952827,-0.00933282246466135,-0.009329695477488827
2020-08-05,0.0,0.0008842865565486312,0.0015987947218394649,0.002496040390775466,0.003486254144175805,0.004471006262205003,0.005496878948654513,0.006480995988970883,0.007445376793356023,0.008355253303661337,0.00861238789718049,0.008803856648302431,0.009095675547744033,0.009146980466045604,0.009175085522749387,0.00909344483941176,0.008923004008515069,0.008819029760120545,0.008610602468244705,0.008407935567564334,0.008090013986137913,0.007910915334236254,0.007741613053544488,0.007615622835044076,0.007382365004097617,0.007309069700863511,0.0072187839553570585,0.006738612908671133,0.006408529271068514,0.0059771989324627186,0.005434192035288165,0.004795905148688136,0.0036930607746578016,0.0027510939781080546,0.0021708425405035816,0.0016257642624418,0.0010686956249598212,0.0007916194069867504,0.0005477648115038396,0.0003740608853582807,0.0004897168562266763,0.0006148082563560254,0.0010682458881121264,0.0014814687557828227,0.0015583390470937499,0.0017336351518790435,0.0019026094870569505,0.0019479940051475339,0.001991579177658261,0.0020216832907136856,0.001885982959971917,0.0016181229664510937,0.0013884073385520904,0.001162236493168233,0.0008163614765361857,0.0002322853194417955,-0.00014047776872365368,-0.0003669947070119612,-0.0005561734152424557,-0.0006863671721176134,-0.0007111464506950909,-0.00053319980583748,-0.00040077399450194704,-0.00028682976534986253,8.103884597215658e-06,0.00034705756529836173,0.00029394890857483905,0.00034120674984113486,0.0003565088102638907,0.00029349882315991144,0.00013100475034757882,-6.573393516767491e-05,-0.00013237274563546078,-0.00016344235755386347,-0.000138676646804716
2020-08-12,0.0,-0.0008003438548759976,-0.0015495901680621271,-0.002248508554001892,-0.002755751381482965,-0.003053754783052518,-0.0034794381585717734,-0.0038086807772388714,-0.004157095846833876,-0.0046790589988625715,-0.004605870172767539,-0.004520711735887975,-0.00439697880638401,-0.004320263209466866,-0.004265279928361181,-0.004399196107675514,-0.0044364475044963185,-0.004531799663374776,-0.004618289717404977,-0.004685269206403234,-0.004626717353397798,-0.004590345958874642,-0.004489666192960984,-0.004327801475590288,-0.004197441820211404,-0.004049366773379199,-0.003933227439737757,-0.0037515097460950474,-0.0034838686989957044,-0.0032220574554317665,-0.0030041551890504763,-0.002777445511517121,-0.0027460113129216244,-0.002711036394140742,-0.0026818177795791213,-0.0026313512742763973,-0.0025277701103740857,-0.00243791992774743,-0.00243969029672778,-0.0023653374979745513,-0.002284794870745552,-0.0022688641305233935,-0.00210426134057681,-0.0019255298558423705,-0.0017406383242766588,-0.0015482635723608142,-0.0014337407774460901,-0.0013382414485215968,-0.0012272791466341093,-0.001296242316350121,-0.0013798002208108074,-0.0013519468102140728,-0.0014677867248873125,-0.0017021604131358537,-0.0019418974996651005,-0.002143639649991476,-0.002272404273085032,-0.002366222617826441,-0.0024866062167685503,-0.0023998577527373725,-0.0023241802900470843,-0.002355158675987187,-0.002314886961395839,-0.0021887717543232956,-0.0020033891499809803,-0.001758772106030936,-0.0016181333404482136,-0.0015456103862381892,-0.0014355093695495506,-0.0014098650901900758,-0.001372726265258244,-0.0012953581430522423,-0.0013139259464815664,-0.0012555711537461031,-0.0012458456860173033
2020-08-19,0.0,0.0004887476268651224,0.0009000932283072113,0.0014396728996398625,0.0019636324510857346,0.0025254010692999144,0.0029555996127781743,0.0033681187654439945,0.0036694170396750075,0.004027008920117246,0.0038254967035768195,0.0037415577271631825,0.003602081035612843,0.003419289022677639,0.0033808022356677917,0.003283266585326249,0.003327880484837723,0.003375991283140711,0.003433283850714149,0.003494508920650172,0.003583715883924903,0.0036073281598607634,0.0036589234152075226,0.0035928985019288333,0.003371180307468476,0.003230339672350453,0.0030956039793928786,0.003007666025906233,0.002989289954351027,0.0028746506458068193,0.002834392503592274,0.002841394036052568,0.0028518962428289675,0.003004603370763714,0.0031266647914345415,0.0031935953746019922,0.003228589974501493,0.003234276481317415,0.003263145940187779,0.0032933267560823847,0.003284578787251366,0.0032937641525152533,0.0033068859565359033,0.003234713903579199,0.003274955933147938,0.0033567472415766274,0.003442905181379281,0.003507628090819191,0.003501068527248649,0.00356360128317289,0.003592023970513633,0.003580654992519095,0.003540862551634443,0.0035246827547343036,0.003564475839444966,0.0035500455631507786,0.0036348751104698647,0.0037494273055157204,0.003869212130145901,0.00394002706583213,0.003989419700351284,0.004059352001541522,0.004091694036924713,0.0041751666187430135,0.004090382893671182,0.00401127406982742,0.0039417755193251434,0.0038342399417750097,0.0037271300060019766,0.0034743925254374012,0.003142851029414119,0.0027923822793475763,0.002539408412649812,0.002349854911263269,0.0022854948592189203
2020-08-26,0.0,0.0004727863610116447,0.0008778539801748217,0.0012518513700357189,0.0015373710417125976,0.0017801727131024974,0.0019372226798943348,0.0019093818251784845,0.001808452228706658,0.0017423204175412276,0.001524315518312333,0.0011996133404770762,0.0008987562438036663,0.000630477347120493,0.00048454870161290917,0.0003904461026999035,0.00030940621273027944,0.000320299053105953,0.00048367742186850666,0.0006483358083618106,0.0007114912227508865,0.0008795958521646517,0.0010502845903447653,0.0011277815939051837,0.001119509728153265,0.001079890896141567,0.0010572508588021481,0.0009527517360641432,0.0008290803325671126,0.0007445917778851013,0.0007088779743657646,0.000690585044451758,0.0006195878849616866,0.0005660100041631851,0.00046842990345638064,0.000450568229054715,0.0005176567693986437,0.000632655225322769,0.000663145022132229,0.000574722050134975,0.0005956306508015269,0.0006117473987818006,0.0007515601761987856,0.0009070299357930064,0.001071618634233101,0.0011695752377946442,0.0012392274296032333,0.0013262858475977092,0.0015130005934909485,0.0016866270789721804,0.0017658151144846763,0.0017601590341873468,0.0017096879782394132,0.0016626953947918993,0.0016805354318821556,0.0017388396747507083,0.0018349907390234645,0.0020242203553714243,0.0021594867074202946,0.002324304250642244,0.002477790619897257,0.002776434530987486,0.0030350133182335333,0.0034064674829974413,0.003855937994768485,0.004258769803612965,0.004548204966625028,0.00477335969637858,0.004967238462901907,0.005191865281946874,0.005580723312267313,0.005859376910164388,0.006160911358860366,0.006363616169375782,0.006411687564501323
2020-09-02,0.0,0.0002646663660471755,0.0007728735302407373,0.0011780337962705326,0.001627438929926718,0.0018812287467430651,0.0021049282765576117,0.0022376446168969823,0.002379479331833902,0.0023890502751460533,0.0025934985482703498,0.002579145033822996,0.002270712176970912,0.0018516305080100454,0.0014301958476536883,0.0009432351045759012,0.00046606236356834296,7.151478789325883e-05,-0.00033234922794833443,-0.0006896824266300861,-0.0009821012737552411,-0.0009991253031732897,-0.0009428161580949541,-0.0008035846763661448,-0.000576229481771699,-0.00026866221209539417,-0.0001539485740663912,4.796780053288842e-05,0.00024373978043242485,0.0005153153848479644,0.0008086039382161097,0.0008674256094437845,0.000986801179505897,0.0010351573001259153,0.0009488988016498819,0.0009558694617061599,0.0009515128048653638,0.0007489072973543803,0.0004150633161933305,0.0001595930467911086,-0.00012429091503924643,-0.00019800054405812547,-0.00040214787632588333,-0.000576229481771699,-0.0007272120029953384,-0.0008498475323202127,-0.0008110040469025166,-0.0006355724935604204,-0.0004619168409379961,-0.0003807715227164942,-0.00027913103202396313,-0.00036332177689351333,-0.00032406096206071845,-0.000129524555660055,0.00011032250156332922,0.00029779923101874055,0.0003322388086357738,0.00038106250627354153,0.0005850500271288291,0.0009214513553390378,0.0015185899425503332,0.0020844753397435863,0.0026913579287680565,0.0032339774901249726,0.003618589452908485,0.003993498038036118,0.004433391089890873,0.0049234289853984725,0.005416696672506341,0.0056157569266206886,0.005596676614986551,0.00564871297106576,0.005722426507289105,0.005779659152805818,0.005935731539495509
2020-09-09,0.0,-0.0008530243987197106,-0.0015302160917357729,-0.0021892705340550147,-0.0026432039411841976,-0.0031633770544695484,-0.003847901075449572,-0.0045897020352967215,-0.0053196174081797856,-0.005802968891412278,-0.005849183842490379,-0.00605317727007629,-0.006387923311873907,-0.0067472442702886225,-0.007012815616123211,-0.007337646973659626,-0.0073861582450850385,-0.007271337207786571,-0.007063090828429657,-0.006981228058859622,-0.006843767069871636,-0.006796171714012783,-0.006630717635592759,-0.0065328813298847115,-0.0064448368380113944,-0.006321231895256843,-0.006373250818596978,-0.006494194159012691,-0.006634275499806829,-0.006869567368444852,-0.007124492303775157,-0.007278457508832948,-0.007542834570811549,-0.007813960405800364,-0.008260654708434139,-0.008687939927814548,-0.008902319636994593,-0.009060571149796947,-0.009276368497307907,-0.00926477489412291,-0.00927146349494127,-0.00926655851663345,-0.0090931161147928,-0.008844374642824056,-0.008614856311658228,-0.00836935229759292,-0.00830520147185184,-0.008116336823990612,-0.007858487274433399,-0.007720460434672651,-0.007634982396466347,-0.007483632960154256,-0.007331416338695621,-0.007229061464466983,-0.006973664988974055,-0.0066929820869695185,-0.006404819176878185,-0.006323010275312643,-0.006231872369594288,-0.006286109537182666,-0.0062572123194714205,-0.006194530455914603,-0.00622876049019474,-0.006067845067793515,-0.005981619281518549,-0.005837185524921004,-0.005738093813683855,-0.005593250952384301,-0.005439544972074846,-0.005278756486316148,-0.00496791283639158,-0.004720639116665437,-0.0043802383591712265,-0.004247127468729004,-0.004017774604350736
2020-09-16,0.0,9.369900243453754e-05,0.00017871457421548236,0.00022946022078112552,0.00037257509456386053,0.0005030953480451969,0.0007536811695806648,0.0009322611127535134,0.0011658406156758578,0.0013200858477027337,0.001357343768697605,0.0014413856094539171,0.00157912963968091,0.0017146893575173353,0.0018497976912221921,0.0020260173470973207,0.0021160635607797447,0.00221692300889558,0.0022861768250250236,0.0023281596159822836,0.002419044156324892,0.0025224693701426533,0.0026051153035445127,0.002548864887060491,0.002523334807974238,0.002436354560873715,0.0024004351372252848,0.0023956746348535976,0.0023164738615010848,0.0022099973634904535,0.0020121633637522132,0.001733311141930818,0.001571333314348907,0.0014972651920003716,0.001375105777278056,0.0013538779741404346,0.0013261511852517855,0.0013114210159584831,0.0013244182354200588,0.0014743072918071331,0.0015795627670839782,0.0018653859397614826,0.0021541575950421205,0.00254799947132333,0.0028681521782450087,0.003105172197598177,0.0032478761347392343,0.003328300290048109,0.003410447319441281,0.0034748631639456586,0.0035872567144032796,0.003607140412062775,0.0035816373368875833,0.0036166498668384174,0.003704824140754423,0.0037847793831487504,0.003827131462037134,0.003971460788969922,0.004116633347981996,0.00431318760136827,0.004628457688951566,0.004880602214002073,0.00513484113132095,0.005276824212268465,0.005319544658949543,0.005477896454405212,0.005677634207596755,0.005906657991488562,0.006201163271104138,0.006340839696235657,0.0064757554958346725,0.006584364575660524,0.00668046515468669,0.006669261078471146,0.0067683697041915
2020-09-23,0.0,0.0007159409544850295,0.001385747878716889,0.0020743265767076825,0.0027749380765384746,0.00346390026467619,0.0037959328426214064,0.004289315238700435,0.004512283463976511,0.004802067853045704,0.004391886796945825,0.004075218960570732,0.003861969189407548,0.003995813271958946,0.0040645129433429334,0.00413811449712733,0.0043272233445504375,0.004455208332576601,0.0046776937632625245,0.0048947811248386455,0.005105137054977603,0.00529985511653959,0.005442416381370751,0.005476271695344081,0.00540455052761261,0.00527134042456521,0.005284706787667251,0.005184454709301896,0.005109147649184881,0.004907261101162574,0.0047637319691826475,0.004605915295657254,0.0043026947342668055,0.0037593432594930265,0.003247394923402527,0.0025774939499042873,0.0019876096439651824,0.0013705401410196085,0.0008721351162289158,0.0004034794220899939,-0.00019485689838268298,-0.0009307280492753724,-0.0017631569417209231,-0.002348873683864984,-0.002885071542040593,-0.0031056517677606394,-0.0033954899749137515,-0.00355459968004255,-0.003861654088854297,-0.004288000120984887,-0.0046708770248902135,-0.00474107952763825,-0.004669977024800257,-0.0049755736077373635,-0.005247043293601559,-0.0059690700264441,-0.006631649160150794,-0.0074079208175188965,-0.008150024154703433,-0.008652746340375269,-0.009174254495901518,-0.009594279807584111,-0.00967703971954395,-0.009243869745104785,-0.00899662195749266,-0.00847836841961164,-0.007936906490822303,-0.007221127552000952,-0.0064648361936174865,-0.005878957123927709,-0.004981875550941492,-0.004349178598415583,-0.004034329314165823,-0.003841870289806748,-0.0034682997490737824
2020-09-30,0.0,-0.000331790842988969,-0.0006120060269167847,-0.0005286906078355129,-0.00040618054125286736,-0.0005723523682044684,-0.0007438991704914001,-0.0009208237099631872,-0.0011432493403746658,-0.001333174904391595,-0.001455798596735708,-0.0015958309471130626,-0.0015382993599144341,-0.0015110956534300066,-0.001305976777404499,-0.000913246954646091,-0.00035940792941486035,0.0001344664134313788,0.0006806059836891151,0.0012304500749295067,0.0017653236910020811,0.002153739138643245,0.002508691786845158,0.0027325270450302775,0.0026454859535865465,0.00251801925630928,0.002039541100903658,0.0016835327902830915,0.001335402121724201,0.0009128585723251711,0.0004536404276306545,7.881197848190263e-05,-0.0001692218426685363,-0.00033847232621606147,-0.0004048441505545171,-0.0004529553408704211,-0.00040929879316087666,-0.0002672054732453193,-8.460734183032342e-05,0.00024532081830437076,0.0005021530808749652,0.0008087520133844092,0.0010747805689814785,0.0013376255628861078,0.001517263273237382,0.0018857752823865145,0.0022008364764083375,0.0023696577621524348,0.002610400922345234,0.002713876020355827,0.002691671965983341,0.002822224732799481,0.0028395416766080687,0.0028093478365930984,0.0029083624635321222,0.002913690326925573,0.00301313856686266,0.0032080106787721013,0.0034086138203042577,0.0036247053640895534,0.003917929471696297,0.003962282666841118,0.004125928936703436,0.004348515831865658,0.004412799638242938,0.004306396614523089,0.004298859304283246,0.00413701511377067,0.0038225634401614817,0.0035909857339374903,0.003404619902597149,0.003215556215531568,0.0029376653609246646,0.0024545019099449995,0.0020199883783198172
2020-10-07,0.0,4.3330205128089665e-05,9.094836412912008e-05,0.00023893627571701452,0.0005134065926178374,0.0007565072201099835,0.0011079768166791135,0.0015364311613551814,0.002036633522478467,0.0026234527076315056,0.003384819783206129,0.004102882071767003,0.004818721282827169,0.005419272040478309,0.005877872089768376,0.006308977617730124,0.006601818678952643,0.006762056376577541,0.006815321201415956,0.0067535337413103715,0.006640175784461926,0.006420241746737361,0.006278281886182345,0.00609323487774506,0.005736261775523737,0.005457247844775075,0.005242601586743762,0.005111145345904261,0.00497924493180612,0.004970280194599666,0.0049830869374356,0.005105169651613878,0.005185838511748997,0.0053130174650841844,0.005546847959523348,0.00562193520581899,0.005738394609716966,0.005787021995134583,0.005837353114193504,0.005935875344790842,0.006052298195273668,0.006219445766927625,0.006429619766619742,0.006532772181223607,0.006703248714689351,0.0069316417152661056,0.006963169487188466,0.006979359037856199,0.007034316346904658,0.007140388193427516,0.007165094076282797,0.007097790410209595,0.006920564154016939,0.006845574358558837,0.006777396937019763,0.006785493249042958,0.006796146191311228,0.0067833626469710594,0.00686730493478004,0.0068050945751159655,0.006863896248168292,0.006969560130604776,0.007205133348851077,0.0074334117643296,0.007507505868133636,0.007653123108790821,0.007658232100616557,0.007644182310288073,0.0074789760298596564,0.007415100306445304,0.007360163920849733,0.007246874713399555,0.00714762963611874,0.007044114619639577,0.0070628588738873045
2020-10-14,0.0,-0.0005288515454295795,-0.0009736888926041577,-0.0015806806421845383,-0.0021687274434772892,-0.002903747351506176,-0.0037435911344510862,-0.004545842192019341,-0.005241759735566389,-0.005916247139144042,-0.0064427560746636425,-0.006686080828169606,-0.007014262388914401,-0.007193162474537926,-0.007350992422802697,-0.007334533056230499,-0.007200757997736502,-0.007089362772425706,-0.0070205908553055965,-0.00693874578039264,-0.006830754282930906,-0.00678477706779645,-0.006886014100051711,-0.006874202584836691,-0.007020168956300107,-0.007123961475990458,-0.007337909314466964,-0.007498294712480185,-0.0076941686125293444,-0.00787994655184889,-0.008072094135297475,-0.008193313910488165,-0.008157411051793228,-0.008084342156027984,-0.00791499489639884,-0.007742298675166758,-0.00752573163341766,-0.0071796594646323,-0.006925668064377675,-0.0067033730552085065,-0.006540163210635561,-0.006372763731628805,-0.006236166281151048,-0.0061746192068941035,-0.006065867199300712,-0.006167453012950265,-0.006321748303245157,-0.006605106572877485,-0.006850579972933974,-0.007101598762481011,-0.007311743611287583,-0.007510535707276273,-0.007678547949769716,-0.00785376666222525,-0.007986784497157114,-0.007948777595943752,-0.007739765456222324,-0.007661238851706202,-0.007493229517083802,-0.007195694309193829,-0.006771279571160068,-0.006153963846015712,-0.005565254697047072,-0.004998365077930174,-0.0044625161181063005,-0.0037398064724665342,-0.003128981568729467,-0.002477789991210302,-0.0015907513384724866,-0.0007933822366196672,-9.468661460939937e-05,0.000361905132866267,0.0009786012897287668,0.0014430702594175032,0.0019060691495062824
2020-10-21,0.0,0.0008059577501567932,0.0016414529197941305,0.0025256796310978826,0.0034484643122025867,0.004408027220045534,0.005309444913890077,0.006273901630061001,0.007162799290798502,0.008000917678751296,0.008194197860636365,0.008291240415955666,0.00832414111892996,0.008285409798718172,0.008190865760180476,0.007991336008237074,0.00784010009179348,0.0077092604888758616,0.007639250103973424,0.007585488802887103,0.007472955793085401,0.007431273686665857,0.007437942940447127,0.007427522211867224,0.00731121951207536,0.0073474873966800055,0.007395425685521414,0.007397509906819992,0.007357075238296545,0.007344569339680759,0.007385421362820186,0.007368330413332208,0.0073499885816164364,0.007365412417153527,0.007567567726888591,0.0077313460813821545,0.007841350069137673,0.00799800152787881,0.008160876356434088,0.008275830853739048,0.008352459844522729,0.008312480234118532,0.008238347143530278,0.00818170242667614,0.008009666080345708,0.007867182584442666,0.007759681598913467,0.007590073212601395,0.007105676649932362,0.0063965839668378285,0.005584263704370645,0.004570233696703787,0.003459345076601421,0.002420954254451573,0.0014892535441883687,0.00039802282271044224,-0.0007099486362618578,-0.00209474781885624,-0.0030677347737670096,-0.004032814962964132,-0.004996717217342668,-0.005638849879693129,-0.006199839568055609,-0.006476225790398305,-0.006768754351007688,-0.007036839757688605,-0.006968331603076946,-0.0063815527946585685,-0.005967886243291421,-0.004951137673433993,-0.0037819731132185982,-0.0024912383358472808,-0.0011344782134340065,-0.0002360334960128604,0.0005201689427815684
2020-10-28,0.0,0.00013166177581117603,0.00047692868927670326,0.0006606579695348148,0.0007989582010615292,0.0008720940564094036,0.001008684059872525,0.001209962705203203,0.0011822315195503302,0.0009801067717543955,0.000948166483280599,0.0008855437463731954,0.0006345931699190968,0.00033059381005519036,4.8796801295128264e-05,-0.0002238227333303583,-0.0007166617421483439,-0.0013735968100582175,-0.0018248579788981388,-0.0021245472274184756,-0.0025850044206258173,-0.0030697254866479686,-0.0035424387556063,-0.004059724885694248,-0.004460224755435218,-0.0047078713742749415,-0.0046639159619618975,-0.004489803890822448,-0.004387548310092627,-0.004325439487387743,-0.004081266682800415,-0.003988344600011906,-0.0038477107804716425,-0.003589722375007267,-0.0034242394875443312,-0.0034204404570990503,-0.0033913150364931707,-0.003447878223497611,-0.0038388426439605722,-0.004254885164860539,-0.005014345008633651,-0.005682148672114395,-0.00649307849240536,-0.007381793104510191,-0.008204282206261073,-0.00890265692242447,-0.009852992010396184,-0.010679642941976505,-0.010985400607808763,-0.011135124129993899,-0.011225734762767036,-0.011318906368978945,-0.011295506290821536,-0.011431234366850477,-0.011597196545727462,-0.011819799326457473,-0.012075236412628053,-0.012546263165945766,-0.013016233338094863,-0.013321427437089238,-0.013523946994242298,-0.013716271949808326,-0.01381905943123669,-0.013909487030142598,-0.013866831483486183,-0.013744846662341208,-0.01346809013616759,-0.013155605121075288,-0.012947193961331146,-0.012987253266154103,-0.012899891954843649,-0.012899039686958783,-0.012986827094891686,-0.012847478831182127,-0.012919494316673105
2020-11-04,0.0,0.00035741197735974785,0.0008634918164405126,0.0015019622809834593,0.0020838786348957375,0.002849397735561306,0.003660276115562149,0.004324343841162537,0.0049665025269500255,0.0056376964461769714,0.0057066839535764215,0.005728557047568308,0.005506438778773889,0.0051424451886167835,0.004870941746116185,0.004512612751214032,0.0041078118321251685,0.0037938835480431457,0.003416617868232404,0.003008420517702696,0.002797087632823087,0.00260596375422395,0.0028447574338234002,0.0029430428594184473,0.0029194214930479212,0.0029447300785227296,0.0029620239102141877,0.0029548533333686494,0.003048066822060619,0.0034254715429184374,0.0036973676659426387,0.004104441313545803,0.00433150460472722,0.004632210381133678,0.0051693810455047855,0.005423552466979918,0.00563096570283361,0.005918664559827203,0.006305917835243431,0.00653836595422754,0.0068047951614871845,0.006965710911095675,0.007064852371337417,0.00711441941581585,0.0069724326766346795,0.006700585249013253,0.006356363247222766,0.005695326581453486,0.004425432226192939,0.0034052344570244817,0.0026852867075436437,0.002018862697524427,0.0012345388282963266,0.0004961126315472132,-8.757484323038877e-05,-0.0002394740383086134,-7.065157038737409e-05,0.00032569418619240824,0.0011179147405575248,0.001657820688371198,0.0021737963096261346,0.002579802677095185,0.0033487370913045686,0.004011747600472403,0.004610313293234918,0.004978710074624273,0.005244292582589858,0.005660833030902772,0.006236130820140442,0.006765297521045796,0.007064012230765146,0.007360118063252522,0.00741428964229368,0.007428566934177232,0.007395812844322237
2020-11-11,0.0,0.0009836978693263047,0.001984201760982898,0.0028195587252773002,0.0037464773750590604,0.004759188761656193,0.005749235429827435,0.006742626668136014,0.007582267341847591,0.008305042909893043,0.008607581944542617,0.008671531136735184,0.008450634077985441,0.008363124946862067,0.008257946889733402,0.008040491501576383,0.007938027718606305,0.007718931994101508,0.007610544319559041,0.007579910890945362,0.007356415560537125,0.007030706398649278,0.0067799677401159195,0.006044288338888117,0.005103355880633811,0.004306156748575507,0.003402237252149511,0.0027126119816939472,0.0018795355640994409,0.001084504859012491,0.00037982917639632104,-0.00039580886431968417,-0.0011114330452543346,-0.0012057260970356155,-0.0010508207781448377,-0.0008167255383392961,-0.0005355668140724417,-0.0005715982342666899,-0.0005110186779477544,-0.0004314393477064204,-0.00023786234294160419,0.00020457176415168555,0.0005463546000910418,0.0007915434619938985,0.0007626775731094937,0.0005795772571551705,0.0003909053623593323,0.000342248345464039,6.212776517550362e-05,-0.00033009374724589493,-0.0009050494534829287,-0.0010674590738767643,-0.0009826858837038103,-0.000890394273044783,-0.0007402900612308643,-0.0004365860780183795,-2.7701176330077926e-06,0.0006286182099201344,0.00160695707659712,0.0026305196372324374,0.00388327301815376,0.004596120879365642,0.005319482680588071,0.0060018060850567795,0.0067048911157379844,0.007148193949131844,0.007604260615833917,0.007937242514983355,0.008230473186971402,0.00838392377490782,0.008466329973156205,0.008643676469831002,0.008715469315724242,0.008800201780862237,0.008952780568588331
2020-11-18,0.0,0.0002636242604718915,0.00023916720230914186,0.0001801572342660219,3.2617077838904304e-05,-2.834665788240377e-05,-9.513922078843068e-05,-0.0001530038265590582,-0.00020776469150708557,-0.0002384476216826794,-0.00044160013767555634,-0.0007314455270058019,-0.0007516523594805837,-0.0008398677371880177,-0.0007986736848260756,-0.0008184932529195786,-0.0008138297897929721,-0.0006824845108451903,-0.0005713596709098296,-0.0005970027687218247,-0.0005977798425570709,-0.0006397427263923115,-0.0008488062933586698,-0.0009953322772055918,-0.001260843859910318,-0.0014739260991842526,-0.001699889531795107,-0.0020216157611125593,-0.002327877016029341,-0.0025505298396965455,-0.002686792907048863,-0.0027876395320723117,-0.002799710659046502,-0.0028211275332466687,-0.002724560529104627,-0.0027210562567150974,-0.0026864035575486895,-0.0026704403585622112,-0.0026782272530629495,-0.002642797372783058,-0.0028067197673827854,-0.002907189052488146,-0.002882654923468817,-0.002773621631992398,-0.002676669869312092,-0.0025462475870836137,-0.002398715719056875,-0.002271443179142117,-0.0022103425465758663,-0.002154693626646737,-0.0019391319397615953,-0.0017699057755924258,-0.0016150986443532024,-0.0014677040764124569,-0.001178034000824354,-0.0007706937868266361,-0.000461801114082784,-7.844066181541248e-05,0.00033582732346588664,0.0007378952620630703,0.001036236946197514,0.0014372479336100797,0.0017846090779358955,0.00205163845139702,0.002256609722233295,0.0022620337221154587,0.0023387414274422,0.002420091655325849,0.002541329951669509,0.0027310984114817197,0.003058654728155177,0.003356691942436139,0.003626397108344553,0.003922331265348181,0.004079353565931412
2020-11-25,0.0,0.0005915839890774594,0.0012317533766562877,0.0017821090196539265,0.0023245243855991794,0.002920841666959925,0.003463021330190285,0.003980507670012999,0.004361682225890299,0.004570885294431538,0.004336910294392896,0.0040521795774009104,0.003720081916285198,0.0033588815447501766,0.0028128284816129447,0.002274496975532711,0.0015417478730097003,0.0006084156699737716,-0.0001795342106494081,-0.00083708065177604,-0.001408045241042945,-0.0021423479252153034,-0.002818075869330366,-0.003492340194193653,-0.004074047178593502,-0.0047264686290698415,-0.005031872745706356,-0.005045721994327117,-0.005179607953698802,-0.005469755707897347,-0.005746128528120377,-0.005808111191858604,-0.00591360604946731,-0.0057954063576883715,-0.0055975397745528874,-0.005423572713160638,-0.005464752447118397,-0.005673756118145359,-0.005850461804890203,-0.005772307072725702,-0.005639496537921757,-0.0054020213788435155,-0.005145750040735815,-0.005022640019847823,-0.004827233984333834,-0.0046030256781112635,-0.004197424844125447,-0.0037551038236874374,-0.0035338245983682717,-0.0033425497277310844,-0.003264206728214019,-0.0032757273726328607,-0.003213901469364627,-0.0032219655008466023,-0.003294928741614279,-0.0037531827863887214,-0.00456226593181573,-0.005548656591685947,-0.006543726763849883,-0.0076014963412006364,-0.008472760388919249,-0.009522526257783867,-0.010504540780819261,-0.011458868940098914,-0.012368378959759943,-0.01290525405345334,-0.013185629028701863,-0.013360951805363822,-0.013259710788235705,-0.013418365058996424,-0.013739629758261391,-0.013921259818690981,-0.014236862287202367,-0.014547903857639096,-0.014843890904734383
2020-12-02,0.0,-0.00011671014705004959,-0.00021855660044980418,-0.0004344901303866876,-0.0005531589713887906,-0.0006249013065334127,-0.0007080983316389505,-0.0007340511136069451,-0.0008687874094977254,-0.0010428645719298673,-0.0011119693915604843,-0.0012986908252987563,-0.0015106561745318213,-0.0016118807049508065,-0.0018426345374816017,-0.0020764990347071416,-0.0021445287155480307,-0.002284424512518989,-0.002211798568588663,-0.0020680911932483797,-0.00199395237860237,-0.0019221117608032392,-0.0017910541428343353,-0.001735655941504204,-0.0016332728606009484,-0.0016210487156224358,-0.0017730971483074177,-0.0018758766460660707,-0.002094079295285192,-0.002318063579099339,-0.0024943049101355174,-0.0025948643149237304,-0.002724497630637945,-0.0027994555337793057,-0.0029241428594358894,-0.002966983811261292,-0.0028464983119279464,-0.0027179964446495766,-0.002521068783190631,-0.002311182768876179,-0.002127329763613419,-0.0020000667120521503,-0.0018667062988421599,-0.0017986955149039148,-0.0019771381543796517,-0.002284424512518989,-0.0025248922521017114,-0.0029157278881308635,-0.0033679416774158605,-0.0038054292807780847,-0.00425574761289749,-0.0048154818208150435,-0.005520096500891663,-0.006133108642230612,-0.006331132776493307,-0.006447816517245314,-0.006731138309734352,-0.006848252740842729,-0.007091356964046073,-0.0072857292344189585,-0.0074908982652194065,-0.007452473894942018,-0.007168563560293286,-0.006906239060311829,-0.006734593949020835,-0.006452038881535187,-0.005860697657549029,-0.005358658328005929,-0.0045974508921300394,-0.003720442957017165,-0.002978841899022444,-0.002256137991464885,-0.0016290707939098164,-0.0011436599390936132,-0.0006928323039316869
2020-12-09,0.0,0.00046615961776251167,0.0008825360787892018,0.0014849871450686926,0.001964229749859506,0.0025738428988674247,0.0032277031522862354,0.003847694318315572,0.0045285725326146865,0.005149613440118228,0.005102482796377463,0.005199710507836222,0.005371505834349754,0.005443851405802723,0.005453868072423186,0.00548799818308595,0.00552991726849914,0.005548464975613543,0.005554029220665282,0.005626732510780752,0.00573355224627364,0.005713895304414758,0.005714266193686468,0.005714266193686468,0.005769156289264799,0.005791408172423969,0.005774719306474674,0.005831831160055527,0.0059478990973820985,0.0060109335461000155,0.006122161116711709,0.006257471313690875,0.0062797123336945475,0.0062986168117767265,0.0062912033335544406,0.006287867250423518,0.006276005531378731,0.0062474626933030335,0.006131429522514562,0.0060339215915759655,0.005857419179227049,0.005661227631115559,0.005594461804808026,0.005515078855111256,0.005490594991645295,0.005533626837443695,0.005611153679296643,0.005696463353465393,0.005811434443925947,0.005958652313845453,0.0062459799262075824,0.006551754112687096,0.006717389081386697,0.0069500469053887385,0.007203389716974952,0.007385208808221151,0.0076110479961301915,0.007840167111866612,0.008124364727333565,0.008459155420616088,0.00870582998433832,0.008911407267145906,0.009068150034472129,0.009170906722987952,0.009374171225501217,0.009479482945518062,0.009587369767912522,0.009548576189094793,0.0094214704927779,0.009312826655991454,0.009220802745231965,0.009176820455673128,0.00920564940171109,0.009216737236582367,0.009154643777775605
2020-12-16,0.0,0.0006679525184624848,0.0012490101664178015,0.0019753172798772528,0.002585742635930144,0.003217458308501434,0.0038392349727086068,0.004496928348816506,0.005108015661487905,0.005714334844639096,0.005549144724537203,0.005411404383910169,0.005372203531744668,0.005268515365567483,0.005163717107614263,0.005030321620581706,0.004847423610269745,0.0047726420438910545,0.004752845987264779,0.0047337827475326805,0.004936127825024427,0.00506513809288115,0.005098121001141337,0.0051215748518432256,0.0051508913916873756,0.005133668028671311,0.005171412458211977,0.005141730065310506,0.005115344976402148,0.005066970505213544,0.004991105826507123,0.004950422396184559,0.004941992289193842,0.004994037901687105,0.005094456287278448,0.005184237910945883,0.005311750607426007,0.005379530910605881,0.005436316276409443,0.005416166999575482,0.005385392775037817,0.00531614730697005,0.005209521893123126,0.004941992289193842,0.004815898729804991,0.00479647011082565,0.004710686412534988,0.004649826848160871,0.004639927653130167,0.004762377470855004,0.004763477251577126,0.004877114740046959,0.005116810832938711,0.0054410787734305265,0.005666355603892222,0.005846540535645773,0.0060903976980712015,0.006328339103377506,0.006594034434375274,0.006843562728409797,0.007114972954925898,0.007327075218266942,0.007460164700664945,0.007547906319203221,0.00755741119904501,0.007583366372268891,0.00760749311222834,0.0075939675872780344,0.007494896678565079,0.00748612239802851,0.007544250572131119,0.007594333144411657,0.007613707481275333,0.007668172945706452,0.007688276897760505
2020-12-23,0.0,0.0005788361616923239,0.001343663925242898,0.0015856138049473417,0.0019480579885231273,0.002202098673856135,0.0026076882524273017,0.002981248631799428,0.003264661165087222,0.003702773703316843,0.003908246423648867,0.0037801548728146374,0.003923423814962987,0.004481495683788802,0.004771140977607359,0.004940524249084264,0.005055156035272963,0.005058853616056571,0.005162010608334367,0.005214509364273885,0.00531395367766579,0.0055882060736415105,0.005655464043828822,0.005590423441470596,0.005555314540122416,0.005479549026589251,0.0052422364682034915,0.005197872732887965,0.005204897122122066,0.005116534106090696,0.005091021991994589,0.005122819599486284,0.00520304860342328,0.005269223444401303,0.005352397899171467,0.005473635379147672,0.0058121353986396755,0.006035645194193977,0.00618487020325286,0.006444483417952578,0.00670624414614508,0.006878990844916595,0.007072372684233672,0.007264241363994566,0.007304455324405372,0.007446482517502604,0.007254648804278822,0.007154659338141104,0.007148017617286004,0.0071188673207535766,0.006992293520217232,0.006915160520559734,0.006863489154862922,0.006839497970330232,0.006963876791471783,0.0068727163802713796,0.007022554603248793,0.007137685963830267,0.007147279645579057,0.0071985673828953815,0.007337289377231791,0.007439842734579033,0.007464557258771359,0.007501443472184451,0.0075405413729640715,0.007752233646949841,0.00791926926113775,0.008004804292025032,0.00818359311801532,0.008474010739118543,0.008725293961316945,0.009033969022123278,0.009357643969139061,0.009765494583678872,0.010053981563473272
2020-12-30,0.0,-0.00022655013254566263,-0.00035115663023559796,-0.000321350205009619,-0.00037414050453483293,-0.0003999979945713926,-0.0004739828399229088,-0.0006072411991637368,-0.0006826783304330908,-0.0007904555335034654,-0.0007512951395305139,-0.0005734759459767559,-0.0005145690848908504,-0.000655735844556138,-0.0008903394454861205,-0.0010674962446289625,-0.0012281503335402556,-0.0012727211418249508,-0.0012831452465246348,-0.0011814250062118466,-0.0009837650834176258,-0.0009330985580793427,-0.000825665270364616,-0.0005975425522865238,-0.0002778990562134778,2.2257307398181288e-05,0.00029289524645860563,0.0005074870599225827,0.000639520675585953,0.0007044547271868853,0.0006800601083516337,0.0006901050234720257,0.0006133306106959309,0.0004942109764100861,0.0003722062812312072,0.0002842819047512419,0.00017983923282614828,1.8308466427857548e-05,-0.00012565538273930478,-0.0002477357325864129,-0.0006025714685551097,-0.001004966731756658,-0.0012400117256257687,-0.0014150734784769122,-0.0016365507326616545,-0.0017559386897230244,-0.0018016119486312604,-0.0018454890122989974,-0.0019443992908659915,-0.002063104540475196,-0.0019483559055072826,-0.001670351900531121,-0.0013873922703665587,-0.0010869027505529096,-0.000782192203449705,-0.0006129885898483858,-0.00044525021103980765,-0.00010590849121357236,0.0003147871560531831,0.0006258875767177543,0.0009401191485995763,0.0011907879137331753,0.0014202435670571682,0.0015141617887309993,0.0016019781000041857,0.0017066307339950561,0.0017879798390653342,0.0018309810975753779,0.0017922800481272297,0.002024822148163055,0.002297067749764694,0.0025488289604220274,0.002701716996013819,0.002963756401509624,0.0031602409042923315
2021-01-06,0.0,0.0003648419211433503,0.0006091693196628914,0.000777769699325227,0.0008330250167396576,0.0008492138944884116,0.0008868696180659409,0.0009509162834736311,0.0010001801580381644,0.0010142551050198278,0.0007587639800109879,0.0005162333672524057,0.0004398363626115032,0.000529963085774154,0.0005539016313044471,0.0004877171956769,0.0003972345764636987,0.00033949041547391267,0.00027927801356702743,0.0003761090507015062,0.0005257385770756869,0.0006735857639011232,0.0008150761720025657,0.0009076324479559538,0.0010139032337595753,0.001153586392472626,0.001224651946606462,0.001238371942251361,0.001261941751718564,0.0012348540125951205,0.0011191072249230583,0.0009825861957225186,0.0008865177019797554,0.0006957609567249584,0.0004887733646809002,0.0003306876590137722,0.00024829010131541246,0.00021870983473151843,0.00020568015399907358,0.00018490274432502113,0.00025885427019003087,0.00030251831760759647,0.0003310397707600502,0.0004391322156083969,0.0004863089686031675,0.0005729112445368216,0.00049616651647482,0.0002982928479556421,0.00013559868866896724,3.346112548400359e-05,-0.00014583313544890022,-0.0003043715385382855,-0.000684261346871752,-0.0010325617291518075,-0.0015227849598205602,-0.0021269011548156816,-0.002585878152591239,-0.0029768808569747294,-0.0037607594348161902,-0.0046018678232609385,-0.005135266389926823,-0.005659739666649905,-0.00595450033339858,-0.006393613912271128,-0.006588601041965796,-0.00643721682445644,-0.006312439571187794,-0.006188032299900706,-0.005705436050320506,-0.005088533976882967,-0.004807123574416111,-0.004482272691560312,-0.004210583066982214,-0.0038823898912324073,-0.003618286755832492
2021-01-13,0.0,0.0004592482437473098,0.0009121162929048272,0.0014171941521063326,0.0019415335641156356,0.002448829635645998,0.002911743741186469,0.003471880869737167,0.003888189794741173,0.004294419498451815,0.004263676176155269,0.004137960312970791,0.0040327294507116335,0.00394593982290629,0.003784299691239406,0.00351392978699224,0.003236305863053329,0.002964761612497062,0.0028655645951673973,0.0027519890310331724,0.002589813608192028,0.0024748378829996605,0.0024087893009924447,0.002270860319824064,0.0020839584437916227,0.001875792162005909,0.0017220362804977614,0.0014230178499318462,0.001035496710875321,0.0006179982404375051,0.0003913517823956767,0.00012246395432881404,-0.00027242459428319845,-0.0007368153883332793,-0.001152650433835738,-0.0012574090691771858,-0.001324735165209673,-0.0012831710705357602,-0.001265996329221324,-0.001225808587198564,-0.0013082467225770035,-0.0013474072177492961,-0.0011492159102798067,-0.0008384403579503958,-0.0006317679984753991,-0.0005579667917751146,-0.0005888596573791094,-0.0007203366366532217,-0.0007563842586556361,-0.0008532043039138696,-0.000923593554783259,-0.0012045131734398824,-0.001592366865050562,-0.0020085579051484616,-0.0024937026354659116,-0.003035169590659082,-0.0036048174931085013,-0.004261605952144777,-0.004965023483906341,-0.0053039847381566654,-0.005723793870876133,-0.005834898579587136,-0.00572689911430399,-0.005653755941686134,-0.005474370811335506,-0.005262254923525903,-0.004859186286583425,-0.004159288037893996,-0.0034626332782431335,-0.0029271279924742498,-0.0023836562611250145,-0.001894784108987055,-0.001696140657519078,-0.001517120420022987,-0.0012704617335868808
2021-01-20,0.0,0.00029553516765340714,0.0005479954529328743,0.000640502406925581,0.0007519120624067001,0.0009936008320516284,0.001232825497805411,0.0016262530973416708,0.002076185735248722,0.0024431945642308314,0.0025780853775302127,0.002545136629305062,0.0025568061017934964,0.0027479601321994153,0.0030783610885989137,0.0032639278695905864,0.00352215482577008,0.0037258087341433123,0.0039763764117784995,0.004204951796986855,0.004404355710144179,0.004632490795877565,0.004885228359401235,0.005097848294879023,0.0052953628639319395,0.005482572029308677,0.005573597094800027,0.0056180800150768305,0.005628687188502951,0.005602682305058281,0.005578387658211318,0.005551354892615906,0.00552329479335653,0.005504473553895231,0.005435345234596005,0.005396672357676735,0.005310080758684726,0.005201231669965715,0.004935905168745397,0.004727360486264386,0.004570495269468489,0.0044338175216434034,0.004172741936723367,0.004132992168363327,0.004105234927705421,0.004079533091958981,0.004089813905527905,0.004130593424893599,0.004284786658788899,0.0043909948351367484,0.004569810214557981,0.0047482511583572425,0.005041701851244927,0.005194385419297993,0.005362105069108972,0.005479149872761338,0.005607472729137388,0.005806597197984149,0.0060049979517368835,0.0062594406108315345,0.006489546024401466,0.0067052431345375075,0.00695438204307004,0.0071833027206636545,0.007348298111927526,0.00756176106760859,0.007828781760225544,0.007992646622605978,0.008244536480490231,0.008430170775321402,0.00847043249012098,0.00847043249012098,0.008341452801172109,0.008151706408941249,0.007960558534657408
2021-01-27,0.0,-0.0009115687689270251,-0.0016284852156133614,-0.00235647029417725,-0.003140966107583721,-0.003773868047403209,-0.004533385890554401,-0.005253257353521072,-0.005925981860097875,-0.006686429978325615,-0.006787843208881591,-0.006742258986103172,-0.007040184167384459,-0.007344208819761949,-0.007577946421196712,-0.007834024292905476,-0.007800065444658871,-0.007905836905176614,-0.007974116732918642,-0.008094059945789205,-0.00820764775486088,-0.00845043629926554,-0.008586721004952115,-0.008406545958566955,-0.008260376698905189,-0.007921402880502066,-0.007829071889043977,-0.007636300940479084,-0.007662119481057412,-0.0077816715500165935,-0.008136875019178397,-0.008399113107737591,-0.008688327143183124,-0.009116815005472439,-0.009442730343346993,-0.009978595961643,-0.010414730300767342,-0.010744971512869964,-0.010945439615429509,-0.011084194171086638,-0.0111686628930435,-0.011269111878797235,-0.0113535962226207,-0.011503768788221326,-0.011550280705133184,-0.011703678847114945,-0.011862072916262933,-0.012064896570316617,-0.012175383503395233,-0.012318217500687595,-0.012410253197099454,-0.012755729136288358,-0.013012425371836178,-0.01334779409652947,-0.013740919704511011,-0.013870097866464133,-0.014161966722605583,-0.014596368346550202,-0.01499782349324814,-0.015630076920334517,-0.016215642009143973,-0.016622743999879338,-0.017134621788635434,-0.01757031694177676,-0.018243160237379326,-0.019012321040805604,-0.01933038509600591,-0.019447045864159712,-0.019680050278160003,-0.019762742315697718,-0.019806417926205685,-0.019875515206073772,-0.019826108374459285,-0.01977598799603988,-0.019566583589728244
2021-02-03,0.0,6.728046719093381e-05,0.0004227330746066006,0.0008347087735263743,0.0013017733121507011,0.0017989623967820773,0.0022526277805044403,0.0026532909242424707,0.0031828329985171674,0.0036385935180426312,0.004557651517738257,0.00536546625978279,0.006025982284330318,0.006557134906465444,0.007134125416715899,0.0077294232594926114,0.00829794756126229,0.008920310875596237,0.009260787566554936,0.00966440346976405,0.010141224885847313,0.01047452667240158,0.010589432569667719,0.0107006083550879,0.01084082766169175,0.010972582104033884,0.011063448771112169,0.011065475442787112,0.011084053075081873,0.011124922651318833,0.011093172877364622,0.01103912839063213,0.011141472665716277,0.011245832773703656,0.011263393921960144,0.011196862558223284,0.011359974725215907,0.011530487985736375,0.011731352446281219,0.011931501596880872,0.012190319764391305,0.012440975459746009,0.012595453328231459,0.012809928877323724,0.012951875601011782,0.013044922377311668,0.013185150436906356,0.013324347787460717,0.013521819742704028,0.01374283424734362,0.01379437481340182,0.013914962621851145,0.014037556547812476,0.014126461421676475,0.014333538718310264,0.01450792177976062,0.014497486583256496,0.014574233225796927,0.01459611167217915,0.014287076324559311,0.014192461443251553,0.014196165397003219,0.014250039536924117,0.014285056171512588,0.014172931278406216,0.014119726480667895,0.01394628612578176,0.01367613074774337,0.013426795444043198,0.013263346006762803,0.012834543411195611,0.012445697844253333,0.011962549815103642,0.011507529478173434,0.0110843908470199
2021-02-10,0.0,-0.00022978765572729767,-0.0007388147948213431,-0.0007980362053305794,-0.0004940260644660707,-0.000358425668701967,-0.00031212730550625136,-0.0002569027756157149,-0.00036867773900014193,-0.0004880724904363293,-0.0009049082959182134,-0.0009452778160095564,-0.0012378400843815877,-0.0019348404779861328,-0.002780170494476248,-0.0034672996185438672,-0.004242544651050679,-0.004898786527621431,-0.005299186002051063,-0.005603330901018721,-0.005810135779691042,-0.005845715850399394,-0.005814458524461142,-0.00555446204059587,-0.005167584753643176,-0.0046649343669610014,-0.004208681503315065,-0.003952421130753362,-0.0036706769098314483,-0.0033810509416612967,-0.0031578341008315788,-0.0029784343929939775,-0.002589237744322166,-0.0024616380875744663,-0.0022512170774365617,-0.002229349087203439,-0.0021869398024793635,-0.0019692891990808004,-0.0018311702367009748,-0.0017079722962027907,-0.0016493592497497597,-0.001699031100953729,-0.0018010317037729679,-0.0017649328983579257,-0.0019020490478743042,-0.0020236145936323585,-0.002041502869425019,-0.002222722517907487,-0.0023847547268852185,-0.0026343158006303354,-0.002963181928228539,-0.003296799801567433,-0.003799758342973809,-0.0044291445230307015,-0.005002110794978966,-0.005435458070443231,-0.005759926805607719,-0.006186284496897566,-0.006437128935737519,-0.006623806016044483,-0.006712664568098065,-0.006712664568098065,-0.006594521032217377,-0.006156347056167378,-0.005755936796590363,-0.005426151094465812,-0.005586043684217018,-0.005504598318138959,-0.005527202897561792,-0.005224742764320748,-0.004862243522480086,-0.0044218392468281156,-0.003884383748666216,-0.00342118882358403,-0.002892890966722063
2021-02-17,0.0,-0.0002642819672015414,-0.0005341895304017705,-0.001089264739690062,-0.0017153198379389427,-0.0021620406934371363,-0.002716710377966599,-0.003233674884043898,-0.0038623859553173086,-0.004508882245228818,-0.004706095954156884,-0.004882341443245499,-0.0049525857325613334,-0.004910241621660691,-0.004838359213372122,-0.004899409695246792,-0.0048770897320082,-0.004771733102180772,-0.004592553860765065,-0.004370101237662665,-0.004099812437027767,-0.0037817262506979763,-0.003468002197767038,-0.003106210775749092,-0.0027586341690363824,-0.00231262895366447,-0.0019591097812242113,-0.0018128286833445175,-0.001632215776883493,-0.0014542523583646494,-0.0013800012518827387,-0.0014424764846437978,-0.0015726730194408516,-0.001660352599053808,-0.0016498829913433632,-0.0016940523931119173,-0.001712047893910149,-0.0015536985999021421,-0.0014702808537586773,-0.0013008497558781203,-0.001128177325840089,-0.0011154242946652209,-0.001158262043754056,-0.0013028121139260745,-0.0015975365969184195,-0.0020157299097604492,-0.0023535535951990367,-0.00277206325502842,-0.0031029342776440778,-0.003587645006762234,-0.004183449830600856,-0.004716597608331608,-0.005383021804430528,-0.00578210401918434,-0.006028530588763949,-0.006062706534422173,-0.006092940075383441,-0.0062059953279719705,-0.006374287283356437,-0.006393682121667342,-0.006375273452498538,-0.006212568700947209,-0.005922395434581844,-0.005719357086577065,-0.005638875947288626,-0.005750894319732821,-0.005816928623098938,-0.005770934120091029,-0.005777176107145459,-0.005831055930840034,-0.005907938266734137,-0.005952624733675094,-0.006030830856137186,-0.006158668318044267,-0.006318405954247208
2021-03-03,0.0,0.0013222489808771126,0.0026016066782299113,0.003865965863111859,0.00490947877255826,0.00568948190809651,0.006266919388697466,0.0068203728976537524,0.0073825092971336855,0.00803150359511791,0.008078747244266044,0.008149608533322477,0.008266701630784945,0.008399412741011553,0.008550728481546064,0.008967310444252537,0.009330888199558893,0.009708616455980474,0.009994226462774107,0.010288385905952501,0.01050513201661496,0.010726144753622378,0.010920237274652562,0.011040655234589304,0.01115840533220089,0.011162717044453123,0.011144806733320847,0.011071503783640206,0.01105326013305214,0.011027386748768795,0.011098039408547465,0.011264202748819568,0.011375626169872706,0.011659766013014303,0.011879860873461216,0.012151597934401563,0.012335475637362875,0.012528593647476154,0.012691870173857497,0.012814061734281573,0.012918028703340684,0.013036220057929598,0.01321629431256454,0.013326838544436231,0.013548221234107557,0.013633253573744319,0.013821820902598217,0.013935605736922747,0.014117502270046394,0.014355901984169899,0.014600524989935488,0.014755201628485981,0.014939592511242852,0.01513947611687678,0.015335026035580485,0.015445336314727748,0.015567522119861218,0.015634552854799123,0.015735255611547892,0.015709172919839084,0.015673184291581415,0.015893057894858457,0.016046874646598045,0.01611354322753599,0.016239607305875696,0.01661737435083737,0.01709853196133026,0.017532331691107718,0.01788523199318677,0.01853469109103667,0.0192186041534453,0.019731396592458268,0.020290925077751442,0.02083733017794041,0.021221245100016356
2021-03-10,0.0,0.0010667822889862987,0.0019776637115719357,0.002940581535840667,0.003539747081995866,0.0041477939170336195,0.004651248829193782,0.005035432788451574,0.005491974553552957,0.006084344009092478,0.006022751297302354,0.006010234667477214,0.006105422996340203,0.006171621301786622,0.00620093158955137,0.006045149085982771,0.005794792326294409,0.005568429042572512,0.005400353285489924,0.0052236785086838084,0.00493453695869394,0.0046373956635143735,0.0044170385587615595,0.004238540099857749,0.004060339803573757,0.003955384770768065,0.003926008590458194,0.003927989034236029,0.003836224353143106,0.0036318691434621395,0.0035697949952117427,0.0035423886929823907,0.0034819600957081355,0.003275881026667523,0.0031312040013578915,0.0030145883332666225,0.002728772889125636,0.0025622022866010116,0.002533776753727821,0.0026021949821554316,0.00268647187244093,0.0027367041305499905,0.0027333994542679016,0.0029481807003950925,0.0031675403824368595,0.0034017131994119225,0.003775153261917266,0.004063970126472779,0.004328618165926045,0.004464214898153586,0.004546355800195938,0.004501822413591187,0.004508420077490425,0.004514687817876031,0.0045664776429021475,0.0045842900838372076,0.004528542683540078,0.004505121250981841,0.004553612904901594,0.004677965106780135,0.004853087474394047,0.005174889674987735,0.005438914338600532,0.0055944617802246065,0.005744713452057167,0.0059163549497260395,0.006041196571491876,0.006096859711358599,0.005966754630736278,0.005848821983318138,0.005795780699891169,0.005691337154086136,0.0056699199373118495,0.005644877686750479,0.005521634316527366
2021-03-17,0.0,-5.262805924853904e-05,-0.00011095793415082178,-0.00019309484838690575,-0.00016593863225183885,-3.921937357097838e-05,-2.949818888029716e-05,-5.698592080559406e-05,-0.00022159290524046785,-0.00039997566481860393,-0.00034967655275504393,-0.0007474439626711533,-0.0011681897558840698,-0.0016713710707139757,-0.002037419142621486,-0.002319938660938749,-0.0023901610087761825,-0.0025413741924345534,-0.002657991974425951,-0.0027779846943393216,-0.002997168229826962,-0.0030166684787920678,-0.0030731541045600835,-0.0029638842005601665,-0.0028317676170643157,-0.0026452204879120144,-0.0023642890437535866,-0.0019736029547169926,-0.0016565976314770745,-0.0013897060357192243,-0.0010738924128012883,-0.0008199043032462403,-0.0006005266104614036,-0.0005525651164885534,-0.0007014880417709775,-0.0009621565388425148,-0.0014803404768687408,-0.0020471598663875643,-0.002449635466278274,-0.00286235794484198,-0.0033764826840360002,-0.003720613069452244,-0.004142611936923596,-0.004526401867148966,-0.0046971347206561775,-0.004927181877969526,-0.0050696827208354745,-0.005204453973792099,-0.005242867107044923,-0.005340928375197226,-0.005334525456005186,-0.0053139689925385545,-0.005179856865164012,-0.005053848291023569,-0.005172781096655586,-0.005304870364931641,-0.005455850896144161,-0.005718098943174402,-0.006166237078377518,-0.006506268149968534,-0.006924381472867781,-0.007425065070038011,-0.007834441138672078,-0.008237225356192953,-0.008489385961524744,-0.008643891096592188,-0.008830546203808137,-0.008881611913043291,-0.008848131451679406,-0.009099431372014358,-0.009567362453594939,-0.01010357001667802,-0.01060754219507554,-0.01115447674904899,-0.011664405105672746
2021-03-24,0.0,-0.0008281685811500912,-0.0018064460023172557,-0.0026510007967957697,-0.0032815841072338964,-0.0038692001253830075,-0.0044405516413842955,-0.004927101596521325,-0.005394208795259599,-0.006150115861137541,-0.006501279169607258,-0.006935479335907415,-0.0075402081705142985,-0.008043237666846066,-0.008719443961048096,-0.009336153330517615,-0.009974376223492646,-0.0104503269149858,-0.010920704158355497,-0.011532627954204103,-0.011877149123554784,-0.012148000820586879,-0.012176695587858902,-0.012344781476043527,-0.012482482635701592,-0.012707697355306899,-0.013007492748052718,-0.013471891529264588,-0.01379792023738926,-0.013734279842550939,-0.01369596069813061,-0.013632326791500518,-0.013560486924585448,-0.013485915760057147,-0.013442817530977307,-0.013312507994340859,-0.012980141666144845,-0.012566889493894229,-0.012229988054537176,-0.01185085343329734,-0.011603980868650976,-0.011428509630633623,-0.011363995846934101,-0.01141656231964027,-0.011426461510040148,-0.011481079494800268,-0.01161251624719765,-0.011809191547496805,-0.01201239502540024,-0.012265859583223368,-0.012424051291745163,-0.012671126417338432,-0.012844081151140715,-0.012813999918136013,-0.012769563388703708,-0.0127637526039214,-0.0126793291281978,-0.012389540815164113,-0.012292849486438764,-0.01227645047106265,-0.012311640355512025,-0.012268592704830874,-0.012142876841646364,-0.012073534908519238,-0.011903787021293435,-0.011739189828157656,-0.012142876841646364,-0.012800326929535115,-0.013144943260101408,-0.013720252128235024,-0.014388326613267312,-0.014972915570910647,-0.01563462906284392,-0.016279629874739885,-0.016918868766485292
2021-03-31,0.0,-0.0006248559394759167,-0.0015520741070650266,-0.0023511358007159877,-0.002824730058877051,-0.00324040766666629,-0.0038378666074469704,-0.004394395868607193,-0.004911619809327001,-0.00563171050548,-0.005539892116767209,-0.005604604569041116,-0.005599861105702944,-0.0057594571214272874,-0.006023473324540508,-0.0063282462092322965,-0.00665821077579537,-0.00696249864192543,-0.007174231780241991,-0.007352407374627738,-0.007601906552998916,-0.007751296397619418,-0.007695951648200657,-0.007570673315399806,-0.007506172977429574,-0.007519072712204448,-0.007355122676883226,-0.007326272967406298,-0.007410787997979533,-0.007353086199500432,-0.007324236548774267,-0.007352407374627738,-0.0074488051199455025,-0.007480034551378915,-0.007569994342807545,-0.007578481533345516,-0.007540798957441672,-0.0074457501192402705,-0.007360213888484739,-0.007297084696609037,-0.007186109165581579,-0.007019499307627285,-0.006902787143440966,-0.006880056998603025,-0.0067952475856572865,-0.006617510389984116,-0.006495419170734658,-0.00643336184840001,-0.006576133362503853,-0.006773537532239507,-0.007061912625415339,-0.007253303887766832,-0.007395513668475795,-0.007472566555137236,-0.007683728680905406,-0.007899689768001915,-0.008083768894016729,-0.008153062066323234,-0.00794689502171766,-0.007746882286793602,-0.007492594489013814,-0.007451520683962978,-0.007558791361592269,-0.007660301744511088,-0.007740430929096904,-0.007868786816003448,-0.008046406921028516,-0.008159176400292319,-0.008245460432432706,-0.008639608159344446,-0.00889044854392205,-0.00908831014343894,-0.00919711670893442,-0.009367830865837446,-0.009420207186310784
2021-04-07,0.0,0.0005961406285338903,0.0011762789218691613,0.001771718943610571,0.0022682712123695825,0.002931655402876482,0.0035525211622165842,0.004145530924563389,0.004614804213995663,0.005239369084920073,0.005697293557062484,0.006051770045220782,0.006212884960782477,0.006445034333363639,0.006738020596230813,0.006770494158187792,0.0068503205156077935,0.006767788068301473,0.006772861980830948,0.006723474804640964,0.0069507709020796265,0.007291956292984025,0.007801657699444717,0.008342846503762052,0.008741962915310684,0.009212121601681167,0.009672615532564044,0.010244479761419085,0.010771209096227596,0.011213474370640674,0.01128048760914777,0.011240751657905978,0.011107388957639158,0.010964576852318983,0.010985124189595406,0.011062930771566148,0.011023859824784566,0.010939313154045713,0.010891478803718001,0.010823428813225473,0.010849706091062774,0.010935607757961579,0.011106715363505909,0.011279814131602705,0.011310120172104192,0.011316181269991142,0.011440762366216802,0.011652851230225655,0.01160740740308013,0.011422581227531555,0.011218862535738205,0.011009713071077053,0.010765818518553185,0.01021447850574621,0.00995791415717453,0.00967936112035948,0.009494515555266562,0.009259024088888323,0.009230005543336275,0.009367667443901958,0.009503961047523529,0.009657775079242002,0.009778516010496799,0.01028358117059166,0.010487490466377146,0.010543768850959666,0.010409976128713283,0.010253918172583993,0.010089744534489681,0.01004894977846463,0.00996128599464402,0.00984259047178749,0.009748500771859191,0.009435141846669468,0.009190525472246672
2021-04-28,0.0,0.0007362611669071951,0.001568037452402391,0.002341265089670849,0.002991457405841414,0.0036677394987006165,0.004380587509468048,0.005036923166706335,0.005620913534059191,0.006244229363740229,0.0064099971614030755,0.0064347413262301955,0.006384574436570246,0.006350676464716588,0.006373388232888011,0.00641881022181619,0.006399489180167501,0.006505241890433426,0.006709258787264607,0.006902053778173752,0.007010802217563016,0.007153410751451954,0.007371518431129184,0.007592287072585357,0.00787088712100135,0.008046199485439467,0.008172418894531368,0.008225541335171572,0.00822587968562176,0.008239751955512629,0.008319260033998318,0.008396055452563484,0.008441723940283065,0.00847724243332859,0.008591231360966565,0.008728203833264982,0.008918919433263254,0.009193431930207675,0.009530384265455792,0.009790878405050423,0.010015842077406302,0.010317740799770289,0.010649926677025627,0.011088283625042538,0.011438088899739823,0.011719328595372698,0.012042959848705147,0.012343573378914771,0.012633990753170636,0.01292937526292302,0.013173498420058646,0.013376496155294269,0.013472426019529565,0.013501708039546681,0.013446172445002867,0.013585847003509033,0.013761169857965156,0.013754440181336237,0.013751075326038606,0.013819379670709262,0.013984233007125334,0.014117105201257864,0.014286617762241802,0.014431891376269107,0.01464202997605687,0.014705567193843852,0.014619505231194686,0.01465749443251687,0.014679682147986537,0.014721366827595247,0.014676992754148901,0.01455999712117989,0.014438280240545907,0.014338407536127015,0.014189420621644572
2021-05-05,0.0,0.0001730266010311253,0.0006223423152409272,0.0012883638770825265,0.0017846643493591012,0.002290348316606313,0.0026782100377636805,0.0030800108946503015,0.0035063825181591247,0.003602900735189024,0.003369317512547046,0.003424626705550185,0.0034411158108895003,0.0033961136526676327,0.003413977347182674,0.003438024124348779,0.0035671797763245365,0.0037770221394595196,0.004032826013106862,0.0044879607542308375,0.0047953855456577465,0.0050046273809301,0.00520833883978702,0.005281033892303312,0.005068077318693483,0.004810479864568068,0.004637224549442303,0.004398391781686649,0.0039933437796777615,0.0036966621817527637,0.003459322215525241,0.003329121956005842,0.0032339516758602424,0.0032882376385199434,0.00347890231850021,0.0037100559564982407,0.0038295616973803904,0.003911971129461273,0.004114532119035816,0.00429748838733446,0.004370592883036079,0.004358923979257266,0.004356178335050416,0.004511638567143208,0.004741524414392891,0.004982676194879184,0.005346866361037846,0.005668080353851589,0.005983708850425452,0.006281768075972021,0.006591723946560209,0.0068170238223314375,0.00703474264344291,0.007083346348013288,0.007124075802276605,0.0070600716293197155,0.006840988907257903,0.006756423831043418,0.006595148336710684,0.006179684229418673,0.005909351497519818,0.005821280567809121,0.005815111885182568,0.0056968714467120676,0.005502858294342701,0.0054737187924033285,0.005450063748761282,0.005404123369765729,0.005372580992064379,0.00571160942347952,0.005964863039822826,0.006239634059992805,0.006415351999242738,0.006725608867705522,0.007097037105964674
2021-05-12,0.0,-0.00041675995516530573,-0.000896400439612555,-0.001464311715032221,-0.0022283305179016492,-0.002799363429269426,-0.00342175873186171,-0.004068892836299687,-0.004698509148090654,-0.005238786205551892,-0.005503615011533044,-0.005813235295557772,-0.006032805359281645,-0.006248356200967922,-0.0064005576563279125,-0.006737924075565591,-0.0069502350610825174,-0.007097115522191611,-0.007221963914676282,-0.007409944427690593,-0.007514468735286718,-0.007494784751465006,-0.007597960284021911,-0.007653625189451826,-0.007800948488320885,-0.007834557534657172,-0.007897365346000483,-0.00795236785847476,-0.00801722038605684,-0.008086491605319173,-0.008176143836225556,-0.008242029765969395,-0.008194143169571429,-0.008055930181779252,-0.007661432100774659,-0.007357007712503082,-0.0071639481849332986,-0.006950574252074626,-0.006661964320635037,-0.0064507315869810865,-0.00622225716461397,-0.00609787241565057,-0.005962659681590598,-0.005784776039047083,-0.005783759652008224,-0.0057773225580850665,-0.0056306358067015755,-0.005507002023358827,-0.0054971797206688775,-0.005417588757215547,-0.0054419734005812445,-0.005348840811372006,-0.005400993992727809,-0.0055798255525039255,-0.005669592083367176,-0.005758689098726974,-0.005912171393761374,-0.006005017594097343,-0.006144980895473826,-0.00631886089938946,-0.006403269696327836,-0.006552443224405778,-0.0066039810696401574,-0.00655515567635728,-0.006612797019728488,-0.006725037639319518,-0.006928527076884951,-0.007402818168187722,-0.008070871205484104,-0.008307240733662173,-0.0086381160581717,-0.008876998632552235,-0.009135994139306231,-0.009361735218647724,-0.009599090281851816
2021-05-19,0.0,-0.00011024965930616581,-8.012016705039764e-05,0.00016452418368820593,0.00023601921431753937,0.00022476570587066352,0.0002711028689786079,0.0004296259242385032,0.0004650336951890595,0.0005461028417556496,0.0007495739941358267,0.0008534441155588084,0.0008144113862796015,0.0005017637962887017,0.00033530938894127046,0.0001310918830179629,-3.2113511001147066e-05,-0.0003423765135345285,-0.0005556760730382663,-0.000766039294902388,-0.001012899818469906,-0.0011497762747565113,-0.0012091062733636426,-0.0011524278196626667,-0.0013052349718650279,-0.0013765087655323199,-0.0014832632052259485,-0.001541949847914312,-0.0015422814206516135,-0.001561181248415052,-0.0015469234505183986,-0.001543939285987452,-0.0015137665670634398,-0.0014269007455267333,-0.0011603824965652025,-0.0007845931356638574,-0.0005596510308044192,-0.0004119257187972067,-0.00030959070865904144,-0.0002940261068683909,-0.0002109086112996371,-9.96545695340789e-05,-5.628209115280841e-05,-0.00018375618552677182,-0.00033409716843070064,-0.0005642885015014774,-0.000701766151247609,-0.0007892316496430894,-0.0008598059805953726,-0.0008836632188826,-0.0010563138084857464,-0.0012876659334162789,-0.0016931584225243382,-0.001991663511267541,-0.0023214493823680363,-0.002526210221925814,-0.0028209801491627584,-0.003041450488992365,-0.0033357080189273113,-0.0036602888034385868,-0.0038297638267150223,-0.00396569690530838,-0.00396802354915281,-0.003999932353792015,-0.003881608982528049,-0.0038806119349520493,-0.003781576829252412,-0.0036410169921501814,-0.0035699138670049683,-0.00351775263962948,-0.0035190815543215616,-0.0035778877975680603,-0.003688532646158162,-0.003840066175733844,-0.004085359894586102
2021-05-26,0.0,2.235813190016188e-05,0.00019890405575056683,0.0003399211441983093,0.00036457243930457955,0.00044673903442297286,0.0005939646856038077,0.0007352546368046282,0.0008643696227493016,0.001026971649720169,0.0012243579729995303,0.001411526979934653,0.001609165690450344,0.0019117858185078646,0.0022763181703610406,0.002623992983773615,0.002989577126543105,0.003337004089255404,0.003534262654586741,0.003806821753605515,0.004104848231042328,0.004492477239581472,0.004823349001320854,0.005074293438730205,0.005252239335142671,0.005431134629381485,0.005491304281658404,0.00555702894927794,0.005686176781384079,0.00567669560911235,0.005573050725815346,0.005414783554804897,0.00533400532354605,0.005269901354736078,0.005256491331331993,0.005268265995656067,0.005302280913817547,0.005366055767022222,0.0054811672568784945,0.005633538792600939,0.005807462468661078,0.005936904817475318,0.005983970608596194,0.006016327055057114,0.006009790483593339,0.005974819100476476,0.005940173346767695,0.0058738201092365305,0.005783925695884989,0.005729658247579389,0.005763330565259712,0.0058166155084675274,0.005957169526876763,0.005914024813290524,0.005954881596380078,0.006007175843044464,0.006071886187473221,0.006124827900293649,0.006185282601359355,0.006214038149466722,0.006182995192710824,0.006195739259980003,0.006094435778190757,0.0062097902228225475,0.0062738339712597934,0.006394068297651342,0.006509061519058203,0.006597584223801534,0.006615222498073116,0.006551853915672499,0.006529641297140255,0.006502528167605835,0.006571779521301296,0.006561000144600634,0.0064963214441889185
2021-06-02,0.0,-0.00042391851636484234,-0.0008762964318445399,-0.0011681373587560438,-0.0014854663706755325,-0.0017514315597480675,-0.0020924335813982103,-0.002471854552224927,-0.002936108907555234,-0.003330346981564713,-0.0036873567003385477,-0.0037095934713541247,-0.0037218400201640208,-0.003913614754092234,-0.004091240631586944,-0.004234395876601067,-0.004344678079841756,-0.0044646479714129765,-0.0045101241921146114,-0.004598502337095457,-0.004622049656967958,-0.0046549523202479934,-0.004621081947965861,-0.004544313351058077,-0.0044614227860695545,-0.004409176232637073,-0.004436266697375617,-0.004529476402669773,-0.004607856685456374,-0.004622694796823094,-0.004633984811659966,-0.004775927301317794,-0.0049088553548499,-0.005083108205857825,-0.00525158149613941,-0.005381990272963993,-0.005479808017277657,-0.005416854906186743,-0.005405878872034373,-0.005351646118601664,-0.005319043319309549,-0.005204780512793849,-0.00512828982791803,-0.005048255206447008,-0.005054709373951444,-0.005109248752606628,-0.005167664048910568,-0.0053674637012008615,-0.005511124630662883,-0.005642213058712876,-0.005774933381505283,-0.00586439229562102,-0.005930926496808739,-0.005995204031073595,-0.005971624355267262,-0.00584501423449217,-0.005690972006272103,-0.005540827891857194,-0.005394902958354006,-0.005289346645012047,-0.0051557225230125115,-0.0050014637377819035,-0.0048588439409442945,-0.004694630501173135,-0.004549151533997968,-0.004493352579230185,-0.0042995318479643165,-0.0039326330766348404,-0.0035043249660563314,-0.003142871261054093,-0.0026894670669621516,-0.0022829306118939807,-0.0017790934275112656,-0.0012542917114043359,-0.0007506510732550068
2021-06-09,0.0,-9.11467162645875e-05,-5.208282058868762e-05,0.00010955561554145081,0.00024291147139453474,0.0004279926290580694,0.0006520759356622551,0.000991279331329422,0.0012729623256297275,0.0015682001980088748,0.0017647656922032953,0.002091549563398896,0.002229394339941713,0.002277239463700906,0.0023063890129305757,0.0023586659673759283,0.0023745069291887127,0.00231811196163259,0.0022569610152550976,0.002215769150832627,0.0021441546396740977,0.002129577606550048,0.0021520768511627273,0.0021653860251764434,0.0021647522590019764,0.0021767937476342707,0.002235097852354893,0.002264882333121706,0.002301319587144504,0.002318745630620348,0.0023757741952932926,0.002396050234559927,0.0024312155153432802,0.0024613109447844533,0.0025351201107442177,0.002593086580483641,0.0026675194692125977,0.002728328610872219,0.0027745664208043254,0.002766332446730577,0.0027745664208043254,0.00275619823172039,0.0027365628978732242,0.002659918066500169,0.0025965707967463172,0.0024834859448170494,0.002134331010264448,0.0012891376560627782,0.0004917948308268998,-0.00024582931946502456,-0.0009455349124192215,-0.0017150771077914567,-0.002329545975129776,-0.0028437497101542497,-0.0034254528999296415,-0.004061062079710553,-0.004448873701251157,-0.004342657044369975,-0.004161189822385497,-0.004075410981549409,-0.003957437234716357,-0.0039670021551793215,-0.004258776186395009,-0.00481481745496301,-0.005232610063876929,-0.005824329364149345,-0.0063275502278573375,-0.0067098478089832785,-0.007243262851463079,-0.0076092708251804895,-0.008027592554612691,-0.00815469203734156,-0.008131960213155036,-0.007943402043921771,-0.007818249784512137
2021-06-16,0.0,-5.5456266446202774e-05,-0.00012572629402383913,-8.822732405943828e-05,-0.00011406679978424187,-0.0002360255328188148,-0.0005458739066001881,-0.0007476579302780463,-0.0009545288196145604,-0.0011459855901597095,-0.0012948867033760814,-0.001571927005992209,-0.0018632491893960884,-0.002344763851190451,-0.002804708406918492,-0.0030692091396296063,-0.0032231384219135227,-0.003422301809892255,-0.0036281456573504416,-0.003952965518813249,-0.004224098509940072,-0.00444371633151146,-0.004610202322226571,-0.0047067515729448,-0.0047691178475631115,-0.004885313108288637,-0.004937557884258265,-0.004998988566876908,-0.005048072494544692,-0.005022105213317552,-0.004961939713843473,-0.004969222713312049,-0.004942624189528472,-0.004903044362632878,-0.004935658026399251,-0.004958773208879619,-0.004982522240513924,-0.005029388650986206,-0.005079107446870528,-0.005046172426712336,-0.005138646582310208,-0.005299863418194663,-0.005447166745948157,-0.00556534187497335,-0.005666736494681478,-0.00573740194939638,-0.005825820021790995,-0.005841349450931132,-0.005769725929482544,-0.0057263106283707895,-0.0055900558659768475,-0.005427525048524646,-0.005310316487477197,-0.005154165343622049,-0.004921092569393554,-0.004754554816071476,-0.004580131508623592,-0.004462072742757575,-0.004350040583714231,-0.004219352259517391,-0.004110511098214003,-0.003947587894947864,-0.0037321903884562756,-0.0036562904283621595,-0.00363763257031209,-0.003586720525286017,-0.003551304979185632,-0.003567431545538023,-0.0036534442919212108,-0.003865978094134922,-0.004065269566163436,-0.004358901427329844,-0.004802043744036868,-0.005108243176619759,-0.005432910636848702
2021-06-23,0.0,-9.690766385697049e-05,-9.944132352554637e-05,-0.00027681345452122577,-0.0002128291654932415,1.615036432573597e-05,0.00016465815421217169,0.0003163096599764844,0.00046319023651880014,0.0005717540372447345,0.00030586259029237537,2.2167100034376426e-05,-0.0004051111204876628,-0.0006234133730202807,-0.0009910546100269954,-0.0012690938109067066,-0.0015123226093807843,-0.0016027160540462194,-0.0016775743546138388,-0.0016528324318986357,-0.0016966070194252968,-0.0016889939100315787,-0.0014612618538893272,-0.0013759549798001108,-0.0013153883456231753,-0.0013122174187106287,-0.0013252182829511779,-0.0012557766019652777,-0.0012782891301089208,-0.0014327197104611411,-0.001568460734556464,-0.0015633859722060145,-0.0017657620841413691,-0.0018215971853365312,-0.0018577647668776725,-0.0019117013095964884,-0.0019120185919839431,-0.001978967427392753,-0.0020694030654420385,-0.0021595295218069257,-0.002168098304936642,-0.0023226663708155507,-0.0023233011965289093,-0.0023956739696693865,-0.0024813853439703075,-0.0026594980262705206,-0.0028487576691536894,-0.0031476449119587444,-0.003321428084688827,-0.00347522119830156,-0.0035467239851134356,-0.003426602223450051,-0.0033458935888850956,-0.003348117755311253,-0.0032299260501343525,-0.003019630192950194,-0.0027687307648281115,-0.0024544013411967034,-0.002143978954774363,-0.001987534663458088,-0.001977063607123438,-0.002080192424468481,-0.002249664101682098,-0.0023074306745946922,-0.0027137953670954063,-0.0031066657123911823,-0.003530198442344293,-0.003945326529304822,-0.004508217884831508,-0.004806646998201554,-0.005176466309721438,-0.005489423719982258,-0.0057244449398497,-0.006011130956600579,-0.006021007161557404
2021-06-30,0.0,0.0004950944493772515,0.0008044040521946501,0.0010679555062740815,0.001314635083121866,0.0015431874206207213,0.0018303095211071436,0.0020910565040737493,0.002340650914454832,0.002636092705784225,0.002606964060704168,0.0026215284893038315,0.0027548148190885695,0.002884285002903502,0.0029903177772584734,0.0031820977587378443,0.003402630915146186,0.0036066677772484106,0.0038520895243648948,0.004018094569086233,0.0041847043032422265,0.0043601361624022155,0.00449445507013943,0.00468310316379701,0.004864449856201809,0.004969641140963797,0.005002175544124006,0.005036604002501423,0.005010072084286453,0.004977537938038852,0.004971852250430631,0.004910887012758663,0.004908991660825091,0.0048584476173664775,0.004813903561313246,0.00483254280491438,0.004883404058111974,0.004853708982311407,0.004849602147100318,0.004851813522002144,0.004822117508089465,0.004782942693951578,0.004682471236291698,0.004643290951047895,0.004627176033357515,0.0045753537534309885,0.004480549949831576,0.004432512591927537,0.004405964640953775,0.0044246114897078205,0.004384472926324888,0.0043740429571674415,0.004319678932484199,0.0040879665468948004,0.0038239449847595544,0.003626911025177049,0.0034320527523205814,0.0031738703298188078,0.0029210021017755483,0.0026968801886469787,0.002553770432401619,0.002362819994226658,0.0020929572045136472,0.0019865124159943264,0.001831260119612048,0.0014959596660334602,0.0012591533358892247,0.001104105162047716,0.0008488098847177959,0.0005433213187330808,0.00012093992236815598,-0.0003387731270060974,-0.000634459960281999,-0.0009575604570363378,-0.0011336099699863261
2021-07-07,0.0,-0.00013741446958067885,-0.00028590650167644496,-0.000399975994135531,-0.0003604767747140573,-0.000324454846835544,-0.00029728126865179156,-0.0003462574376476843,-0.0003449935063599746,-0.00039871199494958734,-0.0003070763105596838,-0.0004148281042494496,-0.000538393571745664,-0.0006752498752112094,-0.0007972668989502239,-0.0009202473055443822,-0.0008908444444541659,-0.0008352026863120314,-0.0008468998443610869,-0.0008617585937700754,-0.0009717834379967158,-0.0009607171733619474,-0.0009632465944818221,-0.0009240412860779818,-0.0008914767549514242,-0.0007027498218725529,-0.0006262575911700723,-0.0005406058803670982,-0.0004543294706068714,-0.000323822894770337,-0.00010550735781453117,6.443614427715215e-05,0.00016581990638062671,0.00018761133555955916,0.00020277031057329555,0.00015634522383771993,0.0001686622936384024,0.00020213869120236337,0.0003006664901741116,0.00037802927192572813,0.0003347700050815566,0.00029529823836264895,0.0002918246483046657,0.00029877181635484617,0.00023592976729811736,0.0001276048043044794,0.00010928630369217625,9.760018832899719e-05,5.938247909061415e-05,-3.316728108043379e-05,-5.81224368247978e-05,-0.00017216594754888723,-0.00028685439398249454,-0.00031213185359932837,-0.00023314191371694902,-6.159725474041989e-05,5.906662416850328e-05,0.00014276468897589923,0.00023687716419082584,0.000430758840137908,0.0005952445975735854,0.0007827443021951875,0.0009828314701745239,0.001127980067883541,0.0013062315850314835,0.0013068625074212352,0.0012958213081323635,0.0012608041268381486,0.0012150591148901162,0.0012816253013425822,0.0014450249222908115,0.0016635853730233004,0.0018991230234812052,0.0021305075995477966,0.002229791103675173
2021-07-14,0.0,4.017293341238063e-05,-3.606211795108647e-05,-0.00017209760127661632,-0.00034074401801120025,-0.0004951769393661559,-0.0006936329396794676,-0.0009798334244381153,-0.0012385607628945872,-0.001438431496925561,-0.0015135121254775533,-0.0016583037691299016,-0.0016880884575209843,-0.0015974697152217486,-0.00149196942753258,-0.0013836293650772978,-0.0012113231537089402,-0.0008987771856121032,-0.0005616410698072575,-0.00022873178134825983,7.813012782374109e-05,0.000294458629188128,0.0005844045738496214,0.000872686211831853,0.0010938986528368543,0.0012822066836247624,0.0014224668031957886,0.001505539534051301,0.0015484945891730527,0.0015750247308896391,0.001645768334623642,0.0017291383002629918,0.0017717679833176188,0.0017556636499727195,0.001770504907722267,0.0018042916304590738,0.001862073753665126,0.001907855032508522,0.001989624653435078,0.002053394002876674,0.00211084607302937,0.0022361558954160656,0.002410364116338616,0.0025507816235715453,0.002719887548960445,0.002916405708359519,0.0030737816493721184,0.0032847337868805635,0.0033953949147186627,0.003513924305575312,0.0035700317241887393,0.0035725533320036308,0.003489336916634969,0.0034713688270161195,0.003381838796566397,0.003321622190163832,0.0032472134167045854,0.003090180122170264,0.003056752181454465,0.0030157541247564203,0.002977592884681905,0.0029996698126846795,0.002962454138068929,0.0029943083178368243,0.0030775659361934183,0.003093018292086627,0.0031352745358472615,0.003205277219312016,0.0032342859042620753,0.0032913548825426148,0.0033953949147186627,0.003426604813744552,0.003446149911062378,0.003316262421188776,0.0032194663551323513
2021-07-28,0.0,-0.00040493062381813676,-0.0007025351953894334,-0.0009903674468333132,-0.0015306343670995835,-0.0022020792802788488,-0.002931022863715802,-0.0035370748901998607,-0.004156258401229632,-0.004781892234973648,-0.0048728971060322205,-0.005001914694757452,-0.0052794866732050845,-0.005718201103194119,-0.006078135372726072,-0.006395662742144002,-0.006691536772975944,-0.007286108396529581,-0.007917547689190169,-0.008497465318694069,-0.009176171647819342,-0.009818433251939448,-0.010344548092247467,-0.0105031751401616,-0.010586994327771425,-0.01055744806522704,-0.010393674832343503,-0.01010440765388379,-0.009888394741056577,-0.009640984088011902,-0.009322103976851976,-0.009056234425511558,-0.008818967863432938,-0.008584642235327213,-0.008439778890563887,-0.008233737321669666,-0.008116155640311587,-0.007855731005744531,-0.0075300554221779375,-0.007266582401267364,-0.006956458286728103,-0.006684818661571475,-0.006395982558697272,-0.006183327129562181,-0.006030498977168218,-0.005862990344807267,-0.0056756952182798505,-0.005491310907168641,-0.0052536107698830424,-0.004923033151959794,-0.004650987472152166,-0.004280715576633547,-0.0039839586490106925,-0.0037437457675644657,-0.0033349104545720076,-0.003040983986991752,-0.0027802842201769657,-0.002625744930963653,-0.002589105096864673,-0.0026005748136265407,-0.0026094957953932837,-0.002892778350603583,-0.003117485813510265,-0.003339055371715932,-0.0036691096901723414,-0.003989382447906533,-0.004194232153712553,-0.004262524715243154,-0.0042379516208973025,-0.004147642708511057,-0.003961944708442627,-0.0035405828357762486,-0.003142668945084924,-0.0028315901717582284,-0.0024565756901156668
2021-08-04,0.0,0.0009785127697698411,0.0019062546857197135,0.0028046966376083955,0.003593299269741308,0.004315844884848336,0.005011959016427373,0.005693409799038878,0.006450478000143238,0.007306072939396183,0.007463319312629393,0.007476242572466448,0.007610388452620044,0.007761127257626636,0.007953670720448265,0.008177540463634766,0.008410274955060514,0.008581793580774679,0.008749287859085454,0.008849156416782248,0.00903964723846579,0.00919078510413384,0.009249452389229803,0.009276481184419866,0.0091293497028246,0.00887773235341796,0.00873515181130263,0.00857042139256735,0.008304828653491813,0.008026556894572972,0.007612849676802171,0.007307303926795677,0.006933013949888276,0.006725185593809283,0.0066620588005446985,0.006763059757060317,0.006822485431031869,0.006740889689237629,0.006717487417738016,0.006791079556283355,0.0069992020611424,0.0071457238766866864,0.007335616218763687,0.0073968541952524666,0.007303610960050754,0.0070933971213276515,0.006842498464135479,0.006801240388400238,0.0068332617293951564,0.0068332617293951564,0.006799700875018848,0.006815403800304671,0.0068471167995119726,0.006953024771125351,0.007157420071114592,0.007431933557697918,0.007721752782678684,0.0079087677324237,0.008026556894572972,0.00814925199877723,0.008357092058606108,0.008540299836719025,0.008716405874522392,0.008741912554738707,0.008735459118814175,0.008657399976374002,0.008589170066137563,0.008502185547329141,0.008445318785981955,0.008453003672438428,0.008348791582604369,0.008243338797300267,0.008055771380101143,0.007968125362933677,0.007922915466756619
2021-08-11,0.0,0.00016243553855073558,0.0003859331855413344,0.0006103015901933564,0.0005142375605282101,0.00038163562489819603,0.00017932240742951362,-8.107410915044762e-05,-0.0003046761672210023,-0.0005522939228635329,-0.0012453965652975982,-0.0017230101671427882,-0.002171307176799011,-0.00265983200931693,-0.0029902679490948717,-0.003393837356494686,-0.003761196287247662,-0.003924887055099259,-0.0042030070030563815,-0.0044016233509450555,-0.004527166762062698,-0.004678950358434448,-0.004918087109847554,-0.005210991827013137,-0.005473722252136286,-0.005538875259055567,-0.005513245844638374,-0.005520965478647475,-0.00551108435779483,-0.005478971389309437,-0.005457048705058017,-0.005535169760930064,-0.005654678995013495,-0.0056537525119109205,-0.0055787102311092695,-0.005591680099326275,-0.005548139064441542,-0.005459210075107238,-0.00528044968071003,-0.0050785722196429045,-0.004818414132790927,-0.004548143610717689,-0.004302618656468561,-0.0039880893423648684,-0.0036995494600516312,-0.0034699484670433654,-0.0033288239509231964,-0.0032323900488170124,-0.0031436667493118446,-0.003005668372422012,-0.002902798043768385,-0.002677998530113105,-0.0024406281494660843,-0.0022180868718347443,-0.0020515980544363326,-0.0017934567167753677,-0.001599663751038029,-0.0015218495249281383,-0.0014425037035049801,-0.001463108408544036,-0.0014258972352852591,-0.0014698742251781248,-0.0016255006433534642,-0.0018097616472789314,-0.0018992896823044867,-0.002041135727276177,-0.002158689344323973,-0.002186694992849668,-0.002212854823569444,-0.002067907194494319,-0.0019017510473345086,-0.001735930123399749,-0.0014295875377240172,-0.0011427071478129931,-0.0009524214035297644
2021-08-18,0.0,0.0007789829129050374,0.0015059475728427486,0.0022002361308152366,0.002488029171754765,0.002809070007512667,0.003174732776850126,0.003573867050916901,0.003961744927347285,0.004419625129959759,0.004488274092915249,0.004581796974015575,0.004622260894366557,0.0046777087927631555,0.004892577820129729,0.00503160374599214,0.005097214872464396,0.005135261361983558,0.0051020082106828565,0.005097214872464396,0.00504838142999483,0.004932130266228903,0.004866208653594584,0.004814666911214515,0.004666319745609484,0.004530540324315722,0.0043710583884547,0.004246033147134807,0.004201356068702422,0.004094002981898313,0.003938050593846225,0.0038084716502430603,0.003719676382972509,0.0035630655138582253,0.0034025289191966105,0.003214953522716125,0.0031128977287253785,0.0030408520733622682,0.002944482894672942,0.0028442010545791244,0.0026910566850829568,0.0025048495850089163,0.0021629792022239322,0.0019045461704000264,0.0016096706449608813,0.001256968296375101,0.0008256183538931523,0.0003552529453357121,-1.9271564957024555e-05,-0.0003056787454653987,-0.0005761995418197421,-0.0008380538363175298,-0.0010632008949176595,-0.0013058860124717637,-0.001390312034672216,-0.0014041827057416855,-0.0013833767712852993,-0.0014482082840066332,-0.0015781855110334935,-0.0017835900025130536,-0.001867151332128198,-0.0019093871516089518,-0.0020747273757016783,-0.00223798240984926,-0.0023943218224280562,-0.002619215772294792,-0.002877377885947696,-0.0030153936275113605,-0.003072477916103262,-0.002956802561423986,-0.002842650447266348,-0.002832081466168978,-0.0027399850728854207,-0.0026497086442864013,-0.0026578603616343437
2021-08-25,0.0,0.0003291275669536098,0.0006395203334781965,0.0008993588655697402,0.0012341956642887813,0.0014536556405188308,0.0017655001673907858,0.002093447279932223,0.0024776656574656652,0.0028749259756801946,0.00300681148605997,0.0029570567230801457,0.0028689307664519713,0.00280597889942864,0.0028221669008822664,0.0029312791856248447,0.0029912259229667873,0.0030334862130915337,0.0030202987965242305,0.0030571631836871266,0.0030664539936824417,0.0030739465195133192,0.0030916286579019446,0.003149468045132265,0.0030943259057649333,0.0031836306712225188,0.0032837144540174496,0.0032816169924704324,0.0031117079952602852,0.0028593383569257167,0.002650980508313469,0.0025007560484004493,0.0023927963928188794,0.0023280150044890625,0.0022122378124664844,0.001989643999655549,0.0017805046702423434,0.001682671260054845,0.0018312182234502304,0.0020244463000909803,0.0021450449012935693,0.0022122378124664844,0.0022512316280522858,0.0022107380199626915,0.0022083383472780846,0.002204138906223753,0.0022026391015734447,0.0021762421715346525,0.0021522443577345184,0.0021348455826076967,0.0022095381843401916,0.002260829872533283,0.002271627787456057,0.002343011069521849,0.0024767660210536255,0.002538839034830782,0.002582617683990735,0.00260450628987778,0.002592812436751628,0.0024395803412548094,0.002263229419259089,0.002096447214533822,0.0019206358566671207,0.0018087125261320492,0.001592632056924956,0.0013254680433487118,0.000987057904150238,0.0007593848776744358,0.0005638090075083146,0.0004989090225687495,0.00037240203799773384,0.00024016860612788554,0.0002383653021145235,0.0001475947987385206,0.00010160527322057452
2021-09-01,0.0,0.000628693834118664,0.0012960841396509077,0.0019504935818349845,0.0023160065355266914,0.002609136486561117,0.0028966467039659603,0.0032385218721907535,0.0036713766317280744,0.004200619493665595,0.004533325903397852,0.004647013993122829,0.004631895094615545,0.004492325237058592,0.004360006656181598,0.004140406417897872,0.004008914055029378,0.0038145529699291593,0.0035668915285455753,0.0031240911539695813,0.002628656006299747,0.0021388048183049306,0.001622759139435244,0.001356468719431183,0.0012333619956649451,0.0010063624731982573,0.0006459167599348591,0.00030140187144066325,-3.680528921614963e-05,-0.00024042727811461457,-0.0003771723425759832,-0.00043941507082628106,-0.000495816757222475,-0.0005206578872381308,-0.0007121014143936765,-0.000767056861033153,-0.0009296023470848784,-0.001076676156033814,-0.001166451517377719,-0.001247753424156895,-0.0013419315214429517,-0.00138258878263789,-0.001209441270469701,-0.0011483203388856645,-0.0009524076042238225,-0.0007930740566470036,-0.0005376086595652124,-0.00035058155996249676,-0.00016943240768327338,-0.0001519035859177659,-5.754537432428283e-05,1.7525990315370328e-06,-1.6357739080366765e-05,-2.1615640610911298e-05,-7.565678638398862e-05,-2.6873569787240717e-05,9.989324283113644e-05,0.00020094467429884505,0.0002643156510844265,0.0003688543842403163,0.0004541125222832948,0.0005621346546634818,0.0005924955316396259,0.0005288534035656433,0.00042433139604083686,0.0002689880065386326,-5.549917196560238e-06,-0.00024831590818841877,-0.00047886669327960906,-0.0005782332316793785,-0.0008340013522353394,-0.0011766870052472651,-0.001494331640791362,-0.001777254856820837,-0.0020394764783205023
2021-09-08,0.0,-8.955200249011392e-05,-0.00022087104777064723,-0.00039397359158603763,-0.0004599390179489809,-0.00046310777241682097,-0.0004628197034138772,-0.0004691572406469658,-0.0003732342693119451,-0.00043113261970032955,-0.0006797591610144266,-0.0007575576819020243,-0.0007025218055564554,-0.0006722677710705429,-0.0006440314980029902,-0.0007068438852026991,-0.0006984878814066871,-0.000561056044284312,-0.0006013904743355114,-0.0004763590362562478,-0.000323404044908608,-0.00015463340898572137,-4.722256456276539e-05,7.774232823454894e-06,-5.182976342604236e-05,-4.405512765706355e-05,-6.565148737548573e-05,-0.00015031371537290345,-0.00018083995022637333,-0.0002626318141702415,-0.0002557195668777467,-0.00027184821821741174,-0.0002882651483353911,-0.000273864317925636,-0.00019840735687019347,-0.00016384881772511347,-0.00022720705182574714,-0.00040895225850812145,-0.0005740205050960668,-0.0008347859034378187,-0.0012573413787777823,-0.0017017072038331726,-0.002017872148794089,-0.0023990761144109633,-0.0028520348825554673,-0.0034175830229443735,-0.0038750502145875063,-0.004237589135839113,-0.004420064740355038,-0.0044131236961384036,-0.004368875671783797,-0.004293976615578241,-0.004354415957559531,-0.004469231849535487,-0.004496419406660049,-0.004380154394026097,-0.004228046953828393,-0.004005421885326263,-0.003898752890534209,-0.003816663092342257,-0.0037108812473563143,-0.003696431044345139,-0.0036941190312406043,-0.0035441386021049107,-0.00338782456196892,-0.003193405149574761,-0.003054185943800617,-0.00292769235177425,-0.0028745582635584747,-0.0027916862725835792,-0.002598248769183615,-0.002329230752590857,-0.002002292337459531,-0.0016653661796583086,-0.0013245170525597778
2021-09-15,0.0,0.0002047797086570342,0.00040002916633858455,0.000619962643817079,0.0008470327335685967,0.0010763499325586144,0.0013156688200838909,0.0016508488058251142,0.0019520415629952028,0.0023257504848372165,0.0025056664929548086,0.0027073520165627456,0.002929073080613331,0.0031140420443524796,0.0033227721232865046,0.003560120972169519,0.0038131736905911663,0.003959015306568397,0.0040406658625752,0.00403780104364032,0.004036941596359674,0.004044963075589102,0.0040343632500851635,0.004045536035929301,0.004059286985604176,0.004078480703357681,0.004098533447805808,0.004107127358046344,0.004192203084804036,0.0042666742109510325,0.004378656887261933,0.004509812465456583,0.004607738383146605,0.004639805605208735,0.004634938325197922,0.004669581390683352,0.004678170394811145,0.0047119530953233955,0.0047697818489410675,0.004913766641189671,0.00505229307505946,0.005070036810305259,0.005085490774805456,0.005203963235677002,0.005345310562058583,0.005411399319283784,0.005579033458454453,0.005719469780895257,0.005801262704709158,0.005808698093327003,0.005844158416946125,0.006024586231512436,0.006223562362752393,0.006425642704810141,0.006577390483717958,0.0067271152504455685,0.00676025739740271,0.006850821283358146,0.007029068191217492,0.007223561017515954,0.007441713534973132,0.007508805852456894,0.007579033839366304,0.007625564301197906,0.007684652012640927,0.007782552950955583,0.00793923159239572,0.008040817009839274,0.008059078462481236,0.008048521100840113,0.007952643741605711,0.007926675374784984,0.007985459943909526,0.00796177531473336,0.007947507195077318
2021-09-22,0.0,0.00015548197878431107,0.0002246722293645705,0.0003328613794082275,0.00026424803932523005,0.00029755883804861587,0.0003769878036136505,0.00043050627290689363,0.0005176099972724799,0.0006977710754248137,0.0007521261011224662,0.0009473245055540929,0.0011760508252693213,0.0013307812533168064,0.001544633900558346,0.0016535332988047225,0.0018135910450246173,0.0019136496589892593,0.0019824341489664454,0.0019440632194602516,0.0019523059877456141,0.0019818657014959795,0.0018960264249716396,0.0018516827203209451,0.0017291588013524524,0.0016637686638675557,0.0013984682878341898,0.0010249949057023543,0.0007504186583507878,0.0005816520134108978,0.0003755644009667004,9.938595718789128e-05,6.977054464167279e-05,4.784318372232146e-05,0.000202748264804987,0.00019591472304855058,0.000392075747108694,0.0006152368535588109,0.0007788756572661815,0.0008682253706809388,0.0009584206463591705,0.0010895733924119512,0.001172921838032851,0.0011899889221989805,0.001295513924113665,0.0014724068710682847,0.0015878538800240274,0.001735697579934172,0.0018295101305870235,0.0018565151425768657,0.001772939373133738,0.0016720137428705142,0.0015540173443248078,0.001531269449854841,0.001372872889089375,0.0012591076344680434,0.0010989611071647637,0.0009885787659514073,0.0009598432196090995,0.0010377971397777395,0.0011555700038514128,0.0012903943697195734,0.001412687670730145,0.001526719808864051,0.0015409373682326447,0.0015264354556147493,0.0014038716771527886,0.0012756043986848155,0.0012281043585001296,0.0010739270053118197,0.0008619654597482241,0.0005548971810313911,0.0003302991401251442,7.034008007707718e-05,-7.376272641768279e-05
2021-09-29,0.0,-0.0002451956548040276,-0.0005192426060393211,-0.0010836602804911225,-0.0016848513801773753,-0.0023206198354493537,-0.002886621321710791,-0.003353580303746349,-0.003815376580520484,-0.004260386366890491,-0.004248203322599777,-0.004013637830017493,-0.003790738285557137,-0.003554581289327876,-0.003477856427334919,-0.003413310180351256,-0.0035967683157478087,-0.003817075795652905,-0.004109667050168346,-0.004341138203365742,-0.004371740603106341,-0.004531851757428862,-0.004702192826859916,-0.004775893463411619,-0.004784964686402478,-0.004845630605441892,-0.004848465551481534,-0.004763987608111942,-0.004588250994892223,-0.004340854852188313,-0.00414281201904129,-0.003913652601122945,-0.0038606899721930557,-0.0038521935548489765,-0.0037796937296947684,-0.00371088039857141,-0.0035630751783995544,-0.003496541644837075,-0.0034218028695613537,-0.0034948429742733896,-0.0036298962886854333,-0.0038114117564397197,-0.003902323460704571,-0.0039009073271767166,-0.003870036114650774,-0.0038029157577718327,-0.003694173349456331,-0.003465399809629304,-0.0032740403672260584,-0.0029146327124457173,-0.0025324439486975815,-0.002165103325220538,-0.0018086376461080662,-0.0015393231995187418,-0.0012712111937697934,-0.0011240485444579088,-0.0009438673460761759,-0.0008537889198971213,-0.0007772709883342807,-0.000616348319516677,-0.0004204528649631112,-0.00018396164846525947,8.858295489187899e-05,0.00042676225886212804,0.0007363541104415108,0.001188445406759636,0.0014518831639286059,0.001747639652024166,0.0018262116690210693,0.001717223020207515,0.0015056891864692946,0.0012200052461901103,0.0008561612971271258,0.0005719834867386241,0.0002504945729401556
2021-10-06,0.0,0.0002759273588264978,0.0005296348181073151,0.0007572159095674786,0.000930389475307608,0.0010463821796646714,0.0011147387285710053,0.0012847693835187992,0.001537941031886793,0.0017227382678462874,0.0015841435425395544,0.0013749551298064908,0.0009553262402959483,0.0006299786781003504,0.00043684983182880994,0.0002722824732948226,0.00017863239701660337,8.076710808775754e-05,-9.395605920417638e-05,-0.0003408080662285434,-0.0004412493909038525,-0.0004796891033402962,-0.0003503467528971823,-0.00023981578896599648,-0.0001436020788869011,-3.9544608777703466e-05,8.41322626971749e-05,7.347590091922785e-05,9.562978883637173e-05,0.00019797998784250597,0.00027200209693438465,0.0004079754060038884,0.0006039126657824592,0.0007064911124590746,0.0008813546968908368,0.0010360162294016488,0.0011239833129602708,0.001339105869221704,0.0015449415495050645,0.0016661827402420608,0.00161886402446337,0.0015847035598777596,0.0014108031052680855,0.001294012396186215,0.0011052139158732946,0.0007765523095420601,0.0003426544537245249,-0.00020362937168806643,-0.0010401788575006917,-0.0015959267128057052,-0.0018771477646587528,-0.00241452515675698,-0.0029558481492767733,-0.003363228720382134,-0.0038115954192301446,-0.00410273328604654,-0.00424974224540895,-0.004227492375140329,-0.003971232089885998,-0.003957435322186979,-0.0043657875674341295,-0.004590593272022609,-0.004658777421093922,-0.005043456923702652,-0.005424336760720118,-0.00587306454321563,-0.006478362143060059,-0.007207745552768752,-0.007894128397369988,-0.008288538299541778,-0.008508287845336577,-0.008821450746494302,-0.009248211722114924,-0.009566703123062235,-0.009894076433790467
2021-10-13,0.0,0.000528894924743283,0.001181572222597726,0.0018329917742363581,0.0024432431565710273,0.0030378868367878296,0.0036864376724521884,0.004347847401409308,0.004978408214861851,0.005569336243316842,0.005791742070216301,0.006041164539722847,0.006153011555215625,0.006267607249994633,0.0064514851864857364,0.006662102595773022,0.006758977229722721,0.0067719483343794285,0.00681886369108135,0.006858326080876276,0.006960424338120093,0.007074651653913272,0.0072101072352423416,0.007388295797276949,0.007449799338231689,0.007499440693241121,0.007571967798210368,0.007653037499170738,0.007741820583680257,0.007861747949195017,0.007808816264413945,0.007710113244076553,0.007739614888243865,0.007745956249510841,0.007731894915903336,0.007739339175972267,0.007801372521534709,0.00788793706965691,0.007958506443239732,0.007944999409451762,0.008087778823218147,0.008206837958543057,0.008265535509507862,0.008307696412881706,0.008459791565224556,0.00854657462869642,0.008602497501427723,0.00868017827316187,0.008779336447884256,0.008972941985331967,0.009102358638572335,0.00925763651745808,0.009388117367100867,0.00955848761453752,0.009714520193465874,0.009902717576756884,0.01006749877369724,0.01010270726158713,0.010089779288961027,0.010032289046125863,0.010160743547484662,0.010268005542159923,0.010325757235744425,0.010344182074297204,0.010295231756110444,0.010225927207971733,0.010137364406160622,0.01015331729124047,0.010212725797070794,0.01021575113579531,0.010035314930781095,0.009914547515608543,0.009816327269145532,0.009675445536375464,0.009593989229658111
2021-10-20,0.0,-0.000827440691907881,-0.0013894054658056883,-0.001966358647555387,-0.002238109151830327,-0.0024218543358315438,-0.002517001943824497,-0.002437621027933546,-0.0024493102877194933,-0.0024253882279638267,-0.002216638175222106,-0.0015882048485528568,-0.0012484773849191682,-0.001149649499845091,-0.0010709199878025043,-0.0009547374105522037,-0.0007918873606180855,-0.0007894448117422056,-0.0009430656080661894,-0.0012148096458594992,-0.0015629453582146921,-0.0019353837787681356,-0.0022141921438469463,-0.0022098436583971735,-0.002277519106001491,-0.0023500918435547012,-0.0023378601142583564,-0.002441698661177322,-0.002534129474740404,-0.0025031370146053485,-0.0027927092748995784,-0.00304836386627084,-0.0033190481973550397,-0.003794759575800627,-0.004260076143081183,-0.004808441921963651,-0.005479529834585661,-0.005742690852604077,-0.006055574415416949,-0.006434875806842988,-0.006582815057033569,-0.006775551040455344,-0.006854457931593469,-0.0067269540465794055,-0.006754801473260485,-0.006576263778401282,-0.006436513390926162,-0.006363643494635145,-0.006227470169523853,-0.006177262640512406,-0.006173715464780443,-0.006176716920349973,-0.0063857495312898815,-0.006652971023056078,-0.0069268174739031815,-0.00730781537892669,-0.0075408555280451475,-0.008046463413399298,-0.00844703165145249,-0.008844750925427818,-0.009257134534494902,-0.009626152673952844,-0.009956961221798007,-0.010238289349905665,-0.010482152828119616,-0.010700036232857504,-0.010898776330943619,-0.010911935690236636,-0.010939899903721568,-0.010891922566561497,-0.010726623998731553,-0.010536413689691163,-0.010284591436507937,-0.010030093443380931,-0.009707749250665703
2021-10-27,0.0,0.00034871273622888254,0.0007142652197905431,0.0009601718265763024,0.0012412901653009634,0.0014310277156419351,0.0017087342008073562,0.001862041058720144,0.001993194046682205,0.0019571286896942664,0.0019344505642889824,0.0019257070532721335,0.0018869068007920592,0.001980899184746078,0.00206941881690093,0.0020287116876152944,0.0017912659468813212,0.00172103240940921,0.0016619996287077796,0.0016475142009796109,0.0017010819057883969,0.0017316907345245715,0.001729777710176611,0.001748634504710798,0.0018246046544905148,0.0019661451508835998,0.0022622770530370713,0.0023941968869381925,0.002551494685858076,0.0027590025391367456,0.002972472260959791,0.0031250396996799316,0.0032756737958285704,0.003273490855019704,0.0032557542842982434,0.0031640648407451405,0.00303852399149831,0.0029656484864381285,0.002822884446082514,0.002693751421278671,0.002577435522456954,0.0023731673547832456,0.002256267867724148,0.002221031463543694,0.002143179191877579,0.002232777069560479,0.002256541013294445,0.0022838551935620887,0.002292322437959,0.0022576335948295482,0.0021931692416825217,0.002326463825093994,0.002351864260917737,0.0023581459896221553,0.0023914658038536314,0.0023961086406596886,0.0024411703485796316,0.002419868703354678,0.002465202429223972,0.00249496863750675,0.0023114417583604773,0.001976800863841741,0.0016937028515614898,0.0012935125918373724,0.0007624118745101688,0.0002707145580626297,-0.00011882002421578479,-0.0005024805805250946,-0.0008662861994718543,-0.0014152585619631002,-0.0016356997083598573,-0.001804627799693317,-0.002052586938175675,-0.002301705148797997,-0.0024180547355314315
2021-11-03,0.0,0.00028959665420851536,0.0005500782115352239,0.0009581133271941396,0.0015444768497565953,0.0020075781281880165,0.0024632210224057086,0.003012503236910314,0.0033802867938922784,0.0037880036976247027,0.0036856030706651378,0.0037312394279346395,0.0036764198934109197,0.0035996118358739143,0.0034835536881069754,0.0034482047657097216,0.003325448016404722,0.00325000498692208,0.00320434666207919,0.003226897680627381,0.003315426391965994,0.0033555122871368162,0.0034248236895165238,0.003532817424871488,0.003595993919562938,0.003631894201940492,0.0036906120408960697,0.003565658567813103,0.0035456200325961348,0.0034612867960240198,0.003258078498191089,0.0030347801241392613,0.0027579545706490536,0.0022784807623662524,0.0018375297281008774,0.0014242752399977977,0.0009645311542436238,0.0006449849573543754,0.00021559970033609608,-0.00022933515114207948,-0.0005104192546971246,-0.0008651003005180367,-0.0011393725964719958,-0.0013038042881986494,-0.0014699413119086521,-0.0018132107651517126,-0.0021675145381631826,-0.0026165916139425324,-0.002920476965520257,-0.0033051573878314006,-0.0036944712460014136,-0.004007377539569039,-0.0041980853043369105,-0.004331321866048997,-0.004442973750178441,-0.004265122113320204,-0.0039487702533766945,-0.0035027383528793894,-0.003296190099937177,-0.002984906922895645,-0.0029624960320981273,-0.0029720205993187133,-0.003264805225538515,-0.0035327292308897835,-0.0037466154960724453,-0.004061501194185282,-0.0044255799233592266,-0.004992718430216492,-0.005319228510641478,-0.005443347149124072,-0.005255771086199973,-0.0051816489283577705,-0.004856867742263515,-0.004627591397175502,-0.0044788845432832845
2021-11-10,0.0,-0.00046337018001551666,-0.0008006277793147878,-0.001135221975908343,-0.0015938395284428352,-0.0021980579025563077,-0.002771207567452896,-0.0034287458020304702,-0.004069725949972641,-0.004604933255275113,-0.004433836367762112,-0.004314587446363939,-0.004245775030236693,-0.004180867252883155,-0.004168889024844602,-0.004035188311463414,-0.003968623163585585,-0.0038820115504736743,-0.003809608884687335,-0.0038252028620709023,-0.003881733068639825,-0.0038850748557661447,-0.0038834039608070976,-0.0038213043449273967,-0.0037447294108175345,-0.003691826517685409,-0.003648114133472704,-0.0035946595473069095,-0.0035431565291490713,-0.003470500024988965,-0.0033780863523760964,-0.003398683840986382,-0.003418168342318707,-0.0035050181656674038,-0.0035737796256476626,-0.003604682064562468,-0.003600506003498614,-0.003491656163415616,-0.003435426360547557,-0.0034256838942920576,-0.0033928385646166,-0.0033218629349740006,-0.0031818747933830315,-0.0030619403036278065,-0.003075018307941252,-0.003022429074225286,-0.002924492475852363,-0.0028858212901236822,-0.0028457606316045075,-0.0027781619092780777,-0.0027475631669952286,-0.0026148867255610018,-0.0023996378731409676,-0.002164140853091735,-0.0017616722252024603,-0.001395477597280816,-0.001078291408274229,-0.0007134573024010951,-0.0002963101912156137,9.680892547005131e-05,0.0004390323996274813,0.0006816239663104336,0.0008318626020934423,0.0010186592398537743,0.0010327922836169444,0.0008798122488758159,0.0007514794237547093,0.0005582561808646516,0.00030981104131993663,0.00019527257367220284,0.00011844402292457805,-1.7476535324602003e-05,-0.00017699871264402554,-0.00035791378266896795,-0.0004664230308300358
2021-11-17,0.0,-0.0003214979777070914,-0.0006200251071174955,-0.0009595203801747339,-0.001266583416453685,-0.0015617754471326383,-0.0017167791952220888,-0.0017980474928100244,-0.0018860028182417744,-0.0017858011623255315,-0.0015470276887568964,-0.001439626046020645,-0.0014056828480116994,-0.0011925904029181872,-0.0010193124012950043,-0.0008143657902821157,-0.0005708203682742261,-0.0003406744163679034,-0.00015448396689975277,-9.668860968486557e-05,-6.279096390091532e-05,-1.389146652790401e-05,0.00011056919253546314,0.00013557058150257976,7.917767460404628e-05,-6.945709142291207e-06,-0.0001119707110240143,-0.0001847722909061105,-0.00028147876848124125,-0.00035234721125193454,-0.0003214979777070914,-0.00040793381811803027,-0.000574156206265882,-0.0008902773441819957,-0.001169225325529983,-0.0013951106118167847,-0.0016327346838637792,-0.0018556629237415554,-0.00199734976849417,-0.0021685698932628877,-0.0022980484776164013,-0.0023682245220498794,-0.002471826731988825,-0.002545914464152519,-0.0025205680433374542,-0.002525581570111226,-0.0024456466654898803,-0.0023103010828962245,-0.0021538131833797104,-0.0019739658804931843,-0.001774946585681095,-0.0015862627716044238,-0.0013408601055001968,-0.0010129158747758514,-0.0007584785490327595,-0.0004929873073635606,-0.00039403687672342927,-0.0004371180236837675,-0.0005424661946213053,-0.0006105731615039761,-0.0008113072037522201,-0.0009344922234972951,-0.0011052523121067965,-0.0013436421111538133,-0.0015640015427613402,-0.0017913676575904802,-0.0020624934827890365,-0.002305010166744932,-0.0025094269627193855,-0.002801642865271438,-0.0030415521522907467,-0.003448219778749103,-0.0038338566371386687,-0.004173049985060178,-0.004550035459120934
2021-11-24,0.0,8.081450747574146e-05,0.00013449685987248683,0.00039972533691582675,0.0005741268241377541,0.0008018590770600825,0.000993878680198049,0.0013324623454729887,0.0017350764914502322,0.0020047259117842277,0.002116725914181231,0.0020811038641284614,0.0020292358903393312,0.002054315246553527,0.002133824047493034,0.002198794288011157,0.002301370284805089,0.002345246803751495,0.002463475891692102,0.002597641851767337,0.002920307063496834,0.0032013083466491308,0.0034196205889552556,0.0035584958814425405,0.003648413038208931,0.0036259345069836932,0.003706741047349597,0.0036814185734678558,0.0035007283791184136,0.003402259821244581,0.0033706681428315993,0.003269909636123932,0.0031235924868953293,0.0028963884142389497,0.0028294701062331297,0.0028656350245293647,0.002826622419323869,0.002888130652476743,0.003081742983681357,0.0033100434782232795,0.0034011213997173395,0.0034975980250568192,0.0036711755928968506,0.003915840337984833,0.003940872424569808,0.0038524039489447794,0.003920107215226385,0.004004018767948138,0.004075977982747761,0.004085932407126852,0.004176086538045749,0.0042687917735692495,0.004206515277566283,0.004107831791968446,0.004125749113767158,0.004246327183378616,0.004114373073641406,0.0039010483559215148,0.0037164146321469675,0.0033843295316487152,0.0028223508737548336,0.002356642987226814,0.0019836354493751453,0.0014702019980707194,0.001028968917027893,0.00044368537097176164,-8.6533020326509e-05,-0.0005735994176753974,-0.00102202447154339,-0.0014200307854260541,-0.0017718492758865836,-0.002332440260474358,-0.002909670766984738,-0.0034580046650647066,-0.004262714626618024
2021-12-01,0.0,0.0004150855168040449,0.0010708277664189052,0.0017167607786805772,0.002660720080985673,0.0034893921208001546,0.004457403941208728,0.005498067629080165,0.006624864483480718,0.007706689909037091,0.007474448270622697,0.007097560054032495,0.006591029458392727,0.006165660543645387,0.005926639356153937,0.006024998093312746,0.0060498051491412455,0.006163034247622968,0.006168870451639221,0.006129475413512104,0.006229856745936972,0.006578195183879278,0.007126130416423111,0.0075609988245783875,0.007912369582026462,0.00832622268697514,0.00858504864630533,0.008780361118500748,0.00913101281772741,0.009360252183319278,0.00958769413134246,0.00968772894004986,0.009736288742109725,0.00970604818428547,0.009663593550399389,0.00940737356159939,0.009135958891701304,0.008949736876112757,0.008743106243929002,0.00844327039453157,0.008152081590896502,0.007974706058031704,0.0076772620206913425,0.007484648220235017,0.007384975682326498,0.007333095401018734,0.007266929564048488,0.007238654721500208,0.007069571968791886,0.007083857651840859,0.007101350047022439,0.007059367784522323,0.007071612793150681,0.006925245970224479,0.006747944314322552,0.0065536929296705305,0.006560693634991596,0.0063842025657838255,0.006209722926064619,0.005890445575817828,0.005540991466577123,0.005344461117263839,0.005293935187594286,0.0053821348600275225,0.005461274301867133,0.005575737985614381,0.005832357657839985,0.006109923225731078,0.006492434667443363,0.006879465494014926,0.007321728013615958,0.00762160889408574,0.007849155262010172,0.007989270095229591,0.008195765317230102
2021-12-08,0.0,0.0009602434981064444,0.0018090556111965627,0.002740033839012466,0.003927794398598517,0.005339627738299382,0.006711946772417351,0.00798206733921247,0.009281959370787492,0.010510577755672804,0.010861909412629742,0.010963375861599393,0.010968836936566287,0.011110239651733892,0.011172312577095679,0.011157369447199188,0.011105066734027145,0.01108523696825493,0.011116849452084935,0.011144150338460185,0.011135241710094302,0.011230071421865896,0.011420853049599191,0.011497844964049823,0.011706957262998993,0.011867783127131342,0.012035473981395243,0.01220141430068015,0.012322263535092188,0.012328291261773767,0.012326856092049936,0.01225911373801162,0.012321976499582075,0.01237794686572747,0.012326282023583771,0.012294707750413709,0.012224092586093659,0.012193663376346245,0.012164955725870324,0.012335467079497842,0.012380243018981918,0.012416693745711738,0.012323124641128407,0.01228810573091329,0.012302457891602479,0.012314226509664163,0.01238856653033265,0.012457448103132884,0.012599501364161238,0.012724893231845225,0.0128955960156189,0.01305709131905264,0.013326383379388958,0.013601049660153247,0.013803990468061085,0.013963906326294505,0.01415044251177502,0.014292541968455147,0.01430314132026205,0.014317178126774124,0.014281369557091974,0.014290536673042854,0.014215478438417476,0.014136689879793265,0.014195423757897833,0.014227511053680626,0.014163335432487451,0.01417336314478655,0.014228084031748566,0.01429798489287547,0.014455243967785756,0.014604459676266588,0.014760525221248304,0.014882210810174261,0.014894521703754925
2021-12-15,0.0,-4.591150140210488e-05,-0.0001738395707709875,-0.0004063466961400109,-0.0007342591721608942,-0.0011145989623684129,-0.0016179912325256804,-0.0021025395742558946,-0.0025465051374617153,-0.0030002250622321986,-0.0034544406863103163,-0.003688581352020818,-0.0038169763008558347,-0.003903644964724214,-0.004055550642027084,-0.004356531179731601,-0.0045702881684338,-0.004800628385432606,-0.005032182477125356,-0.005228378025508975,-0.00534913288284574,-0.005532324939616317,-0.005668506866104219,-0.005794252062650793,-0.0058354929606162925,-0.005648760789039257,-0.005250147655511802,-0.004970371439831007,-0.004722875377686552,-0.004436865964112712,-0.004150938328534917,-0.004036126301211119,-0.003931763168436649,-0.0038714694335751226,-0.003838135515687401,-0.003782774681144998,-0.0039256756552162615,-0.003965679991923523,-0.004071496278424375,-0.004217628133689211,-0.004453687783056434,-0.0045546246395970855,-0.004779158667163856,-0.004876646498670422,-0.004970081256178027,-0.005128243831092734,-0.00514652845742294,-0.0052005135906269305,-0.005129694979698559,-0.005089644051164749,-0.0049126265517973194,-0.004744634005744926,-0.004419754404136898,-0.004149778545182386,-0.0038729187595588754,-0.003526879342390561,-0.0033941757232695247,-0.003151414243630984,-0.002942304228990156,-0.0026863343231670537,-0.0025540316764724193,-0.002391934133921449,-0.0022807967176016806,-0.002103986338748002,-0.001907534876455047,-0.0017837237380386951,-0.0015908056253942841,-0.0016526973368991324,-0.0018031043762320761,-0.0020420666907559277,-0.0022923729555213313,-0.002643196526126593,-0.0030439575140499323,-0.0035147092814357675,-0.004093530667147649
2021-12-22,0.0,0.0005070261033535443,0.0009480458242614034,0.0014920592437866417,0.002282418390043195,0.002994959696126443,0.0037236086455790965,0.004486710839686328,0.005211607760329393,0.005842427126730175,0.005673359186627631,0.005824070870280817,0.005794167214823023,0.0055169977176835975,0.005139615748745092,0.004884491218589765,0.0044351241486853925,0.004065045040052968,0.0036521028567693876,0.0034719805541295425,0.003463374228390856,0.0033823524276949276,0.0034336966750063438,0.0036417177734283717,0.0039232637146701275,0.004048139117507444,0.0043221577898577964,0.0044878967093378574,0.004771279231393968,0.0048335177739652025,0.0049156074512048875,0.004953834640134701,0.004999468285533078,0.005189684815923084,0.005337803472271904,0.0053940828097427205,0.005473757087121931,0.005578597578629775,0.005591035551642997,0.005649077380273188,0.005705043096104768,0.005829400140736265,0.005893645221827816,0.00585071693855136,0.005863743646856411,0.006022419015739348,0.006206817894418308,0.006141409021607446,0.006173374073153768,0.006282876226164241,0.006292050186499294,0.006279916866167175,0.006228718551853188,0.006242924127245872,0.0061482164793252095,0.005986304820281476,0.005773737470713843,0.005741759642005732,0.005575043843639421,0.005429626022592057,0.005437326885533136,0.005420740337815158,0.005507816644259145,0.005476422659521984,0.0054936006223284895,0.0056244988538788196,0.005851901191773069,0.006144368791526647,0.006619890035528497,0.00709666374179509,0.007453799317269489,0.007771802778384564,0.008121607981226952,0.008573750772135695,0.009057562212009223
2021-12-29,0.0,0.00039092332843044283,0.0005986570586359615,0.0009559973600403789,0.0010293639422910086,0.0011876782260492914,0.0014448130297341616,0.0016705849045895223,0.0018612485304882115,0.0020631732474404325,0.002169768418200725,0.0022077112395320225,0.0020643319516845315,0.0019739489885797585,0.0020034981637687866,0.0019194835150412018,0.0017297003120813326,0.001575819092719879,0.0013903187281434659,0.0012192800912580375,0.0009525173884370792,0.0007570395387319914,0.0007260031900892289,0.0005832815993482875,0.00046665249369759975,0.00036771017539256873,0.0002536677349406607,9.28835255771036e-05,-2.206110519847032e-05,-0.0001524057246539582,-0.00016663144414540279,-0.00014863158814383637,-6.50236015582651e-05,-7.750629452234923e-05,-0.00015908307798933027,-0.00028683233656409224,-0.00043376416220375244,-0.0005342477613900064,-0.0006184758977036273,-0.0006373555912141537,-0.0006942872865565901,-0.000732340379921758,-0.0007404740533589349,-0.0006858635150801303,-0.0005769418266165835,-0.000494459695277822,-0.00040849964341658726,-0.0002697013748618973,-9.753698793191666e-05,4.9635707299492306e-05,0.00018256599310669975,0.00030648289928914647,0.00041326547932171476,0.00045475672097629755,0.00047912839598486013,0.0005554311089022264,0.0006717597819192722,0.0006192540015571318,0.0006352090882786357,0.0006668284170897496,0.0007341249444694908,0.0008179491984135958,0.0008225897822920567,0.0008281004476775178,0.0008159189361952312,0.000868704414284418,0.0009182970226178826,0.0010946063810416144,0.001143317959793613,0.0011412883580521453,0.0010534316485194524,0.00086145382687796,0.0006703093830230763,0.0003694511805618359,8.736880715650203e-05
2022-01-05,0.0,0.0003067256360445422,0.0005709623004049483,0.0005296886981107589,0.00030784900025074535,0.0003303160193697557,0.0004243911798759809,0.0004403971172365166,0.0005720853678165211,0.0007520406265400199,0.0008581457110940494,0.0009844466105244677,0.0011295326219477922,0.0014171167475467694,0.0018134264447776673,0.001968766163801782,0.0020012891149147334,0.0020214752422237268,0.0018277276801102601,0.0016297355329647073,0.0014235689061234203,0.0012271802129919828,0.0009420674203283856,0.0007495141777796394,0.0006664185279013181,0.0007464262872931521,0.0009078259681282625,0.000971817238393501,0.0011418793956797714,0.0013394070459843382,0.0015231512913440198,0.0016922783646582387,0.0019578314857459167,0.0021975258555474286,0.002438283759224386,0.0025767143267081726,0.0026994363346165176,0.002904219664904635,0.003085436143328045,0.003334100205343863,0.0035992177509732806,0.003890010333529393,0.004175403014808674,0.004565867300259292,0.004894399270003853,0.005135347298233004,0.005400546623347234,0.005700313223909994,0.005878230952931501,0.005988261554954746,0.006115591504722466,0.006258259972064355,0.006440823584405339,0.006524278110598802,0.006545768616750028,0.006668004529422479,0.006734976775590716,0.006739720472926036,0.006857189563832133,0.006899876812641405,0.0069799453647559385,0.0070574969442666335,0.0070192798311686485,0.007045501949247872,0.007095154714638066,0.007084833837162762,0.007031275140723823,0.006904619727807206,0.006731070184417943,0.006916058430658448,0.006929449916519486,0.006948420881179435,0.006968507392669187,0.006863048705872578,0.0067726466930825855
2022-01-12,0.0,0.0006852069462920369,0.0012759454778800933,0.001831518553344859,0.002397553880608036,0.002993630203202624,0.0035714215113495183,0.00419822612864059,0.004785516072588989,0.005291229460119177,0.005251299522009454,0.005236428654836514,0.005257082577299391,0.0053680556835079395,0.005557755376248385,0.005615016137088793,0.005726224785272422,0.005890537699632646,0.0059722712546184525,0.006168184429388173,0.006391566662901209,0.006607473734036676,0.006825258860173242,0.007037498722805186,0.007117764236770055,0.007177959144601585,0.007235951724590738,0.007325819837012887,0.007481077514919861,0.007606639987566483,0.007642080370733009,0.007669827390986368,0.007679991948301457,0.007644827634801495,0.007607738933045954,0.0076137831115952875,0.007625047165047557,0.007544547606171871,0.0073882005973775625,0.0073079567880618935,0.007269756274109239,0.007192251467123406,0.007171912331272086,0.007170812906738293,0.0071348060852283205,0.00711116731423458,0.007109518076800509,0.007078731812090283,0.006989116396859231,0.0068972935006182,0.006781265687906619,0.006797488395435518,0.006806561998440915,0.006828008369179761,0.0068494542799814335,0.0068282833196645805,0.006724621628436984,0.006628099358736013,0.006650649554923648,0.0066126989325286855,0.00665312454548765,0.006601698482885065,0.006519741323881512,0.00645538099402624,0.006497738258303471,0.006578597144739125,0.006657524513587984,0.006848354500871988,0.007051518163921512,0.007353850439837496,0.007563230675108293,0.007762128769336779,0.007928579361911632,0.008054085661215522,0.008065619366684967
2022-01-19,0.0,-0.0005370501230502554,-0.0009429267807747325,-0.0015597881088906845,-0.00241512816145316,-0.0032869785329014537,-0.0037044962301712205,-0.004201425472577767,-0.004644826085361247,-0.005042668316362716,-0.00511088573695537,-0.005339697650817048,-0.005482280881939207,-0.005577717592352633,-0.005444275193010133,-0.005200185491052135,-0.005253991056058329,-0.005253436344742417,-0.005476177681254411,-0.005746141215620607,-0.006109166989441441,-0.006474546152123492,-0.006855337761644926,-0.007000637839203994,-0.007319927656890897,-0.007598173619498482,-0.007801417147788346,-0.007989961756388442,-0.008134870488477802,-0.008216373492937848,-0.0081437715173812,-0.008057267999262551,-0.008065612063990157,-0.00801527059725452,-0.007886508100613811,-0.007878999784110358,-0.007921547656382413,-0.008011933131025422,-0.008184383467147033,-0.008460644123753058,-0.008895359703602385,-0.009387356140079215,-0.009914146917014949,-0.010373190906756992,-0.010786427073199554,-0.011127294167623402,-0.011394322789404528,-0.011639371029967555,-0.011739305430653706,-0.01178760133211363,-0.011748517763622656,-0.0117714093826949,-0.011689336981950077,-0.01166114359597694,-0.01168654552214218,-0.011667563802096364,-0.011804351900516824,-0.01187973293072076,-0.011959587182792693,-0.011921892947535255,-0.01189927708837225,-0.011893413800969463,-0.011816077465347134,-0.011715018777801295,-0.011432276217761784,-0.01114459166760501,-0.010821568390104563,-0.010743478251733607,-0.010657028425346387,-0.01055580796584469,-0.010436754587829193,-0.010164685792887504,-0.010095565350489237,-0.010016417163303653,-0.010015302444839858
2022-02-02,0.0,0.000755568732100431,0.0016164313115953944,0.0024459285516614565,0.003301654591291728,0.004192033797570404,0.005166463858597091,0.006041622635908325,0.00680450011329898,0.007599521408657455,0.007751285354518219,0.007795851060312122,0.007845491533554134,0.008077584458624353,0.008237733826446941,0.008231531335413758,0.007959429664144538,0.007694306052939132,0.007552407841112131,0.0073667531368843435,0.0072925380426007245,0.007344743151122248,0.0073486936970594795,0.007261213669258516,0.007199690872785379,0.007212673062350349,0.007459584797456992,0.007700229794916174,0.007851132340505423,0.008010471992204601,0.00816753065873263,0.008329357053196457,0.008502149708500979,0.00869942944701803,0.008902023411227982,0.008991895490076035,0.009133307924464821,0.009185417026288863,0.009263434767337328,0.00931553708898648,0.009340601563123127,0.009334687530348391,0.009310467793120121,0.009248507655999265,0.009139786501149706,0.009151616837229962,0.00907499884548534,0.009083449647311323,0.0091141536261693,0.009090491927612973,0.00902401082582769,0.008947946517080446,0.008858633999421052,0.008871594670265541,0.008934705101708197,0.008897797252573758,0.008951609005270682,0.009053308127238415,0.0089600608498999,0.00912006896332874,0.00922991886622213,0.009331308067345064,0.00949914092873739,0.009640481655570849,0.00980854412791205,0.00998586586092845,0.010117288824255005,0.010156121426198936,0.01034604177698855,0.0103094673285694,0.010375581701112446,0.010453506647051134,0.010518205056842974,0.010576711318858168,0.010633245368191945
2022-02-09,0.0,0.0012657540568716656,0.0025518691089600706,0.003495740599947654,0.004232484758113515,0.004873555804133948,0.005764835200539777,0.0067934435853613286,0.007723835528644978,0.008631822340166797,0.008833995762574457,0.008939948177979577,0.008940235296644667,0.008908651749258372,0.008848065970904203,0.008750719047787129,0.008508602865014927,0.008288838144526347,0.00825694670184531,0.008312109636504552,0.008208101980068171,0.008080232440156928,0.007944586652483446,0.007845427137076467,0.00784945119288204,0.008010687533948159,0.008041724701245988,0.008019021682734988,0.007944586652483446,0.007838528718021723,0.007816970851749502,0.00791642060153994,0.008033390741668135,0.008091439637821512,0.00824430476739953,0.008288263532935153,0.008432193419506425,0.008634119995036675,0.008807577693762648,0.00897382761141539,0.009071152819079902,0.009121103672044075,0.009177080111431797,0.009297921124846457,0.00932260419140291,0.009382874235659687,0.009164162749679364,0.008929898972763937,0.008794942718485386,0.008772831127603,0.008717406419972026,0.008711088382607129,0.00870620623548473,0.008635268820491912,0.008603962854792868,0.008685528642241038,0.008949997282209705,0.009260034302538847,0.009441992749930926,0.009601537897385213,0.009841094761368746,0.010002297136383648,0.010178958861187836,0.010392861317322623,0.010568307458387457,0.010707610410717437,0.010842595375574682,0.010898475537573104,0.011046041466501294,0.011131419185604202,0.01122996695256007,0.01131762046800906,0.011425028515724751,0.011530420398928888,0.011657563213698551
2022-02-16,0.0,8.933641630332728e-06,0.00032357746137456005,0.0007821116634727158,0.0010210882230250685,0.0011126327871554414,0.001212804028248716,0.0009525682543216796,0.000829047711388368,0.0008607211000144484,0.0004298770364346124,0.0004581064610028794,0.0003160870922605418,0.00016079333969842225,-7.492793229783616e-06,-2.4495878425584776e-05,-8.645872004982583e-05,5.792316076499268e-05,5.994032481386564e-05,-0.00022999670093576936,-0.0005130978422944925,-0.0009006900516984095,-0.0013885660825865439,-0.0018301966706903417,-0.002032892467727768,-0.002181331118652492,-0.00234596784375858,-0.002511209494159132,-0.002797269199948599,-0.002801026083896416,-0.0025964409488934857,-0.0022336075628552393,-0.0020334700073281298,-0.0018983348329669185,-0.0018362596240674885,-0.001818070874213033,-0.001579915391621455,-0.0012056207429116314,-0.0006665017955729219,-0.00013574353542249772,0.000454937891826426,0.0009059259261123519,0.0014887987224989345,0.0019105579364649705,0.002306550451428423,0.002804697358149556,0.0030796785141910276,0.0032681276729757567,0.0033476908167844,0.003407430821409088,0.0034418945853492908,0.0035751432982892707,0.003664157330118061,0.004077250998449595,0.004536936423325761,0.00485216649871298,0.005156115951391814,0.005500671419487637,0.005925039555036002,0.006210620157088604,0.006212052151187818,0.00621291134666288,0.0062767761434777405,0.0062836492417416845,0.00590068838829173,0.0052991696141035565,0.00450767436089909,0.0035599239771023747,0.002836308234017596,0.00222747950908141,0.0017483196460318451,0.0011632953586084942,0.00038378646730600086,-0.000557213485838483,-0.0012194703231976191
